dataset,row_id,sequence_sha256,log-likelihood,d4_par1_if10_policy
2fjg,2fjg:0000000:9d52b3ead778,9d52b3ead778ff703e8d7dafd3d05fba7810a96359c6f0081a75191158d49ab0,0.9927992821,d4_component_default_guard
2fjg,2fjg:0000001:28596253e320,28596253e320cde7a5692a33db50490390959c7512b296f19e1284b2ff6190f1,0.9779477715,d4_component_default_guard
2fjg,2fjg:0000002:f77658836086,f77658836086271d5bf7b3d256179ddb0eb832e146c01da8cbd1473c8fef1d93,0.9500449896,d4_component_default_guard
2fjg,2fjg:0000003:cfa572c46fc0,cfa572c46fc0efe684d7cb9948f51b7ec9318e66abc5ec0ca064af2a3f63938b,0.9653465152,d4_component_default_guard
2fjg,2fjg:0000004:3f81cd5cfdab,3f81cd5cfdab347d549ee01d626b445ced497cc46908fcef28bdd2c2ad464ec1,0.9738973975,d4_component_default_guard
2fjg,2fjg:0000005:ff2594e7eb00,ff2594e7eb00d138ff85111f508e6b9ab2272f24a3fd1c4d10aee455e32a0775,0.9855985641,d4_component_default_guard
2fjg,2fjg:0000006:c38df7809318,c38df780931887028b9a7b619f28c7806c9effd0f4cd7e6165b71681c78ff3cd,0.9684968591,d4_component_default_guard
2fjg,2fjg:0000007:29bab5f49964,29bab5f49964bd508ea84f8b5a87a4bf36836c684a3d46d9119a6591d50ad1b3,0.9864986539,d4_component_default_guard
2fjg,2fjg:0000008:ec82b957f1fe,ec82b957f1fe2be702a03979f768db810e29e1b4d227e0dc51b7b7a46b4a59a4,0.962646246,d4_component_default_guard
2fjg,2fjg:0000009:d402eb44085b,d402eb44085b28061c90d018e2af6dd1da6695563bb6ca90061c2ac9cdf15f20,0.9846984744,d4_component_default_guard
2fjg,2fjg:0000010:b59648cd6eae,b59648cd6eaeade42f42698946f8574cc4ec2f2d6b43a8cc292521e5a37f61eb,0.9261926413,d4_component_default_guard
2fjg,2fjg:0000011:22ad6d463466,22ad6d4634666e7c51f88ca20d3f38163fc0973c13f2fe118d5289ea0b61c56a,0.841584146,d4_component_default_guard
2fjg,2fjg:0000012:aae03a0c2f90,aae03a0c2f9006b0293fbae351af5fce89af9a4994ac1933635a4ef8636f26f1,0.9770476818,d4_component_default_guard
2fjg,2fjg:0000013:d7b2706c266e,d7b2706c266ed8e05355a5107a7cd04088425b3e8c398c9e38222491ab8f01af,0.9243924618,d4_component_default_guard
2fjg,2fjg:0000014:8abe58bb700b,8abe58bb700b8ce2b590cd80a0d383c80adc11de327da951c37d4e73c9ba5130,0.9644464254,d4_component_default_guard
2fjg,2fjg:0000015:73a05c27ce6f,73a05c27ce6f514be3eb84d03f1349679159db19644432232ac696ea025d35ad,0.9585958719,d4_component_default_guard
2fjg,2fjg:0000016:b7a60b52cb4d,b7a60b52cb4d3693f5e379efd2094e8b47078cd424a98dc87d3dadd261600fb9,0.9558956027,d4_component_default_guard
2fjg,2fjg:0000017:fe92d9d14120,fe92d9d14120c8d41e9d78ae7a5d37b5d2df4e0301f51c671c7d31a53e810a0d,0.9909991026,d4_component_default_guard
2fjg,2fjg:0000018:f8dff74ee6f5,f8dff74ee6f5d2fee03b386ff30788b6cfccc03a7ab0664ee1f7a0bd3dc2baac,0.9540954232,d4_component_default_guard
2fjg,2fjg:0000019:4db11b30a95c,4db11b30a95c889dac0fea277de4daef76c6c6d13af74fb543a4399165a1e128,0.9959495664,d4_component_default_guard
2fjg,2fjg:0000020:7b5148f98897,7b5148f988970ae989cfcaf5d8ebbace8c2b6b8047a10449ede7782e2a198f42,0.9828982949,d4_component_default_guard
2fjg,2fjg:0000021:1f881f642ac5,1f881f642ac55ebf64a369b40261ad87eeceec14749088ec78c73cc169f9c409,0.9576957822,d4_component_default_guard
2fjg,2fjg:0000022:b993edc20b3a,b993edc20b3aa8edb5eaf8b4ef8f00e96eff1e0e642edc24b1e1d95c882592ad,0.9662466049,d4_component_default_guard
2fjg,2fjg:0000023:755af0b70eff,755af0b70eff098eedc23c480eb07d4f0d0ca57f5562f6317deca4aaf6e0df16,0.975697577,d4_component_default_guard
2fjg,2fjg:0000024:0f05c48331d6,0f05c48331d6e2c6e7ed271a611d7dc164bfba6b535e7d90877c09c3171b07d2,0.9936993718,d4_component_default_guard
2fjg,2fjg:0000025:cf573a39684c,cf573a39684c80b297e188638e940aeb9730f98c736388ba7bf20ae6a4001c58,0.9783978462,d4_component_default_guard
2fjg,2fjg:0000026:6381dca37c77,6381dca37c772dc37a1a480883a84cd5bf16e4c5120a77d49ec85b5f4a53ca9e,0.9914491177,d4_component_default_guard
2fjg,2fjg:0000027:9e964a6c07f4,9e964a6c07f493f530ebf4de20e63acc07764b32da0144dbb91beb66907369cc,0.9806480408,d4_component_default_guard
2fjg,2fjg:0000028:62167c76bf6b,62167c76bf6b8da3e715811e5504985082b5046924a5e6d03f45d4f75b57d45b,0.9810981154,d4_component_default_guard
2fjg,2fjg:0000029:c9090372db36,c9090372db361e92142450bf59f40cd2c50b305db10190a1cae4ce00753ddf5c,0.9680467844,d4_component_default_guard
2fjg,2fjg:0000030:fc9ff3e6c17e,fc9ff3e6c17ef005cf049261fd9bb2248b78a7cfd911f57c91ce847c4ee9897d,0.9527452588,d4_component_default_guard
2fjg,2fjg:0000031:04fc75d3ab92,04fc75d3ab922d37be592bbc85717fdc447a9be689e445023855d78f98d96e28,0.986948669,d4_component_default_guard
2fjg,2fjg:0000032:ccf78f8d62b9,ccf78f8d62b90efb269c2348a999d18de4381daf46308630b6e620e988885149,0.9752475023,d4_component_default_guard
2fjg,2fjg:0000033:ca9b7ffd378c,ca9b7ffd378c64498a27308b4b7a2c06b98474865423005623d597f4d6281ee8,0.9423942566,d4_component_default_guard
2fjg,2fjg:0000034:069af6cddc39,069af6cddc395d725e1d426b1cb3efc02f2915120c1a81ae5fe17bca70f810c7,0.9734473228,d4_component_default_guard
2fjg,2fjg:0000035:53dc5668fb34,53dc5668fb34012dfc7489e5375c6c1e8565f9606566700805e897efc6aaa639,0.9414941669,d4_component_default_guard
2fjg,2fjg:0000036:20f1a40e8e92,20f1a40e8e92aefe734ebb7cc3e7add9d1fe609b7a11226f4719e62e8eb788b5,0.9923492074,d4_component_default_guard
2fjg,2fjg:0000037:c50ad71e3780,c50ad71e37801cf4ff280575c067995f6d327d1c9a5dcb7f23c428ee4166dd6d,0.9639964104,d4_component_default_guard
2fjg,2fjg:0000038:a1672dbac7f3,a1672dbac7f3ab281b56e97caccb5659c06ef2e91fc3d3278d70df18140491b4,0.9873987436,d4_component_default_guard
2fjg,2fjg:0000039:edd0ec5e9880,edd0ec5e98806c4e0334e9bc7599dd51f28c2bc4c6c784e479429b12ebe1ec80,0.9702970386,d4_component_default_guard
2fjg,2fjg:0000040:a9b7bc9a7a0e,a9b7bc9a7a0e527a702334f1b3a7b893e7065137680aaac03bc003f7e20b8593,0.9531953335,d4_component_default_guard
2fjg,2fjg:0000041:626b86618b50,626b86618b50e57e66ceee5f4b5c3a0c9bdc33bca55a13a20ee8809e265693f6,0.9621962309,d4_component_default_guard
2fjg,2fjg:0000042:fc6049dd998e,fc6049dd998e28df2bd9a4520ba99bf60d3035c5ddadc6a10f78ffaaa880e222,0.951395154,d4_component_default_guard
2fjg,2fjg:0000043:faa9be40ce8c,faa9be40ce8c338decb1eec67db7d349cc053bdacf2e21dc8fe3fb11e0800513,0.9630963206,d4_component_default_guard
2fjg,2fjg:0000044:cbe2e541e80f,cbe2e541e80fbde57d30f5004e9448d34cfd1525432ed87af0179918833ab10f,0.954995513,d4_component_default_guard
2fjg,2fjg:0000045:a9bc2116b3dd,a9bc2116b3dd5c39c65fee10d5174618822dab3d23fc583a49da9398aa95ce6f,0.9842483997,d4_component_default_guard
2fjg,2fjg:0000046:ef6f8c16077b,ef6f8c16077b1911a1d89d08c566170aa19b0f3fd77c8b397e60094f39c653cd,0.9689468741,d4_component_default_guard
2fjg,2fjg:0000047:228b812d5823,228b812d582321bb09d9b08d1022a2ff23e165761204130d2e2f3164e46e7059,0.9563456178,d4_component_default_guard
2fjg,2fjg:0000048:5ecde80809d2,5ecde80809d2dfac4b00d42296ebff7e3fdf6d2695409a96a6bed52247bebe17,0.8955895305,d4_component_default_guard
2fjg,2fjg:0000049:6d4d4e8e9be6,6d4d4e8e9be6d5b1f486812588a924b4b9b3670ba880ec91e41cef21a57ee9de,0.9711971283,d4_component_default_guard
2fjg,2fjg:0000050:3c4d08404683,3c4d084046832dae2b142c0f35c12c46ecaa854be295bc649f159879b192f0e5,0.9176417589,d4_component_default_guard
2fjg,2fjg:0000051:8e118fac5cf9,8e118fac5cf9c16fe4217a7eaba7de927ffbd6abfb889353e7eaf6f1387fceeb,0.972097218,d4_component_default_guard
2fjg,2fjg:0000052:3649b2939543,3649b2939543e47afcc66e1dbeb49831764fd5262ecd0d75f3eb015b69bb07e0,0.9324932694,d4_component_default_guard
2fjg,2fjg:0000053:87029e5271aa,87029e5271aa4a095b8be59d7f29a5ec7b4105ee6fa71c8c1b4cb8918761d444,0.9495949745,d4_component_default_guard
2fjg,2fjg:0000054:999c86abee7c,999c86abee7c6da35028acbaef4893a9e307d1fd96bbe0c743696fc2cf8ecd15,0.9320431948,d4_component_default_guard
2fjg,2fjg:0000055:6c7573a3a62b,6c7573a3a62ba3cfe2f188eda4a430e337869455ade72e982caa9fa1f5448005,0.9896489382,d4_component_default_guard
2fjg,2fjg:0000056:4900fac47e65,4900fac47e6507477306a39700c7d11db8b7cd79d71a56874c246c7031e79797,0.8892889023,d4_component_default_guard
2fjg,2fjg:0000057:3adc147c92b2,3adc147c92b26f95357e04c11ca7e850df2d270736023ba74e5f2021548b914c,0.9945994616,d4_component_default_guard
2fjg,2fjg:0000058:169abe5f66cc,169abe5f66cc39d0be73f5cbc18c2e48a09d65d91d85b9ffd0eee1fb9a221d4b,0.9801980257,d4_component_default_guard
2fjg,2fjg:0000059:c660a9bcbd3e,c660a9bcbd3eb2a02dc3db064051fc5e7f624b9913a66a5da72fa94bbc77c5d8,0.955445528,d4_component_default_guard
2fjg,2fjg:0000060:37effb6b16a2,37effb6b16a2314a5b52ead2a47b84374b55ed81648a8f2a8c145fc468135bc7,0.9698469639,d4_component_default_guard
2fjg,2fjg:0000061:7fc427edda6c,7fc427edda6cb0afd69792f6603bb38dd8570296da1f9588a3472f2eae1511a2,0.9747974873,d4_component_default_guard
2fjg,2fjg:0000062:1c9b1c64867c,1c9b1c64867cc6b06d58dcefb95f1898058a8ded3919302463642bc6e5acae1c,0.9860485792,d4_component_default_guard
2fjg,2fjg:0000063:a9ccfc6e3249,a9ccfc6e32495379fcea81fe97d994bdad2970b09850176fe4a9d32300013812,0.9765976667,d4_component_default_guard
2fjg,2fjg:0000064:7f1c6589eb05,7f1c6589eb0590422f2d1f3f2d4b80da5b1edab61dab9a9583c586d4c2c5e23e,0.9878487587,d4_component_default_guard
2fjg,2fjg:0000065:57fbe4da0496,57fbe4da0496b1243bf75f9cb75299c582ca559f4379cca493e6f7406297b79e,0.9707470536,d4_component_default_guard
2fjg,2fjg:0000066:24258fec5af1,24258fec5af1691297a6cb9dd92db43b40bc6a7b60b90fced386e95f5a16a748,0.9851484895,d4_component_default_guard
2fjg,2fjg:0000067:de08b7871f0f,de08b7871f0f203996d256aab49e8c110a832557f51a20efc7b41eec63a4dfbc,0.9302430153,d4_component_default_guard
2fjg,2fjg:0000068:1e1672480f87,1e1672480f87c4156a141dfd795321cf70e5735683af62d355d8e4e16ca800e7,0.8721871972,d4_component_default_guard
2fjg,2fjg:0000069:8b647f05a8e0,8b647f05a8e0546a3aa39e49d7f1915bd9aebd0f845ca98071977fd1d16b9f78,0.979297936,d4_component_default_guard
2fjg,2fjg:0000070:dc923b0a27aa,dc923b0a27aa6f25501ec4f456b3c7dc8c47b92044474a134f5ad62143a22f84,0.9365436435,d4_component_default_guard
2fjg,2fjg:0000071:d9319d3f53d0,d9319d3f53d0f40a04e8300eb720749ee3e50ff54d7460edf293c91887e4963e,0.9671466947,d4_component_default_guard
2fjg,2fjg:0000072:233687078b01,233687078b0103b46a3e825db4e9eeb2ea36c750322ff174ef16473f67bb7525,0.9603960514,d4_component_default_guard
2fjg,2fjg:0000073:e86f15a0c9a9,e86f15a0c9a9fb1af7d9a7312ca7e25a5ea511584b209e0b62dcbfd8bdb5d541,0.9581457973,d4_component_default_guard
2fjg,2fjg:0000074:e2d5a53a28e4,e2d5a53a28e416bf59b3f8b6ec253ed1447e381252d143a2832b3cf092c80ea3,0.9918991923,d4_component_default_guard
2fjg,2fjg:0000075:076c6fff0489,076c6fff0489659dfb4f6315991c64a675a326a39500c81561ae108dcf368801,0.9572457075,d4_component_default_guard
2fjg,2fjg:0000076:259e219b97b9,259e219b97b99a6c7bb253c250cdbb0bdaeab26b8424b8a10e5658aa99d37b00,0.9941493869,d4_component_default_guard
2fjg,2fjg:0000077:802f3197d861,802f3197d8615e1d15ff7ff75ae344fcb296842e1cd7a0c0f1752276b1c8e68e,0.9608460665,d4_component_default_guard
2fjg,2fjg:0000078:e730411c8c84,e730411c8c8417279a9d909a0488a319785f672be94eca3a991a6f759c462561,0.9459946156,d4_component_default_guard
2fjg,2fjg:0000079:078fab6a3504,078fab6a3504aa05f7d3b2ee74f4884aad812951cad51b29ca349be9fdf441c6,0.9743474126,d4_component_default_guard
2fjg,2fjg:0000080:3aa1dfa3ed2b,3aa1dfa3ed2be4dad6fa8268d1633985392200490433f0ac17ed9301cc6d7c14,0.9882988334,d4_component_default_guard
2fjg,2fjg:0000081:a55c87b22f56,a55c87b22f56b87d61eff5f2c89e8651e71848c5e6c7720c813af21ab1407e25,0.9666966796,d4_component_default_guard
2fjg,2fjg:0000082:7afe8cdadfa8,7afe8cdadfa8f64444d6ef1086f0d85a8b117bc3eea0341111a8a22aabd060e0,0.9887488484,d4_component_default_guard
2fjg,2fjg:0000083:27d6b963954a,27d6b963954abef5d397236f549d8a18340fea3cd1b157113ca97c5c6e8a6ed4,0.9815481305,d4_component_default_guard
2fjg,2fjg:0000084:e4e5cda83d08,e4e5cda83d0848583c3f3d8675d49f8547f37dce127aafb28d76bf8e4cc839de,0.9837983847,d4_component_default_guard
2fjg,2fjg:0000085:2e2e1bd86720,2e2e1bd86720a9a94e8190600c81ffb569c4204b12c0f1ed7984eb4d20cabcd9,0.9761475921,d4_component_default_guard
2fjg,2fjg:0000086:be909231708f,be909231708f6e77eeca1d4b3b2f41bbf3b1a8fc6955e4b4b41bed5b0fbfbd23,0.772277236,d4_component_default_guard
2fjg,2fjg:0000087:bb034a36c8d2,bb034a36c8d2454831c9ba1835cfcc3b66dea247fa60d899f59cc2cbcf86c420,0.9648965001,d4_component_default_guard
2fjg,2fjg:0000088:eafa0bcf42dc,eafa0bcf42dcc0115ec107f1a2154071a4987c2f8c2553501ee9bcaaf7da478e,0.9392439127,d4_component_default_guard
2fjg,2fjg:0000089:43e29d29c645,43e29d29c6454013128628f114ebf6f8d51dea463788c036061d59a6fb5afacd,0.9486948848,d4_component_default_guard
2fjg,2fjg:0000090:bd0df64d21c3,bd0df64d21c38d92f87b39d7257f4f274a7e4690a5fd41885a368d3a847735a3,0.8874887228,d4_component_default_guard
2fjg,2fjg:0000091:49be842873c1,49be842873c1a847a6ad85de0718f4c8b8fe2a6abe349054d306fe2a1645f3a2,0.9635463357,d4_component_default_guard
2fjg,2fjg:0000092:ef0912483c57,ef0912483c57d30d6eeb994b3e009a0298aa2cd507661b616370466e6cfe6927,0.9396939874,d4_component_default_guard
2fjg,2fjg:0000093:54496df52268,54496df52268039e92dfc3bfb01609fe5829be5f89f0281e6be8826c9c892dac,0.9149414897,d4_component_default_guard
2fjg,2fjg:0000094:2e06629d7c97,2e06629d7c972d5b5d4a70824d09069745b4a1d7eb1b46782629efacc8221879,0.6134113669,d4_component_default_guard
2fjg,2fjg:0000095:5fddc92c1d67,5fddc92c1d672578267231851d0f155321b1407d80c39aebaf09cf892aa510e7,0.938343823,d4_component_default_guard
2fjg,2fjg:0000096:8ce3229fa7ce,8ce3229fa7ce7be1e2deb59a4d35c6061aec396e7956fd8c4d347a63c9f4036b,0.7668766975,d4_component_default_guard
2fjg,2fjg:0000097:7fb027595d0b,7fb027595d0bc741018279ead34e46c55a7ed655e597bc93913a40384f5a2f27,0.4504950643,d4_component_default_guard
2fjg,2fjg:0000098:aa523b1e2538,aa523b1e2538d21f74b22235d57393e9be7281698a208dd3fb2705f514698930,0.4041404128,d4_component_default_guard
2fjg,2fjg:0000099:5fc4d20eb423,5fc4d20eb423703b705bfcd92b1c719395a6b7775256453c9d8370977776a46b,0.8271827102,d4_component_default_guard
2fjg,2fjg:0000100:dc00ab442503,dc00ab442503952a4c6a753a8d56703cd8f581c7747a646d4ceedc1abc6a729f,0.9131413102,d4_component_default_guard
2fjg,2fjg:0000101:26863a6d18c1,26863a6d18c148d065065c54d48c1ddbf6e7a91a9b658c76211ad7f34d41e328,0.7808280587,d4_component_default_guard
2fjg,2fjg:0000102:e5c9a22c7b9e,e5c9a22c7b9e9a94d132cf78297ab501f752d7654d9d9561aa90ec9e56e4becd,0.8199819922,d4_component_default_guard
2fjg,2fjg:0000103:107628531f4e,107628531f4efc532d03be3b33c7a3f345ca99376f14454808505c456629940f,0.7133213282,d4_component_default_guard
2fjg,2fjg:0000104:6367d8ff2f7c,6367d8ff2f7ce64f99b63a1603b167317ce39e091408c291d2ae2305eae25010,0.7983798385,d4_component_default_guard
2fjg,2fjg:0000105:2918ca16bc07,2918ca16bc072cb45cd702deff0239252fcae51b4081d18616d42c3c5174190b,0.7466246486,d4_component_default_guard
2fjg,2fjg:0000106:c10b6705a1f5,c10b6705a1f5a7fdc9c047ba37b3676a9f94b3913674d7340110f3f84dcf325a,0.1822682321,d4_component_default_guard
2fjg,2fjg:0000107:80c222fdcb51,80c222fdcb516b853ce75392f9679d7c46e6b9e1dd75aeb1203fd1a00eaeef96,0.8105310798,d4_component_default_guard
2fjg,2fjg:0000108:7748fc868b3c,7748fc868b3c94c5acf030003077ee4a37e7f820923ae0c71d1c19bf5f515cd5,0.3955895603,d4_component_default_guard
2fjg,2fjg:0000109:26d56a7ad08d,26d56a7ad08dd0e571b0975e0dcc0d2aa428a8b4045b1691f6275cb95ffeb1fe,0.6962196231,d4_component_default_guard
2fjg,2fjg:0000110:7d24b2b01074,7d24b2b01074ceaeebdfc4e99de8b7134b42f520f24ee9be0edf56fd18250be0,0.6215121746,d4_component_default_guard
2fjg,2fjg:0000111:0e129a515c3e,0e129a515c3e4530e55bfd957d3a48e8b2e4fcab10194afeed1a400075c8f104,0.6512151361,d4_component_default_guard
2fjg,2fjg:0000112:6691dc6624c0,6691dc6624c02ee6fba83ae0baed7066f18e008fc146ccab944e4e62b03f7cef,0.9450945258,d4_component_default_guard
2fjg,2fjg:0000113:208145e902d2,208145e902d2d0dfe4729544432753df0c5626988cba713db965a487a4485a63,0.6948694587,d4_component_default_guard
2fjg,2fjg:0000114:fefe2fc83815,fefe2fc83815c2d7230ab135ab488c4b181b5f68cb4554a1721260620322c9c5,0.7592259049,d4_component_default_guard
2fjg,2fjg:0000115:1b53cd1240ff,1b53cd1240ff7369111c87838071e7aed4b86990f2d590d6a8597831db73a5f2,0.3078307807,d4_component_default_guard
2fjg,2fjg:0000116:7bdb21b5ddd4,7bdb21b5ddd44f16d1ca34079d511c92d96258e6d90fba564bcf6d06a00a4b39,0.3379837871,d4_component_default_guard
2fjg,2fjg:0000117:f51b7cc59b68,f51b7cc59b68ed2ec3d9a35589dca4d6588ab22ddc0a65f4bb7c83ea0487bad8,0.1728172749,d4_component_default_guard
2fjg,2fjg:0000118:e668a500668c,e668a500668c640152593b84f296700c1156e5721b8c60968f2379f22a00ba48,0.2403240353,d4_component_default_guard
2fjg,2fjg:0000119:9b4d12080073,9b4d1208007379830bbbf189436202049a6fd1d158b50e32d0c54571023242a2,0.3460845947,d4_component_default_guard
2fjg,2fjg:0000120:957c29461a27,957c29461a27cb348078800819f155a5a665d1d5f1ab4b96f555fbf72ac1b6f1,0.5675067306,d4_component_default_guard
2fjg,2fjg:0000121:22871c41a647,22871c41a647d40473e1d391e8abd4a0514c79df122a9d8f86c387dfb230e084,0.4086408615,d4_component_default_guard
2fjg,2fjg:0000122:152805b28435,152805b284350cdf2f8dd6c3b26f58238fcdec1b25694ad76c23f4ba246c57be,0.2380738109,d4_component_default_guard
2fjg,2fjg:0000123:de9e5ac7bf03,de9e5ac7bf03f6fc99f6879a1f6bc7ad7ccb5a2b522995481d82f4c28591f8ee,0.2061206102,d4_component_default_guard
2fjg,2fjg:0000124:7fc933e34510,7fc933e345108348762a8ff2ecfc708a02753afaa9d163ab5fcafa4cea0dc60d,0.02250225097,d4_component_default_guard
2fjg,2fjg:0000125:c83ecc5d1625,c83ecc5d16253dd766001d4bc1bcc5944207eae7216ce6ac47231fc1b08ee263,0.3811881244,d4_component_default_guard
2fjg,2fjg:0000126:fadc80c65a47,fadc80c65a4778211c38b29c867256fb003b8576c40ad9da914188b8a8e21c51,0.1669666916,d4_component_default_guard
2fjg,2fjg:0000127:0cb464f47429,0cb464f47429dd48352ff3a7de78de3c6858f56925e0c6473517085712629fa6,0.2587758899,d4_component_default_guard
2fjg,2fjg:0000128:090b0319412e,090b0319412e7b217dd0357f03743cff16ab7e450c01003cecd651c1dbca68e6,0.1912691295,d4_component_default_guard
2fjg,2fjg:0000129:f755f0acd808,f755f0acd808c1418b6c6b4551b215daea19dce1c3bd3cede3270bc94985016d,0.3568857014,d4_component_default_guard
2fjg,2fjg:0000130:a732b67f9cd4,a732b67f9cd4a966b7a31a70a096a404a439626d2fc80c034118bbbbeab698f4,0.070657067,d4_component_default_guard
2fjg,2fjg:0000131:e2abc4f38b80,e2abc4f38b80eb4a823e79dd3cf00df596f71dc053ebfc8be2ec38adf5145765,0.6525652409,d4_component_default_guard
2fjg,2fjg:0000132:74874be4b3f9,74874be4b3f90da60406d9afb97674fd3c971faebd30174601313fa7026c19ac,0.1876687706,d4_component_default_guard
2fjg,2fjg:0000133:df76125c47d1,df76125c47d14171fae960e5ecba126622839e5229e667e657b511d4ec7748be,0.7533753514,d4_component_default_guard
2fjg,2fjg:0000134:fb4b89c4a77c,fb4b89c4a77ccd16bea26bb09c939b8131b5128c6d93ce83c19f5dbb5fca22a7,0.2929793,d4_component_default_guard
2fjg,2fjg:0000135:487658496a15,487658496a15438612bc7d6923191030df57f4ccb15335b681940bfe5fde2f2d,0.3370836973,d4_component_default_guard
2fjg,2fjg:0000136:3a09f6981fc3,3a09f6981fc399840e5fe7d00aa8c57125bdc2ad49d50494425bce2bcfcae3a6,0.1521152109,d4_component_default_guard
2fjg,2fjg:0000137:cedc6babd0f2,cedc6babd0f211534a31f09c7688d7c9d53ffcf0a520aa73bd4c439f11e20441,0.241224125,d4_component_default_guard
2fjg,2fjg:0000138:b2facb29818d,b2facb29818d8881f13b4b1c63ed515d3c81cb9720dee1e540b9927713666e8f,0.3636363745,d4_component_default_guard
2fjg,2fjg:0000139:db2cd4e81209,db2cd4e81209970ad1d96b10a07ef7c08f1e4630dcf23bf2f3e186612169df2b,0.5436543822,d4_component_default_guard
2fjg,2fjg:0000140:260f1bc24146,260f1bc2414644061ad155e1c70d1b16c5c5c008403ffbee52d1535daa4d033e,0.4275427461,d4_component_default_guard
2fjg,2fjg:0000141:aa9d6bf927f2,aa9d6bf927f2667f210a0cc8f14d63d747ab78849ed98e8479ebbddadf7ca3fa,0.2313231379,d4_component_default_guard
2fjg,2fjg:0000142:6199e2954129,6199e2954129be984185e756c11821fb76fb8227bc0244a2a6a95965e5d08803,0.2187218666,d4_component_default_guard
2fjg,2fjg:0000143:8ec1682959ac,8ec1682959ac52c7227bac6d43f974d9675072c8c6c1dc651d57259421a56ae2,0.0265526548,d4_component_default_guard
2fjg,2fjg:0000144:3b4b95cfadf6,3b4b95cfadf6de256d760e982c648ec026da23161df823c6a5bebd4adde13262,0.3735373616,d4_component_default_guard
2fjg,2fjg:0000145:4ce52016c1fa,4ce52016c1fad5ca89e7a188186ca5aab4bafbd2ce1d81b2676682a3a01a154e,0.1800180078,d4_component_default_guard
2fjg,2fjg:0000146:8cde974868a4,8cde974868a45707eaea0fde5f5d43fdc73597ea9c257b92e716d4d3aba9ceb1,0.2902790308,d4_component_default_guard
2fjg,2fjg:0000147:93baf1ce47af,93baf1ce47afc811659e53ce814493e00b2a72d80068bf81f46d60019a0d1119,0.2097209692,d4_component_default_guard
2fjg,2fjg:0000148:09baef7f42e9,09baef7f42e9d532fbc526664914c2a7b82c72d543397432613d113d1ad28497,0.3546354771,d4_component_default_guard
2fjg,2fjg:0000149:0a2b6e1982fe,0a2b6e1982fe7c724d59f29f882011fbd3ace81cd48bc66106c5113987b4167d,0.06975697726,d4_component_default_guard
2fjg,2fjg:0000150:1b7c9fe6c09a,1b7c9fe6c09a7a47e69b9b1c56c5f3ef05942f467323de919882f558474b458c,0.6863186359,d4_component_default_guard
2fjg,2fjg:0000151:90a0a366f111,90a0a366f1115edb744077102e60372ee2a815ac00225f909cbd318cb889fc93,0.1872187257,d4_component_default_guard
2fjg,2fjg:0000152:3cc1bdbdae5d,3cc1bdbdae5d91575a5905517c2142d5b30b6535d5f953fd030d0094e024e33c,0.7367236614,d4_component_default_guard
2fjg,2fjg:0000153:9a80ec4a72f0,9a80ec4a72f03985488511f2d2bc2530ca8eabfd84834a452ff02895625c93bc,0.272277236,d4_component_default_guard
2fjg,2fjg:0000154:0d4b2a25499e,0d4b2a25499eaf51c840dc7e7af6d0b38a2e3796f1c0a54146053d8d008ba7db,0.3343834281,d4_component_default_guard
2fjg,2fjg:0000155:4546fb9c904e,4546fb9c904e4483e0bd62dcc8b91c4597a8629d82720f38f303fedb31fd31d7,0.1539153904,d4_component_default_guard
2fjg,2fjg:0000156:95f52d8e9365,95f52d8e9365a09032bd6a5495a0e467f38f0842619e0ddfee5f5f21f2301916,0.2385238558,d4_component_default_guard
2fjg,2fjg:0000157:1e7584a969fd,1e7584a969fdb32fc9f4dcb589471d086df261fd7c22408ca45431fba2472266,0.358235836,d4_component_default_guard
2fjg,2fjg:0000158:4cdcbe3d09cc,4cdcbe3d09ccc6bab94f09ac09244a2bec369ddf58c4289d0d6bd53c0e260e2e,0.5216021538,d4_component_default_guard
2fjg,2fjg:0000159:4de0ca96bf73,4de0ca96bf730b98ad29f8c2afc88c658c81262864975c6d3da1429d99f2ea8c,0.4162916243,d4_component_default_guard
2fjg,2fjg:0000160:f7eb8e2c6908,f7eb8e2c6908342ab8af4ca9287b2eab4fdfec4c45f45dcfc09585d09d9e58ef,0.2250225097,d4_component_default_guard
2fjg,2fjg:0000161:11bd0a785c24,11bd0a785c24688aa975d3897750219b70300b74bbdf271a6da89cfa1ecc7211,0.1989198923,d4_component_default_guard
2fjg,2fjg:0000162:2cade78812b2,2cade78812b21c20f32e7a51c1006c1a5a75a6ddb45187481f6dd7aeb818b8f1,0.02520252019,d4_component_default_guard
2fjg,2fjg:0000163:8ce9fce10772,8ce9fce10772d7e7096811a3ff541f00545c05c367b2f1f6c7537b049ba6dd8f,0.3748874962,d4_component_default_guard
2fjg,2fjg:0000164:e18e4c689087,e18e4c689087844259ea7499f615b4315e20edd5802b34b45b03cb0afd48702c,0.1737173647,d4_component_default_guard
2fjg,2fjg:0000165:17b5372fc6e9,17b5372fc6e9c4776cbdc66cb7a909e3e1a1fc0cd1d95326fe8c711722d2c91d,0.2443744391,d4_component_default_guard
2fjg,2fjg:0000166:41efe0bc34da,41efe0bc34da86953497c2d5acf59baed9e917cbd554a543f7afdc2f70b314c2,0.1606660634,d4_component_default_guard
2fjg,2fjg:0000167:92250d092537,92250d09253719ccb753dc45796702ddf9d16f4f71230a5fc26ebcaaf25a7119,0.3303330243,d4_component_default_guard
2fjg,2fjg:0000168:a4c1faad5853,a4c1faad5853320d53ef1cc8b96c341533f752139bad2a260e5039b263c748d4,0.06885688752,d4_component_default_guard
2fjg,2fjg:0000169:8013d86b46b1,8013d86b46b1460f2da18f1742ebb9f417ef18ec6151af556b00f7d253b5e50d,0.6674167514,d4_component_default_guard
2fjg,2fjg:0000170:125dcc7eabdd,125dcc7eabddf6c76697b57191914ce5daa406bddfe6645d204436ea351ead2f,0.1755175591,d4_component_default_guard
2fjg,2fjg:0000171:10bdc1fdeee5,10bdc1fdeee5ae698186ce23ae43d71f32b29febb68a9915d27b86c20343d711,0.8226822615,d4_component_default_guard
2fjg,2fjg:0000172:1da939efb73b,1da939efb73b780f74bcb231863d4aee24b61e5fd567964127a2e4d6a61b6782,0.6800180078,d4_component_default_guard
2fjg,2fjg:0000173:781c514deabe,781c514deabe2d2ccdfa33b118cb78eaadb370de82d97865101e249ab53161de,0.454995513,d4_component_default_guard
2fjg,2fjg:0000174:0e25123529a0,0e25123529a0e1c49a0856a07012822590891d72e32d61f18ab6bcfc18ce6433,0.5787578821,d4_component_default_guard
2fjg,2fjg:0000175:28a2feffad05,28a2feffad05c85cf8020a7ef60ee41ae0dbc1405a2e33fad368dc1d730d139f,0.4612961411,d4_component_default_guard
2fjg,2fjg:0000176:a62091c0632d,a62091c0632d83bc22cbbf817ce40c7906da3db4ebeaed131bec0e65a154c727,0.6030603051,d4_component_default_guard
2fjg,2fjg:0000177:5f8085b82209,5f8085b82209e0e681aba22cd1b876199275a34f0cd802df2e74e6a2d3cea709,0.4918991923,d4_component_default_guard
2fjg,2fjg:0000178:5cdb7af48c31,5cdb7af48c319e73ec80a7362aa0fbd08840ea9a8f2df70cd91b0faa9975717a,0.7997299433,d4_component_default_guard
2fjg,2fjg:0000179:485d9b6aabb7,485d9b6aabb701a1adf7c102da7785eee6873cd8e9cbcc9e0ce1e6efb6f155da,0.6804680228,d4_component_default_guard
2fjg,2fjg:0000180:af5919a5b2ce,af5919a5b2ce4f8a755a35cb66556686f2a4283447920f43ef32ad28dcb62988,0.5103510618,d4_component_default_guard
2fjg,2fjg:0000181:44166da0a5ff,44166da0a5fffd648628a08ce028e00d0f1bacf37818deb06d72ec67e4a64817,0.2475247532,d4_component_default_guard
2fjg,2fjg:0000182:cdc0b77fa2e3,cdc0b77fa2e380c5826218576c29fed306bacddc9bc46aa128d8dc9acada62b1,0.6714671254,d4_component_default_guard
2fjg,2fjg:0000183:4f1f3db85f2e,4f1f3db85f2ed19ee4282f32d01ce4e40518db05562e322595af316ac91b87b2,0.3019801974,d4_component_default_guard
2fjg,2fjg:0000184:96c42ff77dd7,96c42ff77dd7daf98db09caacb846d8280bc6e0263157ff1a5e7ceec2941c8d4,0.679117918,d4_component_default_guard
2fjg,2fjg:0000185:6a4630eee33b,6a4630eee33b5aa87e6235b65cd8a1fe9c1c997cbb649781fb6a5e32d6149376,0.3411341012,d4_component_default_guard
2fjg,2fjg:0000186:52d5f3bee2d7,52d5f3bee2d7c7d675f286ab7fdc96cc4165e57d319eb8e0c8d28b782495dda5,0.4230422974,d4_component_default_guard
2fjg,2fjg:0000187:a0a5e3d439ec,a0a5e3d439ecb3604121a292c81041a8496767dd93d5acf78fe19df2ec11226b,0.3339333832,d4_component_default_guard
2fjg,2fjg:0000188:9de28653f5aa,9de28653f5aa293a8bf7e5aee7173f8ad36863be7c63b5dab04126908770e76e,0.8775877357,d4_component_default_guard
2fjg,2fjg:0000189:afff50a47ed8,afff50a47ed8fe198fe031fc5dfcacce37de9f03e223f688b94c8d3e178889e1,0.2119711936,d4_component_default_guard
2fjg,2fjg:0000190:7db5babb53b6,7db5babb53b6e45c74afe88c26e8f7dcad7ccffaec30ae9b132537b5a6491f7d,0.9140414,d4_component_default_guard
2fjg,2fjg:0000191:ccfa9a7922e3,ccfa9a7922e3906ac64c47d021bcd60a34f88c377cdc41196f4e1388db96f2ee,0.7304230332,d4_component_default_guard
2fjg,2fjg:0000192:0c6d1b760480,0c6d1b760480c6869f0d6bfd9c230350c2f4f24cdd8338ccd76b628dd9f8f164,0.4324932396,d4_component_default_guard
2fjg,2fjg:0000193:d7749cefd2a6,d7749cefd2a6465c41dd185fdbe8f69d3078971b205589f7245b6cbecd81ff33,0.6219621897,d4_component_default_guard
2fjg,2fjg:0000194:106ef267f809,106ef267f809101240553c433e58aaafac2bfe2fd334bb6cc6c64ac75909579e,0.6741673946,d4_component_default_guard
2fjg,2fjg:0000195:4ae6dcf197c5,4ae6dcf197c5b8c06217a4ccf5f42d857fc637f235e5bc0a0fbd4621f7c41763,0.8213321567,d4_component_default_guard
2fjg,2fjg:0000196:3f7457407bc6,3f7457407bc60398b2c5084bcbb51c81325e2b07a54afe2a842a912edd4a341f,0.6809180975,d4_component_default_guard
2fjg,2fjg:0000197:a477380dce84,a477380dce849d90e233cdefe861bfc84d218ae5a17e9d1e6ceda8b5fc5137bd,0.833933413,d4_component_default_guard
2fjg,2fjg:0000198:8ed91d69f4d4,8ed91d69f4d4e92eeef813b8fad188f2051f945d51f1bc40cee589bd7c176fbe,0.6192619205,d4_component_default_guard
2fjg,2fjg:0000199:5bd4ea445acc,5bd4ea445acc80b53053692cc5a953e43720d985858c72839640e91e9e55cb39,0.7848784924,d4_component_default_guard
2fjg,2fjg:0000200:308453f2eb6e,308453f2eb6eb9e70b6ce67668a4ee5ee9d32e1d3ee5a3489a309a60761feed6,0.3442844152,d4_component_default_guard
2fjg,2fjg:0000201:f4edb4922c1e,f4edb4922c1e446a2aa0e294060aa8e9940f692a6294e52794a0d8990c8e20d5,0.1341134161,d4_component_default_guard
2fjg,2fjg:0000202:12522801a035,12522801a0351db45992b293d8392140c3cd37608cf32c8af7b48f3def22a7e4,0.7209721208,d4_component_default_guard
2fjg,2fjg:0000203:37beb6c65f1d,37beb6c65f1d247faae3b9de29ba7e22f74fb2f5d5091fb173e0ef59a9e8a8ce,0.3321332037,d4_component_default_guard
2fjg,2fjg:0000204:60e3bc76ef76,60e3bc76ef767fc8067cb2bf7af97b4258180b94d13fb862dfa98c59f37c7579,0.5634563565,d4_component_default_guard
2fjg,2fjg:0000205:a48145a3ac36,a48145a3ac36f32961231a5f34aa93d447e7ca778f44bdf41e89b8254490b7e9,0.5526552796,d4_component_default_guard
2fjg,2fjg:0000206:d404a2431781,d404a243178133bc91b65cca39a14ac17ff8090681a69b0a370f07d86c9c8ced,0.4891989231,d4_component_default_guard
2fjg,2fjg:0000207:75da042022c6,75da042022c6833dd0e0a992a59fa44eb17c159f983857c84a34069bd0aef60f,0.8982897997,d4_component_default_guard
2fjg,2fjg:0000208:6e55bc747923,6e55bc747923aafd7e9432f6d06e71ee7ff33b45fd756dd54ed5ebb3815d2adc,0.4851485193,d4_component_default_guard
2fjg,2fjg:0000209:46704c4944c4,46704c4944c42151e8b39d345939689a01353e836fbc441001953aaf26b1dd39,0.9518451691,d4_component_default_guard
2fjg,2fjg:0000210:50d2181b5b49,50d2181b5b49e70424501fe2fea65459e92a4c2bb057323b92de6082282db950,0.7695769668,d4_component_default_guard
2fjg,2fjg:0000211:0d03081a51ee,0d03081a51eeda484034078b43f53a62d1919fdef8f27dc26920ab0d9768c4b6,0.4716471732,d4_component_default_guard
2fjg,2fjg:0000212:cee02bd475a1,cee02bd475a1d164ab2ff0af8c59b535feb35a01697c87651ef68b298da3203d,0.6233123541,d4_component_default_guard
2fjg,2fjg:0000213:6b984f3cdb39,6b984f3cdb39bf45333a868a6936ac90510f013c2464c109265a5cec0978c801,0.6566156745,d4_component_default_guard
2fjg,2fjg:0000214:93acf2d09a33,93acf2d09a3305604e1bc4469966cc0b091a2e0766cd0379e399aa623c5c2e12,0.9189919233,d4_component_default_guard
2fjg,2fjg:0000215:92035b306915,92035b306915e60eb4fbb8aaa8c2e90e3f8b3ff107187e71724283e5cd7c9941,0.7295229435,d4_component_default_guard
2fjg,2fjg:0000216:9e2c79dce73c,9e2c79dce73ca9f2183c3d8dd5b7fcf639220790ffd9a9e2d96593b50f7ecb3e,0.8807380795,d4_component_default_guard
2fjg,2fjg:0000217:a89cf3930d3f,a89cf3930d3fbf440defae9fa41650280533113e95c353bd0b6939a2052ce019,0.7511250973,d4_component_default_guard
2fjg,2fjg:0000218:2ca553aeb773,2ca553aeb7732960293ce0102bee4e7ed221fbdda353e9597c3337127e506c67,0.7605760694,d4_component_default_guard
2fjg,2fjg:0000219:5e803af72633,5e803af72633ad1fd261cf6aaed1bc18d1dc999ed20fc54cb3808679c013be1f,0.6116111875,d4_component_default_guard
2fjg,2fjg:0000220:fb5fe361245a,fb5fe361245aa876d0bf28483f8cd362cb044073c15ce1a642bc9b958e82be9b,0.4527452886,d4_component_default_guard
2fjg,2fjg:0000221:dbc380e377f4,dbc380e377f454065a66fdec73c09d123798e0289164777631a778bbb96a1eca,0.7947794795,d4_component_default_guard
2fjg,2fjg:0000222:08485f6d1d18,08485f6d1d18d57197228888ab8dc264ac474bae2565a6dc3d4d3a1822d2dc1a,0.6120612025,d4_component_default_guard
2fjg,2fjg:0000223:96aa26074c30,96aa26074c30cb3c32908783620932a70b6c5ceed83fa7d57778dcf31bd07e17,0.3879387975,d4_component_default_guard
2fjg,2fjg:0000224:72f4241ce4f1,72f4241ce4f1782f5b0073371f56cb0c86993c41f20144f2f9fad469a73a211d,0.6611161232,d4_component_default_guard
2fjg,2fjg:0000225:8ba60964f505,8ba60964f505b2f66ed8bf338c0f858856641c215f955a8cb8076a1a9c0f6153,0.3429342806,d4_component_default_guard
2fjg,2fjg:0000226:59b18e47824e,59b18e47824edbeb9333ae3986c28e4d3506445b8d328d48e0c4e1c53fff761e,0.9072907567,d4_component_default_guard
2fjg,2fjg:0000227:32dc30aea2c6,32dc30aea2c681aa57e3305b4390a68fa6e6fd50991e18976904c0f21f75f0b0,0.5580558181,d4_component_default_guard
2fjg,2fjg:0000228:8b15e51874c0,8b15e51874c0e9ded89fd3fda044c1d5a19875413638ca03c49611040b16e858,0.5441043973,d4_component_default_guard
2fjg,2fjg:0000229:937c88c3aef9,937c88c3aef9a3a4cd222588ec47e4f042f2e8271cc459c24f323397e375907b,0.3375337422,d4_component_default_guard
2fjg,2fjg:0000230:46cd589053ff,46cd589053ff52a80c4d3464477c1c5b2165a67f15ade9d6ab2c41ca18865535,0.18946895,d4_component_default_guard
2fjg,2fjg:0000231:4e1d25524cf6,4e1d25524cf61d1600e96a39fb4abe15a56f5dc1cd1bfc6622352dc6e2211b1e,0.1183618382,d4_component_default_guard
2fjg,2fjg:0000232:f7098ef791aa,f7098ef791aa42c18e26cfe28edd518751ba79ab41f8171de4ff09a59044783e,0.2493249327,d4_component_default_guard
2fjg,2fjg:0000233:041cfe7013ae,041cfe7013aea72b9670b72a45f45d47ea8f7c160feb72fa637ba288f4cb1098,0.5828082561,d4_component_default_guard
2fjg,2fjg:0000234:fd7be9f66d0e,fd7be9f66d0e86d96082cb314e65b7bb0eb5cb4c7a15b55086d9464e46cb8e4e,0.3091809154,d4_component_default_guard
2fjg,2fjg:0000235:bb880a629531,bb880a629531fc0bc2df6ec5855e846c40d078fdda2d8fe8a72d03b2b7e0a8e7,0.4797479808,d4_component_default_guard
2fjg,2fjg:0000236:b49ce63e1cbb,b49ce63e1cbbe94172d9d951b15d8acefa987e0aff1f39ab620f9d50c6caf46c,0.431143105,d4_component_default_guard
2fjg,2fjg:0000237:31735a228234,31735a2282344dd80b159e681dfdb796d30f750c2c88bb22bb95dafd25de5585,0.4315931499,d4_component_default_guard
2fjg,2fjg:0000238:6cbb65bbd859,6cbb65bbd8596c21dc39375ee71d2cdb544a695abbbba2aa8e75aa0fbeb0e516,0.2817281783,d4_component_default_guard
2fjg,2fjg:0000239:b2133a8a144d,b2133a8a144da39be6bbfc12186074f8bae913e19d2ab6e7c8085671c37abea6,0.02745274454,d4_component_default_guard
2fjg,2fjg:0000240:70b89fd9e85c,70b89fd9e85c5c1a02dfac29ccf9a8503cef4df89b30aa02e1b8ee9e9625ea15,0.1251125187,d4_component_default_guard
2fjg,2fjg:0000241:e2a175f69f79,e2a175f69f7923d6c0198b51347a4051085fa8f475327ac3acb4542d062e935e,0.2502250373,d4_component_default_guard
2fjg,2fjg:0000242:c396a106f40f,c396a106f40fd91e59a95b0fb8036bb8d23e4d90af6e89df6e8e1ffa1301eab1,0.1057605743,d4_component_default_guard
2fjg,2fjg:0000243:25b3411052bb,25b3411052bbb5a0c0e0201cfbf565ff44d9e9d6ccbfee95dc2e1d0de87f238a,0.2511251271,d4_component_default_guard
2fjg,2fjg:0000244:acf177e4359a,acf177e4359a5930af8db715729db6817269d5c068a0437bf056a365a32284e7,0.07380738109,d4_component_default_guard
2fjg,2fjg:0000245:b94a948003cb,b94a948003cb562ec06e6293ced2ff6de226fd79c14374a4c72ccaff2c6736b4,0.6692169309,d4_component_default_guard
2fjg,2fjg:0000246:51b644b95cb4,51b644b95cb40e5d6430b260421542ddac285fa3c138260070591d3c53ac47d2,0.3775877655,d4_component_default_guard
2fjg,2fjg:0000247:b0cb417906dc,b0cb417906dc9e5d178f12029f482490169185a5b3c923de548e5d6e42685948,0.7583258152,d4_component_default_guard
2fjg,2fjg:0000248:45fb1165361e,45fb1165361e2bf9ab7aeef3a70ef46eb9c881ff2cfa1b0da0e19809a24d9d91,0.2979297936,d4_component_default_guard
2fjg,2fjg:0000249:7b2a16a9d754,7b2a16a9d75465aeebcd814a1fd8edb3d85a0846aaa1e5be2a4d8aafd3467f3a,0.3357335627,d4_component_default_guard
2fjg,2fjg:0000250:21b221c31d54,21b221c31d547a572ad28e38552351deff4bfb4bad7b066d35ec73c491a8f4fe,0.1507650763,d4_component_default_guard
2fjg,2fjg:0000251:26d91442d5ba,26d91442d5ba5a9a9d7fc831e0f364bf27cbea9bed6abddea8b509250fb34cf6,0.2196219563,d4_component_default_guard
2fjg,2fjg:0000252:dd9a39f3cc98,dd9a39f3cc9866365858f248a144b783f9bc662d6d2e65df9bb743f59661baee,0.3505850732,d4_component_default_guard
2fjg,2fjg:0000253:1e2144d829fb,1e2144d829fb42b7df7b9efa3813d3f5d54169a5e5033d0bae6d172e3ebad1b8,0.5751575232,d4_component_default_guard
2fjg,2fjg:0000254:4667a0159156,4667a01591565d47056360f92f1d0f4f53001cc9b295c5f64755518a06cfd6c8,0.4135913551,d4_component_default_guard
2fjg,2fjg:0000255:a0f78d67e05a,a0f78d67e05a0c8cc4147a33a6d89c98b8213c0c1937275069475f0fa24eabbb,0.2223222256,d4_component_default_guard
2fjg,2fjg:0000256:acd0ae692a49,acd0ae692a49ef0576601d4beb0dc11bb3334a36bf53069903155436b5ebc75f,0.2128712833,d4_component_default_guard
2fjg,2fjg:0000257:8818920799ea,8818920799ea72161b28f105af71302816347d7845be7f832b63500021c9ef4c,0.0220522061,d4_component_default_guard
2fjg,2fjg:0000258:92253d1b6698,92253d1b669819143f27999671ed8c6267fe91d10f0caef02477f70db0bbc522,0.3816381693,d4_component_default_guard
2fjg,2fjg:0000259:9a124b1a1bae,9a124b1a1bae2e90f9f6b8c91fc7c702481e06ea6d9fe1ccbb07d28880acf4f0,0.1678667814,d4_component_default_guard
2fjg,2fjg:0000260:6fe6dc0fced4,6fe6dc0fced45c97325b56f761a71c2ea28155772dcc9d069608525d9d9d2385,0.2803780437,d4_component_default_guard
2fjg,2fjg:0000261:76c19d0fbb57,76c19d0fbb57f62bbf849ef345d240537079872d39243008be37896b6d0b4222,0.1944194436,d4_component_default_guard
2fjg,2fjg:0000262:6ebe782ceef6,6ebe782ceef6fd5cc95366476aad9a079d33fc77f1a55aef02334c1f9c00ff6a,0.3352835178,d4_component_default_guard
2fjg,2fjg:0000263:b51501695633,b51501695633d7dec52f7581b8f354b5098cd4d26e926e77adb570004120233d,0.05400539935,d4_component_default_guard
2fjg,2fjg:0000264:aa85e828d9a4,aa85e828d9a4a4b4c15424f803cb90fd0358a2be851e35a290475b18640f9a6e,0.682718277,d4_component_default_guard
2fjg,2fjg:0000265:5bb1fd11ac79,5bb1fd11ac79e0ad61610444374d07d8c66e9b71437fe8880b388fa0e45ef2d2,0.1750675142,d4_component_default_guard
2fjg,2fjg:0000266:8732bc79445c,8732bc79445c29e0238c2b36bbcdebd3db7b414abee7b3d1a6ad03c4212894ed,0.7601259947,d4_component_default_guard
2fjg,2fjg:0000267:3969b8f3e5a0,3969b8f3e5a0aee449d3b4f7c216e4101d6cc53ea013819fd02aafd059ea0cbd,0.296579659,d4_component_default_guard
2fjg,2fjg:0000268:a4478c928779,a4478c9287794a2a0ce723b6f3538bfae3932f20182be014d8c1e647a7ca2089,0.3388838768,d4_component_default_guard
2fjg,2fjg:0000269:3a6a9ca83767,3a6a9ca83767b3b41f58278e1a9425df44141e25a276790b1ceb8b60c998279d,0.151665166,d4_component_default_guard
2fjg,2fjg:0000270:389764d2b842,389764d2b842349f0d30fea74224456f8d070634518304fffb40e8c7ec0d46c9,0.2164716423,d4_component_default_guard
2fjg,2fjg:0000271:93dde67e86c9,93dde67e86c93be1fd65213d30eaee0570c7896c0b74354190841f96778efed2,0.3537353873,d4_component_default_guard
2fjg,2fjg:0000272:b2860706b549,b2860706b549a8693eda51d03b558ffea592e4e5baa77e8725978d834f80531d,0.5706570745,d4_component_default_guard
2fjg,2fjg:0000273:7ded3d76081a,7ded3d76081a025984990bd098435775e925382226bea92d4ea6eb1c27fa64e2,0.4140414,d4_component_default_guard
2fjg,2fjg:0000274:b7938755fe88,b7938755fe88d240a11beadfadd131f0889465b52fa1e06a94e09b5429402921,0.2214221358,d4_component_default_guard
2fjg,2fjg:0000275:392931813b91,392931813b91ad95640e9361c099144778f1a92ba8bde68f6ce3f4510657e730,0.1881188154,d4_component_default_guard
2fjg,2fjg:0000276:3846b663a764,3846b663a76409d1f731f83f9e3e878ef6e9b232978f480200540f12f7c048c9,0.02565256506,d4_component_default_guard
2fjg,2fjg:0000277:ab868e6aee33,ab868e6aee33b26265328e3f2722307cef9145a98258e9dcbf9d359764d0b8d6,0.3712871373,d4_component_default_guard
2fjg,2fjg:0000278:8e5078c11c55,8e5078c11c55e3bb0c4f43043bb2bc3e207c35678e00fbd482814f6144d016a9,0.1885688603,d4_component_default_guard
2fjg,2fjg:0000279:984b666da5e6,984b666da5e631dd55c078ad9ec79317c99089198003eb30d79c13dc5dd82ff9,0.261926204,d4_component_default_guard
2fjg,2fjg:0000280:8095f987dffe,8095f987dffec1b99f0e3681bad209dfeb4ea334dfb1001a4c89e611e44d94ab,0.2029702961,d4_component_default_guard
2fjg,2fjg:0000281:4b63bff3af43,4b63bff3af436fe587e3bcd81802deefe4c33a2db62d1117c72d11f0a432f820,0.3384338319,d4_component_default_guard
2fjg,2fjg:0000282:193b529fe5bd,193b529fe5bdacd27690518e373d4b1f66fd61c2c419e1616850bcc6fcd7de9a,0.05760576203,d4_component_default_guard
2fjg,2fjg:0000283:9a734ef45546,9a734ef45546659d91a16752b398b71c531cfa3c807b307907f17ba17662d53f,0.6615661383,d4_component_default_guard
2fjg,2fjg:0000284:30d92603d07c,30d92603d07c96ffea819f0895d0871b1b85c00d706287cfd46b78b732c6f528,0.179117918,d4_component_default_guard
2fjg,2fjg:0000285:b006e67093b7,b006e67093b728746de808fc096abe8609b047a53695c296ad5afb90878cc14e,0.9360936284,d4_component_default_guard
2fjg,2fjg:0000286:043f768cd7f4,043f768cd7f4106a84d522a26d164cbadc53eb1ef652a4b95505dc455c8c67e3,0.7425742745,d4_component_default_guard
2fjg,2fjg:0000287:860aba3b2c76,860aba3b2c765cbc5960e88637d086d8e220c79226692fb1bf016283831e832b,0.4666966796,d4_component_default_guard
2fjg,2fjg:0000288:b94158b2f88e,b94158b2f88efbab6ea5c9304b73e09d81f12cb09edade7305cf0b8a961383da,0.3991899192,d4_component_default_guard
2fjg,2fjg:0000289:b7f78d2bb6ce,b7f78d2bb6ceebe2181df509b9db9dc35310aee2b0ad6c6c30cf4e11bb51c4ae,0.8312331438,d4_component_default_guard
2fjg,2fjg:0000290:0939503287c0,0939503287c0d47c9c39dbdfd46bce665384a62103d256f8ea27d28e22f90d38,0.9203420281,d4_component_default_guard
2fjg,2fjg:0000291:7e39689e4b80,7e39689e4b80855d6d072cae91c65343b7959549a134ac3938cc0e78699a346c,0.7749775052,d4_component_default_guard
2fjg,2fjg:0000292:851484202a5e,851484202a5eb66fd56cf59f7f1ff3056df2a9ec16921f72c698716b459860cc,0.8370836973,d4_component_default_guard
2fjg,2fjg:0000293:7f139ad0cc30,7f139ad0cc30e967744bcc2a0a7593bfc5a3e85e52fcae4f2af6204d1280fb93,0.7169216871,d4_component_default_guard
2fjg,2fjg:0000294:4bc85ff565ea,4bc85ff565ea7c6bf29b6bf391c7a33f888ceb965e841d1849473292dc94953e,0.7929793,d4_component_default_guard
2fjg,2fjg:0000295:cbc17fa0a396,cbc17fa0a396f0bc8e4983a5054cf2b009864083d16c95f693bb8e650e9b79cc,0.7632763386,d4_component_default_guard
2fjg,2fjg:0000296:bc3668035f11,bc3668035f11d22b30d41006d34e3002c89a17d574f5a0b41a49bf8e564420f8,0.1674167365,d4_component_default_guard
2fjg,2fjg:0000297:9dcb53423fee,9dcb53423fee70471562d7d8534edee444b18aac295ce9026a396b37ff1130c4,0.8186318874,d4_component_default_guard
2fjg,2fjg:0000298:a38e4740b1cb,a38e4740b1cb1de1b3760d796996c902b65a38d098c75806b0387c5187e021eb,0.4018901885,d4_component_default_guard
2fjg,2fjg:0000299:ffe87dc439a5,ffe87dc439a5b30e27e6c9e421141ce648ab6a6f6f74c5bc4c74f471b6a30f38,0.7079207897,d4_component_default_guard
2fjg,2fjg:0000300:581e8bd2c7a1,581e8bd2c7a1a114f597dea4c5d068a50e43f518e7fd8c53c7024d0afe2f4818,0.6044104695,d4_component_default_guard
2fjg,2fjg:0000301:58d6edb7d4c1,58d6edb7d4c1019f696b877d4b33faf35035ed97061256e135f2ffe7c4d27172,0.6363636255,d4_component_default_guard
2fjg,2fjg:0000302:a21c446d4804,a21c446d4804e835e16b7b4131cd4e260ea88c6f5ffa975bcb4cd1b58f127201,0.9432943463,d4_component_default_guard
2fjg,2fjg:0000303:8859071160cb,8859071160cb10dfbe57c94a50d49d669dbc7f323dd8adba6dae71abe07acc46,0.6818181872,d4_component_default_guard
2fjg,2fjg:0000304:4b62f5bf6ee3,4b62f5bf6ee3008e5f199d020aa3765bc847c1c056158ad0304f8becbb3798c5,0.8285328746,d4_component_default_guard
2fjg,2fjg:0000305:f39874b19edb,f39874b19edbdc4988fd6a16a2154cba517e271560da514f42b07ae302e5d849,0.6957695484,d4_component_default_guard
2fjg,2fjg:0000306:6ea53ffd2e9a,6ea53ffd2e9a12a4fe01eb3123350a80b64f4362b602f6c22d3d6a04d439027e,0.4806480706,d4_component_default_guard
2fjg,2fjg:0000307:3e1fe5656e16,3e1fe5656e165fd8d37632c75b21dd3ade2da0983781757cde006b90c26c1a7c,0.5666066408,d4_component_default_guard
2fjg,2fjg:0000308:195dbf9c3bab,195dbf9c3babee674e802bed3e68b84c53a3008b34f85c3753e7785275253642,0.4878487885,d4_component_default_guard
2fjg,2fjg:0000309:fe2f4c834d2e,fe2f4c834d2e1be4c46f339aad7fb574eecf67e3678d039c0ffbcd936690b69b,0.6066606641,d4_component_default_guard
2fjg,2fjg:0000310:e6a25e050513,e6a25e0505131900bcbb1bbe304803a40fc78291f09c17488fff5a994c2ca5fd,0.5112511516,d4_component_default_guard
2fjg,2fjg:0000311:ebe622944c30,ebe622944c3015f886bf9a75f743f933e009469188d9d2b329db804cae0c21a3,0.7992799282,d4_component_default_guard
2fjg,2fjg:0000312:2905888cc149,2905888cc149baa7c637ab13c83c980efda0222266dc3d6c93f2f091c5045a69,0.6543654203,d4_component_default_guard
2fjg,2fjg:0000313:340716eb588c,340716eb588ccc84bfea3a0c5095fee92e3be7509b55176b26e2d8337a8a17f0,0.5139514208,d4_component_default_guard
2fjg,2fjg:0000314:ca276a4807cf,ca276a4807cf4a454778cb15e4cc2f9f6ba62e26609bdaf3cb35ff79fe275179,0.217371732,d4_component_default_guard
2fjg,2fjg:0000315:d4736b6d5f5a,d4736b6d5f5a711aa0eb79c338d038a92ecaf41bc351fb29e1eaad6d0e8e745d,0.6822682023,d4_component_default_guard
2fjg,2fjg:0000316:4666e6b95139,4666e6b951394c4c0bbd29c13d42e946f5ef523baf66f17c9ff1a680524cd13b,0.3082808256,d4_component_default_guard
2fjg,2fjg:0000317:497a095f003e,497a095f003ed190fcb7e384c904e4839ee7ea282f9e1d36f48439ec94430f52,0.666066587,d4_component_default_guard
2fjg,2fjg:0000318:b4636ac5def1,b4636ac5def15c43c3fb85d608e549eba25cc3506434c32c0f1480a27c39b7b2,0.372187227,d4_component_default_guard
2fjg,2fjg:0000319:fa3183b5c4b3,fa3183b5c4b35c5ec5da3941bb5284c30efbea86d8c176b5eda7278909883165,0.4441944063,d4_component_default_guard
2fjg,2fjg:0000320:a46df67a6618,a46df67a6618c937c1bb1dffc933b4734531270a05bcabe12ae17026a97e4f54,0.3501350284,d4_component_default_guard
2fjg,2fjg:0000321:809dbf276b91,809dbf276b917c09a2a1f68b6188df949a9a2775df0b7e0656984e45a4c93a46,0.8771377206,d4_component_default_guard
2fjg,2fjg:0000322:b3bd822f6a16,b3bd822f6a162d9569ca2c4bc221704f3d976870447dd6a8021239d8ff367d11,0.2178217769,d4_component_default_guard
2fjg,2fjg:0000323:a11e491c67f4,a11e491c67f489cc56abb703510e9d45011af383ba42cfb4fd6bbccf2bbec1f9,0.93069309,d4_component_default_guard
2fjg,2fjg:0000324:4d7b0fdddd59,4d7b0fdddd59da8bdb703c1e3691cb28dc77c3eec5bf663f2f69782a6015fb1e,0.6386138797,d4_component_default_guard
2fjg,2fjg:0000325:f7159f73be69,f7159f73be69934e9116b44594734e0d809db15856758b3b4b8c75813ec5e44d,0.5832583308,d4_component_default_guard
2fjg,2fjg:0000326:cc8b9c4b1d94,cc8b9c4b1d947b0f01e930f5d62714e02ceda3847597fdbbae0cb6ebea021f0e,0.3010801077,d4_component_default_guard
2fjg,2fjg:0000327:6d6bc480b235,6d6bc480b2354f5b40432045593a89e17701301c6db05c82e1d9ae087456cafb,0.4702970386,d4_component_default_guard
2fjg,2fjg:0000328:2798daa2a3bc,2798daa2a3bc1d836ac7f5a85316def0d897893a41163ec1bdb38b22f22b1351,0.8699370027,d4_component_default_guard
2fjg,2fjg:0000329:1e677453d42c,1e677453d42cf407673b446753f2319320e3aad08efb8ac26d7551a9573552c4,0.5670567155,d4_component_default_guard
2fjg,2fjg:0000330:81c1797a4413,81c1797a4413d2246393e64cac0c5c28435a1588b7692db74cdff8ae4a89963f,0.6642664075,d4_component_default_guard
2fjg,2fjg:0000331:19a0aa7be62c,19a0aa7be62c6c385353912727b253cf1ad1cd1abffd771173a7031a356229bc,0.6899189949,d4_component_default_guard
2fjg,2fjg:0000332:05b6f0a2588c,05b6f0a2588cdd1d08b12a4ea70412620db8819b224b8b79ddf63ac0aebf4c84,0.8240324259,d4_component_default_guard
2fjg,2fjg:0000333:277853b2bd7f,277853b2bd7f55d4107538d13d66eac2acc57ec63381c5d5e35a3edd43abd661,0.593609333,d4_component_default_guard
2fjg,2fjg:0000334:63d2aad1b806,63d2aad1b80605d99dbb31f79585bac04c4a6c8be9b6c65864c08b1916a69367,0.05895589665,d4_component_default_guard
2fjg,2fjg:0000335:8f5b76222936,8f5b76222936c9f7ed79c1d93f64f295fdf3126a079491ba2ccfb1c3d48cbf9d,0.638163805,d4_component_default_guard
2fjg,2fjg:0000336:e03fc27b7da7,e03fc27b7da7ce0efc38295aed629d4cbf3eccf5e23ff0a92d5ef15152be6a24,0.2713771462,d4_component_default_guard
2fjg,2fjg:0000337:5ec7e5c89bc1,5ec7e5c89bc1d89ab42b24f9c2c1d79e98dc7f9f4ea7a8610be43b98cb32036e,0.3523852527,d4_component_default_guard
2fjg,2fjg:0000338:52496f1bdb24,52496f1bdb24b99da8cfd1cfc79928f4b8496f4bfcd277d717592f86ac7a1df8,0.496399641,d4_component_default_guard
2fjg,2fjg:0000339:c343ff1d0095,c343ff1d00958facacd2b981c76b715ffcc521736cd9c4807f07a3d0bcab8cb5,0.3438343704,d4_component_default_guard
2fjg,2fjg:0000340:577a762bdb49,577a762bdb498b0a14d718b32ee2a9c557ef2c9be21fc1001e5d3bb3ab2cd136,0.8546354771,d4_component_default_guard
2fjg,2fjg:0000341:d9bb0deb8c6c,d9bb0deb8c6c8b52095b00b81fdf1318aa0c7515e8c6158e7b7cc55c8568f3b5,0.5265526772,d4_component_default_guard
2fjg,2fjg:0000342:73f588db91d4,73f588db91d4342fb7cd0a1b3c37574ef3d939361a6710c316e66d0fb5c72061,0.8064806461,d4_component_default_guard
2fjg,2fjg:0000343:40ad6c863e00,40ad6c863e004953a2a31333ba355dac73f51491f32e4f103fa7bad0e12bbaed,0.6845184565,d4_component_default_guard
2fjg,2fjg:0000344:1729c54a16e2,1729c54a16e24cdabb8d5d9321e091edd2f399a3306d6a914ff62107c38e2c36,0.4608460963,d4_component_default_guard
2fjg,2fjg:0000345:0eefbb6490e0,0eefbb6490e00087bbf071debfd03e4c5e621da71c501007f0efb2f25e384b7a,0.5576057434,d4_component_default_guard
2fjg,2fjg:0000346:3566ed6b6069,3566ed6b6069098b3130c862024b9f5b57eb77f5f71faf9a54c4457d666b8244,0.4680468142,d4_component_default_guard
2fjg,2fjg:0000347:5e8ce23104c4,5e8ce23104c413193256da6beb23b6602e68adcfcb31e8f942853ffea655414d,0.5954095125,d4_component_default_guard
2fjg,2fjg:0000348:6f72d583ab46,6f72d583ab4670cef82c99a16965fe5376febf1a069f4143577e356b8a599348,0.5108010769,d4_component_default_guard
2fjg,2fjg:0000349:e14d11d930f7,e14d11d930f7d2d476828a86e4bfd03da91c705ca921288981ec0db4afe4dc24,0.7979297638,d4_component_default_guard
2fjg,2fjg:0000350:139ad3b51451,139ad3b514514d483e25d05a1c56e2e9a30f0ec57b08c23f0074faec75ac291c,0.6462646127,d4_component_default_guard
2fjg,2fjg:0000351:3de80325c73e,3de80325c73ecfee95a8fe51000dfb6741748abdc48b3e1ca5823d2bec3e583d,0.5081008077,d4_component_default_guard
2fjg,2fjg:0000352:42c556e83169,42c556e83169b9a989694aa5e3baa482c7d049a06c42eee46ad0b652700d0219,0.2052205205,d4_component_default_guard
2fjg,2fjg:0000353:d642d8553dac,d642d8553dac29fcb3f9cf4bc53e10b59511816e7e433d996120a02b91b0ef22,0.6678667665,d4_component_default_guard
2fjg,2fjg:0000354:b48cab8b620d,b48cab8b620db7c7805f58e751515c97882a5312fa73548587cf0438689fe019,0.2970297039,d4_component_default_guard
2fjg,2fjg:0000355:55e25623f8c4,55e25623f8c4104b4683f036ca71dd782144b0ca41909dc1c3e077ee3004036b,0.6408640742,d4_component_default_guard
2fjg,2fjg:0000356:3a90effb55c4,3a90effb55c4e37f407cbf39497db44929576d885e300acedc91db984de9e2ea,0.3667866886,d4_component_default_guard
2fjg,2fjg:0000357:c65d77a1dad2,c65d77a1dad22d42e21dfd595521e8e908717a23ae9fe9ffa0a6505b4dc2edf9,0.4122412205,d4_component_default_guard
2fjg,2fjg:0000358:85c0dda4e3d6,85c0dda4e3d685d836a11f8db9c1b549092a6a6bd1f1f8a7d4fc83cefe81eb73,0.3150314987,d4_component_default_guard
2fjg,2fjg:0000359:ecab69ccb88e,ecab69ccb88e2d004de0cd13006fbbd9dcb4c42dd2e8cd243f37d28b4fd9364e,0.8762376308,d4_component_default_guard
2fjg,2fjg:0000360:93e2c7ae3bba,93e2c7ae3bba0771abf4a51eff6c93554e86514b1c5684a18c5f2486fc73c8e6,0.1975697577,d4_component_default_guard
2fjg,2fjg:0000361:5a35a5e32b1b,5a35a5e32b1b7d33176fa302e90cdfa736f86673082b441422b7ef7a2b6ea685,0.9378938079,d4_component_default_guard
2fjg,2fjg:0000362:eb3fb3300ac6,eb3fb3300ac6446ac3db35d71dac36bfacc2aecdf9313e3b6f09ab96cbc9c8ee,0.7403240204,d4_component_default_guard
2fjg,2fjg:0000363:61ea42aaa2eb,61ea42aaa2ebab0b7217acbfa9437c99756490e022713decf29a11830e973079,0.4491448998,d4_component_default_guard
2fjg,2fjg:0000364:71817b052a7c,71817b052a7c8c9fd9e82a2a783829e8912cf06aabd69fb9877c919ec4e5ed37,0.4126912653,d4_component_default_guard
2fjg,2fjg:0000365:4f8b73d6e5bd,4f8b73d6e5bdd70c9cb6ba774b29cd94e160f81dd02f99868c13deb353f04c0f,0.8262826204,d4_component_default_guard
2fjg,2fjg:0000366:cd73a549c3dc,cd73a549c3dcb5acdeac4ddffaf0e324323ad77ffb697cb38669ea90787fe063,0.9117912054,d4_component_default_guard
2fjg,2fjg:0000367:4ce6d385da38,4ce6d385da38de47a2a4ba4b54d9e7239a03451b9ba496ef9d32269a68da76ec,0.7853285074,d4_component_default_guard
2fjg,2fjg:0000368:468927d2d6a1,468927d2d6a129518cc00d4078c1db8e700daeb31a4aa76c30f6eb84f98099b7,0.8150315285,d4_component_default_guard
2fjg,2fjg:0000369:ad90e37440be,ad90e37440bef41f758fd5ecf4fd697c968b242d5072a2cb1dedf26f2ca9c603,0.7020702362,d4_component_default_guard
2fjg,2fjg:0000370:abfd94497f20,abfd94497f200a0b5d8758c4eb24cba4314473ac5e507e9ebf0c0d43bae72443,0.7925292253,d4_component_default_guard
2fjg,2fjg:0000371:f38eb9b6aa89,f38eb9b6aa893583eaffc721d511132e6c1230a306520ac765874cb369cb4afe,0.7461746335,d4_component_default_guard
2fjg,2fjg:0000372:7f8767bb3025,7f8767bb30253c470c35159dae4e6a74cc5d3f022505630abffdaedd1c0ebb55,0.1476147622,d4_component_default_guard
2fjg,2fjg:0000373:d0ece9efbdc0,d0ece9efbdc08264a71677ceb477c128c8c1f03376dc73984f8627f1957fdae2,0.8127812743,d4_component_default_guard
2fjg,2fjg:0000374:9961970a4054,9961970a4054ec4ea4a860160ea45c1a57075b30106e435147ed3a54fab1cbbc,0.4099909961,d4_component_default_guard
2fjg,2fjg:0000375:789c2786bb02,789c2786bb02572b252c710830e3ce8fa2388767194b9eb0db20afe21026ee15,0.7101710439,d4_component_default_guard
2fjg,2fjg:0000376:959c688b334a,959c688b334a8fcc12e1e3b2b1e3518bb9106cb6cba69b30ac278234edb58cec,0.5967596769,d4_component_default_guard
2fjg,2fjg:0000377:5fb8e7f7998b,5fb8e7f7998b359c36a8b702b4e5f3bb185e8b3d44db20d8d7654b096af255fd,0.6354635358,d4_component_default_guard
2fjg,2fjg:0000378:60207d8b43fc,60207d8b43fc5f15b1e90b9b8f9c5ef5e412f3c0ab7f9e8935b961da38780dec,0.9419441819,d4_component_default_guard
2fjg,2fjg:0000379:ff098d01e2d3,ff098d01e2d32cd6227d8b710a177a6c82bd25680cd2b0d2d02912b919720475,0.6966696382,d4_component_default_guard
2fjg,2fjg:0000380:35c970714add,35c970714add13e8c851fa320ac9cd0ef355f78bca9f2815648caaeb09a44f29,0.8496849537,d4_component_default_guard
2fjg,2fjg:0000381:24ad1cd2d5d6,24ad1cd2d5d6ae85841f1f4de8dae08fd194e23834a63651847e86e25490fcc6,0.1431143135,d4_component_default_guard
2fjg,2fjg:0000382:e8f93ebb6d2f,e8f93ebb6d2fe9c92b0a145e6b98bf07e964d8a487c6e827cba2ac9e48f5a7cf,0.2376237661,d4_component_default_guard
2fjg,2fjg:0000383:fd0a82c43de5,fd0a82c43de58531dd9e3e99401c2f4d2b880b80179e63ded99f973e144fba1d,0.3838883936,d4_component_default_guard
2fjg,2fjg:0000384:12e0337ddc69,12e0337ddc69a4e224c03c68ddcef76a12dbb3a694f20e696f7837dd61fc1921,0.7151215076,d4_component_default_guard
2fjg,2fjg:0000385:25469a9633e6,25469a9633e682a8b3ec41f52fd3fb91b5a59660c41ac10bc5225e2777410449,0.3744374514,d4_component_default_guard
2fjg,2fjg:0000386:e76fa7f13ab8,e76fa7f13ab84f653fe5cdf5dbc4a07babcae03398601f88f606b24ef32b5b26,0.6237623692,d4_component_default_guard
2fjg,2fjg:0000387:610831b44ef9,610831b44ef9f333093e3ef0070dd2448b689f6df0a6974900d12914898467dc,0.4342934191,d4_component_default_guard
2fjg,2fjg:0000388:f68db0e6c2fb,f68db0e6c2fb5f1c3cdaefc59f38a873cac21c886ee8c1fe4a5125eeadd6923a,0.5913591385,d4_component_default_guard
2fjg,2fjg:0000389:5779193c61ea,5779193c61ea96c2cf4e68286f6a46cf6c19bd1212dcb124f09a62a08778542e,0.3910891116,d4_component_default_guard
2fjg,2fjg:0000390:5bdfaf92af77,5bdfaf92af77bc2a36e363d44b694473499e43e5801874a82448d9394ea3b884,0.07605760545,d4_component_default_guard
2fjg,2fjg:0000391:57616ae3480e,57616ae3480e4b993a10a65d4e38e4a2c0517fe62b6173d6c1de1d0c23aaba0e,0.4923492372,d4_component_default_guard
2fjg,2fjg:0000392:8b8414351a36,8b8414351a36ccd13d128ed723741d769e95857a6ae2c1c13808f3ef9465a0af,0.2515751719,d4_component_default_guard
2fjg,2fjg:0000393:9d79f41e08c3,9d79f41e08c314bef3aaee1bc566c1cabfa5f7350f2fae269632f465a1afcb87,0.3645364642,d4_component_default_guard
2fjg,2fjg:0000394:b5de0afed690,b5de0afed69073a20b28c2c9bf3611f98ea16ccd35def9f138566fe5ca408146,0.1786678731,d4_component_default_guard
2fjg,2fjg:0000395:2b88181064d9,2b88181064d9c71ded60717ef1e27dfd90fcde8083eac79160a6b23c4ac1b6c8,0.2430243045,d4_component_default_guard
2fjg,2fjg:0000396:5ef9d907754f,5ef9d907754fc241982a516bbc88ec4e7ea4351da7faffb291566e1e1f53aa7a,0.2421242148,d4_component_default_guard
2fjg,2fjg:0000397:da16edf3c92a,da16edf3c92ab79ddb8c92098b6a91702ccaacb508462dc99b163aff45a20885,0.6530153155,d4_component_default_guard
2fjg,2fjg:0000398:63eb00f35bf6,63eb00f35bf6259a1f2c87a3964ff18ea01a0cbfb1f3ccd1b05f0a3ea3abc0fb,0.345184505,d4_component_default_guard
2fjg,2fjg:0000399:4fb69de4ec60,4fb69de4ec602af814ac5c9872b145c161a5260f884f4df8ec3d9b2900cfaf48,0.1116111577,d4_component_default_guard
2fjg,2fjg:0000400:acb392b3b392,acb392b3b392fadb4cfaa85b7925d61da5e9983f37436927fdf9b3fd8161d6ae,0.03510351107,d4_component_default_guard
2fjg,2fjg:0000401:cf1e17f24b0c,cf1e17f24b0ce5c46036f5d0a068ebcf25181f3f8aebf306fd74fd3c66017b9f,0.0630063042,d4_component_default_guard
2fjg,2fjg:0000402:f14f5ebeda9a,f14f5ebeda9acef2ae301737362787a53e86cb9d09debe7ace60328acd7d45a6,0.09630963206,d4_component_default_guard
2fjg,2fjg:0000403:e588d0ed1389,e588d0ed1389bdd61a41e4842840a10cea3a097190ed89322411a16e4a6c34cf,0.2650765181,d4_component_default_guard
2fjg,2fjg:0000404:b517e3c1c433,b517e3c1c43336eb61abb8be642415682e781974f3b80d365bbbcd51df665ddb,0.1120612025,d4_component_default_guard
2fjg,2fjg:0000405:00b0af1b6cbd,00b0af1b6cbdf6f41f5820cb4439ceec67cd9ea28b01efcbd1a009b86d4869e9,0.1863186359,d4_component_default_guard
2fjg,2fjg:0000406:24da7bb53640,24da7bb53640027ffb7c522697376788c3465b3de1cf5a553c78800fb24f246c,0.2025202513,d4_component_default_guard
2fjg,2fjg:0000407:205913b3c023,205913b3c023d16afe07763a8761132bcc62c10ae10a687af9967c3a25f22b78,0.08190818876,d4_component_default_guard
2fjg,2fjg:0000408:4706b76b6c5b,4706b76b6c5b8733cb6f4908ca9b028a0f0eb57e7b4a259548b334b8b6bdacf6,0.1323132366,d4_component_default_guard
2fjg,2fjg:0000409:fbc48b305329,fbc48b30532988131e2c146f1996217518e1c1c9c8a204d2148f626571748394,0.0009000900318,d4_component_default_guard
2fjg,2fjg:0000410:66ed2e342838,66ed2e3428389d5407869f0ae49348697692f7f4822a9c0c75c00da42700694a,0.03015301563,d4_component_default_guard
2fjg,2fjg:0000411:47776abc230f,47776abc230f686c3d8b4ee1e6569c7febb3f540fdb8bc24d62126473dedf8c5,0.05445544422,d4_component_default_guard
2fjg,2fjg:0000412:e53d3467ec7a,e53d3467ec7a90bccb8ced9c992417f7f035294ea452fb22be54355b1e6ae6ee,0.1305130571,d4_component_default_guard
2fjg,2fjg:0000413:92dde9e0ebb0,92dde9e0ebb0ab4eac411634b2b4c56a31d0aec7ef841b4f351674f8f97af710,0.02002700232,d4_component_default_guard
2fjg,2fjg:0000414:40c7365fd421,40c7365fd42134ea79a85076aecf15f686fb22ee1b92dcdcc62fb55cc393db3c,0.05670567229,d4_component_default_guard
2fjg,2fjg:0000415:95650e98e335,95650e98e335645d5269865c0bfcd58b297c86879ed05a6f69cf2333534b2fb4,0.007200720254,d4_component_default_guard
2fjg,2fjg:0000416:f69ae05a31d5,f69ae05a31d5e32ad80327175e196a632d0132ca48baa73c7963e9d46b7e6f14,0.2875787616,d4_component_default_guard
2fjg,2fjg:0000417:66503d768c32,66503d768c321566d2c47b8a3d3fda6ff4c06d3d8eba21198df309af236da7c2,0.0441044122,d4_component_default_guard
2fjg,2fjg:0000418:73a2a8a305ad,73a2a8a305ad206c8bc07177249530c8aacfa15c5cbd0ec24a0c6e4786331796,0.1125112548,d4_component_default_guard
2fjg,2fjg:0000419:ef1639c8e507,ef1639c8e5072bd8ec455f7d16e8d19e433ff44094a4f9cdcf144ea373569793,0.03825382516,d4_component_default_guard
2fjg,2fjg:0000420:29d6b9617d6f,29d6b9617d6fb725197ef3d426ce996d7a8c7c2ef524c71595408c2e7ded011c,0.06660666317,d4_component_default_guard
2fjg,2fjg:0000421:61a81bde962f,61a81bde962f91806e89d1dbc1a08564ddba1ae4bc74d417d9357ab2dc6d0ca8,0.1201620176,d4_component_default_guard
2fjg,2fjg:0000422:e6658f006c2c,e6658f006c2cacd2edc4fba4f5fd76fad8fd00ae23ae6c062169bb5ad70e164a,0.2740774155,d4_component_default_guard
2fjg,2fjg:0000423:84987c63e46b,84987c63e46bbbe37871dfb26f1cd928945cee0eb51114aa316b059df264fa9f,0.1161116138,d4_component_default_guard
2fjg,2fjg:0000424:df8e62fa66fd,df8e62fa66fd1446f31e9b39a4551518701bde4e755543efbb72664c407f4b8f,0.1899189949,d4_component_default_guard
2fjg,2fjg:0000425:734cf1d2eb69,734cf1d2eb693d85e2e8c55c5554ac38626b9d6ad8ea98d44eb4a00e542b9760,0.1903690398,d4_component_default_guard
2fjg,2fjg:0000426:d600c796da55,d600c796da55c745cf501351c4fb328d1961a4786dd428760b59a813bda641a5,0.08055805415,d4_component_default_guard
2fjg,2fjg:0000427:8826eaee847b,8826eaee847bcd373551729298311ecd99b0681c0ac9fb16248008954c20e8e2,0.137713775,d4_component_default_guard
2fjg,2fjg:0000428:70cce92b25bb,70cce92b25bb5393c20a49391c602e6ff525c401b5164bfb50ee533a2fbda5fa,0.002700269921,d4_component_default_guard
2fjg,2fjg:0000429:ce0c62b9fcf5,ce0c62b9fcf5f79c6b77c3b0e40faf499755691cdc75da45c46b99ed6041437d,0.03780378029,d4_component_default_guard
2fjg,2fjg:0000430:d150224ad859,d150224ad85951baec7a52360288faff954554d016007e9aac32e1502730650d,0.05490548909,d4_component_default_guard
2fjg,2fjg:0000431:37578244f4bc,37578244f4bcb0444f21070ae995422511c555402ea0ff95f432d2c5425541f1,0.130963102,d4_component_default_guard
2fjg,2fjg:0000432:1df605f3c733,1df605f3c733abc715ee5750516eb0d6eac402ca9359c188a34abaf5eaba6901,0.01530153025,d4_component_default_guard
2fjg,2fjg:0000433:d91dafbf4dd6,d91dafbf4dd6494c4fad66ddac94066ca2d47297ddf8499fc70201801c918cc9,0.06255625933,d4_component_default_guard
2fjg,2fjg:0000434:0b5a6dca21eb,0b5a6dca21eb7b98c32a78d04957b6d698237a35501ceb85dfc1e24e00292c14,0.009000900201,d4_component_default_guard
2fjg,2fjg:0000435:dfba426a8fa0,dfba426a8fa07f5b47a6b407cc11eb0dd9dcf437509da9e0b0de361bd3e4aaa5,0.3087308705,d4_component_default_guard
2fjg,2fjg:0000436:5c3a29cb6b54,5c3a29cb6b54ed36d336b5228ab16f2ea9ea0cae4c85cd84bd69cb3ecb14224a,0.04500450194,d4_component_default_guard
2fjg,2fjg:0000437:8c5ca87899ed,8c5ca87899ed1596aec83ff188b0a4552bf89b9c95c39c9ee12e48324cafcd2a,0.9369937181,d4_component_default_guard
2fjg,2fjg:0000438:6a7fbbb9e158,6a7fbbb9e158403fa208c55bc7fde38acb2353dcc588e2d77fc89fb31b4d8484,0.7439243793,d4_component_default_guard
2fjg,2fjg:0000439:589cd27e4a5d,589cd27e4a5d781ab34a6ec9162ddb6bb282fa36fa185dcc5b3d0ae5fb6eb90c,0.4468946755,d4_component_default_guard
2fjg,2fjg:0000440:3b5a6a95b162,3b5a6a95b162974b367b7f187d43711ec72f0bf412d0d9843d9aeddd08c266f1,0.4063906372,d4_component_default_guard
2fjg,2fjg:0000441:f903adc17cd2,f903adc17cd2ff666a79f58e48822709fe3d1b1db197c59c3488854cbb83c214,0.8298829794,d4_component_default_guard
2fjg,2fjg:0000442:7b889e8dc51e,7b889e8dc51ee787a0bc2c7dea319f044496ae746179b81194540edf9f494c2d,0.9162916541,d4_component_default_guard
2fjg,2fjg:0000443:08a4c55f6962,08a4c55f69625c29d0e51adb807fe197c8985c77791276c8c0c4ef74a4b24e54,0.7740774155,d4_component_default_guard
2fjg,2fjg:0000444:5569e79dcb37,5569e79dcb378d6a0ec1da8120f9ddc41f2c7af896d84a78fca35b40456ff57f,0.8114311695,d4_component_default_guard
2fjg,2fjg:0000445:61d6338d1d5a,61d6338d1d5a75352f2aa0e7580f8923581377f6f456407fa4e78ecb959b6bee,0.7061206102,d4_component_default_guard
2fjg,2fjg:0000446:260ead30cf3f,260ead30cf3f4c401a1427d46f5a6706933d44d2858aeca4902e595eb3f43801,0.7902790308,d4_component_default_guard
2fjg,2fjg:0000447:fa575cd301ac,fa575cd301acf6e771fdc8441005ff30be804daa21fbe8b28f111f914a1f795c,0.7560756207,d4_component_default_guard
2fjg,2fjg:0000448:cdd2e4d2b282,cdd2e4d2b282f06aa40ba1aa82cb44ebe086eacf178232449401da0299603700,0.1354635507,d4_component_default_guard
2fjg,2fjg:0000449:d6caa743eb85,d6caa743eb852ece0f399575ca81f785ac2b4c0c695617c51ffdd62919cef7ce,0.8343834281,d4_component_default_guard
2fjg,2fjg:0000450:30c82a7d92e3,30c82a7d92e35f275a34ccf191c2df3eb55f807c8ed6d59d621b97bace172119,0.392889291,d4_component_default_guard
2fjg,2fjg:0000451:7afa7dfe2505,7afa7dfe250502d98c8e15265bfa2fdae607cfa01a9089d7cf76bff1ac905d1f,0.6917191744,d4_component_default_guard
2fjg,2fjg:0000452:e558a4aad3c6,e558a4aad3c669a2f9669d4fca117599799db3c2f15941b9eec3d1f690b18ae2,0.6152115464,d4_component_default_guard
2fjg,2fjg:0000453:64e0a9f86275,64e0a9f862752d91416aedcb6f360584bc07d88a0cfe4936dd79bc218207438d,0.6334383488,d4_component_default_guard
2fjg,2fjg:0000454:e7ff1ed1a449,e7ff1ed1a4490d2887d4f2469093e80d3dcca42a157873510f178b3985f957ba,0.9446444511,d4_component_default_guard
2fjg,2fjg:0000455:3171ca2e380f,3171ca2e380fd02807252d5ff1c05d864d65452cdde003f9b76b799a146ff67a,0.6359136105,d4_component_default_guard
2fjg,2fjg:0000456:ad2120927c84,ad2120927c842b421ec1cf12b798cc6009caff238fb4338a778fb0d8dbde540f,0.7646264434,d4_component_default_guard
2fjg,2fjg:0000457:44b32f87a171,44b32f87a1714e22f2090ea253c91c7e3615a463642419d0a82fe0cfe834bae3,0.2781278193,d4_component_default_guard
2fjg,2fjg:0000458:1c0a2ed89375,1c0a2ed89375e182eea0b4613b11dc24000213674d5a8191f10fa7584bb00237,0.3487848639,d4_component_default_guard
2fjg,2fjg:0000459:493a86faa422,493a86faa42298925eae9b4432c6f7a84b920016d11b1951d35ff5b65c70538e,0.1689918935,d4_component_default_guard
2fjg,2fjg:0000460:14775ecc3541,14775ecc3541d25952f2203573eb3e5a92aeb548e45b45bca682bf0bbd4a7628,0.2529253066,d4_component_default_guard
2fjg,2fjg:0000461:9531f118056a,9531f118056a21b0253e861327f10c936333ae0b95ae8569e3f2060394fbc60f,0.3676867783,d4_component_default_guard
2fjg,2fjg:0000462:3135d71c386f,3135d71c386f3266bb048bb8398a05a3406a1d0d75b6077782d6a08ab5670083,0.5558055639,d4_component_default_guard
2fjg,2fjg:0000463:eba1f82f6d96,eba1f82f6d9679038665b18dfb88f83c56a849176c9865092349ad8c493e8716,0.3960396051,d4_component_default_guard
2fjg,2fjg:0000464:bbc7516fa15b,bbc7516fa15b59c6d4de29268d607511b96d01e94acc733f7791ccc448f6251f,0.2200720012,d4_component_default_guard
2fjg,2fjg:0000465:0b47090e3836,0b47090e38364ba4212231ef662da2eca23585017da1f0cad3386b062d614846,0.1908190846,d4_component_default_guard
2fjg,2fjg:0000466:16369e15c702,16369e15c70246a481427ab00410a69f10d6991ac9e49ee857d61682f4701ce5,0.01350134984,d4_component_default_guard
2fjg,2fjg:0000467:40b4bb9ca827,40b4bb9ca827796f7a4c15c614095769df00f020bda684f92aeadbe9720be83b,0.3762376308,d4_component_default_guard
2fjg,2fjg:0000468:444fe02cf72d,444fe02cf72d12ac919fbda45965fe066edbed59f681f24e8e369fd1a6cf27a0,0.1660666019,d4_component_default_guard
2fjg,2fjg:0000469:549f032c9f71,549f032c9f712d4e69b241d3983e05bc847b64ea8819ca8e4221949d6b478ae6,0.2695769668,d4_component_default_guard
2fjg,2fjg:0000470:02dc697ef7d1,02dc697ef7d1514ecb2e8c5d644d3ea710c3ee1afe11d999b35bb93af14bec4c,0.1732673198,d4_component_default_guard
2fjg,2fjg:0000471:93540cffcb89,93540cffcb890ae23ba75340d463615e1b633eb1e889bb0e96686b9334fbd9ba,0.3298829794,d4_component_default_guard
2fjg,2fjg:0000472:9b5f52fa80ae,9b5f52fa80aef3b2f5edb5897a68873493a1e9a7325c82ccd66bfc9dda33375a,0.06705670804,d4_component_default_guard
2fjg,2fjg:0000473:4c5341ee5a95,4c5341ee5a95be6f847d41154be420942d5899ac2cab31bb857d6e8db76c4c79,0.6728172898,d4_component_default_guard
2fjg,2fjg:0000474:b4c948d1778d,b4c948d1778d6753dee1e1dc3a28b8c255691768ca958f121c52e219337979b0,0.1813681424,d4_component_default_guard
2fjg,2fjg:0000475:ae7a4eb34070,ae7a4eb340702a00b7e4e2a02b2e6f8dc327750981ed4d920512be5f3521d1b6,0.9257425666,d4_component_default_guard
2fjg,2fjg:0000476:68c1a5b3fd6c,68c1a5b3fd6c4779f2aa54fb30bf03793fd970462517c8ae278259593690d1de,0.5855085254,d4_component_default_guard
2fjg,2fjg:0000477:034fec1561bf,034fec1561bfc037580d2ff33282cda2721c0e7df0f0009aa684110cd1885468,0.4500450194,d4_component_default_guard
2fjg,2fjg:0000478:06f9a50d9904,06f9a50d9904f293410c55ed958a40ff210e94812f4d1cd53c3d32d7376066d2,0.5760576129,d4_component_default_guard
2fjg,2fjg:0000479:813b073c1fbe,813b073c1fbed11d47ae72dc41a2a7d400826e53ebd5dbc89f675ed6f3cdddaa,0.813231349,d4_component_default_guard
2fjg,2fjg:0000480:4900e96c1c43,4900e96c1c433463fc1839ea5d46b22177144e52a946ccfd00cb977711b0b701,0.5940594077,d4_component_default_guard
2fjg,2fjg:0000481:903a299f0b71,903a299f0b710a0d1badfac887b48ef35937834a3fb68d71764df870e3f3f2a2,0.7776777744,d4_component_default_guard
2fjg,2fjg:0000482:42d16c825c24,42d16c825c2451df100762213fe78450bad6ee277aceec4f31f11ae6af346c70,0.7574257255,d4_component_default_guard
2fjg,2fjg:0000483:6b805ce6bb87,6b805ce6bb87cbfe99d5a3b1455ea07152e73f3c5380c5034bbcb619561f61fe,0.7542754412,d4_component_default_guard
2fjg,2fjg:0000484:101894ac07ab,101894ac07ab6ece11763060dd9f3a2b7779d0494b525dcb6021ca788b106bd7,0.6647164822,d4_component_default_guard
2fjg,2fjg:0000485:6fd1bcaf0ae3,6fd1bcaf0ae3e40b33606a85828e2c86e12f439abb60e6c5a9e857336ce99908,0.07650765032,d4_component_default_guard
2fjg,2fjg:0000486:b86cce7ba437,b86cce7ba4372a8d89792ccf211d48b68dffd543c2b5d9654e939b295f6981ae,0.7371737361,d4_component_default_guard
2fjg,2fjg:0000487:94ddc7343199,94ddc734319945fe02349785ed25155007920197106c0f44d1a2a0209d46e807,0.4734473526,d4_component_default_guard
2fjg,2fjg:0000488:0211e2534e8e,0211e2534e8e4fa6f857222dd1af5f7929650b993da4400c004357ed4d18676d,0.5031503439,d4_component_default_guard
2fjg,2fjg:0000489:a6e383ebf26d,a6e383ebf26db812e6779d18cefa4d8e8d07990b41085c2f078ab9c4e110594a,0.5400540233,d4_component_default_guard
2fjg,2fjg:0000490:e3b10a425c0e,e3b10a425c0e61afeea823772ead7ad8c20b47804a2604b2862f1c592aa43b73,0.5792078972,d4_component_default_guard
2fjg,2fjg:0000491:8a8845fd8669,8a8845fd8669be893708433eb3ea038ddb608cd6b0ccd765c1662cd37158bc80,0.3937893808,d4_component_default_guard
2fjg,2fjg:0000492:9a8bc41217da,9a8bc41217da957e3feb448da03d4034ba34348a9f788b502bfc15f3b485cb9b,0.7704770565,d4_component_default_guard
2fjg,2fjg:0000493:2bd2420dbdde,2bd2420dbddeb2a1e679b54558eff804e3d6eb2ace62567e749fe4ac1d5b2e04,0.5315031409,d4_component_default_guard
2fjg,2fjg:0000494:b8f3ef2b99eb,b8f3ef2b99ebcce47fd994b6fcbc154b5d3207625d05b2bef8209a725108dcad,0.8883888125,d4_component_default_guard
2fjg,2fjg:0000495:f5b5abedc05b,f5b5abedc05b9d4c4e3e6e74154debb7ce96cf2d520a711519c3dc9466480227,0.5283528566,d4_component_default_guard
2fjg,2fjg:0000496:7759b9c38755,7759b9c38755d07748d0c1a17af278594c853a3b457f0200f190ddfa75cf9db1,0.3123312294,d4_component_default_guard
2fjg,2fjg:0000497:339d46519931,339d4651993109b19849c4429d086a01ce332755adf6786ae8a35e80f5b4bb42,0.5189018846,d4_component_default_guard
2fjg,2fjg:0000498:80b520a66bb1,80b520a66bb16f862e744c545595a88084ce59996cc34ee1d8506908a28f6115,0.5657065511,d4_component_default_guard
2fjg,2fjg:0000499:4b0b1fe411af,4b0b1fe411af993b905c09670836b753df6054f575c1137a47b2e4b9aca12a1d,0.865886569,d4_component_default_guard
2fjg,2fjg:0000500:bc0d57cd8a8a,bc0d57cd8a8abb7678ee0ab1adfe10365bca1684a66857931ae19a8026cd4089,0.5747074485,d4_component_default_guard
2fjg,2fjg:0000501:1f94048aede9,1f94048aede9e41b74a083b3a8d65058146e36d4cfdbd5ad39a4e71d034f620e,0.7245724797,d4_component_default_guard
2fjg,2fjg:0000502:80c743a1c6a4,80c743a1c6a43bc8479bcd02260b215473bd0c341b7c456f705fbd0115c646e7,0.5220522285,d4_component_default_guard
2fjg,2fjg:0000503:03cbe95a5faf,03cbe95a5faf70305c77413d6d20fea888fca681870680d1dd4dff4f8a403ddf,0.610261023,d4_component_default_guard
2fjg,2fjg:0000504:23b508736961,23b50873696125ae05a104d8a300fcc40bf8c3dc771c08267e9ce99aeb52616a,0.486048609,d4_component_default_guard
2fjg,2fjg:0000505:eefd99daabc4,eefd99daabc44a37794b7f9162e654d2034d861da06449d1cfafd75d706d8a2a,0.08235823363,d4_component_default_guard
2fjg,2fjg:0000506:42921f69c882,42921f69c8821e1e9235e40c07893259fd23c89d13d317876c44beba0b9b8d56,0.7569757104,d4_component_default_guard
2fjg,2fjg:0000507:978a3518f970,978a3518f970f1f7fa66bac086d2026bb84fb2620ab2b8ebb4bc6b3798307427,0.3141314089,d4_component_default_guard
2fjg,2fjg:0000508:0ca6bb98c7a5,0ca6bb98c7a548109d57c608e481b5d040f842e0ff7ddea2b1209b52e9eb38af,0.4432943165,d4_component_default_guard
2fjg,2fjg:0000509:b800d1f84e7e,b800d1f84e7e72edac016459ae005f2fffb72670b774518b10ea10aee9164a5c,0.2785778642,d4_component_default_guard
2fjg,2fjg:0000510:d55ddbd6690b,d55ddbd6690b12e14fb945fcf429d81c349846e3e1e90ba4dfbeecca014e2b6b,0.2533753514,d4_component_default_guard
2fjg,2fjg:0000511:ec58f713ca27,ec58f713ca279791b49a9431b35edadf44809466314868cdc4357701535a2470,0.8195319772,d4_component_default_guard
2fjg,2fjg:0000512:a03dae0cded4,a03dae0cded4f869b40942334cec9e8b388fa68256c069732c25dcd86956cb98,0.4882988334,d4_component_default_guard
2fjg,2fjg:0000513:b54e586ced1a,b54e586ced1a65085139546de2716b3b9095010983a0a128c7e48be33968d16d,0.7682268023,d4_component_default_guard
2fjg,2fjg:0000514:5aece03729f4,5aece03729f4a98c5e727e412ee403ca03d382769eaa6e9d6328d6ccdc1851da,0.361836195,d4_component_default_guard
2fjg,2fjg:0000515:de33e9d19938,de33e9d19938705b3e72a491bf189c9b4e484cc440238014e4371e345b8b41fb,0.3262826204,d4_component_default_guard
2fjg,2fjg:0000516:5c281b144360,5c281b144360df09730d4673d2ff088d74cb80e8f22e5b8e185c13617e55068e,0.2542754412,d4_component_default_guard
2fjg,2fjg:0000517:0d0205109050,0d0205109050c684d2f06c6afae8177a507ca714a9a98aa5903ae55d7d8c9f39,0.3447344601,d4_component_default_guard
2fjg,2fjg:0000518:7e8cb8dac3f3,7e8cb8dac3f3e3b20d6bcb6e7aa8f68971a2ae27f2f9f820be7dea3eefcd3903,0.6422142386,d4_component_default_guard
2fjg,2fjg:0000519:9740ad666ac6,9740ad666ac64798c27f28adbcfe04d879629fb8c7da828155f2bbec1b5429f5,0.2394239455,d4_component_default_guard
2fjg,2fjg:0000520:368f39bcd541,368f39bcd54119ec12509881dc21a0b515701874be56d1ad8ef6c04c57c072a3,0.3852385283,d4_component_default_guard
2fjg,2fjg:0000521:09eb73d729fd,09eb73d729fdece26e90741f6eef5a3e7b3eaa7dde96bd18793d3e5b94e90a68,0.448694855,d4_component_default_guard
2fjg,2fjg:0000522:5775260885b0,5775260885b02d23b0a9fcc98b2b6dd6526591f5cfbf63da2954e5d3386d9b37,0.1426642686,d4_component_default_guard
2fjg,2fjg:0000523:82ec13cd9f44,82ec13cd9f448aec7a5250c3c077302071ec7e7cca54752ceb1a553749a7a4ec,0.07155715674,d4_component_default_guard
2fjg,2fjg:0000524:9abdcb155264,9abdcb155264613d1f01a1f65e67ef1dd026aec30f219462f9bc3eecebde5244,0.3663366437,d4_component_default_guard
2fjg,2fjg:0000525:8fbd5b6cca27,8fbd5b6cca27155b95d0aeac713b395e749af2adcb8d4abef765b5db2dd2e08b,0.1858685911,d4_component_default_guard
2fjg,2fjg:0000526:17d2d6a99954,17d2d6a999549585d1dcf388957801087b63a198827ede1ed9e920def14218ce,0.0873087272,d4_component_default_guard
2fjg,2fjg:0000527:95feb4fda970,95feb4fda9706ff7d84ebc65d1c48fe0de49963864b1bd1dbfaf5969c568eec6,0.08955895901,d4_component_default_guard
2fjg,2fjg:0000528:5a168b199638,5a168b199638ae4bd658c16ad18bc4d63b827f29eff4914cbc1503c5baa45f52,0.1935193539,d4_component_default_guard
2fjg,2fjg:0000529:291921770b29,291921770b296b8f90aecc714a414ce56c840203153ea0e9260dc5946ce68f61,0.09045904875,d4_component_default_guard
2fjg,2fjg:0000530:51ad53556580,51ad53556580c4aeb22c5e13bc41c9efba4815e648d9fec9bc59e260887b26be,0.6732673049,d4_component_default_guard
2fjg,2fjg:0000531:eabbd889d5e9,eabbd889d5e9e246bc5d6dbeff67a77b8c9c23f55df012e0286fc902278433c5,0.3253825307,d4_component_default_guard
2fjg,2fjg:0000532:b6cbdad1d921,b6cbdad1d921a63ca08a445ae81c809b9aa4079ce20de0c61c88fcfeac31aef2,0.9342934489,d4_component_default_guard
2fjg,2fjg:0000533:00493c3cfa41,00493c3cfa41d5ea3069cac772775b3ada41cafb4c7b45054b64d8c71395eaa3,0.7452745438,d4_component_default_guard
2fjg,2fjg:0000534:4a493098e9c6,4a493098e9c6e0a018210982fc501ab25aa19d449269398c2d0fded379132b44,0.4482448101,d4_component_default_guard
2fjg,2fjg:0000535:274b91f14750,274b91f14750d399d5a3d40c96bbaeadc83bff4eb8c145b4c7dbc089e7c6cffa,0.3946894705,d4_component_default_guard
2fjg,2fjg:0000536:6fe7e176fccd,6fe7e176fccdf91e70f8755755406741052747d9e74a59268108bae218edf036,0.8091809154,d4_component_default_guard
2fjg,2fjg:0000537:51dc40d8167c,51dc40d8167cb70eafdb5d9ab49b598f599faa31d5701bb134bb3e80779f3a40,0.9167416692,d4_component_default_guard
2fjg,2fjg:0000538:b4e50daf7e41,b4e50daf7e416623441144e1fd02511ddf577540b9374e1d27609ef327f048ff,0.7817281485,d4_component_default_guard
2fjg,2fjg:0000539:1ed9e9fe0096,1ed9e9fe0096117a67c304c3d85c6734c622d7b2e9826417ba9cb1d169e1e6f2,0.8145814538,d4_component_default_guard
2fjg,2fjg:0000540:f95484f1a23b,f95484f1a23be91b88ab041cf3da6002965afc23c5c7a257ca458e79a7756aed,0.7124212384,d4_component_default_guard
2fjg,2fjg:0000541:7b6bcfd60d5d,7b6bcfd60d5de486ca76f4f28a452cba5c75232ff430a1cc654bcae5f10ccdbd,0.7794779539,d4_component_default_guard
2fjg,2fjg:0000542:28e8bc856ff0,28e8bc856ff03a423618221553a069442d2c015e18914feb3e5e7d13b0cdff99,0.747974813,d4_component_default_guard
2fjg,2fjg:0000543:71faac8b63d5,71faac8b63d53b252e4a688fd0754a812194b23e3df92bfcc65879f496983da9,0.1471647173,d4_component_default_guard
2fjg,2fjg:0000544:c26b3a4afad1,c26b3a4afad1e318240e362aee5f10a534126ffc2e050cc9d3941ab5a5ca0079,0.8280827999,d4_component_default_guard
2fjg,2fjg:0000545:3297e1b059c0,3297e1b059c0596d4c354c3ae65d1823bd41c988a1597448a0d11108bc309f2b,0.400090009,d4_component_default_guard
2fjg,2fjg:0000546:ee54b5cdd22b,ee54b5cdd22b622700c83640499b2692988b8da9e37898ca479b868c2afacd2e,0.7128713131,d4_component_default_guard
2fjg,2fjg:0000547:dd44e40fe8da,dd44e40fe8da4f2427d54b32bc8a8a1a6fdbc77dd9cb333b61e18dcd24bcb9d7,0.6035103798,d4_component_default_guard
2fjg,2fjg:0000548:8d7ec48f747f,8d7ec48f747f0e2dc46d4d3c47223f2043d155b1304a7dd584a4bf342ef2b853,0.6334383488,d4_component_default_guard
2fjg,2fjg:0000549:819ef679594d,819ef679594d206f67e982c68bbd1776f846f9d3e70cd08ac1fd973475f89b59,0.9410440922,d4_component_default_guard
2fjg,2fjg:0000550:e5cd7680b4db,e5cd7680b4dbb3861959637953312966f812d12eac7e10b04c8f70c6152229f5,0.658865869,d4_component_default_guard
2fjg,2fjg:0000551:a5a028ba1aab,a5a028ba1aab0625612871b97d6925573e81b4ba8984fb4689ae041dfbf3296d,0.8996399641,d4_component_default_guard
2fjg,2fjg:0000552:9957db1f4c79,9957db1f4c7980c5a98196fbd06579278a2f43d4171cde470ca36ca2361a7d42,0.4077407718,d4_component_default_guard
2fjg,2fjg:0000553:04a0f0862c18,04a0f0862c182c36d69fe9339204be1cf7348b76f9cd34ce6ff9e4d55268e59b,0.3942394257,d4_component_default_guard
2fjg,2fjg:0000554:029ee5060ee0,029ee5060ee04df403002bfda1d34b6ed43d7ae0bbda61173024c00f046948ef,0.5567056537,d4_component_default_guard
2fjg,2fjg:0000555:9eba7d18e4e4,9eba7d18e4e40d97fd43fc1224c3e46d26ba674e525fe75bdd949e485a6c1861,0.8946894407,d4_component_default_guard
2fjg,2fjg:0000556:c31fb19239dd,c31fb19239dde6874dd2dd6337e7869438acf58847d17584a7bb01e609543d25,0.7335733771,d4_component_default_guard
2fjg,2fjg:0000557:7b50dd29ca91,7b50dd29ca91672322ff0844c8bf116ae53056ca31b3b505ade73915cb7b68fa,0.8784878254,d4_component_default_guard
2fjg,2fjg:0000558:6a67f93b103d,6a67f93b103dc734427cbf4230589ff93d55f8c80e23116da6a9981ec7d9c9ed,0.4941494167,d4_component_default_guard
2fjg,2fjg:0000559:3b3db54f801f,3b3db54f801f588f2655448698ba12d3805fd650080ab958206de40ddb95bd50,0.7146714926,d4_component_default_guard
2fjg,2fjg:0000560:a72783cba981,a72783cba981543ed886e3f5c3ff3dd449bb8a6568168ff2f890e99e574e3780,0.4981998205,d4_component_default_guard
2fjg,2fjg:0000561:2b58c6c127b7,2b58c6c127b753bbfd0d1067affa0ad95a8ddc7c60b06955a06310852b16755f,0.1080107987,d4_component_default_guard
2fjg,2fjg:0000562:8bc96d1e8268,8bc96d1e82680d6fc9f7fd2f3cb70867012609f2dc658a1c40c9d37f069e36e0,0.7268226743,d4_component_default_guard
2fjg,2fjg:0000563:ba4e11f3048c,ba4e11f3048c3f14a06aa417d1de66e85269bc9db2b596c7c7a9ff072d6431d7,0.2673267424,d4_component_default_guard
2fjg,2fjg:0000564:4dff8d4baf95,4dff8d4baf9568d1cd8c52ef4d7366470c647dd78ff85fa18d6c4ce8cc5859f9,0.6498649716,d4_component_default_guard
2fjg,2fjg:0000565:75d25f178380,75d25f17838006013fcb99ef50c27f81e956938e7afd7bdbbc0b2a6bbf233eaa,0.141314134,d4_component_default_guard
2fjg,2fjg:0000566:bb7fa5a90c63,bb7fa5a90c636d99ce4b811f40a41260260f2e5a52f8fe0e71417dad445af660,0.3249324858,d4_component_default_guard
2fjg,2fjg:0000567:1d0e3b96e177,1d0e3b96e177397a844a3a2eafe1422fe3223ae934390eb1d19d6395276bc3d9,0.2880288064,d4_component_default_guard
2fjg,2fjg:0000568:ac7a29f9f932,ac7a29f9f932b0c0208abfdb96a706fdb395c53678cc72f3ca2105c13925d7fc,0.8348335028,d4_component_default_guard
2fjg,2fjg:0000569:f8fe9f132cca,f8fe9f132cca01158dc2351967994b5b409a37b0d3b4802e27f081bedbdfbf3d,0.417191714,d4_component_default_guard
2fjg,2fjg:0000570:b92d107787a2,b92d107787a29268fdb6021a0aec631964cf85f500ec8e277acf5c2fd71cdec7,0.9005400538,d4_component_default_guard
2fjg,2fjg:0000571:68eda2e03cb1,68eda2e03cb14349b00ae31f0c847aa997f989748d0623edb21b3c4a48470c10,0.6665166616,d4_component_default_guard
2fjg,2fjg:0000572:d6cbeb9ab64d,d6cbeb9ab64d917f3a90c59f0b46c81cecaa6581476064b22bd6cb630941483f,0.4621962309,d4_component_default_guard
2fjg,2fjg:0000573:dae3d6a386d8,dae3d6a386d82ce9cca2cc457188b27508260d61c462171cf934f581cd2aa59a,0.6908190846,d4_component_default_guard
2fjg,2fjg:0000574:074c10a52916,074c10a52916a6a450ef080107df5de770dd0ccc8accca39466046189e7b59e8,0.589558959,d4_component_default_guard
2fjg,2fjg:0000575:f2d73245b072,f2d73245b0723c40cb79496e7c85329a20ab7ef12134c96faae7096d442ef08c,0.8334833384,d4_component_default_guard
2fjg,2fjg:0000576:4456b57f944d,4456b57f944d8bd005776d2d68cd4c8365499d6ee410ddf05524f010785042e1,0.5324032307,d4_component_default_guard
2fjg,2fjg:0000577:a73cc0ce8c7e,a73cc0ce8c7ed4891f78002a7f4ccf518ebe744b851fcd35b7684902246be544,0.8600360155,d4_component_default_guard
2fjg,2fjg:0000578:816e2314d042,816e2314d04240dae84d93258946c3830423731c1cadbf50b1a23cbf43aa845e,0.5918091536,d4_component_default_guard
2fjg,2fjg:0000579:0fe9ffd6567d,0fe9ffd6567dcac7d358b0975fd81285d75bfe244182e1724f218bc5a7e9ca7a,0.4288928807,d4_component_default_guard
2fjg,2fjg:0000580:8b80a8b866da,8b80a8b866da7e1cf4d9e499c637f59433916aa5f4bcea4f37fa10e437197b82,0.4864986539,d4_component_default_guard
2fjg,2fjg:0000581:7bbb208ea8c8,7bbb208ea8c8782af7242f30495c42f01f19f2e2c13b3312ead32c67163ab44e,0.1350135058,d4_component_default_guard
2fjg,2fjg:0000582:7dfe1a382acf,7dfe1a382acfbb6b775c406ca1d5a5018137052d7c31582bf5124bbff37f99cb,0.7911791205,d4_component_default_guard
2fjg,2fjg:0000583:cbacd5c4a778,cbacd5c4a7787b567688bc3a332f091df560085093fe6b0e9e95fc02b514a28c,0.3132313192,d4_component_default_guard
2fjg,2fjg:0000584:b7ff4ada9221,b7ff4ada9221e0304f1b42d01c4e01b4d6c255ed157b6f273d731c000059e61d,0.6125112772,d4_component_default_guard
2fjg,2fjg:0000585:642af7abe1ff,642af7abe1ff3860101f803b4534da45370966ce9d9eddb55e11929e7e8f3a59,0.3978397846,d4_component_default_guard
2fjg,2fjg:0000586:41c037054f9a,41c037054f9a9d62f7fafb2578510ab0d395c0673622ba24ca4d6703ec919f10,0.5810080767,d4_component_default_guard
2fjg,2fjg:0000587:8910e3af2cf5,8910e3af2cf50031200a1a3d4f68111135f0d0a2510c9f1e43df2c589742d3d2,0.2938793898,d4_component_default_guard
2fjg,2fjg:0000588:eacb37867160,eacb378671605a4290c3c976abb880b7409bea6632b261c5961631f09ae4d5bc,0.8456345797,d4_component_default_guard
2fjg,2fjg:0000589:4d015111f381,4d015111f381f248b621ddee301511e930ecab5f2fb91580dc7816f6c0c46fba,0.6494149566,d4_component_default_guard
2fjg,2fjg:0000590:7febdd48a3ad,7febdd48a3adbde9a6a332dca9d4a77d00e793a345cac942fabfe517c3a68d42,0.2070207,d4_component_default_guard
2fjg,2fjg:0000591:15ef412fd3a5,15ef412fd3a5e82fe43d629a36efb2f0a6f303f0edf9b1592d86544a6966d09b,0.0882088244,d4_component_default_guard
2fjg,2fjg:0000592:9a4610ff83a4,9a4610ff83a47e4a468e482655f38d1519aa46c755e1af84b876f97745983b93,0.3366336524,d4_component_default_guard
2fjg,2fjg:0000593:215a9e8aeccf,215a9e8aeccfa5a078c56f62d8e254074976e07ca5cf306cad26356ac731d253,0.1548154801,d4_component_default_guard
2fjg,2fjg:0000594:f0ea6c7731b8,f0ea6c7731b87c2db374f42889bffbd2e75b8c469850b1de48b655a58dcaf112,0.7097209692,d4_component_default_guard
2fjg,2fjg:0000595:d831d165c903,d831d165c903f7b14b860a6a9c1927184b28cc781d38be56220c2bb7d6b43965,0.2470747083,d4_component_default_guard
2fjg,2fjg:0000596:390da0478bea,390da0478bea4d9de4306b59b255fac12cab3dc30a27af900fa8df1086340341,0.5198019743,d4_component_default_guard
2fjg,2fjg:0000597:846af4ecb976,846af4ecb976935b5105426fb08268e3e926cac58c160a9a2600ee4d7cbdd764,0.4392439127,d4_component_default_guard
2fjg,2fjg:0000598:efab2a5f747b,efab2a5f747bdbd937e09ce2598087c97192d83be4f53fa148ccae7e627beb78,0.4833483398,d4_component_default_guard
2fjg,2fjg:0000599:fc46a0c0275a,fc46a0c0275a3aad738edda6693841e1c1dd1fd3d64a2e188c6002cc94105fc0,0.2398739904,d4_component_default_guard
2fjg,2fjg:0000600:d0531411216c,d0531411216c083791cb5016b74659b9b0d496a02092f460df87fdfb0bddb3d2,0.0180018004,d4_component_default_guard
2fjg,2fjg:0000601:305e0d584b93,305e0d584b93fb011e2fedf0907960cec1d9769ff7ce1c2ce44e2357ad72697f,0.386138618,d4_component_default_guard
2fjg,2fjg:0000602:7aa6eb8fa7ca,7aa6eb8fa7ca9697601cb71328cc49b6d1048bb620c65985ca4d5e12d1a73190,0.1111611128,d4_component_default_guard
2fjg,2fjg:0000603:5e1057aec1b8,5e1057aec1b86b6e10cb0bc8287aa5ab786038e53cd06a5657332dc0a6040db0,0.2457245737,d4_component_default_guard
2fjg,2fjg:0000604:67a3067cc972,67a3067cc9725298e2001d5fe585fd527693d9057e32e6bc718e1d4fdf9cd68b,0.2101710141,d4_component_default_guard
2fjg,2fjg:0000605:6631b33c2c14,6631b33c2c149d598ec08ce3bbddac5dd7bec2ce94f9c181c3eebfca2215e903,0.1165616587,d4_component_default_guard
2fjg,2fjg:0000606:7e9320ffef17,7e9320ffef17e865d32630f3c51e14bf109b03c2ebfb697deb5e750879225d98,0.1332133263,d4_component_default_guard
2fjg,2fjg:0000607:68b7046072aa,68b7046072aa6018682526bf7af1f6995da6ef2ae173a30b871272e27aac1b16,0.2628262937,d4_component_default_guard
2fjg,2fjg:0000608:cd7c879a5776,cd7c879a5776bdfb34b958c59b9328319dc20dfb44035f9775f7fcc67417612b,0.755625546,d4_component_default_guard
2fjg,2fjg:0000609:5d7e33aee32a,5d7e33aee32a8c316d6a0b6670792c534c156f8842b25199d1e4ed0b2d5f2465,0.3658865988,d4_component_default_guard
2fjg,2fjg:0000610:f0db01545b8a,f0db01545b8ae81e6faeba32779fac84261df1c5bcc1eec89d3d5524905d54c1,0.3316831589,d4_component_default_guard
2fjg,2fjg:0000611:4c91895b3567,4c91895b35671ed833604bfbbd6873afd05c582071413904fbd183553452662d,0.2461746186,d4_component_default_guard
2fjg,2fjg:0000612:85ea6bbc06e2,85ea6bbc06e2b6a3a64ebc2d05eab66732c8552a648154bd3891e7bddf227940,0.3258325756,d4_component_default_guard
2fjg,2fjg:0000613:2741e065030c,2741e065030c8c98b897de1cdac873bc3991d3ce1d4015e350b6bb3f0e592993,0.6485148668,d4_component_default_guard
2fjg,2fjg:0000614:b2aaa9a91ce0,b2aaa9a91ce0afc9f101bf1a8d2eaeef2b0ce132517d7404d406b853ead28ff3,0.2623762488,d4_component_default_guard
2fjg,2fjg:0000615:83353f015163,83353f0151633c0163bccfa360ff1325435fe5e99c7fa7c4bf0d1aef09cc4fc3,0.4167416692,d4_component_default_guard
2fjg,2fjg:0000616:8181f6c3bfb5,8181f6c3bfb58b9ed742342b698254b6f926bebd7304f3d6891a44b486f6c240,0.4648965001,d4_component_default_guard
2fjg,2fjg:0000617:58a6c8e3cca0,58a6c8e3cca0bbe01d4d2d4115be015cd15f0680953b63bed06ee8fed654497f,0.2065706551,d4_component_default_guard
2fjg,2fjg:0000618:a539cdb91730,a539cdb91730779bd033f8571fce9f99c5ba13f9a352a4a0121f4028a83f55db,0.06435643882,d4_component_default_guard
2fjg,2fjg:0000619:52367c7974e2,52367c7974e21945f79152feb831446aed842255a32f3ae6f89d398bef75088c,0.3609361053,d4_component_default_guard
2fjg,2fjg:0000620:843f9f7c4480,843f9f7c448088b6549cff96696424c7c24f422f4916acbbd933960e9f72fc8a,0.1984698474,d4_component_default_guard
2fjg,2fjg:0000621:e2bbd037732c,e2bbd037732cb4154f35f02467da733990891e49527328ee459d5559f0c9f9cb,0.1138613895,d4_component_default_guard
2fjg,2fjg:0000622:20b4fc1a7115,20b4fc1a7115d12bf807c271ff758c7554c6645db67e635010cb641cca8771e9,0.07695769519,d4_component_default_guard
2fjg,2fjg:0000623:08be3debf3e0,08be3debf3e05b2f3caa266a2f7495e7dc2e429aeeb984ee73a9bfbc758e89b5,0.2002700269,d4_component_default_guard
2fjg,2fjg:0000624:4c17f7bfc5cc,4c17f7bfc5cca7367d471e1ab3473f15e1fedcadc90282ddbbe43a75f3c0d40e,0.1044104397,d4_component_default_guard
2fjg,2fjg:0000625:a16116272437,a16116272437226d5e8596d19d7501a938c88991fffc1070c1f04b81ccd553ba,0.7029703259,d4_component_default_guard
2fjg,2fjg:0000626:f9657f988c10,f9657f988c1000bcf2930c042749981fbf116851cec247d9a6f822b1c252c948,0.3361836076,d4_component_default_guard
2fjg,2fjg:0000627:f0ce7c391718,f0ce7c391718b378c6ece2b53f8c03e213fed02f06bb5522d686e996cb599ca0,0.8424842358,d4_component_default_guard
2fjg,2fjg:0000628:35d95f112e92,35d95f112e921a87342bd831163d24b936dc21c4be7a63c46356e638297616e2,0.3591359258,d4_component_default_guard
2fjg,2fjg:0000629:aaff84e16f23,aaff84e16f23dea5775df6cef01b5c8a88744ff03078c05e11a204c63c142f65,0.3222322166,d4_component_default_guard
2fjg,2fjg:0000630:31ac716bcccb,31ac716bcccbec0e7c38b4d1bb075aedf0292a65cbafacde382fe815de72b39e,0.2079207897,d4_component_default_guard
2fjg,2fjg:0000631:94b255ef9774,94b255ef97747c79fe976983963fa06415a66f0e1e0ac978cfe14966f811389c,0.4014401436,d4_component_default_guard
2fjg,2fjg:0000632:4fe03d1e728c,4fe03d1e728c77abc7d1856a2c317cdbf3fe161346b7ddabb3ff3de1c543827f,0.744374454,d4_component_default_guard
2fjg,2fjg:0000633:df30f200dc77,df30f200dc770001e300464455e7f5ec4beef1778e165962f9fe7d701e64a4de,0.5193519592,d4_component_default_guard
2fjg,2fjg:0000634:bc4334935ed4,bc4334935ed46646905bbf608ca75d750a153bc1fd3a470237da20353371a26f,0.406840682,d4_component_default_guard
2fjg,2fjg:0000635:c6a7eb88ad00,c6a7eb88ad00bb951359ab5ea1629a21511eaf79a0a7cb653a6257dcd4e60b51,0.5346534848,d4_component_default_guard
2fjg,2fjg:0000636:75067766582a,75067766582acdde7a3e7d6bba50d7f6c7b78c11d8cc7f225eaef7c4b268f447,0.1683168262,d4_component_default_guard
2fjg,2fjg:0000637:f8fb250a9578,f8fb250a95787d780eabb51d6e80acb54b3428116a9b0a22a0723139ab35c487,0.09180918336,d4_component_default_guard
2fjg,2fjg:0000638:2070311c0498,2070311c0498f688132898344f22528293473a386a18cdd29e9c0eb4abef59f0,0.4585958719,d4_component_default_guard
2fjg,2fjg:0000639:f1bd80fc792f,f1bd80fc792f232b6985d0fae50edcd70cd9f7c65146466dae3855344c0cd136,0.165616557,d4_component_default_guard
2fjg,2fjg:0000640:3b5e173c5969,3b5e173c59690c84354ced3d66f3c6c25742593ee8fb943a4fc711fe63bcc6cb,0.3622862399,d4_component_default_guard
2fjg,2fjg:0000641:b18cab92fb32,b18cab92fb32dd8d9f9d04b7652960cf14c00eb695e93af7b4d31f7f32ad0eb1,0.1638163775,d4_component_default_guard
2fjg,2fjg:0000642:e44aa3961840,e44aa396184063ec11499d9ff883605261226ce148623ac9890a6bb83b498618,0.3496849537,d4_component_default_guard
2fjg,2fjg:0000643:4f84adf52165,4f84adf52165b7d7a8fd75138c8746cb516c6e4998ede6290f3b0f12a9c76c53,0.1705670506,d4_component_default_guard
2fjg,2fjg:0000644:7973d0750d38,7973d0750d38226bc63867cdf49283e1394e53c597908e7fcc1240c8255c21a0,0.6813681126,d4_component_default_guard
2fjg,2fjg:0000645:ab3bf6ab7783,ab3bf6ab778351e41a8361735ae79af2be2d44249fee168d50fa94de2117db1d,0.2358235866,d4_component_default_guard
2fjg,2fjg:0000646:a8048742d5ca,a8048742d5ca23fbea1f163fa083e36d48c1a4b3a4a8d3e7adec97ca7c847ad7,0.6507650614,d4_component_default_guard
2fjg,2fjg:0000647:fee869f4376b,fee869f4376b38f3c2e885c61602ea5b4899fec02c762fca869e7cdf6d478733,0.1948694885,d4_component_default_guard
2fjg,2fjg:0000648:9985b9471546,9985b94715467b64bd3c45436a4427166b8e89fb60822e6736c52b6d26edd662,0.08685868233,d4_component_default_guard
2fjg,2fjg:0000649:6b7b19df4c3e,6b7b19df4c3ef107e4af72e5d55c3564df5c775050baf8582080e397f210d4d5,0.3289828897,d4_component_default_guard
2fjg,2fjg:0000650:b4c077702fd3,b4c077702fd35d777e04c11e069d499d3a4d3161f1603f299796665d9891bfe0,0.127362743,d4_component_default_guard
2fjg,2fjg:0000651:c05679c834bd,c05679c834bdec558736bb575a470a1de2167865e5ae32a0b02fac837a41f40f,0.7007200718,d4_component_default_guard
2fjg,2fjg:0000652:aa312ff8617c,aa312ff8617c0a455563d98f42f63061f5f3debdb6cf0a69827f6d9cb069a11d,0.2281728238,d4_component_default_guard
2fjg,2fjg:0000653:89eaae7638d5,89eaae7638d518b243c5c5c605bd1d22dbf14ad191bcc2e9d2fcd003e0ccf429,0.5225022435,d4_component_default_guard
2fjg,2fjg:0000654:c8da14618e07,c8da14618e07108fb1963fbe690e747e1617373272dd38999dbca65342c8f1a7,0.4536453784,d4_component_default_guard
2fjg,2fjg:0000655:bd74c05e08c5,bd74c05e08c518c0830f3b21bf67fec3cb12259d64a273b3c319149c23c48b5f,0.4770477116,d4_component_default_guard
2fjg,2fjg:0000656:bcdd77be6f20,bcdd77be6f20724fd05c2f27cec7fac78b9a83572ffe9ccf877e0d21000b7677,0.2371737212,d4_component_default_guard
2fjg,2fjg:0000657:08b831512e27,08b831512e2757bdda339dcd18be4c89f54aa76b18d422b32902bbc8ca865f5f,0.01755175553,d4_component_default_guard
2fjg,2fjg:0000658:65f278e0b199,65f278e0b199403d472db2cd6bd97c6d89472abf0aa1b2f33410f89a9e26fbd8,0.3834383488,d4_component_default_guard
2fjg,2fjg:0000659:d6a8efc1eea2,d6a8efc1eea20981501ee3292e00ceb078ebaad6fd18a2529669d268a10f1d55,0.1017101705,d4_component_default_guard
2fjg,2fjg:0000660:b70d2522c238,b70d2522c238b659532eca54d30b714f4af91fdbaacba027907e608200f83d20,0.2299730033,d4_component_default_guard
2fjg,2fjg:0000661:220210836021,2202108360212c14b995a0fcb2521b29fcabfea34185f8433bfb915834d1a419,0.1584158391,d4_component_default_guard
2fjg,2fjg:0000662:6b3a6546e0ea,6b3a6546e0eaab694d0279cb2472f166553526786faf888dd748fd455b7a85aa,0.1156615689,d4_component_default_guard
2fjg,2fjg:0000663:060404ab256d,060404ab256dafdf087da9f5e086e6eb1ff73a024b418aba48383391bb265dce,0.1246624663,d4_component_default_guard
2fjg,2fjg:0000664:2863df547c3b,2863df547c3b4280081ee730b1512c5ec6415340069069a1f24a140d85c01f21,0.2646264732,d4_component_default_guard
2fjg,2fjg:0000665:93dc872e90da,93dc872e90da51c35ecab734fd0e1a0def85285e1487a5fe6a2a1c98de7b1180,0.9126912951,d4_component_default_guard
2fjg,2fjg:0000666:1c61986f125d,1c61986f125dba6b3e3b0f1cf08bdfe25d9a1dbc094d6bcb5e94e63c95893a3c,0.7412241101,d4_component_default_guard
2fjg,2fjg:0000667:ba0849d80153,ba0849d801538bfa0e7776e41720e341517bf48412c78c22b663e3723b91b947,0.4338433743,d4_component_default_guard
2fjg,2fjg:0000668:d1c53fd3157d,d1c53fd3157d67b2ee79e03dc1e0bfb3407d81ba66491fbce2c53dbea44a78ff,0.6165616512,d4_component_default_guard
2fjg,2fjg:0000669:8a7536275ab8,8a7536275ab88df4b9a3211d7cd4bd85d98de1e21f7dcec09f75951d684f0666,0.6755175591,d4_component_default_guard
2fjg,2fjg:0000670:9d73fc77bccc,9d73fc77bccc3bf43c333917cd83b351d96f2e6879765c7d0cbebe77acc52461,0.8100810051,d4_component_default_guard
2fjg,2fjg:0000671:d78b2a9b9132,d78b2a9b91327cba23047ff090fae5a9e7816c274b59cf0b2588ee93a566b36f,0.6683168411,d4_component_default_guard
2fjg,2fjg:0000672:79dba4301c31,79dba4301c315d47d5de371a90c85f558e39b0f1fa49bb324b91258a97a0cfc4,0.8267326951,d4_component_default_guard
2fjg,2fjg:0000673:bcb719a8c438,bcb719a8c4386b8fd532f30ca79f5594c9cd187db64ec760e2310e590a8659c3,0.5463546515,d4_component_default_guard
2fjg,2fjg:0000674:67b027f50b72,67b027f50b72b4d84cf57ffa42c1f9af64ab5ef9cc11f117b9403e34c058923a,0.7862285972,d4_component_default_guard
2fjg,2fjg:0000675:e9009b41294e,e9009b41294eecf54f49876c4af85c98db716b6fc0d52865cc6289b7f8a8c882,0.3469846845,d4_component_default_guard
2fjg,2fjg:0000676:74c5c3bc0c04,74c5c3bc0c04d056c2224779dd1a8f681c977e9469ff1f97ff22a059a48511ff,0.1008100808,d4_component_default_guard
2fjg,2fjg:0000677:714714bfdb1f,714714bfdb1f50c35bd9f2b10337d56e6044bceb976db9b42980f09d9be013fd,0.7142214179,d4_component_default_guard
2fjg,2fjg:0000678:9eed2db4112e,9eed2db4112e4a31c3e3b14ea9f18e7026832ede2fa5e40e7c8448024c37ac9f,0.3177317679,d4_component_default_guard
2fjg,2fjg:0000679:6415ed7549ec,6415ed7549ec809d564876ea2509d8b54eafda57e7db54890315062c9c2e7bd5,0.5684068203,d4_component_default_guard
2fjg,2fjg:0000680:c710e8cba084,c710e8cba0843eeb5ee809731035ed3b02f765423d3a0b0c09dda091990e603e,0.5364536643,d4_component_default_guard
2fjg,2fjg:0000681:dfeba86e2d51,dfeba86e2d51a1394c24378f9d8d7cc2ad123ead9e3ee9ea3dec3a6ce03d6fac,0.4824482501,d4_component_default_guard
2fjg,2fjg:0000682:ec6a9ad5b63d,ec6a9ad5b63d043890d7c1d1cbd5ff3b587ed9f98f196ea0bcd0162c48e2330f,0.9113411307,d4_component_default_guard
2fjg,2fjg:0000683:33722e827763,33722e8277633050386b153c17e51941a16a21ad1cda9ec00c30a4802cc737ed,0.4954995513,d4_component_default_guard
2fjg,2fjg:0000684:c875303a50b8,c875303a50b870a8c92a6dd602e9f7737dde94a967fc293e8f4dc9ff756f2caa,0.934743464,d4_component_default_guard
2fjg,2fjg:0000685:3d4f442601a8,3d4f442601a8c5b6131da1231babc77812c3d8d18b35b9a7e45330b3c6a9dbef,0.7025202513,d4_component_default_guard
2fjg,2fjg:0000686:5bfeb8defa23,5bfeb8defa238f464bac4fc97a9c4556d15815ea56ce12006e12fa0c5b27dbb7,0.6048604846,d4_component_default_guard
2fjg,2fjg:0000687:1fbfe08215ba,1fbfe08215bab3cec9c3247efad32031ceec25887235024683cb09a718352169,0.327632755,d4_component_default_guard
2fjg,2fjg:0000688:c9cf2511c8d9,c9cf2511c8d93ff26f9c0dddea109df48a87ebbdfacbca350273dd2dfadb54fd,0.5054005384,d4_component_default_guard
2fjg,2fjg:0000689:e816e18a706c,e816e18a706c12d81a9b6fe9601778cf5a0cbeb2055d28eafb878985ec7f1f4b,0.8708370924,d4_component_default_guard
2fjg,2fjg:0000690:2d0956526f82,2d0956526f821899eedc2634ed6f1711f038a9a97f9b6dc800c50e2541b479cf,0.5805580616,d4_component_default_guard
2fjg,2fjg:0000691:be8146670ee1,be8146670ee1d2fc615e9899647d59b9b69a248404ed50f44fb898a3476e35a1,0.6696669459,d4_component_default_guard
2fjg,2fjg:0000692:4a49d563d5b6,4a49d563d5b6cd79acbc8384560962ba1287a5f0d5723b66094469332126e8d5,0.6849684715,d4_component_default_guard
2fjg,2fjg:0000693:3e4acb5e1e59,3e4acb5e1e5978baabda9e2d03e0bd421543619d0845ef6c56ce05d9dd6da997,0.8487848639,d4_component_default_guard
2fjg,2fjg:0000694:9c0a13a937f6,9c0a13a937f667c27d9a32a034bffdce3e20e63db2045af3102ef79563d14d1b,0.6206120849,d4_component_default_guard
2fjg,2fjg:0000695:67031cfbe421,67031cfbe4212786ff675ccf132df4990a45a86f761bc78007196b06562876b8,0.03195319697,d4_component_default_guard
2fjg,2fjg:0000696:c9f06404c70b,c9f06404c70bd3529b1e162356feab643bca144e08339d6078fb1822ace74d80,0.6710171103,d4_component_default_guard
2fjg,2fjg:0000697:27c8480754ea,27c8480754ea7120067eba9112ba0bf94e2723e43fc6fafac0d0b11b51bb41eb,0.2704770565,d4_component_default_guard
2fjg,2fjg:0000698:5b0238431a1f,5b0238431a1f151d2d0a52928e0d1b1790bfea451af40ce39b3ebf935892a87a,0.3474347293,d4_component_default_guard
2fjg,2fjg:0000699:2a44aa98fbf3,2a44aa98fbf390c2eafaed8783343809026a3d22027beb6e474054973da6b5e0,0.4990999103,d4_component_default_guard
2fjg,2fjg:0000700:6664c0ca1c98,6664c0ca1c9851632e47659652e7d8f4af75c538ad0173ea31e7512d3deb9a22,0.3456345499,d4_component_default_guard
2fjg,2fjg:0000701:68ca26ded90a,68ca26ded90ab4293fba12854c8c0e0f93649ca0e5df4e8298c851cce6927517,0.8568856716,d4_component_default_guard
2fjg,2fjg:0000702:df4b1dfd2aa4,df4b1dfd2aa400792814a061e7c3d56a426037de101ffde3254a3ba7c48e4db2,0.5270026922,d4_component_default_guard
2fjg,2fjg:0000703:856fa1dd9348,856fa1dd9348f213314ef4ede93fedaee55de3d2d59335440de5d616ae7814dd,0.9522952437,d4_component_default_guard
2fjg,2fjg:0000704:2b3434d9a458,2b3434d9a458c3fd1a29b4f97bd069ddb8593882ce40604e49972341afb1eec6,0.7673267126,d4_component_default_guard
2fjg,2fjg:0000705:e7f41a7cc87d,e7f41a7cc87d13de988b088ce02d16a86aa10cb346441916f08b219d062b9471,0.4729973078,d4_component_default_guard
2fjg,2fjg:0000706:3cd4e996f3f2,3cd4e996f3f297c89e0583473049affef544a4d085949ae923822240da658824,0.6723672152,d4_component_default_guard
2fjg,2fjg:0000707:9f6f07eedfc3,9f6f07eedfc348af99d76cabd6b46f2cf79defea05dcdfb3913ee62fcdb5261f,0.7002700567,d4_component_default_guard
2fjg,2fjg:0000708:f5b70749241e,f5b70749241e01dc9a1c33198794947c9c80b6ec05bca377bb8dc86960213f64,0.9212421179,d4_component_default_guard
2fjg,2fjg:0000709:4f3272327331,4f3272327331ddc317df79da18f86ada6ad3af51390397a6959ecc3a1a428f9c,0.7340233922,d4_component_default_guard
2fjg,2fjg:0000710:4aafbaa1ff69,4aafbaa1ff69233a4ba900fec2e501b1b82a873d643dd335bfc6ba77fd101463,0.8906390667,d4_component_default_guard
2fjg,2fjg:0000711:3c7313c80c5b,3c7313c80c5b9ddaf208a0cf4541b6aa0d2ec27bdf7fa11a0dfa7d1d306ca650,0.7376237512,d4_component_default_guard
2fjg,2fjg:0000712:b9ad318235a3,b9ad318235a395f1a28b7ba003ea63054bacf0687478165d2ecd62828cc5834d,0.7551755309,d4_component_default_guard
2fjg,2fjg:0000713:ddee79005601,ddee79005601d4981e28614c98bc7445531162bf608f09853a61b71379c74ea2,0.609811008,d4_component_default_guard
2fjg,2fjg:0000714:5d548f25893a,5d548f25893a7b94d932909ccc087cc7ee136943d400bea724b9fa23d755ba68,0.4333933294,d4_component_default_guard
2fjg,2fjg:0000715:220932e88d9f,220932e88d9f86aaa38ec59a6a34049f8e434e4620de848609eb5356ac0c9352,0.8289828897,d4_component_default_guard
2fjg,2fjg:0000716:2b4006425b0b,2b4006425b0b001f32438cfa8103517165058d6ad318c3b8bf77e180105dbd6b,0.6269127131,d4_component_default_guard
2fjg,2fjg:0000717:3c7140054254,3c7140054254a1d1fbf0d47bd4abd430db768b473dd3f88c62defe0e86d817e5,0.3829883039,d4_component_default_guard
2fjg,2fjg:0000718:23e4d4c6db97,23e4d4c6db973c61f0a038ba24367214224eca11db9485b21c2a1646cdaf2f02,0.7043204308,d4_component_default_guard
2fjg,2fjg:0000719:8d006e3ec7a7,8d006e3ec7a711269018002d76b58149df646139f8027866195eb54bee972880,0.3600360155,d4_component_default_guard
2fjg,2fjg:0000720:8efb9738bb75,8efb9738bb754aec94edca0b9246fabdfa0b7abbc0c5c72b016b65828eec1af9,0.906840682,d4_component_default_guard
2fjg,2fjg:0000721:4eb9b6c3a279,4eb9b6c3a27986f98f1f03af4d5f450192967214d609fef001a07df6028a5f81,0.5094509721,d4_component_default_guard
2fjg,2fjg:0000722:d4bcfd86319a,d4bcfd86319a62f9c4776646ebe2eb358a9f58428ac7aba610f3404e8e830a94,0.1039603949,d4_component_default_guard
2fjg,2fjg:0000723:3f21ea3dc60a,3f21ea3dc60a6c47c94ffe264d6dee6958bc279a4985e39fa276e3b4a1fe04e3,0.04185418412,d4_component_default_guard
2fjg,2fjg:0000724:c3a89878589b,c3a89878589b0274da9e89557c485c52950849476601ec8e8c1c2992bef2d1c8,0.06840684265,d4_component_default_guard
2fjg,2fjg:0000725:5d0127bff126,5d0127bff12620c897869be9a5ed5ca620fd4c5c5aed81791adf34311b78c0cc,0.1062106192,d4_component_default_guard
2fjg,2fjg:0000726:f51dc0d474e0,f51dc0d474e0dce803ac77015f56ca32acf774b352a873d6eff60ad639e866f3,0.2821782231,d4_component_default_guard
2fjg,2fjg:0000727:d0502c9b5aab,d0502c9b5aab83f3f644fb961514a3f3a9c7abb73b00b6bfcd5d5fea387c2939,0.1278127879,d4_component_default_guard
2fjg,2fjg:0000728:ea0eeb0a9671,ea0eeb0a96713a536a27fdfebd2f2d0cdd070b5f3bb0fde80dd0c72fc9e6d793,0.2016201615,d4_component_default_guard
2fjg,2fjg:0000729:44daddf9d40e,44daddf9d40ee64ddba5055785dc48edb71a6d3b28b23e6980ce14cedb8c1ff4,0.1939693987,d4_component_default_guard
2fjg,2fjg:0000730:7ed45938aeb6,7ed45938aeb6bce8091586bf94acc2f19e53501e58b83dabaf5105fe894ae83b,0.0783078298,d4_component_default_guard
2fjg,2fjg:0000731:8a6bbc91e188,8a6bbc91e188149e695735cfd9e178732938d25feb4f566fcd2275c53221f336,0.1557155699,d4_component_default_guard
2fjg,2fjg:0000732:dcbd691a46ea,dcbd691a46ea48471f255ea279c4d354c097b8ada3836d2b9553df8f7a4a96f8,0.00135013496,d4_component_default_guard
2fjg,2fjg:0000733:c08ef0a3cfbd,c08ef0a3cfbd563f6c849bf60604b945db9420317af9dcdfe333026f760a1990,0.04230422899,d4_component_default_guard
2fjg,2fjg:0000734:0bfcf4c90c55,0bfcf4c90c558920e9a92641dd611d3e7661ab960d53c9b49a138b7773240e4d,0.07020702213,d4_component_default_guard
2fjg,2fjg:0000735:bb204ca8790e,bb204ca8790e590e27be8a478783f6fe8794a19a4695568155908a3f2738243f,0.1467146724,d4_component_default_guard
2fjg,2fjg:0000736:e994b18aa495,e994b18aa4954283d7bd297da1f8a79678364bc0d164152b2fc403ca2b3dfeaa,0.01710171066,d4_component_default_guard
2fjg,2fjg:0000737:66a2a169314a,66a2a169314ae8a0d2e7399f79b3343d76ff8222db69c90b6fd15ae22019628e,0.06165616587,d4_component_default_guard
2fjg,2fjg:0000738:7852b593c707,7852b593c707ee06dee935431bf7c439f397744faa7abfaed74ed9246ad8d143,0.007650765125,d4_component_default_guard
2fjg,2fjg:0000739:0ef501908d87,0ef501908d87f3eaa394c6aa039b0d64a79d342867e0581ecd2769f8a5ba109f,0.2983798385,d4_component_default_guard
2fjg,2fjg:0000740:4e38358a580f,4e38358a580fd00a2d40d4a2db40d6bc36199382a03ddb066419f603db61afd6,0.03240324184,d4_component_default_guard
2fjg,2fjg:0000741:7546d53dd79a,7546d53dd79a828c6744c1d608792b30ef38e1cd601216cb67fcbed1042950f0,0.537353754,d4_component_default_guard
2fjg,2fjg:0000742:5468542093b6,5468542093b664952ee53430c300f97400cd613c5fcdf580c8ba160ed9a5bab0,0.3420341909,d4_component_default_guard
2fjg,2fjg:0000743:d1c5c2890e14,d1c5c2890e14db9916a6b8c3ea30089dacf08c3c63ce0093e13758cb9ff9b363,0.1962196231,d4_component_default_guard
2fjg,2fjg:0000744:fafe409e8397,fafe409e839784142814f90b61eadc0cbda36943376a4449ace9b3e0ce3d64b0,0.1291629225,d4_component_default_guard
2fjg,2fjg:0000745:f2c4c934caae,f2c4c934caae2784d505372d5a1962ec818638b2ee8381ec46a8ffba34eeaccd,0.268676877,d4_component_default_guard
2fjg,2fjg:0000746:041b7655599c,041b7655599cf49d070acc3a550ea26266300cbb7241c1eb3f4e779c6aa036ac,0.5814581513,d4_component_default_guard
2fjg,2fjg:0000747:ab17a4d34052,ab17a4d34052e357ff779d019506e6298147d8b55d6f7e97a2174360c4f50489,0.2659766078,d4_component_default_guard
2fjg,2fjg:0000748:36fd83bbbf15,36fd83bbbf15ccf045fcfb9c4a6583beaca20148ec0942aa3c7c9900ef5a1b22,0.4779478014,d4_component_default_guard
2fjg,2fjg:0000749:ec775d58e50d,ec775d58e50d16fbeab2f6d95b9143385411c490c52e48a3f7d014ccf58e0065,0.4297929704,d4_component_default_guard
2fjg,2fjg:0000750:8ae0fee2ba88,8ae0fee2ba88efb281886fed9d39b68b6896e26002dd71c30bddf3f4062d0084,0.424392432,d4_component_default_guard
2fjg,2fjg:0000751:e5702968ec77,e5702968ec7719ac606a253f4ccc4270e0294d9f21f55aed736f0d2d66013471,0.2943294346,d4_component_default_guard
2fjg,2fjg:0000752:a470b45f809a,a470b45f809a61b13727e6c26f1dc364833bba4bc15c68ccb727875b7d2678ba,0.0211521145,d4_component_default_guard
2fjg,2fjg:0000753:84b3aff08210,84b3aff08210685d101e28f9301ef35d4b743471c0af6c78e786312b5df59c77,0.1314131469,d4_component_default_guard
2fjg,2fjg:0000754:3b7e997deed5,3b7e997deed5cdb4e86d14f4dc3484cc5c607b1afea6dd3fd823d9eac474badb,0.2727272809,d4_component_default_guard
2fjg,2fjg:0000755:4bb9463b5127,4bb9463b512779500a232f1a1946c13755b49704bddf9d3b0301c69e23b919d4,0.1264626533,d4_component_default_guard
2fjg,2fjg:0000756:7f738df4b5b6,7f738df4b5b60455ed06f1fa634d7403216807893e3b5877c24c851b07aabbbf,0.2520252168,d4_component_default_guard
2fjg,2fjg:0000757:e34b4b7cd7ad,e34b4b7cd7ad16ef4514dca23e403a3839888e21ba0b17600fdc236320796e6c,0.07560756058,d4_component_default_guard
2fjg,2fjg:0000758:c5f21062b82f,c5f21062b82fb6797a86156b7e8690b709bb1a92515faebf1b23cfbbfac1c4e8,0.5904590487,d4_component_default_guard
2fjg,2fjg:0000759:16fa73034d6b,16fa73034d6b8f246d166e5406811a56051562f2d93fcb30324636ac28991f4b,0.3397839665,d4_component_default_guard
2fjg,2fjg:0000760:1b1e57b24959,1b1e57b2495943451c47dd9c93052fb7036bec3f4020445b006d77aee395dd2d,0.7502250075,d4_component_default_guard
2fjg,2fjg:0000761:76b10be565c7,76b10be565c74e6d68ac42334cfd91fb32b29ed9b79bd7ab5aebf5ff80b01b90,0.2794779539,d4_component_default_guard
2fjg,2fjg:0000762:d50b1f43cb84,d50b1f43cb84a59fde9eba34dbc3eae5914858aef2575feca6852277cede3bd7,0.3424842358,d4_component_default_guard
2fjg,2fjg:0000763:0ff4965aeb1f,0ff4965aeb1f253b214d311733f1e414bd8c52877b54fc20e77452648bcdbcd3,0.1633663327,d4_component_default_guard
2fjg,2fjg:0000764:7e015cafa5c1,7e015cafa5c1b4e393a19907414c02ee690a0d757f370e45fd615eaf6a48ccff,0.230873093,d4_component_default_guard
2fjg,2fjg:0000765:a160cd62f921,a160cd62f921413368bfda6e84db9e73ec718088d57ab4769d0e8e730e7f60c5,0.365436554,d4_component_default_guard
2fjg,2fjg:0000766:9347121ef23f,9347121ef23fd8898af30d8fd237bc6b0f558664c443050493fcdad2830fcecf,0.5391539335,d4_component_default_guard
2fjg,2fjg:0000767:a510190a8a0e,a510190a8a0e9b36e8677c760dca81d27a71b40ec5bce2c9612f9413f181719d,0.4005400538,d4_component_default_guard
2fjg,2fjg:0000768:05f7033dfa01,05f7033dfa01eeda676879484734c8430319bd25475e517d8da77c32f574e092,0.2227722704,d4_component_default_guard
2fjg,2fjg:0000769:594bd5ba70e0,594bd5ba70e0b2a3abcb8847bb365d0fd64eb00dd1a26b1a85b6f3e3b36b045d,0.203420341,d4_component_default_guard
2fjg,2fjg:0000770:bc4b04cb2921,bc4b04cb2921f817d7e49a48796325e4f79b62eb4a7936c1aa11a794c913973a,0.01575157605,d4_component_default_guard
2fjg,2fjg:0000771:78395132e315,78395132e31518bd1960ecb7dfbd3b1cbbf8ef09bb3abb86f097f476d51447e3,0.3703870475,d4_component_default_guard
2fjg,2fjg:0000772:ff262f45e7c5,ff262f45e7c5ee5d290c6314618b30e27a755dc77511f83865dbd5693ac44e22,0.1723672301,d4_component_default_guard
2fjg,2fjg:0000773:234cdcf4ba29,234cdcf4ba299031c74105e7b34a4d3a6324a77d1d312c91194f02f006f8337d,0.2848784924,d4_component_default_guard
2fjg,2fjg:0000774:ad3ddbe37d55,ad3ddbe37d556f886f68e203a2137f089f4fd117638ffed825f76d8cf083d684,0.1818181872,d4_component_default_guard
2fjg,2fjg:0000775:6d54beaaec12,6d54beaaec128550a295ec842d1bc8317f97492dd3f07a3edefad18c2caeac4d,0.3519352078,d4_component_default_guard
2fjg,2fjg:0000776:0bc8b59da5ab,0bc8b59da5ab185964f66b9c76924e33ce615340d5323e9638adef219441268e,0.06345634907,d4_component_default_guard
2fjg,2fjg:0000777:fdb8a9295060,fdb8a9295060f9297016fbe0a933e5977a026978775f25c347632dbf2886bbfe,0.6669666767,d4_component_default_guard
2fjg,2fjg:0000778:160f20b47ed0,160f20b47ed0e9e96a3dbebe68863c52e95b84ca5a29a66b095936541a5ba29a,0.1782178283,d4_component_default_guard
2fjg,2fjg:0000779:2d7384f91ef3,2d7384f91ef389b984ee539c25f55920feb7c5f186bdb8d50d0536e9160fc97f,0.8730872869,d4_component_default_guard
2fjg,2fjg:0000780:3079e9bb6566,3079e9bb65669659d24a6e8fadd8bc12969720a3b9bed77536376c1f22be3250,0.489648968,d4_component_default_guard
2fjg,2fjg:0000781:321c92342af2,321c92342af22604f86ffd80a70c429b686bb55147e5a39adeb74e73113481f6,0.2254725546,d4_component_default_guard
2fjg,2fjg:0000782:59fa49c51e1b,59fa49c51e1b8dfb8887ebb1f0061b3a1be90c4635e5313d0a7ecf55419649e7,0.420792073,d4_component_default_guard
2fjg,2fjg:0000783:9a42b233ff9d,9a42b233ff9d88a558f2e7608d7bb8f450d3034bbfb505d8f30b453536051fbf,0.4567956924,d4_component_default_guard
2fjg,2fjg:0000784:f1f1e3559a62,f1f1e3559a62081d54566f119cb67d38515bbde1843840529d523d2d79984abb,0.8024302721,d4_component_default_guard
2fjg,2fjg:0000785:97c043213ebf,97c043213ebf6e36a2fa85d31e9afe17510e55b835206e757f4789105e9512fd,0.4522952437,d4_component_default_guard
2fjg,2fjg:0000786:51d5808b951e,51d5808b951e0755e69b55da912c17979fbe0e351889044765bddb7db6623d80,0.6881188154,d4_component_default_guard
2fjg,2fjg:0000787:64eabe1f0f2a,64eabe1f0f2a7e61e72003cecb1caa52c9694ba019d8a44904e2b861b74e77c9,0.5015751719,d4_component_default_guard
2fjg,2fjg:0000788:6bf099a839a6,6bf099a839a68fa5ccb0455d8c2320db4c2b91c58bc85ccf96df35625e5ba81c,0.2133213282,d4_component_default_guard
2fjg,2fjg:0000789:5ad94d152423,5ad94d1524230d4603d1f82076ecc460a2d309a8116d449c15c214f435279a25,0.03690369055,d4_component_default_guard
2fjg,2fjg:0000790:a9c2125f44d7,a9c2125f44d7fe19a56846d428156f42e325c470d4c5ab47e0328cedd7c8a6c7,0.6197119951,d4_component_default_guard
2fjg,2fjg:0000791:545ad502f7c0,545ad502f7c008fb4bb0a1f9679c0f55ec21735d1cbdb7623aa15611617a4ecb,0.1503150314,d4_component_default_guard
2fjg,2fjg:0000792:b40f5a4d07b6,b40f5a4d07b6298d8a44a73c48c717b2570b2c13d42a8b7108be165806aef510,0.4437443614,d4_component_default_guard
2fjg,2fjg:0000793:f3c39b7f08d0,f3c39b7f08d0d410110bed7c91984cadab68d8b71fe597d85af0ed3f16b6c8b6,0.1237623766,d4_component_default_guard
2fjg,2fjg:0000794:f5f97ffa7bac,f5f97ffa7bac947704f52223a36e15ef79ca8cac73adfc76d27326bb93091c02,0.2565256655,d4_component_default_guard
2fjg,2fjg:0000795:3074cd1dfa0b,3074cd1dfa0b519fcdd0358234fa6493dbd8992969bdc91dcaf69e5d23c1fc19,0.07740774006,d4_component_default_guard
2fjg,2fjg:0000796:1b1010dd0a97,1b1010dd0a979744bb8741a625baf2f1e90bc2003c8e7ee6f4a51bb04333044c,0.7875787616,d4_component_default_guard
2fjg,2fjg:0000797:aba60b79b472,aba60b79b4725ed87f686f0cb3c6cea3666d729736652be886133190b8fcaf79,0.2340234071,d4_component_default_guard
2fjg,2fjg:0000798:229cc4c42435,229cc4c424353cd4773e720ecf441f4ba9a27fff62f7c8cda85f5ff5947fb705,0.7529252768,d4_component_default_guard
2fjg,2fjg:0000799:2e30c9f11bf8,2e30c9f11bf86cf5cf7e632194d2c9db649188260b1c8e813230cbb5f9fba52c,0.2664266527,d4_component_default_guard
2fjg,2fjg:0000800:4c7405cc7d0b,4c7405cc7d0bbe735c90b2a8e8ef4bb3572878a5794fd4278555f4fe76bc2e1d,0.3559856117,d4_component_default_guard
2fjg,2fjg:0000801:4b099f008ab5,4b099f008ab5131555fc46cfb2ff570785450e2531ffa0796e85b71b9dbd7e55,0.1611161083,d4_component_default_guard
2fjg,2fjg:0000802:566e1976792b,566e1976792b02c49809d6b9bad861708b6462e900e6645cc7b46b37ed84147d,0.2295229584,d4_component_default_guard
2fjg,2fjg:0000803:a0cf1f69b9f5,a0cf1f69b9f5aaa4eb5d36e11e346890262dfdea5c43064655c2d7c561b98e2d,0.3672367334,d4_component_default_guard
2fjg,2fjg:0000804:3438cc3fce53,3438cc3fce5326ee5ed96d2d6acc29dc8059e915fd491b2d9eb56c49fe073555,0.5949594975,d4_component_default_guard
2fjg,2fjg:0000805:ffb537a7c873,ffb537a7c8731df1341f83195bd33f84957a35993f6fa8912df277890ac37cbb,0.4059405923,d4_component_default_guard
2fjg,2fjg:0000806:9454f36d5058,9454f36d5058ca6e8f2d563f042e7257d96a25e35d6ee883c1b7beba2f58046c,0.2349234968,d4_component_default_guard
2fjg,2fjg:0000807:dbba5ecaca9c,dbba5ecaca9c91d505b20f7fa46ec6a1fd0abc947fcad69086294d124ee8aa9c,0.2106210589,d4_component_default_guard
2fjg,2fjg:0000808:6c39bba51846,6c39bba51846788170fd784ccc5748bc648fecb61a798f410c58b7e6de3f13ac,0.0126012601,d4_component_default_guard
2fjg,2fjg:0000809:caa4e7c9987d,caa4e7c9987ddf57845e9ac56466877ada1acbd9f3f3398839b97ae00af27738,0.39648965,d4_component_default_guard
2fjg,2fjg:0000810:834953f37a67,834953f37a67359738cc375c453281bc0da50c9dad856a692b30868e814bd254,0.1665166467,d4_component_default_guard
2fjg,2fjg:0000811:4ac5b759c144,4ac5b759c144e31f08d05894df540dc89bd6cc10caf891a238872dbc07e06c53,0.244824484,d4_component_default_guard
2fjg,2fjg:0000812:23d9f7d08eb9,23d9f7d08eb92ffbd389d94825203fb622eaf1a2d714c68c06efa92f0c1d8166,0.2142214179,d4_component_default_guard
2fjg,2fjg:0000813:672c86a8f86e,672c86a8f86eb6dd6088473ba3735bdb78e9eb4f5e2f51cc13a123ac16524829,0.3627362847,d4_component_default_guard
2fjg,2fjg:0000814:045a7ca94dbf,045a7ca94dbfc488d08b81d9edf634304e36a39226a55a540689b772cb738200,0.05355535448,d4_component_default_guard
2fjg,2fjg:0000815:277ba895fa39,277ba895fa391f3792cfd090b2ad695097a4661c76a4464ed265a3bd2ebfb179,0.6323132515,d4_component_default_guard
2fjg,2fjg:0000816:9e954a559836,9e954a559836a7370c77b5dd594013cf5307c2cf404a9eec3d9b6ad556d5a0be,0.1300630122,d4_component_default_guard
2fjg,2fjg:0000817:f92a035e68b8,f92a035e68b88d2bdb6b7e021bb5899fff7aed480930fdb14bbfdf48cd8109f3,1.0,d4_component_default_guard
2fjg,2fjg:0000818:eda712667471,eda71266747175752434010b88f9ad8d2906cb5d2ef76a83a2e96aa9aec1b1db,0.9981998205,d4_component_default_guard
2fjg,2fjg:0000819:5cc02230b0c4,5cc02230b0c41ca64958e2509f13727a9ea69342a7c762b2529f167df2dc3bf8,0.9950494766,d4_component_default_guard
2fjg,2fjg:0000820:460843976a01,460843976a0122b183b6f71eb6e0bfcdd170d237c812d8efacd4fb90266b028e,0.9788478613,d4_component_default_guard
2fjg,2fjg:0000821:3cdb0570f1cc,3cdb0570f1cc420e4c100cb4198d06ff68417fd37fdd7b7516bb3f552e24a31f,0.9900990129,d4_component_default_guard
2fjg,2fjg:0000822:dd88c2b1a794,dd88c2b1a79417c61cacee4cf4f6f281acbec616c49eb53b8730a6d3b32b34ee,0.9977497458,d4_component_default_guard
2fjg,2fjg:0000823:c5f2abfe3569,c5f2abfe3569c636d38d55150abbf8438e500518abb3bc115cbbb2c213884d4e,0.9972997308,d4_component_default_guard
2fjg,2fjg:0000824:d80a78232750,d80a7823275044bd583d194b863ac06ca8e464e7406d69a62a120b50b8f83d76,0.9990999103,d4_component_default_guard
2fjg,2fjg:0000825:0b53b7f7ef2c,0b53b7f7ef2cade68494b3f4725935778dcf92b5578e8878d83569ad186f3d61,0.9968496561,d4_component_default_guard
2fjg,2fjg:0000826:f5ef6ad0d4cf,f5ef6ad0d4cf7f892823ea740669481be1dbe889dcdc5d22c3d948601f2d6d64,0.9954995513,d4_component_default_guard
2fjg,2fjg:0000827:280dc8791cac,280dc8791cac5cca7722c1e8066c0a2cb8c7e6af0e9c12896d7877140fafbba8,0.0,d4_component_default_guard
2fjg,2fjg:0000828:8ab58008511d,8ab58008511d4bc8421107c0c9f0730b3bf8983f86c0f36aa7a8673831f7fa8b,0.9986498356,d4_component_default_guard
2fjg,2fjg:0000829:f3cf1cbd8618,f3cf1cbd86183a30a7cfaf9eb8f3adba56f5c5337c822dbf21059e674c0bfb93,0.996399641,d4_component_default_guard
2fjg,2fjg:0000830:0d7917471565,0d79174715657570969baf380c22b0c1fd2ca7980132e66800ca94d3048866a6,0.9905490279,d4_component_default_guard
2fjg,2fjg:0000831:ca1a6fbb8176,ca1a6fbb8176363d432b7f8d8a60c5812422f3bf9ccd200f79a6792ebbe35288,0.9774977565,d4_component_default_guard
2fjg,2fjg:0000832:b7265956bb15,b7265956bb1591b9624666f3d31811309fb6b4b8c8e6b84bad228c4dfc67db66,0.9932492971,d4_component_default_guard
2fjg,2fjg:0000833:bb5f9437fc66,bb5f9437fc66da7520c4f0c0226b4729b216fdd4170bc5ac5d576f73bd35c155,0.9716471434,d4_component_default_guard
2fjg,2fjg:0000834:08049c0db191,08049c0db191c7ccf861bc6e8eea214a5b5cfeda2b840e11134bf496400e9754,0.9995499253,d4_component_default_guard
2fjg,2fjg:0000835:d58858e4dab7,d58858e4dab78455fd5aaf69a657735affad9248e45a6bd40aea37c76fa40a0f,0.9891989231,d4_component_default_guard
2fjg,2fjg:0000836:32d77a5df8dd,32d77a5df8dd291b7ef6ff1e2025f8934d60efd049d485d09e9146d2e4f746ee,0.9221422076,d4_component_default_guard
2fjg,2fjg:0000837:f73813a23f18,f73813a23f1853bb1fb38392f85297ce1ca1186b7ccc9f886d776b429a004b4c,0.5571557283,d4_component_default_guard
2fjg,2fjg:0000838:6a942ab263c0,6a942ab263c02b839c0de4a8724a6ac6d4d7bf04eed95f239adecdb0e11efef5,0.4590459168,d4_component_default_guard
2fjg,2fjg:0000839:156631c93907,156631c93907e7c27fe1ba57539fea09a34ce183417711813f9db0d1dabf94ed,0.6656165719,d4_component_default_guard
2fjg,2fjg:0000840:6bb02b6c60bd,6bb02b6c60bd8c7ce6d0b4bc957e27a1677c7632ba375ccf9e02c5611a95b7ac,0.8523852229,d4_component_default_guard
2fjg,2fjg:0000841:4fd68fcdd1c8,4fd68fcdd1c819ba35a79e38cee39473c5aa1e571b9d5af49bcabe004712af21,0.6084608436,d4_component_default_guard
2fjg,2fjg:0000842:f9a024ff387a,f9a024ff387a7112aff76af557e7713fb23cd11c141efb48b53afeb6ff1db381,0.8550854921,d4_component_default_guard
2fjg,2fjg:0000843:0246b8a1f9f2,0246b8a1f9f2878e8ed2f546e83ad5c42574ca2e9eb21199a0672c00fdf09150,0.7299730182,d4_component_default_guard
2fjg,2fjg:0000844:0927f5ed497f,0927f5ed497f42c991ec4c5db2dfbcc8b5ef44f1ebfb3aec0ed0713706a5b562,0.7956795692,d4_component_default_guard
2fjg,2fjg:0000845:541056400e87,541056400e87b497ac8bf2e9a583566b4d6e18f4a455eaa5de75da22db6953da,0.7065706849,d4_component_default_guard
2fjg,2fjg:0000846:5ab2b2338bd9,5ab2b2338bd99c7ff343b8ad37818402b9d89c77cd7654edc0df94822fe1dcf8,0.02385238558,d4_component_default_guard
2fjg,2fjg:0000847:43c598b25dcf,43c598b25dcf0dde9249fba76c86baaf9cffa7646b35c0461861ce47f7a6ffd8,0.6107110977,d4_component_default_guard
2fjg,2fjg:0000848:194a72521635,194a72521635028a4cd252ad5a6478ed9798d47997180426c184f492634d675c,0.389738977,d4_component_default_guard
2fjg,2fjg:0000849:50ba9cd52acb,50ba9cd52acb391452aa61cf7ab43e0b7d94dc5ce2d26df11ed4e4aec93cdbb1,0.4302430153,d4_component_default_guard
2fjg,2fjg:0000850:51ff49ea0952,51ff49ea095261ab673333131bac31bfe44d0c999a69b75af013ad0c4f88eae4,0.2115211487,d4_component_default_guard
2fjg,2fjg:0000851:d140acd565ae,d140acd565ae57d46c6888cb05e5e563846065dfd27265a079c317e4f26cc268,0.5099009871,d4_component_default_guard
2fjg,2fjg:0000852:53ca02203183,53ca022031833b9dbbf6136a189c67722ebda0b8d86089dcbabd13574cfbf134,0.3483348191,d4_component_default_guard
2fjg,2fjg:0000853:84ada82b6e0a,84ada82b6e0ac560da4fd09e87dbb12605a6e53d1d80525cfe7e241ff71d934b,0.9158415794,d4_component_default_guard
2fjg,2fjg:0000854:d3df08d7611f,d3df08d7611fb1cbb22bf5b8bbbd4a27df8542ccc6217cc13fc7505d0fc66df3,0.6201620102,d4_component_default_guard
2fjg,2fjg:0000855:c2a2205d944f,c2a2205d944f3997a7697dac94c17b4833ddc302b981897b868b10ff01300a89,0.6377137899,d4_component_default_guard
2fjg,2fjg:0000856:aedd1b17e7f6,aedd1b17e7f6265947d038d0291d3ff6c7cbea6bcd41c6841098dd299714b688,0.1849685013,d4_component_default_guard
2fjg,2fjg:0000857:4451384bd7cc,4451384bd7ccdb12389d9ab7c31a8517de7c9270290d17313f0f6cdca796cdc1,0.07785778493,d4_component_default_guard
2fjg,2fjg:0000858:d25ddf0797a2,d25ddf0797a24bc1e8db8d7e62f2354cea0544dd72f7d8bbd184adee27fc3883,0.3532853425,d4_component_default_guard
2fjg,2fjg:0000859:0e0c42cfd3e7,0e0c42cfd3e78c76b139e754aea25c0373b4a00a5ef47a6779a740edc3e86057,0.1296129674,d4_component_default_guard
2fjg,2fjg:0000860:ba5edade70eb,ba5edade70eb404fb422de3be8ddbd619e181766890af5af7617b2008d3f541e,0.7070207,d4_component_default_guard
2fjg,2fjg:0000861:37196befc5ef,37196befc5eff5d1227e7bca8c2d17088d87a94eee5da5fcb60d80bc634e4422,0.2335733622,d4_component_default_guard
2fjg,2fjg:0000862:60a4fe7a4183,60a4fe7a4183720ecd3297d1b1c22ed8e4e6e54faaffe886d2f39b26ef691883,0.5063006282,d4_component_default_guard
2fjg,2fjg:0000863:2e586edd0552,2e586edd05524dc94b9133d79a5196df603343b7f505deeb430964b1dd152395,0.4545454681,d4_component_default_guard
2fjg,2fjg:0000864:835697bab9ff,835697bab9fff0f47062dd6583a5b0dc623b964c379907cafbc22b9e92d819ee,0.475697577,d4_component_default_guard
2fjg,2fjg:0000865:bc532b3be585,bc532b3be5851d22953dc9a1f85136a2c12149e4c6775c40cc2df75d9c94d036,0.2236723602,d4_component_default_guard
2fjg,2fjg:0000866:5b03c5f25f1c,5b03c5f25f1cf53a12e7150409c88e016c3e608a8ab9a6765c8ca03ff74aac82,0.01485148538,d4_component_default_guard
2fjg,2fjg:0000867:1561449c681f,1561449c681f344ca7825d502dad9ec1c3ca4ca90e35c367d2b1ac2bab7c7339,0.3969396949,d4_component_default_guard
2fjg,2fjg:0000868:88750fe27a7e,88750fe27a7e3b61f28807c2338de1f3e2ad59501a5e3b1398b2c879022d9d91,0.09810981154,d4_component_default_guard
2fjg,2fjg:0000869:bd91c2e3fd22,bd91c2e3fd22a5966f89c347817ac59c282c66e341fe939b5f637484de33a7ea,0.2439243942,d4_component_default_guard
2fjg,2fjg:0000870:a31881862c7b,a31881862c7b2d2e9faab3de3c7bb777111c65f68bb703accc6b24831dadec81,0.1543654352,d4_component_default_guard
2fjg,2fjg:0000871:97df9cf97d41,97df9cf97d41aed816b0c9403622cbab480cb2e2858bb18c6f56661b52852603,0.1170117036,d4_component_default_guard
2fjg,2fjg:0000872:32781506e251,32781506e2512e3cabe4555b87b93c8a9147110f22a0e98df4c0745d40c64d4f,0.09675967693,d4_component_default_guard
2fjg,2fjg:0000873:3b98d2879bbd,3b98d2879bbdd2f8099ac5ba00545ac4fd02d439848e0a54bc1eae35eead6bfb,0.2304230481,d4_component_default_guard
2fjg,2fjg:0000874:78f750bc040a,78f750bc040a795d3718093d2548a5b4a7b2aa0830561ea28c83d57253236f69,0.9095409513,d4_component_default_guard
2fjg,2fjg:0000875:504a586ef7cd,504a586ef7cd0a03a39cc17ed4eacdd13e0d7a22e4bc09b5b2f26f8333f50bdf,0.7331233025,d4_component_default_guard
2fjg,2fjg:0000876:e312a3386920,e312a338692050599390995e25039a1a96aea1ed154bf5947ecf9d1871e4c805,0.4581458271,d4_component_default_guard
2fjg,2fjg:0000877:d094180f8e8c,d094180f8e8c239650f33f77874d108df353aade58e9cf8cfd424fe8045e6790,0.6539154053,d4_component_default_guard
2fjg,2fjg:0000878:1cbdfa513b2d,1cbdfa513b2dcf93c41436a471bca7aac120036eab64ec8ccf5b6f21e3d9eca0,0.7011701465,d4_component_default_guard
2fjg,2fjg:0000879:b1d6f7395911,b1d6f7395911fdf06de28756d0bb3a421b2b59f743a58134b86d9ed4fd78286e,0.817281723,d4_component_default_guard
2fjg,2fjg:0000880:46deeb76156c,46deeb76156c3de7fdadf33deefb7dddcebc7a33be1787fafb8d3edccbf4779b,0.6975697279,d4_component_default_guard
2fjg,2fjg:0000881:13c1d03df440,13c1d03df440e171ae2670a8b8e01ab8059010f1b75c0565f1ac70270c1fdffc,0.837533772,d4_component_default_guard
2fjg,2fjg:0000882:18705c59e03d,18705c59e03deec35a4217e4f49fbd73dadaaf1c05fb810e7b6bf357aeaa8873,0.5796579719,d4_component_default_guard
2fjg,2fjg:0000883:34bb6186df3a,34bb6186df3a9ac2caff2355245ce2fe14d41a5a64c5a2c4cc14fa1c75b143b0,0.7907290459,d4_component_default_guard
2fjg,2fjg:0000884:ebf5e2874d7a,ebf5e2874d7ae693a22df748169589b0478820f68227185bcf090ced1ab57713,0.3199819922,d4_component_default_guard
2fjg,2fjg:0000885:f798322b4488,f798322b4488aec700ba56603a4a548e850adb0ddaf38c3ea7364a4a3b1250e6,0.1093609333,d4_component_default_guard
2fjg,2fjg:0000886:fa4fc52dd9db,fa4fc52dd9db8c2613debd3cf904fa5acccc6f5bafc43f3edf2540479e0f10d0,0.7281728387,d4_component_default_guard
2fjg,2fjg:0000887:77aa4a98591b,77aa4a98591b0c7caeb959135cd59e44dd62a451aff8272a2ecde6b90d78e6b6,0.3465346396,d4_component_default_guard
2fjg,2fjg:0000888:5632536450ea,5632536450eaff77d0e8a73e29b37f336380ff1fa567ec444d320008b2d8e36d,0.5990098715,d4_component_default_guard
2fjg,2fjg:0000889:0863cb4f8ef6,0863cb4f8ef66e7185ec061568d8041ca1212f39fdbb26bb2727c0852d809620,0.5517551899,d4_component_default_guard
2fjg,2fjg:0000890:89a8edd7c576,89a8edd7c5768286b5336ac06995073283beafeef28a0ed653af42004866aeb7,0.4842484295,d4_component_default_guard
2fjg,2fjg:0000891:61c6d1d77ca4,61c6d1d77ca47428d2fd4b4dffe01bb14611b9e222fb2d7c2a81b6601d104e5a,0.9054905772,d4_component_default_guard
2fjg,2fjg:0000892:1a96ba29d3b0,1a96ba29d3b0706aeb3c3f103eadc0dceed16bcc75e12fc39a2ef7cc650ffb80,0.4972997308,d4_component_default_guard
2fjg,2fjg:0000893:d97687f40a90,d97687f40a905cff91a6943dc7099636eda495b65c602d04d1cb2725f3a5c4b2,0.1089108884,d4_component_default_guard
2fjg,2fjg:0000894:49c6588ba014,49c6588ba014d95baf70b6fe688682045fae280d15602bc749d90644e5ae3446,0.03375337645,d4_component_default_guard
2fjg,2fjg:0000895:b283058e1d37,b283058e1d3756f2af33240b4384279456e504cb4ea8dda9ab512c6396ab57bc,0.05265526474,d4_component_default_guard
2fjg,2fjg:0000896:d2d904e71cfc,d2d904e71cfc07bc715b24dbabe03e88401fe76c0d8783eaa8566541389ae28e,0.08415841311,d4_component_default_guard
2fjg,2fjg:0000897:d4193aec5a79,d4193aec5a79f0bc0727b5535d831e2cb906012511ad27375305707fa7951a28,0.2763276398,d4_component_default_guard
2fjg,2fjg:0000898:bf979b031688,bf979b031688426b24d4037844f3329e74dab9ba37d041b229b6f2c1f5cfd968,0.1147614792,d4_component_default_guard
2fjg,2fjg:0000899:abd48bb0ea73,abd48bb0ea73a02676e7866bdf8b0564e7bd8e2bd4f2a9341d4997bb8b4794ef,0.1651665121,d4_component_default_guard
2fjg,2fjg:0000900:3a3478424aa8,3a3478424aa8ce1006905341e5b8f3b08314070db8a52fc2988386b64a99e8cb,0.1534653455,d4_component_default_guard
2fjg,2fjg:0000901:c9b9fb4cd708,c9b9fb4cd7089a1c0ca138b9e0abe92ab37fce6030e77a6185afb859f1eb5cd9,0.07425742596,d4_component_default_guard
2fjg,2fjg:0000902:fc7aa823930b,fc7aa823930b557b66f7d02b37ebd78cb70b974c66bab796d6ae87ac98327866,0.1287128776,d4_component_default_guard
2fjg,2fjg:0000903:6be4df465c71,6be4df465c71292734272013499ae3175a1eb3ecf5ddf88bf005720c6e1f3699,0.0004500450159,d4_component_default_guard
2fjg,2fjg:0000904:985d35e9ae6c,985d35e9ae6c18815b4e3f73eaaa3ec7c995212acd5a4f363076bf4fd44cff51,0.03285328671,d4_component_default_guard
2fjg,2fjg:0000905:c12bbe5738f5,c12bbe5738f5524fe12b7a8b6b4b124421a51fb6975d7fc733e45014713ee9c2,0.04635463655,d4_component_default_guard
2fjg,2fjg:0000906:fb3933f72cbb,fb3933f72cbbf19d829c927fd4a1adcde5b21a9232aa4837fc22bc81782e44f5,0.1242124215,d4_component_default_guard
2fjg,2fjg:0000907:87c71ac0fe5a,87c71ac0fe5ac0331db86fcbd6bee7e43c5c05a10f3ecd1976e91b001a07e1b4,0.01305130497,d4_component_default_guard
2fjg,2fjg:0000908:c02d863aab38,c02d863aab38605418002005b0f62cdfaf3e38ceaeab9bdaf20b5c1da75bc15f,0.04545454681,d4_component_default_guard
2fjg,2fjg:0000909:a02e80693480,a02e806934805b305a32ae06f2bc8e030fcdc5081c35e855485940305ec4751a,0.005400539842,d4_component_default_guard
2fjg,2fjg:0000910:fb90d853cb8d,fb90d853cb8db228194b39a4f163571ed006a2dd0d897007f9c96054f2c51b35,0.2839784026,d4_component_default_guard
2fjg,2fjg:0000911:9b6f367f0c85,9b6f367f0c859d5f06988c5c6cc93f822755d7f74240e77d3fefcee49f6022f9,0.02835283615,d4_component_default_guard
2fjg,2fjg:0000912:f7dc490cc1b6,f7dc490cc1b6cb4c6f3e8051c657c26c9b370bfb610c8f3cb771d82e65d85677,0.7214221358,d4_component_default_guard
2fjg,2fjg:0000913:7dd53e583964,7dd53e5839649977b27f2821eec21502b690a6c2da0cc8fe278ab7bb026fbed7,0.2776777744,d4_component_default_guard
2fjg,2fjg:0000914:c4915f75b071,c4915f75b07195d605132b41513983f791297d1c856bd2b924f9107f9ec09a5a,0.3330332935,d4_component_default_guard
2fjg,2fjg:0000915:b05670cc0a4a,b05670cc0a4a095075f4507473ebd7ccbec50ee7a928f2e0c878abd0b7fd73d4,0.1561656147,d4_component_default_guard
2fjg,2fjg:0000916:20252267efce,20252267efce802257259879024b0d95623a364a3f417dd0a232a4b339fbbed5,0.2479747981,d4_component_default_guard
2fjg,2fjg:0000917:a71827375014,a71827375014730aebbcaeff20ec64e43e6ea43b5c08663012829e7044d3338a,0.3564356565,d4_component_default_guard
2fjg,2fjg:0000918:9a1e271cbd76,9a1e271cbd763cea5162508b3d69638431efe01e2e4b65d1e60cd67c6da76347,0.5360035896,d4_component_default_guard
2fjg,2fjg:0000919:c136b76d437d,c136b76d437d8e2ad02fdbdb8c881a0c459c4fb2025298cbf01b65ac6692a803,0.410441041,d4_component_default_guard
2fjg,2fjg:0000920:7c68dc058585,7c68dc0585853d3b889c421521d93c21df10d8bd46c726da09a3fd9bf4f1c150,0.2232223153,d4_component_default_guard
2fjg,2fjg:0000921:f6f2ff51e0b2,f6f2ff51e0b2299a015e50af0cb32b21dbe6efe414a0643aae1f72bf88bbfd58,0.1809180975,d4_component_default_guard
2fjg,2fjg:0000922:da665acdc74a,da665acdc74ac6a2cd20bfa8164352d1938d97d58dcd5169ac121720c9aa1815,0.02340234071,d4_component_default_guard
2fjg,2fjg:0000923:8a481dc57889,8a481dc57889453395886b6a10ffccd11f7087bbc2af8b6aa24c877006c5fe48,0.3789379001,d4_component_default_guard
2fjg,2fjg:0000924:c55e2e6cd5b4,c55e2e6cd5b4e520d3b8a8f8fdfff80c063ac84054fcb3a805143dd481eeea1d,0.1498649865,d4_component_default_guard
2fjg,2fjg:0000925:e76fbac34586,e76fbac3458684e76fa8ae77e9b86ba13573298e08a1ef6686d20f3b6939a38d,0.2538253963,d4_component_default_guard
2fjg,2fjg:0000926:8f309b6b68a3,8f309b6b68a302c7813f3330278d1acd77a77d0fc9bf4f4995e59925778922d5,0.1593159288,d4_component_default_guard
2fjg,2fjg:0000927:4fb9facd1d78,4fb9facd1d7871ae21f2dbd3ca644650b4ff11fdba265993fb6f1b849aca7582,0.3406840563,d4_component_default_guard
2fjg,2fjg:0000928:c6b487e856b2,c6b487e856b23fd94280f332713a47ba50aeea5f5c8abc4fa4390a31fc3bee1e,0.04815481603,d4_component_default_guard
2fjg,2fjg:0000929:3d9193d2438b,3d9193d2438bdc893862887cb5c71eae61bd88db9d15ab8eb456528fa6bdf6b2,0.6561655998,d4_component_default_guard
2fjg,2fjg:0000930:5da77ccf5541,5da77ccf55419e22df3cd49283218f64f963eee54eb18a124ef0a6bedb846e7a,0.1494149417,d4_component_default_guard
2fjg,2fjg:0000931:c6ec877193c2,c6ec877193c20242d68f855f3330d28501bfb0f781a7a1436383e70d775622ef,0.7470747232,d4_component_default_guard
2fjg,2fjg:0000932:fd52e92e802c,fd52e92e802ce3ad432928b7ca0e577e81a9a610bfe21113840b4293d8377901,0.3681368232,d4_component_default_guard
2fjg,2fjg:0000933:b70cf333c4f8,b70cf333c4f8cfb04b4e73698036d3355804e98391f0d6d8e71bd251ac3049c9,0.3550855219,d4_component_default_guard
2fjg,2fjg:0000934:ecd6df06c95c,ecd6df06c95cf54718d5043447fe9bf8c9f4344b74afba098100a4e1902f752e,0.2407740802,d4_component_default_guard
2fjg,2fjg:0000935:deb73bf7ec82,deb73bf7ec82e3a2cfce3754d2aa91a01d99929672920a265ee936a16bd39dc2,0.3001800179,d4_component_default_guard
2fjg,2fjg:0000936:bbc555ab0c80,bbc555ab0c80d1c3a64ced4717123ef99c92a95132a379693b00a1b7738aed10,0.6489648819,d4_component_default_guard
2fjg,2fjg:0000937:bf035738db92,bf035738db92e792387c7a3fb70a47e2c8c99f3ecb61d22f6f3285d0f72d8b0e,0.2655265629,d4_component_default_guard
2fjg,2fjg:0000938:c6d13a2f8d99,c6d13a2f8d9946f81822a9bf4437a7e578e8a6714371783ea885b9c009058adb,0.4225922525,d4_component_default_guard
2fjg,2fjg:0000939:5b210adcba50,5b210adcba50f071f507fee0ed5af1702e921caffc2e6b4384aa979d437ef1be,0.4563456476,d4_component_default_guard
2fjg,2fjg:0000940:b6bfeb3f4f1d,b6bfeb3f4f1d78382604b91c2aaf3890088270ea833b0332402d8cf6e2d54e87,0.1597659737,d4_component_default_guard
2fjg,2fjg:0000941:d7161fd06d2c,d7161fd06d2c277dd083299c200ce6150538f015a0cb1c4e8df9ebab458430be,0.07335733622,d4_component_default_guard
2fjg,2fjg:0000942:78a9d63eb8a1,78a9d63eb8a1c3f34bd5fe6e65dfe87e4ecc04e1b3b64bb5afc4d708d588e8e7,0.3753375411,d4_component_default_guard
2fjg,2fjg:0000943:16da9e6caa6c,16da9e6caa6ca9f6742e7243539e7ac55fd7e2c1e6ad84759799327271154343,0.1575157493,d4_component_default_guard
2fjg,2fjg:0000944:77114a919afc,77114a919afc0377ab79ab9767a729a511316e776e6473f10a7a644aa9834124,0.08775877953,d4_component_default_guard
2fjg,2fjg:0000945:da476d7eb649,da476d7eb6497b1479a218d3665970c0af3d88ec76a7089214a05deb82b7903c,0.07110711187,d4_component_default_guard
2fjg,2fjg:0000946:763a7c57d7b3,763a7c57d7b315157bb6fc9c402c7e131924c7ba2d12ff82b6a910330406bf8c,0.2047704756,d4_component_default_guard
2fjg,2fjg:0000947:7db0e5e96410,7db0e5e964106700cf88510219169e9a98cfa61aa7168d59f0927211e26d312b,0.08325832337,d4_component_default_guard
2fjg,2fjg:0000948:4f5e13283f0c,4f5e13283f0c51008b1c423e208a6796734d879f39956fa6a0cbfc287ee37803,0.6928442717,d4_component_default_guard
2fjg,2fjg:0000949:b286003786f0,b286003786f08002ae298321f6e860e52aeaa94583eaa82ba9460f992d62421b,0.3240323961,d4_component_default_guard
2fjg,2fjg:0000950:dc51e31bc3a3,dc51e31bc3a32a526203498c83c3986ce21a45f36a021bb50bc00243d2b02e7b,0.886138618,d4_component_default_guard
2fjg,2fjg:0000951:574058f6e301,574058f6e3010cdb4c5ba870f2f84e5698073909f6979f46ab91b71b26207fc2,0.5495049357,d4_component_default_guard
2fjg,2fjg:0000952:0266fb3b537a,0266fb3b537ad767ed6d0d03bc607fd10087c29bdba3b61ed87874d760e2c2ca,0.2934293449,d4_component_default_guard
2fjg,2fjg:0000953:59c7a40a3a90,59c7a40a3a905564a2afdced69afd79fbb3c199ef0b2824d62eba467ffb000da,0.5121512413,d4_component_default_guard
2fjg,2fjg:0000954:479b7088653c,479b7088653c82ed5a6d65cb621ef715e3331b13cb7b3fb864db22f44d778e82,0.5405040383,d4_component_default_guard
2fjg,2fjg:0000955:9f24b5cdd9a3,9f24b5cdd9a3b75ee9062a49c475e041d4e96f450fa78c524465b5c47557c611,0.8667866588,d4_component_default_guard
2fjg,2fjg:0000956:388e8195b690,388e8195b6908d17c11aee845a1f7672aaaecd446490babea05a2a01087eab17,0.5864086151,d4_component_default_guard
2fjg,2fjg:0000957:9f37d073e504,9f37d073e50401269eb84940f6ed908b8281e547a7bc9d74cb6ab00217027747,0.7475247383,d4_component_default_guard
2fjg,2fjg:0000958:f690173d42d7,f690173d42d7276fade97ce7edb61b3debf786e4175d940e536fc31140033241,0.520252049,d4_component_default_guard
2fjg,2fjg:0000959:7d3c9d82859c,7d3c9d82859cdd184a6ccbe82b624b4708fd1185487f5fec418cc705999ac365,0.6264626384,d4_component_default_guard
2fjg,2fjg:0000960:fa7f94cb96c1,fa7f94cb96c1cf649872e8c24f5732da93d0518f2faad81f3b3287981dc33c84,0.5058506131,d4_component_default_guard
2fjg,2fjg:0000961:a34a89047d03,a34a89047d03f68db12b242f57019151abc32e7a58eba23245dbdbf129a92bfc,0.1143114343,d4_component_default_guard
2fjg,2fjg:0000962:9f7618351566,9f7618351566f2e71566b534e6f46dde22c3d9fd7b04aaeb00a2018ef778fe04,0.7524752617,d4_component_default_guard
2fjg,2fjg:0000963:1c9ef1ddc499,1c9ef1ddc4998ab85352f15e7950c4ee69a846632cee072a5bc5b9917bd26614,0.2853285372,d4_component_default_guard
2fjg,2fjg:0000964:ed3e47113529,ed3e47113529ed3ae1a9f8c4fdd5cfaae938bf996ecdd7bc1de9c77e6b994c85,0.4455445409,d4_component_default_guard
2fjg,2fjg:0000965:0ac70075a00e,0ac70075a00ee880b7d066c4f72aca11c3eead56650014df0bef025574a71f3a,0.3042304218,d4_component_default_guard
2fjg,2fjg:0000966:8457a06e585c,8457a06e585c69dab6fb623043435981bad32e18e9ed66b8ff788aba32c26827,0.2277227789,d4_component_default_guard
2fjg,2fjg:0000967:0ffe9aaff40c,0ffe9aaff40ccd48c83eca383192603f48128011bb88240e2537c037a48c0856,0.8042304516,d4_component_default_guard
2fjg,2fjg:0000968:a6b930603a95,a6b930603a9542b45ed064fcff756ad9ee44cca206ce6be78cc0cfc52fe10e09,0.4968496859,d4_component_default_guard
2fjg,2fjg:0000969:6a4b2ef309ed,6a4b2ef309edccb7d414b31b82987229c05f1a4c2850b13f173597338505c920,0.5661566257,d4_component_default_guard
2fjg,2fjg:0000970:912b825c3c1f,912b825c3c1f7e135cb42db148edfc0dc0f457cb16f4ff7fab0fe5ad08f0decb,0.3802880347,d4_component_default_guard
2fjg,2fjg:0000971:5acb5111686e,5acb5111686eb93681bc6b06f331196ddbc0e5ee5fc4023fcfa31e195b2d35b4,0.2110711038,d4_component_default_guard
2fjg,2fjg:0000972:ae73c03a585e,ae73c03a585e08394a47b80fc0fb21c305bade7d04476014cb0266e0e0e00031,0.1233123317,d4_component_default_guard
2fjg,2fjg:0000973:25dbde2a4074,25dbde2a4074b8042c6c4d60e76a44c2360123dc2974a1c148572951f8a9131d,0.2632763386,d4_component_default_guard
2fjg,2fjg:0000974:2c319eb57732,2c319eb57732a137808b704be2c728a116f5b008efec474360d287cc98485245,0.617461741,d4_component_default_guard
2fjg,2fjg:0000975:7b959ec83f92,7b959ec83f926e6acbb1882c4813d35f290dde7c76a491e536fd62e9fa3afbf6,0.3294329345,d4_component_default_guard
2fjg,2fjg:0000976:2253d92cf056,2253d92cf056d83b3620dc23a37ab0d692fe1912768f41aeeaa31b1354153461,0.5481548309,d4_component_default_guard
2fjg,2fjg:0000977:0c72c0b4f66c,0c72c0b4f66c11d45b50c98e6443ea17ad2e3cd63d50fdb77263c581bf6f4394,0.451395154,d4_component_default_guard
2fjg,2fjg:0000978:5b0adc408b24,5b0adc408b24c704a33183a7b5a5e316bfcf01ca88b0998040be5a0f756951fd,0.4819982052,d4_component_default_guard
2fjg,2fjg:0000979:8fd405a1104e,8fd405a1104eef2a1cf08148fedc4b3a5e4ad542f27567fc39fcc82f50ff4106,0.306930691,d4_component_default_guard
2fjg,2fjg:0000980:d0eb9e4f89dc,d0eb9e4f89dc96b50e23a553f24af03e403ed42dee43cbd0d4932c8e586c5889,0.02970297076,d4_component_default_guard
2fjg,2fjg:0000981:342921d400db,342921d400db93491b553c10c6ca315ab3148f79b07ef7df9db519cb09ab577e,0.1458145827,d4_component_default_guard
2fjg,2fjg:0000982:5b1db3353897,5b1db3353897a739516a1a1c846e98bfeb6379e4e4d0f6f83f3addc68c3abba7,0.303330332,d4_component_default_guard
2fjg,2fjg:0000983:d41786d97df5,d41786d97df511640ccc1edc4a6b862711f8b7053d653a990cca68b4fab70507,0.1440144032,d4_component_default_guard
2fjg,2fjg:0000984:a5005c8dfd15,a5005c8dfd159e57e5c5b1a2634643f721e7ed36b97f6629d069b6e3dae24cd0,0.2731773257,d4_component_default_guard
2fjg,2fjg:0000985:6cb81a93641a,6cb81a93641a65b94e5c0ec94aafefa88d9368a89f9fb6e47801fcc0d6652ec8,0.07200720161,d4_component_default_guard
2fjg,2fjg:0000986:c126a0683331,c126a0683331bf2e8fdbc64eea34ad07f9b54e42457ce454456621709bb0b2cf,0.6260126233,d4_component_default_guard
2fjg,2fjg:0000987:8ecf52929d1b,8ecf52929d1bb5f4737baafbe78cc46a49beb1647364e93fc031c90432b37caa,0.3793879449,d4_component_default_guard
2fjg,2fjg:0000988:18b613ef66d9,18b613ef66d95debd7463ec8c7b6b1cb32d75388c8370cf0d994b39ce89fddad,0.10351035,d4_component_default_guard
2fjg,2fjg:0000989:0dd88be9fcb7,0dd88be9fcb7822ae7766a61d6e6bb2b07bc8b1fbeb8ea423fe43752ece2104b,0.03870387003,d4_component_default_guard
2fjg,2fjg:0000990:250e4380f7b3,250e4380f7b356814e5f8cbc2c6ab27b784dcab481c73bce6631deae2dc1ae60,0.06750675291,d4_component_default_guard
2fjg,2fjg:0000991:b970d23ba16f,b970d23ba16fbd5305945e194f92a28d347e80202161c7eb6390bf959e3d9ab8,0.09360936284,d4_component_default_guard
2fjg,2fjg:0000992:8dd3129edc80,8dd3129edc804546c0e1a5f3183bf0f513013d30377dc4e9c306d8f8bacb5101,0.2668766975,d4_component_default_guard
2fjg,2fjg:0000993:737c659a815e,737c659a815eedb983b6a099a9d989217126d30b6680c72a3fe3b786d03a65e8,0.1282628328,d4_component_default_guard
2fjg,2fjg:0000994:c6bde92f02ee,c6bde92f02ee68edabd26e149a673984c7ac220025e494cd474953fc9170002a,0.193069309,d4_component_default_guard
2fjg,2fjg:0000995:0e1108e023de,0e1108e023de04defa8a1c3448d5c27e738f19f720b622aa968a6e0c9c0b228e,0.1957695782,d4_component_default_guard
2fjg,2fjg:0000996:9f94bdf4c27f,9f94bdf4c27f8efa557826e5f22f3eea8ef1a38d8d372dae3a1322fc5e88768e,0.07965796441,d4_component_default_guard
2fjg,2fjg:0000997:eb99d79ded9a,eb99d79ded9a7872c380ae00b1714a5a8b0c7405a0696892b31126c47ca8d95a,0.1435643584,d4_component_default_guard
2fjg,2fjg:0000998:d21fdf30ebd2,d21fdf30ebd27c17b46be53020ca37d7c9d41b9e1acc1702714a5b5e2e5ca194,0.004500450101,d4_component_default_guard
2fjg,2fjg:0000999:ddfaf9a185f9,ddfaf9a185f9baa1a17a485639226163bc3784e31a348da1dde9dcf9e50ee783,0.03555355594,d4_component_default_guard
2fjg,2fjg:0001000:cd529dbcafa4,cd529dbcafa4bf6a1612295d68253d0ef67fe018cc306107da9480288f5e4588,0.05985598639,d4_component_default_guard
2fjg,2fjg:0001001:b6cdecb96a65,b6cdecb96a65dec4102f51513c6a34f811ab4f704f94dfb2aebca76b13bafc3a,0.1404140443,d4_component_default_guard
2fjg,2fjg:0001002:a78c1126b6d2,a78c1126b6d2f5872c23e18212a2ceae617fa2a877dec829ad0628148220d63a,0.01665166579,d4_component_default_guard
2fjg,2fjg:0001003:33c831ee4583,33c831ee4583af2c513cc9eda5426289b615327462cbf10f85bbcb76a0ae0614,0.061206121,d4_component_default_guard
2fjg,2fjg:0001004:06ecb113d8ff,06ecb113d8ff03d4baad12d29fe14479f0857616b6a4fd9941d5dbde798ba7ac,0.01035103481,d4_component_default_guard
2fjg,2fjg:0001005:4ad088ced60c,4ad088ced60cc6991c7c1b1339cfec653457f2c6eaae56ccde23d4e5d8322a73,0.2961296141,d4_component_default_guard
2fjg,2fjg:0001006:27583d277db0,27583d277db0c309123981c69d4de7983194d3058300c1198c58b0c24a2f675f,0.04275427386,d4_component_default_guard
2fjg,2fjg:0001007:0ef4ac988d82,0ef4ac988d827c3ba3519c50ee0cd6aa1695a5baae67abf9a6c23d5126f2f0ba,0.7178217769,d4_component_default_guard
2fjg,2fjg:0001008:aa9913af1d23,aa9913af1d2348dc993352f65a98644275e592f52341ea24bcbb709ab4b8b3ae,0.2911791205,d4_component_default_guard
2fjg,2fjg:0001009:dc5c5df3e92e,dc5c5df3e92e6cdb5dd035c678575436a6ed9e54d26a6567b14d47870649b6ac,0.3402340114,d4_component_default_guard
2fjg,2fjg:0001010:151e3888df03,151e3888df0304399b5eb44089003f06106335930d33b6627f73f1173e0e89e1,0.1795679629,d4_component_default_guard
2fjg,2fjg:0001011:6476f8948453,6476f894845387887ecd12a2cf9b8dc9a46c80fe6308f2003516a6b54f8bd5d3,0.2259225994,d4_component_default_guard
2fjg,2fjg:0001012:6ecf6a537e63,6ecf6a537e63cf307e3279491c6e0f70f385d54e0beddfe3f598c5bc90eddee8,0.3231323063,d4_component_default_guard
2fjg,2fjg:0001013:04cdf88b538c,04cdf88b538c4040448070513b26aae2c95ea02d5f7a1a75cb9a94286dbcd44d,0.5468046665,d4_component_default_guard
2fjg,2fjg:0001014:b002d9924cae,b002d9924cae6b51ae2d55a6e2eabc5574a1a5f5b3a760887b2aa1bd5465b6ae,0.4023402333,d4_component_default_guard
2fjg,2fjg:0001015:731b3a8b6f6a,731b3a8b6f6a2027e333a19d5a8a9f9ba0ab3fead90dd532e7e84e3d83fce984,0.220972091,d4_component_default_guard
2fjg,2fjg:0001016:80a7dba69ff1,80a7dba69ff1122f3251b3b4aade4a51feea51eca2a4ebe36e95f31ab020856d,0.1867686808,d4_component_default_guard
2fjg,2fjg:0001017:1fb07a903807,1fb07a90380707751af6360f8dd49286809effaf272266170d9b9593322d12e7,0.02002700232,d4_component_default_guard
2fjg,2fjg:0001018:dd00768e7c3c,dd00768e7c3cc3cdfe4c3f21c55dbf3d18ae2f435db63132ada5975225d07fa9,0.3694869578,d4_component_default_guard
2fjg,2fjg:0001019:f934144cfc35,f934144cfc3542db7d03c5bdb8e7aca18b82fab3bdfe36d2f361c9977b0b4690,0.1831683218,d4_component_default_guard
2fjg,2fjg:0001020:baa59c343538,baa59c343538c27cd4b3781a8b93204d2920277363d586835eb51116418064ed,0.2745274603,d4_component_default_guard
2fjg,2fjg:0001021:c6833c510f9b,c6833c510f9b4db135bdc64705df2bc789d47e6e867eb559e8927f3e4e9f8816,0.1719171852,d4_component_default_guard
2fjg,2fjg:0001022:f7985fc67c6d,f7985fc67c6d11cb606df7213dc15e3d4b9b3d7d603b708f75b3ac9e54af6da8,0.3492349088,d4_component_default_guard
2fjg,2fjg:0001023:b6c6762cb7bf,b6c6762cb7bff277d881370514e08a9c5fbcdfb5147badddc4ac4b70d2c51515,0.06525652856,d4_component_default_guard
2fjg,2fjg:0001024:86b8195038b7,86b8195038b76439e4408e199af41bcd6806082e2a6b7533c786ee678b476646,0.6480647922,d4_component_default_guard
2fjg,2fjg:0001025:c17c52ab907a,c17c52ab907a4fd3c8b2e0bbcde4ae09bafd917a4056ea538b2dedebf512d2b1,0.1759676039,d4_component_default_guard
2fjg,2fjg:0001026:7196fe5f0625,7196fe5f062513402cc3dcf178bb11a8bd9281d37e4bec043e50f764fbb7ff81,0.7349234819,d4_component_default_guard
2fjg,2fjg:0001027:6e7110f57028,6e7110f57028789084bb47493e7f2f99a670022a85c3de2450b4f7dad15d6261,0.2808280885,d4_component_default_guard
2fjg,2fjg:0001028:8f9cc680ce8b,8f9cc680ce8b08d6a0d946d861faf4e2d4b36091bb766c7eb2ce21d1f8cd569d,0.3555355668,d4_component_default_guard
2fjg,2fjg:0001029:e3666b47f2a7,e3666b47f2a7653b964bd1215aa667a2206c74777610ef73051be5c47600603b,0.1453645378,d4_component_default_guard
2fjg,2fjg:0001030:ae78239b58bd,ae78239b58bdc85432b7124286c915dbd9357cdc670da69fa24c652a3818c2c6,0.2241224051,d4_component_default_guard
2fjg,2fjg:0001031:e28d553199bd,e28d553199bdb2378df471174c623b5f216116ac59f4101c41c4f1b63b9d4c41,0.3433843255,d4_component_default_guard
2fjg,2fjg:0001032:1460fb1f0871,1460fb1f0871bfbf47d19d0f0c022db6a3fd21cd29eb9271eeda0c22ec9d987f,0.5459045768,d4_component_default_guard
2fjg,2fjg:0001033:6a0ad332bad2,6a0ad332bad2df12fad328dd8df424ffe625fbe82b6ee223054d8aefa0f3eadd,0.4198919833,d4_component_default_guard
2fjg,2fjg:0001034:a423ba84526b,a423ba84526b3956d8a233fd1f25cd68eb47e9bb848f1b091cce1331a99eb598,0.213771373,d4_component_default_guard
2fjg,2fjg:0001035:6992b96c68da,6992b96c68dae986ac0df9a578f1231ca3e3532f6aec18c3157137ed1e8b6d51,0.2074707448,d4_component_default_guard
2fjg,2fjg:0001036:e58d6ab3f193,e58d6ab3f193c732e39c3b18a4b3cafe4d7b2665aaf911539d6c650d56852c0f,0.02160215937,d4_component_default_guard
2fjg,2fjg:0001037:27e2864de679,27e2864de6795a83e69e39ef42ea2d3b081fb426995b9db3665f8571cede84b7,0.3771377206,d4_component_default_guard
2fjg,2fjg:0001038:785142916b62,785142916b626469b74088926bb796b61ddb90d33011835de6c9e71fe5e1e05b,0.1624662429,d4_component_default_guard
2fjg,2fjg:0001039:5cfd28a932c7,5cfd28a932c744c057136d5ae0eb0d77fda2cded79273478c1273e0c161428c2,0.2605760694,d4_component_default_guard
2fjg,2fjg:0001040:1bac41622319,1bac41622319a10dbed0911087c3db6f1731c0502fce758300a03224c9382a0d,0.162016198,d4_component_default_guard
2fjg,2fjg:0001041:1a0f74a852b9,1a0f74a852b9580cff145dd15ae24e144d0876ec48a3afd2920862674903e18e,0.3325832486,d4_component_default_guard
2fjg,2fjg:0001042:ff0c8b14a5b5,ff0c8b14a5b5172541171d35845eb1808541b54105ac17cb7fbbd6e050a14612,0.04905490577,d4_component_default_guard
2fjg,2fjg:0001043:dfeca45fe242,dfeca45fe2421cbe34f164bcc828d0a1b00d8ce5ec3c1145a35f918172ae950e,0.6404140592,d4_component_default_guard
2fjg,2fjg:0001044:475834537cf7,475834537cf7bf63c11c944aa83faa6a11ae8a77b52fc031cf3a9665cb77d46d,0.1566156596,d4_component_default_guard
2fjg,2fjg:0001045:5a0b3474cade,5a0b3474cade275fe4d00d773910ddcdc1d9a70901843176b55d4540e45549ee,0.8919891715,d4_component_default_guard
2fjg,2fjg:0001046:f0199f0467a3,f0199f0467a375d0009ff6eaaaee2a922ec10959c6e3c509701a2e6a3dc8bf33,0.6273627281,d4_component_default_guard
2fjg,2fjg:0001047:e957fa7b193a,e957fa7b193a1efb2bae074c9297bd426e0327c30c556845da45de6a69b4db71,0.4095409513,d4_component_default_guard
2fjg,2fjg:0001048:83ad5d94af0a,83ad5d94af0a9b319d4d1890052215a763019be989aaa5844a5ac76e6a2de59c,0.6890189052,d4_component_default_guard
2fjg,2fjg:0001049:465aabba6749,465aabba674982b2491dec2a9578c64551ce8ad72bd33cdc4360b6dc08d43aa6,0.548604846,d4_component_default_guard
2fjg,2fjg:0001050:0f6746fb941a,0f6746fb941a7e17e982e818229d9ce863789868dc25ef428bbac1b5aed0df57,0.8325832486,d4_component_default_guard
2fjg,2fjg:0001051:485b106f5bd9,485b106f5bd9cac73f5329fe8e836b175a9c975f10036af8bb3315864bb0616a,0.5159766078,d4_component_default_guard
2fjg,2fjg:0001052:76d8fa08274c,76d8fa08274ceffe1c36012647cc5ff6df4f496ecdc7688745ac45ea33375f20,0.8505850434,d4_component_default_guard
2fjg,2fjg:0001053:5aa9171d7b77,5aa9171d7b77bf0ac3a432bf820fdfcd2403e9fa06caee9bd1d26d76fb9ea8e7,0.6039603949,d4_component_default_guard
2fjg,2fjg:0001054:6f288160c715,6f288160c7159d798b1c6c2f7fd7afd5346880ba679f854828ef45708f383e89,0.4279927909,d4_component_default_guard
2fjg,2fjg:0001055:855845cc19e8,855845cc19e8b2e518d53d971db4d78a97b71ceb64d632e4f37c71a7204374f2,0.4603960514,d4_component_default_guard
2fjg,2fjg:0001056:37b674b7652d,37b674b7652d14385587346727e046b081c8b09f8d15852d1b71f5b8d2455f85,0.1408640891,d4_component_default_guard
2fjg,2fjg:0001057:8f72d027e2b3,8f72d027e2b36d3c1b43946209ce862286506b5d5d3c73f8096fd3caf339e99d,0.7857785821,d4_component_default_guard
2fjg,2fjg:0001058:ca8a772641e8,ca8a772641e86b31348a108bfa089572b4f12d3156a450d46cbc950114167ad3,0.2898289859,d4_component_default_guard
2fjg,2fjg:0001059:700766f78b9b,700766f78b9bc918a175539a1e30c4a06774b3ee3c39eae0901aaf90c7bc107a,0.5274527669,d4_component_default_guard
2fjg,2fjg:0001060:b4ae1d04df00,b4ae1d04df005654d11ea84f199a580d5f1e95c8acf33df9500c05251a309b8e,0.3708370924,d4_component_default_guard
2fjg,2fjg:0001061:3993710f9602,3993710f960232a25c058101f48424e641dcbe5b6baa035face5d4e59461c478,0.5715571642,d4_component_default_guard
2fjg,2fjg:0001062:780793786c31,780793786c31a812c34020dcef52b5a2c6c559d19bea8b23100fb8d1e25918d9,0.2772277296,d4_component_default_guard
2fjg,2fjg:0001063:979d319fd8c5,979d319fd8c5a1a38f0fcf649e74c7ed07b5d6d42f6477b00fbbbcb6548c0620,0.8330333233,d4_component_default_guard
2fjg,2fjg:0001064:75d5c9c83138,75d5c9c83138fc5a00359dda51e0ebf3384d27b7d64fe60f76424001fdee8916,0.8852385283,d4_component_default_guard
2fjg,2fjg:0001065:8ea8e1cd6363,8ea8e1cd63639b0d0c4dab7233e6db6c0bd14cf4d2295a7b7c82783d880c4773,0.568856895,d4_component_default_guard
2fjg,2fjg:0001066:af39f74cd248,af39f74cd2488c4eceb49633a0dff2e3813362dfbac58d04dc928d95fd0abf4f,0.3280827999,d4_component_default_guard
2fjg,2fjg:0001067:d58daa572ebe,d58daa572ebe4ee3ab2071ba5b622dcc48ae1861e828fd94ec2ead794989d406,0.5,d4_component_default_guard
2fjg,2fjg:0001068:80501a880f63,80501a880f63401ea2ca53d6eaf87445ed2f2d9f3a3ebae367c52a785c4345bb,0.5738073587,d4_component_default_guard
2fjg,2fjg:0001069:78374fac9123,78374fac9123ea46bd4f2ea4f103a8dc5cc300884e1da88832b65dfd7b3948d3,0.8744374514,d4_component_default_guard
2fjg,2fjg:0001070:244c415a72ab,244c415a72ab71e8df14a0c7dd4130f86541a4dd74bf76c460b0a988b0be02ac,0.5963096023,d4_component_default_guard
2fjg,2fjg:0001071:94fbeb60f236,94fbeb60f23679b91c099e1c50bd73f4f47564cde2bf24a7f1d9450200cd204f,0.7448244691,d4_component_default_guard
2fjg,2fjg:0001072:111c9a350ba0,111c9a350ba0d13dee50b64f410cd2f4175ca9a8969cc8f5ab9b8991c3625088,0.5490549207,d4_component_default_guard
2fjg,2fjg:0001073:dcc30b8664cc,dcc30b8664cc93725d1ce4c940b6450706696c16b59a6a5a9838b484ced03cee,0.6327632666,d4_component_default_guard
2fjg,2fjg:0001074:e40c03a5eb06,e40c03a5eb0602c57e8e1edfc6151eb45a72a39c5ed22ad15d311744a013f6b8,0.4909991026,d4_component_default_guard
2fjg,2fjg:0001075:853df94a58fb,853df94a58fba3a3ca5fd259fc40a606be19b268d0aa9a9343191f1d96ff3529,0.1359135956,d4_component_default_guard
2fjg,2fjg:0001076:6dd1c1c8f004,6dd1c1c8f0047dee88dbe55fcdecdad4d48e9b22f34cdf7e5373c7e678a43bde,0.7430242896,d4_component_default_guard
2fjg,2fjg:0001077:c07677b53205,c07677b532050f267590c66e1f1e6f72ef97770dcf6bcd508a5cb8d9437b2524,0.31053105,d4_component_default_guard
2fjg,2fjg:0001078:e3ad9be693a8,e3ad9be693a8e8cc3153ce6d0063eb4ec4ff8bb407f22034c3dd0d22e6184b95,0.4419441819,d4_component_default_guard
2fjg,2fjg:0001079:45954a31d558,45954a31d558870dc95cac0eb3b8003418f07eab11a719dd7260f1b61dc4bb42,0.2907290757,d4_component_default_guard
2fjg,2fjg:0001080:da3285c3bebd,da3285c3bebd8c9615f7cc20746383efbe8a04cb72f491655ffde180c367abd3,0.2353735417,d4_component_default_guard
2fjg,2fjg:0001081:1db449028f81,1db449028f8124a900ed0d5d462164f39b7ffd496a1be19f6943c5cb1e70cad8,0.8204320669,d4_component_default_guard
2fjg,2fjg:0001082:abbf6fbedb9d,abbf6fbedb9de2b9ababef65ba7a418e34168cc878ea2c462b57e02c23e703a1,0.5045004487,d4_component_default_guard
2fjg,2fjg:0001083:f42350991e93,f42350991e939ae25c766f013efa9e0335290e71c1429bb0689b25449f00a530,0.8843384385,d4_component_default_guard
2fjg,2fjg:0001084:21267fb24a7e,21267fb24a7e1ee615ab24a7a4713afb37b046120a8c2766168b722ca441af8c,0.613861382,d4_component_default_guard
2fjg,2fjg:0001085:b978e2a9547d,b978e2a9547d7b95fe233a0b782468acc4fa36482dd75a9017bacdaad70ab121,0.4045904577,d4_component_default_guard
2fjg,2fjg:0001086:b1939e10ecca,b1939e10eccae2cd67e6713851138ab6a8af6921258f17d1fa39d5cd6870e650,0.6390638947,d4_component_default_guard
2fjg,2fjg:0001087:d3f2b76d0018,d3f2b76d0018e25defbbfa993d2e5c3ff411174af83104f05d1254c273b4b387,0.5297029614,d4_component_default_guard
2fjg,2fjg:0001088:6ad5e09d3aa8,6ad5e09d3aa89786a98eaf78289ce84de60babcbb75f4726e6c97585a016431a,0.8154815435,d4_component_default_guard
2fjg,2fjg:0001089:ee2189d5298c,ee2189d5298cbbe35103cd018e62603f86676b7a2153ec83eb20c7349ce7b82c,0.5159766078,d4_component_default_guard
2fjg,2fjg:0001090:2e63df9f654b,2e63df9f654b280b09f54ffb6701affca4a4cf02b609d6876a6927af69ca583a,0.8483348489,d4_component_default_guard
2fjg,2fjg:0001091:83c3f79961d2,83c3f79961d212bd55d04c84b0e65f62e928ed438b7f08c85504ee56a818eef0,0.6161116362,d4_component_default_guard
2fjg,2fjg:0001092:421acd85766b,421acd85766b40bba0fa5d5b7e340f29280ddbac86b3a32e336c6b5f537c4592,0.4252925217,d4_component_default_guard
2fjg,2fjg:0001093:e7d0054f3328,e7d0054f33281e37457746fa05ec0ae905ea4b480dacade15d872448d56a90cb,0.461746186,d4_component_default_guard
2fjg,2fjg:0001094:42ce206963dc,42ce206963dc36403c59cefb3fe82830af38dcc0653bd6183afad74074e4849b,0.1714671403,d4_component_default_guard
2fjg,2fjg:0001095:4f97f1177e7e,4f97f1177e7efe4f92bfe4906c9922caad095defc0598be63204edeb251638c7,0.779927969,d4_component_default_guard
2fjg,2fjg:0001096:e79c0d8c46c3,e79c0d8c46c3dbbd9e636891017510bcdd121c5a1001fd042d3dfd308341063c,0.2992799282,d4_component_default_guard
2fjg,2fjg:0001097:eb35a3179240,eb35a31792400e8881104eff9e2bdb09a9c13ebc8d631170351fc5722087b362,0.5639063716,d4_component_default_guard
2fjg,2fjg:0001098:20cfb24250cc,20cfb24250cc7c21af658c92e0a42ac54e26e735348d9bc4bd66c6926e6d3aab,0.3883888423,d4_component_default_guard
2fjg,2fjg:0001099:0337330b8231,0337330b82319d5e7d5539e4298a562ab877ac8deae6245dd1b52d537cd9e92f,0.5418542027,d4_component_default_guard
2fjg,2fjg:0001100:6ddb9a5c2730,6ddb9a5c2730cd70a47cddd4d013580523936e96e8bb6f7563e6f66833814f37,0.2641764283,d4_component_default_guard
2fjg,2fjg:0001101:86846265132f,86846265132f1ca2cdbf781b47ba1e45f8f12abe23fb570da2b8f04214d2fcf9,0.8316831589,d4_component_default_guard
2fjg,2fjg:0001102:ab58eeafbe15,ab58eeafbe159ff0615e99217a9d319a1265c7d0ddb3a8bb4d0448eea74bd8a7,0.8910890818,d4_component_default_guard
2fjg,2fjg:0001103:2c3f94a63f79,2c3f94a63f79a31ec10d59ba677b0ac6172ec72651d73b21885ca0e8ff43ceb9,0.6089109182,d4_component_default_guard
2fjg,2fjg:0001104:50b0c983763e,50b0c983763e9923e1f25e99be5fdc7ed76ae7f8d36882e2b233fb61f924595e,0.4149414897,d4_component_default_guard
2fjg,2fjg:0001105:b264f316bb0b,b264f316bb0bf7494813289faa0c0170aa623741991aa0870829bd73bee54768,0.6701170206,d4_component_default_guard
2fjg,2fjg:0001106:1462f9e0607d,1462f9e0607debd2b410a6030e21020c8c4f4d97014eb07ecf94c19518284554,0.5432043076,d4_component_default_guard
2fjg,2fjg:0001107:44b903e7cec6,44b903e7cec68def98e36264c5efd7e51ff4d78cc8ed96a53d15d03d8f2605e6,0.8244824409,d4_component_default_guard
2fjg,2fjg:0001108:04016520cffa,04016520cffae0bf302a54ff9429ee4ec708c247711778d68e804623807c8b98,0.5247524977,d4_component_default_guard
2fjg,2fjg:0001109:49d9c290d94f,49d9c290d94ff61045af387c04ff0ae7a0ae7d1482f71a72042816d0f299e2ef,0.8559855819,d4_component_default_guard
2fjg,2fjg:0001110:39f1691c7b01,39f1691c7b011e8e707edbd490fd9f8e8600a9c371c5d6c2084de752e44b9632,0.5877587795,d4_component_default_guard
2fjg,2fjg:0001111:273cf5be9288,273cf5be9288ddeb34911d58524bab864f0997d5103e168ae8d6e7a0e43a2d74,0.4509451091,d4_component_default_guard
2fjg,2fjg:0001112:23aeff6aa1fd,23aeff6aa1fdf35ed7d7d9610487889c01977ee8d25be3ca54a89517caee94ba,0.4635463655,d4_component_default_guard
2fjg,2fjg:0001113:e9341ceeefd2,e9341ceeefd27953ccc33cdc22a9298146891ec23e4548c6fa6020a389700398,0.1417641789,d4_component_default_guard
2fjg,2fjg:0001114:3ed30c56f0dc,3ed30c56f0dc0b9ca5bcd9853d8f4a8ecf640b27f6270ef69444f95efe961cc9,0.7943294048,d4_component_default_guard
2fjg,2fjg:0001115:cf0c9e24a455,cf0c9e24a4559dd7c85971f36b12f72bcf95dc8b621a8426a56458a9da96144e,0.2925292552,d4_component_default_guard
2fjg,2fjg:0001116:8cadb91ec82e,8cadb91ec82e9edd846be79fdc836cd6719aa46b84e2ad4e89bbb53d8a1156aa,0.552205205,d4_component_default_guard
2fjg,2fjg:0001117:61ae6e1371c8,61ae6e1371c82782382bd7e9f4faa368923672ecdbfe648dadda8f0a3131223f,0.4176417589,d4_component_default_guard
2fjg,2fjg:0001118:294ff02c1d45,294ff02c1d459d0cf4f916a08469431c95c90e3e98b4c5ab7495c9999fa874db,0.5909090638,d4_component_default_guard
2fjg,2fjg:0001119:a193dd889707,a193dd889707e588ec10a9188487a9e4e7f5db32a812598e7932190bb05e8b91,0.2889288962,d4_component_default_guard
2fjg,2fjg:0001120:4428a8b1c467,4428a8b1c46777c5df5bfa9a76cabb3980eaeaab02f2308a87adeb90a69af364,0.8303330541,d4_component_default_guard
2fjg,2fjg:0001121:6bbb655035b0,6bbb655035b02004e7e93fd7680232e27bd0639dc1fc38babafb8f9e6b0a03f9,0.1179117933,d4_component_default_guard
2fjg,2fjg:0001122:44a7fab6b045,44a7fab6b0458f4ebe15b448c1d9c659fd84ad5f004b1caffc9f27210537f5bf,0.04770477116,d4_component_default_guard
2fjg,2fjg:0001123:36cfbd061a68,36cfbd061a68d4bd8169a819d2376ab2579498b8b816016a1c2e27f2e1f0564e,0.0661566183,d4_component_default_guard
2fjg,2fjg:0001124:b53f4ef05254,b53f4ef05254e338c7cf7cb8313f4d9bd9e993956ef012d909ec67b711b993e8,0.1030603051,d4_component_default_guard
2fjg,2fjg:0001125:0595e5fb9178,0595e5fb9178a5912588ca9d66280edff5ffbc49125b2e7f12c38c48e9ce585d,0.2736273706,d4_component_default_guard
2fjg,2fjg:0001126:c842e1dc907f,c842e1dc907fbf3d0cbce9a8c14473554a1db51895a049ba2c7f3dfd26c9a2da,0.1084608436,d4_component_default_guard
2fjg,2fjg:0001127:a9550913d9b8,a9550913d9b8a531adc1af80591578a215429c72b5359ed18a086faab274ad9c,0.1921692193,d4_component_default_guard
2fjg,2fjg:0001128:2708699cb6d6,2708699cb6d6443dc5848c24f9ce465f363e70fa9bb5727182ef5fd9279c4cca,0.2151215076,d4_component_default_guard
2fjg,2fjg:0001129:5dbde320ba78,5dbde320ba78f512357b829018d665abe6b9417ff5dc78a480db65f1319616d0,0.08145814389,d4_component_default_guard
2fjg,2fjg:0001130:8963fb983a24,8963fb983a2420685942388779263996a5ab2f8c4d5fd883b9d808ba9ae3b0ad,0.1327632815,d4_component_default_guard
2fjg,2fjg:0001131:7a565a66585f,7a565a66585fd11d20ceeda12866976506952a8eb7e93b446ad36ed522b6b213,0.005850585178,d4_component_default_guard
2fjg,2fjg:0001132:682d73a39700,682d73a39700fd8f956b718074432568a8784580d105485cb3ca0cf8a46988c6,0.04095409438,d4_component_default_guard
2fjg,2fjg:0001133:68f2a3fd5f96,68f2a3fd5f968a746faf450ea79954df881972f913f01519390fd60268d75a95,0.05220521986,d4_component_default_guard
2fjg,2fjg:0001134:711edf50267f,711edf50267f5e707fff69119e863a0df12791790a3fc00db4c3056e5937bc4a,0.1570657045,d4_component_default_guard
2fjg,2fjg:0001135:c1225e7f83f5,c1225e7f83f5870b148b7f3b8d088aa0420f845978b5597342359e8fe4e2112a,0.02295229584,d4_component_default_guard
2fjg,2fjg:0001136:db7de2b6628d,db7de2b6628dee7b1f9f6a7733014d68d288fdf384b8f022ffd04fa30a69e9ff,0.07245724648,d4_component_default_guard
2fjg,2fjg:0001137:857f61c51b1d,857f61c51b1de4a7169a1f220045e54ddedaf7038623e27b3e880fd4165f02b4,0.009450945072,d4_component_default_guard
2fjg,2fjg:0001138:08494da1499c,08494da1499cab1db537f5e6d8386489997eac9a0ea72f02dccc55afb4b9f96b,0.2578758001,d4_component_default_guard
2fjg,2fjg:0001139:02d22a270c99,02d22a270c990f8fb1e07e441cca262a26a5540a56cc54aa7722eff9cc3778a9,0.05310530961,d4_component_default_guard
2fjg,2fjg:0001140:2e98d9dd128a,2e98d9dd128a61fdffc901423d68619937779d7317f3909b5c12cb2f4b3e8a1c,0.8951395154,d4_component_default_guard
2fjg,2fjg:0001141:3be390c1f1e9,3be390c1f1e9a2cb17961cb35886b802983dbff99ce0552f219baaba87ede7b8,0.4248424768,d4_component_default_guard
2fjg,2fjg:0001142:d81fbbda6622,d81fbbda662227f0c366550abc2f6e1b7c15bb1bee1f39fe1ae91c97bdd6db15,0.4009900987,d4_component_default_guard
2fjg,2fjg:0001143:918e8ef9e494,918e8ef9e494b7db666f53c3bf087dd09a37cf927bf0d23df2aaccde419b1fd7,0.5625562668,d4_component_default_guard
2fjg,2fjg:0001144:45aa50b76947,45aa50b7694743d13fc87f6e2d95f0d14053ebcc7ce451d9b15298cdca552163,0.8969396949,d4_component_default_guard
2fjg,2fjg:0001145:857acd3518d6,857acd3518d6e98c8c3a36e90e4c26e75dcced14d0493b9532c93fa43e5b9655,0.7110711336,d4_component_default_guard
2fjg,2fjg:0001146:08d92adca98f,08d92adca98f13e783368340bb42d18a2ef1eaa0a350df5961d06c5f5dbfec97,0.8780378103,d4_component_default_guard
2fjg,2fjg:0001147:7b1bba0cbf72,7b1bba0cbf72ce70157838650b80f394d28a70fad5ed58cb4851f6512a076a16,0.4810981154,d4_component_default_guard
2fjg,2fjg:0001148:2f453440fa4f,2f453440fa4fc494d359e7ef5ea3647641cf91371dc36c59bce3bf9b46e82466,0.7326732874,d4_component_default_guard
2fjg,2fjg:0001149:c8de011cf9aa,c8de011cf9aabacb0c1400c6389faee82022813379642efa56a02776ec263529,0.4689469039,d4_component_default_guard
2fjg,2fjg:0001150:f49e4776cb0b,f49e4776cb0ba26f1302598a66d324bcc979fec009e0ffe18760b89379932867,0.1066606641,d4_component_default_guard
2fjg,2fjg:0001151:b92676a51109,b92676a51109a6cac9165784bb1c72d71fb3d28c40d035462532c6f4ac3ebe22,0.731323123,d4_component_default_guard
2fjg,2fjg:0001152:ce22b56fac49,ce22b56fac4923aaf326c83c71a09d59f43819100599f4f21ccc69eba3fbe26a,0.2488748878,d4_component_default_guard
2fjg,2fjg:0001153:448ac57177da,448ac57177da48eb7c447b1e77a86b5cee74b1f526e3328cfb83071281f48a86,0.6188119054,d4_component_default_guard
2fjg,2fjg:0001154:20f141893a68,20f141893a682e0c5a93d7b54e79e9ffd74a541cb97bf0399d9e8f01070d2010,0.1530153006,d4_component_default_guard
2fjg,2fjg:0001155:fc6ab38994ce,fc6ab38994ce388d23eb893fa6dafc016badc245d22df17d59fd3afa303d9085,0.3739874065,d4_component_default_guard
2fjg,2fjg:0001156:e7af8826cd50,e7af8826cd508400f8162355b0555424e776fd404012d6ab75446945dd62280e,0.3190819025,d4_component_default_guard
2fjg,2fjg:0001157:efd8386bd28c,efd8386bd28cbb60077dfb3deee9c438954d1abbcf9a155bb14924a264885410,0.8492349386,d4_component_default_guard
2fjg,2fjg:0001158:f08dd4f9ec51,f08dd4f9ec51a9deaf4f1247e4814bc4008cfec262e6d012636362e838ca7165,0.4185418487,d4_component_default_guard
2fjg,2fjg:0001159:a79f0a609c47,a79f0a609c47b41e4b4882b1ef2cb28bb4c3a396d85a1fe9e038dbb5d67a5842,0.9329432845,d4_component_default_guard
2fjg,2fjg:0001160:e9c7567d81d9,e9c7567d81d978dd02186595d737e63203660bc10b4ee75973fe4f721494e798,0.7596759796,d4_component_default_guard
2fjg,2fjg:0001161:302f12ad016c,302f12ad016c114101b2caf64238d917778203b1f99af4583ed26c592d1e2c5b,0.4464446306,d4_component_default_guard
2fjg,2fjg:0001162:7af3a83ffd3c,7af3a83ffd3c6181e458c4415954e7ccad4367a4d1719c5c2e4c999e70c8f171,0.3919892013,d4_component_default_guard
2fjg,2fjg:0001163:2536d64e39a2,2536d64e39a23c62d550f9c72bc2684e41a258727837e435f69c8c4a16411fcc,0.8159316182,d4_component_default_guard
2fjg,2fjg:0001164:9e575461430d,9e575461430d30099fd12b7cb4ab019121d8e7bd40153b5eef878fbb0c27d4df,0.9185418487,d4_component_default_guard
2fjg,2fjg:0001165:ceb68f2ec014,ceb68f2ec0149a69b76098e0c136a8f0354b5dba51f711f5072cea2f6cfb68ef,0.7758775949,d4_component_default_guard
2fjg,2fjg:0001166:a1a26fac9c58,a1a26fac9c5809d28726376cfdc8373ce033d6634b724be21fe6d403dcc362be,0.8118811846,d4_component_default_guard
2fjg,2fjg:0001167:c8962ed25caf,c8962ed25cafd5ca765f4e87ce7f651d90cc3fcdbc53dc7ba683df793325a2c5,0.7106210589,d4_component_default_guard
2fjg,2fjg:0001168:474847f0bb4e,474847f0bb4e4d7edff805ecefee320f96c50f9c87b600e59c9379a6a59234ca,0.7970296741,d4_component_default_guard
2fjg,2fjg:0001169:45f7b79c7863,45f7b79c786353aaacfda818e319591b694f845cb8b3c709a4afc5ea255f441b,0.7353735566,d4_component_default_guard
2fjg,2fjg:0001170:dace83e75044,dace83e75044be1e1f4861f36ebd7f4dfebd78ec83f54bb27e54d97202fdeae9,0.1444644481,d4_component_default_guard
2fjg,2fjg:0001171:dd7707333243,dd77073332435af921450dd4f2630ea1858a015af6c767f441c801e752e6d8d2,0.8082808256,d4_component_default_guard
2fjg,2fjg:0001172:a9fbe0db28ec,a9fbe0db28ec7d1e28a22a57f249d26fc3ecbf9b635068c660a079f1dcadfad8,0.3888388872,d4_component_default_guard
2fjg,2fjg:0001173:62d8cd6a5936,62d8cd6a5936b771114a82e8df632431e7783fedd238cd6570dea19b52772561,0.6953195333,d4_component_default_guard
2fjg,2fjg:0001174:f73c985a3630,f73c985a36309b941789f1396b41eefb738c15d542c26f945ef6ead41ef66b43,0.5900089741,d4_component_default_guard
2fjg,2fjg:0001175:417a5cc6fd21,417a5cc6fd213a832e4b195fcadc137bd55c8f30034cb269de54f54ebd78bfe0,0.6053105593,d4_component_default_guard
2fjg,2fjg:0001176:cfc2df6656f5,cfc2df6656f555cca6e8cfdc2fb29aed67d6e3c939357ffe4004dd5e639ac05e,0.9401440024,d4_component_default_guard
2fjg,2fjg:0001177:0722bda72ccc,0722bda72ccc708b56a100b9630a17d4f47ac4bed00c5e8b3a62ab9abe7af4b0,0.6570656896,d4_component_default_guard
2fjg,2fjg:0001178:4ca39eb6c4f1,4ca39eb6c4f133a507c18078102e00b7bb0cdd9b53b4976eb206dddfc6b5a116,0.9023402333,d4_component_default_guard
2fjg,2fjg:0001179:86866a00e032,86866a00e032b3ed4357ca2c15c1b206ffcc409b753e23b0ed2ee684edb77f47,0.7164716721,d4_component_default_guard
2fjg,2fjg:0001180:3f0ac6ea7a85,3f0ac6ea7a851db0ace300839f19cae51679fd1d959e7f8c0606e55f13823581,0.438343823,d4_component_default_guard
2fjg,2fjg:0001181:779c047788b3,779c047788b38390110ab910d09c67351632c8e2673b375faa5249d0a826263e,0.6147614717,d4_component_default_guard
2fjg,2fjg:0001182:646f7fdbdba6,646f7fdbdba66cff07e33fb6352f21fa7cfa866ae15c9e3309a0b3122e7b6251,0.6858685613,d4_component_default_guard
2fjg,2fjg:0001183:53cef4850d20,53cef4850d20ed25f8dd04a5bcdb04eddb016ab288efbf705920e8ef2f88e9f5,0.7938793898,d4_component_default_guard
2fjg,2fjg:0001184:602cd3b83aa0,602cd3b83aa010c4f6e5024f27f310973590fb6ad2f6ffaf2514ce6e5c58c858,0.6552655101,d4_component_default_guard
2fjg,2fjg:0001185:27b092ed3dd3,27b092ed3dd34b664549d842c3db9a648774fa75888dbabb4cab6b8587cff2cf,0.8406840563,d4_component_default_guard
2fjg,2fjg:0001186:eb541801b55f,eb541801b55feae8c13e7275f54e65754f7be87f5e800203ebcc6fb35bb35256,0.5427542925,d4_component_default_guard
2fjg,2fjg:0001187:36bfe19c43df,36bfe19c43df453d8dd4f5e05401191162c5a00e826428889b0f62bc9140c5c2,0.7835283279,d4_component_default_guard
2fjg,2fjg:0001188:318f48a009c1,318f48a009c1bcc7d485ca5f0783e45d493548db99b7b1bdef7b5d6b6e22abf8,0.3109810948,d4_component_default_guard
2fjg,2fjg:0001189:f6bd5aa5a883,f6bd5aa5a883c82c6a6ea4ba6213c5992efa55f75826ecae1760f3c624ac1b85,0.1012601256,d4_component_default_guard
2fjg,2fjg:0001190:b0b14c166fd0,b0b14c166fd0859bbfd7e5465e53b1d701c1f4d5e2f39aff959f42123efc673b,0.7088208795,d4_component_default_guard
2fjg,2fjg:0001191:ef2b668782d6,ef2b668782d6fcdf8e80a6ec8b730a2e38e701427922673b053d6011fe962ba3,0.3114311397,d4_component_default_guard
2fjg,2fjg:0001192:c4d8a561d295,c4d8a561d295fa88e16b8b5913c398f279cef616a2d40dc55b881d5f19640e93,0.6017102003,d4_component_default_guard
2fjg,2fjg:0001193:15c58dc771a0,15c58dc771a071989c6f3222ad26f0eeac1198cbd8f3b8f0eab1423caaa8d187,0.5333033204,d4_component_default_guard
2fjg,2fjg:0001194:43a40b00871b,43a40b00871ba677c34420f18fa068dcd0f4e036961184be9c6123ffb00607b3,0.4558956027,d4_component_default_guard
2fjg,2fjg:0001195:4b6cd7d2eec0,4b6cd7d2eec030a09ffd0cbcee4e0e9a47de5cc658d964cc3794a916e5a9da37,0.8991898894,d4_component_default_guard
2fjg,2fjg:0001196:0ac4dac0eabd,0ac4dac0eabd1880f761f8502eece73b3957a04796a36a6a48027dc4a39a99c3,0.4761476219,d4_component_default_guard
2fjg,2fjg:0001197:2e44d9952f96,2e44d9952f96810354a5dd87f29b6f581f6ba22be287bd0c987f6cd65e3901ec,0.8577857614,d4_component_default_guard
2fjg,2fjg:0001198:52f1e70ef654,52f1e70ef65403d9ae8bb4cec3ae85ea051fe00edc99869ed0395b2950c884f4,0.4671467245,d4_component_default_guard
2fjg,2fjg:0001199:4c6287b5d906,4c6287b5d90628b3cf15ff829c8f12b56bcc1457539fcd5acb5eb8898d6404ae,0.1854185462,d4_component_default_guard
2fjg,2fjg:0001200:e0267b6915b2,e0267b6915b22927b4ee0d98df4e72fce4653d0bdde34488d25ae5f1fba82df4,0.3901890218,d4_component_default_guard
2fjg,2fjg:0001201:907248f2cfb2,907248f2cfb20e5b1317cfe64a9bfd9b8f68db9cf03d109fb26231694122f980,0.4387938678,d4_component_default_guard
2fjg,2fjg:0001202:24d1496bf553,24d1496bf5535d766fecf67d6749419515c617237d1f0ddb39a049685cf55cd0,0.7781277895,d4_component_default_guard
2fjg,2fjg:0001203:293b079bbbec,293b079bbbec39d4879c83d2934549841767e52111069523c9c1bb52dc27928b,0.4284428358,d4_component_default_guard
2fjg,2fjg:0001204:6e19d541177e,6e19d541177e91595fd00116ba5946a3a7c7741dc77a2bcdf7d09930d582dc47,0.6435643435,d4_component_default_guard
2fjg,2fjg:0001205:6c0840ed0bd4,6c0840ed0bd49f3313de73f422b94105c451601d99bc9d7043a87671c48ae2fe,0.5040504336,d4_component_default_guard
2fjg,2fjg:0001206:52249122ca1f,52249122ca1f0ff58cf17a87315ab212c4756a71fd0562abbc4be499753453e6,0.2011701167,d4_component_default_guard
2fjg,2fjg:0001207:61f5fd0ec40d,61f5fd0ec40d7f57f66f75d69e892c1e4e366f835cb0cbaec66da68b19f8a748,0.02430243045,d4_component_default_guard
2fjg,2fjg:0001208:52ecae4169c2,52ecae4169c23989243467916514df2d53c66164a80548fedd02e7972bbf9f33,0.5774077177,d4_component_default_guard
2fjg,2fjg:0001209:a6c9fd13cd19,a6c9fd13cd19bc2971b6c6250c7351b31fc33c33e11f19269b1ca73367e10abd,0.1399639994,d4_component_default_guard
2fjg,2fjg:0001210:a428b3c0f48e,a428b3c0f48e592f4872d97361e982808f063ee95535f747e9dfa3f2acdd8d6e,0.4027902782,d4_component_default_guard
2fjg,2fjg:0001211:f870781d2b4e,f870781d2b4e1487c283813837998bed56701421e365fd58f946faec62d10463,0.1192619279,d4_component_default_guard
2fjg,2fjg:0001212:d867bb960184,d867bb96018478af252b645f1439ba95e41bedb262a2f47fe151f0d6a5c24dac,0.234473452,d4_component_default_guard
2fjg,2fjg:0001213:fd30c4dabe40,fd30c4dabe40b913d9483d4f3e1e28435d05ee39fd4b00ff1bf92263c9e3fab2,0.06795679778,d4_component_default_guard
2fjg,2fjg:0001214:c0ea751f08bd,c0ea751f08bdf0467819d7876260b6ed20e539a45a1b9d3f2e76f99423d1a0cf,0.8010801077,d4_component_default_guard
2fjg,2fjg:0001215:549373ecf156,549373ecf156ea4c182d0f3c4d6b939f377706c229e218cad4d03cd39b510cbf,0.2326732725,d4_component_default_guard
2fjg,2fjg:0001216:c47868ad2345,c47868ad2345c8499a8078ffef04eff1e2565ddac38bc0be014cc16be5224742,0.7052205205,d4_component_default_guard
2fjg,2fjg:0001217:8973f99b2637,8973f99b26374b7d7b54b53be13798413801562466bcdd24f9ffa2ba1b5010f4,0.2866786718,d4_component_default_guard
2fjg,2fjg:0001218:e40c3ce7cac4,e40c3ce7cac4c8705f0e074603719bf682155a6b06bfd473630147e44e90d4ba,0.3100810051,d4_component_default_guard
2fjg,2fjg:0001219:3d30056022a7,3d30056022a78fc665ce72e2022f535cc735e1473509ad55d6bb04e14da1aca2,0.1615661532,d4_component_default_guard
2fjg,2fjg:0001220:4e80b4fa56e6,4e80b4fa56e635741144cc746c77071647b2640a82d083ea6001e0886a9ad54d,0.227272734,d4_component_default_guard
2fjg,2fjg:0001221:edaf3b35d583,edaf3b35d5835dcccdc6d89c948b64048f824dbd2ca8b23385b12720295388da,0.351485163,d4_component_default_guard
2fjg,2fjg:0001222:1cb9a189bb29,1cb9a189bb294c5a7e8cf37746b97aa1181fbe882ef1cf3b9d34d4e7395bc899,0.5351034999,d4_component_default_guard
2fjg,2fjg:0001223:b0748423a917,b0748423a917d329aea0b7b9a484612c99dd0ea946e2c7d3ef91093f9b8b5729,0.3906390667,d4_component_default_guard
2fjg,2fjg:0001224:52512d1651f2,52512d1651f2cabdc73286f4279497f82b78e7671620243073368d723a3b2ffd,0.2268226892,d4_component_default_guard
2fjg,2fjg:0001225:e077e9bf2886,e077e9bf2886153a5de8ff9a832aefd02f44329f47210f00e6c8689c485b67b9,0.1926192641,d4_component_default_guard
2fjg,2fjg:0001226:8ab9180c53ca,8ab9180c53ca5979544e358c4e8dd63406415e937ab19d47daef97b79ca78640,0.01125112548,d4_component_default_guard
2fjg,2fjg:0001227:05b6d0e7d028,05b6d0e7d028f96dbaaa619646ae2853f69a95b18ce2d55426c6ba90ee99f702,0.3334833384,d4_component_default_guard
2fjg,2fjg:0001228:2132cdec5b23,2132cdec5b23927dffe4b762d85e73c5c233aa43996f050a5c3a488dd718915e,0.1579657942,d4_component_default_guard
2fjg,2fjg:0001229:cda59931d92b,cda59931d92b1ab169a03fc984b2b8addd1019a127f01048037495d84ee4deeb,0.2425742596,d4_component_default_guard
2fjg,2fjg:0001230:f2376f3590ea,f2376f3590ea58785df755ddfedf8e1e2b51a3bb8ad55f560e8eca31e8346fbc,0.1462646276,d4_component_default_guard
2fjg,2fjg:0001231:f7b630037a26,f7b630037a2637cbf4fdd4ac9f8327b6a8d1733050cab9e1e60b1e6a8854bad0,0.3096309602,d4_component_default_guard
2fjg,2fjg:0001232:d40a84dbed4f,d40a84dbed4fb60486dc4fd572e64d6f61dbc1db057bbd815e192142850ded0a,0.04050404951,d4_component_default_guard
2fjg,2fjg:0001233:4b455f033134,4b455f0331344407910b6ed0ac7e5ae6775955c8ec39a743154446411f28b038,0.6156615615,d4_component_default_guard
2fjg,2fjg:0001234:fa5d46d857b4,fa5d46d857b492491c2fbdeea490faa29bf948f0bbde9df091f359e8f51bb61b,0.1917191744,d4_component_default_guard
2fjg,2fjg:0001235:c2d5d025477c,c2d5d025477c37ad373ea10a08c5386affd8d99d09c79416b8b213ff256c31ce,0.9297930002,d4_component_default_guard
2fjg,2fjg:0001236:c3aa62e034c8,c3aa62e034c8c6e8641b0228b7636c07ab3f70b9b9379ee80ba0aa34e02f67d7,0.6516651511,d4_component_default_guard
2fjg,2fjg:0001237:83603fd6be91,83603fd6be91e7d31e340c2733668c92eede46b5beb4754063e9802085f1653f,0.5882087946,d4_component_default_guard
2fjg,2fjg:0001238:afdd73aea5db,afdd73aea5db4722c0204f4e4cd2b348a89719fef91c14f0f5a970afb3ec6a7c,0.2884788513,d4_component_default_guard
2fjg,2fjg:0001239:b104d8c1fcbb,b104d8c1fcbb947154ba8a983678e78a91b5478fcd600c6787f16944ebd7e0fd,0.4594959617,d4_component_default_guard
2fjg,2fjg:0001240:da512a570b12,da512a570b12079f0260e25d4e689c5830c06e8338e4a2d3d6b170e1331ac7dd,0.8591359258,d4_component_default_guard
2fjg,2fjg:0001241:f2c04cb9ddcc,f2c04cb9ddcc7efa57d9ccec937160b33129687cbe9952d4382ec265550fecf9,0.5423042178,d4_component_default_guard
2fjg,2fjg:0001242:dd68651b2ab2,dd68651b2ab200b151a206f22aeb4ffe87136596a9c915609b8cdf5d1d42de4f,0.6291629076,d4_component_default_guard
2fjg,2fjg:0001243:7a806efa59e0,7a806efa59e00956f9cc6efb1ae5bf35a4507b82572d4280eef93828788a1fc9,0.6885688305,d4_component_default_guard
2fjg,2fjg:0001244:a097073b48dc,a097073b48dce2a4dbb388976fa65a382a68b87dceff7ebcf730d4b23ceef05f,0.8384338617,d4_component_default_guard
2fjg,2fjg:0001245:54061755c5fe,54061755c5fe10a68a426622cd8b40f544a8ca79af4b918f6e314c3375644f22,0.544554472,d4_component_default_guard
2fjg,2fjg:0001246:7278aeecde95,7278aeecde952b216bab008f2211c3339f129ea9b0768ac7f48fc05ee346870e,0.02790278941,d4_component_default_guard
2fjg,2fjg:0001247:f23fdea5ea2b,f23fdea5ea2b641df5946cadca583bde3505f9f07bde95a081d216f302dab598,0.6431143284,d4_component_default_guard
2fjg,2fjg:0001248:1024f67afcf1,1024f67afcf10ceac0755fe55c24c311eb776ccc06ffb7da4843d53fd5f36a82,0.3046804667,d4_component_default_guard
2fjg,2fjg:0001249:a3c482ce4463,a3c482ce4463a416c5a714526d36e3af328b2f3b6f11dff61d45ba4266834713,0.334833473,d4_component_default_guard
2fjg,2fjg:0001250:4aa769ab43a9,4aa769ab43a90e6a8490f77542d68b3bf5df0ec00d442031df479d614a90bf82,0.4626462758,d4_component_default_guard
2fjg,2fjg:0001251:542455a1e20c,542455a1e20c695223037275793d8c3665c1c2d632fbc8ca6972d85275e54d82,0.3015301526,d4_component_default_guard
2fjg,2fjg:0001252:0395852e55ce,0395852e55ce02f99791a4871373ece9a8cb7cae37232370286463e16fa12a57,0.8564356565,d4_component_default_guard
2fjg,2fjg:0001253:71c3563be236,71c3563be23632f8b2df1e5b3fd01a579d3a9ff5bcb7f245b6280e0ec4a83823,0.5252025127,d4_component_default_guard
2fjg,2fjg:0001254:3cfe8128efe9,3cfe8128efe96c6163c7cdb69412b5f86848f09763445694277011e6de74faeb,0.9338433743,d4_component_default_guard
2fjg,2fjg:0001255:66fdf87cf1c5,66fdf87cf1c5d65ac994474ac9ac015599d5e95e5660fe77632996289aae2c3d,0.6602160335,d4_component_default_guard
2fjg,2fjg:0001256:9299d419fb06,9299d419fb06b4687396448b5d7f1d95cafdf0aeb50b10b8a334ed03b2349cd0,0.4837983847,d4_component_default_guard
2fjg,2fjg:0001257:42c0f987aabe,42c0f987aabeb12f63625c3274efb29ff543e68351aab5307e5c9895c79566d6,0.6620162129,d4_component_default_guard
2fjg,2fjg:0001258:47ead68df035,47ead68df035c79b6ee929c145e8f6650e306258a266dcddd40127993fd39453,0.861836195,d4_component_default_guard
2fjg,2fjg:0001259:3c78c37cbcb5,3c78c37cbcb584dd4440d8b0ff43636057d62e09dc3ba6d7bee3c45bca633085,0.6876687407,d4_component_default_guard
2fjg,2fjg:0001260:e29c20be400c,e29c20be400c0f156c792a599574aaf799d442df0842a20d6a2dd3f108026de9,0.7988298535,d4_component_default_guard
2fjg,2fjg:0001261:698a04f430b5,698a04f430b50150a0e8bcae0f954c3e2162b632fad2fc160f2b1e65cea2cf52,0.7812781334,d4_component_default_guard
2fjg,2fjg:0001262:58069af9361a,58069af9361a7729390bfb3214114e81555079490824b11371970166bf11b44b,0.7767776847,d4_component_default_guard
2fjg,2fjg:0001263:cb2b3708cce3,cb2b3708cce31077fd85661e47637384a6ef5e9f4a0cc0aff70553da9894ca1e,0.7191719413,d4_component_default_guard
2fjg,2fjg:0001264:98cecbfdc6b2,98cecbfdc6b23ffb3d4777bdaaf69419418baa5d8174e4498a8cece4d59b3c14,0.09090909362,d4_component_default_guard
2fjg,2fjg:0001265:fc6723cc1dc4,fc6723cc1dc4cce4e5e24b76412c04e093ed982c40e6f8036dfa5971b0ec67d4,0.7709270716,d4_component_default_guard
2fjg,2fjg:0001266:471cfec892cb,471cfec892cbe7f038eb27096f42b56f613867827b69ce2f024621a4b2bc29ff,0.5342034101,d4_component_default_guard
2fjg,2fjg:0001267:e8d9cd4fe192,e8d9cd4fe192b7c3b7ef4f48ad69e11b44c367a43eb9040b0750a1790c08fb0a,0.5229523182,d4_component_default_guard
2fjg,2fjg:0001268:4dd8c99e6ea9,4dd8c99e6ea95a902e8314acc7c294e9f4fa8b2d35c860b65971e712a3da848e,0.5976597667,d4_component_default_guard
2fjg,2fjg:0001269:de33a6d67e3a,de33a6d67e3a95cfd73fbb65008b2495157e090c908392861fcb802a58605e87,0.6633663177,d4_component_default_guard
2fjg,2fjg:0001270:cc838d3b99ec,cc838d3b99ecaef1780c2e33775eb83c1fce974aa0140732afaa367a7281026b,0.4428442717,d4_component_default_guard
2fjg,2fjg:0001271:2d4c67eb038b,2d4c67eb038bc2e82caab12b351a5ff24e83682959ded319654f66bde6fc057a,0.7920792103,d4_component_default_guard
2fjg,2fjg:0001272:fddd6d4cfdea,fddd6d4cfdea3317e1bcc50912ec239bf2bd57173a17a30af01d8a44fc053911,0.5841584206,d4_component_default_guard
2fjg,2fjg:0001273:d3203cbc22e3,d3203cbc22e3f3c9b1d851491dc66259e10b05ecb7bc8579a18a53a679a4b651,0.882538259,d4_component_default_guard
2fjg,2fjg:0001274:0438880b799a,0438880b799a625bf360009f998fff4065173d0b18f3f18e67eb2d5d796e16ea,0.5531052947,d4_component_default_guard
2fjg,2fjg:0001275:190e8e78ee15,190e8e78ee158de54cdd48b3fa7ceff2475ebf449f96bba79453bd93562e93c4,0.3195319474,d4_component_default_guard
2fjg,2fjg:0001276:a01eb13756b1,a01eb13756b1337605ffab13ee2f77b98e25c88e3ab77ac7cbba29fba5893d23,0.4959495962,d4_component_default_guard
2fjg,2fjg:0001277:ed9619d1e2a2,ed9619d1e2a242d6855baedd0a15b82c6da7860de9ef47e02337e5f05ad6f945,0.5598559976,d4_component_default_guard
2fjg,2fjg:0001278:9352752534e7,9352752534e7ddcc1e1f7b70afb13297bf96cd46b926633fc62fe1cc574f5194,0.8622862101,d4_component_default_guard
2fjg,2fjg:0001279:7213495959c5,7213495959c5347fcac00dd5d10185c0ea214d6a70ccc160928b7c1b7d4fb4ce,0.5711070895,d4_component_default_guard
2fjg,2fjg:0001280:3052f668a208,3052f668a208d02d2f8484b587cb6e8e49a44ca341a764caf79f67f805231498,0.7457245588,d4_component_default_guard
2fjg,2fjg:0001281:523fb2161aab,523fb2161aabe021961cf140a0a61dc57b48f04c74a5d95ed4834fd854c88279,0.5085508823,d4_component_default_guard
2fjg,2fjg:0001282:fd50f0dce3bf,fd50f0dce3bf1a71915fcbf3f2acc8fd6cf7da0394c3887b6ba06db73317e5e9,0.6399639845,d4_component_default_guard
2fjg,2fjg:0001283:6b716d9f7cf8,6b716d9f7cf85c2abf3fa94e098d8fad571df7aeffd5e0a256d41bab6e7a8adb,0.4855985641,d4_component_default_guard
2fjg,2fjg:0001284:6453e4cbc1dc,6453e4cbc1dc24c1619dbb73df13bdb2355476e6caaf5a4e35fa838a137789e9,0.09450945258,d4_component_default_guard
2fjg,2fjg:0001285:ffb08ece4624,ffb08ece462463321b4f8fd48b710d0feae604596e0057ce0b1668b658b416a0,0.7587758899,d4_component_default_guard
2fjg,2fjg:0001286:45a642a526a3,45a642a526a3cfe553b4bed31bd2f2932832bd2365e82d86ed52d07eabdfa13c,0.2952295244,d4_component_default_guard
2fjg,2fjg:0001287:2efe0dd83ad3,2efe0dd83ad3263cceeb5e60f570c33f52f910acf662a01665ce7c11df1464f2,0.4194419384,d4_component_default_guard
2fjg,2fjg:0001288:40490f27c5ee,40490f27c5ee5736fb3c2459c04be09cc3158611551753b1685b474aa5343120,0.2691269219,d4_component_default_guard
2fjg,2fjg:0001289:06d513ff649f,06d513ff649fa6b1b35b46b0d30c28e43bcb04ee610924f07ee9b6900991b0ca,0.2331233174,d4_component_default_guard
2fjg,2fjg:0001290:827788db369b,827788db369bd0cc1eb1e4c755c4c8afbecfcfb22510899f2b07a0ae008af22d,0.8109810948,d4_component_default_guard
2fjg,2fjg:0001291:86360f7b7845,86360f7b7845d975f17679d970c9fb23b338ae73e4390883b5fe57d603ba9e07,0.4927992821,d4_component_default_guard
2fjg,2fjg:0001292:cae0fdb54d8f,cae0fdb54d8fdde58f31c661bb8768e05ef79f24e82cdf934fa00471bdb10796,0.7488749027,d4_component_default_guard
2fjg,2fjg:0001293:8bd3f04f5608,8bd3f04f5608df30494d5510c6634fb777b21ff9998cd8fed83390d3c44d04e9,0.3717371821,d4_component_default_guard
2fjg,2fjg:0001294:b2ea8aabf8ec,b2ea8aabf8ec73ca0facd073a2358d5e31b98cd38fb96eb02603a0390174b1ef,0.3699370027,d4_component_default_guard
2fjg,2fjg:0001295:58767414f129,58767414f129ba1d27c85092ab42ec2ee70aaa98017f8db29339985514170ff3,0.2362736315,d4_component_default_guard
2fjg,2fjg:0001296:c7cbd5ff64af,c7cbd5ff64af9bd0643fe780bed9b1931e64f8347481b6d35fd5668f3d89a1af,0.3163816333,d4_component_default_guard
2fjg,2fjg:0001297:4d9eab2d4387,4d9eab2d438716a7606eb34d7fcad23482087a3c903de6a155c085d04609daed,0.6581908464,d4_component_default_guard
2fjg,2fjg:0001298:7dce3b7e1e83,7dce3b7e1e839df901f0a1c884d628e4dd52e12d151f62ded0e6fe4461bf7de8,0.2506750822,d4_component_default_guard
2fjg,2fjg:0001299:99481d21664f,99481d21664f9589cacd23a355803a31964c89adadcc02a9d2bbfbbb3bda2ebd,0.4351935089,d4_component_default_guard
2fjg,2fjg:0001300:73bf6446472e,73bf6446472e7d4a17ea401492f45265211253df397a08c2237d98f349c8c8ff,0.4572457373,d4_component_default_guard
2fjg,2fjg:0001301:066ce5b95d9e,066ce5b95d9e1da99ba584e015492ef44419754aedbb34e589040d181e7ab3ab,0.155265525,d4_component_default_guard
2fjg,2fjg:0001302:65ab287a2481,65ab287a24813077ac87de530d2c03dba73c18815deac7982d44ae71c4c91d05,0.06030603126,d4_component_default_guard
2fjg,2fjg:0001303:f12489619de9,f12489619de9c9d40f44c381c92a933e5b21f1d15e53b52fb8d7bfa029e541ca,0.3766876757,d4_component_default_guard
2fjg,2fjg:0001304:9f4b0192b934,9f4b0192b934b32a8f922409ac22f0fa241363dbbeda65ab4b1f3a27b624248b,0.196669668,d4_component_default_guard
2fjg,2fjg:0001305:2bb6e0659985,2bb6e06599856191d1d467e5de7398cc2864ad0a802a63c8961942477b1a99f6,0.08100809902,d4_component_default_guard
2fjg,2fjg:0001306:cf5cb8e7a15e,cf5cb8e7a15efef5f31660346f68c37f4bfb5b6aaf5940f14be42967d8db7b51,0.06930693239,d4_component_default_guard
2fjg,2fjg:0001307:c79f9fe3666e,c79f9fe3666e90ce150cd6258f8d1dc319757e9351b94abb449984c9c7c5f6af,0.2007200718,d4_component_default_guard
2fjg,2fjg:0001308:318fba72e59a,318fba72e59ab3653861765baf4ddaaaf46c894f63851004949f5eb4695f76d5,0.1053105295,d4_component_default_guard
2fjg,2fjg:0001309:25b7e7e84f57,25b7e7e84f57263649271d9e0ba830b5d3b78228f0985d344266e4a96a3ab014,0.6980198026,d4_component_default_guard
2fjg,2fjg:0001310:c9cd516a838f,c9cd516a838f06959b72ef47927911fe4601b6796d8492a908fa5467eead833e,0.3307830691,d4_component_default_guard
2fjg,2fjg:0001311:1000e43460d2,1000e43460d29616f9a2bcd2c1c5e60e21aaac6fa25cb5d34fc8654741799799,0.9351935387,d4_component_default_guard
2fjg,2fjg:0001312:25150a59b1f2,25150a59b1f2354e115d49402750c16c1e468a32fe377baa0eedb891fa2ef9c0,0.7515751719,d4_component_default_guard
2fjg,2fjg:0001313:d32dfa190d5f,d32dfa190d5faf353b8ee4d7b0164b00c91f1ac90dfc2445678faa690aaae459,0.465346545,d4_component_default_guard
2fjg,2fjg:0001314:faa8d87a12b8,faa8d87a12b8edd6b6b8540f06f6468ada0065ad7aeb0df66fee2d4413151112,0.3924392462,d4_component_default_guard
2fjg,2fjg:0001315:53938b0da457,53938b0da4571cbe167fd24288d00e1ff5cd070fed2c14dd734444795f9b4e8a,0.8181818128,d4_component_default_guard
2fjg,2fjg:0001316:4a846cf610bb,4a846cf610bbaf7867971119b8b81cc1ba94296b170b5edb3d2ff6c6a5d0968c,0.9194419384,d4_component_default_guard
2fjg,2fjg:0001317:6708b9afd1c2,6708b9afd1c2591fad128492dcb9b832ef83d5f98df0f83ba2eecc92875c1fa2,0.7785778642,d4_component_default_guard
2fjg,2fjg:0001318:bbf510b6fa39,bbf510b6fa395db2c548c9c9e412c53973194935cf5c3581b2b024ddb0430716,0.8177317977,d4_component_default_guard
2fjg,2fjg:0001319:9be6a0b57cd5,9be6a0b57cd59755ae3e23b437e9b4f475f2b3f9e1948f672d70abefddd58356,0.7272727489,d4_component_default_guard
2fjg,2fjg:0001320:405d642a9f05,405d642a9f0542cf97460f393896de57bc5193a5e9202e9acef5b1e11434f790,0.7952294946,d4_component_default_guard
2fjg,2fjg:0001321:721bea215740,721bea215740374345f24a80650bde3bd712a2cbb09f9b58d0b92ae8fccd45dc,0.7380738258,d4_component_default_guard
2fjg,2fjg:0001322:0d60ba9db56a,0d60ba9db56ae7e776ac7cf7bfd2a54f34c84da887b6722a789e5cbc8b1d0496,0.1480648071,d4_component_default_guard
2fjg,2fjg:0001323:b15dd44aa8c6,b15dd44aa8c64922edc21a50abe7a65d575ca468843d649a09230c5a56e9cb2b,0.8087309003,d4_component_default_guard
2fjg,2fjg:0001324:0ddb6956373d,0ddb6956373d230deb7364a183a70930508bf2d0f2bd45245985c41831a58481,0.3973897398,d4_component_default_guard
2fjg,2fjg:0001325:5f2aec13302d,5f2aec13302db4b22d3c16a889a5257efcfbb5b65b4661bad38929c7e6851833,0.7038704157,d4_component_default_guard
2fjg,2fjg:0001326:bd6f6c1b41f4,bd6f6c1b41f4b0413c24f35f5f87300addf419a545da36fd8fd8562d9c441e8c,0.593159318,d4_component_default_guard
2fjg,2fjg:0001327:9319c2174ddb,9319c2174ddbb4cd82be42e99f58594c14728ebb77ded615d904210f9d4e6135,0.6210620999,d4_component_default_guard
2fjg,2fjg:0001328:e31fca853fbe,e31fca853fbec8a7b6b019eccef7c24db755bfe4758d1379bd6ebeb4ca98d780,0.9374437332,d4_component_default_guard
2fjg,2fjg:0001329:f310cb16b9c8,f310cb16b9c82af3168677910f24795029a3ec1f62eaec227c573dd7a6a565ee,0.6719172001,d4_component_default_guard
2fjg,2fjg:0001330:7647742194b8,7647742194b8e618a8c317c235508f0897d915c17d6c99f52d086791e17b7470,0.1026102602,d4_component_default_guard
2fjg,2fjg:0001331:19da5a4be43a,19da5a4be43a1f9167a8c792f218ef95b3d680d63f7c8f1dd4e23e59389732b5,0.03735373542,d4_component_default_guard
2fjg,2fjg:0001332:80caca30cf0d,80caca30cf0d4e776da3ebf1251f37e6ef3e90d03c2aeededaabf372c796f4f7,0.05805580691,d4_component_default_guard
2fjg,2fjg:0001333:5282e34f2863,5282e34f2863cd253f25129f314f8f16403731b2d46600c0f001c734182290ff,0.08460845798,d4_component_default_guard
2fjg,2fjg:0001334:25f5f30a8bb5,25f5f30a8bb57ddb13b80c9c59b19a4d6555454c6672baa50fb7dd707eca3fb4,0.2700270116,d4_component_default_guard
2fjg,2fjg:0001335:e95a0402dc21,e95a0402dc21ba1bfd31726afbd143872274a7cebeacffd275a0d737c471e09d,0.1098109782,d4_component_default_guard
2fjg,2fjg:0001336:595f7aaeb5bb,595f7aaeb5bb306c638c0679fe6f7fa1c71025e8790a296c35e925a566f12215,0.1777677834,d4_component_default_guard
2fjg,2fjg:0001337:3854dca8ca2f,3854dca8ca2f42507a6bd4cbf84f91426cf029e3805c95d1430b1b4e222d892b,0.1642664224,d4_component_default_guard
2fjg,2fjg:0001338:6dc3c9681fdc,6dc3c9681fdccfc9343c96dfdd639110bf866de65b7a9d423d0d47da94e8e6d6,0.08550854772,d4_component_default_guard
2fjg,2fjg:0001339:53499812ec2e,53499812ec2e229dac813d7cf18da8ac1d58c49ecb296dbb57ac590c26a693d7,0.1372637302,d4_component_default_guard
2fjg,2fjg:0001340:9bf0ea027710,9bf0ea0277105201fc782aca7cbdaeef724dcac83734f3036ffc957396684ff6,0.00225022505,d4_component_default_guard
2fjg,2fjg:0001341:9dffe21ee426,9dffe21ee426ca840c94d823c77d2558efd14b10d0f2f28858d6b45def9f9706,0.0315031521,d4_component_default_guard
2fjg,2fjg:0001342:1c1190b50c37,1c1190b50c37828762c614ec7b79503f24e3ab699b44b2ab2fe5d4040ceb23e0,0.05625562742,d4_component_default_guard
2fjg,2fjg:0001343:4d75583269ef,4d75583269efb3242cad374c562d41eb76503eff6fa6252fe339f5e249cb34bf,0.144914493,d4_component_default_guard
2fjg,2fjg:0001344:39511f883316,39511f8833161b14c896f98f4459478c508c263d294ed818406a883d3dbcba31,0.01890189014,d4_component_default_guard
2fjg,2fjg:0001345:7ae2b30da084,7ae2b30da0844a1a344be9effd72d32073bbe2fb21405edfef73fdc7e6b7be28,0.04590459168,d4_component_default_guard
2fjg,2fjg:0001346:726b184e1c6f,726b184e1c6fa146f6de066571507a10edd946a8d9f5368464a9d4924c45d3fb,0.008100810461,d4_component_default_guard
2fjg,2fjg:0001347:7ce18daeb4c4,7ce18daeb4c4ff8c87ec9038892f55b91d83f86a23b896283a262af109dc4709,0.2767776847,d4_component_default_guard
2fjg,2fjg:0001348:a734e9782517,a734e97825177070ecc025078d52806ce95fea88075fb3f3bb94f600afb36c92,0.04725472629,d4_component_default_guard
2fjg,2fjg:0001349:e0f802f45c09,e0f802f45c0929edf7b3c24a43a36109441c961e4abaed88412a93d3ee5da8f9,0.8987398744,d4_component_default_guard
2fjg,2fjg:0001350:b1c90f9dec77,b1c90f9dec77fe0a8b9c6302c9f5c0078789d66c6cb9cd6da69f13f9b4a5a2fd,0.4212421179,d4_component_default_guard
2fjg,2fjg:0001351:4c6253390e85,4c6253390e85fbca9eec510b8d1d6d8c676d93d13acab6197dc1202ceb59d06a,0.3982898295,d4_component_default_guard
2fjg,2fjg:0001352:32db17de6401,32db17de6401ebf099b5e43d0c11962d230c035d5b3e0bea682dfe57b7cb5258,0.5337533951,d4_component_default_guard
2fjg,2fjg:0001353:a6614023dddf,a6614023dddf9312e0ae6171148281ab1d098b5a8b2cdd3e84bbf54a40a06473,0.8976147771,d4_component_default_guard
2fjg,2fjg:0001354:fd08bb673191,fd08bb67319152e63ed2a48d19db6d6492642f2f0ab30a3a251a46554d0ecc5c,0.7137714028,d4_component_default_guard
2fjg,2fjg:0001355:860f9fa11071,860f9fa110710dcec956e746c8163d0c148f8a4ca23abd28194202dd2d683fe1,0.8798379898,d4_component_default_guard
2fjg,2fjg:0001356:e14b9b323685,e14b9b32368591ab52ed4e70800c69f2dbbb5b0feba660878b8b9e731c33bb7a,0.5153015256,d4_component_default_guard
2fjg,2fjg:0001357:e7667b557be8,e7667b557be87db852ebc20863f25f91def2ff6f8e224eb6f4dca936ad7fc05d,0.7187218666,d4_component_default_guard
2fjg,2fjg:0001358:a8b89c5caf76,a8b89c5caf76d48c060320f3a070ec124a43adf36944580a8f834c656a6269ba,0.4765976667,d4_component_default_guard
2fjg,2fjg:0001359:446bdd1c5bb8,446bdd1c5bb88310712eaac6672d372726d764cd490a44b63691bdae540e5ee8,0.08595859259,d4_component_default_guard
2fjg,2fjg:0001360:5dbc4c4589d4,5dbc4c4589d40c97446c17fbe40db53b1f46f627c15c3c6573ff93629057a143,0.7362736464,d4_component_default_guard
2fjg,2fjg:0001361:da9ed3a2e041,da9ed3a2e0415eec7ab19a224ef2167939fe98660b93c62af71fa8b199fc7b7c,0.2718271911,d4_component_default_guard
2fjg,2fjg:0001362:7322023daf2d,7322023daf2d3baddf6a1800a7f092f96ad339bd64d2f38f0fe591d10825ec7c,0.6318631768,d4_component_default_guard
2fjg,2fjg:0001363:37960682a4bb,37960682a4bbd83ab2a439375cc58561f79e886bd7e0fe38a911182b5fd078a7,0.1512151212,d4_component_default_guard
2fjg,2fjg:0001364:db5a9c6f37bc,db5a9c6f37bc2d4b2d0e11fb9fcc5c867393016d1e33a2a6bf7ff7c49cb52a70,0.3510351181,d4_component_default_guard
2fjg,2fjg:0001365:c375aa23bb34,c375aa23bb343cbef0e9d5301ce351615ef08b216714058f409d740243bce7f5,0.3028802872,d4_component_default_guard
2fjg,2fjg:0001366:b7ee10e25ad2,b7ee10e25ad2a8581bf62dffa0392876c70a99c54465f280677a449f172ab200,0.8501350284,d4_component_default_guard
2fjg,2fjg:0001367:dbfaf3ae3c42,dbfaf3ae3c42155bdddb9585df9cafe79e221a1149db2b957c85981560c56141,0.4081908166,d4_component_default_guard
2fjg,2fjg:0001368:991255010bac,991255010bac17d8c9c75919b0e4400039ae279d74c4063704b5a9a0ff7a4a81,0.8838883638,d4_component_default_guard
2fjg,2fjg:0001369:56ae82d5797e,56ae82d5797eb0d3a2cc0d953531be1dba59285b8aacb427589f97e0844236f3,0.5643564463,d4_component_default_guard
2fjg,2fjg:0001370:df9626d1cd3e,df9626d1cd3e15c297b3eec6f686586a79b254ce85aafd03e32ec782845fc9ac,0.3037803769,d4_component_default_guard
2fjg,2fjg:0001371:5537e4f498d3,5537e4f498d33b995e8ea509fba8329f8abbe1e9a1fd0a22e89e720118f8d444,0.5234023333,d4_component_default_guard
2fjg,2fjg:0001372:afea46e0f4ff,afea46e0f4ff9c05d6c0633fabad5e6b0fcefb6813c91822ace1a89394e04d7f,0.5540053844,d4_component_default_guard
2fjg,2fjg:0001373:78bf88261fd0,78bf88261fd080b0f7d177b3cedf7feabc9f3769c2ee9a4118ea572a597265cb,0.8712871075,d4_component_default_guard
2fjg,2fjg:0001374:d821e0069558,d821e00695580b7d9a8852aaf0b1831a14138c290906d1aefd09dab04715da6b,0.5994599462,d4_component_default_guard
2fjg,2fjg:0001375:6c1b56e186ed,6c1b56e186ed50179cd432c0c5f7dbb279d3dfa4c98204dc0d17df0c32fe087b,0.752025187,d4_component_default_guard
2fjg,2fjg:0001376:7f4e06797ae1,7f4e06797ae197c1b84f4a49427a97df59a9770bdf97ec80edb7a3e194d83be5,0.5148515105,d4_component_default_guard
2fjg,2fjg:0001377:7be4dfd80f25,7be4dfd80f25679be3ac98eaa535ffe2b4731fea155f02a92d47813a71dadde2,0.6426642537,d4_component_default_guard
2fjg,2fjg:0001378:ae11a424bcf9,ae11a424bcf9611439105fb2acaf96ed0742a326c998e70999662355661d0e80,0.4711971283,d4_component_default_guard
2fjg,2fjg:0001379:4154630ed664,4154630ed6640f8afe1fcd122f5d7f56b7d298a17bbde44ded5e15ff05f32a6d,0.110261023,d4_component_default_guard
2fjg,2fjg:0001380:b51a527501ca,b51a527501ca083dce96a4f589b93c2528bcf129588c44f79e0cc49a5128568d,0.7610260844,d4_component_default_guard
2fjg,2fjg:0001381:c624415a2913,c624415a2913650ad8709f7c9d4daf6d94b0dfa42282e5a474bd70b098ada185,0.3060306013,d4_component_default_guard
2fjg,2fjg:0001382:b815a355970b,b815a355970b18f02dc7312d1ae7e2e72e7b1961a907bb9ae416873033235c8b,0.4477947652,d4_component_default_guard
2fjg,2fjg:0001383:a399fbc1b6d0,a399fbc1b6d0e749a00f2bbc5b2363c54eef22bd5c50dd310fa370f8c67ee1a3,0.2709271014,d4_component_default_guard
2fjg,2fjg:0001384:68daf84d9752,68daf84d97522dabd6d1f5fb07aa4880bf3591a94a62ecb7fe20d68efa930f2f,0.2290729135,d4_component_default_guard
2fjg,2fjg:0001385:f209b305713c,f209b305713cd3a056839168f348d293e3bb38d31c1abd5a6c3623d3225cbcdb,0.8001800179,d4_component_default_guard
2fjg,2fjg:0001386:621d83075f52,621d83075f52482aa1a26301e17c4d67d0eb2429812401fc36cac22fd0a6d342,0.5288028717,d4_component_default_guard
2fjg,2fjg:0001387:e7fed5da1889,e7fed5da1889d41cf2f4c209c94510095821793a993bc24a8fbc71f772302801,0.931143105,d4_component_default_guard
2fjg,2fjg:0001388:689c285b63bb,689c285b63bb8d1a197b5163a756c3e2ccf635600d3b15fb6491f216e268cea6,0.7677767873,d4_component_default_guard
2fjg,2fjg:0001389:495cae8a18bb,495cae8a18bb91acbb615b6d9423501f8038fffb599cbdc6c805c7f1501f3d8f,0.4752475321,d4_component_default_guard
2fjg,2fjg:0001390:433cadcf5365,433cadcf53657040c67b96f1690aecfa764c539ab7e6aee00273dc0c6f94e42f,0.4306930602,d4_component_default_guard
2fjg,2fjg:0001391:a6f4d4803878,a6f4d4803878f8f14432f00492282c3d45cd60c9fcd6f1a31ce9053877060359,0.8294329643,d4_component_default_guard
2fjg,2fjg:0001392:f160fb5492a7,f160fb5492a7b69438326d2b4ad6765398435032f47d2437244388191527deb8,0.9198920131,d4_component_default_guard
2fjg,2fjg:0001393:4c8713cce925,4c8713cce925d530aaf22f18c8a3030e34c4927cd41b948f13506a7c9333e937,0.7727272511,d4_component_default_guard
2fjg,2fjg:0001394:aca74938de58,aca74938de58af842c20ed0fef4766b448f5f98d91170d25c375acef58174e2c,0.8046804667,d4_component_default_guard
2fjg,2fjg:0001395:1499b8a483c6,1499b8a483c6941c3016257934005e0ad647fad6882391808aa081b45eee49b8,0.7056705952,d4_component_default_guard
2fjg,2fjg:0001396:f164a5dda102,f164a5dda102f8efab6188ff01cec362d8cc6df966a0f91f3c43a60350ad005c,0.8015301824,d4_component_default_guard
2fjg,2fjg:0001397:e4ec66c3292c,e4ec66c3292c7f6898663f6bc94816e9d1d17fc17a2156ad46658c36afc3dafd,0.7358235717,d4_component_default_guard
2fjg,2fjg:0001398:4bf4a901d2a3,4bf4a901d2a3e38be1c8ba785953a73d6a2222ea7fe729d3727c7f3cd1b68b7c,0.1485148519,d4_component_default_guard
2fjg,2fjg:0001399:148aac9eb52b,148aac9eb52bc994f827dc54ad21da3b39fe1879ff3da06f9177699ae7fc35b1,0.8051305413,d4_component_default_guard
2fjg,2fjg:0001400:99f771aa2d3d,99f771aa2d3dec01101d41c5a390b0d9b8264500dd3cbf0a37eaa2b1fc4a1528,0.4054905474,d4_component_default_guard
2fjg,2fjg:0001401:fef777d9cc9c,fef777d9cc9cd2d9cfb758077572847a04d1a00cdc7eda777511c4540c9bf59d,0.7092709541,d4_component_default_guard
2fjg,2fjg:0001402:3f62e0ab89f7,3f62e0ab89f79ab2cc4c29e442ce1962f0f5a0d620b6e892caae81575b2c6cf6,0.5859586,d4_component_default_guard
2fjg,2fjg:0001403:43d6672a6238,43d6672a6238233e64ad6214e44438cd1bf5c0bafdf7b18edf51fead5e2abe93,0.6278128028,d4_component_default_guard
2fjg,2fjg:0001404:657508390953,6575083909535f53333c61d66caf7f14ec6a99dc1de38062e25e478ee9ade3f2,0.9428442717,d4_component_default_guard
2fjg,2fjg:0001405:9436de9d1a7e,9436de9d1a7e15115085e3126812e26574ea5ea927576b08b0e94be6081c5461,0.6638163924,d4_component_default_guard
2fjg,2fjg:0001406:5c3378d09531,5c3378d09531b561e4a750601bb7d4c02e581720127776e0436bd111391c9128,0.8474347591,d4_component_default_guard
2fjg,2fjg:0001407:1e44ac23504c,1e44ac23504c09930db08527da99a290686c079d66af66d05c431ec55d567c14,0.4576957822,d4_component_default_guard
2fjg,2fjg:0001408:311d823290b0,311d823290b0409ded091a6120db01296032f056d59cc3dc0530100cee9a861e,0.2092709243,d4_component_default_guard
2fjg,2fjg:0001409:66a17b44da78,66a17b44da78d201d007c8bb5df23846a7dc11942432880d9214a76df2d1929a,0.3987398744,d4_component_default_guard
2fjg,2fjg:0001410:8bcbfbcf2008,8bcbfbcf2008e59427303e383ed2cf22b63bc2819708994587299bae779078c6,0.4410440922,d4_component_default_guard
2fjg,2fjg:0001411:f14fb238a976,f14fb238a97684bc8e78c018cacba3037050adfe8086985a31e19d670a89b37f,0.7889288664,d4_component_default_guard
2fjg,2fjg:0001412:558c5c3187fa,558c5c3187fa4834a02da74ed7a6bf7468a71b295d24deddf2611c5345db3179,0.4293429255,d4_component_default_guard
2fjg,2fjg:0001413:c5ab989a56d5,c5ab989a56d5fefc29b26b3d696c6a611b24f1f9fc2a186be7c8c102bf4cf24e,0.6368137002,d4_component_default_guard
2fjg,2fjg:0001414:5a40ba319f81,5a40ba319f819537e7e66a1a012ed2834c7505e50b8d874dda06a54bbe94eae6,0.520702064,d4_component_default_guard
2fjg,2fjg:0001415:b25f07075965,b25f0707596519f662a8f377d09f1cd0240cb236dcbe8db07dac812e07354022,0.2043204308,d4_component_default_guard
2fjg,2fjg:0001416:6478c4847d63,6478c4847d63467152a780b106634887dcbf9357d0657551fbd7dd9c4c641613,0.02475247532,d4_component_default_guard
2fjg,2fjg:0001417:699bccc2f0da,699bccc2f0da02a696bd71c4bdbc54230faba61fe4a09f7ec8ede814915117ad,0.5508551002,d4_component_default_guard
2fjg,2fjg:0001418:9cf0004751e2,9cf0004751e2aef13ced7d555136d46c23759ba20183c3f7098990390f02828c,0.1210621074,d4_component_default_guard
2fjg,2fjg:0001419:6990e0600f55,6990e0600f5557a0ea265382424d489dc525cac5db7732e73c1b57f91318ffd8,0.3856885731,d4_component_default_guard
2fjg,2fjg:0001420:25707ae42698,25707ae42698b9bf2a3e9728cc0cf8c17927fff0caa1003ae04c36cd80923657,0.1269126981,d4_component_default_guard
2fjg,2fjg:0001421:c19026a9ffa5,c19026a9ffa5b3e0948f1ea7bb6fb61e9e8a884dc5d033a93201555b452aa598,0.2160215974,d4_component_default_guard
2fjg,2fjg:0001422:0d113e61ffda,0d113e61ffdacd43da1e580c4334e0400aeadf1eff327889618d6790b4b49c12,0.05850585178,d4_component_default_guard
2fjg,2fjg:0001423:2ea84276c60c,2ea84276c60c1863a4678c4558ce69167c47a3fb5de38bc67fc61ce1edf84d86,0.7961295843,d4_component_default_guard
2fjg,2fjg:0001424:f966c2b857eb,f966c2b857eb2731531163796576f863b84633181d09c7439c6b34286e109700,0.2389739007,d4_component_default_guard
2fjg,2fjg:0001425:d4ab2329de82,d4ab2329de82f7b2aac1a85ebe2bd569e628652508e7508c0fd66b080ec83963,0.979747951,d4_component_default_guard
2fjg,2fjg:0001426:692c08350d72,692c08350d726a6f9590800df0bcf33184f82988ee8eaef7b052e6b96051d3e9,0.910441041,d4_component_default_guard
2fjg,2fjg:0001427:26915e3ee981,26915e3ee9814e2a64b88f0054f4299e5d1bb8bc2322d8700040b4a748e32187,0.796579659,d4_component_default_guard
2fjg,2fjg:0001428:ce27b429b639,ce27b429b639749f02868d9a2abd71041cd1d69a16c84dd4142e045e01f7f297,0.6939693689,d4_component_default_guard
2fjg,2fjg:0001429:dfc58c5850c9,dfc58c5850c9111512bcaf2f23b75be23d27eebb3a628616070af7fb2dd8803b,0.841134131,d4_component_default_guard
2fjg,2fjg:0001430:be0ab977993c,be0ab977993c3c21cf1d6c8d3df8d055617f9d2e8daeee39bc3466e0fcede200,0.9473447204,d4_component_default_guard
2fjg,2fjg:0001431:96233c6ec00e,96233c6ec00e2a7c2b9eaac7a6877b22385537dad73a8eea7d5e9974d313d395,0.9315931797,d4_component_default_guard
2fjg,2fjg:0001432:f1b42006d929,f1b42006d929374e44bf2f0fbf786f7a799b3e81d57e653a9ca40370a07ac437,0.9617461562,d4_component_default_guard
2fjg,2fjg:0001433:fd66f6799a7e,fd66f6799a7e3903c1332c0b8f9d81ae06d4b378accdb356e43d134e9d1736a5,0.9122412205,d4_component_default_guard
2fjg,2fjg:0001434:a19274737769,a1927473776949b638a4da6d058e595f66485cf36e36c0182c0ba29d8020dfdf,0.9824482203,d4_component_default_guard
2fjg,2fjg:0001435:9d99821a0e42,9d99821a0e42c57b843967551ba41516fc0e14ae30abe92aa914c91a5fefbaf1,0.8726372719,d4_component_default_guard
2fjg,2fjg:0001436:45816dcef74a,45816dcef74a87b7d21efb70403370cb61c54456d041a64c095604f5adc4c80c,0.9284428358,d4_component_default_guard
2fjg,2fjg:0001437:5bf158037481,5bf15803748164ec2ad120deac7c59bac67b8f19dfba5269994f38979dae5c7b,0.8856885433,d4_component_default_guard
2fjg,2fjg:0001438:ba5478ccc3b4,ba5478ccc3b4a90ac2dd1c80db519d7499499d5d7f5b808b1e5a981c669ab2f5,0.7830783129,d4_component_default_guard
2fjg,2fjg:0001439:47e1a7001776,47e1a7001776d6e9778d8255127e7ccc03fae419cf60ee51e9ffe780b3ef640a,0.7308731079,d4_component_default_guard
2fjg,2fjg:0001440:e72fdc236ed9,e72fdc236ed915eb13d2574738692d48506d21a2b0f84acae73cfece14a96793,0.8685868382,d4_component_default_guard
2fjg,2fjg:0001441:11876f18c884,11876f18c884c7fae471a6a01ea2e1e5ab373844847a68922467ad5e5b2805cd,0.6687668562,d4_component_default_guard
2fjg,2fjg:0001442:64812df5abcd,64812df5abcd811fb9fba9cf036ca003a815e08ba4821a1eb57e615a42c69515,0.9612961411,d4_component_default_guard
2fjg,2fjg:0001443:d551268f8c26,d551268f8c266d232d37e635a279a6b44922f157e910cd85a6d6399aef8999ff,0.8537353873,d4_component_default_guard
2fjg,2fjg:0001444:49e026547c0a,49e026547c0a8f80a947b2ddd89de3fe2e9f00487f8b1940ce0f25071f436943,0.8820881844,d4_component_default_guard
2fjg,2fjg:0001445:1ec1354a7a3a,1ec1354a7a3a5574b4cbda20f8a57c0c09c4a39be88da2be9b48bfdda30e600d,0.527902782,d4_component_default_guard
2fjg,2fjg:0001446:374b2e7a7a12,374b2e7a7a1289bf17418a041539033b043faba8f384c203d35b5f418af86f53,0.320882082,d4_component_default_guard
2fjg,2fjg:0001447:fb2e9d21e576,fb2e9d21e57679a2b668389fa2f6caec5482f1673ac1cd7eb8814f5cb2946186,0.5211521387,d4_component_default_guard
2fjg,2fjg:0001448:d48b31371945,d48b313719457c3a2969da3e4983cff8ba5176dde3d71f3f9c9bb99cfc7c15da,0.5553555489,d4_component_default_guard
2fjg,2fjg:0001449:3a761d6fc8a4,3a761d6fc8a4e576e8a33fb7afdfba1ed2349c522abf2b95836b81d155412d8b,0.8640863895,d4_component_default_guard
2fjg,2fjg:0001450:21e0f572dab2,21e0f572dab26635d0c7d46afa257f87f776572f6f7def26bfc7eedce2ee2234,0.6012601256,d4_component_default_guard
2fjg,2fjg:0001451:6841e02f8217,6841e02f8217b85480cb2f404abe0aae360208ab390c0a3ecc5a1fa05fd24869,0.7497749925,d4_component_default_guard
2fjg,2fjg:0001452:b245c4cec891,b245c4cec891681b7055d8531f2793df434c5480f4bcc15142cc6c2dc8a74058,0.5184518695,d4_component_default_guard
2fjg,2fjg:0001453:18e8b7fd7fa4,18e8b7fd7fa49d68a7d082add7f2ddb66504629313731de88c76c76a3e16fa7a,0.6467146873,d4_component_default_guard
2fjg,2fjg:0001454:15a6fc8e1b8f,15a6fc8e1b8f874e9b4b0ceed8760f8314afef3fd0cf3a2d3ea335cf18781412,0.5027002692,d4_component_default_guard
2fjg,2fjg:0001455:e219cd816946,e219cd81694653fea259b11153fc0b98ece9c89a8a94c73c38bd89d1ff6e4a45,0.09495949745,d4_component_default_guard
2fjg,2fjg:0001456:7d9265b69ec0,7d9265b69ec0f2766e17351f5f419fa83acaa82932dcae0097a6d2c16a5c4886,0.7506750822,d4_component_default_guard
2fjg,2fjg:0001457:b8ccbe0920b1,b8ccbe0920b183fe409d97d5b19faf8572e4240be9d1193a56bf4f8cf1165fff,0.3213321269,d4_component_default_guard
2fjg,2fjg:0001458:9d2ceea4d02b,9d2ceea4d02b4636d79a2078b52ebb0b1fa27d514e8650f5bc5d623cf2aac3a4,0.4540954232,d4_component_default_guard
2fjg,2fjg:0001459:7c99b56ddea6,7c99b56ddea6de45f9d43fcd8a411b0f3d64c2b8df8215291f010a408c35d52b,0.3055805564,d4_component_default_guard
2fjg,2fjg:0001460:5d165882ccad,5d165882ccad3f2a64a3c4c698225abb546bc133dfae8b1ec6372cd99cd9b19f,0.2205220461,d4_component_default_guard
2fjg,2fjg:0001461:e4bf0c3ca3f7,e4bf0c3ca3f706befbc9d952b602005277f4a881cce62ec6c0cc750c36c0805e,0.8276327848,d4_component_default_guard
2fjg,2fjg:0001462:0695e5940401,0695e59404011da84996a0fa982d0ebbf8f7596a06356b38a99ebacb34a5d9ff,0.5126012564,d4_component_default_guard
2fjg,2fjg:0001463:b0c843787b37,b0c843787b370a435988e2b063b5f06f34dc5485a82e9303e597a72c0e1b90b4,0.1048604846,d4_component_default_guard
2fjg,2fjg:0001464:58183b014d97,58183b014d97b153578bdc66168d5d85aedd881e7f5561f10826e4d0c1b7140f,0.04005400464,d4_component_default_guard
2fjg,2fjg:0001465:26d230a11b66,26d230a11b66b5f499341d02ba2321c75e40dad79bb37b92f915450cbb29c7e8,0.05175517499,d4_component_default_guard
2fjg,2fjg:0001466:060c3b236481,060c3b23648173bdeb99823429144e0159748037960826f8f7f0656c2656f775,0.0972097218,d4_component_default_guard
2fjg,2fjg:0001467:ad6b30f40a5a,ad6b30f40a5a6ba817bf4207a3c79ce134eb723dd7159f1cbca300ed4abab3dc,0.2574257553,d4_component_default_guard
2fjg,2fjg:0001468:0ad3a7e65bc3,0ad3a7e65bc381bd94f7854383029184dac02101aa680df200a95a1aeb3c11be,0.1021602154,d4_component_default_guard
2fjg,2fjg:0001469:8d8aeab90330,8d8aeab90330e057815a422d532983143b62e8dd0f7a5d75a54cfafd6c04958a,0.1840684116,d4_component_default_guard
2fjg,2fjg:0001470:961a529ca7e2,961a529ca7e2de4d5ce0e55f1dbabd44fadd0327ee1e9246cdbee3f117d216dd,0.1689918935,d4_component_default_guard
2fjg,2fjg:0001471:0da01ef5a236,0da01ef5a2365fb06614e2cc37868ba115a478d348c0550d6197100970f6ce21,0.08640863746,d4_component_default_guard
2fjg,2fjg:0001472:501d82128640,501d8212864092038a29c73016dd634e7d3e50a9313f64742794e39e6bd464a9,0.1345634609,d4_component_default_guard
2fjg,2fjg:0001473:f3c28ccd2060,f3c28ccd2060c038add2e79ffcb141d67823df16f05463534bef58e54b1fdbb0,0.003150315024,d4_component_default_guard
2fjg,2fjg:0001474:3e0195f92656,3e0195f92656ea19c5ce8be4073745092befaed67e1f67e4ce84cf12c19955af,0.02880288102,d4_component_default_guard
2fjg,2fjg:0001475:5f75b0c9d861,5f75b0c9d861184e28d4472f38951f01c6c0c6b6462cc85f985192964cd2b7ab,0.06075607613,d4_component_default_guard
2fjg,2fjg:0001476:7d3e4d336fbf,7d3e4d336fbf48755f9c6676015f5a06a23c4d04b62043307f9b64d77fd26fed,0.1422142237,d4_component_default_guard
2fjg,2fjg:0001477:430b24945e84,430b24945e84fb986440c50c3394409d0568dcff0661043bb7e007f4ac017db6,0.01620162092,d4_component_default_guard
2fjg,2fjg:0001478:2a931cf7b13a,2a931cf7b13a4b06200c7e45560b0d500568eb80ca294a591a72f1c2cc78ea2d,0.04680468142,d4_component_default_guard
2fjg,2fjg:0001479:b195c3c43ab8,b195c3c43ab81edb257eb9516e90bd69f467348b7da52b7f03742ddd9c916674,0.009900989942,d4_component_default_guard
2fjg,2fjg:0001480:ace0471a2fc4,ace0471a2fc4e8a0c429e738aa242a0c5e62740d25f39c68faa043243c27d2ed,0.2920792103,d4_component_default_guard
2fjg,2fjg:0001481:d9fe80fe1db4,d9fe80fe1db44f2d149b40e28c725946197081b500489eb9a4236e246b9ed6fc,0.05040504038,d4_component_default_guard
2fjg,2fjg:0001482:ce55cb9a7177,ce55cb9a7177ace8d8bd7643a0e1afc69942b6998b3193b5932abf983396e9a4,0.8816381693,d4_component_default_guard
2fjg,2fjg:0001483:fa490855e595,fa490855e59520b69f00792bc8d2a85b5bd78a23f9cf6c9e12e77dd493462274,0.6077857614,d4_component_default_guard
2fjg,2fjg:0001484:c7183f4ac0b7,c7183f4ac0b7eb0b04ff509a14e1455d24dbac8cea8be1712936e061412f8cff,0.4158415794,d4_component_default_guard
2fjg,2fjg:0001485:4582a5293fc1,4582a5293fc153fb4776347f0b4fd362f96293b65bcff310e0384fdf3ccc6efd,0.6534653306,d4_component_default_guard
2fjg,2fjg:0001486:aba78d4cc9be,aba78d4cc9be2e4569548fcb499e88e12d1276ca140a4dedd4a5c4efbb252f29,0.5454545617,d4_component_default_guard
2fjg,2fjg:0001487:3d33e1a88343,3d33e1a88343fb7883e3544bae9c999fcd19be7908c217e1ee148fd037a57e9d,0.80963099,d4_component_default_guard
2fjg,2fjg:0001488:04d0e02770c3,04d0e02770c380c3ed128fc003130b2d44833c9d4930d5be17c2646327eeb5bb,0.5180017948,d4_component_default_guard
2fjg,2fjg:0001489:c89d36dd0e79,c89d36dd0e79b71861f7696f35584339f333525e74824e70bbcbd9d516bb666d,0.8478847742,d4_component_default_guard
2fjg,2fjg:0001490:9138ae1647a4,9138ae1647a4c5550ead6072783a0aec3a118d68f2e3321bb025421ab1aae901,0.576507628,d4_component_default_guard
2fjg,2fjg:0001491:1ec969ad274c,1ec969ad274c242bd6b232e9247e8dcd80d00bb942e2f300440f56a5d7b4f015,0.4365436435,d4_component_default_guard
2fjg,2fjg:0001492:ed46e529015b,ed46e529015bd9eca49429281476c19ae24c2b72f0aef1c5e941ee3b816c55ee,0.4423942268,d4_component_default_guard
2fjg,2fjg:0001493:c4bd1f11c8e9,c4bd1f11c8e90f50e0a63dcd0f2cc4cc9c94972fc582c71a7fc3d337fbde71d7,0.118811883,d4_component_default_guard
2fjg,2fjg:0001494:a0c21cdbdaa6,a0c21cdbdaa6afd91584f03758910e17876e46f46d194c99d3c6fab764d9ef1d,0.7790278792,d4_component_default_guard
2fjg,2fjg:0001495:4b51f692fdeb,4b51f692fdebf595e0f7d8db91886b59ea5bdcaf82be1862a5d87a0806546534,0.282628268,d4_component_default_guard
2fjg,2fjg:0001496:93534fb2db42,93534fb2db424afedbc22580aef4e8dfd18d41b010c29270b078780b999faf5d,0.5378037691,d4_component_default_guard
2fjg,2fjg:0001497:bfbee2f6a9ce,bfbee2f6a9ce9c3f0450e8ce06ead61f113e569f92f08a9c42f3604bc0e6a60a,0.3730873168,d4_component_default_guard
2fjg,2fjg:0001498:48e1863ba7c2,48e1863ba7c255d689170e30e050bb82093e51b5a71fc2b114c928216dd81a57,0.5819081664,d4_component_default_guard
2fjg,2fjg:0001499:7e431c44d272,7e431c44d2721bf24347b11c550ac3e04b63af6457e43163fae1b422379f947a,0.2893789411,d4_component_default_guard
2fjg,2fjg:0001500:18c08e5aa22f,18c08e5aa22fb32fcff1cb8e9d42de1c3e68df3a5e709f736eceb8dd9b7811c3,0.8190819025,d4_component_default_guard
2fjg,2fjg:0001501:061ae379e35a,061ae379e35a8dd16cb824de6647519a34104e60db6e158d77c557765354bfc1,0.8123312593,d4_component_default_guard
2fjg,2fjg:0001502:aaa4735c492a,aaa4735c492af6c2da97ae96043e9a39dd05c257fb13ccc2e9c081c1bc6ce618,0.6777677536,d4_component_default_guard
2fjg,2fjg:0001503:c687bfd15ba8,c687bfd15ba8928b73a403085b28d0d14d5ca9d4ba6c2640bafba35b7d12fb0c,0.479297936,d4_component_default_guard
2fjg,2fjg:0001504:2a03193190c1,2a03193190c136c1afc2c4565a40b823a7e9b5d32db5ba167af75015048486a6,0.5783078074,d4_component_default_guard
2fjg,2fjg:0001505:008a41f3a92f,008a41f3a92f1be179e7231d9d2fd37d9dcf23a978b0de0dbdb1256be706bb4a,0.4657965899,d4_component_default_guard
2fjg,2fjg:0001506:22a0a3520d59,22a0a3520d5909d776b9a43e6ba0ccf880ed3b6b4c8896dd958a2932f44775b0,0.5823582411,d4_component_default_guard
2fjg,2fjg:0001507:e139fe7a8f23,e139fe7a8f23c6a7f2005f42aa83356aeab7c10c8ef6a40e4f687166f64abbb2,0.4945994616,d4_component_default_guard
2fjg,2fjg:0001508:964c6d11f474,964c6d11f47431d46fd1a886fba91e913f87be21d09d6d2b26e319b34db7a9ef,0.8006300926,d4_component_default_guard
2fjg,2fjg:0001509:6e0a64726146,6e0a64726146cbc2cd6a750cfd848acb5919f909b74af8887123272e3532315c,0.6183618307,d4_component_default_guard
2fjg,2fjg:0001510:e2677f57fa54,e2677f57fa5451bfad3d53086cf3e68e344d256cc6a0951f2d2b5cc2a7feba20,0.4977497756,d4_component_default_guard
2fjg,2fjg:0001511:e80b41ba34d1,e80b41ba34d133b013cf4a5cb22e225bc1935fc9a427b9a6ed258fbab2ff60e1,0.1773177385,d4_component_default_guard
2fjg,2fjg:0001512:f38b5d10c3fd,f38b5d10c3fd8ac1a116a25fdd8e08e96e9a48cc3b18f7244a430a00429711a2,0.6746174693,d4_component_default_guard
2fjg,2fjg:0001513:b0e07c9c0d0a,b0e07c9c0d0ac38b393ae8aa3f553228e2e7c1160f6a9ec2c882170db5fd7bcf,0.3006300628,d4_component_default_guard
2fjg,2fjg:0001514:2c3946f8d6a6,2c3946f8d6a648ca596882c98f6727b0893c85ca7ff07e9863c946dc4081331c,0.6750674844,d4_component_default_guard
2fjg,2fjg:0001515:b18bccc3c1bc,b18bccc3c1bcc38eab3192b11691c54dd86573c1189437c5cb174f636ed58b97,0.3613861501,d4_component_default_guard
2fjg,2fjg:0001516:d222b09566c3,d222b09566c336db4a71c2042f38f89b7dd9627f5c5e9333c8b865ca98ee67d2,0.4234923422,d4_component_default_guard
2fjg,2fjg:0001517:0c5ae8e028a5,0c5ae8e028a52379f2c2df117765266861887d1abdf4f6945d3d58b1e665103d,0.3204320371,d4_component_default_guard
2fjg,2fjg:0001518:e5e97021a329,e5e97021a329d65f09ef6efa144c0ec43c96b387872e697005bc515f64e3fb22,0.8753375411,d4_component_default_guard
2fjg,2fjg:0001519:221ce89f8fbf,221ce89f8fbf2dfd7b5dd3c8cd5c5b915dbf76f7434d15ad75dedeac53f7df54,0.2169216871,d4_component_default_guard
2fjg,2fjg:0001520:719beca5ec56,719beca5ec56f150db81642bc01cdfb7caa1e1234ebf27a2ecd5e63cb66f404a,0.9491448998,d4_component_default_guard
2fjg,2fjg:0001521:85ab8777dc67,85ab8777dc67a63ed5b76cad0871e6f3d42a3298039ff0cc628c9df0bc0797b0,0.7691268921,d4_component_default_guard
2fjg,2fjg:0001522:ff9f0bc772c2,ff9f0bc772c22ac4ecc4ddcc7754bf6c0bcb8c4faf438659cb4a9cae8cd857f6,0.4936993718,d4_component_default_guard
2fjg,2fjg:0001523:1b6583746f5f,1b6583746f5ff0cdd784fd90c708c97ea40716142f850107ad3e2371044b8a78,0.6395139694,d4_component_default_guard
2fjg,2fjg:0001524:d4613663024f,d4613663024ffb743637eb4684187f9aba6b666807fdb7a7284387f598fd8649,0.6993699074,d4_component_default_guard
2fjg,2fjg:0001525:d9fe023bbb2a,d9fe023bbb2a59809c1b62fae04812ab2f34dd893e62f3eea2a6bb8f2742f4ff,0.9279928207,d4_component_default_guard
2fjg,2fjg:0001526:0499ad90629c,0499ad90629c29cdf85a851f660eb8f40cd52fc970699104035279ff9cea572f,0.7218722105,d4_component_default_guard
2fjg,2fjg:0001527:d29750fffc33,d29750fffc333b375c2d886427110d3a037fd9bcf140edb1f3e806032190149f,0.9041404128,d4_component_default_guard
2fjg,2fjg:0001528:7e90aee39602,7e90aee39602b071bc74d71af040e25f3e78eb38f2dd65876087532cee5f81f9,0.7389739156,d4_component_default_guard
2fjg,2fjg:0001529:cb495fedc121,cb495fedc1214d338fbd30c9f0f52857ac0d421995b7398af2a1bcc0cb3fb26e,0.7614761591,d4_component_default_guard
2fjg,2fjg:0001530:93cef5c59889,93cef5c59889383470c7db1958227f71cc3fdfb9e62d902755f46d1a7eee170a,0.6251125336,d4_component_default_guard
2fjg,2fjg:0001531:f70918e79379,f70918e7937979d85cc99c939846a6e25272f8f12325112cc0ebf03822a6bb36,0.4356435537,d4_component_default_guard
2fjg,2fjg:0001532:b326fe55bd03,b326fe55bd038b6387ba5946b8a9ca83a054cd58b33fb9143854198d6efe37a3,0.8163816333,d4_component_default_guard
2fjg,2fjg:0001533:6cefcd8244d9,6cefcd8244d967747620a1bd9f15c2aedf5b4ffc67e5c7076a6db0996a17f126,0.634563446,d4_component_default_guard
2fjg,2fjg:0001534:14e70eaf5155,14e70eaf5155d96c9a7762f146934096c0681fca4586e9967d1d3d2f9d26afc1,0.4036903679,d4_component_default_guard
2fjg,2fjg:0001535:2c6a4f6bf801,2c6a4f6bf80108655ac044fcb79b86318f42017b3169beac94fc0bfe0c1bb0f5,0.7016201615,d4_component_default_guard
2fjg,2fjg:0001536:638a75ac497c,638a75ac497c363bdc784a187540e69117a14f6108acb563f83222a498a9271c,0.3649865091,d4_component_default_guard
2fjg,2fjg:0001537:93bf23965a26,93bf23965a26aa724a8aed9e42c4e0567987c31dc50d2dc8d502891e944b8bbb,0.9099910259,d4_component_default_guard
2fjg,2fjg:0001538:08e3945af1e4,08e3945af1e4e80dc99f4882e6688313617062edea64e97c85ae61ba20d00ae7,0.5387038589,d4_component_default_guard
2fjg,2fjg:0001539:30b7092f602c,30b7092f602c42697c40cb17d3eafb3c1d6d4190137f8d060a40a1ca7c8ed1d0,0.9216921926,d4_component_default_guard
2fjg,2fjg:0001540:2d357b726d6d,2d357b726d6d73f8da9b798856fe7e31ae3108b7e183395e8c9f885a9ba095a8,0.5301530361,d4_component_default_guard
2fjg,2fjg:0001541:2a521f5f8aad,2a521f5f8aadaf71c561b2f3cfeb4454abefc0c755c9a9570c18e3be11b4743e,0.3820882142,d4_component_default_guard
2fjg,2fjg:0001542:f826c9280829,f826c92808292c6cc74125f765af61ea9c857b451949d6cb90d41ca970f1b474,0.5544554591,d4_component_default_guard
2fjg,2fjg:0001543:e7d634f14fb9,e7d634f14fb9eb590f5360f1d380c1ac8edd4af5a6623207d9229a78e8888372,0.6795679331,d4_component_default_guard
2fjg,2fjg:0001544:f6dfc277fb2f,f6dfc277fb2fa95e6361d7fc51cc4a05b5ea032ffda86160fb6040eeb7142393,0.8019801974,d4_component_default_guard
2fjg,2fjg:0001545:ab5470982cad,ab5470982cad1b2fed3c29d2332150e8fdb426f8bf91f7faa238f2c3ad389a75,0.4203420281,d4_component_default_guard
2fjg,2fjg:0001546:583e46f51e49,583e46f51e49f13bb43b9e1f727203992157bc31c657fe67684fc70f3b827384,0.7416741848,d4_component_default_guard
2fjg,2fjg:0001547:7428d1978068,7428d197806840388c15edbf6fce3a7a81bd0cce9e23c20a0a5dd1d44912cb42,0.5067507029,d4_component_default_guard
2fjg,2fjg:0001548:7ec3c9400c55,7ec3c9400c5503537a82270864bb8b3e8fe88b0e862bfd76cb88d777b4b603b0,0.7196219563,d4_component_default_guard
2fjg,2fjg:0001549:215af49e3a14,215af49e3a145fe4e56208febdab6c767519f27ec350519e8cb41c181b39282a,0.09765976667,d4_component_default_guard
2fjg,2fjg:0001550:0246f4e0b7fe,0246f4e0b7fe1c50186488de4166247ed3bd13a7ef0fd6ad74f6150f0b71c184,0.7407740951,d4_component_default_guard
2fjg,2fjg:0001551:c1131b2525a2,c1131b2525a2b593808f93f4b6d902f1a9020733b89e44f3b577451c1011ae63,0.2551755309,d4_component_default_guard
2fjg,2fjg:0001552:b575bebd66e9,b575bebd66e90fd9a49cb4265ba100bb02f8bbf0a22ab0c309aad10083b8de5c,0.5049505234,d4_component_default_guard
2fjg,2fjg:0001553:09de671d067d,09de671d067dcb39797d846ba55fcc7b283356447b8b4cb255e1cf12cafe0ad3,0.3024302423,d4_component_default_guard
2fjg,2fjg:0001554:1192f8182051,1192f8182051dd976b6cc6c3440434e5b898a3548a8983a1231d1df8c4bc0906,0.4630963206,d4_component_default_guard
2fjg,2fjg:0001555:d90e7d399f01,d90e7d399f018942ce0495714b908dcb102be4f20cc2303580f61ec229fff958,0.07875787467,d4_component_default_guard
2fjg,2fjg:0001556:71fa5e341801,71fa5e341801ec7589ac468c6838ecbf3db2a2a5164d8d04f23cb902192f91e5,0.8447344899,d4_component_default_guard
2fjg,2fjg:0001557:69a8a2420044,69a8a24200442773256e9542506e8fce51044fcdafd313579123675beb91eac3,0.4531953335,d4_component_default_guard
2fjg,2fjg:0001558:6cef0e796096,6cef0e79609681b7db80ce01ac500d092c9d9ed1ebc778e6d118b9b1c97fb733,0.9819982052,d4_component_default_guard
2fjg,2fjg:0001559:8fa953d99b9b,8fa953d99b9b63fd254997296620a37508d3e8630d888da688b02ee7612ebca1,0.9077407718,d4_component_default_guard
2fjg,2fjg:0001560:d33b206e90e1,d33b206e90e1bff0b91ae716c1a6e83d3bdb0d35e8c2a238bb13b82234f5fd68,0.7934293151,d4_component_default_guard
2fjg,2fjg:0001561:f2d5329b2991,f2d5329b2991cb7e4b5ebd076a4ef172c30f0fe15980ce0a77c28d92f2a70b6d,0.6998199821,d4_component_default_guard
2fjg,2fjg:0001562:2bd8b5fff653,2bd8b5fff653f18d851e97283c9cb343e953151d0d79d436b821f77455dcd236,0.8069307208,d4_component_default_guard
2fjg,2fjg:0001563:638cba0c34a4,638cba0c34a420738805d8fec074fbb6cd93ee571c3199f55ad9c3fff6f97a61,0.9482448101,d4_component_default_guard
2fjg,2fjg:0001564:28d995148853,28d9951488533dacacd945fa1eb9715894581f7109792696505b4431e61c12fb,0.9225922823,d4_component_default_guard
2fjg,2fjg:0001565:4f2c96223da9,4f2c96223da99f31942c61ecfb1844dd8a9470fc7ec8e44809067bef8596af51,0.9567956924,d4_component_default_guard
2fjg,2fjg:0001566:c99a009fd0dc,c99a009fd0dcd18ab6f4cb9c9cf7ae4a1657aed1c78d40118d8ff45b6eddb8ab,0.9090909362,d4_component_default_guard
2fjg,2fjg:0001567:0920b186c333,0920b186c333928cdd5207b09de93e8117846949f843c32d0a7daff7d995a148,0.98334831,d4_component_default_guard
2fjg,2fjg:0001568:269826c48903,269826c48903ff60821f850f11b5fb8fa6873e95baf351b83116beec1956ccda,0.8604860306,d4_component_default_guard
2fjg,2fjg:0001569:d3ffb98e477c,d3ffb98e477ce52683c77ab554e8c35edfea2b7ee8318c1c1c7b553b8185599f,0.9288929105,d4_component_default_guard
2fjg,2fjg:0001570:83e2d3ca08d1,83e2d3ca08d1191dd91a749bc3d06db321a7199e475d6939291d6cef3c799798,0.890188992,d4_component_default_guard
2fjg,2fjg:0001571:75e7dd0f6ada,75e7dd0f6adae4bfdec68381bdea1da1e2758473452b9c0b95f9b7c3cd47c770,0.7880287766,d4_component_default_guard
2fjg,2fjg:0001572:dd08c98ac5a3,dd08c98ac5a39a7908fa4901f4f631fe655aa77fa534324471e354714faf29c2,0.6921691895,d4_component_default_guard
2fjg,2fjg:0001573:ed6880b495b6,ed6880b495b64444b55d1cac1ef2332ba3e17b3b2a1927d6b8f63bf1b8b2fbb7,0.8631862998,d4_component_default_guard
2fjg,2fjg:0001574:5753ae7275be,5753ae7275becf30fb7362ed1d9941537f91c4fedd96e7e0f4bdb751cf3f3256,0.6759675741,d4_component_default_guard
2fjg,2fjg:0001575:e686d2da09c4,e686d2da09c417417da2b186176d6a1a2ca5cf37e57133abbd2afabf1fb14a86,0.959045887,d4_component_default_guard
2fjg,2fjg:0001576:0420f8c3d78e,0420f8c3d78e49042721e68e14c9b521b13b434fd6c70915e644374254600e00,0.8627362847,d4_component_default_guard
2fjg,2fjg:0001577:9d0710251a47,9d0710251a4741a6564f0fdcdffe6706d13fb7b68ad88397bc7cb00bac679031,0.9356435537,d4_component_default_guard
2fjg,2fjg:0001578:ba48b0afac23,ba48b0afac233228ee7e6f93940240da0943b6fb8821210f62f2aac264aecad4,0.7578758001,d4_component_default_guard
2fjg,2fjg:0001579:b187191fe8e4,b187191fe8e41df6d75344f558ab165b1ded8ddc0d01a16babd15bd174c1caf4,0.4887488782,d4_component_default_guard
2fjg,2fjg:0001580:a11ed2474e0c,a11ed2474e0c5e667385565e3e13e2493a0837a6e6827830bb13ac02cd27860f,0.4108910859,d4_component_default_guard
2fjg,2fjg:0001581:829209ddc978,829209ddc978864e90f4649c7969bc37980527648df9c045920fa173a4fe14fa,0.8217821717,d4_component_default_guard
2fjg,2fjg:0001582:f778d1d738c0,f778d1d738c009fc3d04ea2cc53486d2c7a37982894e77e8932bcf856b1d989f,0.9230422974,d4_component_default_guard
2fjg,2fjg:0001583:0e21bfb1a9c9,0e21bfb1a9c9f099ef105bded461748e1e2f9e4e5c3ba1fde1e648af0cd1bd29,0.7745274305,d4_component_default_guard
2fjg,2fjg:0001584:6f1f66ca357d,6f1f66ca357db1258bafd762cab01bb37e8734e8b6147773b0b19d90df34c578,0.8352835178,d4_component_default_guard
2fjg,2fjg:0001585:44c44e67af11,44c44e67af118130bbda6867a679cf5eaea411cb2b323115cdaf47c230eab9fd,0.7205220461,d4_component_default_guard
2fjg,2fjg:0001586:46e7c9ec8a4f,46e7c9ec8a4f388cf02528931df6b7856151d40d0a5a7ae53ccbeaca0710a3a2,0.7974797487,d4_component_default_guard
2fjg,2fjg:0001587:084c89f17fa9,084c89f17fa91372b4b82d3f6bef8ddb90acd656c57fa93de6128903c7a2c4dd,0.7538253665,d4_component_default_guard
2fjg,2fjg:0001588:49856cd48a62,49856cd48a62cbfb8f4c9d798ab855b27d1c4de06c6206e02c3cc8e789e67a93,0.1395139545,d4_component_default_guard
2fjg,2fjg:0001589:60e9cd22f48a,60e9cd22f48aac9e040d5c04294ad5967158abfc54811cf66c5143cd2b07f5ce,0.820882082,d4_component_default_guard
2fjg,2fjg:0001590:435c27ae0642,435c27ae0642a3e437c24fecf30366027fa52db2102ca917a401caa5daf659ad,0.4180918038,d4_component_default_guard
2fjg,2fjg:0001591:d19fe8db4120,d19fe8db412046cdcd813e1ee9af3860a61fb56f24ca7780987c85937bd270e8,0.720072031,d4_component_default_guard
2fjg,2fjg:0001592:67e3bf0bdd79,67e3bf0bdd79ec2f3d4a78f39e892cda6a402946e865efac81a2365c18d9290a,0.572907269,d4_component_default_guard
2fjg,2fjg:0001593:c0cc881dd315,c0cc881dd315408a54284c333d67be0aba44f2cae29c302707db92d5c9f4908a,0.6242124438,d4_component_default_guard
2fjg,2fjg:0001594:5c9ffcd93471,5c9ffcd934711d29c0a60ababf53c15293c157e86ed0b05432a6583fe7489d33,0.9437443614,d4_component_default_guard
2fjg,2fjg:0001595:f9758f007dcf,f9758f007dcf32863c6e9288c82b76c5a315251677f6e3ef2ff14550b52e06fe,0.6971197128,d4_component_default_guard
2fjg,2fjg:0001596:71d2607e0198,71d2607e0198eafd6d12910053360355cc5e902fdd23b19753c2667c86c162a8,0.8055805564,d4_component_default_guard
2fjg,2fjg:0001597:a937eb8a27f0,a937eb8a27f0ab96669bc0addc5c7adb79a1fdacf8147f474e57741ef72f067e,0.6786678433,d4_component_default_guard
2fjg,2fjg:0001598:919e980bdf16,919e980bdf1657dd326094b011d19a8e697eef3f2539605bf0d91a83f9ff21d9,0.4405940473,d4_component_default_guard
2fjg,2fjg:0001599:b5d6b07a85a8,b5d6b07a85a8026ad2490b19772eb506e544a665caae48d029f535906cd1d918,0.6071107388,d4_component_default_guard
2fjg,2fjg:0001600:56aee2b08ae7,56aee2b08ae76aa952678e736b79e0bdf2536aa35838f0b08dfdfa84c19c2e40,0.4495949447,d4_component_default_guard
2fjg,2fjg:0001601:164c526b145f,164c526b145f45746320664909b4014540ba76f6ae7e93236d28edb6f6122732,0.6026102901,d4_component_default_guard
2fjg,2fjg:0001602:07c41f3d38e5,07c41f3d38e5437d4baa68e9ff649f6f4b0454eadca7dfe96f66d0810626568d,0.4815481603,d4_component_default_guard
2fjg,2fjg:0001603:a49dbc12e70d,a49dbc12e70ddf4ff23deeba2cbfb0fbd9402ca6f322f0f3e92918278de1e5e7,0.8028802872,d4_component_default_guard
2fjg,2fjg:0001604:4c77af0ff982,4c77af0ff9823920ab90719a565c96721ae2ca3a446b1b183d21bc869b91c3ae,0.6282628179,d4_component_default_guard
2fjg,2fjg:0001605:fdf2ac74a1ca,fdf2ac74a1ca4a36b3f4dcc00102989fdfcca82514496262c3476ad1b1e440fa,0.4914491475,d4_component_default_guard
2fjg,2fjg:0001606:e5445bb08c3e,e5445bb08c3e70f97d4de1670410687cfa6b3f177d7eb68c48ada41d139087a8,0.1768676937,d4_component_default_guard
2fjg,2fjg:0001607:d4b9b4f1890c,d4b9b4f1890c5c4f91f9f80982a2ccaa20ff63641d3e37385e550ad12db8bd18,0.6768676639,d4_component_default_guard
2fjg,2fjg:0001608:63d25dfe7a67,63d25dfe7a67417fdd03e5d8d96590e3a42a5a9062c156666cafaf04b423fd7f,0.3159315884,d4_component_default_guard
2fjg,2fjg:0001609:7d9e3e5dc59a,7d9e3e5dc59a7efa182e67d7a606d498b5f7e19956552f3a4eda2d2bcc2e82c8,0.6705670357,d4_component_default_guard
2fjg,2fjg:0001610:06e26d6f4762,06e26d6f476227334641eb305d36e489b5745d6864edf65f26d5205047b7ae38,0.3604860604,d4_component_default_guard
2fjg,2fjg:0001611:9aac189c3db0,9aac189c3db03ddd71a99c4318a30aee79c2be6f5f27029fbeb5595ab47b6d26,0.4050405025,d4_component_default_guard
2fjg,2fjg:0001612:e67470eeb699,e67470eeb699ac5d6dbf87c0bb64843cb54ff3780563fffc4985f1e708bb603a,0.3051305115,d4_component_default_guard
2fjg,2fjg:0001613:b9c1748ddcc2,b9c1748ddcc24724cf10d4651a3cca5affdfe2f37f1afbe19f8733afbb08c8bd,0.8735373616,d4_component_default_guard
2fjg,2fjg:0001614:6256de4585ea,6256de4585ea81f5e7f5667480961c7e43f612d5bfffe1a78b5e306ab729ad9a,0.2088208795,d4_component_default_guard
2fjg,2fjg:0001615:0e2c3a6ad4b1,0e2c3a6ad4b18bf90cd1eba7ac0bbdc1a9d357591a2986bf291aae989b9feab5,0.9333933592,d4_component_default_guard
2fjg,2fjg:0001616:80eaad6ccd91,80eaad6ccd9116e3cc94e13ca94b33d8b68cc7855bebc1bc8f09845d7307bc0e,0.6521152258,d4_component_default_guard
2fjg,2fjg:0001617:ca4f7f05a86e,ca4f7f05a86e48ebebaa15be70101b471e474fdd90579c04b71797d08554b9d1,0.6350135207,d4_component_default_guard
2fjg,2fjg:0001618:4abdd211e3e3,4abdd211e3e316811d45dfcb67602326b0b5a7f06ed4ac7f7c3d9a21322f14b4,0.3226822615,d4_component_default_guard
2fjg,2fjg:0001619:c70619def43a,c70619def43ac9ff6a2e8922c2b7004d978d31d9d92c344010bd81ac9263c589,0.5009000897,d4_component_default_guard
2fjg,2fjg:0001620:978be0de3083,978be0de30835d028b45f01ee21169420d17b0c83ec1dadcf0caafba3706189b,0.8748874664,d4_component_default_guard
2fjg,2fjg:0001621:c4a6368eba54,c4a6368eba548e17ecb19def9f18c026afaaa43d87f7dda9d276cb2b69aefadf,0.5724572539,d4_component_default_guard
2fjg,2fjg:0001622:2eb051c0d812,2eb051c0d8125a9e129543e91361618fb63acfccc74a3e359b2361d659c6b63e,0.6287128925,d4_component_default_guard
2fjg,2fjg:0001623:9c11c674bf9a,9c11c674bf9a3966fb173013d02f7b6b5e066f6f95971afcbb47dab3455954f6,0.6912690997,d4_component_default_guard
2fjg,2fjg:0001624:7c2af185606f,7c2af185606fff6ae32319be88f4d4812ea0fb867d2ca1198ae79d0977dde919,0.8676867485,d4_component_default_guard
2fjg,2fjg:0001625:ab952a228a00,ab952a228a007bb8126469911a6f0254d7232b0a36e02d1b97beeab298fc211c,0.5868586898,d4_component_default_guard
2fjg,2fjg:0001626:6b20be33ed65,6b20be33ed6522ca9fe4cdfe00c028fabb37e7d23ea71d69f1a4ab4aebdfdb9e,0.03330333158,d4_component_default_guard
2fjg,2fjg:0001627:d7aba4fa2c25,d7aba4fa2c250cb2e3d4c2ac93f501bb73f1d424d2bdc89db5e8aa152bbdcc0f,0.6854185462,d4_component_default_guard
2fjg,2fjg:0001628:2901fe7b233a,2901fe7b233ae1607423ca09c6894835c9defda48abcaf1ee8b612227e98c0a3,0.2997299731,d4_component_default_guard
2fjg,2fjg:0001629:9c70253cacbc,9c70253cacbcbbb174d36926160895db7972142df9e3498a9eabb840623c8733,0.375787586,d4_component_default_guard
2fjg,2fjg:0001630:5e6df6a0a00f,5e6df6a0a00f48f123aa763404792325f421f6eaab601feb32f16b8857c5a493,0.5117011666,d4_component_default_guard
2fjg,2fjg:0001631:cf5c757e1379,cf5c757e1379f6c588ab6c3583fef11674daac543b1bb6109c60f04eb295846e,0.3267326653,d4_component_default_guard
2fjg,2fjg:0001632:3b5f71bedf68,3b5f71bedf680d55464aa1ff4affb9e43a0427d43f0684602a88bacd14fbd717,0.8532853127,d4_component_default_guard
2fjg,2fjg:0001633:e56fac27140e,e56fac27140e963b77a9e1861810905edc90506b83e28ffe059214d3343bc0b9,0.5396039486,d4_component_default_guard
2fjg,2fjg:0001634:a419853bae9b,a419853bae9b9428d08abee47842bfcc2a9f3e8e21883efaa16aec54c3ddcf3a,0.1075607538,d4_component_default_guard
2fjg,2fjg:0001635:38c3f4b1adc0,38c3f4b1adc0f0de109eaf3de987390eb8c5cdb84e764409206a3e5e29028d81,0.06210621074,d4_component_default_guard
2fjg,2fjg:0001636:28ba992cbd46,28ba992cbd46b47edf699f1192f4a3af477f36732ff68e0dd0b709e25aa7578c,0.07290729135,d4_component_default_guard
2fjg,2fjg:0001637:c07a9a3ee84e,c07a9a3ee84e84058115303d2dc8ce99b2f5139e958134352a04da1bdb414c0d,0.09315931797,d4_component_default_guard
2fjg,2fjg:0001638:3b27162ce011,3b27162ce011f8c749685673367cc9ec39a351f6c94e93795e2f4a38c37157e9,0.2812781334,d4_component_default_guard
2fjg,2fjg:0001639:22eb860f4580,22eb860f45802eed491d90c3aa4964c37d62d1cbb993ea4e9cef991807cf4770,0.107110709,d4_component_default_guard
2fjg,2fjg:0001640:477379514529,477379514529e18cdbade7c03b9c98bb78955d12c27088031aa41fc06e417a00,0.2146714628,d4_component_default_guard
2fjg,2fjg:0001641:1bc6a29a51c6,1bc6a29a51c6802541266b0f1e40cba6ea78fa69ce9780ca0a3385a37a458f63,0.1890189052,d4_component_default_guard
2fjg,2fjg:0001642:11469941d694,11469941d6941a0ed4e6f020f15415beec66d79ea68efb60e8ed7e78b4067db6,0.09855985641,d4_component_default_guard
2fjg,2fjg:0001643:14ab5241c167,14ab5241c1677ac62f0030cd4827913bc9257a1d268abe1ad1ea48a2293c047d,0.1525652558,d4_component_default_guard
2fjg,2fjg:0001644:0ccedfd31b74,0ccedfd31b74c2e3970d37f2b21df4ff556b3b261006d66db139049fa7a258ba,0.003600360127,d4_component_default_guard
2fjg,2fjg:0001645:25c9c49af71d,25c9c49af71d181c27dd6ac2466580b008fbf7f500a0326dca065c1a2dc73196,0.03645364568,d4_component_default_guard
2fjg,2fjg:0001646:6944780091cf,6944780091cf3a18d85daddaf7cce638baccaa24f8c0950a5a8ed5b71b249b58,0.06570657343,d4_component_default_guard
2fjg,2fjg:0001647:49c5e71710a5,49c5e71710a5dfd3b0f194c9812b5fe2d5ae58972bf6adbb716c496dc28b2c7b,0.1629162878,d4_component_default_guard
2fjg,2fjg:0001648:9665984c1dde,9665984c1ddee056dfa7fe26492b8781dbf238310465cf7c43595fc99fedb5a4,0.02070206963,d4_component_default_guard
2fjg,2fjg:0001649:9839015cfa36,9839015cfa3671a2cb1be3b4e48165fc33f9da5b7275a76b6ef503a42ca4cbbf,0.06480648369,d4_component_default_guard
2fjg,2fjg:0001650:1478d5034841,1478d50348412664aa64f23785d751ef659c94d09bad9ec5a7abd403c5c617be,0.01080107968,d4_component_default_guard
2fjg,2fjg:0001651:0bac6d7fe712,0bac6d7fe7122ac85f06f0a84c6f8685a32242d9142707996174f9bf8a6df973,0.2830783129,d4_component_default_guard
2fjg,2fjg:0001652:469e5924f937,469e5924f937828f2dcfab24d195454319a667183f2e4358cced4e240868c3c8,0.04320431873,d4_component_default_guard
2fjg,2fjg:0001653:de7bfef4bc0c,de7bfef4bc0caee0f83914404100d1695c2737e1c44039f4830a161eeb5ac8eb,0.9207921028,d4_component_default_guard
2fjg,2fjg:0001654:d426019a87c8,d426019a87c886b83456d3a0e26e855a095e48bccfa96c7b194749cbf7ff5246,0.5369036794,d4_component_default_guard
2fjg,2fjg:0001655:e67a636b0c55,e67a636b0c5541f1f54c0790b77f6b79c665c74e76352b43cbb726f5d09351e7,0.4644464552,d4_component_default_guard
2fjg,2fjg:0001656:fcaed6b94b23,fcaed6b94b23531fdb193c17db7560c64361c0e30cc09e37bfa1a0c47e59f401,0.6782178283,d4_component_default_guard
2fjg,2fjg:0001657:168ac50394b5,168ac50394b55443b9fc205b4e17c7723d6bae2bb2ea846c5a95e416db9f448d,0.8460845947,d4_component_default_guard
2fjg,2fjg:0001658:ebbbadc41a98,ebbbadc41a983489b1330ddf262fe067d908b123077851e28d49bd4dc8b6072d,0.5985598564,d4_component_default_guard
2fjg,2fjg:0001659:8f3d5c9d9ae8,8f3d5c9d9ae8e9802b609088d23ed7e1b2203d888a06aca941803f0bf18fea20,0.8586858511,d4_component_default_guard
2fjg,2fjg:0001660:16dc16ab75aa,16dc16ab75aaefe3b08a804730f91f134d1fc3f0d7bd0b90fbf0b3b20fc45863,0.7637263536,d4_component_default_guard
2fjg,2fjg:0001661:15aa1586d91f,15aa1586d91f3d7c92fb264d29df7bdf1a62235d0bfd8a2b887d8dd349a65628,0.8060306311,d4_component_default_guard
2fjg,2fjg:0001662:1779008b9901,1779008b990148a09e4bb5654a204801d24cc6b16385fc73cbe3bbce5f7beb91,0.7047705054,d4_component_default_guard
2fjg,2fjg:0001663:04f2594233aa,04f2594233aa0c65d26dc0ccc6993e651feb32e4991c856107cb225fb50d021a,0.02700269967,d4_component_default_guard
2fjg,2fjg:0001664:8a77002ee266,8a77002ee266a25f858ba370e6f2c542baf4168fca7751a2c6b06cd901abaac2,0.6008101106,d4_component_default_guard
2fjg,2fjg:0001665:ffb5cbd59731,ffb5cbd597312c85663f40eb2f184bc6e86084135436c9dfcf587279444b91c9,0.3951395154,d4_component_default_guard
2fjg,2fjg:0001666:ba0ad8ada745,ba0ad8ada745ee4e5ecfcd909f08b81fb5d1898a0566ac70bef4bb20362c5e2c,0.4639964104,d4_component_default_guard
2fjg,2fjg:0001667:7ec0587541a1,7ec0587541a19feb64f47f825907dc412116c4ee94b3bb50d556ec0498d1a86a,0.2218721807,d4_component_default_guard
2fjg,2fjg:0001668:da50351d634e,da50351d634e2902e9c9cf44a153609cbd4e769e478deeedfce90815e65a8b2c,0.540954113,d4_component_default_guard
2fjg,2fjg:0001669:6051b50b1629,6051b50b1629960b22d14eb7abd3439c33cc8d7f0595c62131e8c1431d2b9942,0.3874887526,d4_component_default_guard
2fjg,2fjg:0001670:6ac127407c50,6ac127407c507379229b3f83ff0f68d89e91cbbc4f58fb624364ca78e5015d66,0.9153915644,d4_component_default_guard
2fjg,2fjg:0001671:1dd4c22a6e2e,1dd4c22a6e2ef3b986ba2772fffb108c7965c28fecf634330f2cca44de2501fe,0.6476147771,d4_component_default_guard
2fjg,2fjg:0001672:e46ce95229fd,e46ce95229fdc9fc589da75c0f0aa58cc4f6c1d2e88c94b4986112ef08d23f96,0.9018902183,d4_component_default_guard
2fjg,2fjg:0001673:c6b90a3e3534,c6b90a3e3534ca1b158ac402557895d76ed88c47ec2fb3e5086993ad2e1dd2fd,0.4360935986,d4_component_default_guard
2fjg,2fjg:0001674:a4ab364fccc5,a4ab364fccc59aafc33e19e14e5e811627c280412eed7edc3180016f96ee7010,0.4221422076,d4_component_default_guard
2fjg,2fjg:0001675:8e2cd3246b23,8e2cd3246b2355f487331dce3b01825993d55ff5ba6a26b310723373fff63df3,0.5679568052,d4_component_default_guard
2fjg,2fjg:0001676:daff2b2ef74e,daff2b2ef74e55ae330ca2b84cf9eccccfb7cba3328dab06553cd40582562c19,0.8964896202,d4_component_default_guard
2fjg,2fjg:0001677:ed725867212d,ed725867212dadd2013f3244f9fb9c53d897327bbb83bf7c4418b097773e1d44,0.72367239,d4_component_default_guard
2fjg,2fjg:0001678:cf3f8cf9ff79,cf3f8cf9ff79648a681427a54327a5af38092d7a760052f09f7a1994b77bc667,0.8802880049,d4_component_default_guard
2fjg,2fjg:0001679:5ff5a510e79a,5ff5a510e79a24d2bdcaaf94664e6252dea210ac2e8008f223fa156af8e792df,0.51665169,d4_component_default_guard
2fjg,2fjg:0001680:78aca88f1d59,78aca88f1d5922ffdfb412e52cb5ceaf7e3ac89da670698766db3b1a76508b1c,0.7227723002,d4_component_default_guard
2fjg,2fjg:0001681:c24a5b58d26a,c24a5b58d26a03a3f717e35d144fae6c5d1afc33e1847e158b17529d21db83c1,0.4846984744,d4_component_default_guard
2fjg,2fjg:0001682:f5e36846f0e4,f5e36846f0e4a227dc6a68ab8e45f13dc7d22a2d8591c2ef18d82349f6f58ee9,0.1206120625,d4_component_default_guard
2fjg,2fjg:0001683:3acbbcd1feb9,3acbbcd1feb956ca69c892a7cdb333ca657ee7b1212db399eafcd0529aa723ac,0.7385238409,d4_component_default_guard
2fjg,2fjg:0001684:b0758eeb00aa,b0758eeb00aa94e059448e0209332ab527d0949fc61e094268892f1dfcf807eb,0.2596759796,d4_component_default_guard
2fjg,2fjg:0001685:eff860b9f4ff,eff860b9f4ffcaa326b0a46c74f9a17117d045168b7a1e5e28f42d8318a23c1d,0.6984698176,d4_component_default_guard
2fjg,2fjg:0001686:05281b5ba92c,05281b5ba92cf92b023e5e4583dd7e62d0548539e08504e9befd6fc42274bd94,0.1993699372,d4_component_default_guard
2fjg,2fjg:0001687:458f0e970cbd,458f0e970cbdd5da8cd5591a0f78d3924825c64f6cfb8ebcade531c3d2131919,0.3640864193,d4_component_default_guard
2fjg,2fjg:0001688:9dd4a6844e5f,9dd4a6844e5fa61a9a58f18e3a09b7f22b04671cc2cbf3f8c2af3e4d90a595ba,0.2916291654,d4_component_default_guard
2fjg,2fjg:0001689:58581c96e082,58581c96e082c96a9a9d888f48e1f914e771cf675f480e5ca8b7714b82a6245d,0.8514851332,d4_component_default_guard
2fjg,2fjg:0001690:308db8ce3678,308db8ce367816735da2832ff1a56fbd23f73552d929421c52363c03f87a0f4c,0.4270927012,d4_component_default_guard
2fjg,2fjg:0001691:6bb5d12601de,6bb5d12601de02780881607a7e9b1b4fa0511cc3954bd5277068b07e51936061,0.889738977,d4_component_default_guard
2fjg,2fjg:0001692:8353896057db,8353896057db25debde2c5000323a4f4c77b660d9a5d26ae2563eae52b37bdc7,0.5603060126,d4_component_default_guard
2fjg,2fjg:0001693:1e1468fd012c,1e1468fd012cedd1897804a55e4daff46fc590a3348799c0d72af6a883089dba,0.3244824409,d4_component_default_guard
2fjg,2fjg:0001694:3f6a49a1c15d,3f6a49a1c15d518df320b2ea045875e6a3feebb2c54a3137a4915b2765730a4b,0.524302423,d4_component_default_guard
2fjg,2fjg:0001695:ef2229c13977,ef2229c1397704cd8c432c974b4a9939b359f53ebfb2f08e748b01d233107cfd,0.5846084356,d4_component_default_guard
2fjg,2fjg:0001696:eca353e491ee,eca353e491ee4cde3dc05c9d8671ee6afa72726e516af98d678c1e0d6bb559d5,0.8703870177,d4_component_default_guard
2fjg,2fjg:0001697:5dbfb18c8a8a,5dbfb18c8a8a4c26c6722e8c59832a4a85b5dcb39f64a4744b5ed817cf0d9040,0.6077857614,d4_component_default_guard
2fjg,2fjg:0001698:ca5ff85e436e,ca5ff85e436ef7859bd1e251667df53faa1f64742f6747d1f404c2add1d04f2e,0.7619261742,d4_component_default_guard
2fjg,2fjg:0001699:3ebc936f811a,3ebc936f811a593b7738977255d7db81fb36ed7161944dd3446ce74f8da6594d,0.5382538438,d4_component_default_guard
2fjg,2fjg:0001700:37ea137d5f7d,37ea137d5f7d8fda0082f32978d9bd99283021831e0895181ae27d866437c87e,0.6581908464,d4_component_default_guard
2fjg,2fjg:0001701:47032b422849,47032b42284960e986561285763e07096c727b7edc5007730f9e99552e115368,0.5135013461,d4_component_default_guard
2fjg,2fjg:0001702:0443c1f72c9c,0443c1f72c9c284a7836254bf8ee28ddad3eadf8ab7a118adfd5e7d0b84d4451,0.1228622869,d4_component_default_guard
2fjg,2fjg:0001703:9e478f13a5c7,9e478f13a5c72ac710872d17ad6173079ab63ab0ce71dc1cf7b95adf86b20ee6,0.7731773257,d4_component_default_guard
2fjg,2fjg:0001704:6a0c3cca14a6,6a0c3cca14a6608081bf3673262669a97af7c856740e23003e6ca81d3c188094,0.3181818128,d4_component_default_guard
2fjg,2fjg:0001705:3930d90369c9,3930d90369c95dc596948720cda8377e5bdef8c955e15c82e7eeee139370a8f0,0.4788478911,d4_component_default_guard
2fjg,2fjg:0001706:0e3ffad9b7f4,0e3ffad9b7f4f9ede2e4de398dfdd7d6aded21b66cc05214e3ec0ae4d397ac33,0.3235823512,d4_component_default_guard
2fjg,2fjg:0001707:64de947b74b0,64de947b74b0665dda4a151186f947b059e6d0dcd1c7078c1420d19b50416fa1,0.2322232276,d4_component_default_guard
2fjg,2fjg:0001708:c2e4d80df524,c2e4d80df524193b066492e2751a15eb2b73ae78432ea1b728a703d3d06671b9,0.8073807359,d4_component_default_guard
2fjg,2fjg:0001709:1a691117188c,1a691117188c5d5f73b756092f4c19727a93179bbfb33601b30487cd901ebc7c,0.561656177,d4_component_default_guard
2fjg,2fjg:0001710:30e9075bea91,30e9075bea9150ad6d19c03ac135aafd7e78a40f0ffcb4eade2fa7f449263a66,0.0927092731,d4_component_default_guard
2fjg,2fjg:0001711:fa56eabcd112,fa56eabcd1122d6a3f92d506003d09c0f64c7b611ec92fedd9afb537dc839a21,0.03465346619,d4_component_default_guard
2fjg,2fjg:0001712:0d2d0821f8ec,0d2d0821f8ec7c14d8a0acb3d768f46f5475d409dd875a13f2bab6e8145ed6cb,0.05130513012,d4_component_default_guard
2fjg,2fjg:0001713:b007ddc699dd,b007ddc699dd2bb4f0dd71b3eb73550949e2be5526a1a5160f4863bc74489eea,0.08010800928,d4_component_default_guard
2fjg,2fjg:0001714:21093d0d8f99,21093d0d8f9985fb607a406b0c997ba6239857594b46675683ca89a64821ecb2,0.2614761591,d4_component_default_guard
2fjg,2fjg:0001715:cf158381efaa,cf158381efaa01de2177b55349303dbbb6fe64a0bd02bb588665984062e2ce5a,0.09225922823,d4_component_default_guard
2fjg,2fjg:0001716:1c88ae707601,1c88ae7076016cd22e1726d661368c3769da9a8e7c7cbf14421ee73ef2d06d4f,0.1980198026,d4_component_default_guard
2fjg,2fjg:0001717:83f409e3d265,83f409e3d26517be53b5ba2ff8419461f39a3d7723e12d2da746f67d7bb210db,0.1764176488,d4_component_default_guard
2fjg,2fjg:0001718:4d794cc608f7,4d794cc608f7d8479c35a0cc7a9d3e8c3d63208a8f4ff796638f2316b16e73d7,0.0828082785,d4_component_default_guard
2fjg,2fjg:0001719:1a1798fd4735,1a1798fd473579937a4a66257cd90f02fc634a4678c737ec9be02a268078983d,0.1174617484,d4_component_default_guard
2fjg,2fjg:0001720:460d5417c2d2,460d5417c2d2cb78764804b2e465925ad4c5912f70492cba42f41373116056ba,0.00405040523,d4_component_default_guard
2fjg,2fjg:0001721:9ec587b49230,9ec587b49230a6a65e03a5bc99404329bb184c9798e520e4b2e26e3f713170a2,0.02925292589,d4_component_default_guard
2fjg,2fjg:0001722:9c3d061348a9,9c3d061348a9ec33a794f509d32824ddff43bfce4dca2603c4723d65e3b6d1d7,0.04950495064,d4_component_default_guard
2fjg,2fjg:0001723:7ec29b5c535d,7ec29b5c535d0e7bead99306c550d67c997702d558bee81fa29a38cc65891dc2,0.1390639096,d4_component_default_guard
2fjg,2fjg:0001724:da9cb19f7245,da9cb19f72457525718b5f0bf4c60a3279697e4fa6f6182757e93158d4f053a0,0.01440144051,d4_component_default_guard
2fjg,2fjg:0001725:2835ae10f4fb,2835ae10f4fb6b3a07b18b1677cbd7c98fc701f2b423f8771c460c5e3d754f69,0.0436543636,d4_component_default_guard
2fjg,2fjg:0001726:74b7da2ceaaf,74b7da2ceaaf06586d5f320257a11b5df0ae4269d405b03fd63928f3ed4d2e61,0.006300630048,d4_component_default_guard
2fjg,2fjg:0001727:e00aa5ba76cd,e00aa5ba76cdc3887a46c1636d5214d353805b9b13c35e6e51471226012d3481,0.2610261142,d4_component_default_guard
2fjg,2fjg:0001728:aca33ab7dfbf,aca33ab7dfbf7326457ddc8b8ba746769e11be431195559a94ef97606aa6ed01,0.04140413925,d4_component_default_guard
2fjg,2fjg:0001729:6270dca5abfe,6270dca5abfe2861072f97533c615b307bf041ccdb95ed6845848cf84c22172f,0.906390667,d4_component_default_guard
2fjg,2fjg:0001730:f2315efad585,f2315efad58510673d2424e0e282a40e4dd42f9face56a50dd9fcc5d6db504a7,0.727722764,d4_component_default_guard
2fjg,2fjg:0001731:f91937ea4d10,f91937ea4d10473299e7dd97faabd689d39715f106dc74dbc864a2ca5d81b24f,0.4329432845,d4_component_default_guard
2fjg,2fjg:0001732:c8866eeaa185,c8866eeaa185ae4811843c515169a5dd152532bebe8214b54b864f22f9d702c2,0.6629163027,d4_component_default_guard
2fjg,2fjg:0001733:62f7d2886b8f,62f7d2886b8f13f7e29e23c03becd7d381d0d1fab0a9e61d7372c9f020e1d35b,0.6840683818,d4_component_default_guard
2fjg,2fjg:0001734:7244703bb199,7244703bb1997781b5aac186a9c77682016b29e98007a8fa3e2cb426571ccd99,0.8235823512,d4_component_default_guard
2fjg,2fjg:0001735:d6662345c843,d6662345c843af7ae0b60aab641b504288d62322facc828ec8d356f17110187d,0.6449145079,d4_component_default_guard
2fjg,2fjg:0001736:71736d79e6b9,71736d79e6b90c22bb59a84be9bfb0b92239ff477d42af6b01936b10aab6f747,0.8433843255,d4_component_default_guard
2fjg,2fjg:0001737:79624158f909,79624158f909fc74e7b0a3a23e343b37043e18707ca9624130bcc8163a6d923f,0.56930691,d4_component_default_guard
2fjg,2fjg:0001738:28ddbd9552c8,28ddbd9552c8f28fb1772e649dac250b7656da12a1d16bd2dc0736ed2c7f47e8,0.7826282382,d4_component_default_guard
2fjg,2fjg:0001739:36b56ebe6991,36b56ebe6991866b192c0c93710801f691b1fa0727f40f1f363dfecfc1f5d814,0.3285328448,d4_component_default_guard
2fjg,2fjg:0001740:7c8a17837820,7c8a17837820ce049b88b78ddad94108c20e298efdf28213aa9e4fdb66016e94,0.1129612997,d4_component_default_guard
2fjg,2fjg:0001741:c4b7c1f36c66,c4b7c1f36c665367a9f868eaaf72f77fc1a5ef8eee5377fdaa39501cb36e3725,0.7263726592,d4_component_default_guard
2fjg,2fjg:0001742:6f14c3ffde73,6f14c3ffde73b1001f2df6c45315f20e7a1bf2c127cdcd4cc87d83311dc0cad4,0.3217821717,d4_component_default_guard
2fjg,2fjg:0001743:314cebbc0c73,314cebbc0c73a7e425ab0b6d5ffa3e67c6adc20ce701bc9783bba71ccedec890,0.5981097817,d4_component_default_guard
2fjg,2fjg:0001744:76836dde7114,76836dde7114fab1d69b4c6ca5b4ce4c8f5cbfaa45626e1927a945d66ab58e1b,0.5621061921,d4_component_default_guard
2fjg,2fjg:0001745:6184aae0ca8b,6184aae0ca8bc419d81285d8e33ac9ac0a98aceaba433861401bd8fa4bcb9c23,0.4707470834,d4_component_default_guard
2fjg,2fjg:0001746:9487d96d30c9,9487d96d30c95399e56525c63e9168ea0cfe0f97a8242ea06e660538a3cc38df,0.893789351,d4_component_default_guard
2fjg,2fjg:0001747:be0bdf70f77e,be0bdf70f77e1b63481f0b56ed6b22c234e4e18426555ef3102e1e77a8e51528,0.4783978462,d4_component_default_guard
2fjg,2fjg:0001748:b178125b43a6,b178125b43a65b97f39dc8be4fa9cc12c211b57856f02327309accc2c4200981,0.8924392462,d4_component_default_guard
2fjg,2fjg:0001749:cc68db1ab760,cc68db1ab7601922f660d568d721f5cfdcce1e95241c9dc3adc19ddc3503cb72,0.6458145976,d4_component_default_guard
2fjg,2fjg:0001750:9b025b57a1c5,9b025b57a1c54ff3b222ff4d459ba656dac75a2b6076ea6b802c6e8f278e0aad,0.4117911756,d4_component_default_guard
2fjg,2fjg:0001751:1484275ed1c8,1484275ed1c831b2ad8185c45dfbef352bc20def4851d478f635a3227760127b,0.6593159437,d4_component_default_guard
2fjg,2fjg:0001752:8a5364447907,8a5364447907a35ab4f0b3817a02ea763736c9d17f5e12477665ef3ebf28ece4,0.5697569847,d4_component_default_guard
2fjg,2fjg:0001753:3a4733d35cf2,3a4733d35cf2f72099250f0730bf007287a954f4937e594a5398a6ee4fcee4c3,0.8438344002,d4_component_default_guard
2fjg,2fjg:0001754:5a8751905c60,5a8751905c60df8cbd518c65710632041af17859499fc0203ef1dfe1e660e41e,0.5261026025,d4_component_default_guard
2fjg,2fjg:0001755:b95114275eab,b95114275eabd9e56b34f058616639121594f73c0b97a9e04867594961a7dbd6,0.8609361053,d4_component_default_guard
2fjg,2fjg:0001756:7112e846ca7a,7112e846ca7abf810ef5530f1e746293a10e86b26c3b3cbbccc91bb742acfbe9,0.606210649,d4_component_default_guard
2fjg,2fjg:0001757:e64c94d5fdfe,e64c94d5fdfe905666b01a30042a1cffadb46ff50035d95f49a9ce7b8c69e697,0.4369936883,d4_component_default_guard
2fjg,2fjg:0001758:ced34a0c61d9,ced34a0c61d9385fe7089e99492df415967ab2f485ebf15076b77a45a4f68e5a,0.4828982949,d4_component_default_guard
2fjg,2fjg:0001759:6c80a21b4eb9,6c80a21b4eb98e6c42b34893f7270d03e9cbf56811614aeb210241a215596a5f,0.1701170057,d4_component_default_guard
2fjg,2fjg:0001760:a70c5c78d1f4,a70c5c78d1f4eedd0be8fe5b9c403ad1cfad1d80cf840d0577ecae9f1064eef7,0.7898289561,d4_component_default_guard
2fjg,2fjg:0001761:ec8eee72f98a,ec8eee72f98aa4e7cbe7bb50a335c73fb382ab85718a104bab3cc69ee856a0d4,0.2974797487,d4_component_default_guard
2fjg,2fjg:0001762:192fa3819dbe,192fa3819dbed8fc96839d18a712f24d62ec6e7d23e0b7fc2c3982abcbc2197e,0.5256525874,d4_component_default_guard
2fjg,2fjg:0001763:ea989d1f9d45,ea989d1f9d4521516b3005b44a1e025bf1d72eb5b81347047135e88e3e4449f2,0.3726372719,d4_component_default_guard
2fjg,2fjg:0001764:ad6a9f4f6050,ad6a9f4f6050d10ecd5bc1ae67e46b855f21f37dffbdfce7c7c06f83bae4aee6,0.5648064613,d4_component_default_guard
2fjg,2fjg:0001765:a118d97025a7,a118d97025a777fbef6696d73e248d31c4db36c02830358bc0ee686335912302,0.2857785821,d4_component_default_guard
2fjg,2fjg:0001766:ef8937fadc73,ef8937fadc738fcc663a93029e6ff604e469755d36824b1c4367ae53396e5793,0.8258326054,d4_component_default_guard
2fjg,2fjg:0001767:44e4dd32c3f3,44e4dd32c3f3a7b465c8cddb12c38131b14eb0842bf6f416de9f30c93853f0c2,0.8928892612,d4_component_default_guard
2fjg,2fjg:0001768:78061b29349b,78061b29349bc5ad3b16218519eb2a9c9a32304055d7c151b0450bf50e8badfa,0.630513072,d4_component_default_guard
2fjg,2fjg:0001769:eec560607142,eec5606071422834ec6c9a093203a5f53bbf94a932beea9b5552250ced5ac7d7,0.4189918935,d4_component_default_guard
2fjg,2fjg:0001770:c8d2d0a50b16,c8d2d0a50b166bba7a29f0452cab0c97897336a97448023ecfcf57104190400e,0.686768651,d4_component_default_guard
2fjg,2fjg:0001771:9aed2fca6985,9aed2fca6985ea807376ffc106e6dbe15ecebe3e42b972553393d5615d2594a0,0.5778577924,d4_component_default_guard
2fjg,2fjg:0001772:0038e4d7cb6b,0038e4d7cb6bceeef985d341bc662da5416dc60144bf53f5b818929733481045,0.8528352976,d4_component_default_guard
2fjg,2fjg:0001773:3463c8861e6e,3463c8861e6e1bcd364b17ef5edaa0a2be46535a225996c946eab9909299fbf0,0.5292529464,d4_component_default_guard
2fjg,2fjg:0001774:5b373e016cc7,5b373e016cc707e5f1976dbc68bf67d38adee46910b8581c5b8d2f63dd5eadca,0.8636363745,d4_component_default_guard
2fjg,2fjg:0001775:60c89a21a168,60c89a21a16878a874ecbccc283d847243608acecfaf462e71ec5cef1323f82f,0.6093609333,d4_component_default_guard
2fjg,2fjg:0001776:b57560b573d0,b57560b573d0f64cc058b9e6dcd44f73fd2efd3ec2f783100f661cffcbb8ce68,0.4374437332,d4_component_default_guard
2fjg,2fjg:0001777:23049064fdd6,23049064fdd6e278025f57a503db028f99597d1444f5446a26fc548a57a4b97a,0.4774977565,d4_component_default_guard
2fjg,2fjg:0001778:c5c7d3e38f24,c5c7d3e38f2486a6fd71fd90ba66fd6b871a1351bf65f3ad8379c925d35d6c77,0.1602160186,d4_component_default_guard
2fjg,2fjg:0001779:7bc16d3361da,7bc16d3361daeac2a6c17c22b011162cea679f857c6279083edc62363ae4ada3,0.7893789411,d4_component_default_guard
2fjg,2fjg:0001780:d0398a0966de,d0398a0966de32a4e8dd6512acaa75298d1200c61ecd0c779fed853a39ab7956,0.3168316782,d4_component_default_guard
2fjg,2fjg:0001781:4b53ede7134c,4b53ede7134c3d3eb713a5028588ac17fca248b7885b03e25ec00bd726496e47,0.5355535746,d4_component_default_guard
2fjg,2fjg:0001782:93e9dc2e3ca9,93e9dc2e3ca95d6b4698462a5b09b75a83af6a4c8813bbf9856a2f5662b8e8fa,0.3892889321,d4_component_default_guard
2fjg,2fjg:0001783:bd86ff357d19,bd86ff357d19b60a56c36c9a526d7858cea8bc0da4e6f752ad5555f5fd951661,0.5837083459,d4_component_default_guard
2fjg,2fjg:0001784:a1f030cca2e8,a1f030cca2e899484e3d7d6e20da0d5698efbb141bfe71d7c11ae8e2dda823bd,0.286228627,d4_component_default_guard
2fjg,2fjg:0001785:18fc81b66c28,18fc81b66c28c72932b8c75959f426489073aad8a51fad7abfbb9bce85f3a43a,0.8397839665,d4_component_default_guard
2fjg,2fjg:0001786:6958e1e52abf,6958e1e52abf3c17d28134ba28b23b4e26f41b1d6522755669d51bed27bf2bb0,0.8555355668,d4_component_default_guard
2fjg,2fjg:0001787:2b40ca2f3fde,2b40ca2f3fde0aec11d766d42f26a4a9a47f2cedbadcc8ca8d61c203d055ff18,0.1710170954,d4_component_default_guard
2fjg,2fjg:0001788:c7947b43c57a,c7947b43c57aa0205b38f473478b09d63aee01f83584e9751770f9aa86f04383,0.2560756207,d4_component_default_guard
2fjg,2fjg:0001789:1b4af4a21524,1b4af4a21524ea638eea7a727492178b00d820bf47c8046c214a7a864cba6102,0.368586868,d4_component_default_guard
2fjg,2fjg:0001790:f7abbe106e90,f7abbe106e90157c82c4a48442cf3eb0cebfdc52a4cdeedb796e2334844aa648,0.7394239306,d4_component_default_guard
2fjg,2fjg:0001791:36dce02a3aad,36dce02a3aad8b3c7b85586fa5a14aac18fec509aa2472ce215c99fc85053e2a,0.3780378103,d4_component_default_guard
2fjg,2fjg:0001792:1e151d9fcad3,1e151d9fcad3b55579ab4e3ddcc4ea1892e05fa1607624ab48f42f6e40081139,0.6737173796,d4_component_default_guard
2fjg,2fjg:0001793:cb37d14a11d7,cb37d14a11d7201d9cc943db6a1bb21a4e681f9ccd1c53ce83a344d5f0c6d3b5,0.472097218,d4_component_default_guard
2fjg,2fjg:0001794:a9c35239e857,a9c35239e8574b3544c296382c63cd9a6d3c3830f168de9d93ec8d51f87eedb4,0.6606660485,d4_component_default_guard
2fjg,2fjg:0001795:d9ac92fb10c4,d9ac92fb10c496d426c4a3070cd37391a995e276e5ec4cb4ac9bfd923572ef55,0.4032403231,d4_component_default_guard
2fjg,2fjg:0001796:92722e8f3e6a,92722e8f3e6a2e3b67304594e6a0e58a1699dca3ef48622528b464f1f7fe6f39,0.09135913849,d4_component_default_guard
2fjg,2fjg:0001797:42637133bd01,42637133bd017dd2ae4200415c0fa11733efa7a29730bcb542af7ba5f5a35320,0.5022502542,d4_component_default_guard
2fjg,2fjg:0001798:381af64e3f24,381af64e3f244a9f5b49d587a7ebb44c8b0b533517f733c0488d6c80a1b873c8,0.258325845,d4_component_default_guard
2fjg,2fjg:0001799:1cdaf64aae57,1cdaf64aae57e5b8fb50dec44264f99a7f0079a6b6d630b10c342cb5a7cb3a6a,0.3843384385,d4_component_default_guard
2fjg,2fjg:0001800:01b64d1b8481,01b64d1b8481d16d165988cb1801654f6ae0ebc0384a2878361a1bf253108abd,0.1998199821,d4_component_default_guard
2fjg,2fjg:0001801:7d063a22099a,7d063a22099aa1ac8c86995b1998b2e358768ec96ba97902d289d65b7bedee9f,0.2601260245,d4_component_default_guard
2fjg,2fjg:0001802:48f34dae2765,48f34dae27653a2ec58c41deee00e047953fa5adab93b8c8e9f0c0d38197ea97,0.2466246635,d4_component_default_guard
2fjg,2fjg:0001803:89daa0f339ba,89daa0f339bae49756a24105ee0cf0eca6745befca398db493bd0e4ab4e31326,0.6764176488,d4_component_default_guard
2fjg,2fjg:0001804:a9f8e91a6bf5,a9f8e91a6bf5b3474b018db73710238015c5a7ef65787fd02388248414cfee62,0.3865886629,d4_component_default_guard
2fjg,2fjg:0001805:082a0561ecd1,082a0561ecd1480efcde6044d8a5008acfaf53d12d8e9e58fb1f038d96b6e374,0.08865886927,d4_component_default_guard
2fjg,2fjg:0001806:405b7d85d6b1,405b7d85d6b159583213cb5e3e17ef315bf3b6c217b5a1a87963e9180a0a91da,0.03105310537,d4_component_default_guard
2fjg,2fjg:0001807:ead4f89e8f73,ead4f89e8f73ba6ea68024c59e55a2e02c57c97f752a31c630cba70b28abbee0,0.04995499551,d4_component_default_guard
2fjg,2fjg:0001808:20357327427d,20357327427d775192f02dc53fdfc937d53055deec91b98f97cfd25164f0b1e7,0.08505850285,d4_component_default_guard
2fjg,2fjg:0001809:e5057a99bb86,e5057a99bb86a39b9b450c26f87554b145e6e9303e94aa45f354e46957b6e5f8,0.2682268322,d4_component_default_guard
2fjg,2fjg:0001810:8e244e732d33,8e244e732d33a67f8f98a67adf6fdc166cf0a73521773a1b80c7517c4bc1c121,0.08370836824,d4_component_default_guard
2fjg,2fjg:0001811:71552092bc3b,71552092bc3b8795ccb3b38ec31059f55e2e73ee83fe909877c0222580dffba6,0.2083708346,d4_component_default_guard
2fjg,2fjg:0001812:d15338e63e2c,d15338e63e2c0fde7da5c37532af24c0a7062cba905dcd12329d4c4b0c80aced,0.2056705654,d4_component_default_guard
2fjg,2fjg:0001813:d16fada72f36,d16fada72f36b57bd4768b08b24b527b5f674ed48c7dcbdcd870768457b56a67,0.0751575157,d4_component_default_guard
2fjg,2fjg:0001814:7f67bfca6498,7f67bfca64989acb464cfd32e9f835ae71a346a04417da2be62ab151ebfc71e3,0.1381638199,d4_component_default_guard
2fjg,2fjg:0001815:a47fa68eb771,a47fa68eb771a78f276628c24334c5da11e086f97a2c29ad374093f49a862ca7,0.004950494971,d4_component_default_guard
2fjg,2fjg:0001816:24c8b159a3b2,24c8b159a3b2503f99164eebe33323defd7d30e4286153fab739da5304c2b0ba,0.0306030605,d4_component_default_guard
2fjg,2fjg:0001817:4df2e1f1764e,4df2e1f1764e5c1e6930f53482de7ea25859216ec7547172021046202bd59eab,0.05085508525,d4_component_default_guard
2fjg,2fjg:0001818:a2057e6c072e,a2057e6c072e5e452685239317453c86c58c54b52a0f10c0e82fec239f6c13ec,0.1489648968,d4_component_default_guard
2fjg,2fjg:0001819:e7bec1a9b1d0,e7bec1a9b1d042b90b3f19c33baccc95160f2c03695ff1ba1498572f4d84c1f4,0.01395139471,d4_component_default_guard
2fjg,2fjg:0001820:8fc2d4b38b13,8fc2d4b38b13efca7ef6aea8cc1f698574d89b7caf34291c2aef1d71b18d23ec,0.04455445707,d4_component_default_guard
2fjg,2fjg:0001821:5ea20f96a692,5ea20f96a692d9ce1f833bcda27cd81fce24ea66aa95ed99d5ac018590c1b473,0.006750674918,d4_component_default_guard
2fjg,2fjg:0001822:49b73adf0462,49b73adf0462721f88e9e053a773715b5aba6373eab954175beb8a0868d41a5c,0.2556255758,d4_component_default_guard
2fjg,2fjg:0001823:8ebb85a77f41,8ebb85a77f4122978ac2df61d7e7a132ad6c7d9fbfa78e4cdfb10f2c29af7e3e,0.03600360081,d4_component_default_guard
2fjg,2fjg:0001824:1170b48a69a4,1170b48a69a42120c3b1bf1a891880256df6cc453e19748b7e55a320b6b1e859,0.927092731,d4_component_default_guard
2fjg,2fjg:0001825:6d299cdf7b18,6d299cdf7b186184375a679d8a69556b9dccb28b6016429631f7ec1760185cba,0.6255625486,d4_component_default_guard
2fjg,2fjg:0001826:b13404d252da,b13404d252da46656d35d8448e2fa2f236294139cba5c31384ee8dcc37edf0a3,0.5873087049,d4_component_default_guard
2fjg,2fjg:0001827:1014e88f0798,1014e88f0798786db2ab0afb0a01a4297156f88d1234cef1b185c3d367188dd1,0.2947794795,d4_component_default_guard
2fjg,2fjg:0001828:9a3ebb9b8345,9a3ebb9b83459c935e518c3681f620fd293a2ee6f4aad489436e5a369730c0c4,0.4747974873,d4_component_default_guard
2fjg,2fjg:0001829:c0582a4a8364,c0582a4a83640ac6aadd459e92601b09d57b7f2cdab24ed7ac730780f0e485eb,0.8717371821,d4_component_default_guard
2fjg,2fjg:0001830:3bca5c756f87,3bca5c756f87b6168318f35861f5e6325e9208377845ec2396d497d90cc9ec94,0.5319532156,d4_component_default_guard
2fjg,2fjg:0001831:3632c75167ef,3632c75167ef05666e0fa7c837f08bbdd88ef1e6ae917c654bf21de04b53328a,0.6413141489,d4_component_default_guard
2fjg,2fjg:0001832:7c93a989ae1f,7c93a989ae1f04c8a59aa5ac28062b6f17ea6e3ed46448cbfae1baff26a419ef,0.6836183667,d4_component_default_guard
2fjg,2fjg:0001833:bca6e4cbe455,bca6e4cbe455e04967cc604cfbafca53ed9e00b59c36b9d1b7505442b9550f18,0.8253825307,d4_component_default_guard
2fjg,2fjg:0001834:9e6f5a48d0ba,9e6f5a48d0ba963abd9ad8f3c6ce625969f61a5e68c647380f6f7a17b0c274ad,0.5472547412,d4_component_default_guard
2fjg,2fjg:0001835:4a3e0a29c859,4a3e0a29c85962fdbe6e0f8e0eb09d21ff9b29653a9ae1e0da263c63e1cb4816,0.05535553396,d4_component_default_guard
2fjg,2fjg:0001836:3d5c6750dd4c,3d5c6750dd4cf983666b662969fdec343a71829719d228ddc82b5d0eaf32463a,0.6503150463,d4_component_default_guard
2fjg,2fjg:0001837:0b0b47f77683,0b0b47f776835f57e880289e82d94c8b53604ff39671eb94506aade45796ca1f,0.2754275501,d4_component_default_guard
2fjg,2fjg:0001838:bef574fffd32,bef574fffd32d9ac9954a4a25546f01f782ef90d07c8df4626e5ff3d822ab1d0,0.317281723,d4_component_default_guard
2fjg,2fjg:0001839:878cf97dcf88,878cf97dcf88d53a30f6cd64cdc288bde71602f6e105f4e7c25f617940022c8f,0.4873987436,d4_component_default_guard
2fjg,2fjg:0001840:823a0bf23239,823a0bf23239fc0cf441b416fdcb258fc34d82036b392f615e0431d2dcc0ccca,0.2988298833,d4_component_default_guard
2fjg,2fjg:0001841:afd348b6fb35,afd348b6fb353c20dbc28fa47525a5bc0e18763e7f938ae1ba925e4c6bdfbdb8,0.8388838768,d4_component_default_guard
2fjg,2fjg:0001842:b24abcc9a0f9,b24abcc9a0f94d6cdb41be205dd3e6af5d6fa95903a35f8314dd2a028804b697,0.5306030512,d4_component_default_guard
2fjg,2fjg:0001843:0ffde92321e2,0ffde92321e28f0437c293e1621b8dce133ebd8f1f8ccb54bbb35783458af793,0.9275427461,d4_component_default_guard
2fjg,2fjg:0001844:423ffde65cc9,423ffde65cc9ae71ab5d49fb430b5034081d3f03f1ac6e3209007b456b6495b0,0.5756075382,d4_component_default_guard
2fjg,2fjg:0001845:8cf1950b9b9d,8cf1950b9b9d85b4f531fe12c28beb6fb9a4d180f798a03ec2e705884f31cef8,0.4554455578,d4_component_default_guard
2fjg,2fjg:0001846:ed1f7f192ead,ed1f7f192eada3987afae49d21f5ba1898540b9b59a2e76d271c58f12b15ead7,0.5958595872,d4_component_default_guard
2fjg,2fjg:0001847:3e82a56b8e3b,3e82a56b8e3b190fda2277448339ecd03c062595165f4e57ae9130eb9af388b3,0.8442844152,d4_component_default_guard
2fjg,2fjg:0001848:e8257dab0cef,e8257dab0cefc4e7b4d2563e167974884997770095c02127751479cbe131ddf9,0.6246624589,d4_component_default_guard
2fjg,2fjg:0001849:5487a2e1d2ef,5487a2e1d2efea3afb5b04ffef37dcf96bde1fa6755dfe4e31dfd2cda010c758,0.7866786718,d4_component_default_guard
2fjg,2fjg:0001850:ebac5e5fabd3,ebac5e5fabd348cff6eab81e75c2c54bddfd3e8f01f29027054ef1bb00603c13,0.7754275203,d4_component_default_guard
2fjg,2fjg:0001851:45dde382810d,45dde382810d0b029130e0589264233747248028321c5b72f7927515bba6c724,0.7664266229,d4_component_default_guard
2fjg,2fjg:0001852:09f2d6487196,09f2d64871962b3f1cc54fbc0f3b82648b6c43b1e9c79cf38f0d0848943d41d8,0.6773177385,d4_component_default_guard
2fjg,2fjg:0001853:07e939a7bfdd,07e939a7bfdda32321a4699152f06affbc022f45faec78894c134b5806ef4c2f,0.09540954232,d4_component_default_guard
2fjg,2fjg:0001854:b339617d0271,b339617d02718004f7dfd734d15d34d0fe7f7047192e4ea5b7911c8470d575fc,0.7628262639,d4_component_default_guard
2fjg,2fjg:0001855:2891f6f98007,2891f6f98007d2f46f0c4638eae018fc56be007d1c728d04c1dd93241b1d6c17,0.4900990129,d4_component_default_guard
2fjg,2fjg:0001856:ba64465451cc,ba64465451cc95e020173a5dddce63e1bcb72c610458918e0dff88b4b0d1eed5,0.503600359,d4_component_default_guard
2fjg,2fjg:0001857:5bc1ecce7c80,5bc1ecce7c80fe9752d092e0df93562fcd59d843798c9eb76acbb8b7fa380952,0.565256536,d4_component_default_guard
2fjg,2fjg:0001858:3adb8de00a70,3adb8de00a7022f93bc8fe47d2db7786826aaa0e04557cfb3d2de0089a20469a,0.5945094228,d4_component_default_guard
2fjg,2fjg:0001859:82ce4a8a9dd2,82ce4a8a9dd23ac0fde431abb7cf988cca5e7a343cbe909653bdf0e13a8a3889,0.3915391564,d4_component_default_guard
2fjg,2fjg:0001860:2f4398b67c38,2f4398b67c38517da290223abb972c1adf6b05d294d892b9e3d269553c00dda4,0.7713771462,d4_component_default_guard
2fjg,2fjg:0001861:8a631f1f1277,8a631f1f12771022ccee29001ab9c92283800def70abfa84c583731cad500e09,0.5535553694,d4_component_default_guard
2fjg,2fjg:0001862:4c01eac40870,4c01eac4087063ea4e87361f595c8df2f31130066a5750a4fbaef5524e19059f,0.9108911157,d4_component_default_guard
2fjg,2fjg:0001863:9764b53d1db5,9764b53d1db5e5a6b5bc4b66e11d004056aad8b9f799947b8bbf339bad4ba76d,0.7173717618,d4_component_default_guard
2fjg,2fjg:0001864:32f20d34149c,32f20d34149cc52ac1bafc993f6d2873b7297f1426eaa56ea5cc65982ca7a1f9,0.4599460065,d4_component_default_guard
2fjg,2fjg:0001865:7f62546a725a,7f62546a725a9c8e9350fad30dc037c8337aedfd2d800d7048a69076d28e8017,0.6575157642,d4_component_default_guard
2fjg,2fjg:0001866:3a0ebe6ad167,3a0ebe6ad167b892959886a6e32d3279610b9dbbe16086aa662517a4654be2bb,0.69036901,d4_component_default_guard
2fjg,2fjg:0001867:0c9e41d59b7a,0c9e41d59b7ad51e1560503158f249c11948c8be6c4b2cdfc7b9960c21c421d0,0.8249325156,d4_component_default_guard
2fjg,2fjg:0001868:27bb1225cb03,27bb1225cb03daaad50aaae0b505958197ae2e1f2a327926bb8322b6acb5d581,0.6597659588,d4_component_default_guard
2fjg,2fjg:0001869:a75bf42be766,a75bf42be7664fbecdb22679ace2c57362cc528119ef94e8d0ee33e2d7ac5382,0.8510351181,d4_component_default_guard
2fjg,2fjg:0001870:88e151b385b3,88e151b385b313d91bd3c001b3d718bf1e9bf192da94bbf933eb071584813da9,0.5850585103,d4_component_default_guard
2fjg,2fjg:0001871:e53b164d7abc,e53b164d7abcadbae3f174c83434d5a9304c2000ad562a37ff3b850c60245e73,0.7871286869,d4_component_default_guard
2fjg,2fjg:0001872:65021a2cc12b,65021a2cc12b0739e5dc96a2fdd782c060080c4c34590f2f216b9f7931f8d34c,0.3586858809,d4_component_default_guard
2fjg,2fjg:0001873:0d63b380100b,0d63b380100b17ccbe01289884da28abe5d8243d430e962917a44d53fa13c9e6,0.1363636404,d4_component_default_guard
2fjg,2fjg:0001874:68e7ed8e8944,68e7ed8e89446cabb712cca1e711c17bbf7d4174c46a2ffb15aa6268304741a9,0.725697577,d4_component_default_guard
2fjg,2fjg:0001875:2e17cfcefae2,2e17cfcefae2eefada79823932ab8a91363700804dfefdadd18040c193d67028,0.3478847742,d4_component_default_guard
2fjg,2fjg:0001876:0f515a28643b,0f515a28643b1fd1ca80d7a7f77ab2f28e3fbcc2eff88d2c91fd94e87b48cf0b,0.6057605743,d4_component_default_guard
2fjg,2fjg:0001877:4c7c8311ab79,4c7c8311ab79b3b4c988c13fc9af76da0cda604bca65dbf02f550cb456854c94,0.545004487,d4_component_default_guard
2fjg,2fjg:0001878:70bfb1c4195b,70bfb1c4195b057d8e0f39082258101eebc41c81101c99da4890f0eca07b5568,0.4725472629,d4_component_default_guard
2fjg,2fjg:0001879:f3415f00128d,f3415f00128d8a7bcf5f253309c2fc2f1a3633727ee975b6548fac22e82c33c8,0.8960396051,d4_component_default_guard
2fjg,2fjg:0001880:f19bdec847fb,f19bdec847fb1030be36b5365da2f394c6ea50741dcc6513fd877b65c2d79945,0.4932493269,d4_component_default_guard
2fjg,2fjg:0001881:a6e9c730b1a3,a6e9c730b1a372acc7b94091adac87afe7a6075cb4a92d20070b805810377d9a,0.9180918336,d4_component_default_guard
2fjg,2fjg:0001882:6162d0ea72af,6162d0ea72afffb1f586dc00fbc103e507707d53e4a2436d32313f5e5b5bd7ea,0.6021602154,d4_component_default_guard
2fjg,2fjg:0001883:51b0670db702,51b0670db702f7666b927b3a99660e82a5a44b8299d2b084d375fd60ac4f29c8,0.445094496,d4_component_default_guard
2fjg,2fjg:0001884:9a90d6af3b93,9a90d6af3b933656b8fbb711772f1f65b11d1d008bbcd61df091109e71f2a5f7,0.6003600359,d4_component_default_guard
2fjg,2fjg:0001885:b957db1d5eb3,b957db1d5eb37a77c51c3bfac4626282056b368ee266d41580a0a1ab9aaa853a,0.8429343104,d4_component_default_guard
2fjg,2fjg:0001886:233c747a8ba6,233c747a8ba6cf872e011f0e0478c13cb2fd8ae97de6c092c17cb0e8dc653900,0.6296129823,d4_component_default_guard
2fjg,2fjg:0001887:442cd9125d61,442cd9125d6186840d9d717b3f195c0e72e139e846aba25e658d7ec6bed2787e,0.7844284177,d4_component_default_guard
2fjg,2fjg:0001888:b32a465f4d61,b32a465f4d615cef1a386663df1ef097cdc33dd3bef05a541d19db0899ad8243,0.7641764283,d4_component_default_guard
2fjg,2fjg:0001889:c8596f3fac0f,c8596f3fac0f5e7aa87201c0b7d87bbe0f8c121d0f35e5ab8952c2f251dc424a,0.7650765181,d4_component_default_guard
2fjg,2fjg:0001890:ee90fbd66ec1,ee90fbd66ec13b451bc11ea65dad3298ff6b8cbdb2f9c430975e9516cf3a88d0,0.6872187257,d4_component_default_guard
2fjg,2fjg:0001891:5cbd27c07742,5cbd27c077420d07decd437a1f7b444e6c54954de3cc499928be071fa2d03957,0.09585958719,d4_component_default_guard
2fjg,2fjg:0001892:86a68d3f54d8,86a68d3f54d8c53677b317e0e79ced803001bd75a87c6e86398716e727deab4a,0.7484248281,d4_component_default_guard
2fjg,2fjg:0001893:d543a3a87b94,d543a3a87b94227c6518d1c18f3900fb5ceee5359eb30e181f255b7ecefd925c,0.4698469937,d4_component_default_guard
2fjg,2fjg:0001894:b81c804e751c,b81c804e751c4027243a89cb5c4d8ca0efb5e4e3e9fffb62be285608f1f4ca70,0.5144014359,d4_component_default_guard
2fjg,2fjg:0001895:6ce62bf6f565,6ce62bf6f5650b0b41c60b03a24bc592404d85e3a8e8e70cbc9e00b81f05afa6,0.5607560873,d4_component_default_guard
2fjg,2fjg:0001896:185dc507554d,185dc507554d6bea7a7145f1111041596da98b2e63b431d218052c027ca9fc8b,0.5733573437,d4_component_default_guard
2fjg,2fjg:0001897:06289ae47f8a,06289ae47f8a2549cf87f2232fcfb80f9a0c9ed171d9e126a72ad1fff78857cd,0.3996399641,d4_component_default_guard
2fjg,2fjg:0001898:5d73b1f83409,5d73b1f83409d692a0f3470595d3c031898c0527e3199474248e6ffa6c101ed6,0.7839784026,d4_component_default_guard
2fjg,2fjg:0001899:ccdacf150758,ccdacf15075894b89311a924fd27a34f669395422b4b4caf300da9df4fa081f6,0.5612061024,d4_component_default_guard
2fjg,2fjg:0001900:f5f221eec5e5,f5f221eec5e56500d141dfd764f9242b700f14d03b70dc800009ad5fd6b4e966,0.9250674844,d4_component_default_guard
2fjg,2fjg:0001901:1cba6d59de94,1cba6d59de94177ad3aaf379e7c80014256dba66335f6d11d5a611bb7f2bbd12,0.6143114567,d4_component_default_guard
2fjg,2fjg:0001902:b59571d318d4,b59571d318d4a8ad97da8df995b2229d399a05a056e304c6d86bcfb6e5c69b0e,0.4693969488,d4_component_default_guard
2fjg,2fjg:0001903:9bc8bc103197,9bc8bc103197a29a636a0701b76846462c82e5128b3453c3349d30b52ab53aca,0.683168292,d4_component_default_guard
2fjg,2fjg:0001904:6cd0a93e25f1,6cd0a93e25f16733000c6f8484efcbf594e77a28b642852790853913a8448c77,0.8595859408,d4_component_default_guard
2fjg,2fjg:0001905:1d2ce81bcf23,1d2ce81bcf23350f84842fc2ce1adc76b9ed1c862b61196ac5fc7ffb7e78897d,0.6651664972,d4_component_default_guard
2fjg,2fjg:0001906:a62041aea894,a62041aea8949015735b519f0b7d57f92eec61c96e627904b82a8c0a11b83d55,0.7916291356,d4_component_default_guard
2fjg,2fjg:0001907:b3f79f462565,b3f79f46256565d042880abf4ccb8348b85ba8f098173daf68e4c4764c19d384,0.7772276998,d4_component_default_guard
2fjg,2fjg:0001908:74691972d4c2,74691972d4c2737a1e488ddd7bc8d0fcafbb8060f916c299ffce5c7ab649d448,0.7736273408,d4_component_default_guard
2fjg,2fjg:0001909:dc6887892f34,dc6887892f34c4fc5bc87a87c2b62c764dc1dc694557cde2b2bde463e4fac3f9,0.703420341,d4_component_default_guard
2fjg,2fjg:0001910:9891ca04474e,9891ca04474e780405a15cf62cac73e897742e07506a39b6f3855c3307374c8e,0.1152115241,d4_component_default_guard
2fjg,2fjg:0001911:fef8ce368c65,fef8ce368c65a31822e0a38205d56c7d8c4b66243f10e13dccbaea685754eda4,0.768676877,d4_component_default_guard
2fjg,2fjg:0001912:e5558383113a,e5558383113af03ca4ce025b92162145e468f8b596947f29521393e4293093ad,0.5004500747,d4_component_default_guard
2fjg,2fjg:0001913:029b6d0a482a,029b6d0a482a8a492f0bbf230480eaba7f8e9d25f3c932b7a7dbfaa3e8f8c7e4,0.5328533053,d4_component_default_guard
2fjg,2fjg:0001914:c1bc0faa33e0,c1bc0faa33e063385b14564e084b6fca421d36461c5c8649d56d878c0d66f65e,0.5891088843,d4_component_default_guard
2fjg,2fjg:0001915:25d2df47ed9c,25d2df47ed9c02db94916e4cc1396fee973d1cb0cb406923f8642e200c829a37,0.6170117259,d4_component_default_guard
2fjg,2fjg:0001916:7c103b8a0b56,7c103b8a0b566ba970fb35d2e9c61a758ba019f7fa604c077398dd16ce98a8f3,0.4266426563,d4_component_default_guard
2fjg,2fjg:0001917:a166e43bd8c3,a166e43bd8c376e95a89346db6482d74948c83639464b689e56fdc2381fb9a9d,0.7821782231,d4_component_default_guard
2fjg,2fjg:0001918:6bbdd4a41036,6bbdd4a410360f0dc00a5ffaf1b4fe1b50408318e919446431acb3a1c63253bc,0.5886588693,d4_component_default_guard
2fjg,2fjg:0001919:245aacbfcc27,245aacbfcc271ec698baaabf158bcbb151b24272c2e58a3f840ac0d26b2d2a74,0.8078308105,d4_component_default_guard
2fjg,2fjg:0001920:553ae9f5f35e,553ae9f5f35e80c22d61dc4cdb666aafb8695821401427e13e660c5cb33f5796,0.6989198923,d4_component_default_guard
2fjg,2fjg:0001921:b4e0d3bbe246,b4e0d3bbe2468ff85ade04e69720184e3468279b5eadedd1f1f81c5b1bc44edd,0.441494137,d4_component_default_guard
2fjg,2fjg:0001922:cb86f7141546,cb86f714154690059ead239fd041804bae4467d53d177cf4681bd29c9414f03f,0.6300629973,d4_component_default_guard
2fjg,2fjg:0001923:01d324e34774,01d324e34774f3c7ddd8d8d54c6dc847dc18f6aad9f17a844931d2cf89da3b1f,0.4662466347,d4_component_default_guard
2fjg,2fjg:0001924:0ffd3fd118c3,0ffd3fd118c38666173fefa8a9519753f49f19255272a3e73b92f98df4f96310,0.6224122643,d4_component_default_guard
2fjg,2fjg:0001925:866d28c0eac6,866d28c0eac6241284c8bfc91e0294df9199bbca10b854ad77771148132a5e88,0.5090008974,d4_component_default_guard
2fjg,2fjg:0001926:c68b49a83650,c68b49a836506ee36eba8f0459c3c3e6900c929ed4938a047747e0dbb006de15,0.8231323361,d4_component_default_guard
2fjg,2fjg:0001927:c7dc5242975b,c7dc5242975bd774834f64237c5b6cc407e30ce4535402f4aeaa83d016994bf6,0.6372637153,d4_component_default_guard
2fjg,2fjg:0001928:c688f22f919d,c688f22f919d8244cf7d7c7ce8e16e44d2613cdf9e5859c0733c001251b40b87,0.5171017051,d4_component_default_guard
2fjg,2fjg:0001929:7cdf381c2845,7cdf381c2845a50f5c3588993bbacc5bcc32ef0e0ddc1d447dabe83524040680,0.2245724499,d4_component_default_guard
2fjg,2fjg:0001930:7555265660bf,7555265660bfabe3d52948b3f6fe522160c2fcc8f75e21f8851347d9ca026f8e,0.6935193539,d4_component_default_guard
2fjg,2fjg:0001931:f938f3582568,f938f35825688e32b250d1ea992b73312b6ff24c04588080e0e911bb82ccde25,0.3118811846,d4_component_default_guard
2fjg,2fjg:0001932:74e3fbd326dd,74e3fbd326dd516ddb954b1e643845facf04d585b02f868289c9d24fc85f51db,0.7074707747,d4_component_default_guard
2fjg,2fjg:0001933:5f45997be310,5f45997be31038c3bb4aab7aa0a72e3057e7b49d677f2f100c941eaa216f307f,0.3784878552,d4_component_default_guard
2fjg,2fjg:0001934:4ca831b735ec,4ca831b735ec5bd91675b39b2ac72fae7ad4d1b76febb34766325263a00677ed,0.4261926115,d4_component_default_guard
2fjg,2fjg:0001935:09ae8ab0acdf,09ae8ab0acdfa312462b2019b59f1687fc2f7d1c51bccee22e2e3f097e9fa1eb,0.3186318576,d4_component_default_guard
2fjg,2fjg:0001936:99fa3f9ab670,99fa3f9ab6701fc56ae7a94cf1311a5f6d1765a5e81f201f8f5f82f08054f62c,0.8789379001,d4_component_default_guard
2fjg,2fjg:0001937:49a1aef77d41,49a1aef77d419e258534adfe9ac5b91da35ab8ad081b731d9c0ca66c86ab2f5c,0.2124212384,d4_component_default_guard
2fjg,2fjg:0001938:c19542df316c,c19542df316c87d632d50a73d3bbeeb60a01d8d7d395c56cdba97509a82ca789,0.5414041281,d4_component_default_guard
2fjg,2fjg:0001939:acd3118e38bf,acd3118e38bf37d0b1e24547049e58505e8e75d2d11f50ceb3c5bf44e8f20666,0.3528352976,d4_component_default_guard
2fjg,2fjg:0001940:b08a771a6dc7,b08a771a6dc7d6c357b966e841dc2c07c42bedb7d1240ad95f3f430193bd7042,0.2038703859,d4_component_default_guard
2fjg,2fjg:0001941:abb5ed886cfe,abb5ed886cfe71082cc2a1ff4a36c4bc4c02028c0c28cfbe864be9d799f8778e,0.122412242,d4_component_default_guard
2fjg,2fjg:0001942:4db87b53626c,4db87b53626c7343e38573774558d8af15d7b587913a3b462e3b3ad5cddf119b,0.2569757104,d4_component_default_guard
2fjg,2fjg:0001943:4e9ed649d9be,4e9ed649d9be84506a0f8637d6b656369d5122443cb4ee8714de88a40f967ef3,0.6129612923,d4_component_default_guard
2fjg,2fjg:0001944:7322407e8f50,7322407e8f50dc3e7a9a2106504d59788a807740181797062bced089e6a3fcc3,0.2835283577,d4_component_default_guard
2fjg,2fjg:0001945:1137abd62850,1137abd62850242fdae502edef352cae6aef43ee33e6ad0052aebb3a4f61f6bf,0.4986498654,d4_component_default_guard
2fjg,2fjg:0001946:b2e88ece9d4a,b2e88ece9d4a77ff7c3fcce0b2cfb93cd0ed1b29dc58f49a6d79e02b07a25b5e,0.4396939576,d4_component_default_guard
2fjg,2fjg:0001947:9bc5c399784f,9bc5c399784f97c0a3294f50e83791e398b1a81515cc3bb514f3c06cca0354c5,0.4473447204,d4_component_default_guard
2fjg,2fjg:0001948:3973eb4cbd8b,3973eb4cbd8b16f151662dfe9e9c8f5be867ed0226a6ccf131f7c454214fc22b,0.2956795692,d4_component_default_guard
2fjg,2fjg:0001949:04e55cb2e6a9,04e55cb2e6a9aae642c2059063843ddf829a7073c44bfc9f17035afa21df40e7,0.02610260993,d4_component_default_guard
2fjg,2fjg:0001950:3b89ae53aeb5,3b89ae53aeb55a3d4853c74fd9e112d570e8202fbfc8ab8350aa11c92c65f86a,0.1336633712,d4_component_default_guard
2fjg,2fjg:0001951:f3a785057fcf,f3a785057fcf5733215ff0c828338ac2edac376e4fb4a1a72425778c38c83dd8,0.3064806461,d4_component_default_guard
2fjg,2fjg:0001952:c57792e46758,c57792e46758709ad12f8993817c05032d7596b65932f4ace637bdbabb7e7628,0.1219621971,d4_component_default_guard
2fjg,2fjg:0001953:88b476e28b35,88b476e28b35e3dd1c8434be0c7fa2ea403e4a417b6495d61819a16b036afcf3,0.2524752617,d4_component_default_guard
2fjg,2fjg:0001954:e6682c183bbf,e6682c183bbf93109ca813aa78e46f74431b93894468bdb49f73d57a1d280fd6,0.07470747083,d4_component_default_guard
2fjg,2fjg:0001955:64716fc52da6,64716fc52da617abb7dd3430dd38258dd7f8d4fffb7a35c64b509490756ceeed,0.6453645229,d4_component_default_guard
2fjg,2fjg:0001956:1a3b82d92eff,1a3b82d92effb3b861d5bce1596dbfe7e67b8ac6f24d5cbc5bf0a8f14198a417,0.382538259,d4_component_default_guard
2fjg,2fjg:0001957:ff60c13571e1,ff60c13571e1abb51978d5e8f8e49e8d7080e5fdd9fc43b06205794ec929dedf,0.8870387077,d4_component_default_guard
2fjg,2fjg:0001958:fed132414d5d,fed132414d5d1edc67bc705046224906a3f0df337d8077366fa5a4020a2ddc1f,0.6111611128,d4_component_default_guard
2fjg,2fjg:0001959:9131720aff7a,9131720aff7aaabba4fc2c888c41404291aa79adc856def983f0c012a868b78c,0.4239423871,d4_component_default_guard
2fjg,2fjg:0001960:9a36e612dd69,9a36e612dd699e023569e50d0d0c746bb41338c1a4711adce2b3df257a987c49,0.654815495,d4_component_default_guard
2fjg,2fjg:0001961:dfd7eb1edc07,dfd7eb1edc07a3d1f25bb10080428ff7ab1bba2a1ada7d2a2a7121ca2547bc56,0.5499550104,d4_component_default_guard
2fjg,2fjg:0001962:11e73c7b6cc7,11e73c7b6cc72c2e1f5e5e64138e4ebcf3a7c37cbfa98c8a58ec36669fcac2a8,0.8321332335,d4_component_default_guard
2fjg,2fjg:0001963:36cab576688f,36cab576688f4c4b70c29faf6ac3f649b7d661f5da368d746adb7b3468802161,0.513051331,d4_component_default_guard
2fjg,2fjg:0001964:5e781e613682,5e781e61368205aa35ddd0a77fe34e59b68a831a98b2e875324c4adb7ed1de7f,0.8541854024,d4_component_default_guard
2fjg,2fjg:0001965:266684d8b00d,266684d8b00dab3f86001d3b57c88b406c241d04fc94fd8ba75671d9f9e70bc3,0.597209692,d4_component_default_guard
2fjg,2fjg:0001966:396cece87d8d,396cece87d8d6a15458c274e617d3c3a7b67ccab40a64748de11a33fcf9a1b4e,0.4257425666,d4_component_default_guard
2fjg,2fjg:0001967:14cf81c74cfe,14cf81c74cfe4378149f66e92801cf0b4aadba008e10a98ad9c11ebb2145dea6,0.4401440024,d4_component_default_guard
2fjg,2fjg:0001968:7edcf4a11097,7edcf4a11097e5c53fd3fad355d5c90c27698d63ed2a890dff054f1d9522fe7b,0.1134113446,d4_component_default_guard
2fjg,2fjg:0001969:a0083f5367ad,a0083f5367adaf369d103019159de78224f78f117f5491a52d4836b50e09439f,0.7803780437,d4_component_default_guard
2fjg,2fjg:0001970:0cbd262cd948,0cbd262cd9484f9f906d3ee468293f8400da0f3e041e3c9178915d9ef1f03171,0.3145814538,d4_component_default_guard
2fjg,2fjg:0001971:138d20d6168b,138d20d6168b2d160e42731c8d961a3211f1d3296410352bb950eee89e75f5de,0.5310531259,d4_component_default_guard
2fjg,2fjg:0001972:217f750cc179,217f750cc1798d155d2c3de0bbfe9a64f49266d58acc8e50b47eb4319985882e,0.3847884834,d4_component_default_guard
2fjg,2fjg:0001973:cd7bfab6a596,cd7bfab6a5964082293439218ef34f8bb0e453ec83bf9e253fd1a0ad7563d760,0.5702069998,d4_component_default_guard
2fjg,2fjg:0001974:fc2be8eb18d6,fc2be8eb18d686ce203ef7a5b89091c83f108fba14a8fedac5d9d348fcbed5da,0.2749775052,d4_component_default_guard
2fjg,2fjg:0001975:3fec9f32b21d,3fec9f32b21df1e38dd490536ca07b7ea7d0143df80f0098ca35ac9bdaa021bd,0.8307830691,d4_component_default_guard
2fjg,2fjg:0001976:51880d8e2e82,51880d8e2e82f5fac1fc6c3ac028aafef61a7163d07347e20a25181806020471,0.09945994616,d4_component_default_guard
2fjg,2fjg:0001977:fff7c4c19dcf,fff7c4c19dcf08ddd744dfbf10aaa234a9c6347baec5580f0096396b598cd5cf,0.0391539149,d4_component_default_guard
2fjg,2fjg:0001978:1bfce71559c5,1bfce71559c588a3870b3b464aa5b1eb846d50e526d3f26932044929db5fb195,0.06390639395,d4_component_default_guard
2fjg,2fjg:0001979:20c743db5f91,20c743db5f91c02147cbab8718568774395b5a14baad62df2beec415ecf8bf8e,0.09405940771,d4_component_default_guard
2fjg,2fjg:0001980:38541de0d8d8,38541de0d8d8d4b6af0b258af91a67835c3dcf84e476473c4f79ef0230bc8cbd,0.279027909,d4_component_default_guard
2fjg,2fjg:0001981:85a9baca06ca,85a9baca06ca188db968da7d38303bd496d1c17c113548b7f61caa15b7b4b28b,0.1003600359,d4_component_default_guard
2fjg,2fjg:0001982:434a45d37d82,434a45d37d820003530a9244232c656329a44ca71a7402165971a5dd7259257e,0.2191719115,d4_component_default_guard
2fjg,2fjg:0001983:0470871b2fbb,0470871b2fbb5587fc49053074aca2fef067845205ed53f53d22fd9fde071c2c,0.2020702064,d4_component_default_guard
2fjg,2fjg:0001984:8551dd5ea72d,8551dd5ea72d69f2b9b331c092c120d31ad4db69d49fbf9a2aa92415df307697,0.09000900388,d4_component_default_guard
2fjg,2fjg:0001985:8c07d911e208,8c07d911e208740ac9d951e10a93b9e244ae638c5dda89be1b2f431a66127ec2,0.1318631917,d4_component_default_guard
2fjg,2fjg:0001986:fb7b4f6991dd,fb7b4f6991dd259f25ba466e11244dbc2aeea828cfbb59f223585419f38fe755,0.001800180064,d4_component_default_guard
2fjg,2fjg:0001987:381aef29c333,381aef29c33337d0b5e23e8d0b0b7b2f5907b6e9e94fa04a7d321ed3867fc77a,0.03420342132,d4_component_default_guard
2fjg,2fjg:0001988:62d4c17dd9db,62d4c17dd9dbfa894d633b3c2466ce70698ee2734b5e84c30eeb17e48911eefa,0.05940594152,d4_component_default_guard
2fjg,2fjg:0001989:5afcd5136fed,5afcd5136fed32deda3f11d7d17c813ce84925ab3cc442ff58bef8043e4cc340,0.1215121523,d4_component_default_guard
2fjg,2fjg:0001990:0f3be32e3393,0f3be32e3393f7d2535ecbbd61d9ffda7963093312bf826f63a4e9bfc522a912,0.01845184527,d4_component_default_guard
2fjg,2fjg:0001991:01e77d5663b6,01e77d5663b6e31a9c3b813f56bbcf0bfc46f0ef569ebbb844ab28fa1550bb32,0.0486048609,d4_component_default_guard
2fjg,2fjg:0001992:eb2eb02cd31c,eb2eb02cd31c3ce6f987746670d390387fd6fa3e4f5789ea5e61800dad5edf83,0.008550855331,d4_component_default_guard
2fjg,2fjg:0001993:2ff467035355,2ff46703535580e8c04fcbea8fafa7e3f8faa071e006e9fbc3d37c654f7551a5,0.2799279988,d4_component_default_guard
2fjg,2fjg:0001994:28d96a188765,28d96a18876587fbe205fddab2fa016cb11db05952c9ffcfd7b90b8d7aa618cc,0.03960395977,d4_component_default_guard
2fjg,2fjg:0001995:0325b87484c5,0325b87484c58d06dff5097e94d918d548424b8c51470cd17bff2d9a6f89566a,0.9239423871,d4_component_default_guard
2fjg,2fjg:0001996:1b48bf8139de,1b48bf8139de77ff5952eaff4254d328abb4cbce21ac6570e4aecdaf347875a0,0.5769577026,d4_component_default_guard
2fjg,2fjg:0001997:6976112e21be,6976112e21be76b782a2127c0a8c7cf25f536a60b0e786f4a9826e75ee44845f,0.3798379898,d4_component_default_guard
2fjg,2fjg:0001998:9c768e6042c1,9c768e6042c12e6f721e17477970d618dd0979d0f497406d4f0369859ced0d56,0.5594059229,d4_component_default_guard
2fjg,2fjg:0001999:bee82b084296,bee82b08429693192d8f7e974bd26d7fa6a3f6ab9cc2c9743e45e39e6ac80c5b,0.7160215974,d4_component_default_guard
2fjg,2fjg:0002000:14bd393669f4,14bd393669f489c67168a91e4c423a186fd3a4f6b202ac39c2c508d1e12d5ce1,0.8037803769,d4_component_default_guard
2fjg,2fjg:0002001:16ab4bbe9c23,16ab4bbe9c239a86ba628e0df4c8b61a1174e495640cd4811ebb61023149e8e0,0.4153915346,d4_component_default_guard
2fjg,2fjg:0002002:bcaf28d78522,bcaf28d785229eae8644a2d6edb79040f00aaa7d2fc3519e25b19b767a380c16,0.7700269818,d4_component_default_guard
2fjg,2fjg:0002003:ebc1b47dd94c,ebc1b47dd94cf1c1d0806fe3ed5a07e33c42785f9bb1284ef06dce80905419b8,0.4995499551,d4_component_default_guard
2fjg,2fjg:0002004:87aa4430b2d0,87aa4430b2d046f65db2c2e35289786472d5bc45b97470eb9e0073a17460bfd1,0.7083708644,d4_component_default_guard
2fjg,2fjg:0002005:b0627f5350d7,b0627f5350d77508e557952bfb3f71b80dc40628fab51e5098d4a26d32f0de64,0.09990999103,d4_component_default_guard
2fjg,2fjg:0002006:c642042639cb,c642042639cbe85f27ac38ce879d0f09be8b7328cf790ab79ac6b4eea2abf9e2,0.7565256357,d4_component_default_guard
2fjg,2fjg:0002007:eaab1da45558,eaab1da45558bbcbe121e674a7b5707ac1327b5ca6451df9ea4327aa6afdb88f,0.2452745289,d4_component_default_guard
2fjg,2fjg:0002008:050378a93615,050378a936156b61c6bfa5b48e4bc2ecf292309ecf98b981b08e14c14c965ca7,0.5076507926,d4_component_default_guard
2fjg,2fjg:0002009:009e0c74eb5d,009e0c74eb5d7faeb44ca1e24a479ada7249cbf6b50771028ddd5ce5f16d34be,0.3127812743,d4_component_default_guard
2fjg,2fjg:0002010:dfe31cc46949,dfe31cc469490cec65e49a414124ca49a474a27da75f6e6d6a4790d50360d353,0.4518451989,d4_component_default_guard
2fjg,2fjg:0002011:4e869941e131,4e869941e131edacbaa117ee2d26b89ba69afd0b69507e61c22ad6ec62450dbc,0.07920791954,d4_component_default_guard
2fjg,2fjg:0002012:bbebd0c3fe03,bbebd0c3fe03b04cb2735011d599afc5b1f4aa8f9181e8f9fc0df1c67a8c8cfc,0.8357335925,d4_component_default_guard
2fjg,2fjg:0002013:60eab52bceff,60eab52bceffed13b4c14e3254b522cb7b744741218a9daa9a16592271bcae68,0.4459945858,d4_component_default_guard
2fjg,2fjg:0002014:4ac2b3f59ca3,4ac2b3f59ca3516db45b20f524d1781b1a1e1c0f08425aca676170934a5a6b0e,0.9036903977,d4_component_default_guard
2fjg,2fjg:0002015:a21ada4e01cf,a21ada4e01cffe19b916bb7c5f370dd52f692bda043cf5fc467e6e59da75d4ee,0.4216921628,d4_component_default_guard
2fjg,2fjg:0002016:b6870cb3a91e,b6870cb3a91e8c2fb3a4cfd1895a3d4c17a55eca7b3a6bcb5551194e68bbc8ac,0.4072907269,d4_component_default_guard
2fjg,2fjg:0002017:6f6fd3b25ba1,6f6fd3b25ba1c2d1bc6972e45d93d128f378b3db1438ade66bb8f3567841f6b1,0.5562556386,d4_component_default_guard
2fjg,2fjg:0002018:3ac599276e80,3ac599276e8049eb4b4f1633ae839d2f8be30c4b5883588e9e17d558cc9091ea,0.8915391564,d4_component_default_guard
2fjg,2fjg:0002019:9242c45df405,9242c45df405e3d7e5721f4bb2cd065772a520ff9c82ef3ee5d65bc1ec641d43,0.7322232127,d4_component_default_guard
2fjg,2fjg:0002020:92efee642df5,92efee642df51c887d4fd983782dc67b345ef51d9fd30b34d72c9f32a1409d6c,0.8834383488,d4_component_default_guard
2fjg,2fjg:0002021:76caf981a430,76caf981a4304b34f887c37ead471b85196b46421b763233e5b4683b64e8c484,0.4950495064,d4_component_default_guard
2fjg,2fjg:0002022:e6c615fe1dcc,e6c615fe1dcccf479751ffca08d3bf84611ad4eea18349e575f24a2fdd9050c0,0.6944194436,d4_component_default_guard
2fjg,2fjg:0002023:5842f88ec10b,5842f88ec10b826c3795e280358220d68ab65c661953e402e72a005f1c8f27dd,0.4743474424,d4_component_default_guard
2fjg,2fjg:0002024:adc5a3be5eb3,adc5a3be5eb3de2c374d5d807146fe837f59c7689fe353365e5e38aacca7eefb,0.1107110679,d4_component_default_guard
2fjg,2fjg:0002025:c73181417f2a,c73181417f2afe2fe80eb77abf225479239dd078ad32ed4441afe7e6beb54ccf,0.7344734669,d4_component_default_guard
2fjg,2fjg:0002026:0d6ce8942efb,0d6ce8942efb8ddad1266cfc16e4fcffeb7cb6c65c68672d67a8f52cb9b9fdf1,0.2497749776,d4_component_default_guard
2fjg,2fjg:0002027:fff792face21,fff792face219a6cf74c6a62bded74c788919eb611cf1bb8519685c0b459a148,0.6557155848,d4_component_default_guard
2fjg,2fjg:0002028:01f999b8100a,01f999b8100a91c74d3687f0049f3e6021e5ee86d6a8e282a9651f84ad9d7945,0.1696669608,d4_component_default_guard
2fjg,2fjg:0002029:476ef476b0e5,476ef476b0e565432b64bb8a1f7816686d6e6a5bd52c3674b2afcd2d9cde1506,0.3136813641,d4_component_default_guard
2fjg,2fjg:0002030:3c88370a7940,3c88370a7940d7080497dae5d60b8579f3d35cf6ed3593ed799d466a64add5be,0.2844284475,d4_component_default_guard
2fjg,2fjg:0002031:3cb4ea332d9a,3cb4ea332d9a6919e96dcaa019ecf896d66d4614eb3fd61881548c3a8579446d,0.845184505,d4_component_default_guard
2fjg,2fjg:0002032:840c039c6b0c,840c039c6b0c392650a9cbe5cc3db90296e6b9371304840e38b5baec4201002d,0.4144914448,d4_component_default_guard
2fjg,2fjg:0002033:cd5cc32a4303,cd5cc32a430339bac43bb47e2330b432a7267d5007fb789153858d752289bbc0,0.8847884536,d4_component_default_guard
2fjg,2fjg:0002034:12c5a13c718a,12c5a13c718a85d31503791e9f6881d5d61a1341f76e20d7764d286581acbb9c,0.5922592282,d4_component_default_guard
2fjg,2fjg:0002035:97f195d0e87c,97f195d0e87cbff2ccb38c9c664be92114fcb0cb324983691c2237be4387f5fe,0.4090909064,d4_component_default_guard
2fjg,2fjg:0002036:eac44cb6a4f4,eac44cb6a4f4eae82b6d80fb91c422780d6b15e95a9856007d48b2681ada0c06,0.6228622794,d4_component_default_guard
2fjg,2fjg:0002037:a66ed79b247f,a66ed79b247f7452cdfdd47f423922c574343ebf7fcd88e4e3daaaf4b21c7299,0.5630062819,d4_component_default_guard
2fjg,2fjg:0002038:305f9d3e6291,305f9d3e6291741a8753a4363788818cbe6fe66be3a367930474c2ae50c5b91b,0.816831708,d4_component_default_guard
2fjg,2fjg:0002039:40bfc7c963eb,40bfc7c963eb7671ac7925c454ecc747fb44bd34e99c6c087cc4142c303fc38d,0.5072007179,d4_component_default_guard
2fjg,2fjg:0002040:12f76cb9ef4a,12f76cb9ef4aeceab0554cbcda576e084e950cd9c93ab18cac70ee6a53cd61a0,0.8645364642,d4_component_default_guard
2fjg,2fjg:0002041:ce63c42c76cb,ce63c42c76cbe937ac8b085ad1fab9cee3269ef8fc1598f7bf616e5da8179942,0.5801079869,d4_component_default_guard
2fjg,2fjg:0002042:e9d6f4bcf2d2,e9d6f4bcf2d2ef721210cf8f42d241a97892e6ebaf9be5f967a142d9fb707fe9,0.434743464,d4_component_default_guard
2fjg,2fjg:0002043:d7ab74642e0c,d7ab74642e0ce62112aa71a45b4b85a8b3fd1a6b5cb45a0498dff31a29545c80,0.4378937781,d4_component_default_guard
2fjg,2fjg:0002044:41e1656c839f,41e1656c839f890d035128418922a415626ad3711a96c044f43451877d7b504c,0.1260126084,d4_component_default_guard
2fjg,2fjg:0002045:75493644abfd,75493644abfdff5cc56fce569f9674fdc36a02b432cbf6cf22097f2dd9b7d439,0.77632761,d4_component_default_guard
2fjg,2fjg:0002046:04447fec5743,04447fec5743e4e0f069eddace9132c2c5970827bfece6df8b4aca89d25d6cb7,0.3073807359,d4_component_default_guard
2fjg,2fjg:0002047:b6d5de59384a,b6d5de59384a2eae792c28a1ecc0dba63c3f1b39c56e2940dc4ae98fc576c482,0.5742574334,d4_component_default_guard
2fjg,2fjg:0002048:ab05b5dabd30,ab05b5dabd3011f9b4796663b891f465fccc5a7d0d863a2e4f67a1495cd5df4a,0.3807380795,d4_component_default_guard
2fjg,2fjg:0002049:4a3aad84adc4,4a3aad84adc49f72e560d9a6b440d835458bb1dd27748f7dcf6c0a64f8f3494c,0.5589559078,d4_component_default_guard
2fjg,2fjg:0002050:532319944f6b,532319944f6b4727b6560a1876a93dd0686e8e9ba84e4d8d79a1c6aad0e03c89,0.2871287167,d4_component_default_guard
2fjg,2fjg:0002051:c2d1eaf00960,c2d1eaf009602405aa8210862cc5a2f0d0d0106f8e257e5ec45df7ac19b8f20b,0.8361836076,d4_component_default_guard
2fjg,2fjg:0002052:599f398784de,599f398784de33d81eba0ab7ed600a722d454beae78e3f4dfb37266950b9e6a0,0.641764164,d4_component_default_guard
2fjg,2fjg:0002053:a48260c1fcaa,a48260c1fcaa6c64d4db71afb47880abc9df46eb831482f0431cc056ae3254b2,0.1741674095,d4_component_default_guard
2fjg,2fjg:0002054:df2b341fc0de,df2b341fc0dea7edf2af726b3e11bad4493e99d09f552453a849595723f32362,0.08910891414,d4_component_default_guard
2fjg,2fjg:0002055:3e86d8536be5,3e86d8536be550fbe1c387713b617d8f1130ea474d9b6a89e906b26af2407adb,0.331233114,d4_component_default_guard
2fjg,2fjg:0002056:aa3ebcb18839,aa3ebcb18839ffd86092541dab75b81e0ffa29f85d89a335c15fc96ba3afd03c,0.1386138648,d4_component_default_guard
2fjg,2fjg:0002057:13ff5b04b791,13ff5b04b791f7cbfea3b61ed0e6a72127f9b120c91ffa90d892c6a95b02fd9e,0.7232223153,d4_component_default_guard
2fjg,2fjg:0002058:c354352ad04a,c354352ad04a07bc5bbb3cad63267c0787bde4af799d02e571c009d15d7fb529,0.248424843,d4_component_default_guard
2fjg,2fjg:0002059:42de58f8b7f6,42de58f8b7f6e0b4b0417907e720fc37eed0286af2cbd7c8b09439093400e7e5,0.5477047563,d4_component_default_guard
2fjg,2fjg:0002060:60f005d21a43,60f005d21a43cf59a2747d6b63593d2ad288fa86f497557da9d9d3a64eb2be17,0.4446444511,d4_component_default_guard
2fjg,2fjg:0002061:05e7e162e68e,05e7e162e68e1ffe651483f1c8023a2d7025a4536aad1a6e783b0cc72b69fb8c,0.4801980257,d4_component_default_guard
2fjg,2fjg:0002062:1d671e86c197,1d671e86c19774197f9d5a467fec1e9dab2de546575fe7b4be9035d9f7fa1dbc,0.2416741699,d4_component_default_guard
2fjg,2fjg:0002063:ea032490f9f1,ea032490f9f1386f1e4cbf2678f3ee5d2b7c4c8043dccbd4dde56a42d6064810,0.01935193501,d4_component_default_guard
2fjg,2fjg:0002064:ddb666e2732f,ddb666e2732f3af1741c6ed117d02c91fe53d9fa4c375155561358e4e8f21fbb,0.3870387077,d4_component_default_guard
2fjg,2fjg:0002065:88fd29c1549e,88fd29c1549ec897712ec79b0e735e6bfa04264d02ff1deab0c6bb2eadf83464,0.1197119728,d4_component_default_guard
2fjg,2fjg:0002066:99faeedf1607,99faeedf1607481d60213e8d8d1fd0019e1266a748f4df15453beace013ac7c2,0.2317731827,d4_component_default_guard
2fjg,2fjg:0002067:457c6380a4c2,457c6380a4c21b851d4186087c014932dbdb1ec3d593bb9c1131bd309f9c6f4b,0.182718277,d4_component_default_guard
2fjg,2fjg:0002068:2186b87679a2,2186b87679a24ab9d851752f3123518a45a19620eaa01067c42223d1f431d2ba,0.1255625635,d4_component_default_guard
2fjg,2fjg:0002069:b2262cd316fc,b2262cd316fcc3213bca07b1634ff755bcc2d4ed1a5cee56209fd71dcd15f0bc,0.1368136853,d4_component_default_guard
2fjg,2fjg:0002070:285ebcd659c7,285ebcd659c79b1d2ce7115327cf22de8dce2b6625ff41b4f3824f630c909261,0.2637263834,d4_component_default_guard
2fjg,2fjg:0002071:bdb3cdf79975,bdb3cdf799757d3cbeae30eb97621b28a11e77dee0821e0a325511a063a9fe2a,0.7241224051,d4_component_default_guard
2fjg,2fjg:0002072:00c4941a64ce,00c4941a64ce63b82a2daa59a957cf4ae46ac8aee2f96c5f4f3e004a8ffcf83f,0.2677767873,d4_component_default_guard
2fjg,2fjg:0002073:0280dce65870,0280dce65870511cfc25e0060761dd099342605b19dcae59e55654a0a9d9be4b,0.341584146,d4_component_default_guard
2fjg,2fjg:0002074:253e646a8036,253e646a8036763448c0015860f6791e8730e3931dd65c3a7b5edc86f6f05a9c,0.1588658839,d4_component_default_guard
2fjg,2fjg:0002075:d35fdf428b87,d35fdf428b8734b1d6dfb986244baf54c188825a491d54a94fc2811ba77dfc40,0.2367236763,d4_component_default_guard
2fjg,2fjg:0002076:dcb804382f3c,dcb804382f3cff192cc64e31639aad5e013df21bbdc39d284a7b10be3fbd715b,0.3690369129,d4_component_default_guard
2fjg,2fjg:0002077:3e53c7d2facb,3e53c7d2facb23edc23d5518c50ebc7bfca45b23c880cdbc3f473bb2dd59fc39,0.5585058331,d4_component_default_guard
2fjg,2fjg:0002078:619220b9b348,619220b9b34872b3bfb3e60102e33840cdc6987e8a079b2695f8aaddd96496e4,0.4131413102,d4_component_default_guard
2fjg,2fjg:0002079:d495d6ba980d,d495d6ba980d2beb9b916f4af26ff836e4497dc7a02510d32766b1b676bfe094,0.2286228687,d4_component_default_guard
2fjg,2fjg:0002080:38a064e7b79d,38a064e7b79dc39aaa922135a66b3eb8e08ed790d84fe74b15a3ca8c1aa5e486,0.2182718217,d4_component_default_guard
2fjg,2fjg:0002081:7702d0c3b7fb,7702d0c3b7fb83b2c976a4e867a2effbf358866fa383c8f4ee0e8c6b19971ed6,0.01170117036,d4_component_default_guard
2fjg,2fjg:0002082:71d77ac8076c,71d77ac8076c250ff58d5f15da74b5f7041608e59fbd07c25f0b38ef3f103fad,0.3595859706,d4_component_default_guard
2fjg,2fjg:0002083:4640933283b2,4640933283b23a6796121545df3008c44c6bb80a88d99cf115043f33b34056ab,0.1836183667,d4_component_default_guard
2fjg,2fjg:0002084:1b9843087ee1,1b9843087ee193032eea474da8a553faa4bd300c75e4131bc0932005451b772d,0.2592259347,d4_component_default_guard
2fjg,2fjg:0002085:3e23390790d4,3e23390790d4dffadbc963639f1ef2b89ec47545a3b56eb2627b627f3c035437,0.1845184565,d4_component_default_guard
2fjg,2fjg:0002086:f94d4490a85b,f94d4490a85be0034765e3bdf78ebed6b79f7c538cf4309a103f92d234210e7c,0.3573357463,d4_component_default_guard
2fjg,2fjg:0002087:24fe09b4eb53,24fe09b4eb532c28bde7a8efba5c2f8ce643e32fa909441d6ab839e7c01a64ba,0.05715571716,d4_component_default_guard
2fjg,2fjg:0002088:10154556279f,10154556279f5cde04ec754506c0899f3fa24e611f4ca1f07e0f8e86f74434bc,0.6309630871,d4_component_default_guard
2fjg,2fjg:0002089:5ea9f2029ef3,5ea9f2029ef3edf7010fe0a84dd1109f307fad35cbea4b52c708efaf8cbd9c75,0.1953195333,d4_component_default_guard
2fjg,2fjg:0002090:8e094f83c84d,8e094f83c84d9c6fcb7b550e9486fdb93893ba9e55cd332c5f1b7144967d007b,0.9504950643,d4_component_default_guard
2fjg,2fjg:0002091:8d19a74c44aa,8d19a74c44aab34bcf63ba35f505029bae9d5cf1935e014f7cf4a0db55f37e34,0.7718271613,d4_component_default_guard
2fjg,2fjg:0002092:d9b8eb7c232a,d9b8eb7c232afce1bf875e272dde075d7b6ba3a59890ec34be059c3ad22a68e3,0.4869486988,d4_component_default_guard
2fjg,2fjg:0002093:34e2e117e1a4,34e2e117e1a48166ba9286445afebf89bddff022196121ee01d0df2049e5cc19,0.634113431,d4_component_default_guard
2fjg,2fjg:0002094:c9c315aefdc1,c9c315aefdc127928a1251127ea7d3549fc30200c172106e0a4e6586b55568d0,0.6928442717,d4_component_default_guard
2fjg,2fjg:0002095:4d42cd8a1b2e,4d42cd8a1b2eb936bb110ed2158817b5ff96178a21e28a3dd26344d1302efc27,0.9250674844,d4_component_default_guard
2fjg,2fjg:0002096:05cb2ce44877,05cb2ce4487724abf336e84c91b9daae0cf3b17162e2f7ca9e7484666bb988c1,0.7250224948,d4_component_default_guard
2fjg,2fjg:0002097:e9b646ee8968,e9b646ee8968fd373b36e5c3568f5505241e5774744c26f63cbdcab08719ceec,0.9059405923,d4_component_default_guard
2fjg,2fjg:0002098:997c2ac4264d,997c2ac4264d5beab69ca3ef58e0caa0ddbbd56362e9ba1f1fee4b88273e1f72,0.7493249178,d4_component_default_guard
2fjg,2fjg:0002099:191b65ffde5b,191b65ffde5b48c5a108600464c064b115abb2dc75fe7af9ba12386629aed7ae,0.7421241999,d4_component_default_guard
2fjg,2fjg:0002100:e6fcb2157b59,e6fcb2157b5923d016384e53ff7fcba6316d7fe38a9171fc46764c0eb33fa5f0,0.5999099612,d4_component_default_guard
2fjg,2fjg:0002101:776d92c1c1d5,776d92c1c1d5166884665f7b486a844cd4797101582f98edfa29df927e1033cf,0.4320431948,d4_component_default_guard
2fjg,2fjg:0002102:6b668f69a27b,6b668f69a27b16e23f79dc1e68ca5a5541088a7e45bc70c40ebbe055defe72cc,0.8222322464,d4_component_default_guard
2fjg,2fjg:0002103:fc7fb893235f,fc7fb893235f6b9b41115e216297fb00b7b5fa5c7a38cf054dc4b14696c3ee45,0.6314131618,d4_component_default_guard
2fjg,2fjg:0002104:787001c20bf7,787001c20bf7f188201102820bff25649fa0ed472c87dff97ca68575519fc2d5,0.3933393359,d4_component_default_guard
2fjg,2fjg:0002105:726db733ef6a,726db733ef6a7670ecb0863ed35f3fc603e8ff0a474d1f481abb3488b8d09e19,0.662466228,d4_component_default_guard
2fjg,2fjg:0002106:6ceceffc45a3,6ceceffc45a3e1f4979083ac886468ffe41dae04cd67e6ef74991bc7dc198461,0.3631863296,d4_component_default_guard
2fjg,2fjg:0002107:cae9a16b76bf,cae9a16b76bf1155ce86c8e39a5ceb824f0fd36d8c33b857decbd1d506b2996d,0.9050405025,d4_component_default_guard
2fjg,2fjg:0002108:b2100fa336f4,b2100fa336f424d28e9d20fda0fb21c1e289f72a12321aec13ac366702508935,0.5238524079,d4_component_default_guard
2fjg,2fjg:0002109:594b61431ad6,594b61431ad611b4d6432c93e21e2cfa4b1ab15e17e4f87b9165322e5fa26527,0.7223222256,d4_component_default_guard
2fjg,2fjg:0002110:ea69e71338db,ea69e71338db3186d07f07c8afe973c29e2e1e0f62da3b61f0ea3cfe248a57ac,0.2758775949,d4_component_default_guard
2fjg,2fjg:0002111:577f1f7eb9fb,577f1f7eb9fbb8d53458623bb4ec9baf450d27073cc60a79f2aef621d6c63be3,0.3271827102,d4_component_default_guard
2fjg,2fjg:0002112:b34849b92a72,b34849b92a724a0063177a33f485210a82a9d2c3eaf2ae9cf65e8224cf8d96aa,0.1746174544,d4_component_default_guard
2fjg,2fjg:0002113:c167d58306bc,c167d58306bce90ae235d6734f0629cf99a2bbb5f00953c0855115b6e44516cd,0.2434743494,d4_component_default_guard
2fjg,2fjg:0002114:5c14d7f864ea,5c14d7f864eabe72ad256bcb443c7ef9d4c6926d23d9cded0fbc84ddee45733d,0.3541854322,d4_component_default_guard
2fjg,2fjg:0002115:d77c9a8c0df0,d77c9a8c0df07c05a6177ca20346a91660adfdc5c64c81de48abbad73611deed,0.5504050255,d4_component_default_guard
2fjg,2fjg:0002116:567691a0a4c1,567691a0a4c1f1b484905866b13005dd43949aaeb804df3666c047c76ec55c2d,0.4113411307,d4_component_default_guard
2fjg,2fjg:0002117:ed1a88107802,ed1a881078028e9a5baf905b9aa93aeca74ae15abbdb56a26b1baf82feb929a0,0.2263726443,d4_component_default_guard
2fjg,2fjg:0002118:780b1a2826d6,780b1a2826d6cdf873d499eaefd97a15a9214551b5446c30d8dc75b77b2ac265,0.2155715525,d4_component_default_guard
2fjg,2fjg:0002119:9218e73132de,9218e73132de5c5ef7cd6c615f06fec5e1059e7447641c96ac0a2e72f6583b63,0.01215121523,d4_component_default_guard
2fjg,2fjg:0002120:13b30f954697,13b30f954697fe76c80a6512dbb533c28f40cf7a01904dd0c5065c1cea9653d1,0.3577857912,d4_component_default_guard
2fjg,2fjg:0002121:0718307e3195,0718307e31952ff7d4098799644f063884c9c2a2d717c156d54ea8602b421805,0.1971197128,d4_component_default_guard
2fjg,2fjg:0002122:bf37e4811248,bf37e48112489ee610216c2ab48d656b87f0a28285a6f2ea909c8a30d40ea879,0.254725486,d4_component_default_guard
2fjg,2fjg:0002123:f2738592f56d,f2738592f56d5de593c36cacb026682d2d18a82b004778c21e423d0ee84273e4,0.1647164673,d4_component_default_guard
2fjg,2fjg:0002124:1c3c4eb109ba,1c3c4eb109ba73c151eb4db068972796375b389f6149d8d6a4ace5a5a1670ad3,0.3393339217,d4_component_default_guard
2fjg,2fjg:0002125:be07050ab5b1,be07050ab5b1bae84d48acde91fe42e3b81a71c20e21ba3c89db46050afa2247,0.05580557883,d4_component_default_guard
2fjg,2fjg:0002126:c24d32cf4146,c24d32cf4146b7034053a8c4c6eb7a9ccd559b3715c5793aac81dc21be101c53,0.6471647024,d4_component_default_guard
2fjg,2fjg:0002127:bdfae4de60cb,bdfae4de60cbd785ef3bfc422f6e58efff6d02faf2c9ba555471b24b61c46635,0.1804680526,d4_component_default_guard
2fjg,2fjg:0002128:4a6c265994bd,4a6c265994bd78b8c688c4f20ac8a8b7d3779269be7c4e7e3cd1553239389b33,0.8865886331,d4_component_default_guard
2fjg,2fjg:0002129:7132e95966f4,7132e95966f4677be8646dd1c945376a9237b1c5ab944aed73e195721f07509b,0.5513051152,d4_component_default_guard
2fjg,2fjg:0002130:bad40fe81dbf,bad40fe81dbf15d806a2aea033342d8f4cdd0ddb9901953e17c99dbb70345c29,0.3154815435,d4_component_default_guard
2fjg,2fjg:0002131:0f767e696621,0f767e69662185114438cbe63e95a52e093d0156a06f5525885b7dc02bb80f5e,0.5175517797,d4_component_default_guard
2fjg,2fjg:0002132:4f9a1cedbc8f,4f9a1cedbc8fbfa23bccad28c05f3db9b69ab8a2e7baf8cec6849f10ca7acff4,0.5720071793,d4_component_default_guard
2fjg,2fjg:0002133:e2e08e763d47,e2e08e763d47d3e4a89342aecfaf4c4fab44600d0b71ee7f8ff0c8d823200e26,0.869486928,d4_component_default_guard
2fjg,2fjg:0002134:5f82d2cbb3e7,5f82d2cbb3e77de80b3c146e1dd7226711a0c741d7d2bd2ec1c2b66337e1b6f5,0.6179118156,d4_component_default_guard
2fjg,2fjg:0002135:54245157e4bd,54245157e4bd483ff35b027f6b45c4aaf2e515f5cfa1ec6fd310850e5ffb6551,0.7659766078,d4_component_default_guard
2fjg,2fjg:0002136:421ee9b034ec,421ee9b034ec6e33fceb29941ea3316c353f759ab67c6f36ae56236a9e0f72ab,0.5015751719,d4_component_default_guard
2fjg,2fjg:0002137:1f6f7f5defa0,1f6f7f5defa02d25d5a2817a3a284ca8ee8e1f8df489c113c7ac21b738f7f87b,0.6894689202,d4_component_default_guard
2fjg,2fjg:0002138:1ef9afe3882d,1ef9afe3882d0938c3716a811a8bfc3b7b831dd84d258300d71827526e45073e,0.4905490577,d4_component_default_guard
2fjg,2fjg:0002139:fb17718ae83d,fb17718ae83dcaf3add8fd74d15c2520dbbd7ef5fc47631b91d1f567cb64e25e,0.09900990129,d4_component_default_guard
2fjg,2fjg:0002140:248579d7b11a,248579d7b11ae9dc2443a45b77df3a00e2c0610ae0dae88b4dea8eaafc543581,0.7655265331,d4_component_default_guard
2fjg,2fjg:0002141:5260a1eb98fa,5260a1eb98fa8937c92b35ae2a4d7106b405995eeb5e387413a4ffe712e06af5,0.7155715823,d4_component_default_guard
2fjg,2fjg:0002142:078fb67f2c54,078fb67f2c54069061bbda565124130a1e8d453b09dcff0401c5d8f6cc8c7a85,0.8393339515,d4_component_default_guard
2fjg,2fjg:0002143:5c620324ccf9,5c620324ccf9de7f15a4e5c61eb687c0a8f9dc9a82ac06ee3ae78f9d547a68d3,0.725697577,d4_component_default_guard
2fjg,2fjg:0002144:d1c17d9b088f,d1c17d9b088fb3b0a51d32c4089de63e223d25c9fc35eae5540251c5f272e6a0,0.6444644332,d4_component_default_guard
2fjg,2fjg:0002145:09413686b20e,09413686b20effcf31edff9fe24bc9280141258be457fbf17dbc7ca8cf5e2c39,0.9509450793,d4_component_default_guard
2fjg,2fjg:0002146:87debe586d44,87debe586d44e184aa1df1689b9f88b35baf2218a7cd963c12bdf90321d8f59a,0.8663366437,d4_component_default_guard
2fjg,2fjg:0002147:75fa294d2df3,75fa294d2df30519d0bcf160d6b867ab1dcf60b848f1b23c8c94ba8b5ea66738,0.9464446306,d4_component_default_guard
2fjg,2fjg:0002148:a2c1410ce903,a2c1410ce90368cceffd1b3d8a4c24b4c18a52249c3d0ea9a751afc520880d07,0.9081908464,d4_component_default_guard
2fjg,2fjg:0002149:bbebb60bdb3a,bbebb60bdb3a7829a5e1c963f699fd7d622c105e8501683c11c64df533198ce2,0.8136813641,d4_component_default_guard
2fjg,2fjg:0002150:e914ba400cf6,e914ba400cf604b073ca0a52bcfcc2294a66e30adb970adc052d8f1f4e6a305b,0.8766876459,d4_component_default_guard
2fjg,2fjg:0002151:f66110bf32aa,f66110bf32aadc53cdfc59635749d3be0a876d754e87a006359bf4faf3e0be12,0.8469846845,d4_component_default_guard
2fjg,2fjg:0002152:2117055fcad0,2117055fcad0dc23142d31ffee725623a79bb36fc534bd4ac0f5b0cd038034a7,0.8811880946,d4_component_default_guard
2fjg,2fjg:0002153:0510fd3f9349,0510fd3f9349b6b7159f32dc16d7df0b765376d5bb800ca4751d709af9deae18,0.858235836,d4_component_default_guard
2fjg,2fjg:0002154:e84b9133a60f,e84b9133a60fcdde1759abbce81f0bfc192653df1508f57c2ec6ad69972ed21f,0.9468947053,d4_component_default_guard
2fjg,2fjg:0002155:a456c84f6dfc,a456c84f6dfcffcb20c5cde8d85b39dbe60c92771f817a9ac731839a24f232be,0.8829882741,d4_component_default_guard
2fjg,2fjg:0002156:62c67abb5ddb,62c67abb5ddbbc67d68a678712545653482dfb0db889a6e63fc6b3f52000c591,0.8573357463,d4_component_default_guard
2fjg,2fjg:0002157:e61a18f821c9,e61a18f821c9be5b2931e47dd074e41294877ba32d43401f8c0c04f9c6db1914,0.5549054742,d4_component_default_guard
2fjg,2fjg:0002158:f06e1dfdcf91,f06e1dfdcf918603ac6c55c7ae0d7d4436c2491a7b08cd40d76b9ef237914ea2,0.902790308,d4_component_default_guard
2fjg,2fjg:0002159:f64ee8b3d938,f64ee8b3d938fe1612c87979149de224f5eac60dc000fa0d85a5a77ee3ab642c,0.7115211487,d4_component_default_guard
2fjg,2fjg:0002160:5e9464448a15,5e9464448a15cac5cd335123961d87465868ecc28efe2b8d693d224f437ddbf6,0.9045904875,d4_component_default_guard
2fjg,2fjg:0002161:11cb04a05c7a,11cb04a05c7a8f973ec87cae372e5451f81bddae0aac5674202140abfcf2c885,0.7623762488,d4_component_default_guard
2fjg,2fjg:0002162:ff44b664ac12,ff44b664ac12bd2545febd706267b503fbefa35162a3b8a8622ac11359db493c,0.7884788513,d4_component_default_guard
2fjg,2fjg:0002163:e1c81c5792dd,e1c81c5792dde9d9ee02c2bfe3c9d74b1c81e3ab2e474b14581c83b78300f406,0.7182718515,d4_component_default_guard
2fjg,2fjg:0002164:8bed1219832e,8bed1219832e9e4b39370b444f30f5ea196b300bd1d5559dafdee1be70e353c9,0.9599459767,d4_component_default_guard
2fjg,2fjg:0002165:9163b2027b46,9163b2027b460dbcac501cca99f51af07fa0333a7f560a12ff0d103f3f4e416c,0.5927092433,d4_component_default_guard
2fjg,2fjg:0002166:95761f05af76,95761f05af761ab517cd7f76f39ba41f59442f9ff02a4dbe648fac2718022ad9,0.9729973078,d4_component_default_guard
2fjg,2fjg:0002167:af1533c9c38c,af1533c9c38cf918ab439aa46373b778fe3176bf7f71576c5819e8ced0da6b92,0.9171917439,d4_component_default_guard
2fjg,2fjg:0002168:d2f165667058,d2f165667058ac22e54742a0b0ef23e3bf5e9c1b16ffd70388c66a53610964e4,0.8033303618,d4_component_default_guard
2fjg,2fjg:0002169:435233a0239b,435233a0239be106381476c0cd87356e1a52ac8251ac38f42063516307634d3b,0.8942394257,d4_component_default_guard
2fjg,2fjg:0002170:3b8b37826ec6,3b8b37826ec636f853c2a451bfae5598a990ed747f7dda142629eeaf745e8760,0.9032403231,d4_component_default_guard
2fjg,2fjg:0002171:1061019df729,1061019df7297a45609412bcef4fd2c8d14c2c6c132e70c5320bc4f8af779423,0.9441944361,d4_component_default_guard
2fjg,2fjg:0002172:a8cdc691d856,a8cdc691d856e9f7a9d20350fdbb215b4aa0a2f3db45dd5d8272858181928d56,0.9000900388,d4_component_default_guard
2fjg,2fjg:0002173:0c9f9c165d8a,0c9f9c165d8a4c46497c5b92ced5f1fe9d16fde3391972f722c5d9f354c7b6dd,0.9536453485,d4_component_default_guard
2fjg,2fjg:0002174:3d28259c679f,3d28259c679fa6a2116303fb752347cde9aa284e3910ca9532da4cccd700cff7,0.8681368232,d4_component_default_guard
2fjg,2fjg:0002175:c357ac0fe3d5,c357ac0fe3d5412f7ac097031c2710a8afec0057331d805b14d85c577bcce0ec,0.9405940771,d4_component_default_guard
2fjg,2fjg:0002176:8f93ea7b8d23,8f93ea7b8d23acd30b06f3bf0fba303ce85747932b072a3c53bc3aa985b4a746,0.7547254562,d4_component_default_guard
2fjg,2fjg:0002177:6e6dac682731,6e6dac68273178cd0514f700169d3df71aa1c17bc63a5f8f528054d6345b0f6e,0.4684968591,d4_component_default_guard
2fjg,2fjg:0002178:71c729011e5b,71c729011e5b99f22ed60bf9b4fedbbdc2f99ce552b8c22b68877bbcbdeca032,0.9144914746,d4_component_default_guard
2fjg,2fjg:0002179:1be9ebae1eef,1be9ebae1eef57184d79fb81f30b549377a0957ead7922d9fa64d2ed96e51005,0.7317731977,d4_component_default_guard
2fjg,2fjg:0002180:8f5387ee560a,8f5387ee560a0237470510c56bacf319b323707a2535d1bce766ed022963de09,0.8888388872,d4_component_default_guard
2fjg,2fjg:0002181:426002ccfef1,426002ccfef13cb617a4a538502f1a4538ef45482cf40fb7f04c1d5e16e18158,0.865436554,d4_component_default_guard
2fjg,2fjg:0002182:c4f488b3e035,c4f488b3e035edd4f699ef77c389b88071806ef8af3a654265311c6d5cca1a25,0.8379837871,d4_component_default_guard
2fjg,2fjg:0002183:35e6b224261b,35e6b224261bded7a1b1652bd34bdcc76eb562b3fedd0ed8eef81ffa01883ab1,0.9675967693,d4_component_default_guard
2fjg,2fjg:0002184:c69d6921e80f,c69d6921e80fa8938f0f6ea023057d1bc3688fce6dc2f9bd357e26195f664470,0.8465346694,d4_component_default_guard
2fjg,2fjg:0002185:509670fd8ffb,509670fd8ffb5f7be63dbc2fa58424bb750eb38afb39346bf6e454102d8b8a23,0.9657965899,d4_component_default_guard
2fjg,2fjg:0002186:8d8d7b32d6f4,8d8d7b32d6f4a4f6ff47c13ccc267de7e886f60e4163e0e0f449eab979c8341d,0.8690369129,d4_component_default_guard
2fjg,2fjg:0002187:503d77e4c6ea,503d77e4c6ea593317f23d0b208c567e9fed39065ddaccfcca77d675973d108a,0.7286228538,d4_component_default_guard
2fjg,2fjg:0002188:617ed1507e92,617ed1507e925f1eec37db390cb2e695013e13642b9643a9b58acfad7a9e8ee5,0.8649864793,d4_component_default_guard
2fjg,2fjg:0002189:58b6fe14344d,58b6fe14344d11a51e3757610e734732654f8a1ddaf92de0d1809b1c0e1170f7,0.8793879151,d4_component_default_guard
2fjg,2fjg:0002190:dfee56e05f93,dfee56e05f9337fa236ff30a7d00fe3bfcba6ce87b53dadf0052cfb9cbcf4741,0.9594959617,d4_component_default_guard
2fjg,2fjg:0002191:2393affc315c,2393affc315c4bf7d5f92a8234c07e3c84bfb0217f9203b43fa7672ffb5e177d,0.8879387975,d4_component_default_guard
2fjg,2fjg:0002192:973ee7df54de,973ee7df54de48459e7fa32e719c2960f687ba50b1b98ac9ea6dedcaf3845126,0.9266426563,d4_component_default_guard
2fjg,2fjg:0002193:1c3a393b5ea3,1c3a393b5ea336a6d70589d7e39e3767bd14f09a23c8d594ce64b69d3b67497f,0.8613861203,d4_component_default_guard
2fjg,2fjg:0002194:fe59214a0da1,fe59214a0da12d7f91299cf229e1d6112ccce892c8d8c4bb8162a5917d749bb9,0.9009901285,d4_component_default_guard
2fjg,2fjg:0002195:2558eaff2cb7,2558eaff2cb71dd1e5bc0bc78e84970c4e2a9348e8828310740d8670cec8c921,0.8420342207,d4_component_default_guard
2fjg,2fjg:0002196:18b0676faa86,18b0676faa861c739bf9eae12941c7bbd166b390915a3b69aa6c012694538d3c,0.4738973975,d4_component_default_guard
2fjg,2fjg:0002197:6185f8e47aef,6185f8e47aef896d7eeb881fb8d37c3707f8d61f8ff976297e9b378701596fde,0.9293429255,d4_component_default_guard
2fjg,2fjg:0002198:f092de18b21c,f092de18b21cafec86e6cb158d9ec870e98571a9c621e91b59f3aa9f8df63e47,0.7290729284,d4_component_default_guard
2fjg,2fjg:0002199:95389dda0272,95389dda0272d50b33799ae5b6cc8f5394ce66218051aee570fc21763649e3b6,0.8366336823,d4_component_default_guard
2fjg,2fjg:0002200:1fbc58e45cc9,1fbc58e45cc926c566b28c81dcfc6123300843b8bafaddefbfdfaf84304b7b24,0.7119712234,d4_component_default_guard
2fjg,2fjg:0002201:17a5fff88196,17a5fff881967b998dedd0dad801620cf6e8c63b89a12420ce3f0d574aaca200,0.6440144181,d4_component_default_guard
2fjg,2fjg:0002202:1007c30bac28,1007c30bac282515876db59321f6cd0b630eafe6411f420b6162e98da08f4f60,0.947794795,d4_component_default_guard
2fjg,2fjg:0002203:1dbaf9caf4ff,1dbaf9caf4ffb8ff8249f6547a8809864e8a905b9e3204028cb43c5f7a312bfc,0.8739873767,d4_component_default_guard
2fjg,2fjg:0002204:7caa5088a768,7caa5088a768ff742527c8365ce10a42a07cac192b30c705d70ada872a86af9e,0.9725472331,d4_component_default_guard
2fjg,2fjg:0002205:048fe8bb5bf5,048fe8bb5bf5935c15af8deb32fd341fa5b1c6e284345cb7cc3ba9aaae5692c8,0.923492372,d4_component_default_guard
2fjg,2fjg:0002206:15e3506b2d44,15e3506b2d44951d57c1fbd4dd74b97ee59e1e0e4de5cf7136a0d2dd9597a196,0.8141314387,d4_component_default_guard
2fjg,2fjg:0002207:cc8b80880a8f,cc8b80880a8fee869d241e527cb7a958a2fb008b24174314e9c576f4429f56cc,0.8933393359,d4_component_default_guard
2fjg,2fjg:0002208:c19701d328db,c19701d328dbc7e7bdae1f516f4dae6fa1acb0dca74c7e9d4937fc437b74a911,0.9086408615,d4_component_default_guard
2fjg,2fjg:0002209:ed9735ea3e1a,ed9735ea3e1a6a81f5a0599a498e7bdc0f8296ec422773c35f21558d5dc1a169,0.9455445409,d4_component_default_guard
2fjg,2fjg:0002210:a19e293228c9,a19e293228c9ed16790f45df41a9bd641cd8754ea432601c2c4f548aabbdd0c2,0.9014401436,d4_component_default_guard
2fjg,2fjg:0002211:679753ea80aa,679753ea80aa2fb2847babdb8bab4ac21222a1c7fdaffd36551982db5235e108,0.9545454383,d4_component_default_guard
2fjg,2fjg:0002212:cac530bfc09f,cac530bfc09f05ce26c4ada6727f04869a30dc3f44c68f4853420aa5a3dc2077,0.8757875562,d4_component_default_guard
2fjg,2fjg:0002213:a0ffba311906,a0ffba311906d41657ca22ce606a9d34022e14390d062d348fd8f69a3e3cddfd,0.9387938976,d4_component_default_guard
2fjg,2fjg:0002214:c8a53cf0747d,c8a53cf0747dd9bfe53dcaac06c339151b2ab20f589b5686fa90ba7b310cfbfa,0.7398740053,d4_component_default_guard
2fjg,2fjg:0002215:da397ae83e16,da397ae83e1631ab53ac2774837df0dcba63653da183b66d4122c38254b7fda5,0.4675967693,d4_component_default_guard
2fjg,2fjg:0002216:37a99494c8db,37a99494c8db8e3eee3a0718cccbfd435d10ce044722377fd7262d8c2bae0850,0.9135913849,d4_component_default_guard
2fjg,2fjg:0002217:646eecff1389,646eecff13896153e8dc70de9382904c546c5e6eac4b284e6f75c69a9ae29ef4,0.7434743643,d4_component_default_guard
2fjg,2fjg:0002218:823281f674d6,823281f674d6a3e19606f0884559c121f7c666472c92a0d11859d8ee9d8c38d7,0.8976147771,d4_component_default_guard
2fjg,2fjg:0002219:b3c52d1f0873,b3c52d1f0873732991543c925c068eff1f9021f522fef3bad3f4017ad5a56308,0.8672367334,d4_component_default_guard
2fjg,2fjg:0002220:1ce386afb310,1ce386afb31017515e2c6017d17a273dda530d5fdc79437716d58d39e19d0d88,0.8402340412,d4_component_default_guard
2fjg,2fjg:0002221:7720a0898d03,7720a0898d039a58d68a3640b6f308f5a459871a52899597f381830ad1fdc847,0.9693969488,d4_component_default_guard
2fjg,2fjg:0002222:0d6266e5e92f,0d6266e5e92f0226e38557242cb7ea8674f1730d53e0821b1466daa4fb5f3ddd,0.8519352078,d4_component_default_guard
