dataset,row_id,sequence_sha256,log-likelihood,d4_par1_if10_policy
4d5_her2,4d5_her2:0000000:59a6084dec45,59a6084dec454cbbcf8c260cd8f62c9a2b5843dfc7d14f8602f1c07cb269f0cd,0.5154722333,if6_consensus_when_public_priors_concordant_with_d4
4d5_her2,4d5_her2:0000001:b1d9b12369fa,b1d9b12369fa6cf4ed8c3ebdb441aad428fafcb9589c8e74e5e43a501339feee,0.815776825,if6_consensus_when_public_priors_concordant_with_d4
4d5_her2,4d5_her2:0000002:d9527b41f279,d9527b41f27910ca14c5ae48188849d1494b9ee2fe5634d47483efb241bba28f,0.9599165916,if6_consensus_when_public_priors_concordant_with_d4
4d5_her2,4d5_her2:0000003:174dd51d9139,174dd51d913988e9faf75ff3fbf8a87c07144124d07162bd674e512ba647be74,0.8993105888,if6_consensus_when_public_priors_concordant_with_d4
4d5_her2,4d5_her2:0000004:e441549b6894,e441549b68946bafe21b4827c9f1d9eb57719ef1b667e455d3218f00b97ccae7,0.9519000053,if6_consensus_when_public_priors_concordant_with_d4
4d5_her2,4d5_her2:0000005:dcf00a789ee9,dcf00a789ee91f375e44f0631f50fa8a0fa66469a8d9947a2b49aa80e43c0b11,0.9687349796,if6_consensus_when_public_priors_concordant_with_d4
4d5_her2,4d5_her2:0000006:13810f5cde21,13810f5cde21d3ced5a8b209229ed809e18322086234f4b12848da0165e07458,0.2441879064,if6_consensus_when_public_priors_concordant_with_d4
4d5_her2,4d5_her2:0000007:b2003e9889de,b2003e9889de71c4d23aaa5f0e54fb9f563f5417550ff7158423988f52b59d4c,0.9037999511,if6_consensus_when_public_priors_concordant_with_d4
4d5_her2,4d5_her2:0000008:57019e5aa96f,57019e5aa96f5a731c02b11aa6928fccdcc2293cc2449227552e7da4b36baad3,0.9180696011,if6_consensus_when_public_priors_concordant_with_d4
4d5_her2,4d5_her2:0000009:256d006772ac,256d006772ac90e8cd6f3977d7c7509fd6a6fa1c6eb2bfefa17fe92ecd3a059f,0.3825557232,if6_consensus_when_public_priors_concordant_with_d4
4d5_her2,4d5_her2:0000010:08ad96b267b4,08ad96b267b480499eb4fa66398954a396f3c65a55700e09c451ebbf7dcbd26b,0.6320345998,if6_consensus_when_public_priors_concordant_with_d4
4d5_her2,4d5_her2:0000011:0aa3b3c64db7,0aa3b3c64db7de3172addfc81eaa68c890e44fad55097c78b53f76461dc4c11e,0.4003527164,if6_consensus_when_public_priors_concordant_with_d4
4d5_her2,4d5_her2:0000012:245cf6f25bbf,245cf6f25bbfeb47244991c28e110b3e67124e357c041c6520f32710b5ad32dd,0.5730319023,if6_consensus_when_public_priors_concordant_with_d4
4d5_her2,4d5_her2:0000013:38ca883f1fbf,38ca883f1fbf7e990937dd0f110c8f573334c0ee4d1ce51d4d9306406d3a3e90,0.3469617069,if6_consensus_when_public_priors_concordant_with_d4
4d5_her2,4d5_her2:0000014:8ca3fd20b5e0,8ca3fd20b5e02d7e62986eba357ccee09998a5bd1385bd2eb99ee9bf8f991ae2,0.4763507843,if6_consensus_when_public_priors_concordant_with_d4
4d5_her2,4d5_her2:0000015:fc92f23b838a,fc92f23b838af4d1acb09681a3d025601910a84aa3912b198930533aa4762627,0.719897449,if6_consensus_when_public_priors_concordant_with_d4
4d5_her2,4d5_her2:0000016:a368f5ebb6c9,a368f5ebb6c93846e56fd2ebfc26d3f272c4decad853255a6ec9338166a661f7,0.5954785943,if6_consensus_when_public_priors_concordant_with_d4
4d5_her2,4d5_her2:0000017:eba694074cb2,eba694074cb2757be1e357734e4afe521b5d000b4b0ebd05520b19493bd62f2d,0.2789802849,if6_consensus_when_public_priors_concordant_with_d4
4d5_her2,4d5_her2:0000018:3901f6f2cf98,3901f6f2cf98de8f3aeba9f850fb714f943cbbf9503efb7e1378e5d23f134c96,0.897546947,if6_consensus_when_public_priors_concordant_with_d4
4d5_her2,4d5_her2:0000019:51efefb4f1c3,51efefb4f1c3dd5283dce90ccc32a8aded3ebdb9975da19c7ff0aa9fcc60a445,0.9291326404,if6_consensus_when_public_priors_concordant_with_d4
4d5_her2,4d5_her2:0000020:4b8e0540fb6c,4b8e0540fb6c1cd9c6f009a3f95b4595a6ac205a74c2dc72e8b3666ea0074af3,0.7330448031,if6_consensus_when_public_priors_concordant_with_d4
4d5_her2,4d5_her2:0000021:2e7653eb7947,2e7653eb7947c98c05c8a33d667d1b684b145d8324520f1889f299b55b79d8bd,0.1871091872,if6_consensus_when_public_priors_concordant_with_d4
4d5_her2,4d5_her2:0000022:20a13136e6c3,20a13136e6c34cb2aeb17e2da45292c9c9dd733eb079f72dbeef7fa71e467a1b,0.4277697504,if6_consensus_when_public_priors_concordant_with_d4
4d5_her2,4d5_her2:0000023:d0c1b0168d98,d0c1b0168d9814826540310de3de7c481d337c0af7c82156a8fcaea0c2895216,0.1832612008,if6_consensus_when_public_priors_concordant_with_d4
4d5_her2,4d5_her2:0000024:034043738261,034043738261b3c100b60282625e02ff7f534a7197673c8bb812e631517af6b0,0.1625781655,if6_consensus_when_public_priors_concordant_with_d4
4d5_her2,4d5_her2:0000025:d1ffe9b15055,d1ffe9b150559717fa83a31fafb8d5ca9657c277ef28295b8a50814554d1c1b5,0.3059163094,if6_consensus_when_public_priors_concordant_with_d4
4d5_her2,4d5_her2:0000026:57f27b7ac464,57f27b7ac464600b9b7daccc0a4d180a4659ad96b7e08b9f8008a80f9bd01d77,0.2467532605,if6_consensus_when_public_priors_concordant_with_d4
4d5_her2,4d5_her2:0000027:3a714cc64422,3a714cc644227fb1632a3bc08f1329a169a53a21591b60bb76b42d35b1c7aba8,0.4203944206,if6_consensus_when_public_priors_concordant_with_d4
4d5_her2,4d5_her2:0000028:356b55f35f4e,356b55f35f4e8e47e63a3ebdfd38f2a141cd5b3a6b53fb0507a1f20f7f121d6d,0.4518197775,if6_consensus_when_public_priors_concordant_with_d4
4d5_her2,4d5_her2:0000029:c9bde4253a27,c9bde4253a27a49587738dba7dd8ecf2c81a74814d6a849468cbf617bd1b0b58,0.4547058046,if6_consensus_when_public_priors_concordant_with_d4
4d5_her2,4d5_her2:0000030:7f6b2b962d75,7f6b2b962d75a4058b0bc9872aaa4a89c2abc38ed8995f9267e3e0fec56a2783,0.5419272184,if6_consensus_when_public_priors_concordant_with_d4
4d5_her2,4d5_her2:0000031:337c50654321,337c506543217065107e6756dfc01482d4e6f5b833ae2f9428bc1f6a05a64a08,0.1853455156,if6_consensus_when_public_priors_concordant_with_d4
4d5_her2,4d5_her2:0000032:b5c823990769,b5c823990769648f43c9424cf5e204d18db61eb9919b48c456e09d235e14ad20,0.4798781574,if6_consensus_when_public_priors_concordant_with_d4
4d5_her2,4d5_her2:0000033:b7a0e6435e36,b7a0e6435e36a484b2eadb3eae4352e8bce69fe6cb6aca9d733a4891d8d31bdc,0.3336540163,if6_consensus_when_public_priors_concordant_with_d4
4d5_her2,4d5_her2:0000034:a57a99c3ea34,a57a99c3ea34ef1397cf512997cf2befb4116e432c119b772222019d69c53d4e,0.6421356201,if6_consensus_when_public_priors_concordant_with_d4
4d5_her2,4d5_her2:0000035:5dd26ad6206e,5dd26ad6206eb0ffcbb2cb29f7a685273fdf4ad24fa31a94205c6ca6ed21e2ad,0.3946609199,if6_consensus_when_public_priors_concordant_with_d4
4d5_her2,4d5_her2:0000036:f0d04f1f4635,f0d04f1f4635588abb842002624e7f5a021b87d963cdb35b53722f3c5cf4cda0,0.4185505807,if6_consensus_when_public_priors_concordant_with_d4
4d5_her2,4d5_her2:0000037:58929e2523ce,58929e2523cefe8962f8acb91b5616b12b6a040d696876822409792a0c47f22c,0.1412538141,if6_consensus_when_public_priors_concordant_with_d4
4d5_her2,4d5_her2:0000038:d7580a99a20d,d7580a99a20d58e31e7d350f8da9b3204b55517332d372695b7ead202d8438ec,0.4733044803,if6_consensus_when_public_priors_concordant_with_d4
4d5_her2,4d5_her2:0000039:f253fb3e8cc2,f253fb3e8cc203e49ed7a0661d5ae10940c82056090ee8b9aae74d10b09f4160,0.318903327,if6_consensus_when_public_priors_concordant_with_d4
4d5_her2,4d5_her2:0000040:46a9ead0654a,46a9ead0654a9173b5a4a6fd02ef60836f8cfdb235200b4383435c93e878eda0,0.8475229144,if6_consensus_when_public_priors_concordant_with_d4
4d5_her2,4d5_her2:0000041:9f3cd2830aa2,9f3cd2830aa20c391e831a45fe54627eef4902fdfe5e628f09d36d546533ca15,0.9328203201,if6_consensus_when_public_priors_concordant_with_d4
4d5_her2,4d5_her2:0000042:f1306ba58232,f1306ba582328cdc6c741d7f19043dbca15b5e68ad497ef6e6c9167a798f50d5,0.5278178453,if6_consensus_when_public_priors_concordant_with_d4
4d5_her2,4d5_her2:0000043:0a3d688af2e0,0a3d688af2e0ca16c9715bcce765a9cfdf84a2ddb05ed0e06735e6f560da64be,0.9377905726,if6_consensus_when_public_priors_concordant_with_d4
4d5_her2,4d5_her2:0000044:d09ca6a450c9,d09ca6a450c9cd26e1251e94d488300f5916a2da265af3a9f2b3399e3e438d6d,0.9621613026,if6_consensus_when_public_priors_concordant_with_d4
4d5_her2,4d5_her2:0000045:d9d3d2bf76d7,d9d3d2bf76d7a22f00d75f235a1e9d64994fb8b2b660a3bb4f4700b8a88f902c,0.7234247327,if6_consensus_when_public_priors_concordant_with_d4
4d5_her2,4d5_her2:0000046:ad74e2ac6668,ad74e2ac66686a4c301ec64d4b3a28966133b6c3928fda5cfc46df5601b4b819,0.4391534328,if6_consensus_when_public_priors_concordant_with_d4
4d5_her2,4d5_her2:0000047:c9212b6a75d9,c9212b6a75d911e2fe8c243fadfb4806c9e3e33e60637b314888baec3750ece0,0.9366682172,if6_consensus_when_public_priors_concordant_with_d4
4d5_her2,4d5_her2:0000048:aa2e3bad366a,aa2e3bad366af72ca9a341eb6cb876bdc729d41516560a357e7acbd6fc88402b,0.4345037937,if6_consensus_when_public_priors_concordant_with_d4
4d5_her2,4d5_her2:0000049:1acbb1217159,1acbb121715949bfdb55e686cedb4ba9002d22f524239f4c6d2a775b3a47a787,0.526535213,if6_consensus_when_public_priors_concordant_with_d4
4d5_her2,4d5_her2:0000050:a6a88ba9f52e,a6a88ba9f52eea67103a2d9ac85019483779378d5aa17777352f8e371cacecf0,0.3540163934,if6_consensus_when_public_priors_concordant_with_d4
4d5_her2,4d5_her2:0000051:84682994912f,84682994912f3cd334fee75e56087e41628def8fffc4b5341d9999d5ee5fce40,0.2948532999,if6_consensus_when_public_priors_concordant_with_d4
4d5_her2,4d5_her2:0000052:c3386146a9c5,c3386146a9c54c008246f9ccc1a8e786cacb99d4fa1a75465dabac6bc6bdf49c,0.7019400597,if6_consensus_when_public_priors_concordant_with_d4
4d5_her2,4d5_her2:0000053:877fb106ecfa,877fb106ecfa7fb85a49f870a87a099c40280a0da38a3f3c083af3f113a8da03,0.1425364763,if6_consensus_when_public_priors_concordant_with_d4
4d5_her2,4d5_her2:0000054:36709cc3447f,36709cc3447fbf9a34caa95af8b0f1e6500a1f5d5a73bf3c19d038e0180b5eb8,0.05932338908,if6_consensus_when_public_priors_concordant_with_d4
4d5_her2,4d5_her2:0000055:7d31244d8c6e,7d31244d8c6e90dede1a9cc958ae1243dad7ae13255b7b6617a0c28cd138684b,0.4875741899,if6_consensus_when_public_priors_concordant_with_d4
4d5_her2,4d5_her2:0000056:543fe03eb3bf,543fe03eb3bfa16e9fd680068e44435b77f7b4cf712bd01678529e908c74129d,0.4252044261,if6_consensus_when_public_priors_concordant_with_d4
4d5_her2,4d5_her2:0000057:ac4d39b08d8a,ac4d39b08d8a29bcb6530fb330ed30280aacd5969400315f62353a0537199919,0.3976270854,if6_consensus_when_public_priors_concordant_with_d4
4d5_her2,4d5_her2:0000058:f1cb0bc9e007,f1cb0bc9e007587e0acb2efc1b1525cc8ecdd688e6b67f4a33a7ed78d71280fa,0.6998557448,if6_consensus_when_public_priors_concordant_with_d4
4d5_her2,4d5_her2:0000059:6e96486dc86c,6e96486dc86c5d7c61778fb295db2de00ef045a1c90526325570ee075a36ef34,0.190476194,if6_consensus_when_public_priors_concordant_with_d4
4d5_her2,4d5_her2:0000060:cc6ffc09e5c8,cc6ffc09e5c85413b0dd0ce9ca6c8cdc35db0a70324c0846d862a737e45d2009,0.9385922551,if6_consensus_when_public_priors_concordant_with_d4
4d5_her2,4d5_her2:0000061:cbb9530f3211,cbb9530f32118c4d90da1155e862c7e52ee49cebecfddd908f9ff5fc4f9fb1ea,0.9347442985,if6_consensus_when_public_priors_concordant_with_d4
4d5_her2,4d5_her2:0000062:8363354512b2,8363354512b2ff3c5fc3a16f1362fb768aa6467fdf93ea97c74e4b4aac8062d7,0.5951579213,if6_consensus_when_public_priors_concordant_with_d4
4d5_her2,4d5_her2:0000063:37f56e8971a3,37f56e8971a32183e7009fac7c0e370458d5aeda1f724dbc5d84066ed4256dbe,0.4298541248,if6_consensus_when_public_priors_concordant_with_d4
4d5_her2,4d5_her2:0000064:7d58e36e97af,7d58e36e97afe7d47f028833ea0f5f59505ec19ee8e1f957c3b0411687c10e15,0.2773769796,if6_consensus_when_public_priors_concordant_with_d4
4d5_her2,4d5_her2:0000065:06fcb50a8baa,06fcb50a8baa59e6613cf4319441a6730a5369ac661151a3d7f12e128811d0d5,0.6926407218,if6_consensus_when_public_priors_concordant_with_d4
4d5_her2,4d5_her2:0000066:4eaded0e6972,4eaded0e6972b690b9d49fd3893cf5bedda6147b3a3407dd8f4bb9e6842ba40b,0.1548821479,if6_consensus_when_public_priors_concordant_with_d4
4d5_her2,4d5_her2:0000067:d647f666641a,d647f666641abadff4a30b6d009b7794faba2c767ddfbc703a79b8258fb11127,0.2316818982,if6_consensus_when_public_priors_concordant_with_d4
4d5_her2,4d5_her2:0000068:a7ca1d87d050,a7ca1d87d050f5caf4cbdc816ff863e8f967a720176c571d3ec4bd3662266968,0.3756613731,if6_consensus_when_public_priors_concordant_with_d4
4d5_her2,4d5_her2:0000069:5b14b6b1ff5b,5b14b6b1ff5b40eb27cbd01c9da13d4915d515d3f25a8e49403cf4caa5cc31b4,0.4715408087,if6_consensus_when_public_priors_concordant_with_d4
4d5_her2,4d5_her2:0000070:2ad585ca4b2f,2ad585ca4b2f0e54fddbea8eae20504697524fe8eac8960b9f57b7f3a990a985,0.6131954193,if6_consensus_when_public_priors_concordant_with_d4
4d5_her2,4d5_her2:0000071:99dbc3536d05,99dbc3536d05ecf9f189d35c484d554220147c42237303683d870e1d88106d1e,0.7707231045,if6_consensus_when_public_priors_concordant_with_d4
4d5_her2,4d5_her2:0000072:936af3325e01,936af3325e013449570cd4c9e861db134dea1c36eeab1abafab6f7daed3ef2bd,0.3490460217,if6_consensus_when_public_priors_concordant_with_d4
4d5_her2,4d5_her2:0000073:bda95f297ece,bda95f297ece691641981e202e73a9ab301209c3b0750a695b89a40dee46fa1c,0.6632996202,if6_consensus_when_public_priors_concordant_with_d4
4d5_her2,4d5_her2:0000074:304a528f16b4,304a528f16b4ce93a8ae2564ad641cc843aa4d133b6dd87764d28974c347e017,0.4465287924,if6_consensus_when_public_priors_concordant_with_d4
4d5_her2,4d5_her2:0000075:79fd2da7cb4f,79fd2da7cb4ff7667795f3cef7feec4971c732424f8dae5408357a9024d452c0,0.570466578,if6_consensus_when_public_priors_concordant_with_d4
4d5_her2,4d5_her2:0000076:0f78848237ec,0f78848237ec3158379abad2e0a3ad9dfd9c0b43bd2bf31271065735d7c03120,0.4550264776,if6_consensus_when_public_priors_concordant_with_d4
4d5_her2,4d5_her2:0000077:38c706adb035,38c706adb035a47fc5cb03f8cbee3b89c68c23ab874addb15308b923b28eb4fc,0.25621292,if6_consensus_when_public_priors_concordant_with_d4
4d5_her2,4d5_her2:0000078:e0912d85847c,e0912d85847c7df39f42e45c080ef23f5f7ce725f5858cd0a812e2b0906a6dd5,0.3995510638,if6_consensus_when_public_priors_concordant_with_d4
4d5_her2,4d5_her2:0000079:7091516e475e,7091516e475ea642d17a30712814fd953ec8ecd81c564217460150943dc3d1de,0.4630431235,if6_consensus_when_public_priors_concordant_with_d4
4d5_her2,4d5_her2:0000080:b3cb82694027,b3cb826940272ef8540154d3747d291c1be3bc65d08ffe49321d80b94740ba70,0.9244830012,if6_consensus_when_public_priors_concordant_with_d4
4d5_her2,4d5_her2:0000081:c5d56f7c761f,c5d56f7c761f5bdd244b9c8db24a35ebb70a94cad36bfe15d91f6c071ab66992,0.9259259105,if6_consensus_when_public_priors_concordant_with_d4
4d5_her2,4d5_her2:0000082:1a5fe427922d,1a5fe427922da3bd26b6b4eff2c439cf97e8e8a735220147d1345ab0ddb43fe7,0.8581048846,if6_consensus_when_public_priors_concordant_with_d4
4d5_her2,4d5_her2:0000083:1acb744e0bbb,1acb744e0bbb4659079454f133d104bc5a278d167418fba42cac8af539829fb7,0.4877344668,if6_consensus_when_public_priors_concordant_with_d4
4d5_her2,4d5_her2:0000084:717569ba4359,717569ba4359cc6bef69f467d0e7ad811079a640650cfaabeb05b4825d772ff9,0.9068462849,if6_consensus_when_public_priors_concordant_with_d4
4d5_her2,4d5_her2:0000085:f9c3305b9802,f9c3305b98020fb019435b84e99c747b5fd6dd480bac0151fab145f41ba145c7,0.9515792727,if6_consensus_when_public_priors_concordant_with_d4
4d5_her2,4d5_her2:0000086:9e3be7fdf607,9e3be7fdf607986938df5b09457e7317fa65a781b54fd257a871793d48b91437,0.9215969443,if6_consensus_when_public_priors_concordant_with_d4
4d5_her2,4d5_her2:0000087:1413cbd96f1a,1413cbd96f1aebc44268684dac9e2f2229701e78b6f97579cf6dd824f21cf7a7,0.8443161845,if6_consensus_when_public_priors_concordant_with_d4
4d5_her2,4d5_her2:0000088:ffe7c38712d4,ffe7c38712d45e21c8f90be874537e32639678b78eee940a9f90592ef39e1fce,0.7101171017,if6_consensus_when_public_priors_concordant_with_d4
4d5_her2,4d5_her2:0000089:508f2afbc7ad,508f2afbc7ad94d2cdcb55008e0fe2c33ff88ef7cf1fa12e2f124db423d1d998,0.4381914139,if6_consensus_when_public_priors_concordant_with_d4
4d5_her2,4d5_her2:0000090:e8e5ff778ed4,e8e5ff778ed4a1560b3dc50af9093263b8996d3bae1053b3392717934bd09a8b,0.6472663283,if6_consensus_when_public_priors_concordant_with_d4
4d5_her2,4d5_her2:0000091:899c9243fe90,899c9243fe90f5cd61e2f07cfeaa97a0ed36d5ac139b1c999d0a02a1b8833d0e,0.6002885699,if6_consensus_when_public_priors_concordant_with_d4
4d5_her2,4d5_her2:0000092:666a86a3a5b5,666a86a3a5b59763d6c64afd905e403a548e5a8092af79ab2ea6fdb731b9a7e7,0.9283308983,if6_consensus_when_public_priors_concordant_with_d4
4d5_her2,4d5_her2:0000093:f1adb7739744,f1adb77397441ffb4d9a8c09b952ab3e0bffb071a341231aa9710420a1adaf74,0.9409973025,if6_consensus_when_public_priors_concordant_with_d4
4d5_her2,4d5_her2:0000094:e07e6b61f0ae,e07e6b61f0aefcdde5e2d9494dc4a80d2eef8c8938c5b37f2b33492d57e601da,0.9491742253,if6_consensus_when_public_priors_concordant_with_d4
4d5_her2,4d5_her2:0000095:825c7769e757,825c7769e757f549cbac9ab1ca985890cda9980a0c28ffaacdd308335278a1e5,0.9446849823,if6_consensus_when_public_priors_concordant_with_d4
4d5_her2,4d5_her2:0000096:713e43b70bf9,713e43b70bf99014f028dd784ba96cbafa146cab4b45ace1c6dfb1c59aa7f1c4,0.9360269904,if6_consensus_when_public_priors_concordant_with_d4
4d5_her2,4d5_her2:0000097:b0cb8f02ce1f,b0cb8f02ce1f3e9c9dad96b7f411d52af98df4d1194b318ed29fdf01b20694b8,0.9653679729,if6_consensus_when_public_priors_concordant_with_d4
4d5_her2,4d5_her2:0000098:d8c894a0f8f0,d8c894a0f8f0aeb14e480c6f623a0caef0ba168215c25fb4a094d40a16f31f48,0.9735450149,if6_consensus_when_public_priors_concordant_with_d4
4d5_her2,4d5_her2:0000099:9742f61dd5c0,9742f61dd5c043e57dedcbde1a2f9766131547ac83e95d8d759036b3465df52c,0.9352252483,if6_consensus_when_public_priors_concordant_with_d4
4d5_her2,4d5_her2:0000100:4497f0f9a487,4497f0f9a4871bfacd3096cbb0bf7c26d1a39d2ebc46ac9c587821791672e7a5,0.9281706214,if6_consensus_when_public_priors_concordant_with_d4
4d5_her2,4d5_her2:0000101:9157d2f912c4,9157d2f912c4ed0a941eb21550e6a1a6f72ef9fea6796792b16630132ba5c537,0.9167869091,if6_consensus_when_public_priors_concordant_with_d4
4d5_her2,4d5_her2:0000102:279df9fd149c,279df9fd149c1f6b74474b9065e62978eda56acecf4094d1a48358edd8afcd71,0.9546256065,if6_consensus_when_public_priors_concordant_with_d4
4d5_her2,4d5_her2:0000103:5590d1aeeccb,5590d1aeeccb0a8df5d9dc42878ac36d0110d1b5f9a04b840e44e96d411770e3,0.9475709796,if6_consensus_when_public_priors_concordant_with_d4
4d5_her2,4d5_her2:0000104:a3b035d3d357,a3b035d3d3574eb7243e6ea1b37912dcb5c229ae59eabdb02beee9d3031dd8f5,0.9660093188,if6_consensus_when_public_priors_concordant_with_d4
4d5_her2,4d5_her2:0000105:c16fdeeb858b,c16fdeeb858bf217a5a8abd417b9b9237d606b87508e60853427e9a535860e09,0.8120891452,if6_consensus_when_public_priors_concordant_with_d4
4d5_her2,4d5_her2:0000106:c53c07851e4e,c53c07851e4edbce59f869fa64ee48479f6e119414e5176fb7c83283c80e074b,0.9594356418,if6_consensus_when_public_priors_concordant_with_d4
4d5_her2,4d5_her2:0000107:8282994c902a,8282994c902a58188b6d7b6050a91f2347227ceb64f3424c99b845b529f1c51a,0.9605579376,if6_consensus_when_public_priors_concordant_with_d4
4d5_her2,4d5_her2:0000108:6bf2f8274b0b,6bf2f8274b0bd0c281d82aab7f4caa99aff66bd3a98f43a56817e5491d91b80d,0.8909732699,if6_consensus_when_public_priors_concordant_with_d4
4d5_her2,4d5_her2:0000109:1c07ce791357,1c07ce7913570f2868e477ca829dd771bf4273d8a5e2dd0fcf4d1e66ac752b67,0.8548982143,if6_consensus_when_public_priors_concordant_with_d4
4d5_her2,4d5_her2:0000110:34f70af6c609,34f70af6c60936186b85b1eedea191761ef6f94f63ba0a49bb51b7b0d5d66563,0.9430816174,if6_consensus_when_public_priors_concordant_with_d4
4d5_her2,4d5_her2:0000111:c66b75aa739c,c66b75aa739c1ae7c33d9c80f58e699d350d6ba9f71ca9677beb3c93251d24d8,0.932980597,if6_consensus_when_public_priors_concordant_with_d4
4d5_her2,4d5_her2:0000112:bcd98a14ee40,bcd98a14ee4016839410f1314c9c5ad16594fb4199847f86d30d4c247f13ea92,0.9185505509,if6_consensus_when_public_priors_concordant_with_d4
4d5_her2,4d5_her2:0000113:081df1816c9f,081df1816c9f06f06b53a9395ded9322f13a9fe3d7d1bbab32f337d55d99086c,0.9389129281,if6_consensus_when_public_priors_concordant_with_d4
4d5_her2,4d5_her2:0000114:bbf163a8edb0,bbf163a8edb02a635bb0517cda63199814953f7693cbf4403b4205b705c65543,0.9743466377,if6_consensus_when_public_priors_concordant_with_d4
4d5_her2,4d5_her2:0000115:fc74bf4a4baf,fc74bf4a4bafed27f9dce48811308fced2efbef9f96e35535c5a4173654fd877,0.91213727,if6_consensus_when_public_priors_concordant_with_d4
4d5_her2,4d5_her2:0000116:244c5d330533,244c5d330533b691b397d4e8495eb05c69ef8bc60d29bb4887e43162de087e0c,0.932659924,if6_consensus_when_public_priors_concordant_with_d4
4d5_her2,4d5_her2:0000117:d400e99a7556,d400e99a755673a3e9a778f665d33a5bce3f9df5bad4b4d5090e30b75c115580,0.9350649714,if6_consensus_when_public_priors_concordant_with_d4
4d5_her2,4d5_her2:0000118:f302a53ff2f9,f302a53ff2f9d0f3fcc256ef6a81ae1eeb19ee68fc6bb084e5ae7ecacd76f39e,0.9442039132,if6_consensus_when_public_priors_concordant_with_d4
4d5_her2,4d5_her2:0000119:566f31c18f55,566f31c18f5587f09433baa1ecea0522fc2d105a58d15bc77fdee51bf24ce136,0.9469296336,if6_consensus_when_public_priors_concordant_with_d4
4d5_her2,4d5_her2:0000120:50ac9b723c7a,50ac9b723c7a2db9e9f2a1b2469ef1ee2b6a72f3ae15e51cfb2a8dd6f30ea9b0,0.9304153323,if6_consensus_when_public_priors_concordant_with_d4
4d5_her2,4d5_her2:0000121:0db3619d5457,0db3619d545719908d2752d0126fed85aeba0e1febdaa6d8574c83909f4978e2,0.9576719403,if6_consensus_when_public_priors_concordant_with_d4
4d5_her2,4d5_her2:0000122:a1cdd41904ca,a1cdd41904caefc13a9a38d16fe1dbfb8102c2b509827fc0ea8e5b1dda38d7d1,0.9501362443,if6_consensus_when_public_priors_concordant_with_d4
4d5_her2,4d5_her2:0000123:41d4016644b6,41d4016644b6995bc1b562351c4072c6a795b03ccaab0437194a6f8ec6866494,0.9636042714,if6_consensus_when_public_priors_concordant_with_d4
4d5_her2,4d5_her2:0000124:d9e13447b8a4,d9e13447b8a4ee73e71735a6f0da812607c858ef06792cea9893bf2a85e2f0eb,0.9350649714,if6_consensus_when_public_priors_concordant_with_d4
4d5_her2,4d5_her2:0000125:f1b30c4e9ba2,f1b30c4e9ba2c0ffb91633a2e4139eeecc6d74fc14404a324ef9cfd5b83d708d,0.9209555984,if6_consensus_when_public_priors_concordant_with_d4
4d5_her2,4d5_her2:0000126:b9d8b4d8488e,b9d8b4d8488ed34fa85c5ef47d8ff22c4cb946c82e82a1a0c57ad57f09d7086f,0.9270482659,if6_consensus_when_public_priors_concordant_with_d4
4d5_her2,4d5_her2:0000127:12176a7b6a13,12176a7b6a133940bf94b2c3186bdb3315230ae4e033dbe78867d0dab5c2e24e,0.9223985672,if6_consensus_when_public_priors_concordant_with_d4
4d5_her2,4d5_her2:0000128:fea6ecf9f4f5,fea6ecf9f4f5a69bf79ce91230fea92f06f055ba078332f7cf536182ffe53e8b,0.9182298779,if6_consensus_when_public_priors_concordant_with_d4
4d5_her2,4d5_her2:0000129:9e2268c7f415,9e2268c7f415b0615c08e4d040c7ff373b37f70e180b931ac006bf9cafe2ffe1,0.9081289172,if6_consensus_when_public_priors_concordant_with_d4
4d5_her2,4d5_her2:0000130:570a30bf7111,570a30bf711129efad98f41e8a26c1ee0613e700369f6f70f864ea0d71be7830,0.9459676743,if6_consensus_when_public_priors_concordant_with_d4
4d5_her2,4d5_her2:0000131:a8006ca1ae2f,a8006ca1ae2ff9f206eab0000e316a624c2f5292bc41406f376cf917729cfe9a,0.9393939376,if6_consensus_when_public_priors_concordant_with_d4
4d5_her2,4d5_her2:0000132:81d6a55804b5,81d6a55804b5925dfaeb0cde8b7052c4710940dc9b3a0d141beabd648c2dc25d,0.9559082985,if6_consensus_when_public_priors_concordant_with_d4
4d5_her2,4d5_her2:0000133:bbd93bb84f5a,bbd93bb84f5a5ccae4f8f69c47d8efee873567e4ff4498b2d17b9d5759844d88,0.903318882,if6_consensus_when_public_priors_concordant_with_d4
4d5_her2,4d5_her2:0000134:95ee66a25df6,95ee66a25df679bd1c5455c19962d1b97effe39ca88a0a58136c562d9abde461,0.8122494817,if6_consensus_when_public_priors_concordant_with_d4
4d5_her2,4d5_her2:0000135:68510c2516c3,68510c2516c37bc4c16b93d6e2fbb9e723061d264e64d18fea6764d2ee2b7d08,0.7242264152,if6_consensus_when_public_priors_concordant_with_d4
4d5_her2,4d5_her2:0000136:4a8c92ed388d,4a8c92ed388d1d7f7d0507365728f1978f0842ff3f5fee7bc3e7d9597f6e1b8c,0.5074555278,if6_consensus_when_public_priors_concordant_with_d4
4d5_her2,4d5_her2:0000137:3144062e20f4,3144062e20f4c25cc0c6d9503024ea1106001d24f690b5931c27d7f9cd9b341b,0.713323772,if6_consensus_when_public_priors_concordant_with_d4
4d5_her2,4d5_her2:0000138:efe341917e1f,efe341917e1f8bbff071d706c006b3a167950cf0e0315000a451a4ffad1504df,0.8685265183,if6_consensus_when_public_priors_concordant_with_d4
4d5_her2,4d5_her2:0000139:326dbc1fb110,326dbc1fb110791560825ae569cc8a94d6b941f2267eed881014a557307e669d,0.4814814627,if6_consensus_when_public_priors_concordant_with_d4
4d5_her2,4d5_her2:0000140:308cb9092e78,308cb9092e786c6566995db9c66cdc1d1590091a60f11441199703989b55e15f,0.7173320651,if6_consensus_when_public_priors_concordant_with_d4
4d5_her2,4d5_her2:0000141:32a12bceb934,32a12bceb934ee9949a5c0d3f9591d6b0d8a0f8932f18820852141042be3913b,0.4087702334,if6_consensus_when_public_priors_concordant_with_d4
4d5_her2,4d5_her2:0000142:a07b276094d0,a07b276094d02e6e3257f388d355f27f76453a1d7cd9a2bc722d95c4bf404228,0.5496231914,if6_consensus_when_public_priors_concordant_with_d4
4d5_her2,4d5_her2:0000143:2745232dd986,2745232dd98638d2fdbe2855e5b52bfd8cd59635c837efe28342e10a4cb20563,0.1409331411,if6_consensus_when_public_priors_concordant_with_d4
4d5_her2,4d5_her2:0000144:ef280b282a70,ef280b282a70c0c1ad9f62814d313d52d8f2da16aa3630e4accd1fac6daea6f4,0.3336540163,if6_consensus_when_public_priors_concordant_with_d4
4d5_her2,4d5_her2:0000145:fc31f7bebd1d,fc31f7bebd1d13eff944719c63d961c8721c6419b4b8ab87c25e7d90eb683105,0.5210838318,if6_consensus_when_public_priors_concordant_with_d4
4d5_her2,4d5_her2:0000146:555a77af694b,555a77af694b46f0f7de4b24d3d4b2f8d9e8046dbe8e8d4079f510ebd47adc54,0.5234888792,if6_consensus_when_public_priors_concordant_with_d4
4d5_her2,4d5_her2:0000147:ff81ab7ddb92,ff81ab7ddb92becccd167536925fc7c152fa970eecf41819dab679c1c365c114,0.1290684789,if6_consensus_when_public_priors_concordant_with_d4
4d5_her2,4d5_her2:0000148:f78dc6c81e68,f78dc6c81e68770fd1747f6bd3d168e1d1c0bab00bd1356e1e96f2f18959ca2b,0.9350649714,if6_consensus_when_public_priors_concordant_with_d4
4d5_her2,4d5_her2:0000149:48c9701f457c,48c9701f457c542f431c91c813aedc5078ed5fb6db55998d93ba746256fd5814,0.6674683094,if6_consensus_when_public_priors_concordant_with_d4
4d5_her2,4d5_her2:0000150:b53bc812465c,b53bc812465c8bf513d778c4ae17ce642a52eea58294f1d524984f2de5152e0e,0.2691999376,if6_consensus_when_public_priors_concordant_with_d4
4d5_her2,4d5_her2:0000151:3d94def11606,3d94def11606f55b41d4fb17bb6ae9f79119dd88a218682707fba8a1c4ec8ee0,0.4457271099,if6_consensus_when_public_priors_concordant_with_d4
4d5_her2,4d5_her2:0000152:f59196199a48,f59196199a48a35098a6c0f58330e96a248fe826a04566850d35a511afe79f61,0.9166266322,if6_consensus_when_public_priors_concordant_with_d4
4d5_her2,4d5_her2:0000153:1a1efbe37f27,1a1efbe37f2788d9fe7bd4ba7d502497558d33a8a6c12217db26e77fa03341d5,0.4984768331,if6_consensus_when_public_priors_concordant_with_d4
4d5_her2,4d5_her2:0000154:e42f7ea96c70,e42f7ea96c70ce7f72a757ba4e6322b45238be8a47056dde18928af73d5d9fcf,0.7162097096,if6_consensus_when_public_priors_concordant_with_d4
4d5_her2,4d5_her2:0000155:1b9ea49fd462,1b9ea49fd4621cf2ba41b2ed1a756004ad927f1652dd7c08c6aeda7977b3002c,0.3439153433,if6_consensus_when_public_priors_concordant_with_d4
4d5_her2,4d5_her2:0000156:8f67bb307ab8,8f67bb307ab8abc765a3cf44ecad9c80d57112dbc52c73e78f9b142fea48de57,0.9777136445,if6_consensus_when_public_priors_concordant_with_d4
4d5_her2,4d5_her2:0000157:8cdbe4b265ed,8cdbe4b265edd7e344d70e5afedf491cf2bbc9994890a67b061167516297f7ae,0.9862112999,if6_consensus_when_public_priors_concordant_with_d4
4d5_her2,4d5_her2:0000158:0bdd9ee88a0d,0bdd9ee88a0dd01c3b0765f881d60007dc8e82d38e3c8d0eed6258a14f28f618,0.8112874031,if6_consensus_when_public_priors_concordant_with_d4
4d5_her2,4d5_her2:0000159:a0b53b0e0b5b,a0b53b0e0b5bf034a2f5bf2279cc80ea49fb081f5f2f8f4253235da6d8b59559,0.613756597,if6_consensus_when_public_priors_concordant_with_d4
4d5_her2,4d5_her2:0000160:975ea7e2afed,975ea7e2afed7a9920edbb49c709e06e43e5abcbb0f3252c6058f615b3db72dd,0.9318582416,if6_consensus_when_public_priors_concordant_with_d4
4d5_her2,4d5_her2:0000161:f3b993eb9ad9,f3b993eb9ad914e6a06c07dafc70df8631a20edbcead5cb4688333ed0ac488a3,0.918390274,if6_consensus_when_public_priors_concordant_with_d4
4d5_her2,4d5_her2:0000162:625fd8780864,625fd8780864f9c3588425b2afb41c6e01a8c851d07c7426e9c02a547c636fd2,0.9238416553,if6_consensus_when_public_priors_concordant_with_d4
4d5_her2,4d5_her2:0000163:3bd6bae11873,3bd6bae118739d61236a3c8e8c091f1097aa345da3e5e823285c5a6ce00d2397,0.7939714789,if6_consensus_when_public_priors_concordant_with_d4
4d5_her2,4d5_her2:0000164:b0c2a55d1256,b0c2a55d1256d4242a2a56cdb2f802ca8a2f32aef615605558fe555e65abcdf6,0.8864839077,if6_consensus_when_public_priors_concordant_with_d4
4d5_her2,4d5_her2:0000165:e719d020bfd0,e719d020bfd09cb87afefb9c4cca3afc80f32fa31c56593f80187a7f93eae77e,0.9212762713,if6_consensus_when_public_priors_concordant_with_d4
4d5_her2,4d5_her2:0000166:c4abd8ad7253,c4abd8ad7253b2127e546d599bc2e10c246c898aec9c3ad0d9cd251397975fc2,0.8616321683,if6_consensus_when_public_priors_concordant_with_d4
4d5_her2,4d5_her2:0000167:51b4cb77adb8,51b4cb77adb8df2f1d309fdefb71a465c4b8d3d802241fad66abf4b6c440b72e,0.9430816174,if6_consensus_when_public_priors_concordant_with_d4
4d5_her2,4d5_her2:0000168:14dcae3520d3,14dcae3520d36e2f2c7d109a7749ced04250acdda3da4f2005c420549082fd37,0.9498155713,if6_consensus_when_public_priors_concordant_with_d4
4d5_her2,4d5_her2:0000169:5ae804b6e887,5ae804b6e8874fb9ae40bf5e30b2909b5c5a8aea20d7c6f333cff8b910c5a961,0.9445245862,if6_consensus_when_public_priors_concordant_with_d4
4d5_her2,4d5_her2:0000170:4fb05e3f681e,4fb05e3f681e817a8e87993fc8d9edf808eaa3b146a9517bae1cd5c19def7273,0.9474105835,if6_consensus_when_public_priors_concordant_with_d4
4d5_her2,4d5_her2:0000171:b8f622c7ee51,b8f622c7ee514646e4bed45821d463a1fd458a1c1ead9aa948b6b05162907c1b,0.9392336011,if6_consensus_when_public_priors_concordant_with_d4
4d5_her2,4d5_her2:0000172:ca0fab782e39,ca0fab782e3908a419d962c6c0b0f6142a5ba89e5c9b973603f4e35074e0f0b2,0.9669712186,if6_consensus_when_public_priors_concordant_with_d4
4d5_her2,4d5_her2:0000173:c65be1d0a342,c65be1d0a34233c3260d2b9443de89a5981cc0b36c599018b07d1f2ec8d87a01,0.9597563148,if6_consensus_when_public_priors_concordant_with_d4
4d5_her2,4d5_her2:0000174:b3b6c75a3fbd,b3b6c75a3fbd08315b8253f363ed389f6eeeaaed66a165c4a0c470aae8e7214e,0.9727432728,if6_consensus_when_public_priors_concordant_with_d4
4d5_her2,4d5_her2:0000175:b074679f773d,b074679f773dfa539932eaf062e12e482cc47b247bb7069f101276dcf9e45fd8,0.924803555,if6_consensus_when_public_priors_concordant_with_d4
4d5_her2,4d5_her2:0000176:fe4ea3397126,fe4ea339712630a4e3c1b694ff5e027410a8c072aa1943da0406f205631e4b4d,0.9442039132,if6_consensus_when_public_priors_concordant_with_d4
4d5_her2,4d5_her2:0000177:02c0710ba904,02c0710ba9047b4b6d3e18148c9eed954fd1b0b665e24025d22ec8cd07b8b784,0.8120891452,if6_consensus_when_public_priors_concordant_with_d4
4d5_her2,4d5_her2:0000178:a0748eebd509,a0748eebd5092379228dab713b9a5273fcc87ab533fe7365fc8bf6ffcc471baf,0.836940825,if6_consensus_when_public_priors_concordant_with_d4
4d5_her2,4d5_her2:0000179:bbfacf2e7bfd,bbfacf2e7bfd85eb308a51766e271befb57d30266fad3eb7e2b969ecdcdc8473,0.8710918427,if6_consensus_when_public_priors_concordant_with_d4
4d5_her2,4d5_her2:0000180:6bcc76135c3b,6bcc76135c3ba1b7951ad28c1b1881861d2f61ac97bbbae641da8b280abd1160,0.8943402767,if6_consensus_when_public_priors_concordant_with_d4
4d5_her2,4d5_her2:0000181:e891339593ea,e891339593ea1b31030e076b897bdf7ae3bca4c86312bdf368fae79b1c3b554e,0.8672438264,if6_consensus_when_public_priors_concordant_with_d4
4d5_her2,4d5_her2:0000182:6f7a0009d463,6f7a0009d463de42f37002b432301e2f1d679fbe836e0f35ef5b3e17430020ed,0.9275292754,if6_consensus_when_public_priors_concordant_with_d4
4d5_her2,4d5_her2:0000183:28ddb514abb3,28ddb514abb3b8bc8681f939593246fc8f631d3e7b269bd2a631c82a11a95901,0.9057238698,if6_consensus_when_public_priors_concordant_with_d4
4d5_her2,4d5_her2:0000184:f597ef86aaac,f597ef86aaac02fd323f80b8270ac40fd680c17bc52f2065ef7944d03867dca8,0.9013949037,if6_consensus_when_public_priors_concordant_with_d4
4d5_her2,4d5_her2:0000185:08d2f4b7556d,08d2f4b7556d2fbdde89a1c337ac7bd599d0aa0741fe9297e2a7dd392afa64d8,0.9312169552,if6_consensus_when_public_priors_concordant_with_d4
4d5_her2,4d5_her2:0000186:f8316c82ba1c,f8316c82ba1c3ca11e665dd7abbec5954b2b079ae70f17faca14fc64bdded334,0.9376302361,if6_consensus_when_public_priors_concordant_with_d4
4d5_her2,4d5_her2:0000187:11890f7e45c4,11890f7e45c4991a04d9e6610ba2ae0a8cc825feb6597110a6a0b847c8475756,0.912457943,if6_consensus_when_public_priors_concordant_with_d4
4d5_her2,4d5_her2:0000188:7149bafb90ba,7149bafb90ba8e4cc25aeaa29f1b43505ce2b7accde89d8c0c326b4ffc1dc150,0.9308962822,if6_consensus_when_public_priors_concordant_with_d4
4d5_her2,4d5_her2:0000189:a8f0fd30df5c,a8f0fd30df5c24ad71c579c4730490260ad3a7447b9f1d1975f64fae95247e56,0.9292929173,if6_consensus_when_public_priors_concordant_with_d4
4d5_her2,4d5_her2:0000190:70e4834a03ac,70e4834a03ac90c20a99dea0fb29311ab8aca9c8c33792f4e787448a090f005e,0.8322911263,if6_consensus_when_public_priors_concordant_with_d4
4d5_her2,4d5_her2:0000191:cd91e3c4c6a2,cd91e3c4c6a20f3763dc99d6160652f838431f1e4bcae0ab9e9f3f74ba827aff,0.8513708115,if6_consensus_when_public_priors_concordant_with_d4
4d5_her2,4d5_her2:0000192:e885dcc2ccbc,e885dcc2ccbcf965a8f7651e788f96d468522cfac79b1194dabc17514de2e7f8,0.9057238698,if6_consensus_when_public_priors_concordant_with_d4
4d5_her2,4d5_her2:0000193:6d06a5fc74f2,6d06a5fc74f283d0726a37040a9acab53efd2c88428a25e65370bedd49fc6386,0.917267859,if6_consensus_when_public_priors_concordant_with_d4
4d5_her2,4d5_her2:0000194:c4fa8eb29fe4,c4fa8eb29fe43e277e31f615f92f991c843a735a41a75d3f32f98eb1b1289006,0.9571909904,if6_consensus_when_public_priors_concordant_with_d4
4d5_her2,4d5_her2:0000195:36e0f35e8247,36e0f35e824754cda7e6748da8f7cb045d25bce844a05090ea55932556ae12a3,0.9692159295,if6_consensus_when_public_priors_concordant_with_d4
4d5_her2,4d5_her2:0000196:dbb09045b6b3,dbb09045b6b36934218be352d7cf3ce2f32f281e3e0dd3394536a3c1c97e21a2,0.9507775903,if6_consensus_when_public_priors_concordant_with_d4
4d5_her2,4d5_her2:0000197:201fca3df9e1,201fca3df9e11dcec6ccd3aeafd6425e47a047c8f75d871ad21d95c2fbe54059,0.9676126838,if6_consensus_when_public_priors_concordant_with_d4
4d5_her2,4d5_her2:0000198:46d27c941c81,46d27c941c81feaf7f2206bdaebcd0b82db2356ed96a4f64c75a92a2d75ddc3f,0.9073272347,if6_consensus_when_public_priors_concordant_with_d4
4d5_her2,4d5_her2:0000199:c1d8d4cb576f,c1d8d4cb576f243737ae9fb57965e95c3735f3639e4ad240267fe632d7830494,0.9289722443,if6_consensus_when_public_priors_concordant_with_d4
4d5_her2,4d5_her2:0000200:d1e9d1bca570,d1e9d1bca5708199070ac531cc2986f495bf0d629b510f3f69a7dd845dae444a,0.6753246188,if6_consensus_when_public_priors_concordant_with_d4
4d5_her2,4d5_her2:0000201:c9fbddb12700,c9fbddb12700d285af1d4f549b1d9b046919136e3058b90eac88f1d8b0a41d1c,0.734167099,if6_consensus_when_public_priors_concordant_with_d4
4d5_her2,4d5_her2:0000202:b43c60afef78,b43c60afef78854321df73b06200f497b2eb37a7c7fd81b01fc45c2c648644fc,0.7077119946,if6_consensus_when_public_priors_concordant_with_d4
4d5_her2,4d5_her2:0000203:542733faa49a,542733faa49aba52aa55f104fd9138ff7fc722750e5640fe037de09f6e384dfe,0.696328342,if6_consensus_when_public_priors_concordant_with_d4
4d5_her2,4d5_her2:0000204:384d877f92bf,384d877f92bf4404ad839f72faed07adb7d1575c2c48871402b31e5b2b92fa81,0.9385922551,if6_consensus_when_public_priors_concordant_with_d4
4d5_her2,4d5_her2:0000205:a13e4c335aa6,a13e4c335aa642d93ab4bca06740ad6096979ea8f1e94ad370ce1feb3a8c96d9,0.9177489281,if6_consensus_when_public_priors_concordant_with_d4
4d5_her2,4d5_her2:0000206:e73fda73213e,e73fda73213ec31a16099c55b4126f064fc82e2fe45b16d8ce46e2dbf8281e0d,0.879910171,if6_consensus_when_public_priors_concordant_with_d4
4d5_her2,4d5_her2:0000207:dd0288ed61a9,dd0288ed61a9567e53479adcceb0262749523a37e0790921d39a31eadeb351f9,0.9344236255,if6_consensus_when_public_priors_concordant_with_d4
4d5_her2,4d5_her2:0000208:4b742c13db27,4b742c13db274a4949d09698b5406fa4a1e744254edfafb7ea5c74726252cd6c,0.9406766295,if6_consensus_when_public_priors_concordant_with_d4
4d5_her2,4d5_her2:0000209:cd3d5da17739,cd3d5da17739c741c45425f369b3c09b8d987dfd18d4d282f2b4a64ec4fbd631,0.9334616065,if6_consensus_when_public_priors_concordant_with_d4
4d5_her2,4d5_her2:0000210:2b9946e61bf5,2b9946e61bf5187ffa2e917bfb34133f0cbdfaa82bcfb23fb8ce9213341dd143,0.9357061982,if6_consensus_when_public_priors_concordant_with_d4
4d5_her2,4d5_her2:0000211:a2a3b707d5e1,a2a3b707d5e1a53e4579cc70571ed1bf65d2e998a147f1c414ac6a7a959f5608,0.9312169552,if6_consensus_when_public_priors_concordant_with_d4
4d5_her2,4d5_her2:0000212:285917600a15,285917600a1545483f9351db2f5087065164dbf52e6ffe6a4589f8812866cf00,0.9560685754,if6_consensus_when_public_priors_concordant_with_d4
4d5_her2,4d5_her2:0000213:883b376fc3ae,883b376fc3ae065643f5ff079826bb53c9cae27af7fe30ad5849c5b6189a9a04,0.9517396092,if6_consensus_when_public_priors_concordant_with_d4
4d5_her2,4d5_her2:0000214:c218e4edeaf7,c218e4edeaf7df739322d419067718860398236b78ea624f3517f12c039ce9aa,0.9653679729,if6_consensus_when_public_priors_concordant_with_d4
4d5_her2,4d5_her2:0000215:c043f3686289,c043f3686289d7f7e563549cfc7a6e81b1b42e1a6002fed26accad890818f178,0.932659924,if6_consensus_when_public_priors_concordant_with_d4
4d5_her2,4d5_her2:0000216:872c3d4a1ef4,872c3d4a1ef4a175c4ab920e184599f6b9cf1cb7e99eee4a56ee3d663baaeb5b,0.9240019321,if6_consensus_when_public_priors_concordant_with_d4
4d5_her2,4d5_her2:0000217:1220e21b6bdd,1220e21b6bdd90def6e33342836988b879438a1be5428221eab7e56bf6ccf0a6,0.9284912944,if6_consensus_when_public_priors_concordant_with_d4
4d5_her2,4d5_her2:0000218:39ad40c05275,39ad40c05275743ddcac2dc0a26038b9fc35b62aec9bf4693f2f906e77c98325,0.9233605862,if6_consensus_when_public_priors_concordant_with_d4
4d5_her2,4d5_her2:0000219:e5e9566d3163,e5e9566d3163a5576e428fde0b9365b3260901a3ff32f4f43db221971ee57e6e,0.9209555984,if6_consensus_when_public_priors_concordant_with_d4
4d5_her2,4d5_her2:0000220:9744658e2f70,9744658e2f700a15697024e2c7e403133588615071d2afe6c8c86c0358fefb2a,0.910854578,if6_consensus_when_public_priors_concordant_with_d4
4d5_her2,4d5_her2:0000221:85e184b449dd,85e184b449ddf718720acc71bff50c302408e48934b65823e3d6712f14dd72d1,0.9477313161,if6_consensus_when_public_priors_concordant_with_d4
4d5_her2,4d5_her2:0000222:7739f8eb960d,7739f8eb960df7062e55c3646ce2aabdcf80108d989796da8205f28b20d44b6f,0.9422799945,if6_consensus_when_public_priors_concordant_with_d4
4d5_her2,4d5_her2:0000223:4861fdda11b2,4861fdda11b2685ff3b10d3e1a9a1252c02608c57e285060a410c7e83bb825cf,0.9597563148,if6_consensus_when_public_priors_concordant_with_d4
4d5_her2,4d5_her2:0000224:db59ed23a469,db59ed23a4694b12869a008cdce9af688148b46c82338ee793168577658081a4,0.9044411778,if6_consensus_when_public_priors_concordant_with_d4
4d5_her2,4d5_her2:0000225:2ed9a66dca13,2ed9a66dca1357a4df5d32698139824d1a5dc8b2c8922cd4760aac3982cdf689,0.9209555984,if6_consensus_when_public_priors_concordant_with_d4
4d5_her2,4d5_her2:0000226:38b5f1e36cc5,38b5f1e36cc52dd7ce690f75edfec31d29c42652661b31828393f772ac28f055,0.8013467789,if6_consensus_when_public_priors_concordant_with_d4
4d5_her2,4d5_her2:0000227:fc1788a98110,fc1788a98110813d765464bb5e30e234567bad8794cf1d932ab1339fb47472ed,0.659612,if6_consensus_when_public_priors_concordant_with_d4
4d5_her2,4d5_her2:0000228:77f623a11fd1,77f623a11fd197a665cd194b2174429e6e1d2ef1031612dc9cd8edecef57b673,0.9143819213,if6_consensus_when_public_priors_concordant_with_d4
4d5_her2,4d5_her2:0000229:28dc27128492,28dc2712849248feb8426ba4de2479607a1a6fd31b17da49c29d0e91c57f8f6c,0.1649831682,if6_consensus_when_public_priors_concordant_with_d4
4d5_her2,4d5_her2:0000230:25e49b6f6a7c,25e49b6f6a7c00ce822d16d6e267d552a3bb0ed24ea4c45cb8553f5189e6aa70,0.3221099973,if6_consensus_when_public_priors_concordant_with_d4
4d5_her2,4d5_her2:0000231:73f5ff2a40ec,73f5ff2a40ec0b2dbbe7d109a66f14f29af2edac262263631834610f91c02b4d,0.1757255048,if6_consensus_when_public_priors_concordant_with_d4
4d5_her2,4d5_her2:0000232:6329f9ca5ec9,6329f9ca5ec9d244cc56caeeba9cf4a1a4df52a8f3c37819f2e7ab735c552a9e,0.4901394844,if6_consensus_when_public_priors_concordant_with_d4
4d5_her2,4d5_her2:0000233:ff442bfa413b,ff442bfa413b0b26a3fd0e368b446f40535be924c0d27cd89c38cc341630b389,0.200416863,if6_consensus_when_public_priors_concordant_with_d4
4d5_her2,4d5_her2:0000234:75e4ed1b0cc3,75e4ed1b0cc31962f83d11bd38530a620d79982d9b9ed676086048ae6735fa6d,0.444123745,if6_consensus_when_public_priors_concordant_with_d4
4d5_her2,4d5_her2:0000235:7407eb8b11b1,7407eb8b11b1b5a889071194efd76356b163c8d7ba68e0bea1733c1c4bcdfad8,0.1739618331,if6_consensus_when_public_priors_concordant_with_d4
4d5_her2,4d5_her2:0000236:10086b173876,10086b1738764bccbda5f8d4a85237b9159a6c7e331308966513efb8940bd1b1,0.1895141751,if6_consensus_when_public_priors_concordant_with_d4
4d5_her2,4d5_her2:0000237:e93d83569d77,e93d83569d77713a85027be1bbd65516f2b420eb1b8c0055d6a0f4f261739d75,0.4593554735,if6_consensus_when_public_priors_concordant_with_d4
4d5_her2,4d5_her2:0000238:ed9c15b8b0fc,ed9c15b8b0fc1834039cda36301441648dd3791ff065c01333f5f520b6cd19af,0.8609908223,if6_consensus_when_public_priors_concordant_with_d4
4d5_her2,4d5_her2:0000239:f2145697b0c4,f2145697b0c4addac98a43f95a5a00841d4a952a2950bdcd2cde1d5ecf3d91be,0.3257976472,if6_consensus_when_public_priors_concordant_with_d4
4d5_her2,4d5_her2:0000240:90856dc44712,90856dc44712fea8fbcd8fe20d1afd87fd9053a4232d0e06a798f9e8953c48e1,0.4219977558,if6_consensus_when_public_priors_concordant_with_d4
4d5_her2,4d5_her2:0000241:ea1720254612,ea1720254612f3abce3722880715671882ed525cc743fb05c7de27ed37e33c13,0.7012987137,if6_consensus_when_public_priors_concordant_with_d4
4d5_her2,4d5_her2:0000242:a6f86c1d2da1,a6f86c1d2da1e7d4d0d07471d0bfbc06b6824b01c747ef9ae2226f0351e1e345,0.3716530502,if6_consensus_when_public_priors_concordant_with_d4
4d5_her2,4d5_her2:0000243:02e7b74b7843,02e7b74b7843e47aa4fbd7c20af42e6cf537b8d29e6f3133cdd0f0d66b9c3f81,0.6216129661,if6_consensus_when_public_priors_concordant_with_d4
4d5_her2,4d5_her2:0000244:9ae1ce6b54f9,9ae1ce6b54f9574da4b50b1c4dfc6c1cd9528fc827ded0ea30892992772a75be,0.5552349091,if6_consensus_when_public_priors_concordant_with_d4
4d5_her2,4d5_her2:0000245:8db6016b42ba,8db6016b42ba3694e2b016a958d47afc0f522686b3473db1e901330b465c6bd5,0.704505384,if6_consensus_when_public_priors_concordant_with_d4
4d5_her2,4d5_her2:0000246:6a442ce70b44,6a442ce70b442ec6912768e33323471449a3dc3e4fbcf53f8fa02e1029193606,0.4939874709,if6_consensus_when_public_priors_concordant_with_d4
4d5_her2,4d5_her2:0000247:2b45c03c4a88,2b45c03c4a88389e001943d7ccb6590373eccf658c474618297c8099a0347597,0.4346641004,if6_consensus_when_public_priors_concordant_with_d4
4d5_her2,4d5_her2:0000248:9f64d0baf70b,9f64d0baf70bdb48d9600bb5a68f80235e1cf9997b2f091ac496cc1babc39d63,0.5201218724,if6_consensus_when_public_priors_concordant_with_d4
4d5_her2,4d5_her2:0000249:f8de315041eb,f8de315041eb828888aada940da557929e8085c399edd4d9d48f307a623e3002,0.6297900081,if6_consensus_when_public_priors_concordant_with_d4
4d5_her2,4d5_her2:0000250:88d0f9b7b1b3,88d0f9b7b1b3355abf2f9a4ce1a371ccf1fe39552e5b0c8f31ec8b8fc67280b3,0.3907327354,if6_consensus_when_public_priors_concordant_with_d4
4d5_her2,4d5_her2:0000251:0ffce9def12f,0ffce9def12f6ac1fa33c285659d8d78f48904fa45a1c8e9c300c9689ad0be97,0.441718787,if6_consensus_when_public_priors_concordant_with_d4
4d5_her2,4d5_her2:0000252:529e9f6a2890,529e9f6a2890cbeee82feaa13d8db7a34fd630def64e3bb46760d4d21403a496,0.2841109335,if6_consensus_when_public_priors_concordant_with_d4
4d5_her2,4d5_her2:0000253:651f5859a4ac,651f5859a4acaac68081cfecb2ea203936dfda0d8402a0dd40ac6d9c885b3a98,0.4587141275,if6_consensus_when_public_priors_concordant_with_d4
4d5_her2,4d5_her2:0000254:d6415bc9414c,d6415bc9414c901748f7c13cd89b5725f6bfaf33c37e1032569abbc004d4edc9,0.5478594899,if6_consensus_when_public_priors_concordant_with_d4
4d5_her2,4d5_her2:0000255:40430bbd6392,40430bbd639257813a4816c1cbae1eff7f7b7f8091b58ea3607355ebf5ea476b,0.2044252157,if6_consensus_when_public_priors_concordant_with_d4
4d5_her2,4d5_her2:0000256:a90545d21c4a,a90545d21c4a7f7a5568debfd855c81da2d8b7ddb2b9e559bdf45e6e8f26f698,0.5406445861,if6_consensus_when_public_priors_concordant_with_d4
4d5_her2,4d5_her2:0000257:c9d32abc3e8a,c9d32abc3e8a47dc4be0f27f001b35af623b0c4de8b593445e2e94edbe838e3e,0.5528299212,if6_consensus_when_public_priors_concordant_with_d4
4d5_her2,4d5_her2:0000258:91a393d8e4aa,91a393d8e4aad0563873e4f706b5b420e7e097f22de0cdb7af9a82fb1aa79614,0.3916946948,if6_consensus_when_public_priors_concordant_with_d4
4d5_her2,4d5_her2:0000259:63e4258030bc,63e4258030bc1eee5fb07fecf491e0b69494871117c1d146815313f767d5ac08,0.5109828115,if6_consensus_when_public_priors_concordant_with_d4
4d5_her2,4d5_her2:0000260:4285ff7962f5,4285ff7962f50427b95ef6bbd93757684ea18906a3346bf7710ec27321f8fd5c,0.6285073161,if6_consensus_when_public_priors_concordant_with_d4
4d5_her2,4d5_her2:0000261:77dfe620a4cd,77dfe620a4cd79eea272f55e704185806b75e8a69c2138299448514d8988541f,0.6232964993,if6_consensus_when_public_priors_concordant_with_d4
4d5_her2,4d5_her2:0000262:5662d0285332,5662d0285332b293d5be5bca962ca7f745d66830826f06d9755ff0ebd9246698,0.417027384,if6_consensus_when_public_priors_concordant_with_d4
4d5_her2,4d5_her2:0000263:4af572971fc9,4af572971fc9a7e1d8d34580e63b3dd616d820916ba888531d43b74fdcd1adf4,0.3447170258,if6_consensus_when_public_priors_concordant_with_d4
4d5_her2,4d5_her2:0000264:73e567b3a807,73e567b3a807a083e37f7f65fc938416a961d800b42a45ba763d182b4d35f729,0.7056276798,if6_consensus_when_public_priors_concordant_with_d4
4d5_her2,4d5_her2:0000265:381187f8ad34,381187f8ad34f90fe6b77feaa1976f78033fa272c277c69422046b259d0a6a0a,0.3950617313,if6_consensus_when_public_priors_concordant_with_d4
4d5_her2,4d5_her2:0000266:368d14e5d220,368d14e5d2206d6c85c4dc0d2ca776f658ad3ae8a2e56e02605bc8b25b8d29d2,0.60718292,if6_consensus_when_public_priors_concordant_with_d4
4d5_her2,4d5_her2:0000267:17e8426f00e7,17e8426f00e73787ee9714c93ba019fc83a4587530e41550d7705702d9d2f147,0.6309123039,if6_consensus_when_public_priors_concordant_with_d4
4d5_her2,4d5_her2:0000268:b7c7e2c1394a,b7c7e2c1394a7926ff6658b0de861060cb62fa7359f19def64afa53dc6f7f14e,0.1311527938,if6_consensus_when_public_priors_concordant_with_d4
4d5_her2,4d5_her2:0000269:3b7cb94bc24d,3b7cb94bc24d593c787ab6039728197e901f1d08baede096d4b4169a5523efe0,0.4139810801,if6_consensus_when_public_priors_concordant_with_d4
4d5_her2,4d5_her2:0000270:ac8a5d088d1e,ac8a5d088d1e6b98e6983e62f3be7babbf38df2f140394247f57a15981061edb,0.2903639674,if6_consensus_when_public_priors_concordant_with_d4
4d5_her2,4d5_her2:0000271:b083430ceacb,b083430ceacb3df2df36ca2a991aab10f71fa541b17c8411462011012dbf5270,0.5863395333,if6_consensus_when_public_priors_concordant_with_d4
4d5_her2,4d5_her2:0000272:50c75edd33ef,50c75edd33ef6987321b74d8879647b430dc34e59da109691cc7d89ebcc25185,0.4832451344,if6_consensus_when_public_priors_concordant_with_d4
4d5_her2,4d5_her2:0000273:07064576473b,07064576473bbd126cb1c25f0063a1ac9dfe1126f55e6151f03695dae9c00808,0.3982683718,if6_consensus_when_public_priors_concordant_with_d4
4d5_her2,4d5_her2:0000274:08658b5f3598,08658b5f35982631d6905a4fdf137b4cbb7241a19ef5fbdfa9010ad069bd0d99,0.3144139946,if6_consensus_when_public_priors_concordant_with_d4
4d5_her2,4d5_her2:0000275:2134742d5ff5,2134742d5ff5e2ec8cebfe40193790af45533fb81268b67a3e281810a6705bda,0.4832451642,if6_consensus_when_public_priors_concordant_with_d4
4d5_her2,4d5_her2:0000276:834b3f3e2887,834b3f3e2887878e9f0eb44aa713c0e36aa1241a189788a831821c18ceb7cfe5,0.2680775821,if6_consensus_when_public_priors_concordant_with_d4
4d5_her2,4d5_her2:0000277:b30fc5eaf499,b30fc5eaf499c12281fd8568c64699d5db11373296fb81f3e10bc28eca0c3b81,0.4553471506,if6_consensus_when_public_priors_concordant_with_d4
4d5_her2,4d5_her2:0000278:e375b4afd892,e375b4afd892f3185d204ced623640b523d62efe1c761bbcb1c8d55e385f6f12,0.6373256445,if6_consensus_when_public_priors_concordant_with_d4
4d5_her2,4d5_her2:0000279:c1f95b22151d,c1f95b22151ddb6b79a47050dab377c429b3c9c66ea14cf967b8ad4c3e286259,0.5454545617,if6_consensus_when_public_priors_concordant_with_d4
4d5_her2,4d5_her2:0000280:9e5d5bc7d675,9e5d5bc7d6752bb9b85ca2b9a1b6de023bfdda016db2d3cc22254d5170862c38,0.6735610366,if6_consensus_when_public_priors_concordant_with_d4
4d5_her2,4d5_her2:0000281:063048432e67,063048432e679b1efbd995b98c9a51501584579a923147f2ceb527f6a997da31,0.4660894871,if6_consensus_when_public_priors_concordant_with_d4
4d5_her2,4d5_her2:0000282:fe2d693d40c0,fe2d693d40c005b7a7e0ac4fa6071784d8bb01b082b768d6d3a02a1b2a8fe9f1,0.6121532917,if6_consensus_when_public_priors_concordant_with_d4
4d5_her2,4d5_her2:0000283:ada472dff42e,ada472dff42e03bd5c24c9e00da59435b834fbfa193e529604c00c13721d725d,0.3330126703,if6_consensus_when_public_priors_concordant_with_d4
4d5_her2,4d5_her2:0000284:b6fa2881f2b9,b6fa2881f2b92551331180bcde3b1350988b093376f4508f00199857a7e4bc28,0.4420394599,if6_consensus_when_public_priors_concordant_with_d4
4d5_her2,4d5_her2:0000285:6d30326ba78c,6d30326ba78c82f8d070dabdf198c2ebff0d157ca98fdcdb50c4686d112ac073,0.7282347679,if6_consensus_when_public_priors_concordant_with_d4
4d5_her2,4d5_her2:0000286:58669c65603d,58669c65603decec901399eb942e42629c7db7b98d0d89c961c7219cd8255d8f,0.4024370611,if6_consensus_when_public_priors_concordant_with_d4
4d5_her2,4d5_her2:0000287:71920edda511,71920edda511a9b63cf0b6d58a1ea1984f1718c4629a0096f66ab414f50519e9,0.3823953867,if6_consensus_when_public_priors_concordant_with_d4
4d5_her2,4d5_her2:0000288:bbe8c1a45842,bbe8c1a4584220eddc23e995cfe8d978b6c79e05d1c1670a16402cf16172e6e3,0.5468975306,if6_consensus_when_public_priors_concordant_with_d4
4d5_her2,4d5_her2:0000289:d64f1bb4d7f6,d64f1bb4d7f664d275e05ecf14385a8991af68b02416089c97ba84fbca4c17cd,0.3314895034,if6_consensus_when_public_priors_concordant_with_d4
4d5_her2,4d5_her2:0000290:8313ab07d66a,8313ab07d66a9c26cf481ad470c18a2d2305095ab92ff42e903f14c2e2b43cc2,0.7582170963,if6_consensus_when_public_priors_concordant_with_d4
4d5_her2,4d5_her2:0000291:74b0bf236dd8,74b0bf236dd82dbc1bf96ab1bb0553cff1af803f11c2e61a806718980a82ae59,0.4864518344,if6_consensus_when_public_priors_concordant_with_d4
4d5_her2,4d5_her2:0000292:e90cdee91a3e,e90cdee91a3e25a977660d823a80c0c409d2815aa4a03bb465a7f45070b0c78d,0.8248357177,if6_consensus_when_public_priors_concordant_with_d4
4d5_her2,4d5_her2:0000293:d727a0d38930,d727a0d389307a8fdbdf384a17017b4decb93b753744114aa876085d36bc1e5b,0.718454361,if6_consensus_when_public_priors_concordant_with_d4
4d5_her2,4d5_her2:0000294:076d799982ff,076d799982ffece902251ad2d61a748d416d5e17c16ed7f31e56f7e972cdb59d,0.7271123528,if6_consensus_when_public_priors_concordant_with_d4
4d5_her2,4d5_her2:0000295:247b5d13bd7c,247b5d13bd7cfe67018d9a24e4a741d39dc26b140a154941d520ed803a05ff51,0.2300785631,if6_consensus_when_public_priors_concordant_with_d4
4d5_her2,4d5_her2:0000296:5d0750da053a,5d0750da053a92bfe48da6790769fc35a45d0ff5fc7ad69a73ba3df85c81e23c,0.4611191452,if6_consensus_when_public_priors_concordant_with_d4
4d5_her2,4d5_her2:0000297:2bb81698370b,2bb81698370bc1ee3feaf46f3f500bc2195e9d1c021990f69db98675928f433f,0.1874298602,if6_consensus_when_public_priors_concordant_with_d4
4d5_her2,4d5_her2:0000298:a94b0985be9c,a94b0985be9cef048bd63dd787588a3bbe31ecbf18125723c47e0fd50f8155ff,0.3107263148,if6_consensus_when_public_priors_concordant_with_d4
4d5_her2,4d5_her2:0000299:afed029ce729,afed029ce729271ac1940b948e2cddca2c3637c44868da94260d0b1fb9af13e2,0.7261503339,if6_consensus_when_public_priors_concordant_with_d4
4d5_her2,4d5_her2:0000300:5fb66c21f04e,5fb66c21f04eb5d0f8614180ecfcf32c7366b15271737f3601b31f627e569895,0.57864362,if6_consensus_when_public_priors_concordant_with_d4
4d5_her2,4d5_her2:0000301:9b211683b696,9b211683b6961eed189a250540ee295484a0c3090898e08a97ab02c8d11dbd39,0.1733205169,if6_consensus_when_public_priors_concordant_with_d4
4d5_her2,4d5_her2:0000302:a0b0b0870326,a0b0b0870326cb038fee1c240e876269ce88a6f507c098d2853a6fb338ed2fa7,0.6883117557,if6_consensus_when_public_priors_concordant_with_d4
4d5_her2,4d5_her2:0000303:314072390adf,314072390adfc2f77c76f56fea1d6551eb52280e607dc956a0ef995f5260b715,0.2148468941,if6_consensus_when_public_priors_concordant_with_d4
4d5_her2,4d5_her2:0000304:8f996b5c3288,8f996b5c328882c875c1ded91a3eca64402d93ecaf4a7d5611583e135666c450,0.2496392578,if6_consensus_when_public_priors_concordant_with_d4
4d5_her2,4d5_her2:0000305:6c446b9b5705,6c446b9b570598ab27bb33ba80bcf522056b46f1006fe3bf81901b1345768240,0.2475549132,if6_consensus_when_public_priors_concordant_with_d4
4d5_her2,4d5_her2:0000306:df2c3cf844d2,df2c3cf844d2d78daa58d946478a29d071a1c0c391efa72ad0096e14cc5a1af8,0.5007215142,if6_consensus_when_public_priors_concordant_with_d4
4d5_her2,4d5_her2:0000307:5ff66409a8a3,5ff66409a8a3f4f28b8b23d5ea48b83e6c773a830474f2051177149b83e74916,0.7181337476,if6_consensus_when_public_priors_concordant_with_d4
4d5_her2,4d5_her2:0000308:23e0994fb4c4,23e0994fb4c4b355e188f8018e1abb4b1bfc74a98fe7b63b5aaf4fd3bd79bbcf,0.6326759458,if6_consensus_when_public_priors_concordant_with_d4
4d5_her2,4d5_her2:0000309:4d3d4c1522ff,4d3d4c1522ff61b5b55ba3d256d9eaf7dbcb542137bed46e2ece3c438cf6c222,0.4864517748,if6_consensus_when_public_priors_concordant_with_d4
4d5_her2,4d5_her2:0000310:35824be744e7,35824be744e7e55fbcb273fa2ce994ba0080f112afaa4b45734064c22307bf9f,0.4146223962,if6_consensus_when_public_priors_concordant_with_d4
4d5_her2,4d5_her2:0000311:ed5c22c0d314,ed5c22c0d31467267ff0a74053b884128fd38514fa2d2e3fd9ec908521793702,0.5685425997,if6_consensus_when_public_priors_concordant_with_d4
4d5_her2,4d5_her2:0000312:8322d0f2fff4,8322d0f2fff418a4df5e2850e323dba7fdadec4790a165e8c58e6602077c47d6,0.7530863881,if6_consensus_when_public_priors_concordant_with_d4
4d5_her2,4d5_her2:0000313:30c77f8858b7,30c77f8858b73f7acaa759bd6dee53ebf675bf462dd31bb57d9fd3f914de56f3,0.4484528005,if6_consensus_when_public_priors_concordant_with_d4
4d5_her2,4d5_her2:0000314:5563314cef77,5563314cef778e66f5ac44ab2b94493c4d276694ea407835acac3a7130c00e7c,0.4094917476,if6_consensus_when_public_priors_concordant_with_d4
4d5_her2,4d5_her2:0000315:250c82ea5dce,250c82ea5dce33de007bf9f2a2216a2bbb5e2ad70a28abd949f0e005956a0caf,0.549623251,if6_consensus_when_public_priors_concordant_with_d4
4d5_her2,4d5_her2:0000316:640a7a72cb35,640a7a72cb35e1b61655b671fb920a1d7cd7af1dcca0936ffa1500b3ea171c0c,0.08513709158,if6_consensus_when_public_priors_concordant_with_d4
4d5_her2,4d5_her2:0000317:d9b68172598a,d9b68172598a20ab91aecd6435075a7fca96662b2495289b35cc1c9b5fc67d3b,0.1855058521,if6_consensus_when_public_priors_concordant_with_d4
4d5_her2,4d5_her2:0000318:94b11b176844,94b11b1768445e6378247d1b1523aa76cda3958476b5bb261f4917f0c03733bb,0.157447502,if6_consensus_when_public_priors_concordant_with_d4
4d5_her2,4d5_her2:0000319:fe6767f126ee,fe6767f126ee769d5e1bb289eedfd0a33dd118f36801204af627d2f6f0c19faa,0.3030302823,if6_consensus_when_public_priors_concordant_with_d4
4d5_her2,4d5_her2:0000320:b8a3854fde16,b8a3854fde164c573c02b60fbbdb564a4687201c08b19c01c2e254c39195a983,0.2310405523,if6_consensus_when_public_priors_concordant_with_d4
4d5_her2,4d5_her2:0000321:a11180367790,a11180367790167ef5fcb613e43df5028cefbbcbe37379aef17d0cbc8e21bd3f,0.5999678969,if6_consensus_when_public_priors_concordant_with_d4
4d5_her2,4d5_her2:0000322:6792abf06134,6792abf0613482ee1ae1e7646d4ce614e300772cb85ea8c900ce938ac9cba689,0.5101811886,if6_consensus_when_public_priors_concordant_with_d4
4d5_her2,4d5_her2:0000323:95a85ea2774c,95a85ea2774c185d3974147b9ac788d73e6728c46ef9092506e9f0e075d61a2d,0.2789802849,if6_consensus_when_public_priors_concordant_with_d4
4d5_her2,4d5_her2:0000324:b26a6a98d585,b26a6a98d585e71ded9a8fce02d366afc9544b1fe8152ace8b35ba79f995c9d9,0.4774731398,if6_consensus_when_public_priors_concordant_with_d4
4d5_her2,4d5_her2:0000325:0a0916a49ae1,0a0916a49ae16871f6351ae504541a1e703068894d96fabc47f1d5a0a7fa7966,0.4790764749,if6_consensus_when_public_priors_concordant_with_d4
4d5_her2,4d5_her2:0000326:1bf3cef5170a,1bf3cef5170acf45e166e8c6a61fc5714d289099a279cf6aa4b724eb6bcb308d,0.4017957151,if6_consensus_when_public_priors_concordant_with_d4
4d5_her2,4d5_her2:0000327:47825fbdae5f,47825fbdae5f9b857c88b3e6eec90e94ca3762b7e9459783b1e0782870e7f46e,0.5467371941,if6_consensus_when_public_priors_concordant_with_d4
4d5_her2,4d5_her2:0000328:dda76cf1401d,dda76cf1401d74e76690e81c6e06c87736fafe9e946d5ab88b850e78edf8c51d,0.3248356581,if6_consensus_when_public_priors_concordant_with_d4
4d5_her2,4d5_her2:0000329:798bef4495eb,798bef4495ebe750cdc9dc48af135306517156f8fd0b8f23a2d7afb6d8414bc2,0.1358024627,if6_consensus_when_public_priors_concordant_with_d4
4d5_her2,4d5_her2:0000330:a07bc7c4cf3d,a07bc7c4cf3dcff2351a7370afd2adebe518455e23c5660a6b155a6d8faa9855,0.1673079878,if6_consensus_when_public_priors_concordant_with_d4
4d5_her2,4d5_her2:0000331:da5a264c86f1,da5a264c86f13346842a2e7692881e018916d739acd23b3596a954efee1aeb5f,0.3512907028,if6_consensus_when_public_priors_concordant_with_d4
4d5_her2,4d5_her2:0000332:8eabf6737d18,8eabf6737d1812685df9132d84c26ffa53ea22bb445fc35db44ebe43b3f6db8a,0.492544502,if6_consensus_when_public_priors_concordant_with_d4
4d5_her2,4d5_her2:0000333:e7c511a3aec5,e7c511a3aec55fa3d353fbf58d6a18155c2bed52eb910ad9614d1557802bf9a0,0.2058681995,if6_consensus_when_public_priors_concordant_with_d4
4d5_her2,4d5_her2:0000334:966278c1e464,966278c1e464414c928ecb2088b842cd1688dda9f0c70e8efd71e395b8905786,0.5188391805,if6_consensus_when_public_priors_concordant_with_d4
4d5_her2,4d5_her2:0000335:a4639a716952,a4639a716952fbc3004519ae50219f294a3a4363495ecbf384c93d6a779c9853,0.6499919891,if6_consensus_when_public_priors_concordant_with_d4
4d5_her2,4d5_her2:0000336:0baf30822e63,0baf30822e6359f86d6305969f99c7f9a05e4cd0c08350c99f5882dda85d1198,0.2825076282,if6_consensus_when_public_priors_concordant_with_d4
4d5_her2,4d5_her2:0000337:bb44bc0fcafc,bb44bc0fcafcd48529c8e4dfdac0e79c3d62d59ff319d2b28d877d58bc2aa289,0.4253647625,if6_consensus_when_public_priors_concordant_with_d4
4d5_her2,4d5_her2:0000338:be2acf072bfd,be2acf072bfde03a48bb0563d39cf0472c6671ffedc0d74c7ce19bcaa2c32998,0.6942439675,if6_consensus_when_public_priors_concordant_with_d4
4d5_her2,4d5_her2:0000339:ff6043a97e46,ff6043a97e4687163db8fbaf21a10fd293ba5b7dbbc3c9b2fd3f283e1d68b3d3,0.6059002876,if6_consensus_when_public_priors_concordant_with_d4
4d5_her2,4d5_her2:0000340:3d4c0548bf87,3d4c0548bf87c323441fa3337b59942a33c2f39f0da4b1beff96acedf7c3afd7,0.6977713704,if6_consensus_when_public_priors_concordant_with_d4
4d5_her2,4d5_her2:0000341:74c382dbc0f5,74c382dbc0f54350d5b558b3615ccb9cd0a8d5ba3b002efd61576a9ba6cbe1bd,0.4199134111,if6_consensus_when_public_priors_concordant_with_d4
4d5_her2,4d5_her2:0000342:afb4a0b8acc9,afb4a0b8acc9ecd37e27ece1c5c85d557ce788fd8e3952d8b6c98fbfa6028ac8,0.591951251,if6_consensus_when_public_priors_concordant_with_d4
4d5_her2,4d5_her2:0000343:6d6702056ed2,6d6702056ed2b6f1eb8cdd78eaf50517fedfbd7207f9c577665f2ce86c106f75,0.3022286296,if6_consensus_when_public_priors_concordant_with_d4
4d5_her2,4d5_her2:0000344:156cdbbac728,156cdbbac728c05a2f53fd50b5882b44c0fc8a06ad0e41c9fec2b1c089902c54,0.606220901,if6_consensus_when_public_priors_concordant_with_d4
4d5_her2,4d5_her2:0000345:5cca506f6576,5cca506f65768a36b0f628eb2bd202fc0eb80541d7b57dbae77069929884d002,0.6357223392,if6_consensus_when_public_priors_concordant_with_d4
4d5_her2,4d5_her2:0000346:47864c9fd416,47864c9fd4160f6007b49ec2adbfb130fe4cf5aca36d1941d2cfc2594f4e9d51,0.3488856852,if6_consensus_when_public_priors_concordant_with_d4
4d5_her2,4d5_her2:0000347:21b1bbf19a0a,21b1bbf19a0ab738d44bcadd884219d62b4328a3e58a9cc93fe5e593ca786d4d,0.3035112917,if6_consensus_when_public_priors_concordant_with_d4
4d5_her2,4d5_her2:0000348:dc7a45299e56,dc7a45299e568d761c8ff3ec1e9e0e51a3c1315807a59f7dbe38e956c0f320d4,0.1946448535,if6_consensus_when_public_priors_concordant_with_d4
4d5_her2,4d5_her2:0000349:d88cfe55fac5,d88cfe55fac586cbb96e75e121e45dd5c3ade5d777bf63b4919244041dafdf8e,0.2127625495,if6_consensus_when_public_priors_concordant_with_d4
4d5_her2,4d5_her2:0000350:8a49b82f047b,8a49b82f047be3b9832c890a1f3f8130b0b946c8222f980b958a1c58622f744b,0.4748276472,if6_consensus_when_public_priors_concordant_with_d4
4d5_her2,4d5_her2:0000351:6bd4c83045b2,6bd4c83045b29d8d13e733d0fab9630495e9a68f14cd47bc516eae372d445904,0.4025973976,if6_consensus_when_public_priors_concordant_with_d4
4d5_her2,4d5_her2:0000352:7f0034a5b325,7f0034a5b32517d90e2c3e853bc57f338047f568f49a4037288faa45dad0f0b8,0.3490460217,if6_consensus_when_public_priors_concordant_with_d4
4d5_her2,4d5_her2:0000353:264aa56594d3,264aa56594d34fb26b7b23093f38c6dde745add98a9cbf39cd265b7c15012764,0.4571107924,if6_consensus_when_public_priors_concordant_with_d4
4d5_her2,4d5_her2:0000354:73ce546593b5,73ce546593b59e851a3659f41d49bc20d61da59b61fd4707cd5798f94ec6d23a,0.6892736554,if6_consensus_when_public_priors_concordant_with_d4
4d5_her2,4d5_her2:0000355:42d0f654c9ec,42d0f654c9ec9f51ae6640e7964bac3fb7111a15f795d4dd0d3c472ac42870fa,0.6230559349,if6_consensus_when_public_priors_concordant_with_d4
4d5_her2,4d5_her2:0000356:5dede657e791,5dede657e791245a106fc9ddffa8e93e4cc836aadbaf14ea37a6a7395904459b,0.1789321899,if6_consensus_when_public_priors_concordant_with_d4
4d5_her2,4d5_her2:0000357:ec16383ca938,ec16383ca93834b4671fcb409040beac91cf29989e8fcc84c2d9fee6d3f3becf,0.6105499864,if6_consensus_when_public_priors_concordant_with_d4
4d5_her2,4d5_her2:0000358:c7e20305481c,c7e20305481c5987b071795e13634bca5a3280aa14e4a6ebe498d9f782f6c366,0.5095398426,if6_consensus_when_public_priors_concordant_with_d4
4d5_her2,4d5_her2:0000359:bde3d627287f,bde3d627287f6b22e187f8a398dc9aa70f5682de5e003bcac7d00a5e5042b74e,0.7660734057,if6_consensus_when_public_priors_concordant_with_d4
4d5_her2,4d5_her2:0000360:86e4f616b058,86e4f616b0586b2d48fbf7fe54f42aec55da5708de3a9e27d45727a7055bdbb8,0.3331730068,if6_consensus_when_public_priors_concordant_with_d4
4d5_her2,4d5_her2:0000361:bdcea6f53667,bdcea6f536673c224dd881eb467c7b8d59d40b445ee9f167c9ddaeeda0aca81c,0.8210678101,if6_consensus_when_public_priors_concordant_with_d4
4d5_her2,4d5_her2:0000362:9a0f9a9d497c,9a0f9a9d497cf4a3546cca0a26d8cc626482da0c308caa46e93ce8b5196e1f8c,0.6493506432,if6_consensus_when_public_priors_concordant_with_d4
4d5_her2,4d5_her2:0000363:2e8f6f8a6bb5,2e8f6f8a6bb5e24b111fa2be86b9238c8eb2eae600380bb4b00465a3d85a5555,0.1319544613,if6_consensus_when_public_priors_concordant_with_d4
4d5_her2,4d5_her2:0000364:3b194e83df2b,3b194e83df2b9dbea939db559975d9bf71efd17dfd62ed68b11c798c530d8441,0.4304954112,if6_consensus_when_public_priors_concordant_with_d4
4d5_her2,4d5_her2:0000365:a7069010963a,a7069010963a4f3832840a1914cdb1f8d0df315053976be66ded0e00e2d26579,0.4625621736,if6_consensus_when_public_priors_concordant_with_d4
4d5_her2,4d5_her2:0000366:e126a65f7683,e126a65f76831d0af36c2b336b25a101d0fa6f7d2b0c04e8bf21de8786d386bb,0.2206188887,if6_consensus_when_public_priors_concordant_with_d4
4d5_her2,4d5_her2:0000367:f49bb83a0a00,f49bb83a0a002f47d65b41f3f9262607c684f33c0f0e640519dcd8bbc582f3ee,0.5464165211,if6_consensus_when_public_priors_concordant_with_d4
4d5_her2,4d5_her2:0000368:b573726437c6,b573726437c695f118b357f006b17cbc03d02a4dea2f4d8a122ff4c9df6bbb3e,0.7096360326,if6_consensus_when_public_priors_concordant_with_d4
4d5_her2,4d5_her2:0000369:2b3b55f90bca,2b3b55f90bca5c49f0870057aec496df1747fae3fc952e96afd460794a4aa799,0.4061247408,if6_consensus_when_public_priors_concordant_with_d4
4d5_her2,4d5_her2:0000370:fdc6dcba5ef8,fdc6dcba5ef89fd91544853ee5d4abf56ce043c2c60c8eba71340d96e58bb9f7,0.9232003093,if6_consensus_when_public_priors_concordant_with_d4
4d5_her2,4d5_her2:0000371:8c0c31274b01,8c0c31274b019b510d3b6dedb78b86089b978e1bfa77bacb042e5b77294383ab,0.8605098724,if6_consensus_when_public_priors_concordant_with_d4
4d5_her2,4d5_her2:0000372:f4bf616c6b83,f4bf616c6b83c3eaf36073dcf0ed7268416e21df4f48e91518be463508c3a84f,0.7506814003,if6_consensus_when_public_priors_concordant_with_d4
4d5_her2,4d5_her2:0000373:7f1bcab6c87e,7f1bcab6c87e3295ba33b0ef856e3796d16676cc668a3abcf05a8eb4b3323251,0.7833895087,if6_consensus_when_public_priors_concordant_with_d4
4d5_her2,4d5_her2:0000374:cb2f374bbc6e,cb2f374bbc6e948c9eb9eadac8bcdc8c698a5da9e7956aa81a48d9c72374dff2,0.7274330258,if6_consensus_when_public_priors_concordant_with_d4
4d5_her2,4d5_her2:0000375:f723f9e1fe67,f723f9e1fe67d94eb499fef97c281f06657ce7bfe27b57ef3d3614828edf4bad,0.8316497803,if6_consensus_when_public_priors_concordant_with_d4
4d5_her2,4d5_her2:0000376:6ecf6e7a36e6,6ecf6e7a36e61824e1611ca78f3005a240e1c4c72546c7d7ce3317c3696a17e1,0.6496713161,if6_consensus_when_public_priors_concordant_with_d4
4d5_her2,4d5_her2:0000377:de79d7f7b624,de79d7f7b624a16f65652196d9def6c5fabf40e19d100ebbe093fdf5874d7775,0.659291327,if6_consensus_when_public_priors_concordant_with_d4
4d5_her2,4d5_her2:0000378:cbab9f16b494,cbab9f16b49401eef283a21fce69b153ecae4a90500d4efbee065c61db7977a7,0.7197370529,if6_consensus_when_public_priors_concordant_with_d4
4d5_her2,4d5_her2:0000379:d683bd2f9477,d683bd2f9477a2dc4749dc2fafe040730c10e0d7dd0efc39f44992535bce8036,0.6429373622,if6_consensus_when_public_priors_concordant_with_d4
4d5_her2,4d5_her2:0000380:2f1e4fc103ae,2f1e4fc103ae0d3bd54886c5db5f1dab73f85d158ac515b787f056733a560299,0.5488215089,if6_consensus_when_public_priors_concordant_with_d4
4d5_her2,4d5_her2:0000381:a5ff3610cd15,a5ff3610cd156a7880544d066061370ffdf13e01d216f5bcb678ce8774e48223,0.5215648413,if6_consensus_when_public_priors_concordant_with_d4
4d5_her2,4d5_her2:0000382:4d734f2bca01,4d734f2bca0183589d6b959a5d84f73c8b57c099004a7aeda1a15b2e4aeed614,0.5608465672,if6_consensus_when_public_priors_concordant_with_d4
4d5_her2,4d5_her2:0000383:63564b435dc8,63564b435dc8d1995b96c9f24921c83f94aeb0b9edb76c520a793651df9dc864,0.7413820624,if6_consensus_when_public_priors_concordant_with_d4
4d5_her2,4d5_her2:0000384:6dc0ef6f4e5f,6dc0ef6f4e5f2256cea4511e1418e4191cfbed1d7aebd1f427a45e0a9cff8bdb,0.5098605156,if6_consensus_when_public_priors_concordant_with_d4
4d5_her2,4d5_her2:0000385:4ebad1fade3f,4ebad1fade3f692bc92ababdcf686870e425fab7d359130b918f1516c2df993c,0.4131793976,if6_consensus_when_public_priors_concordant_with_d4
4d5_her2,4d5_her2:0000386:78964cf71187,78964cf711878e741e341d1be3cb61891154204ddaf21a61a0e290b7b1734834,0.4939874709,if6_consensus_when_public_priors_concordant_with_d4
4d5_her2,4d5_her2:0000387:fe9cca44bcf4,fe9cca44bcf42a9ea12daa2dc1def9710e52331ac90051d7257046d922a68bf0,0.4845278263,if6_consensus_when_public_priors_concordant_with_d4
4d5_her2,4d5_her2:0000388:59e36e90e1de,59e36e90e1dece16d5878188f66e4c9c0670768e508eee09dae8f20761dce8f6,0.4458874464,if6_consensus_when_public_priors_concordant_with_d4
4d5_her2,4d5_her2:0000389:80230c672a43,80230c672a43b3b1a4253b13fcaf7753d8004d59cb6f233836f76083795d45a6,0.7534070611,if6_consensus_when_public_priors_concordant_with_d4
4d5_her2,4d5_her2:0000390:133088e812d9,133088e812d9da7245443985a1387d30abad0ff1635610b9d90154a12185fbb6,0.5986852646,if6_consensus_when_public_priors_concordant_with_d4
4d5_her2,4d5_her2:0000391:a7211fbd0f9b,a7211fbd0f9bce4eb21b01346286c20365248862449cfdffdc49891281a1a9fc,0.4595157802,if6_consensus_when_public_priors_concordant_with_d4
4d5_her2,4d5_her2:0000392:d45fe1782444,d45fe1782444465f087d74bd4306136ed9a515619fb61e981eda0e5fa6576f19,0.6527176499,if6_consensus_when_public_priors_concordant_with_d4
4d5_her2,4d5_her2:0000393:d327ffaa76da,d327ffaa76daf127310e8c581aa634baad0a53a9ffd040e2d1f9a20747f8f6e4,0.2207792252,if6_consensus_when_public_priors_concordant_with_d4
4d5_her2,4d5_her2:0000394:95747b820ea9,95747b820ea9b957afb53ef63070a19b8af635605b473cda9f718d2d30589274,0.4784351587,if6_consensus_when_public_priors_concordant_with_d4
4d5_her2,4d5_her2:0000395:122c05b525b3,122c05b525b354812e91af8ea7118fc8700341372068bdb0bae3dce1f1632783,0.5980439186,if6_consensus_when_public_priors_concordant_with_d4
4d5_her2,4d5_her2:0000396:bda388b6d1c8,bda388b6d1c82f69d4744685ae2454b972f397191638b15a920e5f6fb03b2ea2,0.5938752294,if6_consensus_when_public_priors_concordant_with_d4
4d5_her2,4d5_her2:0000397:9d683b62a5ed,9d683b62a5ed88e43d4fa3d8e3c43c5eb9dd3b5ccbf02cdfd75faf4f2b24562b,0.5597242117,if6_consensus_when_public_priors_concordant_with_d4
4d5_her2,4d5_her2:0000398:3644054b5d10,3644054b5d100db6d0f2f3e04ef90c13dab89a84cfde7576c7b8270650f9f648,0.3007856309,if6_consensus_when_public_priors_concordant_with_d4
4d5_her2,4d5_her2:0000399:bde42ca3abe4,bde42ca3abe46c167bc4ced4ff04fb077eb86f08f5383cebb2132dc13a493309,0.5097001791,if6_consensus_when_public_priors_concordant_with_d4
4d5_her2,4d5_her2:0000400:ea5925e7c93f,ea5925e7c93ff29a5c4597bf4db92ea4a4d3bd70405ea11258465017114ad8fd,0.5542728901,if6_consensus_when_public_priors_concordant_with_d4
4d5_her2,4d5_her2:0000401:8f7faf1272ef,8f7faf1272ef19b103ef9ae0d07b321215547378e91bb4b1f89c4f36539966ae,0.25621292,if6_consensus_when_public_priors_concordant_with_d4
4d5_her2,4d5_her2:0000402:9e7a42dace71,9e7a42dace7120ef76dfdf62f7e914bdb4f520ed51241724aa2284f89c30ac6f,0.1367644668,if6_consensus_when_public_priors_concordant_with_d4
4d5_her2,4d5_her2:0000403:9136c07890e0,9136c07890e0d217c67a4b4cdf6137f348940d098ee03bb27e50a3b6eca9f8f5,0.2874779701,if6_consensus_when_public_priors_concordant_with_d4
4d5_her2,4d5_her2:0000404:bcccde656d63,bcccde656d63fddaea2f0ddf4aacaba4ccd439e0c94f68be8b0825259f80723f,0.3365399837,if6_consensus_when_public_priors_concordant_with_d4
4d5_her2,4d5_her2:0000405:0104bcdf738d,0104bcdf738d28017411f05f8721b11f4aba85d3c01561053f36ed58c4acf30d,0.3161776662,if6_consensus_when_public_priors_concordant_with_d4
4d5_her2,4d5_her2:0000406:0ad0dbf12e0a,0ad0dbf12e0ab0e1ecd394c67e5bbc49c4d588522e1347597f8d06a5a8f6f46e,0.246592924,if6_consensus_when_public_priors_concordant_with_d4
4d5_her2,4d5_her2:0000407:da9dcc003be2,da9dcc003be21c9bd3a8b8078261e9f31652104e6a17720df7530dd5051aa9ef,0.2741702497,if6_consensus_when_public_priors_concordant_with_d4
4d5_her2,4d5_her2:0000408:52d9695af6b4,52d9695af6b4a223ebfa256a4e36ab4349f5fac8a210216efce0fea54ed95d9c,0.6474266648,if6_consensus_when_public_priors_concordant_with_d4
4d5_her2,4d5_her2:0000409:5b5b22a1d572,5b5b22a1d5724b9e2982da966de475f3615c0b4c0c8e483b0a295b37100aebce,0.3283629715,if6_consensus_when_public_priors_concordant_with_d4
4d5_her2,4d5_her2:0000410:8b48488948ef,8b48488948efdc935ddee53837c8eee4062ad246156cbb5836ac20f6f8be306c,0.2726471126,if6_consensus_when_public_priors_concordant_with_d4
4d5_her2,4d5_her2:0000411:412025cfa347,412025cfa347e8bdd50be74dd959c92ab25039c510240dac5175ffe5f43f848a,0.5706269145,if6_consensus_when_public_priors_concordant_with_d4
4d5_her2,4d5_her2:0000412:86c9ec9450cb,86c9ec9450cbabfa2f74139bfd016c5e2e3ee59ae6f96464f37b99293ea0bf79,0.5956389308,if6_consensus_when_public_priors_concordant_with_d4
4d5_her2,4d5_her2:0000413:aa98e270d419,aa98e270d419dbf416ac578c99294d5fff666899824e00d43c815169a3672076,0.3950617313,if6_consensus_when_public_priors_concordant_with_d4
4d5_her2,4d5_her2:0000414:d85798fb4cbb,d85798fb4cbb1d3efdf6ab5258884b1370c0f007f74c65ec29eedcaac57fa17b,0.5799262524,if6_consensus_when_public_priors_concordant_with_d4
4d5_her2,4d5_her2:0000415:f9817f943ea8,f9817f943ea85644d6ac53bbb622330bf006a0f4734a790f37df721629558b63,0.3819143772,if6_consensus_when_public_priors_concordant_with_d4
4d5_her2,4d5_her2:0000416:7b2951c08a22,7b2951c08a229a7a4dc2e61d81e3a5b4bffe25248314acff3d955f30a75473cb,0.4157447517,if6_consensus_when_public_priors_concordant_with_d4
4d5_her2,4d5_her2:0000417:f4cac701cda3,f4cac701cda3a300633eafb088384e16048547c0abf190034bdc5005aacc9aeb,0.2924482822,if6_consensus_when_public_priors_concordant_with_d4
4d5_her2,4d5_her2:0000418:0aa04c410991,0aa04c4109919404eb88a46dfab48c803874acb5bc908fe87d0f6cae1f020093,0.4135000706,if6_consensus_when_public_priors_concordant_with_d4
4d5_her2,4d5_her2:0000419:aced0ea70df3,aced0ea70df3260d2fa017662ce2d5de4de470fa0fb73abf831e45af94f5588a,0.4723424911,if6_consensus_when_public_priors_concordant_with_d4
4d5_her2,4d5_her2:0000420:9385617b49ac,9385617b49ac61e0b492f3bc6d46d2254db4159d98c7b193af06b4bd88f46005,0.3626743555,if6_consensus_when_public_priors_concordant_with_d4
4d5_her2,4d5_her2:0000421:dd13cc24f730,dd13cc24f73057fe58cb63ed08bc1c8e4515774da35e5566d48b149f55ed1f14,0.2672759295,if6_consensus_when_public_priors_concordant_with_d4
4d5_her2,4d5_her2:0000422:d24b91da5bbd,d24b91da5bbd78ed374a1bca5be3c50816af643e984788495bd843b2b05c611a,0.2655122578,if6_consensus_when_public_priors_concordant_with_d4
4d5_her2,4d5_her2:0000423:f645b4a32fc6,f645b4a32fc69c2042de508b57a0b72cd557982d5a30103cc49b1ea9afa61aba,0.1720378399,if6_consensus_when_public_priors_concordant_with_d4
4d5_her2,4d5_her2:0000424:87147d59c010,87147d59c010fd9cff865fb1d441eb179852175e20806500a714baecc8a64c51,0.3036716282,if6_consensus_when_public_priors_concordant_with_d4
4d5_her2,4d5_her2:0000425:18c8a644430a,18c8a644430aa862baf6056097b5f3a8458276bb5542a6ebb3d8fd85c2181840,0.4739457667,if6_consensus_when_public_priors_concordant_with_d4
4d5_her2,4d5_her2:0000426:1b5cd6109a8c,1b5cd6109a8cf44cb21d260ce47f7fb23547f81391de75bba5722959f6b3f146,0.3554593623,if6_consensus_when_public_priors_concordant_with_d4
4d5_her2,4d5_her2:0000427:bc42935d9c03,bc42935d9c03fc1178c1a22c152408f50ab10643c439186427924fec7b1bdfcf,0.2374538928,if6_consensus_when_public_priors_concordant_with_d4
4d5_her2,4d5_her2:0000428:b55bf6f2f5b2,b55bf6f2f5b21f625c13a31253a18507095efed2edadbc63ee024c645a3d9f4b,0.2037037015,if6_consensus_when_public_priors_concordant_with_d4
4d5_her2,4d5_her2:0000429:b3d64159b5f1,b3d64159b5f1b769a39c15c659b2e29ea80bf4b2ece5d158368a5d3d4c565901,0.3763027191,if6_consensus_when_public_priors_concordant_with_d4
4d5_her2,4d5_her2:0000430:55e41b787579,55e41b7875799e53b3d79205786034fcb71e7c56567cf9d34b0330b49b8667f9,0.4798781574,if6_consensus_when_public_priors_concordant_with_d4
4d5_her2,4d5_her2:0000431:c0b3d5ea56d4,c0b3d5ea56d495c1b5e6fd9ab3a8bb83842ad3b4a66275954f859ee3c9600e37,0.6176046729,if6_consensus_when_public_priors_concordant_with_d4
4d5_her2,4d5_her2:0000432:24f4a24b37f8,24f4a24b37f8267c5e20dcc58557d5ea29631a2bcf209dceebb25e172b286503,0.738656342,if6_consensus_when_public_priors_concordant_with_d4
4d5_her2,4d5_her2:0000433:445a50fb6dc0,445a50fb6dc0abd9d79e491589e641eae6eb2f6bb0b918c660651f98accb665a,0.2629469335,if6_consensus_when_public_priors_concordant_with_d4
4d5_her2,4d5_her2:0000434:88d7975e30de,88d7975e30de5f16fd7689a3d681583c03d221604cc7e652fa8f5089bc9f9745,0.734808445,if6_consensus_when_public_priors_concordant_with_d4
4d5_her2,4d5_her2:0000435:c424251c8c57,c424251c8c57f44bd1643cea3ccd867a930b6cbec1c5476182c80e55999cabc1,0.4379509389,if6_consensus_when_public_priors_concordant_with_d4
4d5_her2,4d5_her2:0000436:7f633b1adb24,7f633b1adb247bd86254ef819790050fe4808404b75f1cecfbbb13c18ccfc144,0.5680615902,if6_consensus_when_public_priors_concordant_with_d4
4d5_her2,4d5_her2:0000437:6b26d64e97ad,6b26d64e97adc65b149cd5d5ab3fb028c011dd3f8b9760a6c7b6f243a4ebaec2,0.3120089769,if6_consensus_when_public_priors_concordant_with_d4
4d5_her2,4d5_her2:0000438:40bcfaf134fd,40bcfaf134fdab93e056acebbf669fc5893ed105074f7fd396c2b0d81666a21c,0.7678370476,if6_consensus_when_public_priors_concordant_with_d4
4d5_her2,4d5_her2:0000439:f1d9dfb3fa1d,f1d9dfb3fa1de9121e69e6b5f05caee64628da8d5bf06fcdef8e15bb8953ad10,0.09074875712,if6_consensus_when_public_priors_concordant_with_d4
4d5_her2,4d5_her2:0000440:0e4338379fb4,0e4338379fb42aff1e53d74a5e64678ae897dfd090af640c2ca2a30e8c77f592,0.2260702252,if6_consensus_when_public_priors_concordant_with_d4
4d5_her2,4d5_her2:0000441:899257ab7cca,899257ab7ccaf2801c477226ff37b7acd145ba3c4c7151f7dafbbe48eab5a11e,0.562610209,if6_consensus_when_public_priors_concordant_with_d4
4d5_her2,4d5_her2:0000442:9f87c09b6ecb,9f87c09b6ecbce91bc45e6053e9d70fd8374b0e9b863b5640edcb1a564b83e0e,0.6748436093,if6_consensus_when_public_priors_concordant_with_d4
4d5_her2,4d5_her2:0000443:42fcfb2d6949,42fcfb2d694983c043490d627c29fcab87e9e7625076b720c5434d7a9fb34a3c,0.5699855685,if6_consensus_when_public_priors_concordant_with_d4
4d5_her2,4d5_her2:0000444:fc9a3f0df89a,fc9a3f0df89a5a8c0eb8d160b95a467bd6e1c4e62c266ff8175b8898f051da0d,0.4542248249,if6_consensus_when_public_priors_concordant_with_d4
4d5_her2,4d5_her2:0000445:cd8e77f27661,cd8e77f27661a4da3c128e15ced519976df0ef7abb10b3daaa13a2307bf4fb8a,0.5424883962,if6_consensus_when_public_priors_concordant_with_d4
4d5_her2,4d5_her2:0000446:6d649a1cf1a3,6d649a1cf1a302def58767cacdaad06bf200ad51bb709b70ce21c202b229998d,0.5286195278,if6_consensus_when_public_priors_concordant_with_d4
4d5_her2,4d5_her2:0000447:b0d805ae84d7,b0d805ae84d77524b200db619000267fd83248d95f48030cd97dfd24abbf2e2b,0.08433541656,if6_consensus_when_public_priors_concordant_with_d4
4d5_her2,4d5_her2:0000448:353a32c70961,353a32c709612f6dd0376fcec4276dd5aa76709ed398e3fd25576dc5a1f56157,0.2643899322,if6_consensus_when_public_priors_concordant_with_d4
4d5_her2,4d5_her2:0000449:e4de91f3f0a3,e4de91f3f0a3e7d116a7c27b5957eba69d490cd844b831cd8ddd89984750c6f4,0.308642,if6_consensus_when_public_priors_concordant_with_d4
4d5_her2,4d5_her2:0000450:6931ea26901f,6931ea26901fdfbd5dd4f6e26b209ca5c972c56be120fd82d926ffe207811fe3,0.7065896988,if6_consensus_when_public_priors_concordant_with_d4
4d5_her2,4d5_her2:0000451:f7ebec18e199,f7ebec18e199edd262d25bd536c4a80414dd417a535eeb6af8aa83f9c003402b,0.2443482429,if6_consensus_when_public_priors_concordant_with_d4
4d5_her2,4d5_her2:0000452:e3b434669105,e3b43466910596363b0264cf284136eadde4265e38a526295f55378122db9817,0.4231201112,if6_consensus_when_public_priors_concordant_with_d4
4d5_her2,4d5_her2:0000453:70369429b545,70369429b5454a1d8b44072f28cdf8b2369edb4787aa53770cfc5c6768face7e,0.5703062415,if6_consensus_when_public_priors_concordant_with_d4
4d5_her2,4d5_her2:0000454:2a1f0885ca25,2a1f0885ca257af8e0d19f8e5d8b5b69ebd0b1c12873d6126ab99673771a7978,0.7367324233,if6_consensus_when_public_priors_concordant_with_d4
4d5_her2,4d5_her2:0000455:9f85235b70a1,9f85235b70a1c9f0ed44997efcbb80ce407f71589c4f5caf858bd4f34c10f0b6,0.2931697965,if6_consensus_when_public_priors_concordant_with_d4
4d5_her2,4d5_her2:0000456:7c04afcb73ed,7c04afcb73edf16f096f67390e85557790e13577161a0d844fb1745935f4824f,0.5117043853,if6_consensus_when_public_priors_concordant_with_d4
4d5_her2,4d5_her2:0000457:c1f3a3479618,c1f3a3479618e04155291ed8e433bb6cfbf57d1f1e9057190b9149018c620e37,0.2430655807,if6_consensus_when_public_priors_concordant_with_d4
4d5_her2,4d5_her2:0000458:b920ace34f2f,b920ace34f2ff6b0114d7d5fd1af8e91bd9e13c239c381335809f3d1f0ff2a16,0.4438031018,if6_consensus_when_public_priors_concordant_with_d4
4d5_her2,4d5_her2:0000459:ab433aff5187,ab433aff5187eafeca4a093546f5f2cfa1824323e85a325da8ed5f0f32d0ce25,0.4421997964,if6_consensus_when_public_priors_concordant_with_d4
4d5_her2,4d5_her2:0000460:48792d5dea0c,48792d5dea0cda25ebf9a5520a35309ba3bf057e05da18a5bce08b174d494eb3,0.2313612252,if6_consensus_when_public_priors_concordant_with_d4
4d5_her2,4d5_her2:0000461:68164e9a8f92,68164e9a8f92d4270f1f526ddb96ccb00f4a13a7eec0c5aaaa6402947c38da42,0.2182138711,if6_consensus_when_public_priors_concordant_with_d4
4d5_her2,4d5_her2:0000462:34e185ce3b2d,34e185ce3b2d9b6b76af9df6b8204bafb6be9cc63db7ac906a7cbc3a5e24542c,0.4446047544,if6_consensus_when_public_priors_concordant_with_d4
4d5_her2,4d5_her2:0000463:02099113f712,02099113f71293d94f086faafef532595d2e427216c8e969a7e19461868c6092,0.2013788819,if6_consensus_when_public_priors_concordant_with_d4
4d5_her2,4d5_her2:0000464:2043e76ecce0,2043e76ecce07ac0363e33b8fae5f818ba9574bb3ea41071f33fc7c99542e74d,0.1144781113,if6_consensus_when_public_priors_concordant_with_d4
4d5_her2,4d5_her2:0000465:55f4bf3ba51b,55f4bf3ba51bb03c87ef1e8ef52d093b152b40b864014ac1cf34e96756859fb0,0.3565816879,if6_consensus_when_public_priors_concordant_with_d4
4d5_her2,4d5_her2:0000466:4daccd5c101d,4daccd5c101d7238d1b186077d5ede4b4f344365b96c7c2459e18fdd308704bd,0.5994869471,if6_consensus_when_public_priors_concordant_with_d4
4d5_her2,4d5_her2:0000467:668bbbb06e6f,668bbbb06e6f8e9cd16dac2f5b1a70ad0249edbba3108a55394531de2a18f51f,0.4240821302,if6_consensus_when_public_priors_concordant_with_d4
4d5_her2,4d5_her2:0000468:0dc300166057,0dc300166057032845161c85ed7fc77eaf16333be9f33e5c81fa854be3cfbd16,0.5132275224,if6_consensus_when_public_priors_concordant_with_d4
4d5_her2,4d5_her2:0000469:b612b751e99b,b612b751e99b554839eb798256e4125c90c087a43ab8c26d39f9b5e680221f84,0.5263748765,if6_consensus_when_public_priors_concordant_with_d4
4d5_her2,4d5_her2:0000470:7fe0ad4f9f45,7fe0ad4f9f450c9faa0392fe9aaf3664aecfd6013679f17bcd3489c95d5f40a0,0.6567259431,if6_consensus_when_public_priors_concordant_with_d4
4d5_her2,4d5_her2:0000471:6123d8e52798,6123d8e5279832f1d8c589a8af37f5e3b8a0dcfff08593028bade69cc87623ac,0.6251403093,if6_consensus_when_public_priors_concordant_with_d4
4d5_her2,4d5_her2:0000472:19a3c2ccaaf5,19a3c2ccaaf545264bd33fad0fd3156fc0bdba994e074685d26ea6570c4094c2,0.7415423989,if6_consensus_when_public_priors_concordant_with_d4
4d5_her2,4d5_her2:0000473:8cb90ef84ca5,8cb90ef84ca5e1a7c93973f804d9d3970fd58023ff3cb84a2709504772fb6dff,0.6509540081,if6_consensus_when_public_priors_concordant_with_d4
4d5_her2,4d5_her2:0000474:2f02d808d031,2f02d808d031b1a11609d06b6576673e1537be1edee954aff2a500ef61951252,0.1518358141,if6_consensus_when_public_priors_concordant_with_d4
4d5_her2,4d5_her2:0000475:08e0ac047750,08e0ac047750d630ee57c799de1f9cf1085b4b133c43c374e575c81c858af2b1,0.3561006784,if6_consensus_when_public_priors_concordant_with_d4
4d5_her2,4d5_her2:0000476:e193f6aef6c2,e193f6aef6c23beddd85797495a7242ae06caaf74919b5a000ec4faaf74100e0,0.1074234322,if6_consensus_when_public_priors_concordant_with_d4
4d5_her2,4d5_her2:0000477:e6f5a826521c,e6f5a826521cc59a76735c65becdba391bcb24a590037062ec74b4f21924db4c,0.4957511425,if6_consensus_when_public_priors_concordant_with_d4
4d5_her2,4d5_her2:0000478:547cba673b5f,547cba673b5fa4a159db5bea6baf52ef587dcd5da8a3971f10dddd7147cc0eaf,0.5435305238,if6_consensus_when_public_priors_concordant_with_d4
4d5_her2,4d5_her2:0000479:5cfa1c913d30,5cfa1c913d30034812cd9d8f2dee218a3f430ad3214f216d198c494a4fa96e81,0.9233605862,if6_consensus_when_public_priors_concordant_with_d4
4d5_her2,4d5_her2:0000480:9f20babcc0e0,9f20babcc0e097b8e21ae2e9491923bed0821162b27bc3ee09d897d9cf9158a5,0.0450537093,if6_consensus_when_public_priors_concordant_with_d4
4d5_her2,4d5_her2:0000481:1d7360711121,1d7360711121ff37fa10500939e41a5d53e4f7e9111b71e6a513aa25ae667b41,0.3487253487,if6_consensus_when_public_priors_concordant_with_d4
4d5_her2,4d5_her2:0000482:33b61157b9e4,33b61157b9e4be80cea841c904607d1114937e1708751bc9364d83d57a596572,0.4826037884,if6_consensus_when_public_priors_concordant_with_d4
4d5_her2,4d5_her2:0000483:168d2788e72b,168d2788e72bb44f00f2f10f4a92694ef59ba0f4d3a29a17489c189fdfac54e7,0.3278819621,if6_consensus_when_public_priors_concordant_with_d4
4d5_her2,4d5_her2:0000484:c2fd056a19c0,c2fd056a19c0b35679258bee5ff9580a7ee9116c3eaa88fff5b7b0206df2e33b,0.2552509308,if6_consensus_when_public_priors_concordant_with_d4
4d5_her2,4d5_her2:0000485:d3bb0c95a169,d3bb0c95a169a79eab10c7a90c3a5ca081db709e44f2b6b61b8e5e4c6e0773e4,0.5353535414,if6_consensus_when_public_priors_concordant_with_d4
4d5_her2,4d5_her2:0000486:b5ad96908485,b5ad96908485247aabec4d0e8f63e3a4fdd54965d4aad5cbf5ba22b5e34084a3,0.4256052673,if6_consensus_when_public_priors_concordant_with_d4
4d5_her2,4d5_her2:0000487:221f6cae98f1,221f6cae98f183c46bafcb6b77ceef59b1551b05e8a532cbe10b0692a8b1a237,0.05291005597,if6_consensus_when_public_priors_concordant_with_d4
4d5_her2,4d5_her2:0000488:8a7169cb5bd7,8a7169cb5bd738a63c0cccdc0aad645386a415d5db443f52d8d0662a89b2be9e,0.4551868141,if6_consensus_when_public_priors_concordant_with_d4
4d5_her2,4d5_her2:0000489:134be16e57fa,134be16e57fa592fa31484308932433cfa55469ed742c1beec1b05d97f870fb4,0.3931377232,if6_consensus_when_public_priors_concordant_with_d4
4d5_her2,4d5_her2:0000490:1df9413ac1d6,1df9413ac1d687795b6c568be21fe7645fd0278fc68929bcc76f0ad5b21257c6,0.3949014246,if6_consensus_when_public_priors_concordant_with_d4
4d5_her2,4d5_her2:0000491:0511233c00d3,0511233c00d3cd6c8d198c1e82ede7ef9005ef3a3dfaf06eec55ebc834d4c83c,0.4506974518,if6_consensus_when_public_priors_concordant_with_d4
4d5_her2,4d5_her2:0000492:91ed9071334d,91ed9071334d8c0e02570769ffbeda64f5a69ecbe1b6826fce6af0692d76c491,0.2993426323,if6_consensus_when_public_priors_concordant_with_d4
4d5_her2,4d5_her2:0000493:ecc0319a2b78,ecc0319a2b78338e93467e1dba33fcfb46fded61a11bb7fb1f33358145e82f8c,0.7274330258,if6_consensus_when_public_priors_concordant_with_d4
4d5_her2,4d5_her2:0000494:a498dc0b5cf3,a498dc0b5cf366c5a7b0a2a08eb7b2cfc62b57791dbae468f609544c872eae56,0.2033028752,if6_consensus_when_public_priors_concordant_with_d4
4d5_her2,4d5_her2:0000495:d4884f3c824a,d4884f3c824a2faaa4e3fb8bd0f4d2be29fb400365cf836816e52deb75a0988d,0.441718787,if6_consensus_when_public_priors_concordant_with_d4
4d5_her2,4d5_her2:0000496:7fab4defe355,7fab4defe355a19f39096db5efd816302d4247b4b317c2c96381fc740eed003e,0.4890171587,if6_consensus_when_public_priors_concordant_with_d4
4d5_her2,4d5_her2:0000497:58b30ada2cb3,58b30ada2cb32e82ddb19cc857c380da76d467e230f24b0690aba60f5cc10df6,0.5438511968,if6_consensus_when_public_priors_concordant_with_d4
4d5_her2,4d5_her2:0000498:5d548ad6d494,5d548ad6d49448102426da92545d44eee1fe4fa958bb3757fbfc966dd83c9436,0.4191117287,if6_consensus_when_public_priors_concordant_with_d4
4d5_her2,4d5_her2:0000499:e2ac2e85feef,e2ac2e85feefb7ece5030d90b44ca6b71082e31bd593851a07af131be1ee7714,0.8268398643,if6_consensus_when_public_priors_concordant_with_d4
4d5_her2,4d5_her2:0000500:d687c85e32cc,d687c85e32ccd0a934c3b470d31dfafc0bf2a8b6b66cc04c50b0220fbdfb4702,0.7096360326,if6_consensus_when_public_priors_concordant_with_d4
4d5_her2,4d5_her2:0000501:33b57bb70ea6,33b57bb70ea6daf947bc18bc714ece4e1b66daaeaa06f4b4bcab1d537269a88e,0.4651274681,if6_consensus_when_public_priors_concordant_with_d4
4d5_her2,4d5_her2:0000502:5aa1fc564166,5aa1fc5641660c548689f5f1b99526c33e792a2419b9dab3acbf588f01399d5f,0.5210838318,if6_consensus_when_public_priors_concordant_with_d4
4d5_her2,4d5_her2:0000503:9c8813044e5e,9c8813044e5eac608270353ee0893c5535f51fa49d130a3d0dc2aaf049aa328e,0.2358505726,if6_consensus_when_public_priors_concordant_with_d4
4d5_her2,4d5_her2:0000504:1b9904336a79,1b9904336a79a5d03d308fa36fddc1301510141fc2644f8232a989374804edb9,0.5244508386,if6_consensus_when_public_priors_concordant_with_d4
4d5_her2,4d5_her2:0000505:b772a7123f75,b772a7123f7527da8ab99cae1b4c90ed50852559953cc1ac41457fff9fb2164d,0.3976270854,if6_consensus_when_public_priors_concordant_with_d4
4d5_her2,4d5_her2:0000506:3ddc87eae921,3ddc87eae9211e15a5eeaaec236fc0e921eba2384c80d940f3ed06e65e20a1dc,0.5331088901,if6_consensus_when_public_priors_concordant_with_d4
4d5_her2,4d5_her2:0000507:6be74f6d41db,6be74f6d41dbdc489325c27ec1ab667708908eb9897b4161dfb44babb038030d,0.3833573759,if6_consensus_when_public_priors_concordant_with_d4
4d5_her2,4d5_her2:0000508:ef8be8b6430e,ef8be8b6430ed2818a49a309bddb14f1730dae4cafb783a373d49aca64311fbb,0.3535353243,if6_consensus_when_public_priors_concordant_with_d4
4d5_her2,4d5_her2:0000509:0e18c534a62b,0e18c534a62b00888f2fd71f7cfa4f70d02f767bc54be3200df2f398903bf9ba,0.4640051126,if6_consensus_when_public_priors_concordant_with_d4
4d5_her2,4d5_her2:0000510:652f3b4641f3,652f3b4641f34b46b6b937ee3556266bf58478d9ff57a8752de2bb9afb7d3e05,0.562289536,if6_consensus_when_public_priors_concordant_with_d4
4d5_her2,4d5_her2:0000511:562e70b13f69,562e70b13f698e97a02b51043eb40c3edbb5dd9df9075fb175b2ef2b69078758,0.5661375523,if6_consensus_when_public_priors_concordant_with_d4
4d5_her2,4d5_her2:0000512:f268628c54b6,f268628c54b6f0780c30b9c7a7611fca05b6586740ba2c7944eba46ffe6a3a67,0.5951579213,if6_consensus_when_public_priors_concordant_with_d4
4d5_her2,4d5_her2:0000513:6872d33a9906,6872d33a99064aba18993966ffa6108a95c49bed240209581994f14b5f161959,0.5098605156,if6_consensus_when_public_priors_concordant_with_d4
4d5_her2,4d5_her2:0000514:3fc61e32c0bb,3fc61e32c0bbd0b9763e40bc6951a559c6485cf1894c24a5e748d46740747762,0.5185185075,if6_consensus_when_public_priors_concordant_with_d4
4d5_her2,4d5_her2:0000515:8d473390ddc6,8d473390ddc65b394aee32dbef22ef9b0c657c2f116a3368a8e0e83356de0dee,0.7651114464,if6_consensus_when_public_priors_concordant_with_d4
4d5_her2,4d5_her2:0000516:4f150bfc9a5b,4f150bfc9a5b96eda0295720ece1a874e79f6aa7d4a2a90c00d73ad54f3d7587,0.5005611777,if6_consensus_when_public_priors_concordant_with_d4
4d5_her2,4d5_her2:0000517:13ffd929867e,13ffd929867ea2bd87b41226219efbe65c74190dcc4aa0f3e9fcf6448b5b3957,0.4684944451,if6_consensus_when_public_priors_concordant_with_d4
4d5_her2,4d5_her2:0000518:64ef0eeba48e,64ef0eeba48e5c028e5a9d0e8bad5953af7aceeaec7a68562c3d10808c4c4d9e,0.2886002958,if6_consensus_when_public_priors_concordant_with_d4
4d5_her2,4d5_her2:0000519:6c410323ac28,6c410323ac28950a0e161df90e5b163399c9bf7d83fb708dbab01a400524960e,0.3337341845,if6_consensus_when_public_priors_concordant_with_d4
4d5_her2,4d5_her2:0000520:c3d989ab1a79,c3d989ab1a791ba1c3fa41b270d71fcb18df567fe569a6e239367a1902263380,0.4537437856,if6_consensus_when_public_priors_concordant_with_d4
4d5_her2,4d5_her2:0000521:be76650e0814,be76650e0814bbb20ca1d9d48efe27e6d069501cc9caf9fbcb2809f244ff1375,0.3589867055,if6_consensus_when_public_priors_concordant_with_d4
4d5_her2,4d5_her2:0000522:eec7b35482d3,eec7b35482d30580dfa1a3ef47aac0479d64940bff8c6582ee9b652e635babc6,0.3841590583,if6_consensus_when_public_priors_concordant_with_d4
4d5_her2,4d5_her2:0000523:0952709de57a,0952709de57aaa49b0902fe3e50ae1962914e754be7011f736617475c5e1ee6f,0.3474426568,if6_consensus_when_public_priors_concordant_with_d4
4d5_her2,4d5_her2:0000524:1a942e410c3d,1a942e410c3d689a02020e4a7164734658b2f253452bcf935c48de1739396f55,0.1566458195,if6_consensus_when_public_priors_concordant_with_d4
4d5_her2,4d5_her2:0000525:2bbfe72ad4d8,2bbfe72ad4d841055d3fdaa678c5091b8e75993be33249aaebb748d03ba9e4fe,0.9082892537,if6_consensus_when_public_priors_concordant_with_d4
4d5_her2,4d5_her2:0000526:2a450ba1a20d,2a450ba1a20d8eabb7d1e4e89327b8a34aa6c94ab5986fd28fd3025d0ce87b9e,0.3989097178,if6_consensus_when_public_priors_concordant_with_d4
4d5_her2,4d5_her2:0000527:a44a6ce12050,a44a6ce1205095286c05cb63c149015de2b01a28fcba57d23c2710317e8285a1,0.150873825,if6_consensus_when_public_priors_concordant_with_d4
4d5_her2,4d5_her2:0000528:43cbf71260b5,43cbf71260b54086d47eb4bba8b9f7ba65b528081ac35a274701010f08c10aae,0.229437232,if6_consensus_when_public_priors_concordant_with_d4
4d5_her2,4d5_her2:0000529:c7efdf42a8fc,c7efdf42a8fcedd39b4f7a17d8ca24b82611a28782413667cfed0056630d1bb5,0.6823793054,if6_consensus_when_public_priors_concordant_with_d4
4d5_her2,4d5_her2:0000530:eb2bbfd2b099,eb2bbfd2b099d7b3e543e32dbb996d394735f7f7bb8c929290d4c1341b794a44,0.3174602985,if6_consensus_when_public_priors_concordant_with_d4
4d5_her2,4d5_her2:0000531:3c59963d1bf4,3c59963d1bf4a773fd52bd06f4176153a056eaf5b22f600471480cf980daf55d,0.3187429607,if6_consensus_when_public_priors_concordant_with_d4
4d5_her2,4d5_her2:0000532:a8382f7af430,a8382f7af4307d629f06cf0f91ddfa1995583ad429049680a285f6ef5710685b,0.4303350747,if6_consensus_when_public_priors_concordant_with_d4
4d5_her2,4d5_her2:0000533:17a3fb0a2f88,17a3fb0a2f88b9ecc23a19921762a4514ee18a9366febb69ae810e0fcb3dc25b,0.5023248196,if6_consensus_when_public_priors_concordant_with_d4
4d5_her2,4d5_her2:0000534:7563100deafa,7563100deafa22dde54daca22628f0d586c6f24b30f9d360025425444405705f,0.5417668223,if6_consensus_when_public_priors_concordant_with_d4
4d5_her2,4d5_her2:0000535:218851996123,218851996123759515822aabcdfc46f9edd11d9db9c88b4c16354a34db4d7522,0.3780663908,if6_consensus_when_public_priors_concordant_with_d4
4d5_her2,4d5_her2:0000536:6062571cf9f4,6062571cf9f46d66602354cab9fa6ece8b2744048c814ed397b2f97ed2dcaa64,0.3742183745,if6_consensus_when_public_priors_concordant_with_d4
4d5_her2,4d5_her2:0000537:127ed4fc748f,127ed4fc748f78a977fd866e48878b7ddba3a2fd4dd279383e7be31718c69df2,0.4309764206,if6_consensus_when_public_priors_concordant_with_d4
4d5_her2,4d5_her2:0000538:c53eff6216fa,c53eff6216fad06ce573836c3accf9900aea749df580fff72d17e8e9c7544984,0.6317139268,if6_consensus_when_public_priors_concordant_with_d4
4d5_her2,4d5_her2:0000539:6f8b739a2c08,6f8b739a2c083eebeeafbe47b585168f323b96451d9b944a1a0c1ca994fc574f,0.623216331,if6_consensus_when_public_priors_concordant_with_d4
4d5_her2,4d5_her2:0000540:526b58a1aa47,526b58a1aa47481404a059c8a33ef957769ac35b5b86fbacf32fc33e84d63505,0.4927048385,if6_consensus_when_public_priors_concordant_with_d4
4d5_her2,4d5_her2:0000541:fb13e37548aa,fb13e37548aa43598ee12a1016217bf08629268852a7714ec47f9a897017e017,0.5072951913,if6_consensus_when_public_priors_concordant_with_d4
4d5_her2,4d5_her2:0000542:26ac6172ed4e,26ac6172ed4e46cecc3b9c19f79c694c58ff5be7820a3a878b6f3ad7003cefa2,0.6565656662,if6_consensus_when_public_priors_concordant_with_d4
4d5_her2,4d5_her2:0000543:0d7188f1bdcc,0d7188f1bdccd4feebfd3d78ec8f7dd26c9161213dc715178db38dca9a2ba548,0.328843981,if6_consensus_when_public_priors_concordant_with_d4
4d5_her2,4d5_her2:0000544:93e9992bd995,93e9992bd99568a56651f1d00a87b7950c3376fab4bc4e8ce0c9fe1e9249c910,0.493827194,if6_consensus_when_public_priors_concordant_with_d4
4d5_her2,4d5_her2:0000545:77bd4bce3c49,77bd4bce3c49042f36b64bafc06622749e664b382e54aaeb93fd50356234d216,0.2961359322,if6_consensus_when_public_priors_concordant_with_d4
4d5_her2,4d5_her2:0000546:846170a78672,846170a78672c20a7ac827b03475671e9be68f4aacebc75ee529af1d223a0cb6,0.6039762497,if6_consensus_when_public_priors_concordant_with_d4
4d5_her2,4d5_her2:0000547:26dc09506a63,26dc09506a635c339df5d69b493bb4c3b9270291f9177efae929c4d27303c83d,0.4288921058,if6_consensus_when_public_priors_concordant_with_d4
4d5_her2,4d5_her2:0000548:cb852f4919d4,cb852f4919d4d4b42ce62d175936626734e45d2436b62da2c932488b4aa404c6,0.4885362089,if6_consensus_when_public_priors_concordant_with_d4
4d5_her2,4d5_her2:0000549:a375ddc573c4,a375ddc573c46a8f4252bae47435cfc006c1edbcf853ac11226cfe6a8861340b,0.1907968521,if6_consensus_when_public_priors_concordant_with_d4
4d5_her2,4d5_her2:0000550:e22f101061ff,e22f101061ffab1aae35918d1cb6d2a5b56a969249d419f5a7a3e8035c9677e2,0.2345678955,if6_consensus_when_public_priors_concordant_with_d4
4d5_her2,4d5_her2:0000551:08ead6993d71,08ead6993d719caeccbe31f143ab2138c5e08a7011f6ea9d271090fc78b8d152,0.4665704668,if6_consensus_when_public_priors_concordant_with_d4
4d5_her2,4d5_her2:0000552:845c34a7c064,845c34a7c064c710fa6bb2d55f4249a21fcca107a5730eb788cca92bf8ff6863,0.2042648792,if6_consensus_when_public_priors_concordant_with_d4
4d5_her2,4d5_her2:0000553:13b9c0370154,13b9c03701549faabbf5970cca30c3c9582d8995d8d0e81566f2f6ab2e2fb980,0.3421516418,if6_consensus_when_public_priors_concordant_with_d4
4d5_her2,4d5_her2:0000554:edabbaebe702,edabbaebe702e949a7a1a3809c5978cd43b24de265365775c7bae9f5db6fb9bb,0.5574795604,if6_consensus_when_public_priors_concordant_with_d4
4d5_her2,4d5_her2:0000555:67bcac4f8dca,67bcac4f8dcaf1211144c936407ac7b995b3bd1015f7a83a99dd04b5b5ce5f27,0.4378707707,if6_consensus_when_public_priors_concordant_with_d4
4d5_her2,4d5_her2:0000556:d7ac72f47bdf,d7ac72f47bdfa2ef9e93b0f38232289a7c5a31525c95bde3b234b898dd48fc66,0.3867243826,if6_consensus_when_public_priors_concordant_with_d4
4d5_her2,4d5_her2:0000557:464b10e9e840,464b10e9e8407f5ce437e180bc4c9d252971855a39a80d5f5bb31d714b3e6e52,0.12810646,if6_consensus_when_public_priors_concordant_with_d4
4d5_her2,4d5_her2:0000558:64b08ee72a7c,64b08ee72a7cb2e24c363d0b08532257627f5837afe18768327a21a6731a3301,0.1303511262,if6_consensus_when_public_priors_concordant_with_d4
4d5_her2,4d5_her2:0000559:befd39b3b824,befd39b3b82467cadb4211fca09c51c4d59a207342c689fc4091c9075fc6c535,0.317620635,if6_consensus_when_public_priors_concordant_with_d4
4d5_her2,4d5_her2:0000560:e013d4855e6a,e013d4855e6aa9ab4e976e1d9e98755e3e056cf9d536158b1dc78704afaa5b87,0.6209716201,if6_consensus_when_public_priors_concordant_with_d4
4d5_her2,4d5_her2:0000561:fb0a2202fa15,fb0a2202fa15426382e2365cbf84d8391fd64424fe6b0e8ad1f709f9e7e4f7fd,0.222863555,if6_consensus_when_public_priors_concordant_with_d4
4d5_her2,4d5_her2:0000562:711b06bc5abd,711b06bc5abdce2aaec17f8d5364264c2ed92d3d6e8ed8179f62ff3b7c69a8b5,0.4462081194,if6_consensus_when_public_priors_concordant_with_d4
4d5_her2,4d5_her2:0000563:cc77404f3309,cc77404f3309b27f614503ace7b4d06445907827b50987bbc8e0c4ade4388b4a,0.1702741832,if6_consensus_when_public_priors_concordant_with_d4
4d5_her2,4d5_her2:0000564:af7f216c9a32,af7f216c9a3225a2f51748b3d9c9800db52f42daa704f08c431fb5fcf4e9a3ec,0.4232002497,if6_consensus_when_public_priors_concordant_with_d4
4d5_her2,4d5_her2:0000565:1eb0dbd05f73,1eb0dbd05f73304a8d68bd80458a155d259ea5efd6e5adab4a81a1b6e650361b,0.3485650122,if6_consensus_when_public_priors_concordant_with_d4
4d5_her2,4d5_her2:0000566:fa7d7bc2b469,fa7d7bc2b469d4a10aa4ff6760a2eb78f1a984d82013b3eb36a55594f7dd0db5,0.3846400678,if6_consensus_when_public_priors_concordant_with_d4
4d5_her2,4d5_her2:0000567:aee14ab0cf73,aee14ab0cf73bfc9dbb98dfc6149243c8aff84f2a9450bb0387d8f2534c36cd2,0.4309764206,if6_consensus_when_public_priors_concordant_with_d4
4d5_her2,4d5_her2:0000568:14c61cff82a0,14c61cff82a076e5e4f97e9e382a89a322fa5bfbc9cce5a64f14a3d3665fc9c8,0.7245470881,if6_consensus_when_public_priors_concordant_with_d4
4d5_her2,4d5_her2:0000569:2f8a3090e545,2f8a3090e545dabe09e0433fa795c92c21e68caea8459a3d417ce211c0657921,0.2214205712,if6_consensus_when_public_priors_concordant_with_d4
4d5_her2,4d5_her2:0000570:ffd4a77e88e8,ffd4a77e88e86641b8e8f163af0981579019d5481c017cd5bb8bee5c54469841,0.5080968738,if6_consensus_when_public_priors_concordant_with_d4
4d5_her2,4d5_her2:0000571:80146825dca8,80146825dca81e8e1f22a7f9cd52bf4b594ab5dc3223e1f96f8b9c4d35d50ff5,0.7870771289,if6_consensus_when_public_priors_concordant_with_d4
4d5_her2,4d5_her2:0000572:b15b4f37351b,b15b4f37351bfcaa74b4327e1a3976e32b6ddb7f2a7c9739961d6f0a32d99ade,0.3658810556,if6_consensus_when_public_priors_concordant_with_d4
4d5_her2,4d5_her2:0000573:00d10265d75c,00d10265d75ccae60d2e553f8aa007d17d0279491e34d5a3dcd31f72f8f8369a,0.1669071764,if6_consensus_when_public_priors_concordant_with_d4
4d5_her2,4d5_her2:0000574:b8c166a272fd,b8c166a272fdbe8e2e5bdea031c01dc000f24464b26e9541fd6501b6521d51ef,0.07840307802,if6_consensus_when_public_priors_concordant_with_d4
4d5_her2,4d5_her2:0000575:1c9c1f8af4c4,1c9c1f8af4c42f54d897677b445ea02f7a03fe7130f274fa8c356198e2d4adf1,0.2528459132,if6_consensus_when_public_priors_concordant_with_d4
4d5_her2,4d5_her2:0000576:977f9e89646e,977f9e89646e984c7d7d65ebb373dc480463f95fff46cc43f9d372660e1924e3,0.4117363989,if6_consensus_when_public_priors_concordant_with_d4
4d5_her2,4d5_her2:0000577:9465a0dde460,9465a0dde46082ac483abd3ec89d2c335124194283d6616d7df96626c4dec0b4,0.5754368901,if6_consensus_when_public_priors_concordant_with_d4
4d5_her2,4d5_her2:0000578:425b1ad7bc1a,425b1ad7bc1a9f2757500b42174136c8b44020158d39327c00f179144e957a49,0.2526855767,if6_consensus_when_public_priors_concordant_with_d4
4d5_her2,4d5_her2:0000579:688ba35f4a95,688ba35f4a95f0264de8041b26ee348901f5087a330fea33d8cb95e939728a8c,0.6139169335,if6_consensus_when_public_priors_concordant_with_d4
4d5_her2,4d5_her2:0000580:adebad526ae3,adebad526ae3be9dc582a2c8410dbeeac6a7d8622edf89a0eed2f95c89bc10e3,0.3864037097,if6_consensus_when_public_priors_concordant_with_d4
4d5_her2,4d5_her2:0000581:3e1c9102b08c,3e1c9102b08c30d1eb77084d60b3c33dbc7422911e0b62081bdd35c450a560f6,0.3442360163,if6_consensus_when_public_priors_concordant_with_d4
4d5_her2,4d5_her2:0000582:cc84968318cb,cc84968318cbb7608ce5f77645e4469527d7ecae9f842bbcb606dd961b4cec40,0.4797178209,if6_consensus_when_public_priors_concordant_with_d4
4d5_her2,4d5_her2:0000583:88c7979448f7,88c7979448f7d7f0734b6f02f4a5335ae1f8e66e4a44c2fe659a3a25bec255f8,0.3540163338,if6_consensus_when_public_priors_concordant_with_d4
4d5_her2,4d5_her2:0000584:72ed769e96a6,72ed769e96a6771ec535855b0580c0d4be919426e0d37936983c22e85aff7ec6,0.4599967897,if6_consensus_when_public_priors_concordant_with_d4
4d5_her2,4d5_her2:0000585:d480bd9d98b2,d480bd9d98b289d3326c4d5becf7f79275d4da3afd265ecf557c4494ee2cdd37,0.1633798331,if6_consensus_when_public_priors_concordant_with_d4
4d5_her2,4d5_her2:0000586:b667b3ed2ddd,b667b3ed2ddde1074f3de8bc5eb1799a3af4ef0a201edc127f12d75b9209c34a,0.7425044179,if6_consensus_when_public_priors_concordant_with_d4
4d5_her2,4d5_her2:0000587:f3c8b774c393,f3c8b774c393ffeb840b629aa9e396ba242531f68ff5dcecba587df616dc56c0,0.5994868875,if6_consensus_when_public_priors_concordant_with_d4
4d5_her2,4d5_her2:0000588:de8c2c6a953f,de8c2c6a953fd9cc3bc1d73e3554afbfc7da2f0277eb08d4af39c8afb288ebcf,0.3349367082,if6_consensus_when_public_priors_concordant_with_d4
4d5_her2,4d5_her2:0000589:c7c22c8bbff4,c7c22c8bbff4e298d14edac8f6304a3a7ed576aacb57b0db4177c6ec3ede0b8a,0.08497675508,if6_consensus_when_public_priors_concordant_with_d4
4d5_her2,4d5_her2:0000590:abbd579705e9,abbd579705e991f76021fcbd2b3efd7bde3aecfc1d665dc65f9d00f45aafeda5,0.2113195509,if6_consensus_when_public_priors_concordant_with_d4
4d5_her2,4d5_her2:0000591:586245540cf8,586245540cf83a6367a7c9aa4a55f50b3fc32df5b424a62732a3443274c6eda3,0.4593554437,if6_consensus_when_public_priors_concordant_with_d4
4d5_her2,4d5_her2:0000592:362ddbf02f5a,362ddbf02f5a0cf15e11b2eff13de23d06fc0bc885f82beb75ec0b7a9cf9cbcf,0.4130190611,if6_consensus_when_public_priors_concordant_with_d4
4d5_her2,4d5_her2:0000593:0b3e79ccd11c,0b3e79ccd11c31c7883694b53aed4d57aaafc665e89a38a609702681f8416b25,0.7059483528,if6_consensus_when_public_priors_concordant_with_d4
4d5_her2,4d5_her2:0000594:2f539b87c5ac,2f539b87c5ac979934ba381f89b2e8dc8f3fca901cc199d4491a158f4bca8341,0.3150553107,if6_consensus_when_public_priors_concordant_with_d4
4d5_her2,4d5_her2:0000595:d1e38bae42c8,d1e38bae42c86ddc9a0053e45af1c44b8673498c1cd801146328f141ca209318,0.5207631588,if6_consensus_when_public_priors_concordant_with_d4
4d5_her2,4d5_her2:0000596:6bb5a93f5d39,6bb5a93f5d396a2d959ba456b9cf334b61c7dc2785d206f7e655bb7667bc8f93,0.2435465604,if6_consensus_when_public_priors_concordant_with_d4
4d5_her2,4d5_her2:0000597:e58bf1661587,e58bf1661587743b16ae93229566cb6869caa0be52599ad8ff1a816c8d8108d2,0.1519961506,if6_consensus_when_public_priors_concordant_with_d4
4d5_her2,4d5_her2:0000598:535f87068869,535f870688698064d50af51cd17607daabf978b0efa40ef01abaef24a6382798,0.6198492646,if6_consensus_when_public_priors_concordant_with_d4
4d5_her2,4d5_her2:0000599:6c60d7c91b38,6c60d7c91b383dd19be32c8b0320604e5049f181314620d2cd7a6f1b32d7405a,0.458553791,if6_consensus_when_public_priors_concordant_with_d4
4d5_her2,4d5_her2:0000600:e8dfcb280491,e8dfcb280491346c3ed177928c1f7a1f3705fb958ccfe59a9290bc9b278568a4,0.6033349633,if6_consensus_when_public_priors_concordant_with_d4
4d5_her2,4d5_her2:0000601:be179d649f39,be179d649f39ea4ba2fecb15db97ef249f3f853932e832e94ed89750eda591d9,0.6382876039,if6_consensus_when_public_priors_concordant_with_d4
4d5_her2,4d5_her2:0000602:33fb9a20db27,33fb9a20db27ac0cdda103a781afb4cf0eebf6ecd54cca1c7dfda3fd796e2287,0.3458393514,if6_consensus_when_public_priors_concordant_with_d4
4d5_her2,4d5_her2:0000603:6e4797555b4b,6e4797555b4ba752a96ad39017662430bd90c2fcf3ae6e5f57ebe76330708fbb,0.5569985509,if6_consensus_when_public_priors_concordant_with_d4
4d5_her2,4d5_her2:0000604:389850906be1,389850906be1e2c99b45b8d858bb7e2cc05514440e04f9526ed46b8d4b32e4e4,0.2210998982,if6_consensus_when_public_priors_concordant_with_d4
4d5_her2,4d5_her2:0000605:23d484501165,23d4845011655b6ecd588191b55294af8c82ff72e70eedd97fd8a0e68aa224a2,0.8771845698,if6_consensus_when_public_priors_concordant_with_d4
4d5_her2,4d5_her2:0000606:be545f6e9457,be545f6e9457f6a7770eb07b6302b9590b1909bf207b0a9e3b52dae70ba52eea,0.704184711,if6_consensus_when_public_priors_concordant_with_d4
4d5_her2,4d5_her2:0000607:1cde65497187,1cde65497187a3b6d54b9aff0de1be0a79ecf79d46f3925a85c70ecb3a8cc5d0,0.6298701167,if6_consensus_when_public_priors_concordant_with_d4
4d5_her2,4d5_her2:0000608:5c40a40b8a28,5c40a40b8a28efe6eef324c418d3a29ed25c02304ecebe235e8fa200deb1b935,0.3071989715,if6_consensus_when_public_priors_concordant_with_d4
4d5_her2,4d5_her2:0000609:fc420c8e2f38,fc420c8e2f389a3a846565cd0da2ae8c5de4c01aef5e349e3815efc09e1c93c9,0.8725348115,if6_consensus_when_public_priors_concordant_with_d4
4d5_her2,4d5_her2:0000610:4d331a9822bc,4d331a9822bc19a95d45e117e23fa43d18fa8bd017a6cad887c23ce4f962f273,0.4667308033,if6_consensus_when_public_priors_concordant_with_d4
4d5_her2,4d5_her2:0000611:0cba1f1c7c2d,0cba1f1c7c2d4d57b29a720437331184ef5fdfe58f67970dc7dea73591cf4dab,0.6666666865,if6_consensus_when_public_priors_concordant_with_d4
4d5_her2,4d5_her2:0000612:44783daa3f2c,44783daa3f2cb84c227d079200e97b06638ee4d2aa05d928e990244621f619b3,0.3931377232,if6_consensus_when_public_priors_concordant_with_d4
4d5_her2,4d5_her2:0000613:2a76fd990e6b,2a76fd990e6b6925475a10f0b16a99d4a4856367b5ccd2f1025073db2fb1a4dc,0.5056918263,if6_consensus_when_public_priors_concordant_with_d4
4d5_her2,4d5_her2:0000614:4fb0b83174f8,4fb0b83174f8389ba94996536f78c12a5094006fbe2afcf78995461937d43768,0.4139810801,if6_consensus_when_public_priors_concordant_with_d4
4d5_her2,4d5_her2:0000615:25798bd4fa8b,25798bd4fa8b3a257b17dab9962f5ab6512cba8eb3d630bf8119db1a092663b3,0.3712521791,if6_consensus_when_public_priors_concordant_with_d4
4d5_her2,4d5_her2:0000616:27b1a3ad90de,27b1a3ad90de809ae7a7902784eaf8a87042738e802cd12c57d9b2184391a672,0.5406445265,if6_consensus_when_public_priors_concordant_with_d4
4d5_her2,4d5_her2:0000617:c85457d5cc67,c85457d5cc6704b48bdb291b77902eaa1bb8772c68d3ad7a3cd1ae2c74c3c017,0.3554593325,if6_consensus_when_public_priors_concordant_with_d4
4d5_her2,4d5_her2:0000618:2d6b75975ef9,2d6b75975ef92f286d15a23017be6cd218b01b1fcbcca5cda004582262ed6557,0.5703062415,if6_consensus_when_public_priors_concordant_with_d4
4d5_her2,4d5_her2:0000619:0c5b77093d3e,0c5b77093d3ea9b58147017b9597a84f9fbf5464d5fd141e3a85fac2f1087507,0.1213724539,if6_consensus_when_public_priors_concordant_with_d4
4d5_her2,4d5_her2:0000620:e74cd963c222,e74cd963c22239134445ffe79d40974e9ddf60b7c1503ca25ac4a10056e559c3,0.2417829037,if6_consensus_when_public_priors_concordant_with_d4
4d5_her2,4d5_her2:0000621:741343ac0686,741343ac068676f1980cdf3088529a2ad1eef9993f541d05cd79ad56ac6d5749,0.4415584505,if6_consensus_when_public_priors_concordant_with_d4
4d5_her2,4d5_her2:0000622:1e067f424f6e,1e067f424f6e737e03ae49e3d1754089b95d191b194fe577fdef453936527f74,0.6187269688,if6_consensus_when_public_priors_concordant_with_d4
4d5_her2,4d5_her2:0000623:7304c515843c,7304c515843c86dcf2ed6071b91aeab1611e5bc6db41ab2ffad610807b9bb838,0.07343274355,if6_consensus_when_public_priors_concordant_with_d4
4d5_her2,4d5_her2:0000624:c2b894b2772d,c2b894b2772d70bc911c6201f55a5da2d5ec432fe045c8d96aadd4198bd2792b,0.4484528005,if6_consensus_when_public_priors_concordant_with_d4
4d5_her2,4d5_her2:0000625:b6555e7c0888,b6555e7c08888b08b5d5a1d180871f4f9f35a9c38200666b45b41938e15864fc,0.4936667979,if6_consensus_when_public_priors_concordant_with_d4
4d5_her2,4d5_her2:0000626:ec19ee3be96d,ec19ee3be96d14ca5cd864ab3be40d230b590e264709acd461306013f812fb9b,0.9161456227,if6_consensus_when_public_priors_concordant_with_d4
4d5_her2,4d5_her2:0000627:ab683b9706e1,ab683b9706e1bc791e948108d772be8630ab0d1cfcd46f448c36fdb33ce94452,0.8654801846,if6_consensus_when_public_priors_concordant_with_d4
4d5_her2,4d5_her2:0000628:1c7b2affd6c6,1c7b2affd6c6f7295d3b049127380248d95d0bc7f38044839dd0c706f4f211d4,0.8337340951,if6_consensus_when_public_priors_concordant_with_d4
4d5_her2,4d5_her2:0000629:718a0006d1e9,718a0006d1e937b102ea4a44a20ab3900ec070ea061c8e35c075ffc9500279d3,0.3697290421,if6_consensus_when_public_priors_concordant_with_d4
4d5_her2,4d5_her2:0000630:2168742b5f36,2168742b5f36a5f97b171e19b31b874a591398d291206e18cc9d315a465fd480,0.4835658073,if6_consensus_when_public_priors_concordant_with_d4
4d5_her2,4d5_her2:0000631:a247d7d2a093,a247d7d2a093e830e1aba7c7ddb57a9620dd2ed31dca581a4f0a7d0400a40f32,0.6769279838,if6_consensus_when_public_priors_concordant_with_d4
4d5_her2,4d5_her2:0000632:4d481ef92bef,4d481ef92bef03dc2697021a337cde951f999de551ea1a9db4acc44711f0b85d,0.404040426,if6_consensus_when_public_priors_concordant_with_d4
4d5_her2,4d5_her2:0000633:44c645b44eb6,44c645b44eb64bbf74323ef47b63fe3c4075d92d4740d96359b9418230968349,0.45951581,if6_consensus_when_public_priors_concordant_with_d4
4d5_her2,4d5_her2:0000634:8569a69fd9bc,8569a69fd9bc5f3502b34fdaa95f784516c8d15de17c6d128730263246b6617d,0.1030944362,if6_consensus_when_public_priors_concordant_with_d4
4d5_her2,4d5_her2:0000635:a7c50b5be2db,a7c50b5be2db16c938c81ea1ba6666e2f5bd11cbb9bf512f487ab0a5b37aa680,0.2206188887,if6_consensus_when_public_priors_concordant_with_d4
4d5_her2,4d5_her2:0000636:064e1fff1c41,064e1fff1c4144a2035d5624ab074c20767eff2c2cf7c72741dfba7fe24005ca,0.2764149606,if6_consensus_when_public_priors_concordant_with_d4
4d5_her2,4d5_her2:0000637:c085e76be8a3,c085e76be8a33e4bddc6c5ef3ade2e83f1c2b3dbe966d7f0ac16d621972dc271,0.09122975916,if6_consensus_when_public_priors_concordant_with_d4
4d5_her2,4d5_her2:0000638:53e01f2d83ad,53e01f2d83ad94eaa7cd9e20f27295f28a7ab38150e9617528d9e0ef31acdc90,0.3530543745,if6_consensus_when_public_priors_concordant_with_d4
4d5_her2,4d5_her2:0000639:ba0da0624f8c,ba0da0624f8cd0cc286d54443d2f7124fbc20ce1908d8e51d504915e2524336e,0.3884880543,if6_consensus_when_public_priors_concordant_with_d4
4d5_her2,4d5_her2:0000640:d47fa49946ca,d47fa49946ca03559732bd9c286a42973d43cf83eebf02ee2b04411df11950ab,0.5962802768,if6_consensus_when_public_priors_concordant_with_d4
4d5_her2,4d5_her2:0000641:2ca4c48bb8d5,2ca4c48bb8d528164e1283b00bf3a4edc9b72e7f5fcf5ccaa0019733e3da81e2,0.3120089769,if6_consensus_when_public_priors_concordant_with_d4
4d5_her2,4d5_her2:0000642:1e59dea4e93e,1e59dea4e93e9b0507d84f7a52eeb640dbe1051b26ceaf63bab6c425aeca7e27,0.4253647625,if6_consensus_when_public_priors_concordant_with_d4
4d5_her2,4d5_her2:0000643:31b9fcc10936,31b9fcc109361c69cd980caa35bcea1d14b79c1735e04d5f8fb9bc4fcf8f9cb1,0.3195446432,if6_consensus_when_public_priors_concordant_with_d4
4d5_her2,4d5_her2:0000644:71fb0e8a6664,71fb0e8a6664e273779c3117530cdbd2b079200709f7fb4f0e8f307f9e0c2398,0.3993907273,if6_consensus_when_public_priors_concordant_with_d4
4d5_her2,4d5_her2:0000645:deec173fc232,deec173fc2322777794405a793dad4d21f0e3b4a8f0367e96ac67383b8803f07,0.1831008643,if6_consensus_when_public_priors_concordant_with_d4
4d5_her2,4d5_her2:0000646:61c60fd177c2,61c60fd177c2d7bf15ea8dc84ff69f493d0ac2cda693990517b7f28099018489,0.2182139009,if6_consensus_when_public_priors_concordant_with_d4
4d5_her2,4d5_her2:0000647:38e3330a27b2,38e3330a27b292fdb67919330c18a18195e3d544f371c3c5710ab7273ac9b1b3,0.5812089443,if6_consensus_when_public_priors_concordant_with_d4
4d5_her2,4d5_her2:0000648:9ac536f91123,9ac536f91123d0f9de97ee7c6cab1d6c46b6578e9e567e11058af246a5d79a40,0.6411736608,if6_consensus_when_public_priors_concordant_with_d4
4d5_her2,4d5_her2:0000649:10496462afd7,10496462afd7df7437119aa8e489ec454becd86ad9305098bddba043f0aa26c0,0.570466578,if6_consensus_when_public_priors_concordant_with_d4
4d5_her2,4d5_her2:0000650:f64d886b8d1d,f64d886b8d1dd74f08ac0dfb01f68752f35a9ae8c70130153e07de92f1e54c98,0.54737854,if6_consensus_when_public_priors_concordant_with_d4
4d5_her2,4d5_her2:0000651:dfc171e90ebb,dfc171e90ebb6fa9b4485cebbec19d9ea473ad10ab69df0b29a699d4024b49f1,0.7173320651,if6_consensus_when_public_priors_concordant_with_d4
4d5_her2,4d5_her2:0000652:66ea38ee78e3,66ea38ee78e3751c7b550f5e93a894df60777289b4fcc5549d9e22b8d3da9415,0.5518679023,if6_consensus_when_public_priors_concordant_with_d4
4d5_her2,4d5_her2:0000653:961fbd4c0833,961fbd4c0833cdd1d29f44d43acc3d94e5938ffcac614da59f7520b322ff3dc7,0.2990219593,if6_consensus_when_public_priors_concordant_with_d4
4d5_her2,4d5_her2:0000654:92e14f79b687,92e14f79b687384123d59b23fad196e60c8cfc62cf901ce1ff94134304b02eeb,0.3883277476,if6_consensus_when_public_priors_concordant_with_d4
4d5_her2,4d5_her2:0000655:f26ca4c5c4da,f26ca4c5c4da8cb783705072e412060a6d47ea7b37731e6fd24c1e5ab4b9f762,0.6110309362,if6_consensus_when_public_priors_concordant_with_d4
4d5_her2,4d5_her2:0000656:0acdfc3c9855,0acdfc3c985582d9a88ae13c3df42b366457b7d06bd1690b31c18199729ab722,0.4227994382,if6_consensus_when_public_priors_concordant_with_d4
4d5_her2,4d5_her2:0000657:14b9b228d9b9,14b9b228d9b943c17afb2b232fa649a68b57c07445ee26471d38c906410d5a5a,0.4431618154,if6_consensus_when_public_priors_concordant_with_d4
4d5_her2,4d5_her2:0000658:ed7f4159b09e,ed7f4159b09eb49c1083d4c0af605e51cee727cb789bdd0ff34199307722efba,0.5315055251,if6_consensus_when_public_priors_concordant_with_d4
4d5_her2,4d5_her2:0000659:346d5840111d,346d5840111dbaa0817621c820938757c61f9e45384799191010884695c15c6c,0.4967131615,if6_consensus_when_public_priors_concordant_with_d4
4d5_her2,4d5_her2:0000660:eec13ac46793,eec13ac4679342ebb80cf9e320fcd61c9a112dfda3441b7f127f7aa23af378a2,0.3451980054,if6_consensus_when_public_priors_concordant_with_d4
4d5_her2,4d5_her2:0000661:6ef3c8b96546,6ef3c8b96546ea3a5305f5eee4769dc128009006a184416cd45fac550b5e5902,0.4744268358,if6_consensus_when_public_priors_concordant_with_d4
4d5_her2,4d5_her2:0000662:17b1be6f222e,17b1be6f222ebecb3ec08e2c59629ce6704c472509fde7eadfdab30af6a70669,0.4705788195,if6_consensus_when_public_priors_concordant_with_d4
4d5_her2,4d5_her2:0000663:f84f11f97fea,f84f11f97fea15d771cb0aabc1b677042ba09c3afbc6f6dd4e93925023a7c412,0.4070867598,if6_consensus_when_public_priors_concordant_with_d4
4d5_her2,4d5_her2:0000664:ea562bddd665,ea562bddd6659e580bd68d70dcff6902492150abef6b0a814d02d164183e9daa,0.2528459132,if6_consensus_when_public_priors_concordant_with_d4
4d5_her2,4d5_her2:0000665:9b3e24e5e503,9b3e24e5e503bca90ff82e6c1f3bdc803fdf4ec648f0492d771370dc5210ecb8,0.7378547192,if6_consensus_when_public_priors_concordant_with_d4
4d5_her2,4d5_her2:0000666:f13a6b194c65,f13a6b194c65451009ecb3f4ed12edeae6bf49a487ed81a936139c85eb706974,0.3164983094,if6_consensus_when_public_priors_concordant_with_d4
4d5_her2,4d5_her2:0000667:0b966498e78f,0b966498e78fd460c801719d7a398ebbadb4832aaa82abc4951e26e5d7d8a3aa,0.4909411669,if6_consensus_when_public_priors_concordant_with_d4
4d5_her2,4d5_her2:0000668:9d4e64b783a7,9d4e64b783a73f9dbd7d1f66419dd5eed103ac3fb1fa2a6d29c920688a6b7425,0.3378226757,if6_consensus_when_public_priors_concordant_with_d4
4d5_her2,4d5_her2:0000669:d30d89f01fc2,d30d89f01fc29241200a95c9fb6947f941cd2501c4498865223cc04de09e202a,0.5305435658,if6_consensus_when_public_priors_concordant_with_d4
4d5_her2,4d5_her2:0000670:b83aad5bd02d,b83aad5bd02d33bd617e5424bdd553f9ed57ec25ca3fd7438708058df8384472,0.307359308,if6_consensus_when_public_priors_concordant_with_d4
4d5_her2,4d5_her2:0000671:6009d3bde79f,6009d3bde79fbb7a64002ba265ee37ad7e280feb37c23435540d4be259d8d307,0.7450697422,if6_consensus_when_public_priors_concordant_with_d4
4d5_her2,4d5_her2:0000672:fd86045ff595,fd86045ff595b5f833690a3ec7ace53b02fbe93e40c2bf48616c438343c4710e,0.3456790149,if6_consensus_when_public_priors_concordant_with_d4
4d5_her2,4d5_her2:0000673:24a7d0ef5424,24a7d0ef5424cadf82e4e9875e1aba2ec24464487eed31fcb1bb50aa6d20129c,0.517396152,if6_consensus_when_public_priors_concordant_with_d4
4d5_her2,4d5_her2:0000674:5ad98a7b45e6,5ad98a7b45e6d3f34df467be5e0d47f72b5104dc8fc89ca4c585749994bfc3bd,0.6031746268,if6_consensus_when_public_priors_concordant_with_d4
4d5_her2,4d5_her2:0000675:c2865280c8c4,c2865280c8c4acf1cd131ba6975403a8896b7e2e50bb3b40c0ee0c320cd13ace,0.3007856309,if6_consensus_when_public_priors_concordant_with_d4
4d5_her2,4d5_her2:0000676:9b658093e15c,9b658093e15c3d9f4f8627bc950739c453e4fb8032896029b84f77a05a4c4b7a,0.5654962659,if6_consensus_when_public_priors_concordant_with_d4
4d5_her2,4d5_her2:0000677:0dfec86046f4,0dfec86046f4dfb59c000cc843a948ae999d3c2f0088ff4b40cbf635f600b978,0.3317300081,if6_consensus_when_public_priors_concordant_with_d4
4d5_her2,4d5_her2:0000678:9cfb85a6877d,9cfb85a6877d16412d0c80ee6e74e8c6b6f2e1e7ca871c239e28176ad6418dbd,0.2204585522,if6_consensus_when_public_priors_concordant_with_d4
4d5_her2,4d5_her2:0000679:3f5a7f16907d,3f5a7f16907d678471e14f661534cc0ec3fb8749468027a12cd7d881e7df4de9,0.3144139946,if6_consensus_when_public_priors_concordant_with_d4
4d5_her2,4d5_her2:0000680:7429a07756f2,7429a07756f216a9f1ac2666b73e6ffa9edf4f5ad788350de08b94aefe21ca68,0.4535834491,if6_consensus_when_public_priors_concordant_with_d4
4d5_her2,4d5_her2:0000681:972bfe323cab,972bfe323cab8fd6be0d204898c9263f3b0ffa4c7597884f1fdd86e88799fc82,0.1938431859,if6_consensus_when_public_priors_concordant_with_d4
4d5_her2,4d5_her2:0000682:f982ab5dd354,f982ab5dd354b93c5fe10906967942ab1e72b7e4dece3e063a313e543d577354,0.2215808779,if6_consensus_when_public_priors_concordant_with_d4
4d5_her2,4d5_her2:0000683:505c965683ea,505c965683ea300b552afbefce2bbc851a656a96f9833a16d530018904ecf20d,0.56164819,if6_consensus_when_public_priors_concordant_with_d4
4d5_her2,4d5_her2:0000684:ed4ca225c048,ed4ca225c048f626fed5623ea0edb36dc2108a4259058eb6188e6e1a5e2cf401,0.307359308,if6_consensus_when_public_priors_concordant_with_d4
4d5_her2,4d5_her2:0000685:94f2f617bc0c,94f2f617bc0c12b43af4e0b243ce79bc8fc6e5de8ba4d127045bddb8ce041d96,0.448613137,if6_consensus_when_public_priors_concordant_with_d4
4d5_her2,4d5_her2:0000686:801d6d27a127,801d6d27a1279c8e7bec5aaae0c52e68a9aa0f71784bc7b32d2c80012faf3f28,0.3779060543,if6_consensus_when_public_priors_concordant_with_d4
4d5_her2,4d5_her2:0000687:5f892b20f638,5f892b20f638ba53a84c5f47ce994a28cb53c4b993f278513a4dc47bc2177618,0.07247073948,if6_consensus_when_public_priors_concordant_with_d4
4d5_her2,4d5_her2:0000688:7f9fb9a2f292,7f9fb9a2f2927043e438b70adcfcb07a5969fd36b87575b88ec7d62a51130dc4,0.5143498778,if6_consensus_when_public_priors_concordant_with_d4
4d5_her2,4d5_her2:0000689:15c5dcacfe31,15c5dcacfe31ed6a4afd31a7fa248f2144b2e21273dd13fbca7e9e6716bba8b5,0.2486772537,if6_consensus_when_public_priors_concordant_with_d4
4d5_her2,4d5_her2:0000690:9d64af229b07,9d64af229b07cfc14778da3c50cb406380b9c3cd01b1d683da31267f1666d98e,0.5214045048,if6_consensus_when_public_priors_concordant_with_d4
4d5_her2,4d5_her2:0000691:f75a7352398c,f75a7352398c79cdb1d75413ba27d91fe18b22cb0fe345ee2cb780779ce09a55,0.1696328372,if6_consensus_when_public_priors_concordant_with_d4
4d5_her2,4d5_her2:0000692:c0d6c18beb79,c0d6c18beb79f79031b56ddc00b646ba967979f445aad016bfd7353312941e49,0.08625942469,if6_consensus_when_public_priors_concordant_with_d4
4d5_her2,4d5_her2:0000693:fe6c123c0290,fe6c123c0290d08b4a45f7bf332e549039f978449213ceaeba20990355ea2db5,0.5308641791,if6_consensus_when_public_priors_concordant_with_d4
4d5_her2,4d5_her2:0000694:eae27c2d33bf,eae27c2d33bf31969da870b5b0781f92374e6a127cb76713eb647d02302cc611,0.6017315984,if6_consensus_when_public_priors_concordant_with_d4
4d5_her2,4d5_her2:0000695:2ec8a4a44807,2ec8a4a44807974b87c8fe24174d4a38e12073d161a466fd291caf89ce3bca20,0.321628958,if6_consensus_when_public_priors_concordant_with_d4
4d5_her2,4d5_her2:0000696:609ff19f07a9,609ff19f07a9cde36527d1c1567c397b058f1f9b5c44b7d55aba7642e09ee9ac,0.5388808846,if6_consensus_when_public_priors_concordant_with_d4
4d5_her2,4d5_her2:0000697:9a0d4966b2eb,9a0d4966b2eb2687bdb5110e612c044eb5201e27315310912d5c3671859a6ee6,0.13500081,if6_consensus_when_public_priors_concordant_with_d4
4d5_her2,4d5_her2:0000698:7a5593b33ea1,7a5593b33ea1ebf84dd2d49bfc68fdd81bca81017a472681821744b998f8aa3a,0.2467532605,if6_consensus_when_public_priors_concordant_with_d4
4d5_her2,4d5_her2:0000699:f44dc5cd5e41,f44dc5cd5e4182ce6656056bfdea2bd4ead12cc214d81d2fd8480e3c97232909,0.2034632117,if6_consensus_when_public_priors_concordant_with_d4
4d5_her2,4d5_her2:0000700:1d797fdb6f98,1d797fdb6f9802c5854100709bd12614c9761ab880c343615ea5d37eaf6fb2ed,0.2153278738,if6_consensus_when_public_priors_concordant_with_d4
4d5_her2,4d5_her2:0000701:0a125f951016,0a125f951016a941833ae11f22ba085e2977a5c341fbd5f1e936944a8a1d5839,0.09459676594,if6_consensus_when_public_priors_concordant_with_d4
4d5_her2,4d5_her2:0000702:233c89d6bf16,233c89d6bf1641753a4f3380a4a77bc03ec259c95a7782ec26b5992a24ea02e0,0.3350969851,if6_consensus_when_public_priors_concordant_with_d4
4d5_her2,4d5_her2:0000703:60815ab1f7e6,60815ab1f7e60566fcb6770ec88403ea570ba4aaa9b16d92e3d870bb7228a3e1,0.3238736689,if6_consensus_when_public_priors_concordant_with_d4
4d5_her2,4d5_her2:0000704:7f7e03bee751,7f7e03bee75116a85f36ed0b23b43836d027edd4298db16dacac369b43164473,0.2028218657,if6_consensus_when_public_priors_concordant_with_d4
4d5_her2,4d5_her2:0000705:37bd74ca54fc,37bd74ca54fcd198f76a4ca55cea9f615af3afe496fdd10d1e4b013bf96c9858,0.2246272415,if6_consensus_when_public_priors_concordant_with_d4
4d5_her2,4d5_her2:0000706:c2ce44de12e8,c2ce44de12e8a060eac196901899b16ee036cb7cb5519f4021cdd2bd9a05695b,0.5443322062,if6_consensus_when_public_priors_concordant_with_d4
4d5_her2,4d5_her2:0000707:896d0f66bfa4,896d0f66bfa4936088a1731e722e5d630803ecbcf0bb0047533b231f2d4f004a,0.3626743853,if6_consensus_when_public_priors_concordant_with_d4
4d5_her2,4d5_her2:0000708:87af71d79a03,87af71d79a0320be756b4cf41f13558c57fb6d3e7eddbe36e6bf9799d317f7eb,0.2270322293,if6_consensus_when_public_priors_concordant_with_d4
4d5_her2,4d5_her2:0000709:3fe25c8212bc,3fe25c8212bc0e352903d7eb4a273287b0175a9580dfb459685925de23266d35,0.7239057422,if6_consensus_when_public_priors_concordant_with_d4
4d5_her2,4d5_her2:0000710:835386f1ff46,835386f1ff4695652129cbab5645014d92707e785238885bb65bc3aac5b5be59,0.3336540163,if6_consensus_when_public_priors_concordant_with_d4
4d5_her2,4d5_her2:0000711:bf44a051c0b7,bf44a051c0b78be23f0b8297190366563a6b904eccdcf3e823a7c6c8ff01d5c4,0.07663940638,if6_consensus_when_public_priors_concordant_with_d4
4d5_her2,4d5_her2:0000712:6b0e7f28476d,6b0e7f28476df3dde86ad1c3ef647932f7b67d083f151ed90d4ef0683842d209,0.1544813216,if6_consensus_when_public_priors_concordant_with_d4
4d5_her2,4d5_her2:0000713:898c6292b2ec,898c6292b2ecb9b099e30443c03e54753a09d453199b61ff35e82a6684a74f1a,0.4295334518,if6_consensus_when_public_priors_concordant_with_d4
4d5_her2,4d5_her2:0000714:9ecce7bb6d14,9ecce7bb6d14d706236f3dea18b8e40be22d4ae667fd4206f7e1906f7adfa056,0.0901074186,if6_consensus_when_public_priors_concordant_with_d4
4d5_her2,4d5_her2:0000715:d119108dfd2e,d119108dfd2eab5fcf1accefa3d2cec218525aa5ea3c5ea7f4f24c2d5bc72056,0.2677569091,if6_consensus_when_public_priors_concordant_with_d4
4d5_her2,4d5_her2:0000716:b2a718e0f31f,b2a718e0f31f97a8ce17cee1839350675c124247538984bfb998896d8a1d0319,0.3825557232,if6_consensus_when_public_priors_concordant_with_d4
4d5_her2,4d5_her2:0000717:bfe92d561134,bfe92d561134d831e6044deea3ed864dc52d47d7752afc1979ca3fa29a3e4549,0.2884399593,if6_consensus_when_public_priors_concordant_with_d4
4d5_her2,4d5_her2:0000718:88cc6bb14907,88cc6bb1490771f0f28fb93c0dcee6264f8977fb6dbb4d86c3373a5754fe7f04,0.3942600787,if6_consensus_when_public_priors_concordant_with_d4
4d5_her2,4d5_her2:0000719:269cc8c9f447,269cc8c9f447b8727370af23995bc60811fab52dc7bd81b96daede82cd1986fa,0.3413499892,if6_consensus_when_public_priors_concordant_with_d4
4d5_her2,4d5_her2:0000720:3db4f86b954c,3db4f86b954c29b15bf7dc5d25aa6032ba03ab626e3dadbf1f7f4261a1a36f22,0.5157126784,if6_consensus_when_public_priors_concordant_with_d4
4d5_her2,4d5_her2:0000721:5cb933cb67db,5cb933cb67db1526813b87210f3211dc2979d2900a9e2da7fa479c4f8207ef4e,0.328523308,if6_consensus_when_public_priors_concordant_with_d4
4d5_her2,4d5_her2:0000722:73130e6525a4,73130e6525a4c8915793a052d4c9092eed959a423f0842ce769ac72b073be44e,0.2701619267,if6_consensus_when_public_priors_concordant_with_d4
4d5_her2,4d5_her2:0000723:edc3eedc7516,edc3eedc7516499a61b18f37823c8d94692559161deef5b52edcfcd5f04dc73c,0.4625621736,if6_consensus_when_public_priors_concordant_with_d4
4d5_her2,4d5_her2:0000724:c6379b2e7f84,c6379b2e7f843f4f0d1c4cd14a1e7a850e4cd8b566cba374993ca00368847195,0.5799262524,if6_consensus_when_public_priors_concordant_with_d4
4d5_her2,4d5_her2:0000725:ddbd47b8dad5,ddbd47b8dad55affdfe994299762ce6bd26ce7dc5e444d7537ed4500d862d07f,0.2090748698,if6_consensus_when_public_priors_concordant_with_d4
4d5_her2,4d5_her2:0000726:aca9817476c0,aca9817476c0e7f0260f2a31f5672887f24bd09db0bfb7f6e6cf253842a8186b,0.3424723148,if6_consensus_when_public_priors_concordant_with_d4
4d5_her2,4d5_her2:0000727:ae7bd71efd50,ae7bd71efd50eeaddf6b0416733fb76c09d32d2be417e8d1a17e04d85091bc40,0.3451980054,if6_consensus_when_public_priors_concordant_with_d4
4d5_her2,4d5_her2:0000728:a905d23b4bf9,a905d23b4bf965b807f8aae141cda1dff60b5f12c0aa43491e1c0f67e77001e9,0.5860189199,if6_consensus_when_public_priors_concordant_with_d4
4d5_her2,4d5_her2:0000729:97a685c8f688,97a685c8f688159531bb36bf28ee98f35edd52ef460c9977f3e795c6f55f9674,0.397466749,if6_consensus_when_public_priors_concordant_with_d4
4d5_her2,4d5_her2:0000730:b4ddb0da5969,b4ddb0da59694f72c589d45685f395eef3bdddd7ff855e6e66d51949bf20fa13,0.4271284342,if6_consensus_when_public_priors_concordant_with_d4
4d5_her2,4d5_her2:0000731:1cfa3a858018,1cfa3a85801884d465b7d513f18f0fc9a9a5d220c631b195338fcecc0e81c24c,0.1988135129,if6_consensus_when_public_priors_concordant_with_d4
4d5_her2,4d5_her2:0000732:96152a3a5de6,96152a3a5de6accb653b7ceaac5b1c1de1a88001a73f13cd41a3f713fc3e81cd,0.6328362823,if6_consensus_when_public_priors_concordant_with_d4
4d5_her2,4d5_her2:0000733:bc5e192e007b,bc5e192e007b889e22ed7e9888f926d98cd192cd7b1061ab0e5c2d2f8d15c206,0.5246913433,if6_consensus_when_public_priors_concordant_with_d4
4d5_her2,4d5_her2:0000734:903a2ce768ea,903a2ce768ea799b71251dfc8703e7fdae8f77ba10d45e760c2ab12eca818953,0.1314734668,if6_consensus_when_public_priors_concordant_with_d4
4d5_her2,4d5_her2:0000735:a4d57bb7a91c,a4d57bb7a91c865a983c81d7423375f66b8a535b731f1b813e02e1d5e524bec6,0.4673721492,if6_consensus_when_public_priors_concordant_with_d4
4d5_her2,4d5_her2:0000736:d64517079f41,d64517079f41455a54da2e9c7c5feb1d2df6bf43720127716bb5839e3a050e2c,0.2379349023,if6_consensus_when_public_priors_concordant_with_d4
4d5_her2,4d5_her2:0000737:3e07939cbd77,3e07939cbd77466c7f9b1e05249e116ae03ea3811db531f3c63288472bbbd260,0.2695206106,if6_consensus_when_public_priors_concordant_with_d4
4d5_her2,4d5_her2:0000738:8be8cc0b3b2f,8be8cc0b3b2f02a87bcd2e57f8b2b4e798a99cadadf8785da8f8e260ddf216d6,0.2409812361,if6_consensus_when_public_priors_concordant_with_d4
4d5_her2,4d5_her2:0000739:c1791d84af5a,c1791d84af5a1b61cfe93ad02de375e2d1e3bc040111efcb39ce1b4cf1b4a7cc,0.3833573759,if6_consensus_when_public_priors_concordant_with_d4
4d5_her2,4d5_her2:0000740:72b8271af356,72b8271af356e541988b6d7cd939f015eefff1dd045563de12de94a307721b9f,0.3867243826,if6_consensus_when_public_priors_concordant_with_d4
4d5_her2,4d5_her2:0000741:e02e38dd9f11,e02e38dd9f1179ebeb3a9e5828a6617cf6282e6c214a325e9cfcd92bec6c8c50,0.492223829,if6_consensus_when_public_priors_concordant_with_d4
4d5_her2,4d5_her2:0000742:f2b8389ee977,f2b8389ee97731cd7cb0a4aa32543523ab7e7cfa5a398ed5638a38c68371b939,0.284912616,if6_consensus_when_public_priors_concordant_with_d4
4d5_her2,4d5_her2:0000743:f5a690dab112,f5a690dab112070834466d70990d5f23f26af2908121aef041ea96ed0dc72343,0.7829084396,if6_consensus_when_public_priors_concordant_with_d4
4d5_her2,4d5_her2:0000744:7d51e6e2fd5b,7d51e6e2fd5b82c1f964b26b5e4d8d93bafd5fa290ee244a7e2c9c6b2662feea,0.459836483,if6_consensus_when_public_priors_concordant_with_d4
4d5_her2,4d5_her2:0000745:de36dcdf6cac,de36dcdf6cac2eb44159bf44d6bfe616a8d410a02320aad4676494881efa964d,0.4630431235,if6_consensus_when_public_priors_concordant_with_d4
4d5_her2,4d5_her2:0000746:ca3bd7dc8a40,ca3bd7dc8a4080de4ee1cd77013760ce02ce50c048dea261c37fab01710a05af,0.263427943,if6_consensus_when_public_priors_concordant_with_d4
4d5_her2,4d5_her2:0000747:2d34fa6ffb89,2d34fa6ffb8948049acb1ce240973b4572c907925344a10f5cefff57010bbe13,0.373737365,if6_consensus_when_public_priors_concordant_with_d4
4d5_her2,4d5_her2:0000748:d9697ac84d46,d9697ac84d466aed15025fe75259ef7472921e0295b88674894e67b25edefc36,0.4574314654,if6_consensus_when_public_priors_concordant_with_d4
4d5_her2,4d5_her2:0000749:3f703088f47f,3f703088f47ff1858fa33f1f3af09375a269859b2c6556b86ea89066b7c89793,0.535353601,if6_consensus_when_public_priors_concordant_with_d4
4d5_her2,4d5_her2:0000750:a812f5d83aaa,a812f5d83aaa119e51cd52ca507a09195d71d91be631255de51cf48240d839f9,0.26679492,if6_consensus_when_public_priors_concordant_with_d4
4d5_her2,4d5_her2:0000751:15572f77d78e,15572f77d78e6c2e793a3be2d9b2d811e0026c16c42f970fcdbdd4da81f218b7,0.2321628928,if6_consensus_when_public_priors_concordant_with_d4
4d5_her2,4d5_her2:0000752:7b50bc7ddd5d,7b50bc7ddd5df4ead7ebf6cb347eb257e1b169a0dbd6cd536c6746e59cf05463,0.4345037639,if6_consensus_when_public_priors_concordant_with_d4
4d5_her2,4d5_her2:0000753:d727f679ad9f,d727f679ad9f27a3ef70c6201ff873590c233170036a8a5419d739366ca55b10,0.2100368738,if6_consensus_when_public_priors_concordant_with_d4
4d5_her2,4d5_her2:0000754:8a93ecb87a5a,8a93ecb87a5ac7e4bd94da4feebfcbebeb483f7bd4ee2195b9a424b6d838b1a7,0.07888408005,if6_consensus_when_public_priors_concordant_with_d4
4d5_her2,4d5_her2:0000755:92c84779b9dd,92c84779b9ddc942f2ec280c5b1eee214fcd2cf6496b19998ad8a03acf86c7ba,0.2005771995,if6_consensus_when_public_priors_concordant_with_d4
4d5_her2,4d5_her2:0000756:1c46e51fd5de,1c46e51fd5dedc9353189cf1bc7076d7a81d1f6f07c08b5cab0d03d4134ca852,0.5191598535,if6_consensus_when_public_priors_concordant_with_d4
4d5_her2,4d5_her2:0000757:0d5c0ae0ef47,0d5c0ae0ef4796ff0f142411afae69db1a29dff78f42dcbe3e2662901bbc4f05,0.4569504559,if6_consensus_when_public_priors_concordant_with_d4
4d5_her2,4d5_her2:0000758:b101e22245c1,b101e22245c122ba7ed1e7191d0bf0c3035a471e5bb01068d1a4256f76fbd6b4,0.2437068969,if6_consensus_when_public_priors_concordant_with_d4
4d5_her2,4d5_her2:0000759:3ce898fdbaca,3ce898fdbacaa8e8f5600e8481694d44012a5798a45ae53de77d4b02af6f6aff,0.2877986133,if6_consensus_when_public_priors_concordant_with_d4
4d5_her2,4d5_her2:0000760:4b7a2377073a,4b7a2377073a8a39cec818f57d5c9a4d72648d361f58644fed62aabcd075ea23,0.2836299539,if6_consensus_when_public_priors_concordant_with_d4
4d5_her2,4d5_her2:0000761:a9f82601a220,a9f82601a220b349045b74a1bc51eebeaee01e192fe7122d6dd2eb1377acb5e3,0.4252044261,if6_consensus_when_public_priors_concordant_with_d4
4d5_her2,4d5_her2:0000762:5994186a2611,5994186a261182dd58823b1d5a384cd5494bde62e1091d98e280f571bf453b81,0.4090107381,if6_consensus_when_public_priors_concordant_with_d4
4d5_her2,4d5_her2:0000763:daf93b7913d2,daf93b7913d2e2dae23708845e53394eb463f33787bc1f55bf23010e65cb1e62,0.46320346,if6_consensus_when_public_priors_concordant_with_d4
4d5_her2,4d5_her2:0000764:f4bc714d6c02,f4bc714d6c0265f0f0c32de19bac872dfeacee56170e4ab735a7f3fa87953493,0.4958313406,if6_consensus_when_public_priors_concordant_with_d4
4d5_her2,4d5_her2:0000765:f6fa34da4a68,f6fa34da4a68583fe320686992e0812391e3575b97e898a2197cae6fb4f05c4f,0.1718775034,if6_consensus_when_public_priors_concordant_with_d4
4d5_her2,4d5_her2:0000766:ad1818319def,ad1818319def81052ad7bffd755325df2aaa98ec2e3d6135a9602a36be1a8f22,0.4583934546,if6_consensus_when_public_priors_concordant_with_d4
4d5_her2,4d5_her2:0000767:595a51cbdeaa,595a51cbdeaadb9464cd63e256854cdc8dc6c6eaa2741e14392d071ff353d120,0.2600609362,if6_consensus_when_public_priors_concordant_with_d4
4d5_her2,4d5_her2:0000768:aad72f6d4251,aad72f6d4251bb28098d27a01270844d0ca430cf52a1f43c70da79eef4cae8b1,0.2615039349,if6_consensus_when_public_priors_concordant_with_d4
4d5_her2,4d5_her2:0000769:2ec9bb71ea7d,2ec9bb71ea7d3c8026739b9f3997b694ace01e81cedeb2b6962e94032ca09a11,0.1661054939,if6_consensus_when_public_priors_concordant_with_d4
4d5_her2,4d5_her2:0000770:6f4cec01be5a,6f4cec01be5abf8089c941ecc19c0a23fd359a02f687ce73b0bd857229c66ec9,0.7647907734,if6_consensus_when_public_priors_concordant_with_d4
4d5_her2,4d5_her2:0000771:dcdf0ad234e0,dcdf0ad234e0c458efa3aa222440131b70d21a7a793c11b15f6dac2d787156da,0.4279301167,if6_consensus_when_public_priors_concordant_with_d4
4d5_her2,4d5_her2:0000772:3685a42e529d,3685a42e529dcc0fd7d981f7bc80a2fba52d401e1e2fff9810bc49116b0c2461,0.4699374735,if6_consensus_when_public_priors_concordant_with_d4
4d5_her2,4d5_her2:0000773:421172701393,421172701393176b50d468e283785f8a89f9eb80036ba6282d96465e2abdb302,0.6543209553,if6_consensus_when_public_priors_concordant_with_d4
4d5_her2,4d5_her2:0000774:4f543b006247,4f543b0062476e34b9459079fc414516740d37a197b8910a7340de17191e80b2,0.2615039349,if6_consensus_when_public_priors_concordant_with_d4
4d5_her2,4d5_her2:0000775:36d2f8119b77,36d2f8119b7788c35c79934b44ddb03b68b62e01d7a37686caab4846311e5fbc,0.5879428983,if6_consensus_when_public_priors_concordant_with_d4
4d5_her2,4d5_her2:0000776:3c6bc9f8c806,3c6bc9f8c806b6c2758ac94409468abace47485d2caceda56ae0aa541207bda8,0.4564694464,if6_consensus_when_public_priors_concordant_with_d4
4d5_her2,4d5_her2:0000777:53263743232b,53263743232b7d8fee01c843119e179f1b7d7bdcc7724e1f479ee8f22025b692,0.7303190827,if6_consensus_when_public_priors_concordant_with_d4
4d5_her2,4d5_her2:0000778:a73b5874d501,a73b5874d5012ff0dfaf0e19714cf2dd03e3bc07c7ae2c444679950a483ab948,0.7231040597,if6_consensus_when_public_priors_concordant_with_d4
4d5_her2,4d5_her2:0000779:62f9f1a6c459,62f9f1a6c4590351c6de490a8ba2e7db24df6ffd400c037e6dcaa83f570168d8,0.6119929552,if6_consensus_when_public_priors_concordant_with_d4
4d5_her2,4d5_her2:0000780:60d37d6a6da7,60d37d6a6da7a34b5a713c234bc97fb4bd291428e377ad3c92cf61f3e7134ae7,0.6033349037,if6_consensus_when_public_priors_concordant_with_d4
4d5_her2,4d5_her2:0000781:1de1b2559b02,1de1b2559b025dc659df6af490ce5c40b5980e27023440fed3a5d17c89e46122,0.3521725237,if6_consensus_when_public_priors_concordant_with_d4
4d5_her2,4d5_her2:0000782:c8c65079279e,c8c65079279e9ffc6e14972e481654036985fb7a5141046af8324bf42a2476b1,0.8751001358,if6_consensus_when_public_priors_concordant_with_d4
4d5_her2,4d5_her2:0000783:23e730bb7a1c,23e730bb7a1c73c47392db2c81fc32722030d0615bd8c05286a9ee6727723cb3,0.5852172971,if6_consensus_when_public_priors_concordant_with_d4
4d5_her2,4d5_her2:0000784:c2e864d0f0f6,c2e864d0f0f6278245951f4cc0517bcda686e01b0e81a81c1f8a33781f54f5b5,0.3649190366,if6_consensus_when_public_priors_concordant_with_d4
4d5_her2,4d5_her2:0000785:38f0c6f554f3,38f0c6f554f349e89b12ca179bd8de33162d713f32f417574b1ffc7963f96109,0.5109828115,if6_consensus_when_public_priors_concordant_with_d4
4d5_her2,4d5_her2:0000786:f6f915681416,f6f9156814166d970850529064e064ca92b6bb2f29e1bdd5ac03d7b00b39582c,0.3812730312,if6_consensus_when_public_priors_concordant_with_d4
4d5_her2,4d5_her2:0000787:9b980d0bee2a,9b980d0bee2abf59187b31abf544557c581056b4e177cd86166a72a6e1b3bf5c,0.5204425454,if6_consensus_when_public_priors_concordant_with_d4
4d5_her2,4d5_her2:0000788:27d0e1b7d5ec,27d0e1b7d5ec64f93d99b693397257947f8ef64c3e375f6694f86147b41058e8,0.5729517341,if6_consensus_when_public_priors_concordant_with_d4
4d5_her2,4d5_her2:0000789:de39e148b237,de39e148b2377c15be7d839f5f015d752f5a3637694256cef1d1f47cb6f436bf,0.5901876092,if6_consensus_when_public_priors_concordant_with_d4
4d5_her2,4d5_her2:0000790:1be2a3c9a6c7,1be2a3c9a6c7000694a3c87afab90e1dc0c95edeae497830f954d3ffacb4edd6,0.4766714871,if6_consensus_when_public_priors_concordant_with_d4
4d5_her2,4d5_her2:0000791:5f4d9b7143ac,5f4d9b7143acbf865d80930a7da5e1ac1f70b4c0bf40c0dfc78b28145b70ea61,0.2677569389,if6_consensus_when_public_priors_concordant_with_d4
4d5_her2,4d5_her2:0000792:eadc5e6ae476,eadc5e6ae476083b648eed2ccef8765990ec1bb707f58152d8b0f89fe6d074a2,0.4744268358,if6_consensus_when_public_priors_concordant_with_d4
4d5_her2,4d5_her2:0000793:b3c1af22961b,b3c1af22961bd7f3e947528d1e166c981db42b0c073756a704a5f7d8c1d1a1c0,0.2563732564,if6_consensus_when_public_priors_concordant_with_d4
4d5_her2,4d5_her2:0000794:a2ebfe7e2580,a2ebfe7e2580e7f3e748c066e7ef11c6853c695e3e16a5759df24e7623398ed6,0.4378707707,if6_consensus_when_public_priors_concordant_with_d4
4d5_her2,4d5_her2:0000795:88140145a259,88140145a259d2e7d5a57fd27e0422b6d5fa235710508edb507aec60ccbcccc0,0.492865175,if6_consensus_when_public_priors_concordant_with_d4
4d5_her2,4d5_her2:0000796:b0b7489de33b,b0b7489de33b4131b1ab6b79528552bdfb820955721ffa1985e77b9156d0b607,0.4521404505,if6_consensus_when_public_priors_concordant_with_d4
4d5_her2,4d5_her2:0000797:5807bff1b7be,5807bff1b7beaaf2ac47b27ed697d79a3ada378029a623089f11e51be38e9c8b,0.2921276391,if6_consensus_when_public_priors_concordant_with_d4
4d5_her2,4d5_her2:0000798:a3511b50a282,a3511b50a28234dcc8e6c67cf71c0d2191196790135a9930e0ac1d695dc1a4ab,0.4107744396,if6_consensus_when_public_priors_concordant_with_d4
4d5_her2,4d5_her2:0000799:66e41b9ff8d5,66e41b9ff8d51d0ca4353947f2c2b895936fd33f8a8c69634dc3676e5a1429ff,0.3272406757,if6_consensus_when_public_priors_concordant_with_d4
4d5_her2,4d5_her2:0000800:45fa7b5973b9,45fa7b5973b9562447b9acb8924b3c1ec4daeaa7654a53c4bc28f22a13bffdc4,0.3787077367,if6_consensus_when_public_priors_concordant_with_d4
4d5_her2,4d5_her2:0000801:4eb6727b67f1,4eb6727b67f10e539240ff0306ea93a0d72ebfce6cd98e858d471209e847c4ea,0.4502164423,if6_consensus_when_public_priors_concordant_with_d4
4d5_her2,4d5_her2:0000802:1da98b45b510,1da98b45b510b3c7af9c148d88568b5fc54a717f550c2a335d9fbeb25b250496,0.4203944206,if6_consensus_when_public_priors_concordant_with_d4
4d5_her2,4d5_her2:0000803:1af3471f1687,1af3471f16876885e0a1d67c65cd38bf490ee18e1f7d0d2117644bfbd9902080,0.5656566024,if6_consensus_when_public_priors_concordant_with_d4
4d5_her2,4d5_her2:0000804:bdc2b71d7c8c,bdc2b71d7c8cc2f1b7b06f29441fea227bd2622677dceac9f244c6ab680f0eff,0.7091550827,if6_consensus_when_public_priors_concordant_with_d4
4d5_her2,4d5_her2:0000805:231fcad78e2b,231fcad78e2bff98a4e140dba8cca49773bcbe27675f73504dc7293ac062d2eb,0.4025974274,if6_consensus_when_public_priors_concordant_with_d4
4d5_her2,4d5_her2:0000806:12579d3be663,12579d3be6631530a7b14d71475460b5f634a189d114f2cd67c18fae0ad76abf,0.51932019,if6_consensus_when_public_priors_concordant_with_d4
4d5_her2,4d5_her2:0000807:c9b0ded57a49,c9b0ded57a49e53fea4dba99fd45b1017084dee56c8dbe6890588f360438f1c6,0.129068464,if6_consensus_when_public_priors_concordant_with_d4
4d5_her2,4d5_her2:0000808:636872ef93bd,636872ef93bd1a67a52276f1d96504c99cce24396d487620d962f9805878ef16,0.4691357911,if6_consensus_when_public_priors_concordant_with_d4
4d5_her2,4d5_her2:0000809:1d4292b3793d,1d4292b3793df5a46ffdc548dc6bc20dc16d5f5db039fadbe273be3f6cb55ff9,0.2105178833,if6_consensus_when_public_priors_concordant_with_d4
4d5_her2,4d5_her2:0000810:5c2b50c81243,5c2b50c81243fb3867502fb618676f48f717e74c561dfe99bad7f6ea9293a504,0.9002725482,if6_consensus_when_public_priors_concordant_with_d4
4d5_her2,4d5_her2:0000811:a304a72e555f,a304a72e555feea7349ad725432f822f6cb5e1a5abc4513cb771fc3c0a71bb9f,0.6549623609,if6_consensus_when_public_priors_concordant_with_d4
4d5_her2,4d5_her2:0000812:62d0d13c1a5e,62d0d13c1a5edb0e7a6b46fbd055198fec107a36a709692df233de623f5f4c69,0.4963924885,if6_consensus_when_public_priors_concordant_with_d4
4d5_her2,4d5_her2:0000813:55765412cddb,55765412cddbdb39ea0a92de586c83b59aa0f41f56b3042220f90b3036455ef2,0.4054833949,if6_consensus_when_public_priors_concordant_with_d4
4d5_her2,4d5_her2:0000814:d9b8876e9b9c,d9b8876e9b9c86d70add2836ea7fac55f97b546e73e4f36c4195031310400ff5,0.2303992361,if6_consensus_when_public_priors_concordant_with_d4
4d5_her2,4d5_her2:0000815:5b247c6c8178,5b247c6c8178e1247649d80361901e79aaa7649ed77abfa29d35853ac3f84656,0.1847041845,if6_consensus_when_public_priors_concordant_with_d4
4d5_her2,4d5_her2:0000816:0b222f77433c,0b222f77433cd53668c2f1fbdf55855cb1cb62f8cf1085bd2c58144eadf6391d,0.5496231914,if6_consensus_when_public_priors_concordant_with_d4
4d5_her2,4d5_her2:0000817:5674cd912283,5674cd9122831d74a61116603c26f8b66569366065cb3edd86f2295f65b97d87,0.3397466838,if6_consensus_when_public_priors_concordant_with_d4
4d5_her2,4d5_her2:0000818:dee36769d57c,dee36769d57c26021739ef9f9fc73b626e32f5044f8c1f6ed547ec73fea84ad7,0.1880711913,if6_consensus_when_public_priors_concordant_with_d4
4d5_her2,4d5_her2:0000819:130997573218,130997573218a2a422b04bfd08377c5747784ceeb9132df6165eeef9904114c1,0.2932499647,if6_consensus_when_public_priors_concordant_with_d4
4d5_her2,4d5_her2:0000820:b551f79f68ea,b551f79f68ead7eeeccb59cac593315b5420a5f5f606e8d1be5237b2fe415653,0.4361071289,if6_consensus_when_public_priors_concordant_with_d4
4d5_her2,4d5_her2:0000821:51cf541ceb3c,51cf541ceb3c2052fec772653708e22aa26696bdd13a0a37f190d8641d2e0eab,0.6512746811,if6_consensus_when_public_priors_concordant_with_d4
4d5_her2,4d5_her2:0000822:5039090874c8,5039090874c8d8723f72a4661eb9ac3d8ce1d6d92ae5a858bb51a66176fe4d10,0.3484046757,if6_consensus_when_public_priors_concordant_with_d4
4d5_her2,4d5_her2:0000823:37e0995c43d9,37e0995c43d9650dd64e6da17bcb6d84a99a7ee315aa8d068343f8a32110ee8e,0.2485169172,if6_consensus_when_public_priors_concordant_with_d4
4d5_her2,4d5_her2:0000824:083f689d7872,083f689d78723ea810000db34c134f3eda50ca3238c729f413a840dc754a08b5,0.7702421546,if6_consensus_when_public_priors_concordant_with_d4
4d5_her2,4d5_her2:0000825:40112b9ee6a9,40112b9ee6a90412c289402dc6185e77d602a2fd4ce955bd33b5894f32dbd2d8,0.7389771342,if6_consensus_when_public_priors_concordant_with_d4
4d5_her2,4d5_her2:0000826:414cdc14d1b4,414cdc14d1b4d398d20f9ad13bef01f33e9d5a80dd221e25ab50355550c0f194,0.8484848142,if6_consensus_when_public_priors_concordant_with_d4
4d5_her2,4d5_her2:0000827:fc72865b914e,fc72865b914e79294a4a7a81b3153d0f73286ca94a3d4b302c3d83a0db88796f,0.7554914355,if6_consensus_when_public_priors_concordant_with_d4
4d5_her2,4d5_her2:0000828:691acd090bce,691acd090bceb0fb95adb4c85e78fc9547fce8df7ea9564f69feaa3b896cb6ab,0.9185506701,if6_consensus_when_public_priors_concordant_with_d4
4d5_her2,4d5_her2:0000829:4a55f038c651,4a55f038c651624a6ee4ce0809a990a9f8c3c6237da815ccaee942593c048eb1,0.3200256526,if6_consensus_when_public_priors_concordant_with_d4
4d5_her2,4d5_her2:0000830:e3f3590405ea,e3f3590405ea8a242051dba399821375b7634dd1f684bc3382e78bc70a7a34e0,0.4582331181,if6_consensus_when_public_priors_concordant_with_d4
4d5_her2,4d5_her2:0000831:54105c0a23ca,54105c0a23ca4c13377ae1ad8de75086b5b008cd60c3feb4594a7edd7a03fc2f,0.2677569091,if6_consensus_when_public_priors_concordant_with_d4
4d5_her2,4d5_her2:0000832:11268d83e9e4,11268d83e9e41243afe8384d00592359ec8f8ebd0f716bc2446bccf19dde8e17,0.3156966567,if6_consensus_when_public_priors_concordant_with_d4
4d5_her2,4d5_her2:0000833:2e8b6c7caf87,2e8b6c7caf878538f664f9179d56c495b7af25f761d24f24c4f5d52879350515,0.4896585047,if6_consensus_when_public_priors_concordant_with_d4
4d5_her2,4d5_her2:0000834:5f8524960c47,5f8524960c471b3f4a76d43eb2d3c58876ff42b4e8f9e7d1e70f2625b496b5b9,0.8548982143,if6_consensus_when_public_priors_concordant_with_d4
4d5_her2,4d5_her2:0000835:909698c9484e,909698c9484eca11f66c3e11050672f157e691a1459cd5daaf277be52c50facf,0.8866441846,if6_consensus_when_public_priors_concordant_with_d4
4d5_her2,4d5_her2:0000836:fbc79f1e3f33,fbc79f1e3f33cd716f8b3923fa1bb72b64fac44778e990e13b4994a70e148590,0.4223184288,if6_consensus_when_public_priors_concordant_with_d4
4d5_her2,4d5_her2:0000837:065c27b227c5,065c27b227c51783c1eb1fb8498521402bc399cd0c50d262abcdc3e61e30f44d,0.7197370529,if6_consensus_when_public_priors_concordant_with_d4
4d5_her2,4d5_her2:0000838:fee947a4dc4b,fee947a4dc4b85b8f2c1798ef99d5265a00a71ce583801e2566fd607acc28cd3,0.5496231914,if6_consensus_when_public_priors_concordant_with_d4
4d5_her2,4d5_her2:0000839:fd6f5c7b33f3,fd6f5c7b33f34475354883a49873387c714bc1a7501954d617678edd666105eb,0.5882635713,if6_consensus_when_public_priors_concordant_with_d4
4d5_her2,4d5_her2:0000840:9437c012eac5,9437c012eac563e05b514ba3dd35017de90047424b8cb3d522bc9b7bdbbbff18,0.5521885753,if6_consensus_when_public_priors_concordant_with_d4
4d5_her2,4d5_her2:0000841:557d17463993,557d1746399388ca9f9bac8e57c0bd46b3e480a7a2a082440060ab133c641a14,0.5085778832,if6_consensus_when_public_priors_concordant_with_d4
4d5_her2,4d5_her2:0000842:ac2545c59a29,ac2545c59a299e1529222612c1ff61ea37e1092309492898f0bcc4ce0ad10dc6,0.5815295577,if6_consensus_when_public_priors_concordant_with_d4
4d5_her2,4d5_her2:0000843:eb1dd2324152,eb1dd23241522dfdb0460edf6ed1433594dbea69bd5bf8f098f29b1c7fbead4c,0.4014750719,if6_consensus_when_public_priors_concordant_with_d4
4d5_her2,4d5_her2:0000844:8efc904af731,8efc904af7311b094c2053307ee5bb52fbde22044bae96a41e03bb50325b301e,0.122174114,if6_consensus_when_public_priors_concordant_with_d4
4d5_her2,4d5_her2:0000845:ba1ae297f09d,ba1ae297f09d033a140e120b7f83b6438848dd6a6e0e0ab174d097e0306e2272,0.462562114,if6_consensus_when_public_priors_concordant_with_d4
4d5_her2,4d5_her2:0000846:73a1785b6dfe,73a1785b6dfef183fe135e9203032d744ab7c7d2d0a83249f7f7c9b14ff2521d,0.2911656201,if6_consensus_when_public_priors_concordant_with_d4
4d5_her2,4d5_her2:0000847:37441d7dbe37,37441d7dbe37de33017b76e9701e0c4ddd5fbc75aff88ab7b28ebe4130a92582,0.4744268358,if6_consensus_when_public_priors_concordant_with_d4
4d5_her2,4d5_her2:0000848:d0ecc5c56b26,d0ecc5c56b268b438eacc6393f183bb7286f7e5533b865d6b8bfe630212a86f5,0.2461119145,if6_consensus_when_public_priors_concordant_with_d4
4d5_her2,4d5_her2:0000849:39370a9d89e4,39370a9d89e4fc663fa57819c87d505ab95d7656f701895b027712b6c577b909,0.3694083691,if6_consensus_when_public_priors_concordant_with_d4
4d5_her2,4d5_her2:0000850:955d7f4b37af,955d7f4b37afed4f622a9a932f7f5d6aac9d9410c626870372ce2d37e1fa1ad6,0.4540644884,if6_consensus_when_public_priors_concordant_with_d4
4d5_her2,4d5_her2:0000851:dd51630b3379,dd51630b33795c4971055baaef7bac6e56fdb28c6b3a88621801c85bf4f4a6ac,0.6216129661,if6_consensus_when_public_priors_concordant_with_d4
4d5_her2,4d5_her2:0000852:b41c657f4b4f,b41c657f4b4f4a282e4d948ea53a50b02905ebf66f69949f229d1c64770260e1,0.5505852103,if6_consensus_when_public_priors_concordant_with_d4
4d5_her2,4d5_her2:0000853:b42b41513333,b42b4151333374a46844c0d9c61b7264424d59f56c2b017ed93af202951b5442,0.7139651179,if6_consensus_when_public_priors_concordant_with_d4
4d5_her2,4d5_her2:0000854:ff0ffc5f5a5d,ff0ffc5f5a5da105fe0cd7d833d84c0f7315ce9719c45fa776a4cd3b0c13fb6a,0.2727272809,if6_consensus_when_public_priors_concordant_with_d4
4d5_her2,4d5_her2:0000855:ed9fa6781b1d,ed9fa6781b1d567fcbc36c7a875d9439e97705df4fb521627b3b2e54cd1a926a,0.5387205482,if6_consensus_when_public_priors_concordant_with_d4
4d5_her2,4d5_her2:0000856:614ff67b6cb3,614ff67b6cb3dc6b16fe7edf93956cc9236003367f4b09ba2aa3c96cd0d53812,0.3153759837,if6_consensus_when_public_priors_concordant_with_d4
4d5_her2,4d5_her2:0000857:1f472a76e0f4,1f472a76e0f4dc0ad1998e277c15b68dc388a3c56c300c5d4b86bbfb89feda12,0.616321981,if6_consensus_when_public_priors_concordant_with_d4
4d5_her2,4d5_her2:0000858:6aeb579ccd9d,6aeb579ccd9deb6959a38dae605b019d0d25ea23f0b7eda048b0759c2b2e8e4a,0.2643899024,if6_consensus_when_public_priors_concordant_with_d4
4d5_her2,4d5_her2:0000859:4b1ae993e577,4b1ae993e577233b0a4ab6818c4e64c6f91fedbc3b1cdb4074401b59bca0568b,0.2889209688,if6_consensus_when_public_priors_concordant_with_d4
4d5_her2,4d5_her2:0000860:f1e4d8070ab1,f1e4d8070ab164e31bc15357013a8643d8066ea276f1f87626678b1c4e1b686b,0.7144460678,if6_consensus_when_public_priors_concordant_with_d4
4d5_her2,4d5_her2:0000861:7c2051c6ecaa,7c2051c6ecaaa6ffc6702fabba4e3b8dcc2a7d1b984e70b14554558f2de03d3d,0.492544502,if6_consensus_when_public_priors_concordant_with_d4
4d5_her2,4d5_her2:0000862:cfb527035524,cfb527035524f088bea4f6d6600a7874633684679b87d1a298132dd65ab23737,0.2178932279,if6_consensus_when_public_priors_concordant_with_d4
4d5_her2,4d5_her2:0000863:ab2c10c4c1e4,ab2c10c4c1e432ba9b261496cc4f142c19a5ad33fac1558c65dd80007068b6b4,0.8451178074,if6_consensus_when_public_priors_concordant_with_d4
4d5_her2,4d5_her2:0000864:0de553f73078,0de553f73078df8f7200306f2bf0c973b4b7f4a68309ff1ddb426b26538b5488,0.1240981221,if6_consensus_when_public_priors_concordant_with_d4
4d5_her2,4d5_her2:0000865:7724bb16cc00,7724bb16cc00e6222f1586a63684df16e0d93f909fa948df2e960c621010c322,0.622574985,if6_consensus_when_public_priors_concordant_with_d4
4d5_her2,4d5_her2:0000866:8f58c87263f0,8f58c87263f02e069db042fe0f0f24c7631d0562f589c75ba62ce09fc952ea25,0.5215648413,if6_consensus_when_public_priors_concordant_with_d4
4d5_her2,4d5_her2:0000867:abad1d4b227b,abad1d4b227b675d5a99a54dd94c4136d22ba9c9c17baa9d78fb216f3ba48ffd,0.8383838534,if6_consensus_when_public_priors_concordant_with_d4
4d5_her2,4d5_her2:0000868:765b83a1479a,765b83a1479a1585916ff573cd292ec407b9bf650e77c0cdaa188ae9baeafa73,0.1715568304,if6_consensus_when_public_priors_concordant_with_d4
4d5_her2,4d5_her2:0000869:485dce5cb09f,485dce5cb09f890cb31bf31c60438545542c28f20bfdb276f5e8a4f0957a3742,0.1422158033,if6_consensus_when_public_priors_concordant_with_d4
4d5_her2,4d5_her2:0000870:baffd3519040,baffd3519040903b344d64f223ca059b3100723a63c7b2d34ac4bbb68367c0c8,0.6099888086,if6_consensus_when_public_priors_concordant_with_d4
4d5_her2,4d5_her2:0000871:9a09e89d9f27,9a09e89d9f271995c111bd08d1cdb032ef50597163a13cc324adf0914954155b,0.2174122334,if6_consensus_when_public_priors_concordant_with_d4
4d5_her2,4d5_her2:0000872:4eaeb39f94f4,4eaeb39f94f49b36bc7393229b4c94015bd79f4731b547eb0d6aa69ce00ae0a8,0.5310245156,if6_consensus_when_public_priors_concordant_with_d4
4d5_her2,4d5_her2:0000873:082e90fb13d3,082e90fb13d3ac615089b60b9f48406d0d4043920c7cf20a0300f894c67c7d8c,0.6129549146,if6_consensus_when_public_priors_concordant_with_d4
4d5_her2,4d5_her2:0000874:4fd27ca8e9bc,4fd27ca8e9bc579633da13d9e4e4f7c81faca365a1099e1c59f452d60dffe0f5,0.2065095454,if6_consensus_when_public_priors_concordant_with_d4
4d5_her2,4d5_her2:0000875:02c772619ccb,02c772619ccb5262d7c4f2c89e6a4f15ab1bf5512dded1351ea2c4795da09798,0.5438511968,if6_consensus_when_public_priors_concordant_with_d4
4d5_her2,4d5_her2:0000876:3b488e127c17,3b488e127c1711d6b2921bd2b739b62e91d9c73845741a3b0280f2500d419e3a,0.5834535956,if6_consensus_when_public_priors_concordant_with_d4
4d5_her2,4d5_her2:0000877:65764dcf7a99,65764dcf7a99179317f51e6e11227a22b235ebec18900b195d1a05b1fe5c6c3f,0.5877826214,if6_consensus_when_public_priors_concordant_with_d4
4d5_her2,4d5_her2:0000878:35348855b3e0,35348855b3e0251a7f4dfdefdbd93371ac38b9b66f1c11c24d03b4c6f3e71212,0.3171396554,if6_consensus_when_public_priors_concordant_with_d4
4d5_her2,4d5_her2:0000879:89e4c4c6e2b3,89e4c4c6e2b36595b978c8a02250a474d1142b30f56ba116b8fa79c38c4d7857,0.2623055875,if6_consensus_when_public_priors_concordant_with_d4
4d5_her2,4d5_her2:0000880:accb134a013a,accb134a013a2e105b4cc06db2ffb82ed69db0160e8f45fbf7d7983aa3868ae6,0.3112073243,if6_consensus_when_public_priors_concordant_with_d4
4d5_her2,4d5_her2:0000881:713a935d74d0,713a935d74d07c614295b096a4e4462851740cdf497799dd797ede13eeccabb9,0.8067981601,if6_consensus_when_public_priors_concordant_with_d4
4d5_her2,4d5_her2:0000882:7b59226629a3,7b59226629a35b247f47c39ef8ae4180a662701355c10c73de09ffee2c92ba8d,0.4723424911,if6_consensus_when_public_priors_concordant_with_d4
4d5_her2,4d5_her2:0000883:f1c306adb328,f1c306adb3289a9ecaa0d330157cb2d0678aeed277267dc6982547b47dfe1a23,0.2169312239,if6_consensus_when_public_priors_concordant_with_d4
4d5_her2,4d5_her2:0000884:d8da4ceaa860,d8da4ceaa8603afa8c3a47d23b2bc0bb3ece606a201b6946a3a4bd1c6fa08cfd,0.262145251,if6_consensus_when_public_priors_concordant_with_d4
4d5_her2,4d5_her2:0000885:aa93b06eda1c,aa93b06eda1cd883858e35a8ec75ad2bc78d742439039259dc810319822278c5,0.1986531764,if6_consensus_when_public_priors_concordant_with_d4
4d5_her2,4d5_her2:0000886:ceddc11811e6,ceddc11811e6ad5121996ff7d2fd12e0bbd81c0d8908e3ffceda1b8b7a415d65,0.5727112293,if6_consensus_when_public_priors_concordant_with_d4
4d5_her2,4d5_her2:0000887:6e144fa22312,6e144fa22312888baa53555fff45b4fa413e28f43629bd890000c637b4276dfe,0.518999517,if6_consensus_when_public_priors_concordant_with_d4
4d5_her2,4d5_her2:0000888:ab4d9d7e290a,ab4d9d7e290a30e3f0017ffb60cf104498f50f393bdcce78a40ed79df28f9ef1,0.5603654981,if6_consensus_when_public_priors_concordant_with_d4
4d5_her2,4d5_her2:0000889:3b57eb1aa4d6,3b57eb1aa4d682ce47e4d203b57c0e41415282adb5afb3202798ab6207c123db,0.5485008359,if6_consensus_when_public_priors_concordant_with_d4
4d5_her2,4d5_her2:0000890:19ce6233e180,19ce6233e180c8d76fed941e1912885a39b3505fb79477e92d7cf5a1d927bf33,0.6094276309,if6_consensus_when_public_priors_concordant_with_d4
4d5_her2,4d5_her2:0000891:333cd2fb18d8,333cd2fb18d82f6cf05efef04a8fec46b03ab3424109bc3f206d4507ad1d500b,0.227833882,if6_consensus_when_public_priors_concordant_with_d4
4d5_her2,4d5_her2:0000892:9684b7f7ce7f,9684b7f7ce7f520edf13f405ad483a13225d548b46f58616e045dc30cb2a289a,0.1757255048,if6_consensus_when_public_priors_concordant_with_d4
4d5_her2,4d5_her2:0000893:35321040ece0,35321040ece073ea269d6c88beade4d67853f92e5741e38dd66296296c527036,0.2380952388,if6_consensus_when_public_priors_concordant_with_d4
4d5_her2,4d5_her2:0000894:56495eb8e40e,56495eb8e40e0840caac19ed7e939f0898bbec6a2c0af631c0fb97efabedcb02,0.3774250448,if6_consensus_when_public_priors_concordant_with_d4
4d5_her2,4d5_her2:0000895:bc8ae361e5a8,bc8ae361e5a857f209f71a2c1ee52b386a104a47c1a3c335967949fa6ac75a4c,0.2675966322,if6_consensus_when_public_priors_concordant_with_d4
4d5_her2,4d5_her2:0000896:b8254c3b380e,b8254c3b380e40ada11614ac0d825d67017cec290e5f617a58b1e3a2eb39ad5d,0.4003527164,if6_consensus_when_public_priors_concordant_with_d4
4d5_her2,4d5_her2:0000897:c0506cc54587,c0506cc545871d35ef3dad03bb33d0d1ba1b44e36af655b96741d5a7d1d183a9,0.4128587544,if6_consensus_when_public_priors_concordant_with_d4
4d5_her2,4d5_her2:0000898:805cd5987d20,805cd5987d2061da3d666579b9ceeeab52d1c360d4a86b6bdbd38dde3290c364,0.2538079321,if6_consensus_when_public_priors_concordant_with_d4
4d5_her2,4d5_her2:0000899:4ebe49031aa8,4ebe49031aa811589498199f83c101addc76c0cefd0a9a26a0f6ef637787d424,0.3110469878,if6_consensus_when_public_priors_concordant_with_d4
4d5_her2,4d5_her2:0000900:8523b4380eda,8523b4380eda16259c05a4c3ab3694bca8860a90239ca1726196c299433f3ca2,0.4579124451,if6_consensus_when_public_priors_concordant_with_d4
4d5_her2,4d5_her2:0000901:7fe2f0c2138b,7fe2f0c2138b77c05aa3e3eef116bd6f435a2b859f85f0da8201e69ac185d6be,0.2738496065,if6_consensus_when_public_priors_concordant_with_d4
4d5_her2,4d5_her2:0000902:634d937a1682,634d937a16820365b092037103607dd25e7b5677f68bd7e13a2017ea893b0323,0.6706750393,if6_consensus_when_public_priors_concordant_with_d4
4d5_her2,4d5_her2:0000903:c1e1e54f5d42,c1e1e54f5d42a8e07a8fc3f131bfc39b6aa46a0632c3ade0d88150b971804e35,0.659612,if6_consensus_when_public_priors_concordant_with_d4
4d5_her2,4d5_her2:0000904:35ddd8489479,35ddd848947998a5b72ed4272be40be27c94a639ead7b08f4155177b9dee88fe,0.7141253948,if6_consensus_when_public_priors_concordant_with_d4
4d5_her2,4d5_her2:0000905:6c4833248267,6c4833248267d41544e09a1f0379aedb4be45cdecd16ac761d5be1f4ff5fc054,0.5646945834,if6_consensus_when_public_priors_concordant_with_d4
4d5_her2,4d5_her2:0000906:f677ace529d4,f677ace529d473ec876d8c7c1b8999a75bc90496441081679eef44d1c67022d1,0.9214366078,if6_consensus_when_public_priors_concordant_with_d4
4d5_her2,4d5_her2:0000907:9eb7a823b6d8,9eb7a823b6d8081472be5ab810844c698c31086a9815edcfa55e48ac1dbe8551,0.5552348495,if6_consensus_when_public_priors_concordant_with_d4
4d5_her2,4d5_her2:0000908:4c85a96cd757,4c85a96cd757d201f09542b4fc0b4ccd0f4abf1925d654c37c61a62611b916be,0.5876222253,if6_consensus_when_public_priors_concordant_with_d4
4d5_her2,4d5_her2:0000909:749ab574a53f,749ab574a53f3b1e6af72cda4799d738ffb2fc69935aaffb933794eba2ccf32a,0.3663620055,if6_consensus_when_public_priors_concordant_with_d4
4d5_her2,4d5_her2:0000910:70215683fb64,70215683fb647b9f5d56f5cf2a676d48c7d52e135ca04ae8f2906a21dfb79675,0.5582812428,if6_consensus_when_public_priors_concordant_with_d4
4d5_her2,4d5_her2:0000911:4d1e66ce7578,4d1e66ce7578302d72eb50fe931dd58822391c50d1db9828f55bcd9ebabb40a9,0.6523969769,if6_consensus_when_public_priors_concordant_with_d4
4d5_her2,4d5_her2:0000912:92a4996fcec2,92a4996fcec22fc8f72f0edeb7785eb3581634108f157bad0841064e1081be8e,0.8185024858,if6_consensus_when_public_priors_concordant_with_d4
4d5_her2,4d5_her2:0000913:ce28695dda9a,ce28695dda9ad28646a68b2d955dcf64d88432517292a7e46b253fe9d642fc9d,0.5816898942,if6_consensus_when_public_priors_concordant_with_d4
4d5_her2,4d5_her2:0000914:83694b1d560b,83694b1d560bca7a455cc56a92aab2ef2b9d1eef108166d4e4fb84d2f58d4e9d,0.5848965645,if6_consensus_when_public_priors_concordant_with_d4
4d5_her2,4d5_her2:0000915:40e15aa4c353,40e15aa4c3535076e5b722adfc1e3f4824bde37f39026b203efaf2348eaac2e2,0.9523809552,if6_consensus_when_public_priors_concordant_with_d4
4d5_her2,4d5_her2:0000916:50ddb5eb7d3e,50ddb5eb7d3eb06ae039dc8ef6a022574ab60b6d1e9d50398c5ad6030ad5ede1,0.3581850231,if6_consensus_when_public_priors_concordant_with_d4
4d5_her2,4d5_her2:0000917:550404c41594,550404c415949b789ed312aff2884d3f99105e6afb499c87ae06a6163b5eb71a,0.407728076,if6_consensus_when_public_priors_concordant_with_d4
4d5_her2,4d5_her2:0000918:3129bc6c7403,3129bc6c7403e550a8942c636e5f22c3f3aa7445d9861a3850872da7019425e6,0.4660894573,if6_consensus_when_public_priors_concordant_with_d4
4d5_her2,4d5_her2:0000919:e1b401e4c1f7,e1b401e4c1f7f72c9d184027475630e0b10f69358c217f53d162dc16c990d6d8,0.1980118752,if6_consensus_when_public_priors_concordant_with_d4
4d5_her2,4d5_her2:0000920:6daf2506a618,6daf2506a6180d8d2e416dab423ee5a218565cf6186d7c79335afdbff78a11e2,0.1460638195,if6_consensus_when_public_priors_concordant_with_d4
4d5_her2,4d5_her2:0000921:0398d4d8b227,0398d4d8b22716d8deadbaee2b3783347a2cb9848542b15600608d17432d5486,0.4136604369,if6_consensus_when_public_priors_concordant_with_d4
4d5_her2,4d5_her2:0000922:e3c1d53f4493,e3c1d53f4493fab0173e2a1a273ebdd7d406a5dec21e0ba6eb88a4b7b493715b,0.5765592456,if6_consensus_when_public_priors_concordant_with_d4
4d5_her2,4d5_her2:0000923:9574daf7a620,9574daf7a620c6e4007e10e222e59dbc475682fdd5ef5bee7cdb8b675d3c0926,0.6286676526,if6_consensus_when_public_priors_concordant_with_d4
4d5_her2,4d5_her2:0000924:69ae6969359f,69ae6969359f66826d87a38104bde405fba4f832f822715323273c7c9c9beb34,0.499278456,if6_consensus_when_public_priors_concordant_with_d4
4d5_her2,4d5_her2:0000925:d9d5f1fb9358,d9d5f1fb9358902313491769e53e1cdffbcb4bb14d97d7091065288de62b3364,0.4309764206,if6_consensus_when_public_priors_concordant_with_d4
4d5_her2,4d5_her2:0000926:c96c760d35b5,c96c760d35b53d1c8400ab05237f0c6d42700cc0867f420527e98cf68c5a3344,0.4803591669,if6_consensus_when_public_priors_concordant_with_d4
4d5_her2,4d5_her2:0000927:e27d7e5550d5,e27d7e5550d55ca009f8da7847b81f328a8d0ad826b3bb976bdb1a235867a8c0,0.5040884614,if6_consensus_when_public_priors_concordant_with_d4
4d5_her2,4d5_her2:0000928:fbb789352de5,fbb789352de57170c0e6a243233bb8f72cdbd6cc98f7f02a52be5ce8e5b6bf57,0.9446849823,if6_consensus_when_public_priors_concordant_with_d4
4d5_her2,4d5_her2:0000929:0af440d0dd49,0af440d0dd49dfb5378a463798ede129279ee1dc5b529c05f1fd5441479722dd,0.9374699593,if6_consensus_when_public_priors_concordant_with_d4
4d5_her2,4d5_her2:0000930:ef1d76cf9c3a,ef1d76cf9c3aa281ae89451410585441a5a6e7aa83104ca0cc7ed6ddc6f5659d,0.4534231126,if6_consensus_when_public_priors_concordant_with_d4
4d5_her2,4d5_her2:0000931:4d0dc8fb159f,4d0dc8fb159f3199ee0e1428b495146a6814bb397c91c3cfbe7fcc8e1a2f0595,0.493827194,if6_consensus_when_public_priors_concordant_with_d4
4d5_her2,4d5_her2:0000932:5b4ef06585d9,5b4ef06585d98168378d1718c234ea071c4305900ba217879fbc324d66b97b4d,0.4760301113,if6_consensus_when_public_priors_concordant_with_d4
4d5_her2,4d5_her2:0000933:20341047f355,20341047f355b9eb618a95fd25a348123b8dc38089d7a65b89e84173d0a58052,0.1410934776,if6_consensus_when_public_priors_concordant_with_d4
4d5_her2,4d5_her2:0000934:11c95f9af5c4,11c95f9af5c4b4eb27aaf402d1e03653c412869b7ea23117aff436e906553551,0.6519159675,if6_consensus_when_public_priors_concordant_with_d4
4d5_her2,4d5_her2:0000935:d81a234c6ac5,d81a234c6ac5a48fa1102d7ec1dd479d54156ec3193ffc984c4256f8c3e623fa,0.4130190611,if6_consensus_when_public_priors_concordant_with_d4
4d5_her2,4d5_her2:0000936:c2a1e3f6647c,c2a1e3f6647c4e8e4064b003c649590fd53b2907f6639b07cceb540c57d65e0b,0.2628667653,if6_consensus_when_public_priors_concordant_with_d4
4d5_her2,4d5_her2:0000937:65d18e65848c,65d18e65848ca2a8fbde11f89d64ef9db41dd8228900ac1b944b7842902644ec,0.1988135129,if6_consensus_when_public_priors_concordant_with_d4
4d5_her2,4d5_her2:0000938:97cc5bc19764,97cc5bc19764cbd64351dc7ea747db154d6b060065d088f19cbf8780089379d6,0.3381433189,if6_consensus_when_public_priors_concordant_with_d4
4d5_her2,4d5_her2:0000939:69c72917c2ac,69c72917c2acd14bf09c04a322ad3696fcbdf15121a8b988e9742f8632c33398,0.5061728358,if6_consensus_when_public_priors_concordant_with_d4
4d5_her2,4d5_her2:0000940:15d347b3c551,15d347b3c551d656cfe18c02a622aa50cafbb535180d8631ef543287abcda559,0.2230238914,if6_consensus_when_public_priors_concordant_with_d4
4d5_her2,4d5_her2:0000941:754df8659678,754df8659678962522fe9e7c66811e02f713f98bf5fda209bb19fda18d6dc297,0.150873825,if6_consensus_when_public_priors_concordant_with_d4
4d5_her2,4d5_her2:0000942:dc82f3d20c7f,dc82f3d20c7fbd97ca5b94a22881ca8b9a062cef4ccdac0636792aef7bbf984d,0.3984287083,if6_consensus_when_public_priors_concordant_with_d4
4d5_her2,4d5_her2:0000943:8cacaa226975,8cacaa226975104d32efe6ad8d08056d3d1d8f60509265ac9850b152d109c16f,0.5318261981,if6_consensus_when_public_priors_concordant_with_d4
4d5_her2,4d5_her2:0000944:68b407b3eb01,68b407b3eb01eac9eda1365307e2b32c353f8b109f1e352dd5608fb2e29b5ec5,0.2674362361,if6_consensus_when_public_priors_concordant_with_d4
4d5_her2,4d5_her2:0000945:b4ed97ef0033,b4ed97ef0033dec98d21a1fe35985d9d7aa0277c7613ac7c35d3e59e6c7a228a,0.3498476744,if6_consensus_when_public_priors_concordant_with_d4
4d5_her2,4d5_her2:0000946:0ddc492b1386,0ddc492b13862888e29f59138829d05c621a8dcb75225a6ab616029a98cdbb49,0.2772166133,if6_consensus_when_public_priors_concordant_with_d4
4d5_her2,4d5_her2:0000947:e9e7f7ec86cb,e9e7f7ec86cb81612b04a44c7d5aea0d9c936e82d0b2714d6f1e91ea18553027,0.1499118209,if6_consensus_when_public_priors_concordant_with_d4
4d5_her2,4d5_her2:0000948:5f14475c38ea,5f14475c38ea39737c624487dd2a31f8dc954446ed0afde146a2c4ba70d7bbc7,0.4718614817,if6_consensus_when_public_priors_concordant_with_d4
4d5_her2,4d5_her2:0000949:6cde54af43f9,6cde54af43f9e131128fa9108797371ceaedf8aa4f5247c93a496dcbd1db455d,0.418630749,if6_consensus_when_public_priors_concordant_with_d4
4d5_her2,4d5_her2:0000950:321304323e42,321304323e42479c8e599fa1ee74dc2d8bd9b2fe99b709a1d249bbd531274142,0.4216771126,if6_consensus_when_public_priors_concordant_with_d4
4d5_her2,4d5_her2:0000951:b2e851a7af5e,b2e851a7af5e99b4177c23c63c8b7b4fb1de44c1c3d8185694b65030ee2e17b1,0.8731762767,if6_consensus_when_public_priors_concordant_with_d4
4d5_her2,4d5_her2:0000952:e23f8e9378a4,e23f8e9378a43d014deb6eaa5973d3a595f68cd3e22bbe0973c7956c64eb2b84,0.5828122497,if6_consensus_when_public_priors_concordant_with_d4
4d5_her2,4d5_her2:0000953:161220750aa4,161220750aa4756e11a7fef6baf1d34b3c80cdd690316f79ed4a6352040d6fc1,0.3711720407,if6_consensus_when_public_priors_concordant_with_d4
4d5_her2,4d5_her2:0000954:e3d4fa54274b,e3d4fa54274b164693d6e159dc943dcc485e47fc721e7073a3ec61d219d945f3,0.404681772,if6_consensus_when_public_priors_concordant_with_d4
4d5_her2,4d5_her2:0000955:7288e65d4162,7288e65d416221b4bab9207619ab4938d536c6138dd71d0ce5ae9b117ecdb7b9,0.5149911642,if6_consensus_when_public_priors_concordant_with_d4
4d5_her2,4d5_her2:0000956:96133b201c25,96133b201c2534e89b3c70476cbee8b571c7b20a776c43f02eed65ea9d1c7ac6,0.451659441,if6_consensus_when_public_priors_concordant_with_d4
4d5_her2,4d5_her2:0000957:f3050d11be65,f3050d11be65736c3b18b7d7b1a34a703178932bfca7bd445f8cbd330a3ae2fd,0.5098605156,if6_consensus_when_public_priors_concordant_with_d4
4d5_her2,4d5_her2:0000958:e78f09fe6261,e78f09fe6261996d3ef578fcc6491a78c4e85b4dfe28cee780c4aad18db0a170,0.322270304,if6_consensus_when_public_priors_concordant_with_d4
4d5_her2,4d5_her2:0000959:9e4b1016adbd,9e4b1016adbd455e0a08615e645a4fe6284e656bffab9f06868bab33072a853f,0.5199615359,if6_consensus_when_public_priors_concordant_with_d4
4d5_her2,4d5_her2:0000960:4d4d74ced536,4d4d74ced5367cadedc1f644c98b46daa77acfa8d7433273fe340bfafb1df492,0.3458393514,if6_consensus_when_public_priors_concordant_with_d4
4d5_her2,4d5_her2:0000961:5f64b7bc5363,5f64b7bc53631efad992fc45dbb03d7957d23f121753430511e9fa2e3484febc,0.3459996879,if6_consensus_when_public_priors_concordant_with_d4
4d5_her2,4d5_her2:0000962:11e072b30564,11e072b305645abed5617e2362d479f4a1bffc6730344c5829fbb59e8b21df7e,0.5970818996,if6_consensus_when_public_priors_concordant_with_d4
4d5_her2,4d5_her2:0000963:cdd0260329c3,cdd0260329c3a972135da85108377ab1adcd89a2e8f172a79e0b501bf0a9c211,0.5664582253,if6_consensus_when_public_priors_concordant_with_d4
4d5_her2,4d5_her2:0000964:766434c2586c,766434c2586cf08aac741e4257411c844fe5b5ce41154d885f17dd6cf49c97de,0.4561487734,if6_consensus_when_public_priors_concordant_with_d4
4d5_her2,4d5_her2:0000965:8168358607e4,8168358607e43ad6e8011f381c583752f8771594ec537970700e34bc69b0f1de,0.2191758901,if6_consensus_when_public_priors_concordant_with_d4
4d5_her2,4d5_her2:0000966:1814bb5537de,1814bb5537de58c0df2d11553d2d75fe9aaf6bff1eec56f73badd1bf0fb9001f,0.5106621981,if6_consensus_when_public_priors_concordant_with_d4
4d5_her2,4d5_her2:0000967:dc29bc89278c,dc29bc89278c31469a01c41df6081befdd0d45e582f7970f72a32b86dcdffb7f,0.7904441357,if6_consensus_when_public_priors_concordant_with_d4
4d5_her2,4d5_her2:0000968:3985beed8a0c,3985beed8a0cdf99bdfbdc11c92e873defdd0e0aa4674078189692c8a351c8f4,0.8425524831,if6_consensus_when_public_priors_concordant_with_d4
4d5_her2,4d5_her2:0000969:efb58bc9f1f0,efb58bc9f1f0dd968619eca1fe12d84baeecd4be2ea8955bef059c23c442bcc4,0.2847522795,if6_consensus_when_public_priors_concordant_with_d4
4d5_her2,4d5_her2:0000970:8d4e97229e38,8d4e97229e386dd64230b582b5de7f684008fbf305f9734671ec5a91dff8d823,0.5606862903,if6_consensus_when_public_priors_concordant_with_d4
4d5_her2,4d5_her2:0000971:a2c25e6261bb,a2c25e6261bbb71109b1ebb28ed738abd909ab6d9842e5a223ecad24bf5a5988,0.5261343718,if6_consensus_when_public_priors_concordant_with_d4
4d5_her2,4d5_her2:0000972:2f877c604caa,2f877c604caaf08d58d4ddebc18d7dada4ca20562ab1a7e63dd6c6df31f573da,0.9568703175,if6_consensus_when_public_priors_concordant_with_d4
4d5_her2,4d5_her2:0000973:d2949797e269,d2949797e269367cc5ae1b7aad748f6bac430a5c22826e4040abb0a9e3a110ef,0.8848805428,if6_consensus_when_public_priors_concordant_with_d4
4d5_her2,4d5_her2:0000974:3b724feddf84,3b724feddf84fd5d05c9a4f8fafaebd0e1baf044cac23cab2876179ba047554b,0.2749719322,if6_consensus_when_public_priors_concordant_with_d4
4d5_her2,4d5_her2:0000975:9211df1d71e5,9211df1d71e56ce40cc298bf5f47aad609e77aec5ad9ed8c769127d19bc4484c,0.5900272727,if6_consensus_when_public_priors_concordant_with_d4
4d5_her2,4d5_her2:0000976:200bfe82f22d,200bfe82f22d62692e1736c197787b43ee41fdb102cfefa7674c302008a25a49,0.5318261981,if6_consensus_when_public_priors_concordant_with_d4
4d5_her2,4d5_her2:0000977:7f4d8f983ee2,7f4d8f983ee2aabb906effc947ce61219d1e56770ef80368d846d6c65edffd6c,0.8024691939,if6_consensus_when_public_priors_concordant_with_d4
4d5_her2,4d5_her2:0000978:4fcdde09d456,4fcdde09d4561496bcfd6b99776afbe75f0cc84cb482235e11dee2f54a9c4fde,0.9467692375,if6_consensus_when_public_priors_concordant_with_d4
4d5_her2,4d5_her2:0000979:a8034e0830a5,a8034e0830a51d424fad6dee596ec58f421e9f374d5e271c122aac10bdf0d4f2,0.5310245156,if6_consensus_when_public_priors_concordant_with_d4
4d5_her2,4d5_her2:0000980:3d31440a11b6,3d31440a11b6c0b26298a82198b27f0df64fb96eaa353d0c1120a88b816e34d2,0.8133718371,if6_consensus_when_public_priors_concordant_with_d4
4d5_her2,4d5_her2:0000981:3fd287cef72f,3fd287cef72f4db0ca1acdf563562f829d9c487de5b08de5cf997820334def17,0.5584415793,if6_consensus_when_public_priors_concordant_with_d4
4d5_her2,4d5_her2:0000982:81008f8295b9,81008f8295b9911ff8aaabcc8c8b143390c3db51d4e7d52359554ffbd3dabee8,0.3828763962,if6_consensus_when_public_priors_concordant_with_d4
4d5_her2,4d5_her2:0000983:9c519cf15bdb,9c519cf15bdb87699ceb590add87c5ea96b6ae0a48d05a6b850c4e9621648b0d,0.8234727979,if6_consensus_when_public_priors_concordant_with_d4
4d5_her2,4d5_her2:0000984:b76d73b0e957,b76d73b0e9576be3a1157abacafa54514bfc05ef469c76d8f6c33dee174e9047,0.5228474736,if6_consensus_when_public_priors_concordant_with_d4
4d5_her2,4d5_her2:0000985:a8703d640c42,a8703d640c4232c7574b99609da6c3b916a8ae4fbd8c1fb7615534f0fb391f1f,0.6033349633,if6_consensus_when_public_priors_concordant_with_d4
4d5_her2,4d5_her2:0000986:692ec4b5f720,692ec4b5f720ec23e2284f642f66c47eb63161a529b78425fbfc015901738220,0.7875581384,if6_consensus_when_public_priors_concordant_with_d4
4d5_her2,4d5_her2:0000987:679b93ce66b1,679b93ce66b11924a2a169ecdfa806ccaf0dc87ea773d8f97c7cd6bb6960b5bd,0.9565496445,if6_consensus_when_public_priors_concordant_with_d4
4d5_her2,4d5_her2:0000988:e3423ab162e1,e3423ab162e1ec2a1f67c744de5f09f257445c2e37a19eac4627cc8b54a5e158,0.5868206024,if6_consensus_when_public_priors_concordant_with_d4
4d5_her2,4d5_her2:0000989:a7c2ac3f6db3,a7c2ac3f6db33c77a7d0f393f114b0fe468a542ad30e0f8cb9ec283cd1138383,0.5961199403,if6_consensus_when_public_priors_concordant_with_d4
4d5_her2,4d5_her2:0000990:8acd9858cec6,8acd9858cec618b64d2eff444ece20f8d2f73901fbf8d73a054b46fec3306a9e,0.999358654,if6_consensus_when_public_priors_concordant_with_d4
4d5_her2,4d5_her2:0000991:1d8671b6e053,1d8671b6e05388fd0e638f746cb83c7053357864e5a94e5518c66c88dd15f06d,0.6118326187,if6_consensus_when_public_priors_concordant_with_d4
4d5_her2,4d5_her2:0000992:dd9cc7abecc7,dd9cc7abecc7e68728ef402a3b75a4c327c37069670677cc2019331e8f1f1b85,0.7206990123,if6_consensus_when_public_priors_concordant_with_d4
4d5_her2,4d5_her2:0000993:ca3cb09e0005,ca3cb09e0005a9a25e54ea9c6d1604d5b68e35da2d2f890cf682a24cd568c909,0.6176046133,if6_consensus_when_public_priors_concordant_with_d4
4d5_her2,4d5_her2:0000994:afe1e83105a5,afe1e83105a5327a4b49f8f156ecaf5caac33530b8f7dbc49df0b07cb8fc9d63,0.9055635333,if6_consensus_when_public_priors_concordant_with_d4
4d5_her2,4d5_her2:0000995:e977f1444d1d,e977f1444d1d1f255e1068e60a8c0496477eea128e6a5b5503a36db792b9f302,0.6151996255,if6_consensus_when_public_priors_concordant_with_d4
4d5_her2,4d5_her2:0000996:722b1a6f5cca,722b1a6f5cca2274d4b40f86d2b2f47932cabd00159f4ea0cc9da928b1cfb1fa,0.4668911397,if6_consensus_when_public_priors_concordant_with_d4
4d5_her2,4d5_her2:0000997:ebf11449863e,ebf11449863eeb60163851ed0f37e7341abeb47cf9e88d481938fbf117334d60,0.561327517,if6_consensus_when_public_priors_concordant_with_d4
4d5_her2,4d5_her2:0000998:0bafcfbed5c2,0bafcfbed5c2815813c9bdb2b5cadb34b40da55b51e2e3efcad8748dfbd214a9,0.7925284505,if6_consensus_when_public_priors_concordant_with_d4
4d5_her2,4d5_her2:0000999:8674af936c71,8674af936c710d007b4d202505af10a08a594fbe9892ed63d834f2e909d7b948,0.4396344423,if6_consensus_when_public_priors_concordant_with_d4
4d5_her2,4d5_her2:0001000:502b6824cdf3,502b6824cdf3905dfa97af74c8223cfa64b7f5693ded973d73c352f3ed63f1a5,0.7271123528,if6_consensus_when_public_priors_concordant_with_d4
4d5_her2,4d5_her2:0001001:cd622a79b529,cd622a79b5294fe497ad5c82540d6b970a061189bb49903c23a19b2bd47c981e,0.5582812428,if6_consensus_when_public_priors_concordant_with_d4
4d5_her2,4d5_her2:0001002:822f9d020c8c,822f9d020c8cbd4ccebdc5cb1b64422bf2eb1fa9b41c94f86dde1d50ea3fcff9,0.4939874709,if6_consensus_when_public_priors_concordant_with_d4
4d5_her2,4d5_her2:0001003:b2767897b64a,b2767897b64a569f02dbd48db8a5b213c37f86fa1218acd9d2c55b86121a718a,0.3620330393,if6_consensus_when_public_priors_concordant_with_d4
4d5_her2,4d5_her2:0001004:33c9731c641a,33c9731c641a68faea120b97a6951bd2b80681f581bea30c0924bb462b6aa986,0.8237934709,if6_consensus_when_public_priors_concordant_with_d4
4d5_her2,4d5_her2:0001005:68ec0c20f4c6,68ec0c20f4c6668fde6170327bcffdadb058aef0be12d59da232b50976df46fc,0.541446209,if6_consensus_when_public_priors_concordant_with_d4
4d5_her2,4d5_her2:0001006:ea7436f501d4,ea7436f501d4877621359b7dfd7b7f3690099530962efc7a777e4f54b4c44130,0.7472342849,if6_consensus_when_public_priors_concordant_with_d4
4d5_her2,4d5_her2:0001007:3450fe95b01e,3450fe95b01e6bde2f10e357b3954a2222447863cea9af7d65e5577e90d1d3ac,0.7333653569,if6_consensus_when_public_priors_concordant_with_d4
4d5_her2,4d5_her2:0001008:0530b1b3aec9,0530b1b3aec9302d44302d34d41797ef8672e93f6f96d86524a8b53e8f8ca8da,0.8516113162,if6_consensus_when_public_priors_concordant_with_d4
4d5_her2,4d5_her2:0001009:6cae487b694b,6cae487b694b1712c15f83d16fca68e3862fb2b9d73b1f443d9ea7694267a879,0.359147042,if6_consensus_when_public_priors_concordant_with_d4
4d5_her2,4d5_her2:0001010:4fadc3353009,4fadc3353009485bc53c527655d836d49a3df7f19aa9b861237e98a65564d4a8,0.5994869471,if6_consensus_when_public_priors_concordant_with_d4
4d5_her2,4d5_her2:0001011:fc2fb610b00e,fc2fb610b00eacb43bbcf96321906be50ae101222b9639d489c3b9046c83b94f,0.9365079403,if6_consensus_when_public_priors_concordant_with_d4
4d5_her2,4d5_her2:0001012:890c7b9f8df7,890c7b9f8df70301710900096fe69c9c280dfe971134127d55d83eb8e63c1a11,0.6527176499,if6_consensus_when_public_priors_concordant_with_d4
4d5_her2,4d5_her2:0001013:b2128e6594bc,b2128e6594bc3d831141d7111c4734ede3849dae7b99fa4228bee635beb44fcc,0.6976110339,if6_consensus_when_public_priors_concordant_with_d4
4d5_her2,4d5_her2:0001014:2d66370251de,2d66370251de814cc5a099cc5d0bfbe12feff10b750042a9b4038fc53e7ce7e1,0.9310566783,if6_consensus_when_public_priors_concordant_with_d4
4d5_her2,4d5_her2:0001015:bd0993a23b41,bd0993a23b418bd5397f09c761a6663fe041ac21696ad59c561f2b1164604198,0.9408369064,if6_consensus_when_public_priors_concordant_with_d4
4d5_her2,4d5_her2:0001016:5a3fa4af1fe8,5a3fa4af1fe840b8e8ad11dce8a83780235e589c3db04f2203a856a272249972,0.9355459213,if6_consensus_when_public_priors_concordant_with_d4
4d5_her2,4d5_her2:0001017:58030ca65fd1,58030ca65fd1f5d0e246430d84ae1a23e6eb627a60f58ab823e13927daed01ab,0.7008177638,if6_consensus_when_public_priors_concordant_with_d4
4d5_her2,4d5_her2:0001018:9df70739872e,9df70739872e3ee35e6df6f037030236dbd349b67f2de5453fee66c817e6a059,0.6947250366,if6_consensus_when_public_priors_concordant_with_d4
4d5_her2,4d5_her2:0001019:b206b6a63100,b206b6a63100102a85238f0b24a341500e2d26b5cf00cd7e564b47bd9f69c3a6,0.5804072022,if6_consensus_when_public_priors_concordant_with_d4
4d5_her2,4d5_her2:0001020:60ea7dcaad8c,60ea7dcaad8c43dc7b522674d0a818f687e7b497f4b2947a00aec88b86e1cd2f,0.6171236038,if6_consensus_when_public_priors_concordant_with_d4
4d5_her2,4d5_her2:0001021:d3bc21e1edea,d3bc21e1edeab29b2034f1274ae99be6abf0a4af8425082fa8113d9b09c70dee,0.7590187192,if6_consensus_when_public_priors_concordant_with_d4
4d5_her2,4d5_her2:0001022:6c47f1fbe71a,6c47f1fbe71a7f4876989e92a688db964ede99ff636e6147f71a81940772ba73,0.9034792781,if6_consensus_when_public_priors_concordant_with_d4
4d5_her2,4d5_her2:0001023:70a0d072bf66,70a0d072bf66e937d15808f10ed8d7fe8518733caeef16612197ad04b5564660,0.9581529498,if6_consensus_when_public_priors_concordant_with_d4
4d5_her2,4d5_her2:0001024:ecae7c598414,ecae7c59841404e297036fbc25f4ee9a6f938ee7af6624a00cc2285554571dc4,0.9656886458,if6_consensus_when_public_priors_concordant_with_d4
4d5_her2,4d5_her2:0001025:885ad16aaeb7,885ad16aaeb7785037494926d88c3dda29e477ce62a33b08db1e27b2f0b8bae8,0.5468975902,if6_consensus_when_public_priors_concordant_with_d4
4d5_her2,4d5_her2:0001026:501761389c1c,501761389c1c33d909cd16a75de830ffb73095604011e349c7c9d2809a3d345d,0.3948212564,if6_consensus_when_public_priors_concordant_with_d4
4d5_her2,4d5_her2:0001027:19e387c818d7,19e387c818d79eec57c8c41a192445caf7d84a3a1d2f62b9c2d79e8f1454056f,0.7696008086,if6_consensus_when_public_priors_concordant_with_d4
4d5_her2,4d5_her2:0001028:6ac01325afa3,6ac01325afa3bd7d48cb3d36bfd5e64326c18ec892d0c3fd8fa35dbe3a141323,0.539201498,if6_consensus_when_public_priors_concordant_with_d4
4d5_her2,4d5_her2:0001029:db0644f09d34,db0644f09d34e34cd37ebd2e9ffc051b37d6706689af3da04aab0eade4107bed,0.622895658,if6_consensus_when_public_priors_concordant_with_d4
4d5_her2,4d5_her2:0001030:d7d07a25e835,d7d07a25e83533842aa239d270261884825a68c501df5133faeb2101c0d1e6f6,0.4866121709,if6_consensus_when_public_priors_concordant_with_d4
4d5_her2,4d5_her2:0001031:eae9865ab0dc,eae9865ab0dc8db3a929c834a70284f594b8786c40b11a5c56e5c581b22a1a0b,0.9009138942,if6_consensus_when_public_priors_concordant_with_d4
4d5_her2,4d5_her2:0001032:aa6953aed351,aa6953aed351f9b916f6ea1f486f0248110309abab186ac7fdaee7b57d1c6d7e,0.5028058887,if6_consensus_when_public_priors_concordant_with_d4
4d5_her2,4d5_her2:0001033:cc924d042244,cc924d0422445d5b0dd7862f93661f5dde88ddf5b50d1fb7e618447bdcef0613,0.5028058887,if6_consensus_when_public_priors_concordant_with_d4
4d5_her2,4d5_her2:0001034:b2f83a861874,b2f83a8618747d58d4b84b3c929005c8af78f92c21deddc73117b81ec6bafcf4,0.3094436228,if6_consensus_when_public_priors_concordant_with_d4
4d5_her2,4d5_her2:0001035:cad35e6514a2,cad35e6514a255072724ad6ca585d4a52c7834818ce988bc5b8936ae96dcfd5c,0.9381112456,if6_consensus_when_public_priors_concordant_with_d4
4d5_her2,4d5_her2:0001036:4125a9eea45a,4125a9eea45ab00ab336ab2ce1b6bbb80c9ee2783be21e19fbae4b5d90652f4f,0.5951579213,if6_consensus_when_public_priors_concordant_with_d4
4d5_her2,4d5_her2:0001037:0211f21d62fb,0211f21d62fb8c7b49d23b36f396de8e5b55d19cceac1648138b9aea812d533b,0.926887989,if6_consensus_when_public_priors_concordant_with_d4
4d5_her2,4d5_her2:0001038:d99fc6533ed2,d99fc6533ed28c2cc9ab4ad7413e757597db1b703ebc8cc500d82d27ca0f90a7,0.8425524831,if6_consensus_when_public_priors_concordant_with_d4
4d5_her2,4d5_her2:0001039:d232b391b589,d232b391b5896508007068144b2f41b257332d1e1b9362de7f1f293e6de82d46,0.7064294219,if6_consensus_when_public_priors_concordant_with_d4
4d5_her2,4d5_her2:0001040:bd1b9adbea20,bd1b9adbea207367adcc16c20e74f4c687213084f487211d369b4ab99f53c917,0.6329966187,if6_consensus_when_public_priors_concordant_with_d4
4d5_her2,4d5_her2:0001041:f6d98032387e,f6d98032387ee69d302cf7acb374ab6999a5fe35cf1b8a64b2a84186da8b75ba,0.6852653623,if6_consensus_when_public_priors_concordant_with_d4
4d5_her2,4d5_her2:0001042:c823c4ec8afa,c823c4ec8afac73e85093fb685b02e1b638668c943822d43610cc27bd0196e0f,0.2137245536,if6_consensus_when_public_priors_concordant_with_d4
4d5_her2,4d5_her2:0001043:2482da8717d3,2482da8717d36c4241b3240001a180853ba27d5ff825a737405d94a99690879b,0.4213564396,if6_consensus_when_public_priors_concordant_with_d4
4d5_her2,4d5_her2:0001044:e04bdd862ba6,e04bdd862ba6231e6212909c54e83864ff0aa34e4326e02717656e3fd4db1dc1,0.4819624722,if6_consensus_when_public_priors_concordant_with_d4
4d5_her2,4d5_her2:0001045:00b7ce85e193,00b7ce85e1938ed386bb36ab4f61fd8bf6518f8077215adb0442ac114632705a,0.4053230584,if6_consensus_when_public_priors_concordant_with_d4
4d5_her2,4d5_her2:0001046:d3d620e4cc45,d3d620e4cc4550685cf9d43864e1c55a153faa29cd8e69696153d928cef88867,0.6657046676,if6_consensus_when_public_priors_concordant_with_d4
4d5_her2,4d5_her2:0001047:2bf83d15891a,2bf83d15891ae5fa039b88cb3a78eb250c2fa43c6ea4637dcf8bedc211496f2f,0.5568382144,if6_consensus_when_public_priors_concordant_with_d4
4d5_her2,4d5_her2:0001048:02be6b9322c3,02be6b9322c321baeafb10f8d3ee45ff1433961a69a780e22ea7ea141e1a264d,0.8003848195,if6_consensus_when_public_priors_concordant_with_d4
4d5_her2,4d5_her2:0001049:e22649d65da4,e22649d65da43d97caace3ba397037af9956946232ddf7f13c188d3d575f9e09,0.5289402008,if6_consensus_when_public_priors_concordant_with_d4
4d5_her2,4d5_her2:0001050:5eb3820fd96f,5eb3820fd96fc394e22bdd8f45dd41aa6df4da998609dc8720c3efaa1679abcb,0.4045213759,if6_consensus_when_public_priors_concordant_with_d4
4d5_her2,4d5_her2:0001051:dac8da78be31,dac8da78be31405bca33aa719fa6d232800b9fd721a7b9788c280d69551f0581,0.881192863,if6_consensus_when_public_priors_concordant_with_d4
4d5_her2,4d5_her2:0001052:2fcec75931f5,2fcec75931f51ecbef7c7bd88849c5f6c836e2e18c1c185ccdb93d60f38496d3,0.4112554491,if6_consensus_when_public_priors_concordant_with_d4
4d5_her2,4d5_her2:0001053:cb2699c9a33b,cb2699c9a33ba64489e4f1dce552c60526cc287de15859b43a9263e8e08f5fd5,0.5831329226,if6_consensus_when_public_priors_concordant_with_d4
4d5_her2,4d5_her2:0001054:1b9962688598,1b996268859802010e4126c46db3b5458776ee194a6c274e0bbc3319c379e511,0.6488696933,if6_consensus_when_public_priors_concordant_with_d4
4d5_her2,4d5_her2:0001055:1351ebf294fe,1351ebf294fec7f90db15e278a2617beb140167c2bc82a100d1573ed454de402,0.7766554356,if6_consensus_when_public_priors_concordant_with_d4
4d5_her2,4d5_her2:0001056:b46f99356370,b46f99356370ccc25a7fdd7b74c4f0c08bf3de59f9135b7ad1641cbdcb421b04,0.4098124206,if6_consensus_when_public_priors_concordant_with_d4
4d5_her2,4d5_her2:0001057:6b81d6ae97ea,6b81d6ae97eafcf0228f885e046b6be41a7bfd8d7f305474681eef55eb5cf3ca,0.5430495739,if6_consensus_when_public_priors_concordant_with_d4
4d5_her2,4d5_her2:0001058:ee3c22e7ff6f,ee3c22e7ff6f8411c0e11870c309cacdcb14a6e428c04fd6d616a9d62b6b983d,0.7720057964,if6_consensus_when_public_priors_concordant_with_d4
4d5_her2,4d5_her2:0001059:1fff641851fe,1fff641851febac99d441c6293b1e61f750ae7ca3784a46e3a394002e5a43a64,0.8031104207,if6_consensus_when_public_priors_concordant_with_d4
4d5_her2,4d5_her2:0001060:3a851f1607a5,3a851f1607a5c3c174db55b657e860900e883c20386bf8c6796ede88b9bcbb43,0.7029020786,if6_consensus_when_public_priors_concordant_with_d4
4d5_her2,4d5_her2:0001061:f601c461422f,f601c461422f9b4ae8f2602d09f4b58bb7c9364d14a6d0b3ff763b93f7255218,0.5371171832,if6_consensus_when_public_priors_concordant_with_d4
4d5_her2,4d5_her2:0001062:ff116bbf332d,ff116bbf332d46f933f8081160e775c62cc0df681def6cf883a0ec5de645e3fe,0.4112554491,if6_consensus_when_public_priors_concordant_with_d4
4d5_her2,4d5_her2:0001063:7d81ae1dbda8,7d81ae1dbda836e0b3498cde3fdf27e0e1eb24d1b041e6366f3563e03cbc3394,0.9081289172,if6_consensus_when_public_priors_concordant_with_d4
4d5_her2,4d5_her2:0001064:acf252aa0037,acf252aa0037c30a4303d22b1d5e348c5564eefadc1e5b046c1277a4fe9690c0,0.6979317069,if6_consensus_when_public_priors_concordant_with_d4
4d5_her2,4d5_her2:0001065:fc2f6aa4f1bf,fc2f6aa4f1bf119176cdee013f99fec4ebbea3b429c5680a216f71d855b5601d,0.8547378182,if6_consensus_when_public_priors_concordant_with_d4
4d5_her2,4d5_her2:0001066:21d7b14d9e24,21d7b14d9e24a3f8f37533a15bc33f417470355cd59093cf54f1bb39050dcc75,0.8871252537,if6_consensus_when_public_priors_concordant_with_d4
4d5_her2,4d5_her2:0001067:98761f8f7f5d,98761f8f7f5d1ebbca5553ce67bce97b4247580e0d62103a8bf069499c262bd0,0.4474907815,if6_consensus_when_public_priors_concordant_with_d4
4d5_her2,4d5_her2:0001068:615779ae07c3,615779ae07c3ca9518b64c0ea0675dfa3ca5bbf4648ce631569e6346a40c3d29,0.8508898616,if6_consensus_when_public_priors_concordant_with_d4
4d5_her2,4d5_her2:0001069:d7d514562c63,d7d514562c634b4f9cd40826276da06a9ef6997f5c88e1c02634011ae6b74cdb,0.4090107381,if6_consensus_when_public_priors_concordant_with_d4
4d5_her2,4d5_her2:0001070:b38d8892e5c5,b38d8892e5c5962b9746ae60e6d8ba94efaaee843a8b1c13b5afdde55fa15d48,0.3009459674,if6_consensus_when_public_priors_concordant_with_d4
4d5_her2,4d5_her2:0001071:aa479691a181,aa479691a1812781f44996174a2bb67dca22165ef39dbe335793117b92c14df1,0.5220458508,if6_consensus_when_public_priors_concordant_with_d4
4d5_her2,4d5_her2:0001072:f759c45794fd,f759c45794fde824f8755649792f6029e958cc3df33c043b3a46778630a921bc,0.6541606188,if6_consensus_when_public_priors_concordant_with_d4
4d5_her2,4d5_her2:0001073:09802d691234,09802d69123480c50e1a723fa56df7aa72cda53379609bc246fd60e827d44e14,0.5392817259,if6_consensus_when_public_priors_concordant_with_d4
4d5_her2,4d5_her2:0001074:c4b1a3a4fbc6,c4b1a3a4fbc6c73d634a34bbd663db454fddb4ad2256f673d7fe16829c81872c,0.3828763962,if6_consensus_when_public_priors_concordant_with_d4
4d5_her2,4d5_her2:0001075:284aaa728486,284aaa728486402c63564078f5cebefe8bbf9ab5cac881ddfe8d6c4d8c92a63b,0.4673720896,if6_consensus_when_public_priors_concordant_with_d4
4d5_her2,4d5_her2:0001076:739efb196dd4,739efb196dd450af8688352ece063a7200dd5e4227fba6d3159b88121b0be0c7,0.6042969227,if6_consensus_when_public_priors_concordant_with_d4
4d5_her2,4d5_her2:0001077:f8fbfe0f282c,f8fbfe0f282cd79b233681997386d93f8fcfb21801da10c571649b26bdb12ecb,0.5400032401,if6_consensus_when_public_priors_concordant_with_d4
4d5_her2,4d5_her2:0001078:55df1c31a2ef,55df1c31a2ef55576dc10d8942cc10eb7b2a4acc52bb2659c45eaaeccc120c51,0.563572228,if6_consensus_when_public_priors_concordant_with_d4
4d5_her2,4d5_her2:0001079:7e841ce34a62,7e841ce34a62b9483cdaf5bf9622ebb89ee9db0d16b5efb4e984a0baae934d59,0.5233285427,if6_consensus_when_public_priors_concordant_with_d4
4d5_her2,4d5_her2:0001080:fba49aff9248,fba49aff924816bb9366e9417e5d46125681a8bf3711cbd49ce8938d234fd022,0.4114157259,if6_consensus_when_public_priors_concordant_with_d4
4d5_her2,4d5_her2:0001081:3cb1cdd6404a,3cb1cdd6404a002ca69454825f0f7d904fe018e8ec60ea23900cf73a9f277b76,0.5696648955,if6_consensus_when_public_priors_concordant_with_d4
4d5_her2,4d5_her2:0001082:82e43980b2d2,82e43980b2d2a3578fcf84343e9b21d8555db7ec4d9e76fb78df5b0e72a69735,0.6158409119,if6_consensus_when_public_priors_concordant_with_d4
4d5_her2,4d5_her2:0001083:28940dac065f,28940dac065fad07a42315bdbda4a8cb0aa7d6ef91021a86713fbf73cfab5750,0.4043610394,if6_consensus_when_public_priors_concordant_with_d4
4d5_her2,4d5_her2:0001084:8290cf81a863,8290cf81a86326c38dcc04fcac08f25e4a70fff6850632a03f4e26096249596a,0.5390412211,if6_consensus_when_public_priors_concordant_with_d4
4d5_her2,4d5_her2:0001085:25bf38676130,25bf38676130d2a2ec591b5798d214ab3ac0ac61252f38a61fc373f61403737b,0.4216771126,if6_consensus_when_public_priors_concordant_with_d4
4d5_her2,4d5_her2:0001086:ec58a5076e2f,ec58a5076e2f072a2e5d280be366119917647e01be1ee92fd8ef5a4ca5f8e37a,0.3144139946,if6_consensus_when_public_priors_concordant_with_d4
4d5_her2,4d5_her2:0001087:cd4b49450ebf,cd4b49450ebf2faf1a568c4a1eb9980c2a9b174e2feff26d2c50050d208edabd,0.2178931981,if6_consensus_when_public_priors_concordant_with_d4
4d5_her2,4d5_her2:0001088:7dcdc62c6c93,7dcdc62c6c9382cf5cd3878414dffb753e9cf071d82c4590ccd8b564992d1faa,0.2661536038,if6_consensus_when_public_priors_concordant_with_d4
4d5_her2,4d5_her2:0001089:989c0dc32d04,989c0dc32d040222f295fafe5a0bfe711adb56d54df717af8478bb8e6484a9b7,0.3980278969,if6_consensus_when_public_priors_concordant_with_d4
4d5_her2,4d5_her2:0001090:597e9ef06c3c,597e9ef06c3c4384cc183ba4351502db4e27b0a7ed1e3ab0406aa5c6667e6355,0.6604136825,if6_consensus_when_public_priors_concordant_with_d4
4d5_her2,4d5_her2:0001091:c68d61a0fd2c,c68d61a0fd2cd5512311bb8d7aceb4b07cc6bd0c184e565bbdc1971deb412769,0.6081449389,if6_consensus_when_public_priors_concordant_with_d4
4d5_her2,4d5_her2:0001092:301b590c9403,301b590c9403d590e4938e523f4325b353ced8ac6f5136904e4103f329c3460c,0.3963444233,if6_consensus_when_public_priors_concordant_with_d4
4d5_her2,4d5_her2:0001093:173af140dfce,173af140dfcedfbaaf519fcb65ae4011fad5f6bbf1c59afb36383cc4d40f67f8,0.3801507056,if6_consensus_when_public_priors_concordant_with_d4
4d5_her2,4d5_her2:0001094:2aecb7ccc149,2aecb7ccc1496d4eb0e514effd8a2df2c7176fd89e0ef5b3313372760c43fbbb,0.2358505726,if6_consensus_when_public_priors_concordant_with_d4
4d5_her2,4d5_her2:0001095:64e2522b8f8a,64e2522b8f8a153a8ea7d99f79d47278db60d2bdbc88286bcd2c4fb46792d218,0.3613916934,if6_consensus_when_public_priors_concordant_with_d4
4d5_her2,4d5_her2:0001096:0caa19af7a6b,0caa19af7a6b8ae0655cc0c069c97e15d0dd15485971b76fa6b6d67293df8a10,0.2946929634,if6_consensus_when_public_priors_concordant_with_d4
4d5_her2,4d5_her2:0001097:2414a216e2be,2414a216e2bed589288259e85510bf38ee921895107aa6694fbb3e640e342272,0.8470418453,if6_consensus_when_public_priors_concordant_with_d4
4d5_her2,4d5_her2:0001098:e54672552c57,e54672552c57eedb539b392497da757a332a47e575e2cab61b390bc588923743,0.9531826377,if6_consensus_when_public_priors_concordant_with_d4
4d5_her2,4d5_her2:0001099:176678cdd40f,176678cdd40f71c07cf29e003c63cace3ed8ab02dbef903d630cd51013d0f02f,0.8794291615,if6_consensus_when_public_priors_concordant_with_d4
4d5_her2,4d5_her2:0001100:83d7dfd68347,83d7dfd683471133523dc983fefc8716d3eda424b61dce0b849e66c8b2ca04e3,0.664341867,if6_consensus_when_public_priors_concordant_with_d4
4d5_her2,4d5_her2:0001101:d788b6529d28,d788b6529d28a73c6b3a48751be7d49dbcf17281bf40191a25773c01006877da,0.4717011154,if6_consensus_when_public_priors_concordant_with_d4
4d5_her2,4d5_her2:0001102:a6b78c940a11,a6b78c940a119580fbf315f5b13da9d55b056ab67e4ac984d599341a3c128b45,0.561327517,if6_consensus_when_public_priors_concordant_with_d4
4d5_her2,4d5_her2:0001103:9cc97914b80b,9cc97914b80b50b253ab65a4d2a584af5e0c7336c9385369233ef58c74c7f04b,0.8892095685,if6_consensus_when_public_priors_concordant_with_d4
4d5_her2,4d5_her2:0001104:772ee1f041a0,772ee1f041a0c95faad568ca88275035ca941add6f9c0c1530f8e2d0173dba1d,0.4473304749,if6_consensus_when_public_priors_concordant_with_d4
4d5_her2,4d5_her2:0001105:b72dbc987b54,b72dbc987b541d445aed48fdcd1e9abaf0efb6dfcacee15d4fe81a2e8cfc956e,0.7739297748,if6_consensus_when_public_priors_concordant_with_d4
4d5_her2,4d5_her2:0001106:2b592f651fa0,2b592f651fa08655e6e2de493feb6cb37217884791b37915052dda3bdf849bff,0.5286195278,if6_consensus_when_public_priors_concordant_with_d4
4d5_her2,4d5_her2:0001107:3c33a744df20,3c33a744df20c7341b60e4c08ccf9c33fcccee13702419b83b4fb2b05e350f6a,0.5850569606,if6_consensus_when_public_priors_concordant_with_d4
4d5_her2,4d5_her2:0001108:1529387d3939,1529387d3939ff627e74beb6684b6859877448f45a12ff61454d2561f9f49017,0.4268077612,if6_consensus_when_public_priors_concordant_with_d4
4d5_her2,4d5_her2:0001109:0c2c6f5977f3,0c2c6f5977f3ff707a1bcd8c4b4a530474cebaccd47cbfe63f6e8d6acde54d1a,0.5023248196,if6_consensus_when_public_priors_concordant_with_d4
4d5_her2,4d5_her2:0001110:e93a1a4880b4,e93a1a4880b444f9b343266de47a838d2979405138da2412740b5e4eebc25789,0.5422478914,if6_consensus_when_public_priors_concordant_with_d4
4d5_her2,4d5_her2:0001111:0559785c9a61,0559785c9a6141d4cbd00cdee7936561f5eb97f8d0b9e46f279484702b22420c,0.4803591669,if6_consensus_when_public_priors_concordant_with_d4
4d5_her2,4d5_her2:0001112:a7ee7182c6b0,a7ee7182c6b0e3eb00b63b9710ad1adfc217a426d5eccf888020d528ba78b2b2,0.6839826703,if6_consensus_when_public_priors_concordant_with_d4
4d5_her2,4d5_her2:0001113:8391424ed340,8391424ed3405d0639227fdb315967ec55f2e21deb102eb3fa6f7e4da435dc07,0.1213724539,if6_consensus_when_public_priors_concordant_with_d4
4d5_her2,4d5_her2:0001114:4b1db6a2a385,4b1db6a2a3851f35454afd1c366da2f57f33bcd0f554d806e92012b5bdc25c62,0.548340559,if6_consensus_when_public_priors_concordant_with_d4
4d5_her2,4d5_her2:0001115:cb8ebfc030ce,cb8ebfc030ceb4ed04990f1380c15ae5528ac7b46dd58e64af9e22084f0154cc,0.5101811886,if6_consensus_when_public_priors_concordant_with_d4
4d5_her2,4d5_her2:0001116:ef4b3ac95895,ef4b3ac95895c6aeec43008dd501652541fb1eb5090d71005e468ba908a9ba0f,0.2571749389,if6_consensus_when_public_priors_concordant_with_d4
4d5_her2,4d5_her2:0001117:da2a5d3bdfa2,da2a5d3bdfa214772a85355a2ea0384b45c241af1e1d5ecd109e642d33704bd0,0.3981080949,if6_consensus_when_public_priors_concordant_with_d4
4d5_her2,4d5_her2:0001118:ae235c654207,ae235c6542074f002e0c85acaa16498eb6f7f2466306ff38746dedabd4877f5a,0.7954144478,if6_consensus_when_public_priors_concordant_with_d4
4d5_her2,4d5_her2:0001119:91e6a2aaec95,91e6a2aaec951373ff96494f6909932d0d53be342ad51182596ce9cd60102569,0.660574019,if6_consensus_when_public_priors_concordant_with_d4
4d5_her2,4d5_her2:0001120:2e5e5d9f79f5,2e5e5d9f79f52c0c6f61aa768904577d0f8e0026825871b23557ede7328ac83e,0.9977553487,if6_consensus_when_public_priors_concordant_with_d4
4d5_her2,4d5_her2:0001121:074e0243ce42,074e0243ce42e5059e6eb9d80b29590286f07df61ab7d5133a26247841b0d80e,0.518999517,if6_consensus_when_public_priors_concordant_with_d4
4d5_her2,4d5_her2:0001122:68d1700bd07b,68d1700bd07bafb84a8d339be65de09148f8365ec169d3f95fe4ac02587b2808,0.4279301167,if6_consensus_when_public_priors_concordant_with_d4
4d5_her2,4d5_her2:0001123:03fd7018e00b,03fd7018e00b921737756bea052c67d8b7d8ccca9c7165ab210c70f2078e758a,0.5573192239,if6_consensus_when_public_priors_concordant_with_d4
4d5_her2,4d5_her2:0001124:52b8d0d9f04e,52b8d0d9f04ec3367870a2b32906fe2764fdbf8b44a4c6136b4ad3f35114c185,0.6453422904,if6_consensus_when_public_priors_concordant_with_d4
4d5_her2,4d5_her2:0001125:fdb84bb4d448,fdb84bb4d4488209de6f65d7d680d7a5b35ef4033d6cb3594848bdf47f4f6033,0.6229757667,if6_consensus_when_public_priors_concordant_with_d4
4d5_her2,4d5_her2:0001126:d567d738785e,d567d738785ed05d5718569442268a0a8bcb0c03de7a1c3b3742fe7f2c673253,0.5828122497,if6_consensus_when_public_priors_concordant_with_d4
4d5_her2,4d5_her2:0001127:9f8a6f741c36,9f8a6f741c368f58068983ad644282a87b7bed92cb6ee5d2aa127a7e11ff9003,0.4713804722,if6_consensus_when_public_priors_concordant_with_d4
4d5_her2,4d5_her2:0001128:3f66240e1779,3f66240e1779a79f9801fe8f5f29f151f72a5834eb67ff9f793c3b04c552e3ac,0.7987814546,if6_consensus_when_public_priors_concordant_with_d4
4d5_her2,4d5_her2:0001129:4b965e31a75f,4b965e31a75fef55267a7cd54aa76612fc07b00c5d793968010b5e1828ca15d5,0.7372133732,if6_consensus_when_public_priors_concordant_with_d4
4d5_her2,4d5_her2:0001130:2f4715121099,2f4715121099179b675c7c86ca1e0dc728782700701d93b3156e7ef494077fa6,0.2315215617,if6_consensus_when_public_priors_concordant_with_d4
4d5_her2,4d5_her2:0001131:53d2a3b7eb3c,53d2a3b7eb3c8005a4d910c1b66f1d0448fb4cc4882784e60108983ed64c2394,0.5730319023,if6_consensus_when_public_priors_concordant_with_d4
4d5_her2,4d5_her2:0001132:9bbaeac1f1b4,9bbaeac1f1b44da3638b951482a6af01c54a654d701ffbb14350d2ca08d78393,0.1859868616,if6_consensus_when_public_priors_concordant_with_d4
4d5_her2,4d5_her2:0001133:c6798246c5a5,c6798246c5a5bbb895f88742d56fc49e366e1066b6419b22f06254bc7aa14c94,0.4975148141,if6_consensus_when_public_priors_concordant_with_d4
4d5_her2,4d5_her2:0001134:bdc61e4cb446,bdc61e4cb44685587b73da9ef310ee1744fec07758abcbffff3c29197e125f3c,0.6172839403,if6_consensus_when_public_priors_concordant_with_d4
4d5_her2,4d5_her2:0001135:a7cedf93680e,a7cedf93680ed572b94e7335a6d23f8dafca27c31eb680266fbe776f2d1ed85c,0.4774731696,if6_consensus_when_public_priors_concordant_with_d4
4d5_her2,4d5_her2:0001136:3fb40c20a20e,3fb40c20a20ec42d3a1eab1469f32a56026463976c6707ed1515f2de818b6d3a,0.510181129,if6_consensus_when_public_priors_concordant_with_d4
4d5_her2,4d5_her2:0001137:9f12d5d37a23,9f12d5d37a23712ee0b1581488e3bb952f6d12da87b4afa7a4503b991e17fb60,0.3383036554,if6_consensus_when_public_priors_concordant_with_d4
4d5_her2,4d5_her2:0001138:3e1f0cd44b40,3e1f0cd44b4039c00b1b1cc98e36bc10262211e4e2476c699102ca32a1843a13,0.4540644586,if6_consensus_when_public_priors_concordant_with_d4
4d5_her2,4d5_her2:0001139:84bb04dcb880,84bb04dcb880dc69a001bee7985e259b611a99ce37b1d57ebfec5830ad58cb78,0.4059644043,if6_consensus_when_public_priors_concordant_with_d4
4d5_her2,4d5_her2:0001140:6ad086d567ca,6ad086d567cad270ee03fa468512a17e7c060b6363cde7ea5998985b3a4d2a02,0.4745871127,if6_consensus_when_public_priors_concordant_with_d4
4d5_her2,4d5_her2:0001141:82c5a8e51ec1,82c5a8e51ec1b586d32f74f9b71689bdd49af156d547e76f68ea680ff23f7ed2,0.5239698887,if6_consensus_when_public_priors_concordant_with_d4
4d5_her2,4d5_her2:0001142:9aa2df71eecf,9aa2df71eecf90f531925f18932553d5592e7b1d1e6b2c1f51083bc79b29707e,0.8499279022,if6_consensus_when_public_priors_concordant_with_d4
4d5_her2,4d5_her2:0001143:4c2b95365c61,4c2b95365c61d5cc7e7f050a6c91b323b14d78f58b857b9cb343e090a1c89692,0.881834209,if6_consensus_when_public_priors_concordant_with_d4
4d5_her2,4d5_her2:0001144:d4b5643a4d6f,d4b5643a4d6fd1b870fce7821188bf3a28df2e7b4790bdd100b95fe2fea435f5,0.6722783446,if6_consensus_when_public_priors_concordant_with_d4
4d5_her2,4d5_her2:0001145:46faafb8ea13,46faafb8ea138223da6375e226917bbc5371c3657364248877cdb735e7850668,0.3198653162,if6_consensus_when_public_priors_concordant_with_d4
4d5_her2,4d5_her2:0001146:f16340551c51,f16340551c51ddc7c67f05662768b2b08856bc2abb0b3404cc7d15acbe25657e,0.9600769877,if6_consensus_when_public_priors_concordant_with_d4
4d5_her2,4d5_her2:0001147:aabaef514967,aabaef5149674f39c6db5be6208d1ad22dec1fb4c5454de754b6cacaaf679f46,0.837261498,if6_consensus_when_public_priors_concordant_with_d4
4d5_her2,4d5_her2:0001148:d0f5eedb54cd,d0f5eedb54cdbfa5185ff5c18fc9b7fda9a2f8fac99302b75ba3100e12a4ea95,0.6341189742,if6_consensus_when_public_priors_concordant_with_d4
4d5_her2,4d5_her2:0001149:176f71ed909f,176f71ed909fd2535c2fe7f7e2f2d0bf2e36dbf25f59bc140bdfe194ba8169d3,0.9680936337,if6_consensus_when_public_priors_concordant_with_d4
4d5_her2,4d5_her2:0001150:9b82071cf98f,9b82071cf98f53e53a2fe5b55e5f7ccd3ee7556a9b700c692d42af4705a61b7a,0.5377585292,if6_consensus_when_public_priors_concordant_with_d4
4d5_her2,4d5_her2:0001151:fec4b26718d6,fec4b26718d6a5990d16d60adaa41897047fdb0433f526c2d891ed593641cb6a,0.5452942252,if6_consensus_when_public_priors_concordant_with_d4
4d5_her2,4d5_her2:0001152:e52f074c27a6,e52f074c27a6c9f9a3c8c44089b21a2b73c231b465418106b421b12908e891e0,0.9469296336,if6_consensus_when_public_priors_concordant_with_d4
4d5_her2,4d5_her2:0001153:a7ece92d317b,a7ece92d317bc29ab7ad95b53a2fdbc2bde753422effc0ed31b51e6e751569a5,0.3389450312,if6_consensus_when_public_priors_concordant_with_d4
4d5_her2,4d5_her2:0001154:42660a2f221f,42660a2f221fd7ec526885d7864fddf4dc56c3318f2500990c2a1fdaa539e0c0,0.4785954952,if6_consensus_when_public_priors_concordant_with_d4
4d5_her2,4d5_her2:0001155:9dd2f3187851,9dd2f3187851bf84e276ec20fafdfc54272fac1eb14e7617f6a2fe6aad7064ac,0.7308000922,if6_consensus_when_public_priors_concordant_with_d4
4d5_her2,4d5_her2:0001156:c4b58b4523ea,c4b58b4523ea4ea0b7cf5d835f01145c93cd0e92f3e631dd4bfc6346b39ea148,0.3139329851,if6_consensus_when_public_priors_concordant_with_d4
4d5_her2,4d5_her2:0001157:c62b2ff33d4b,c62b2ff33d4b9cd42975f1d502ca9489dfeeb7ba2bf205eaa179e68e0e9d4dce,0.4473304749,if6_consensus_when_public_priors_concordant_with_d4
4d5_her2,4d5_her2:0001158:c6dabc36d963,c6dabc36d963b4688d1a7b43c8b2724ad235397c2821a5d5e6c415dacfec63c4,0.404361099,if6_consensus_when_public_priors_concordant_with_d4
4d5_her2,4d5_her2:0001159:44276fae1d7d,44276fae1d7d111856841e2d03096449315920385bd37c4faa5976bd1802f0bc,0.1992945224,if6_consensus_when_public_priors_concordant_with_d4
4d5_her2,4d5_her2:0001160:6cfe2921610f,6cfe2921610ff0d0b54e52b863ab14040fd4f73b9331283a5bb8b2c439f0f62f,0.3187429905,if6_consensus_when_public_priors_concordant_with_d4
4d5_her2,4d5_her2:0001161:599ef65c75fd,599ef65c75fd91dd785c6906499dabd6e8d987ff885fc681bb23735619a08cf2,0.3375020027,if6_consensus_when_public_priors_concordant_with_d4
4d5_her2,4d5_her2:0001162:5e4c05ace2ee,5e4c05ace2eed103d867df319a8069f298606c402a7031b14cb597875501f56d,0.4805996418,if6_consensus_when_public_priors_concordant_with_d4
4d5_her2,4d5_her2:0001163:2926c5feeccb,2926c5feeccb0125ac2f66a98e2b6d382524c70318072a5d6ac2c7752f18a902,0.4385120869,if6_consensus_when_public_priors_concordant_with_d4
4d5_her2,4d5_her2:0001164:2d22cbd714a2,2d22cbd714a24e4005817ba69b711702a7e50c6bca54d1e5a1c69c9c40466be1,0.3565816879,if6_consensus_when_public_priors_concordant_with_d4
4d5_her2,4d5_her2:0001165:a57b5515a289,a57b5515a289e848ff21c98152b89d60b424cf53063ed0e73f6ec93eabcfd729,0.1689915061,if6_consensus_when_public_priors_concordant_with_d4
4d5_her2,4d5_her2:0001166:34f410e4a40d,34f410e4a40dda863ca7a3daf30bab06c60b0b45cf0632d2bf2a7fa0a4d7d3ab,0.6613757014,if6_consensus_when_public_priors_concordant_with_d4
4d5_her2,4d5_her2:0001167:a6371571be90,a6371571be90c23fc1f8506db244041fde4d4e3f248e4e913d0ab9c81ed11fa3,0.6054193377,if6_consensus_when_public_priors_concordant_with_d4
4d5_her2,4d5_her2:0001168:307a5d0eb28d,307a5d0eb28dae4b03aa04701bfe1a2dcc23d61fc93c26a1e361c212db15a6a3,0.5887445807,if6_consensus_when_public_priors_concordant_with_d4
4d5_her2,4d5_her2:0001169:85ef579a03b2,85ef579a03b2c055486835797e317e07dc3a0b71772e3f4249f2074ed1120563,0.4190315902,if6_consensus_when_public_priors_concordant_with_d4
4d5_her2,4d5_her2:0001170:0caef238584b,0caef238584b5726202e64a48446d753dce7092a9b6c804e5520d81fea111c25,0.07391374558,if6_consensus_when_public_priors_concordant_with_d4
4d5_her2,4d5_her2:0001171:f5a6bb487d35,f5a6bb487d3521cf4fa82fa8b85f51d4cc27bbc03d83cb88acdf0d42b5ab649e,0.2018598765,if6_consensus_when_public_priors_concordant_with_d4
4d5_her2,4d5_her2:0001172:48917d3d703f,48917d3d703f78be020dbad30ecb93e6798b2f93762d224caf2b7dcc9ab4dc8c,0.5318261981,if6_consensus_when_public_priors_concordant_with_d4
4d5_her2,4d5_her2:0001173:01f7c63d16c5,01f7c63d16c5fb32399fa6f502af5a957d6c58da6d4729a7e0a5072d8ce081ef,0.1481481493,if6_consensus_when_public_priors_concordant_with_d4
4d5_her2,4d5_her2:0001174:383e7cba1dc5,383e7cba1dc53df5c2f107c9d4afa9887e68f3bd75fef85eb1f337b1abe5d698,0.3984287679,if6_consensus_when_public_priors_concordant_with_d4
4d5_her2,4d5_her2:0001175:eca92af8793a,eca92af8793ae916297f2d4d3fe45f082b6bf7fd87f15d34caf69ee2e15eb6d4,0.4300144613,if6_consensus_when_public_priors_concordant_with_d4
4d5_her2,4d5_her2:0001176:191c9d4af8f1,191c9d4af8f13bfe11bcdde93a7781d91b0507f36383d189fe96350029d8fc59,0.3681256771,if6_consensus_when_public_priors_concordant_with_d4
4d5_her2,4d5_her2:0001177:5711a588c9ba,5711a588c9ba1938eea21f85066e8a84d51e66597374b0a0c4b97b39a405a172,0.3872053623,if6_consensus_when_public_priors_concordant_with_d4
4d5_her2,4d5_her2:0001178:538c6446e0d3,538c6446e0d367ccc3d35e8ba7d47a1147f1f956678704ef93d218e92bcb937a,0.4616001546,if6_consensus_when_public_priors_concordant_with_d4
4d5_her2,4d5_her2:0001179:8e497e10f94b,8e497e10f94b65a9628e3572d2d192f396c1d91beee418f925a5c2415bf4519c,0.4869328439,if6_consensus_when_public_priors_concordant_with_d4
4d5_her2,4d5_her2:0001180:a8febfa51cdc,a8febfa51cdc8cc2d9aef3789b5ccab973fc54ce1e7703230f0689bc9d30bf37,0.4389930964,if6_consensus_when_public_priors_concordant_with_d4
4d5_her2,4d5_her2:0001181:d7661f4461f9,d7661f4461f97a32bf7b7f3d43337bd9ab8a52bcb8335ea36e3f98528732e64b,0.2265512347,if6_consensus_when_public_priors_concordant_with_d4
4d5_her2,4d5_her2:0001182:85ffa02f19ad,85ffa02f19ade3834ab4718ea567fef2ba85fc64bf96fd848ede29010b8988c6,0.4356261194,if6_consensus_when_public_priors_concordant_with_d4
4d5_her2,4d5_her2:0001183:edae9950a5de,edae9950a5ded26153e1619aac07659c8ea89c337a9ca815a24859994f3f160f,0.4498957694,if6_consensus_when_public_priors_concordant_with_d4
4d5_her2,4d5_her2:0001184:2c13306a30f9,2c13306a30f9208179e584a93259b28392dbcef495081904b836ea8fbd43d063,0.3687670231,if6_consensus_when_public_priors_concordant_with_d4
4d5_her2,4d5_her2:0001185:409b0ac97d35,409b0ac97d353f91ea3d4e7b4e60aeea6df45fa5a4d515d8ac09fb610f3995c9,0.7359307408,if6_consensus_when_public_priors_concordant_with_d4
4d5_her2,4d5_her2:0001186:5ff5bbbb0f69,5ff5bbbb0f6947533b1317ff543aa9b523f72bd7de0cc71569a5541c11ca8048,0.7365720868,if6_consensus_when_public_priors_concordant_with_d4
4d5_her2,4d5_her2:0001187:762a329dee99,762a329dee9970985554b386a4234f0496525562b2831b5612e64d173fd433c8,0.5842552185,if6_consensus_when_public_priors_concordant_with_d4
4d5_her2,4d5_her2:0001188:d6ef366ad562,d6ef366ad56276f6f90a5db77cdfaa50bd14e4ea98a213f3a9aa292151f2e6e4,0.496873498,if6_consensus_when_public_priors_concordant_with_d4
4d5_her2,4d5_her2:0001189:861eb18366f4,861eb18366f48229c379bf5de9daa61f70fb0d2c03a10d5b86760d0fb0d3a0c2,0.8460798264,if6_consensus_when_public_priors_concordant_with_d4
4d5_her2,4d5_her2:0001190:2bae0e100feb,2bae0e100feb6e194a9842e0401f998f64c5912a33db791a16d754282398a5b2,0.7364117503,if6_consensus_when_public_priors_concordant_with_d4
4d5_her2,4d5_her2:0001191:519913ea7c74,519913ea7c7455633a44bae23e59a265c8a234e61c9a03748e93004dc92e8e15,0.9950296283,if6_consensus_when_public_priors_concordant_with_d4
4d5_her2,4d5_her2:0001192:9fff470678bb,9fff470678bb0f1c680f6e94d976eeeb5952f8e7fc34a94cb5e919e842ce800c,0.6594516635,if6_consensus_when_public_priors_concordant_with_d4
4d5_her2,4d5_her2:0001193:c33e8a831542,c33e8a831542e15357d35d7aa241e7adccb6e0793280f00cd62538ad3835d342,0.4933461249,if6_consensus_when_public_priors_concordant_with_d4
4d5_her2,4d5_her2:0001194:c3ee9391d1d8,c3ee9391d1d862b969b41fe22c6e61695f1f687c96dbfa4e8a5d9b3c6dfbcff5,0.9729036689,if6_consensus_when_public_priors_concordant_with_d4
4d5_her2,4d5_her2:0001195:f4804a9057e5,f4804a9057e53394dda12a5f800aeba0d9fcf26a452f33788237008d5b8173c6,0.5361552238,if6_consensus_when_public_priors_concordant_with_d4
4d5_her2,4d5_her2:0001196:8767a8d0a9e0,8767a8d0a9e018a8ce35d4a3adc14c637e83f3b9efa209aa68ba5b3a7a9dbb9c,0.52621454,if6_consensus_when_public_priors_concordant_with_d4
4d5_her2,4d5_her2:0001197:be657bb97e99,be657bb97e99ba4b06bc6c47822756b733262aa6b085c19cba217397b5326798,0.4351451099,if6_consensus_when_public_priors_concordant_with_d4
4d5_her2,4d5_her2:0001198:e7dbedf29059,e7dbedf29059d82d9200cb3d6d741c85372c783359607e5421c818b3e81c6e49,0.5230078697,if6_consensus_when_public_priors_concordant_with_d4
4d5_her2,4d5_her2:0001199:2179bb20e59b,2179bb20e59b54d9038b79681a74a8db28ac4d00f9b6cae47e1c68f6bc5dd6e9,0.6722783446,if6_consensus_when_public_priors_concordant_with_d4
4d5_her2,4d5_her2:0001200:3bdb3e4be7f8,3bdb3e4be7f8a7c031260a3ef83cc90bcbeb6f39c9a36f78d88fa3b9b159820d,0.533429563,if6_consensus_when_public_priors_concordant_with_d4
4d5_her2,4d5_her2:0001201:61bb733557df,61bb733557df1e4c99c5e05efda18ce2acdc1b6f80b2add5920ce7b7cae2f4c7,0.4320987761,if6_consensus_when_public_priors_concordant_with_d4
4d5_her2,4d5_her2:0001202:4f4be6f1c3ef,4f4be6f1c3ef89e14137a6cf671020a188876c57ed6b6a76d13704e5ac387ec5,0.6515952945,if6_consensus_when_public_priors_concordant_with_d4
4d5_her2,4d5_her2:0001203:3fc3177b33e9,3fc3177b33e9a4d8a808161d4edc3ecc58f8821f069e1c1766979e18ce8059c9,0.2183742076,if6_consensus_when_public_priors_concordant_with_d4
4d5_her2,4d5_her2:0001204:b790e2203254,b790e2203254fe1fcec8eb3e2e8f47947d2ba333a0add6100846cf21a516cc68,0.5643739104,if6_consensus_when_public_priors_concordant_with_d4
4d5_her2,4d5_her2:0001205:a7afb913feee,a7afb913feee23f96023f71a35aaea0f3d8a282abc143a5d1f10a6db97ae10ad,0.3551386893,if6_consensus_when_public_priors_concordant_with_d4
4d5_her2,4d5_her2:0001206:e709d27597f3,e709d27597f33291bcfd35442ce4613f309ccc933a223594531c8582e91ff8b9,0.5348725319,if6_consensus_when_public_priors_concordant_with_d4
4d5_her2,4d5_her2:0001207:4d08949a6c4f,4d08949a6c4f35e33cf65b49925c031bf57f0a82a80bddb38ddf23000eb05f1f,0.7011383176,if6_consensus_when_public_priors_concordant_with_d4
4d5_her2,4d5_her2:0001208:b408dac5e973,b408dac5e973ce4c01d244e51318e63f82cce9dac717128d624837cb94cf733a,0.5209235549,if6_consensus_when_public_priors_concordant_with_d4
4d5_her2,4d5_her2:0001209:fa801876099c,fa801876099c29b7942e215d6bcce4f594fe652f17090b614ee721bdea0ca855,0.3451980054,if6_consensus_when_public_priors_concordant_with_d4
4d5_her2,4d5_her2:0001210:a5519214d680,a5519214d680fe8e27e9991fef692f5e0e46dc1e14b299661a02ca784ddbbd9b,0.3580246866,if6_consensus_when_public_priors_concordant_with_d4
4d5_her2,4d5_her2:0001211:5000b06a4155,5000b06a4155002dccadc3919f10bc71a7ae7c245e865cc37c28c1ecd8b77f12,0.3904120624,if6_consensus_when_public_priors_concordant_with_d4
4d5_her2,4d5_her2:0001212:8d96f3bea7be,8d96f3bea7be18e104b8eb0b4a5bb8836834d95e7b860b0c6f3ded8f6e0918de,0.7222221494,if6_consensus_when_public_priors_concordant_with_d4
4d5_her2,4d5_her2:0001213:fe64bba028c8,fe64bba028c8fc19bd28b6feef37b9b32351872b6cad99102678174ceba4d208,0.8885682225,if6_consensus_when_public_priors_concordant_with_d4
4d5_her2,4d5_her2:0001214:9cd657aefa98,9cd657aefa9876c7ed340dfa67a26071af607195fa1c59bc8f17833a0fe55aa0,0.4226390421,if6_consensus_when_public_priors_concordant_with_d4
4d5_her2,4d5_her2:0001215:7441eae377db,7441eae377db4ed636885be28f9aaf97352831e5ee49810c0ae77f17cafa5656,0.3570626974,if6_consensus_when_public_priors_concordant_with_d4
4d5_her2,4d5_her2:0001216:b21676d89b7f,b21676d89b7fa3f774f79a6279a684f5f40eed1f94f027b62f86b5ac3e25779a,0.5877825618,if6_consensus_when_public_priors_concordant_with_d4
4d5_her2,4d5_her2:0001217:15707c4676ff,15707c4676ffc97b1ced0b389598d13c0fbd0907228482ea90040b3fb69539d7,0.6184062958,if6_consensus_when_public_priors_concordant_with_d4
4d5_her2,4d5_her2:0001218:83fe69587729,83fe69587729f6ac97e69d408141ec765dabf9596976bd2b863492f354132bc5,0.9522206187,if6_consensus_when_public_priors_concordant_with_d4
4d5_her2,4d5_her2:0001219:9e48f72e49eb,9e48f72e49eb908bb6647d4986613115f9980d2dd29f44f0c10eae16d027b608,0.4646464884,if6_consensus_when_public_priors_concordant_with_d4
4d5_her2,4d5_her2:0001220:cd22a852b627,cd22a852b627f549be379b97bccb1245a2cc1970a966e131bf29df51ab08d50e,0.4553471506,if6_consensus_when_public_priors_concordant_with_d4
4d5_her2,4d5_her2:0001221:ec34a578d598,ec34a578d5984c58d8c51292ce8ee5e07044c057ab93523f078faee42fd9de52,0.6660254002,if6_consensus_when_public_priors_concordant_with_d4
4d5_her2,4d5_her2:0001222:fbce9fedc6ba,fbce9fedc6ba4d3c4336375232b3439d37fb303b6c2769543a03a3f61c236d6d,0.4389930964,if6_consensus_when_public_priors_concordant_with_d4
4d5_her2,4d5_her2:0001223:00d6c647a301,00d6c647a3019c00ddbccad6181d5c1eff3eb30f6a74e87d8a5c94542a4c7ae8,0.5772005916,if6_consensus_when_public_priors_concordant_with_d4
4d5_her2,4d5_her2:0001224:3965bf7a2994,3965bf7a299438b0737d339169dbb5aea4546b022a63e5293d9a34f040594414,0.4454064369,if6_consensus_when_public_priors_concordant_with_d4
4d5_her2,4d5_her2:0001225:f2e4cc7e4fa1,f2e4cc7e4fa12da29e1f71f864b9205618615da41da41214cc095f4055ba4b57,0.5786435604,if6_consensus_when_public_priors_concordant_with_d4
4d5_her2,4d5_her2:0001226:d67970ad8e5a,d67970ad8e5ae2ac2b78f6f849fdfb0b433659bed56e2397df4da80a35531650,0.616001308,if6_consensus_when_public_priors_concordant_with_d4
4d5_her2,4d5_her2:0001227:f8ef92d94901,f8ef92d94901b4542ca960d8647d6e7fadb03c2e78412192a31a822eaa0ff216,0.6588103175,if6_consensus_when_public_priors_concordant_with_d4
4d5_her2,4d5_her2:0001228:a79bc79c2153,a79bc79c2153c27418f1f36717b7aa12f693bca9ef594e133863ff820ae1da38,0.5552348495,if6_consensus_when_public_priors_concordant_with_d4
4d5_her2,4d5_her2:0001229:e7d1f7ccbba1,e7d1f7ccbba1066f8de41a42f5e7a845c2f6f42558106ce1cf1dad807dbf3be6,0.3626743555,if6_consensus_when_public_priors_concordant_with_d4
4d5_her2,4d5_her2:0001230:44bd4a564e3d,44bd4a564e3ddb2ec967235b18613b428660af6ff81d0ec02dacd17e23b33206,0.317299962,if6_consensus_when_public_priors_concordant_with_d4
4d5_her2,4d5_her2:0001231:0db0ee5b2193,0db0ee5b219329b5be649b98b90c164138e54b551b398bd63daed4c973425f02,0.6725990176,if6_consensus_when_public_priors_concordant_with_d4
4d5_her2,4d5_her2:0001232:745334911283,7453349112830b83ae4cf8d447365ab3c27ccf9e74067d61b546eb2f87e4c341,0.4239217341,if6_consensus_when_public_priors_concordant_with_d4
4d5_her2,4d5_her2:0001233:00b8c70d525d,00b8c70d525d0dfb8c7a84edff663d8a521e1a71f40ec63235365ce3c3acc6b5,0.5491421819,if6_consensus_when_public_priors_concordant_with_d4
4d5_her2,4d5_her2:0001234:dc9ab7b75a21,dc9ab7b75a215cc48217f1411de45bd2d3093f6cf7c433e36ce6e1cca561b336,0.4936667979,if6_consensus_when_public_priors_concordant_with_d4
4d5_her2,4d5_her2:0001235:f41e6accbda0,f41e6accbda0376b05dfa198dd4e70beebe0fb2c95997044f3b1d97fee2033a9,0.711399734,if6_consensus_when_public_priors_concordant_with_d4
4d5_her2,4d5_her2:0001236:6993b4a9dd75,6993b4a9dd7520ada30bfab2da8e96bc7d8238b5e2d1f74da2c970d3a0fb9b9f,0.2860349417,if6_consensus_when_public_priors_concordant_with_d4
4d5_her2,4d5_her2:0001237:ae29a1a8d35e,ae29a1a8d35ed81f0271657e0d30f5434ba11ae859e60d9ba123113f641f513a,0.4004329145,if6_consensus_when_public_priors_concordant_with_d4
4d5_her2,4d5_her2:0001238:e45b110cfec7,e45b110cfec7b65dc3d07732f57274ee1629ab0d8050fddbaecf1beaeda73670,0.04409171268,if6_consensus_when_public_priors_concordant_with_d4
4d5_her2,4d5_her2:0001239:5214d81f834d,5214d81f834d55d8adcb56123de3086860c474dcab29322b70c413b4dfdc582d,0.02645502798,if6_consensus_when_public_priors_concordant_with_d4
4d5_her2,4d5_her2:0001240:6bafebefd151,6bafebefd151e94dafd897ad214543cd5a098b54ded5fcd0515e76d0f7b29069,0.04168670997,if6_consensus_when_public_priors_concordant_with_d4
4d5_her2,4d5_her2:0001241:712e5cf5d0c4,712e5cf5d0c4f224f078305033e0627e0bb0396675b6d84bc1b77ebcbb057d3f,0.05739939213,if6_consensus_when_public_priors_concordant_with_d4
4d5_her2,4d5_her2:0001242:14704e175dae,14704e175daeb45954c07481d4065230de2b02bc14074a311d35c37c830ff8c7,0.09812410921,if6_consensus_when_public_priors_concordant_with_d4
4d5_her2,4d5_her2:0001243:ea4aee166178,ea4aee1661784a25f2fc65714ce08869125349ae15e0dd347e7a92ab820241c1,0.06782107055,if6_consensus_when_public_priors_concordant_with_d4
4d5_her2,4d5_her2:0001244:d13f70f99311,d13f70f9931186daef9449ce2be9fc5b723bb8af4f7a9d7856c8a4f9cf6a74dd,0.0970017612,if6_consensus_when_public_priors_concordant_with_d4
4d5_her2,4d5_her2:0001245:6a7b3598f5b4,6a7b3598f5b4e8f4fb3c13da8197faa9b6e3b5bf689d106094c8068947ff3f46,0.1271444559,if6_consensus_when_public_priors_concordant_with_d4
4d5_her2,4d5_her2:0001246:b670f90aff00,b670f90aff0086285d3860d1319ae8dd5d43f584a8a64f87f5437d592bfda292,0.229437232,if6_consensus_when_public_priors_concordant_with_d4
4d5_her2,4d5_her2:0001247:d17f67c7353c,d17f67c7353c7d8f9b60603b490d347b4b52acb82da0526cec55d00688e3caf7,0.27737692,if6_consensus_when_public_priors_concordant_with_d4
4d5_her2,4d5_her2:0001248:b93bf8ff2642,b93bf8ff264293aba3ee014766a29096efdd7d5c99febdd0c50f71be6b873aab,0.1919191927,if6_consensus_when_public_priors_concordant_with_d4
4d5_her2,4d5_her2:0001249:1ae91b0cff9c,1ae91b0cff9ca2f0b56a0e79172a9130775d918c2a1f34c4ea618f67f07110e9,0.4527817965,if6_consensus_when_public_priors_concordant_with_d4
4d5_her2,4d5_her2:0001250:42686a6425f0,42686a6425f0f2e6eaba0abacd1449ed015a722407ccb2d901a6fc1873c967c9,0.3267596662,if6_consensus_when_public_priors_concordant_with_d4
4d5_her2,4d5_her2:0001251:774ac5e3fb1e,774ac5e3fb1ee75260fb4f11e37f044f5c6733558a0f076901d70f65be822a61,0.1699535102,if6_consensus_when_public_priors_concordant_with_d4
4d5_her2,4d5_her2:0001252:2d5e567f16ab,2d5e567f16aba43aa4161304f3b59e1e6bd3b7e8968fa55fd6085759414d0f49,0.7825877666,if6_consensus_when_public_priors_concordant_with_d4
4d5_her2,4d5_her2:0001253:1957030f2ce5,1957030f2ce56c2ca7b1b226e64e0d62f0b587d601936e28aebf5fe47d00e3d9,0.5964406133,if6_consensus_when_public_priors_concordant_with_d4
4d5_her2,4d5_her2:0001254:59815b1b8841,59815b1b8841da97021a887049d26a45d0cf58add6984c14444f6cebcc08dffa,0.5109828115,if6_consensus_when_public_priors_concordant_with_d4
4d5_her2,4d5_her2:0001255:0c781dc1e40e,0c781dc1e40e9b620ba35c0f251d840aded653aae64ddb0fc4848a2df2840cb7,0.9985569119,if6_consensus_when_public_priors_concordant_with_d4
4d5_her2,4d5_her2:0001256:fdc0fffc9dd6,fdc0fffc9dd64588117a1ac3937caddadf8f09930ee1a79dd70627a78b058869,0.5329485536,if6_consensus_when_public_priors_concordant_with_d4
4d5_her2,4d5_her2:0001257:09be3df3f409,09be3df3f4098308a1c9ffd4733715f3b7a7a2fd69e3f4169243f693b1af7c39,0.5145101547,if6_consensus_when_public_priors_concordant_with_d4
4d5_her2,4d5_her2:0001258:062705823bc9,062705823bc9aff56e37b0553fe81cbced7e7d6e0443479b3950b5539bfb63d5,0.5141895413,if6_consensus_when_public_priors_concordant_with_d4
4d5_her2,4d5_her2:0001259:e6f45fed1f04,e6f45fed1f042b1d25e42b513b0379d20f18281ed8ddfa1bb13bd5e805daac43,0.4202340841,if6_consensus_when_public_priors_concordant_with_d4
4d5_her2,4d5_her2:0001260:98d6d211fcb9,98d6d211fcb9ae36dfc6cddf4b8383c9b5c51104ca12596255dcb1b8156532d4,0.4893378317,if6_consensus_when_public_priors_concordant_with_d4
4d5_her2,4d5_her2:0001261:0a207a03626c,0a207a03626c876cf8c0b45564e310af5479b031bee81cf71fd65f2c04b57e76,0.3913740218,if6_consensus_when_public_priors_concordant_with_d4
4d5_her2,4d5_her2:0001262:24b55a4c3b13,24b55a4c3b13c3d507794feb6a4ade1e41649cd2ab0bbf7bc2d6d825cde8a16f,0.4824434817,if6_consensus_when_public_priors_concordant_with_d4
4d5_her2,4d5_her2:0001263:818d931cda1e,818d931cda1ea7e69bf4ca8af18e73ea1e0662e89db52523865cb2e0625348a1,0.52621454,if6_consensus_when_public_priors_concordant_with_d4
4d5_her2,4d5_her2:0001264:3f8b0b408295,3f8b0b4082952d2e7574317e48da7427bdb5bb88d3ffa327e2dae797fcdaae4b,0.5515472293,if6_consensus_when_public_priors_concordant_with_d4
4d5_her2,4d5_her2:0001265:d0360d5a0041,d0360d5a00411ad79c43d5fc9b177caefc48f7e3c10cf46480f16223521904de,0.6028539538,if6_consensus_when_public_priors_concordant_with_d4
4d5_her2,4d5_her2:0001266:c71b41fe382f,c71b41fe382f5b0aa0a454902a4ef11fbca1f4ee32bed7598efbd10db5b690cb,0.5363155007,if6_consensus_when_public_priors_concordant_with_d4
4d5_her2,4d5_her2:0001267:22186c401ca3,22186c401ca33f92bec305ad52733d67c73112a7d7b03a9e2a5990797cdbc43b,0.7372133732,if6_consensus_when_public_priors_concordant_with_d4
4d5_her2,4d5_her2:0001268:a5d492e28d5e,a5d492e28d5ea81f9b00406c9b90b4fcf5ba88eda08a56e899d42a79bdb54f81,0.7084334493,if6_consensus_when_public_priors_concordant_with_d4
4d5_her2,4d5_her2:0001269:e25e4c64bac0,e25e4c64bac0285a2b1f94d7708e47cb35fea879385573a6cedf91f2821e2ac5,0.4537437856,if6_consensus_when_public_priors_concordant_with_d4
4d5_her2,4d5_her2:0001270:ce5c0f7233ea,ce5c0f7233ea4b77ef9db07fd7c7c2269e9755265b77323514cde814eaa8084f,0.5933942795,if6_consensus_when_public_priors_concordant_with_d4
4d5_her2,4d5_her2:0001271:ae32a74cf0fc,ae32a74cf0fce1588db423c2ce6ce343bd1cefb1eb0ee54c9cd90c0ec7fbae3b,0.5226871967,if6_consensus_when_public_priors_concordant_with_d4
4d5_her2,4d5_her2:0001272:2cb5f8454727,2cb5f8454727af445ff1ff98798749acb6f4206908c342ccb43f58a764b91a46,0.5659772158,if6_consensus_when_public_priors_concordant_with_d4
4d5_her2,4d5_her2:0001273:cbc23a75f134,cbc23a75f13447223cf8f94c7cdb5d95999f4db1153543c7525bf6d8021ca91f,0.285553962,if6_consensus_when_public_priors_concordant_with_d4
4d5_her2,4d5_her2:0001274:a7c60f611e9f,a7c60f611e9fdbe44bf15383c44a7b843067d16fc1f65728e8aed57c3814437b,0.6379669309,if6_consensus_when_public_priors_concordant_with_d4
4d5_her2,4d5_her2:0001275:3188d8516346,3188d8516346f6cfe7f5ddb68d6aace537355e1eefb4d8c5c1ce5ec84fd3b383,0.3963444233,if6_consensus_when_public_priors_concordant_with_d4
4d5_her2,4d5_her2:0001276:3b51875aea14,3b51875aea14a1069eec46e0abb52badf534e65055b90e0665fcd6b2ad09c229,0.3557800353,if6_consensus_when_public_priors_concordant_with_d4
4d5_her2,4d5_her2:0001277:6df50fcdc01b,6df50fcdc01b870a7d6675887f7b3137ee4457a34b4dcc8c6f05026c8bf60f2c,0.3330126703,if6_consensus_when_public_priors_concordant_with_d4
4d5_her2,4d5_her2:0001278:e573c7cd4f3b,e573c7cd4f3b8363527a45c9fe7d0694344be13de389004cc98aac3c78a6951c,0.7934904695,if6_consensus_when_public_priors_concordant_with_d4
4d5_her2,4d5_her2:0001279:a40880b96ac2,a40880b96ac203c7936b7cca4486327a811efacc6cd2c76488f3847f5bdf730e,0.5069745183,if6_consensus_when_public_priors_concordant_with_d4
4d5_her2,4d5_her2:0001280:a34054cdfa53,a34054cdfa53fca0be4eaad2d5a7f7174841e8f6f9d2ee0e37a2fc4db77bb7d5,0.4478916228,if6_consensus_when_public_priors_concordant_with_d4
4d5_her2,4d5_her2:0001281:872216f2ca62,872216f2ca622cd70ad76c36590b7039580afe54c045d1ea2de78b633facdcfc,0.3722141981,if6_consensus_when_public_priors_concordant_with_d4
4d5_her2,4d5_her2:0001282:78f07a6f0fed,78f07a6f0fed727038fda8c39894a9811bca185f40b89b45ff42d61c16c63234,0.3908930719,if6_consensus_when_public_priors_concordant_with_d4
4d5_her2,4d5_her2:0001283:6a412195de7c,6a412195de7cc73e15a47e440b321ffba728c9e32f13c4a43ab42deea15ec3fb,0.8047137856,if6_consensus_when_public_priors_concordant_with_d4
4d5_her2,4d5_her2:0001284:7b0760a3d7d8,7b0760a3d7d8587dd9d6a73d1102f09f9aee8bb6c710c3d797502f0ee9047368,0.3391053379,if6_consensus_when_public_priors_concordant_with_d4
4d5_her2,4d5_her2:0001285:ec85c5aaa9bf,ec85c5aaa9bfe2a177a32f65248059f7da3ce112cbb3211e5fef6ba6c93089c2,0.5234888196,if6_consensus_when_public_priors_concordant_with_d4
4d5_her2,4d5_her2:0001286:e7283c63f890,e7283c63f890b38598ca93a773266dc345213d3d3f125d8982779c966486d7dd,0.4288921058,if6_consensus_when_public_priors_concordant_with_d4
4d5_her2,4d5_her2:0001287:573843627a96,573843627a96eaf6f02410829b5d66b024a31f3f2d125aeeb1f480c1176240f7,0.4648067951,if6_consensus_when_public_priors_concordant_with_d4
4d5_her2,4d5_her2:0001288:53fab91f533e,53fab91f533e893663184a99bf2454721a30f033c6ed7f277004f5e55e362d68,0.4088504314,if6_consensus_when_public_priors_concordant_with_d4
4d5_her2,4d5_her2:0001289:08705a0a8acb,08705a0a8acb7cd2f376222bcbd1ca452874291717fb98620dd3c236b8b52f6d,0.7603014112,if6_consensus_when_public_priors_concordant_with_d4
4d5_her2,4d5_her2:0001290:64b204997244,64b204997244b2f62ca4189f6054e7c3bb798b9ed698de10994788941debcb00,0.6212922931,if6_consensus_when_public_priors_concordant_with_d4
4d5_her2,4d5_her2:0001291:e11ba1c9811a,e11ba1c9811a502a3b898520e63587e7f2d0aa0168d0f3492c69c887335bd8c1,0.5691838861,if6_consensus_when_public_priors_concordant_with_d4
4d5_her2,4d5_her2:0001292:35a47535f184,35a47535f184760831efd399976aa63693bf9372e7f0a25064309cefaa6f49f1,0.5100207925,if6_consensus_when_public_priors_concordant_with_d4
4d5_her2,4d5_her2:0001293:64cad9ade8e6,64cad9ade8e677f4da9029c63d397a29b3ebea2b2550b6d35d0c8512fe1243c6,0.5433701873,if6_consensus_when_public_priors_concordant_with_d4
4d5_her2,4d5_her2:0001294:94be01b8c36c,94be01b8c36c5047225ded1f65c3e3bbd2983bfc510c0f287cd1b26d160e3492,0.2706429362,if6_consensus_when_public_priors_concordant_with_d4
4d5_her2,4d5_her2:0001295:86bcf24711db,86bcf24711db2ddde88211aef1bbbcf42a42fce9de757296ede3098530699ce9,0.4757094681,if6_consensus_when_public_priors_concordant_with_d4
4d5_her2,4d5_her2:0001296:d094d0664cb3,d094d0664cb38d557e4bb40b88b812f7d66492d7a43b3e71f695db457b7f63cc,0.4361071289,if6_consensus_when_public_priors_concordant_with_d4
4d5_her2,4d5_her2:0001297:c3ffa1510d19,c3ffa1510d19c6e0ebce506cff68b06edfcf14617332850c76797dded5f573c4,0.2767356336,if6_consensus_when_public_priors_concordant_with_d4
4d5_her2,4d5_her2:0001298:1d2ee4a457ed,1d2ee4a457edc06d731624a2c6c160fd78f10221ef23dea224577b19e8d4505b,0.548981905,if6_consensus_when_public_priors_concordant_with_d4
4d5_her2,4d5_her2:0001299:e634f090f9bd,e634f090f9bdbb7d93a3c5b66bfe7a8594edf5acaf01b513d6d86619ce8e2d68,0.5154721737,if6_consensus_when_public_priors_concordant_with_d4
4d5_her2,4d5_her2:0001300:8290004c87d8,8290004c87d8f1e2b821ea3e149b93181aacd4014ca872b3147235a996fe71db,0.8420715332,if6_consensus_when_public_priors_concordant_with_d4
4d5_her2,4d5_her2:0001301:2acf408602ec,2acf408602ec1550e6a88743be2aea83cd647f94c39b61cb109ef60e1b4c0be6,0.9203142524,if6_consensus_when_public_priors_concordant_with_d4
4d5_her2,4d5_her2:0001302:712282edb53d,712282edb53de2d3f3cbe78981fdaf781f85ab85420b816f9769ba4a815cbe2c,0.986051023,if6_consensus_when_public_priors_concordant_with_d4
4d5_her2,4d5_her2:0001303:c60f4aff35c5,c60f4aff35c5cb4d006452673d75d31d0d95880a4fd9d13624dc210550e5b3e2,0.7303190231,if6_consensus_when_public_priors_concordant_with_d4
4d5_her2,4d5_her2:0001304:2b7921cbc915,2b7921cbc9157f1819cb784b22a026bc736144e9e2e75024896740beda67b13e,0.5571588874,if6_consensus_when_public_priors_concordant_with_d4
4d5_her2,4d5_her2:0001305:7b9160423ea3,7b9160423ea3944e1d9484d825076f2a461d96e52110990f16bcb8054ea6f9bc,0.4745871723,if6_consensus_when_public_priors_concordant_with_d4
4d5_her2,4d5_her2:0001306:1c68f411857a,1c68f411857a191cdc306e26420426979d7af92105fb15e0fbafa50687ec3789,0.2932499647,if6_consensus_when_public_priors_concordant_with_d4
4d5_her2,4d5_her2:0001307:1c31ae561203,1c31ae56120330c26de9b863b24a042e4469a5ba92470723dc6443cfe494c5fc,0.308642,if6_consensus_when_public_priors_concordant_with_d4
4d5_her2,4d5_her2:0001308:6792947d7af6,6792947d7af6a8e5602ad3d80f0dc8fb7fa9a1d16d4be94e20985821023e771b,0.5451338887,if6_consensus_when_public_priors_concordant_with_d4
4d5_her2,4d5_her2:0001309:2b73698c5576,2b73698c55764cc75b6ddd8d1fad5ffa5f2eaf23772b052faafbe60f58dee0bb,0.4582331181,if6_consensus_when_public_priors_concordant_with_d4
4d5_her2,4d5_her2:0001310:db9fb212ad41,db9fb212ad41ea04f52a580b1f181f591e6ee920154b8611445165adcc1dbca4,0.07792207599,if6_consensus_when_public_priors_concordant_with_d4
4d5_her2,4d5_her2:0001311:95d3759f2254,95d3759f2254e6bc7d17b629c74eadd23e2cdf9bc731d18ff19fd085c0e3afaa,0.4396344423,if6_consensus_when_public_priors_concordant_with_d4
4d5_her2,4d5_her2:0001312:22234405a954,22234405a954e85d524628cd5afa2356463da1c4354c102d3e757028a65cc330,0.5834535956,if6_consensus_when_public_priors_concordant_with_d4
4d5_her2,4d5_her2:0001313:c62f1c81419c,c62f1c81419cbc039f346cbc5ead99a7262e44e1b64a8184dcb024daa477dae8,0.4708994627,if6_consensus_when_public_priors_concordant_with_d4
4d5_her2,4d5_her2:0001314:e7b8a82d6d65,e7b8a82d6d65e8ee89e0a52db76bc8905608978a925adda7a00bedc56db729b0,0.222863555,if6_consensus_when_public_priors_concordant_with_d4
4d5_her2,4d5_her2:0001315:a12ec566d76c,a12ec566d76ca98ea4dfb0744e05f0e2cf2c6f9f2990f85f26ffb63b5abc04c3,0.5494628549,if6_consensus_when_public_priors_concordant_with_d4
4d5_her2,4d5_her2:0001316:0f84bfcaf59f,0f84bfcaf59f476a5b6aebc5062fb1bc3b0e50c8f5c6720083c6efb488ccfda6,0.3985890448,if6_consensus_when_public_priors_concordant_with_d4
4d5_her2,4d5_her2:0001317:ae690110e400,ae690110e400483f5ee684b38c746acda91d03bc0ec1abb69e5df4011109a5bd,0.4306558073,if6_consensus_when_public_priors_concordant_with_d4
4d5_her2,4d5_her2:0001318:7b34a74eedc0,7b34a74eedc0505d61ec2d999764c50db71726e6137159749008b971442929eb,0.6533589959,if6_consensus_when_public_priors_concordant_with_d4
4d5_her2,4d5_her2:0001319:40621afe163b,40621afe163b1450c0847667c7fece746c466434b4fc9434d1e7c3b726483681,0.4936667979,if6_consensus_when_public_priors_concordant_with_d4
4d5_her2,4d5_her2:0001320:cfe90dce1a13,cfe90dce1a1391a57170dda385e75f10e2ab097a781e5762c79f2edf12425cac,0.3307679892,if6_consensus_when_public_priors_concordant_with_d4
4d5_her2,4d5_her2:0001321:dcc7af9a6672,dcc7af9a6672e766075be4edc603497ff0c82c060c3d2f8464c38d4fffa8e5ff,0.1616161615,if6_consensus_when_public_priors_concordant_with_d4
4d5_her2,4d5_her2:0001322:9497e395222e,9497e395222ecc896cb30d07a239807eb713af4c115cd281cf37cdd07297c853,0.2225428969,if6_consensus_when_public_priors_concordant_with_d4
4d5_her2,4d5_her2:0001323:9962115c1aff,9962115c1affce0db1826b48a62dab531528e14021d6d1efde8da3823a9b7171,0.5287799239,if6_consensus_when_public_priors_concordant_with_d4
4d5_her2,4d5_her2:0001324:66c91f49d8df,66c91f49d8dfc96a633a21019e56183be3f0c97bd448986a800c64bfd0a8f694,0.2599005997,if6_consensus_when_public_priors_concordant_with_d4
4d5_her2,4d5_her2:0001325:8a5516ee55b9,8a5516ee55b9bdda52c1d50bfe8b3b0d0dda94fbebcbf7d0331edbc4ba407f3f,0.3881673813,if6_consensus_when_public_priors_concordant_with_d4
4d5_her2,4d5_her2:0001326:4dbf1e88d833,4dbf1e88d83356c520b9d9e8070fd482cde17560ccdb8906fe12b85a3b5a8551,0.4757095277,if6_consensus_when_public_priors_concordant_with_d4
4d5_her2,4d5_her2:0001327:f33701c822e8,f33701c822e88a357b11b3ba48287557147dc3fa2d4a533ab78df9f52296c501,0.6127945781,if6_consensus_when_public_priors_concordant_with_d4
4d5_her2,4d5_her2:0001328:2c3a6a6e8315,2c3a6a6e831588edb80d96b6a7fea2b989902f8ec471de93853b17a9c6e9902f,0.3642776906,if6_consensus_when_public_priors_concordant_with_d4
4d5_her2,4d5_her2:0001329:698696c9332a,698696c9332a4afeebe516c9a9d8c8c96271833253a9ac65a7fa4f51872052e0,0.7829084396,if6_consensus_when_public_priors_concordant_with_d4
4d5_her2,4d5_her2:0001330:5298374776da,5298374776daf25f6093750cc24af34ecd8e1824089cf02be1e903797a57c4c9,0.1313131303,if6_consensus_when_public_priors_concordant_with_d4
4d5_her2,4d5_her2:0001331:63f1b0177f0b,63f1b0177f0b376e9884c4260c027f0c3b6dba8efea57668069d581d485ab270,0.1922398359,if6_consensus_when_public_priors_concordant_with_d4
4d5_her2,4d5_her2:0001332:88192d2db711,88192d2db711ccdf22395f63f97e350325b5d693be7782ff052d2cdf6dc8cde0,0.4678531587,if6_consensus_when_public_priors_concordant_with_d4
4d5_her2,4d5_her2:0001333:c183f38bf40e,c183f38bf40e720b96653d2adbdba0e236b47598889cee6f30841f9700219905,0.5194805264,if6_consensus_when_public_priors_concordant_with_d4
4d5_her2,4d5_her2:0001334:3613c7ebc01a,3613c7ebc01a12be74321e64dbe4cffead10e5b2afc857dff735f8a6beec0a0d,0.2833092809,if6_consensus_when_public_priors_concordant_with_d4
4d5_her2,4d5_her2:0001335:fbe278d5e431,fbe278d5e43141a7af796769c38750a9db23411c5b5f490b1c784a910b02d011,0.4481321275,if6_consensus_when_public_priors_concordant_with_d4
4d5_her2,4d5_her2:0001336:8002cd33604e,8002cd33604eb2a6716769afff047c53ca5e51be48fad5fa51eb07b0a34e6791,0.4962321818,if6_consensus_when_public_priors_concordant_with_d4
4d5_her2,4d5_her2:0001337:4f7c0dfa5231,4f7c0dfa523126182f251af7d765ddbcae96954caf5ed8daaf821388d6819c43,0.6960077286,if6_consensus_when_public_priors_concordant_with_d4
4d5_her2,4d5_her2:0001338:b21fe9f123c8,b21fe9f123c837ab13e8dcc3cb8c872a903c50a90630285ae484687a61b514b9,0.9499759674,if6_consensus_when_public_priors_concordant_with_d4
4d5_her2,4d5_her2:0001339:04954440a128,04954440a128dcda9e4bd774a05a41520f050bcc3edf702bec1d806c41502192,0.3950617015,if6_consensus_when_public_priors_concordant_with_d4
4d5_her2,4d5_her2:0001340:75cac7cd19d5,75cac7cd19d55257e2b02b96d2e31d69a9efcff793a7588cd8d3329adbface36,0.5521885753,if6_consensus_when_public_priors_concordant_with_d4
4d5_her2,4d5_her2:0001341:3112e6483d90,3112e6483d90ba7ce1706f453c982a1c5e1385eb08680b917d56f2ca72773b81,0.2194965482,if6_consensus_when_public_priors_concordant_with_d4
4d5_her2,4d5_her2:0001342:8c0b6644ae09,8c0b6644ae0915ffca8e4ecb6f76c44c690a91c702fb6200d8309cf71d9a1c2e,0.2679172754,if6_consensus_when_public_priors_concordant_with_d4
4d5_her2,4d5_her2:0001343:bdd3d579f7c7,bdd3d579f7c76d119b9b525eaf0592394f009e6020e5771ffaf4b36bb8825a41,0.4725027978,if6_consensus_when_public_priors_concordant_with_d4
4d5_her2,4d5_her2:0001344:4878ee85f156,4878ee85f1567d7fbcbdf0ad9e8e7eef2afcf4c34f60b1e443ca51256c36b158,0.3923360407,if6_consensus_when_public_priors_concordant_with_d4
4d5_her2,4d5_her2:0001345:3ac2f6e5a27d,3ac2f6e5a27d4c858ad3d89bee588738e61d5d4238d0bdd555668ef97f040fad,0.2982203066,if6_consensus_when_public_priors_concordant_with_d4
4d5_her2,4d5_her2:0001346:4cac521a6285,4cac521a6285506ecc6ef05e57bf15c9caa9cc196cf9dba4a6e3a762c06d9608,0.4502164423,if6_consensus_when_public_priors_concordant_with_d4
4d5_her2,4d5_her2:0001347:eef63926ad16,eef63926ad1683c72c9942d1c30fed9260986b99031b85af0d8c27cd317c21de,0.3038319647,if6_consensus_when_public_priors_concordant_with_d4
4d5_her2,4d5_her2:0001348:8d4dcbd3fe5a,8d4dcbd3fe5a6952d129aebad4bd20752fc8ea1391c6c42db27e73a13b035d3c,0.1208914518,if6_consensus_when_public_priors_concordant_with_d4
4d5_her2,4d5_her2:0001349:0883885f274f,0883885f274f678915482502f6ed0025280fce6f9083d85076bed5909dcf40be,0.571107924,if6_consensus_when_public_priors_concordant_with_d4
4d5_her2,4d5_her2:0001350:a13407613bf9,a13407613bf9913c043bbb5367508acdd36fb8967aec812cb327641b1cc5143f,0.5999679565,if6_consensus_when_public_priors_concordant_with_d4
4d5_her2,4d5_her2:0001351:cf25c3b2af95,cf25c3b2af95b191e87fede6d3168681d6406cc8b8b44a990d5dc6098724ab46,0.2549302578,if6_consensus_when_public_priors_concordant_with_d4
4d5_her2,4d5_her2:0001352:b76ac8003361,b76ac800336195f327a8dafd5c4b369a96fa05ab5c415278bfcf0de890718db8,0.4094917476,if6_consensus_when_public_priors_concordant_with_d4
4d5_her2,4d5_her2:0001353:b355d76b8b13,b355d76b8b135f6a89028a61dc00c2aee662ca15be877c3d15d638120baa162c,0.397146076,if6_consensus_when_public_priors_concordant_with_d4
4d5_her2,4d5_her2:0001354:4fba1e2c19f1,4fba1e2c19f1e0a89428d73e2642a906a0c6421f9cc3c8f39a76dec4615788f1,0.4848484993,if6_consensus_when_public_priors_concordant_with_d4
4d5_her2,4d5_her2:0001355:0289c5521f68,0289c5521f68297b6dbf3552344d7565a118d6f1c63ebc9d76fed617d507e06f,0.3067179918,if6_consensus_when_public_priors_concordant_with_d4
4d5_her2,4d5_her2:0001356:739b52c2abb9,739b52c2abb976513a4f9023ed4de379cb4c05000f0109debea6dc803f05d3c8,0.4011543989,if6_consensus_when_public_priors_concordant_with_d4
4d5_her2,4d5_her2:0001357:12871d698b51,12871d698b51ddae6b70a13354e041ff858b088f96db66df7c3015552f1fce72,0.5563572049,if6_consensus_when_public_priors_concordant_with_d4
4d5_her2,4d5_her2:0001358:fd9942ff7b11,fd9942ff7b118eadcd29929f829d4b8f7eea6c04904d064e001284658e417cce,0.4587141573,if6_consensus_when_public_priors_concordant_with_d4
4d5_her2,4d5_her2:0001359:5bd761d90c5a,5bd761d90c5a276449dad427d48f5a0500e6d52fe46ad59d5413662b07d4680f,0.2095558643,if6_consensus_when_public_priors_concordant_with_d4
4d5_her2,4d5_her2:0001360:c586e3b2be8d,c586e3b2be8d07edec01e8780ee08dbcec7f4a46607e70050fb9f1dc863c39ca,0.1244187951,if6_consensus_when_public_priors_concordant_with_d4
4d5_her2,4d5_her2:0001361:f2474a7c0814,f2474a7c0814ba987847ecdb6cc1d3c04c86183ad1f9e7471fd573337434795c,0.4058040679,if6_consensus_when_public_priors_concordant_with_d4
4d5_her2,4d5_her2:0001362:31aa4a270ff0,31aa4a270ff02b879cf798859c39982edb19fb926baad22aa9cce04a40cd3739,0.1723585129,if6_consensus_when_public_priors_concordant_with_d4
4d5_her2,4d5_her2:0001363:3eedb22b3648,3eedb22b3648b013d397bf75f88c57385ff6131e0c8c7b6da290a7863db0edb9,0.2899631262,if6_consensus_when_public_priors_concordant_with_d4
4d5_her2,4d5_her2:0001364:ecfbcb5e568a,ecfbcb5e568aed17878c05336b7f15d06e0fccd52961eb5aa6eea86c321e81db,0.1641814858,if6_consensus_when_public_priors_concordant_with_d4
4d5_her2,4d5_her2:0001365:fff9bb883d69,fff9bb883d6911f7a18c48764f61d34b1b8b701e08c89fbd2e0e4392c6deec37,0.5848965645,if6_consensus_when_public_priors_concordant_with_d4
4d5_her2,4d5_her2:0001366:ce9ede90354a,ce9ede90354aa5bf0cf6f76eb8949a292aece0083a096395a145c129ffeb30de,0.3690876961,if6_consensus_when_public_priors_concordant_with_d4
4d5_her2,4d5_her2:0001367:a866e000652e,a866e000652e863cbddcf0f081db90b9c7dff417b41893d18bb5d2d602bee002,0.04713804647,if6_consensus_when_public_priors_concordant_with_d4
4d5_her2,4d5_her2:0001368:f7b026ea65b3,f7b026ea65b3484b0cc08f845e20fae1d7204d44555bb4f0ccda6d3045dd23ab,0.04938271642,if6_consensus_when_public_priors_concordant_with_d4
4d5_her2,4d5_her2:0001369:0c63e4939123,0c63e49391237f328f634b754d4d345b77a94d93b23aaeebffc0ac138d5b5472,0.05002405122,if6_consensus_when_public_priors_concordant_with_d4
4d5_her2,4d5_her2:0001370:951d1dbdad32,951d1dbdad32d7c71acfa299edf8b6d34c54e3dd49a2658347d2596bf5fdba07,0.2053872198,if6_consensus_when_public_priors_concordant_with_d4
4d5_her2,4d5_her2:0001371:ad48d58ca27b,ad48d58ca27befea2b31456d1566c2618d79fc417b49919838bed3934a779097,0.08080808073,if6_consensus_when_public_priors_concordant_with_d4
4d5_her2,4d5_her2:0001372:5887ad7b56bf,5887ad7b56bf996562bb63af8b39a5a21dc71a3959e78711d4c19fbe43720fde,0.2353695631,if6_consensus_when_public_priors_concordant_with_d4
4d5_her2,4d5_her2:0001373:d383276f1f8a,d383276f1f8a80da5978cd1635424d61de3dc4292089642fceb0855e92f9fd22,0.3710117042,if6_consensus_when_public_priors_concordant_with_d4
4d5_her2,4d5_her2:0001374:09e950ecf6ca,09e950ecf6cac193aca449795af25d085d31460b4871d7be3ec01c8257f3db0c,0.5467371941,if6_consensus_when_public_priors_concordant_with_d4
4d5_her2,4d5_her2:0001375:857f3ed6d146,857f3ed6d146f84f9be6852e3ac716f2aa843f68dba1ae6f63e395195b8aa307,0.06060606241,if6_consensus_when_public_priors_concordant_with_d4
4d5_her2,4d5_her2:0001376:6861b0ddd174,6861b0ddd174d4a6cb0a739969d7b3deb8820733835b6450294cd4c574cfabd6,0.1465448141,if6_consensus_when_public_priors_concordant_with_d4
4d5_her2,4d5_her2:0001377:83fc154394bf,83fc154394bf6fab9f7153118f8fd73cf5be94d1c0b3c26ff37b893f7f264ba2,0.3431136608,if6_consensus_when_public_priors_concordant_with_d4
4d5_her2,4d5_her2:0001378:ba7a27073a6f,ba7a27073a6f86384aebaa0ceba6f939d3f7f4a67374a2dfbc6df92686e31414,0.1973705292,if6_consensus_when_public_priors_concordant_with_d4
4d5_her2,4d5_her2:0001379:0cfa34505c42,0cfa34505c42a39eab9c2f96e734ff442c2cb312584d7daea3f0a3e4622cdebf,0.09972742945,if6_consensus_when_public_priors_concordant_with_d4
4d5_her2,4d5_her2:0001380:e9f1e64a2568,e9f1e64a25688b757036ebbb061cfd8f157ccf1176a053bfaf5c356802e12827,0.5034471154,if6_consensus_when_public_priors_concordant_with_d4
4d5_her2,4d5_her2:0001381:6fbba4d192e7,6fbba4d192e79c65314d6daffbb08a7e4acd0088572d0e07efb537d16168c7d8,0.2716049254,if6_consensus_when_public_priors_concordant_with_d4
4d5_her2,4d5_her2:0001382:5e19f1af76dd,5e19f1af76dda1ab8b7395bab010eb50b0943136ac44a6ef804b2fd51907f611,0.4999198616,if6_consensus_when_public_priors_concordant_with_d4
4d5_her2,4d5_her2:0001383:8d522e15c3b7,8d522e15c3b73738bbaa9236f15b87a36ebaff408e1a81c0baa0e84314763ec5,0.726952076,if6_consensus_when_public_priors_concordant_with_d4
4d5_her2,4d5_her2:0001384:d47f605b3fa3,d47f605b3fa33bee875be8a2766b684cb89c5dd55350d786d1a31daf6465cfc4,0.6259419918,if6_consensus_when_public_priors_concordant_with_d4
4d5_her2,4d5_her2:0001385:10c7704da45d,10c7704da45d148a5581dbb2ab9cd170812487d46e5af2ddc5658ebb31ac879f,0.4109347165,if6_consensus_when_public_priors_concordant_with_d4
4d5_her2,4d5_her2:0001386:1030ce956c2e,1030ce956c2ec17a6d11d355428aa6772b99d6de8ad7908170c081f539847859,0.5983645916,if6_consensus_when_public_priors_concordant_with_d4
4d5_her2,4d5_her2:0001387:9b7e4985a09a,9b7e4985a09ad1369a89f9a503be90291a130a65483e5169a8093224ae729245,0.03799903765,if6_consensus_when_public_priors_concordant_with_d4
4d5_her2,4d5_her2:0001388:d28daa2cdb85,d28daa2cdb85ea221d1b39135bd0487a4962f231c326b9091be92f58b6f85deb,0.04152637348,if6_consensus_when_public_priors_concordant_with_d4
4d5_her2,4d5_her2:0001389:cc9d576e1223,cc9d576e1223b383d9a92e5435974c54859c90a9ff2fee302e20cbba6df9e108,0.250921905,if6_consensus_when_public_priors_concordant_with_d4
4d5_her2,4d5_her2:0001390:f9972e8c7601,f9972e8c760158fc17f5408a28765f88246d8624e623eaf1c6a714d27c920d80,0.2841109633,if6_consensus_when_public_priors_concordant_with_d4
4d5_her2,4d5_her2:0001391:a38d71f4dfa0,a38d71f4dfa0899ed2ca25f734109980ed1c343076152695c7c7cfb404d69bbb,0.2682379484,if6_consensus_when_public_priors_concordant_with_d4
4d5_her2,4d5_her2:0001392:09ceaa65c63b,09ceaa65c63b75f9373763dd3a06495a9cd5b9befa67ab73a639341bea190387,0.3232323229,if6_consensus_when_public_priors_concordant_with_d4
4d5_her2,4d5_her2:0001393:fe0c3e73a068,fe0c3e73a06897182a01f4b8ebaf1e5c6716a763e2ce0266498eb6efb5bb2071,0.2679172754,if6_consensus_when_public_priors_concordant_with_d4
4d5_her2,4d5_her2:0001394:68308cc0a029,68308cc0a029e26136f0cf634eef93c5f5145e6bc157d0a6754711071cd3c117,0.1079044417,if6_consensus_when_public_priors_concordant_with_d4
4d5_her2,4d5_her2:0001395:f34e5cd3fc0b,f34e5cd3fc0bb7599304dfd38ae3cfa05cf1b0b22677aa879294dd64565ea859,0.3721340001,if6_consensus_when_public_priors_concordant_with_d4
4d5_her2,4d5_her2:0001396:f6f03c9ab81b,f6f03c9ab81b9e175bf27d37e5708933782f422f6c6b2425e13eb39149667782,0.2323232293,if6_consensus_when_public_priors_concordant_with_d4
4d5_her2,4d5_her2:0001397:d43d6bf60195,d43d6bf60195e058abdb3a7ec4739cdd26faf9aadb24f78bde5a6e4c0d8c7af2,0.4096520841,if6_consensus_when_public_priors_concordant_with_d4
4d5_her2,4d5_her2:0001398:353d22cfa63b,353d22cfa63b24b830fdd3f994650e002b08ebaed5cdab25d1896f67a76c2407,0.1333974749,if6_consensus_when_public_priors_concordant_with_d4
4d5_her2,4d5_her2:0001399:97baee8692ae,97baee8692aecf91db1fa2174fc601dac3c005e3d1882a9940d9046b02814b93,0.4345037639,if6_consensus_when_public_priors_concordant_with_d4
4d5_her2,4d5_her2:0001400:f18ea9766eb6,f18ea9766eb603c23a5715cafb99d858d1621418d556e0e4f495a210903865b1,0.4237614572,if6_consensus_when_public_priors_concordant_with_d4
4d5_her2,4d5_her2:0001401:8bb9ae346433,8bb9ae34643314116d511032893f56b9740c652f07b49e5fd6c8f460fb1fcfc6,0.2146865577,if6_consensus_when_public_priors_concordant_with_d4
4d5_her2,4d5_her2:0001402:f636479034a1,f636479034a197d5c0ac8f4c94e85d8007b14fa2fb166e94c541175b01209207,0.4046817124,if6_consensus_when_public_priors_concordant_with_d4
4d5_her2,4d5_her2:0001403:3d6fc97939e4,3d6fc97939e42f38dde53642588a0666167c2df807dd8454269de98662016192,0.4649671018,if6_consensus_when_public_priors_concordant_with_d4
4d5_her2,4d5_her2:0001404:e2c53ef387cf,e2c53ef387cf878f711a0672fda284ae3a42243262295d6d90f817a4b40597b8,0.2623055875,if6_consensus_when_public_priors_concordant_with_d4
4d5_her2,4d5_her2:0001405:3f92782adb0b,3f92782adb0b133732f117717e92b87383febd320f5053df3aeae9e61a8af109,0.4654481411,if6_consensus_when_public_priors_concordant_with_d4
4d5_her2,4d5_her2:0001406:ae51ae835725,ae51ae835725af62206dcb488b36f391dd9f3be021f55c83eaaec13886b72c82,0.3863235414,if6_consensus_when_public_priors_concordant_with_d4
4d5_her2,4d5_her2:0001407:b2ff8373b76c,b2ff8373b76c607ae1122e69e8dbebf4bebc57a6e699595f6c9287120b91a9c6,0.6118326187,if6_consensus_when_public_priors_concordant_with_d4
4d5_her2,4d5_her2:0001408:478ca873834c,478ca873834cb182834f300b307f2bc5ea436cae5d17d3d49496b1ab22946c82,0.4295334518,if6_consensus_when_public_priors_concordant_with_d4
4d5_her2,4d5_her2:0001409:8c9492250515,8c949225051515f6d5c0f804647833fad6010f141809450beffc2a402928c348,0.3775853813,if6_consensus_when_public_priors_concordant_with_d4
4d5_her2,4d5_her2:0001410:5cd823447e11,5cd823447e111c611a94989c96cf0a2b14ce9bf8cdcb44ff13da45ee2c319f50,0.318903327,if6_consensus_when_public_priors_concordant_with_d4
4d5_her2,4d5_her2:0001411:c186a707d4a9,c186a707d4a9e9d2ecd99f10a4f6a01cd056d4edfa164e902818993145f1a39a,0.3182620108,if6_consensus_when_public_priors_concordant_with_d4
4d5_her2,4d5_her2:0001412:a7e37727a1a7,a7e37727a1a7bb8b5ad499a5dfb84c44cfe17813e40671da0ee33f57cf18d7f9,0.734808445,if6_consensus_when_public_priors_concordant_with_d4
4d5_her2,4d5_her2:0001413:ecbb7744c38a,ecbb7744c38acd43d1e9f1577414bb354007d821b7ed2ad6d93729cfb1af08b9,0.4978354871,if6_consensus_when_public_priors_concordant_with_d4
4d5_her2,4d5_her2:0001414:8d7b79ecc22c,8d7b79ecc22cc21e456cdd131792912f45c0b1f17df05bc3637a4694834c5677,0.5324675441,if6_consensus_when_public_priors_concordant_with_d4
4d5_her2,4d5_her2:0001415:eb104d687897,eb104d687897e1d5dea2c7cddf3749b30c79e74fda2457dd42cc9ce0c99ac70d,0.7771365047,if6_consensus_when_public_priors_concordant_with_d4
4d5_her2,4d5_her2:0001416:e91769dbb453,e91769dbb453d53b1d112040d1710c7d7bfb87a22706741317789399b3ffe8f9,0.2794612646,if6_consensus_when_public_priors_concordant_with_d4
4d5_her2,4d5_her2:0001417:87184005526f,87184005526fc16bcc96be52f51720a7ba202d9e6b2b325bf59b35af94d6cba2,0.4986371994,if6_consensus_when_public_priors_concordant_with_d4
4d5_her2,4d5_her2:0001418:19cbb11e983c,19cbb11e983c15497c05a2b0fa693f4bbb2a7db81c42d786120f1fe509e8e1d7,0.622254312,if6_consensus_when_public_priors_concordant_with_d4
4d5_her2,4d5_her2:0001419:e768534c68a3,e768534c68a321222da489aac1d8a6793168818e558287dc6496a211ceaa825c,0.533429563,if6_consensus_when_public_priors_concordant_with_d4
4d5_her2,4d5_her2:0001420:6e81fb7d66c1,6e81fb7d66c1ca9bdf11db6c96ec9a28ab187e3b1ab73e8e4199b1e5b3516be9,0.1585698277,if6_consensus_when_public_priors_concordant_with_d4
4d5_her2,4d5_her2:0001421:5a21c3bb83e0,5a21c3bb83e0416db8ad94aa2b9820c007f7d597a54a6c14165500977a710d7b,0.3868847191,if6_consensus_when_public_priors_concordant_with_d4
4d5_her2,4d5_her2:0001422:97a91bf16571,97a91bf165712411bc1ad1620f8f2a2bdaefa16fdd1ca227caaf4af33c7ba901,0.4901394844,if6_consensus_when_public_priors_concordant_with_d4
4d5_her2,4d5_her2:0001423:4641118b306f,4641118b306f723b1de30593ebd67efb79bd60ced5dc638c435560bfea9eba95,0.5145102143,if6_consensus_when_public_priors_concordant_with_d4
4d5_her2,4d5_her2:0001424:73664a2b183b,73664a2b183bd04f63e8ea0fe6292d09d855bad1029a6b5f072cc55509488556,0.4662497938,if6_consensus_when_public_priors_concordant_with_d4
4d5_her2,4d5_her2:0001425:4cf92d2e0ca2,4cf92d2e0ca2cf89a3f24093a562340cb36743e29c83a67872db50183eb3fa97,0.4125380516,if6_consensus_when_public_priors_concordant_with_d4
4d5_her2,4d5_her2:0001426:5740b948fc8c,5740b948fc8c9a09e8d978d7eece76f7da37723b6c474879e6b9354aa661943c,0.495270133,if6_consensus_when_public_priors_concordant_with_d4
4d5_her2,4d5_her2:0001427:3984aaf3a424,3984aaf3a424f8ae733eb7c1c5d4e9327df94ac34dd77c765a830264e1f27e20,0.3920153677,if6_consensus_when_public_priors_concordant_with_d4
4d5_her2,4d5_her2:0001428:854f77f697b5,854f77f697b575e2905b0c1bb071c130bdd48c02f44a6ea9163244c2739e1944,0.6871893406,if6_consensus_when_public_priors_concordant_with_d4
4d5_her2,4d5_her2:0001429:585dcf3fae09,585dcf3fae092857a2697a19c090f2279136fa3710f164a24b1530ba77e126e9,0.4468494654,if6_consensus_when_public_priors_concordant_with_d4
4d5_her2,4d5_her2:0001430:7a58b7bee95a,7a58b7bee95a58a9f235726e7dd522ff1bb993d63b71c182b34498ffbcd97db0,0.6786916852,if6_consensus_when_public_priors_concordant_with_d4
4d5_her2,4d5_her2:0001431:866214e12be1,866214e12be1aeb2bd60169ae1357ff8facc4fb1a6d27e72e81981fda9f9fed0,0.7931697965,if6_consensus_when_public_priors_concordant_with_d4
4d5_her2,4d5_her2:0001432:a7365777e0dd,a7365777e0ddc75a0590f3cd889a1551c0f312d57456c0ac6ff551f93aaa886f,0.5616482496,if6_consensus_when_public_priors_concordant_with_d4
4d5_her2,4d5_her2:0001433:63c6929f8146,63c6929f8146c56801e72c86fa90ab8d509bdf1725c9500cc7967cd4f5bbfe19,0.5682218671,if6_consensus_when_public_priors_concordant_with_d4
4d5_her2,4d5_her2:0001434:8d24ceed9b08,8d24ceed9b082d0cbd39c129246d92c9d220b53697ac55c587a4e5a1ffec8f27,0.7351290584,if6_consensus_when_public_priors_concordant_with_d4
4d5_her2,4d5_her2:0001435:5f14d2b13cce,5f14d2b13cce52e9302da781d9f0241bd322600d0dd55f3af8614a809800ab19,0.6145582795,if6_consensus_when_public_priors_concordant_with_d4
4d5_her2,4d5_her2:0001436:9dad6a4c9b73,9dad6a4c9b73d59fbc3205b71c1e4d2346444c7cba4856c5c7f3f9576c858eba,0.2172518969,if6_consensus_when_public_priors_concordant_with_d4
4d5_her2,4d5_her2:0001437:12aa79b4f005,12aa79b4f005f6ddfe0e54bd2fa8363e5c3f880408997663d56b75bd98e60eb0,0.6998557448,if6_consensus_when_public_priors_concordant_with_d4
4d5_her2,4d5_her2:0001438:2d3179fff6c1,2d3179fff6c12319900b2f60b4ea37934963e5cbaecddad50ae62d4406784c8b,0.6944043636,if6_consensus_when_public_priors_concordant_with_d4
4d5_her2,4d5_her2:0001439:3a1fe0b5c960,3a1fe0b5c9602783dfda88e2c2f70c0f336b3f483494f25b8a6b747705420131,0.1601731628,if6_consensus_when_public_priors_concordant_with_d4
4d5_her2,4d5_her2:0001440:79dc77eae412,79dc77eae412a2ac4326b838cf1399155a8ea3eda2b2d4f9cb0bf66e284f1597,0.3567420244,if6_consensus_when_public_priors_concordant_with_d4
4d5_her2,4d5_her2:0001441:ac4033107b32,ac4033107b32e3545b91d2cd70f9e2fd8482ce63c45d8966631af5566faa7efe,0.2645502687,if6_consensus_when_public_priors_concordant_with_d4
4d5_her2,4d5_her2:0001442:3584c4e9bc11,3584c4e9bc116384b6b8fe55765815734a8ca66caa7f204fdcf02eee24d59979,0.4056437314,if6_consensus_when_public_priors_concordant_with_d4
4d5_her2,4d5_her2:0001443:278484df76ce,278484df76ce2b0019ff0b2ed02e9c94d683c97a38164751830337edcd27818f,0.2015392035,if6_consensus_when_public_priors_concordant_with_d4
4d5_her2,4d5_her2:0001444:dd333064d844,dd333064d844e85c7e81ff7d8b9b4c1a18c435cdd8a366e158eb2bfe3e582a45,0.5658168793,if6_consensus_when_public_priors_concordant_with_d4
4d5_her2,4d5_her2:0001445:3d9b4ff167b4,3d9b4ff167b41398d7383fefe236c7b4084cfbebb55f5e04a82f98b0d26bacb6,0.2201378793,if6_consensus_when_public_priors_concordant_with_d4
4d5_her2,4d5_her2:0001446:a3ba989e2fc8,a3ba989e2fc8b32f455f9dc263090d582050e025678aca464ac0f63a9e3cfb9c,0.4596761465,if6_consensus_when_public_priors_concordant_with_d4
4d5_her2,4d5_her2:0001447:4f5bb542964f,4f5bb542964f437393754355ea18fc31c2c3036bfa4509eb44b080be10b3694e,0.7162097096,if6_consensus_when_public_priors_concordant_with_d4
4d5_her2,4d5_her2:0001448:39d830757605,39d830757605dfb9aeb987710d5d54c5dc25e5da70ad602da01ed8498318e366,0.518678844,if6_consensus_when_public_priors_concordant_with_d4
4d5_her2,4d5_her2:0001449:6ff8c9a427ed,6ff8c9a427ed5e835fd76e82fb5c3dd697be7dc12046f82a6d720b2ca74e5d06,0.5895462632,if6_consensus_when_public_priors_concordant_with_d4
4d5_her2,4d5_her2:0001450:461335f8751a,461335f8751a3726747c9cab7ca4bc26b9ae40e00081950a1b6832adeb219866,0.4175084531,if6_consensus_when_public_priors_concordant_with_d4
4d5_her2,4d5_her2:0001451:875111a339fc,875111a339fcfcb6d818c2487a4dae7939beb1436083c3055178c492113f5a0e,0.1871091872,if6_consensus_when_public_priors_concordant_with_d4
4d5_her2,4d5_her2:0001452:95a59b5ba2fb,95a59b5ba2fb292e92e369dab7cdb2c59e6ca43bb9e22579652f77b3d3639758,0.6132755876,if6_consensus_when_public_priors_concordant_with_d4
4d5_her2,4d5_her2:0001453:9a6f57025382,9a6f5702538247040d6b9d5029f95bdfb3b29570a10aa8a54d01b378a2fa8c88,0.3140933216,if6_consensus_when_public_priors_concordant_with_d4
4d5_her2,4d5_her2:0001454:5f9bb4b056ab,5f9bb4b056abf07eaca169aeeac8c8ba5d7b166679dc5712a676fc7b5dc0b509,0.807760179,if6_consensus_when_public_priors_concordant_with_d4
4d5_her2,4d5_her2:0001455:b0f003499bcf,b0f003499bcf376fc704b4b8a07520163fbe3ebbdb92674cae675b7914a9347f,0.1935225278,if6_consensus_when_public_priors_concordant_with_d4
4d5_her2,4d5_her2:0001456:ba499766518f,ba499766518f89cba8026de2cb0126c7d993cab3deb0246c84fff63c3aca0d5f,0.5353535414,if6_consensus_when_public_priors_concordant_with_d4
4d5_her2,4d5_her2:0001457:d51467586e92,d51467586e92be645ef9c3706b5c1a33a106b7be6c96a7b87f6252d2cc126dcf,0.406766057,if6_consensus_when_public_priors_concordant_with_d4
4d5_her2,4d5_her2:0001458:280cd09dd2a0,280cd09dd2a0b8859f4d5c37b04d2ce73db9ea89f94722b3216c16f394376124,0.4463684559,if6_consensus_when_public_priors_concordant_with_d4
4d5_her2,4d5_her2:0001459:0aea56f6ad5d,0aea56f6ad5dfc749db83e4b1542ca735dfecd7ac4f1960f404c25b0bde86168,0.4240820706,if6_consensus_when_public_priors_concordant_with_d4
4d5_her2,4d5_her2:0001460:69b3310ce00a,69b3310ce00a6007141f8b1fe29ad1538d9891624647a029405f66c7a71761d2,0.3694083691,if6_consensus_when_public_priors_concordant_with_d4
4d5_her2,4d5_her2:0001461:d8b5211281dd,d8b5211281ddd97217c57ae796554c48360806a9ffb1b6e3ce79d87944f937bc,0.4816417992,if6_consensus_when_public_priors_concordant_with_d4
4d5_her2,4d5_her2:0001462:5884f0fff022,5884f0fff022bca2b747046146f8dd0a9c39f7af15f5a76f3c9aea92df94813c,0.6799743176,if6_consensus_when_public_priors_concordant_with_d4
4d5_her2,4d5_her2:0001463:1a75740a7bac,1a75740a7bac8a01189ffad153e85d513cde9608ef2cca1a6d96c3a356f4370c,0.5988455415,if6_consensus_when_public_priors_concordant_with_d4
4d5_her2,4d5_her2:0001464:0b50000cd85b,0b50000cd85b8f3a0f4a5a57710d54a85d1edf4b74d894d40ec7ab789ccd35b9,0.200737536,if6_consensus_when_public_priors_concordant_with_d4
4d5_her2,4d5_her2:0001465:de339846012e,de339846012e41b49405e050fd6806be522e8b3a3c8619c71268a0283d9c0601,0.5703062415,if6_consensus_when_public_priors_concordant_with_d4
4d5_her2,4d5_her2:0001466:5b7c2dfbb6ec,5b7c2dfbb6ecc570c2d55a0403a368d458efbae06a61b332c9d93512028b6b15,0.5539522171,if6_consensus_when_public_priors_concordant_with_d4
4d5_her2,4d5_her2:0001467:de6be1ca2cf5,de6be1ca2cf58efa422c686b9cae8218490d3a7f51d287e06e51ee496aa62486,0.5435305238,if6_consensus_when_public_priors_concordant_with_d4
4d5_her2,4d5_her2:0001468:7417d6ffe3ac,7417d6ffe3acf6ff1f61aade3bc00f1bd6bb5e4ab07d0f6ed020e21d0b044b44,0.5946769118,if6_consensus_when_public_priors_concordant_with_d4
4d5_her2,4d5_her2:0001469:9ec19acbf1b7,9ec19acbf1b73ca0901725c3aaebd76629de23034810a505baa4d56c9fcdf75d,0.5674202442,if6_consensus_when_public_priors_concordant_with_d4
4d5_her2,4d5_her2:0001470:fd6954aea926,fd6954aea926429f4c8662b782d6b4ccb836833f11781a264b95fcb44bb894d1,0.5957992673,if6_consensus_when_public_priors_concordant_with_d4
4d5_her2,4d5_her2:0001471:abdff6fff0f3,abdff6fff0f3cae6c9029bbf51917d5609f363d2784443194d207c9a9c3bcd6e,0.6145582795,if6_consensus_when_public_priors_concordant_with_d4
4d5_her2,4d5_her2:0001472:66fc21f8c985,66fc21f8c985e8f763dcb23d8c006dcf0342381f2f98a4d0931eb46b4e49a59c,0.380952388,if6_consensus_when_public_priors_concordant_with_d4
4d5_her2,4d5_her2:0001473:28eff037b9cc,28eff037b9cc5f6bbaac905892a3bbe87b0d6c126a3e7fd5a80b3d7c79503b21,0.4078884125,if6_consensus_when_public_priors_concordant_with_d4
4d5_her2,4d5_her2:0001474:e5c6738709b1,e5c6738709b138acdd6f87b77ad49f15a772d000b3f25838551bde864863680a,0.2906846106,if6_consensus_when_public_priors_concordant_with_d4
4d5_her2,4d5_her2:0001475:cf37223e6bf0,cf37223e6bf0c05f0576836a30bb39fd305c098623571693bf31da2ed34f97ed,0.5042488575,if6_consensus_when_public_priors_concordant_with_d4
4d5_her2,4d5_her2:0001476:04021bef42f7,04021bef42f70a4f9c0ba6e36ffb0bdf5642920b2e72d943cf898a118328bab0,0.2243065685,if6_consensus_when_public_priors_concordant_with_d4
4d5_her2,4d5_her2:0001477:bf4bec45f24d,bf4bec45f24d75f7c54d868243cdf7cf8c54361f2be8e9ae73cdac7207d4674d,0.4279301167,if6_consensus_when_public_priors_concordant_with_d4
4d5_her2,4d5_her2:0001478:9f5236e1f563,9f5236e1f5633d96ecd9fdea6aea21c4fce285b9f4142ffebf70eae2a39347e9,0.4691358507,if6_consensus_when_public_priors_concordant_with_d4
4d5_her2,4d5_her2:0001479:03072cfafa6b,03072cfafa6be2eef6f8610a95e01bbf308667fadebe5ab60c4c8a05f09cfa86,0.5509058833,if6_consensus_when_public_priors_concordant_with_d4
4d5_her2,4d5_her2:0001480:ce1920841ac9,ce1920841ac971bf66a2513629836aa7475e1fb9151974e8522097b9dd617006,0.4155844152,if6_consensus_when_public_priors_concordant_with_d4
4d5_her2,4d5_her2:0001481:be45fd3cc3d4,be45fd3cc3d413e028ac1dadb5b610d4e227c22c4fea8ed1cfc606bbc3d4939b,0.3982683718,if6_consensus_when_public_priors_concordant_with_d4
4d5_her2,4d5_her2:0001482:b2a899c1beb7,b2a899c1beb7698995227b2f4433ae0de2aeb2c49dad1933f8d5b4c68fdfef15,0.4640051425,if6_consensus_when_public_priors_concordant_with_d4
4d5_her2,4d5_her2:0001483:8632b453bfe7,8632b453bfe7f6efe7f6f6af449e5562e3beca3beeb1ce2496e258a7a2cdf0e8,0.7014591098,if6_consensus_when_public_priors_concordant_with_d4
4d5_her2,4d5_her2:0001484:90cb3030e3ca,90cb3030e3ca0152d2c004b4d1f6296c17d5a7debe5216e8c694fe804ea5f80b,0.4394741058,if6_consensus_when_public_priors_concordant_with_d4
4d5_her2,4d5_her2:0001485:5bd3eb4cf777,5bd3eb4cf7773d5bf37b91ba360fe5a6bd4e33fadfe7089d589f05cd46442b87,0.3799903691,if6_consensus_when_public_priors_concordant_with_d4
4d5_her2,4d5_her2:0001486:a70c8765d3ea,a70c8765d3eaf9bcb1e5df8b55dd447572b1e1f50ca15ca127fc4dbe516b52a1,0.417989403,if6_consensus_when_public_priors_concordant_with_d4
4d5_her2,4d5_her2:0001487:ab566a979d23,ab566a979d235e1e3141368cab346fb4128384b4853ec42ada42ca6a7704c4a2,0.3152156472,if6_consensus_when_public_priors_concordant_with_d4
4d5_her2,4d5_her2:0001488:5cfbdc93b6ba,5cfbdc93b6bae9d22838e18ed46d5f175b1e0ac1bbc28a7103dab3a9fedea163,0.3424723148,if6_consensus_when_public_priors_concordant_with_d4
4d5_her2,4d5_her2:0001489:844bc615a0e2,844bc615a0e2268abaafd721c274e5ab96f2637abffa7fd09e85fe7f04728e57,0.3442360163,if6_consensus_when_public_priors_concordant_with_d4
4d5_her2,4d5_her2:0001490:ed8c81be8423,ed8c81be84231b9635fbcb94a9bd9efff7d11ed693afc89faad954364d7031ed,0.277136445,if6_consensus_when_public_priors_concordant_with_d4
4d5_her2,4d5_her2:0001491:ff59980daf12,ff59980daf1294f8c59d9e9e838f9c5bff114f8893f266fec16ae51d13af6282,0.5446528792,if6_consensus_when_public_priors_concordant_with_d4
4d5_her2,4d5_her2:0001492:1df0f1062a04,1df0f1062a04cf293b1ea7b4b4d113a1073696b513da7007d0e871007f02fbfd,0.7545294762,if6_consensus_when_public_priors_concordant_with_d4
4d5_her2,4d5_her2:0001493:d01d1559563f,d01d1559563f8e3838b34031036a1074638ef4e9fc2d0c8915185bd55fb1ceae,0.6044573188,if6_consensus_when_public_priors_concordant_with_d4
4d5_her2,4d5_her2:0001494:71fdb8299ac0,71fdb8299ac0cc9511fceff70035f44808d82011b4364f39667c8d88e53339f3,0.4869328439,if6_consensus_when_public_priors_concordant_with_d4
4d5_her2,4d5_her2:0001495:e2ce7f1e2c94,e2ce7f1e2c9436a0a22560f13260a5a7bc1713d5cd1092d09bdffb1ca301ae86,0.7253487706,if6_consensus_when_public_priors_concordant_with_d4
4d5_her2,4d5_her2:0001496:26026f141156,26026f14115667f3a3c5a5971802372d5b68b4750a4aaacafd0058d692a74842,0.410453707,if6_consensus_when_public_priors_concordant_with_d4
4d5_her2,4d5_her2:0001497:d427cbba7f07,d427cbba7f074a36387b4c8bdd9af97e6e81d2419b9536380144c4b816ddcde7,0.4548661411,if6_consensus_when_public_priors_concordant_with_d4
4d5_her2,4d5_her2:0001498:9dc711ca45fe,9dc711ca45fede75ce3aa384c20388eae4695ab267f050abb62b6286f2924a1d,0.3495270014,if6_consensus_when_public_priors_concordant_with_d4
4d5_her2,4d5_her2:0001499:9bd71728770c,9bd71728770cd9c1cebf4bd418baba481430441f5be7ab4aa967fbc338c056b0,0.5024852157,if6_consensus_when_public_priors_concordant_with_d4
4d5_her2,4d5_her2:0001500:091c9d333ccd,091c9d333ccd2255779041253cf1bcca447f3a7ac2d4670a364d0e849bec0085,0.5279781818,if6_consensus_when_public_priors_concordant_with_d4
4d5_her2,4d5_her2:0001501:481b201b6753,481b201b6753993a40c17485c79b536cb1cfebacb2ae76a149703dfbb64483a3,0.4559884369,if6_consensus_when_public_priors_concordant_with_d4
4d5_her2,4d5_her2:0001502:f49bf6295a91,f49bf6295a918af6b1545bfb52232d07e617444322620573af56c4a4267c0dde,0.2765752971,if6_consensus_when_public_priors_concordant_with_d4
4d5_her2,4d5_her2:0001503:442c7594f152,442c7594f152802911dae07273e68948b8c0e8e83b962858b77dad8beb041028,0.3859227002,if6_consensus_when_public_priors_concordant_with_d4
4d5_her2,4d5_her2:0001504:f757e4baf74c,f757e4baf74cb15a0d9be6d89b7c84e473121d535c9b980a778bc665bd317e46,0.5610069036,if6_consensus_when_public_priors_concordant_with_d4
4d5_her2,4d5_her2:0001505:81fdcf4e1afb,81fdcf4e1afb4825313947122c9aae48edef4cf1385ffe14d168594d42871f36,0.92640692,if6_consensus_when_public_priors_concordant_with_d4
4d5_her2,4d5_her2:0001506:5538876327ed,5538876327edc71d6953a3715835688975217eaff226104347fdd76faaedc874,0.9240019321,if6_consensus_when_public_priors_concordant_with_d4
4d5_her2,4d5_her2:0001507:020d2b102f68,020d2b102f68ba36d880269c08a7c0c157def45753441fe8cbf970bd2053231b,0.3686066866,if6_consensus_when_public_priors_concordant_with_d4
4d5_her2,4d5_her2:0001508:f9e0a01222b9,f9e0a01222b9cf2d65ee12a5b55ab0ff6226b980fbf9134237c508a073e21af7,0.4824434817,if6_consensus_when_public_priors_concordant_with_d4
4d5_her2,4d5_her2:0001509:f85f6daca3d1,f85f6daca3d16b38485a8e29c25f1947af617755e11ab4739da191783d37cdcc,0.9576719403,if6_consensus_when_public_priors_concordant_with_d4
4d5_her2,4d5_her2:0001510:22511d2a171d,22511d2a171d44a050171aa97c03fe1973f0b75ba0cc696bb5392343bef19655,0.2555716038,if6_consensus_when_public_priors_concordant_with_d4
4d5_her2,4d5_her2:0001511:0797d95cdd79,0797d95cdd79ed3e57a7fbaa3240167b923ade12753c8d7e964ba92d943f316b,0.6507936716,if6_consensus_when_public_priors_concordant_with_d4
4d5_her2,4d5_her2:0001512:3e5881920d74,3e5881920d74d8f67dba0a73632acd2c1951fa66a26054500fc8bdfd5543dca2,0.4431618154,if6_consensus_when_public_priors_concordant_with_d4
4d5_her2,4d5_her2:0001513:db9e1b4a7e31,db9e1b4a7e3162298b27a2bc854c0919e34971455b86f4fcc3ad47fd775084fc,0.2422639132,if6_consensus_when_public_priors_concordant_with_d4
4d5_her2,4d5_her2:0001514:0806d7599982,0806d7599982a024ef22d3acbf752d52419ffa375856886bc26641e2fa7ff184,0.2366522402,if6_consensus_when_public_priors_concordant_with_d4
4d5_her2,4d5_her2:0001515:103d86539f7d,103d86539f7dc9666f4f068282054b1cdcd6cbbc6261c324268d8113d2def4f7,0.5688632131,if6_consensus_when_public_priors_concordant_with_d4
4d5_her2,4d5_her2:0001516:78121207c049,78121207c0495be092411fad447857a3e136bfd217de5f10f3abed8f2228de4e,0.7940516472,if6_consensus_when_public_priors_concordant_with_d4
4d5_her2,4d5_her2:0001517:f70da15588f7,f70da15588f78be6b7fa4380cafd0db30da127729c86c69505400c6cbf9c78b0,0.7906044126,if6_consensus_when_public_priors_concordant_with_d4
4d5_her2,4d5_her2:0001518:53ded266b21c,53ded266b21c7d13a8fa8b51df2c9c90cc5a999770e90465f863c786368662cd,0.6840628982,if6_consensus_when_public_priors_concordant_with_d4
4d5_her2,4d5_her2:0001519:2f12db969e87,2f12db969e877d179b1835215ab637ad3020f4b3101b83ceec25b49fc8056987,0.5518679023,if6_consensus_when_public_priors_concordant_with_d4
4d5_her2,4d5_her2:0001520:bfec03de9b07,bfec03de9b07f541a084656c08078fe5d38c892b8d2430647a169bba5116baf8,0.3015873134,if6_consensus_when_public_priors_concordant_with_d4
4d5_her2,4d5_her2:0001521:c447f9ae1888,c447f9ae188855fd7965cde7927359d6194d68cccc239e7eacebae29f79b8a49,0.5146705508,if6_consensus_when_public_priors_concordant_with_d4
4d5_her2,4d5_her2:0001522:42e3ec36c341,42e3ec36c341e1dea6afcfd192a4aca854598655a469fe76b89dfad92cc99551,0.3692480624,if6_consensus_when_public_priors_concordant_with_d4
4d5_her2,4d5_her2:0001523:9b17c2f0f8dc,9b17c2f0f8dc99dab8ed4242ef2ea1d1bbabb4b443834fa4eef12505f21d06cc,0.5063331723,if6_consensus_when_public_priors_concordant_with_d4
4d5_her2,4d5_her2:0001524:53eded0e2542,53eded0e254225e28a3cba8e3c80029149b218bf0741a54af455b1135c05bf15,0.08369409293,if6_consensus_when_public_priors_concordant_with_d4
4d5_her2,4d5_her2:0001525:c7ef1ad9922f,c7ef1ad9922ff9896c4f7b6cf8617dde36e0800e16ba0f3affa315ac6aad3c80,0.4705788195,if6_consensus_when_public_priors_concordant_with_d4
4d5_her2,4d5_her2:0001526:19bb63d44d8b,19bb63d44d8ba9211a1ad987821b2ef19a468b0b00dcd4013a40a899babbfa05,0.4673721492,if6_consensus_when_public_priors_concordant_with_d4
4d5_her2,4d5_her2:0001527:02544a42bb19,02544a42bb196ef16646aaf58360c40d8271c7ffbf797941a4cde594470608df,0.08048740774,if6_consensus_when_public_priors_concordant_with_d4
4d5_her2,4d5_her2:0001528:09fdb187a4e4,09fdb187a4e46cced36accee6377f767992bf39d4f65337e8a52c236c4c1700b,0.2768959701,if6_consensus_when_public_priors_concordant_with_d4
4d5_her2,4d5_her2:0001529:fe5503c1fc8b,fe5503c1fc8bd44353252f63402e7e8bb3bd6c831318e1600d4da8026e3e73ad,0.4373897612,if6_consensus_when_public_priors_concordant_with_d4
4d5_her2,4d5_her2:0001530:5c1269e02f24,5c1269e02f244a574c6ae809cfd224094be0617c2bd7c76d61c1546f016cab33,0.4869328439,if6_consensus_when_public_priors_concordant_with_d4
4d5_her2,4d5_her2:0001531:070ea7696aa6,070ea7696aa63e34f08b218478f8fbad355a0e2ee4b6988c86bfb4c19aa97e7a,0.4000320435,if6_consensus_when_public_priors_concordant_with_d4
4d5_her2,4d5_her2:0001532:9c0fb17cdafa,9c0fb17cdafa9b9e12104e3f6ab37826505c28805f8a2f4f7cd1034a857a4810,0.206669867,if6_consensus_when_public_priors_concordant_with_d4
4d5_her2,4d5_her2:0001533:0480059822f2,0480059822f2625c06e1147fa35c37a204a1c08de27f73ecee61e1ab3698cec7,0.3516113758,if6_consensus_when_public_priors_concordant_with_d4
4d5_her2,4d5_her2:0001534:91375a8c3c8e,91375a8c3c8e60ba6977840eb7ee9a11c9a1ceb9a3b2378f35a7f92a25444e58,0.4912618101,if6_consensus_when_public_priors_concordant_with_d4
4d5_her2,4d5_her2:0001535:e3bf5d133b83,e3bf5d133b83a67c9b7f9c5da4c50fd41dfe8fe7d93b13e22392de4bd87fafe4,0.4245630801,if6_consensus_when_public_priors_concordant_with_d4
4d5_her2,4d5_her2:0001536:63d496825c6a,63d496825c6ae5cf00b1e0f169ed395a39e176718ddc8faf69af8521cb31cc03,0.2586179376,if6_consensus_when_public_priors_concordant_with_d4
4d5_her2,4d5_her2:0001537:6477fe7a164d,6477fe7a164d16f3a98468bb3b5a394363cc3dfee0a6f4127c962f9973a988c3,0.2757736146,if6_consensus_when_public_priors_concordant_with_d4
4d5_her2,4d5_her2:0001538:88c7c8790ca5,88c7c8790ca574666fad3d3ca26128ebfefa995457c116ac26487be6a8ca43ee,0.2659932673,if6_consensus_when_public_priors_concordant_with_d4
4d5_her2,4d5_her2:0001539:709c5d899427,709c5d89942714930c8eb3e800a1b3771bd465ba892d135d4cfff66c14b6c93a,0.4718614817,if6_consensus_when_public_priors_concordant_with_d4
4d5_her2,4d5_her2:0001540:2ea65a2b835c,2ea65a2b835cd51ced9d97cbc159f9eb0c3f39eaf6e824f30377407cf4bc4588,0.5079365373,if6_consensus_when_public_priors_concordant_with_d4
4d5_her2,4d5_her2:0001541:400268adc550,400268adc550e586c5fff17673f4dbc2f134d5344338096274a8d2c617c56367,0.1890331954,if6_consensus_when_public_priors_concordant_with_d4
4d5_her2,4d5_her2:0001542:bd28d8f3d3a6,bd28d8f3d3a61002f66fee3d0974328ebaf4856c5ce0c2b0ee6badea3bd5507d,0.1580888182,if6_consensus_when_public_priors_concordant_with_d4
4d5_her2,4d5_her2:0001543:13a29cb5d8a3,13a29cb5d8a3c890ec5d3173414d0ce2aeff89903a2f69e7cb47a41ee46d68e4,0.0816097483,if6_consensus_when_public_priors_concordant_with_d4
4d5_her2,4d5_her2:0001544:738a70ddfc13,738a70ddfc135f4278d7b9b21a44f13fdf5a1d8cbf387d254d66a0781e26d40b,0.161776498,if6_consensus_when_public_priors_concordant_with_d4
4d5_her2,4d5_her2:0001545:a5e7781f3d33,a5e7781f3d33a2798790333dd23f5818c7e48c80e9cfddbbdf69878cb02c33b3,0.3384640217,if6_consensus_when_public_priors_concordant_with_d4
4d5_her2,4d5_her2:0001546:c8290086d448,c8290086d44858ac3f40293e8980a1a7569b99e79cdbb4b1a982d4de3a48da54,0.5688632131,if6_consensus_when_public_priors_concordant_with_d4
4d5_her2,4d5_her2:0001547:1cbdeeaf7198,1cbdeeaf7198751d6e84438d69076cfe879ee1678f40a551291b13400ec01343,0.2520442307,if6_consensus_when_public_priors_concordant_with_d4
4d5_her2,4d5_her2:0001548:52a39b8e5a3e,52a39b8e5a3eea71b5aab76e37070e2158515075284b4345c4481e840d5f5f51,0.3246753216,if6_consensus_when_public_priors_concordant_with_d4
4d5_her2,4d5_her2:0001549:4b589e48940c,4b589e48940cf18534138c56e5b07a8dbaa2143f9ad3a254b7bf419d76c93a67,0.4067660868,if6_consensus_when_public_priors_concordant_with_d4
4d5_her2,4d5_her2:0001550:991d308223db,991d308223db8d5c1e3998ff7f912797b97d18e4bd1cc93e0488b270d223c9b0,0.2834696174,if6_consensus_when_public_priors_concordant_with_d4
4d5_her2,4d5_her2:0001551:607784aac839,607784aac839f6fefba22db91d0376377e003032e355b03c0e9d7898b6c7aae2,0.3450376987,if6_consensus_when_public_priors_concordant_with_d4
4d5_her2,4d5_her2:0001552:9d90155da69e,9d90155da69e02c1d5adb44052f71c2d88a9cbabe1f17a4aa07e4b43eb943458,0.4644861221,if6_consensus_when_public_priors_concordant_with_d4
4d5_her2,4d5_her2:0001553:d8b7656b1e24,d8b7656b1e244ca8d88d4ed20db7385062be8b25e3c7479681c2a474fd5de2b8,0.6620169878,if6_consensus_when_public_priors_concordant_with_d4
4d5_her2,4d5_her2:0001554:6ea255832cbf,6ea255832cbffd3581c1c105ce2048d2871666d5163bd8db83a0068645313432,0.6262626052,if6_consensus_when_public_priors_concordant_with_d4
4d5_her2,4d5_her2:0001555:f8a0c7542f4b,f8a0c7542f4b89577f7f1974acfe6d481d242f6688e5d74f55f03bd7d44224bf,0.4762706757,if6_consensus_when_public_priors_concordant_with_d4
4d5_her2,4d5_her2:0001556:9c38b1a0ccfa,9c38b1a0ccfa7adedd55c92710b7f2b30962ee3d48f266c9a40468543f7130aa,0.4545454979,if6_consensus_when_public_priors_concordant_with_d4
4d5_her2,4d5_her2:0001557:1bf3a658a9be,1bf3a658a9bef59e19536f902cf817fe008af05051bfb74ceaeb96bbaf407ec9,0.5460959077,if6_consensus_when_public_priors_concordant_with_d4
4d5_her2,4d5_her2:0001558:605736edcc3b,605736edcc3b40be5f369437668e69c6fab49d325850faa74883463541bce47c,0.5036075115,if6_consensus_when_public_priors_concordant_with_d4
4d5_her2,4d5_her2:0001559:6dc5ba7d9036,6dc5ba7d90361d35ab8fb9a9da3df8c0a84b4dea0ee202a2e18dfd9e60bef9b6,0.7715247273,if6_consensus_when_public_priors_concordant_with_d4
4d5_her2,4d5_her2:0001560:217b542e4826,217b542e48265586cd956797dcc179b24f4df803763c4056d970c5011e0dfe77,0.09347442538,if6_consensus_when_public_priors_concordant_with_d4
4d5_her2,4d5_her2:0001561:b2c5caf93427,b2c5caf93427cfeb683e0b12a4e551181baecd7c228dc4d7eedeb73d9b84c027,0.1531184912,if6_consensus_when_public_priors_concordant_with_d4
4d5_her2,4d5_her2:0001562:88bbb3a256ae,88bbb3a256aeddab15f42751fac5a445d53a49a0fa0a0ffab26bfbd24618af96,0.3976270258,if6_consensus_when_public_priors_concordant_with_d4
4d5_her2,4d5_her2:0001563:f155cf11f3d0,f155cf11f3d0ca1d2cf915bce1e7f945cd109405c7fa458ea030c8356269fa87,0.3727754056,if6_consensus_when_public_priors_concordant_with_d4
4d5_her2,4d5_her2:0001564:7b003f8e51cb,7b003f8e51cb8e81028393ecaedba44e7e30fcdb9e30210184a47027fea6e653,0.2748115957,if6_consensus_when_public_priors_concordant_with_d4
4d5_her2,4d5_her2:0001565:008bdbd93a80,008bdbd93a8003e922f2a6c18fd0811c048fbff8581cc32bda45312e78ed0330,0.4955908358,if6_consensus_when_public_priors_concordant_with_d4
4d5_her2,4d5_her2:0001566:9218390559c6,9218390559c640daab1c86823c3d732ecc26918e87e8793bc39d09fd83322b18,0.3633157015,if6_consensus_when_public_priors_concordant_with_d4
4d5_her2,4d5_her2:0001567:0bfe0a272a25,0bfe0a272a250eae8cf7d8e9bacabf2b65418737aaa71961ff155d3203d9e78f,0.4872535169,if6_consensus_when_public_priors_concordant_with_d4
4d5_her2,4d5_her2:0001568:cfafee9639f6,cfafee9639f64ca4dd1e04c264ef3341dd759767028352227c2bd772423ea8f4,0.4567901194,if6_consensus_when_public_priors_concordant_with_d4
4d5_her2,4d5_her2:0001569:d619189d0922,d619189d092229210f4a695daf9ca2703f13080a4c1500b1b465dc17b45b851d,0.2793009579,if6_consensus_when_public_priors_concordant_with_d4
4d5_her2,4d5_her2:0001570:b938b8469a14,b938b8469a142a1d0444de121ec5e0a9bcf68dc5f64f417f7142383e2568bc09,0.08914542198,if6_consensus_when_public_priors_concordant_with_d4
4d5_her2,4d5_her2:0001571:f2cbb86e33d3,f2cbb86e33d330b4b7e542aa53db37b0bb7606a511229b6fde6183f8757b4ec2,0.3546576798,if6_consensus_when_public_priors_concordant_with_d4
4d5_her2,4d5_her2:0001572:329fb12202f6,329fb12202f65768d3efdc0968b1ca1bbdf8a8a95d076df62418bc9a7782462b,0.4046817124,if6_consensus_when_public_priors_concordant_with_d4
4d5_her2,4d5_her2:0001573:df393949e244,df393949e2445026885ff5a1da48aef7e451cfe2ef45f7d5bec7f2096c243164,0.2935706079,if6_consensus_when_public_priors_concordant_with_d4
4d5_her2,4d5_her2:0001574:5a0e62126b9a,5a0e62126b9a13fa7abc74d92150f78cd89ac4ab0ec59fb1d6e3d73999e982a9,0.9180696011,if6_consensus_when_public_priors_concordant_with_d4
4d5_her2,4d5_her2:0001575:9b4f23b4d5bc,9b4f23b4d5bc37922c7280b76daaa346cc36ab5a066836eb49c72fb2e3a4f068,0.651114285,if6_consensus_when_public_priors_concordant_with_d4
4d5_her2,4d5_her2:0001576:9637feb333ec,9637feb333ec94aa31900f362384345d125cad3bbe5e202bf0076f5d0819cffb,0.3397466838,if6_consensus_when_public_priors_concordant_with_d4
4d5_her2,4d5_her2:0001577:e4b308a83e11,e4b308a83e11cfd93b016ba7014b9a0aee077d1f035e53c4797518d48f164e7a,0.6430976391,if6_consensus_when_public_priors_concordant_with_d4
4d5_her2,4d5_her2:0001578:d83487d2b528,d83487d2b5286ff6758cc1b2ff22d322dd550f530508d8218ac6822e6299a5fd,0.7894821167,if6_consensus_when_public_priors_concordant_with_d4
4d5_her2,4d5_her2:0001579:32f8ef56b851,32f8ef56b85177b511558357511ae336118a86474bec969b6cd446d85d5385cb,0.785153091,if6_consensus_when_public_priors_concordant_with_d4
4d5_her2,4d5_her2:0001580:cebd469dbbc7,cebd469dbbc793480cf12afae642f456eb80300c5374dfc6f0df5b934d9ffd5d,0.5451338887,if6_consensus_when_public_priors_concordant_with_d4
4d5_her2,4d5_her2:0001581:ae80e02f2a28,ae80e02f2a283fb9051808d8796cffc1e9dec31de2a4b96b8f203981357ddb27,0.5507455468,if6_consensus_when_public_priors_concordant_with_d4
4d5_her2,4d5_her2:0001582:54e2a7ab8749,54e2a7ab8749c8583e78ed1a7f145f4097776c8ec0315fd9a1abf5f6f6574c58,0.4702581167,if6_consensus_when_public_priors_concordant_with_d4
4d5_her2,4d5_her2:0001583:fa31b7802482,fa31b78024822d66367b6a4cde70a81cff49d980430e379d55405f35f80967c8,0.5115439892,if6_consensus_when_public_priors_concordant_with_d4
4d5_her2,4d5_her2:0001584:c0ae82696d3c,c0ae82696d3c36a21fbc56a6a3df909aa6f8b20d78ffbae3541ca65a34146cb8,0.2129228711,if6_consensus_when_public_priors_concordant_with_d4
4d5_her2,4d5_her2:0001585:b9347a8a2e7b,b9347a8a2e7b5d921ba493500af4d024ec8fb9256a5ba2d1280329f7b2acac56,0.5741541982,if6_consensus_when_public_priors_concordant_with_d4
4d5_her2,4d5_her2:0001586:ed6daf8ea0b5,ed6daf8ea0b51e332510ad9acee48822520a08289d79a01f7fab5802e03a589a,0.6682699323,if6_consensus_when_public_priors_concordant_with_d4
4d5_her2,4d5_her2:0001587:916f9f6b70d7,916f9f6b70d79209f2bdd53b49cd33f0b06edbfd346803e1d1bb3e6c1722442f,0.6224145889,if6_consensus_when_public_priors_concordant_with_d4
4d5_her2,4d5_her2:0001588:6780f13518c0,6780f13518c01986409b4a30f31c860bb082062f741fb143b979549ad74e87a1,0.7376944423,if6_consensus_when_public_priors_concordant_with_d4
4d5_her2,4d5_her2:0001589:78f115c6f781,78f115c6f7812aa962d3d4851f7539d4750abb31b0d524dadf31b05707442519,0.2191758752,if6_consensus_when_public_priors_concordant_with_d4
4d5_her2,4d5_her2:0001590:62b1cf1d545d,62b1cf1d545d9706f748d216f4bb9ec2d971db92279c04fb5a07c3678b0d5985,0.318582654,if6_consensus_when_public_priors_concordant_with_d4
4d5_her2,4d5_her2:0001591:ec421b2fdcf5,ec421b2fdcf5010a9876951fd18698768994e7c16ebcf7fa8cba39a517801d58,0.3759820461,if6_consensus_when_public_priors_concordant_with_d4
4d5_her2,4d5_her2:0001592:8bae7e2b2d21,8bae7e2b2d212515e5d3849664c33e8c8d75816a11cddc9ec8700816b7048ec7,0.5797658563,if6_consensus_when_public_priors_concordant_with_d4
4d5_her2,4d5_her2:0001593:2f690b51e803,2f690b51e803b22374acbbe35d68a682ffc47f84612ee7d1435a1dc8ced2bf59,0.485970825,if6_consensus_when_public_priors_concordant_with_d4
4d5_her2,4d5_her2:0001594:cc7e01e2ae00,cc7e01e2ae009d4d4cbe3cce1fab1547d899df01de7007bf428ef2f8d5ce0559,0.3315696716,if6_consensus_when_public_priors_concordant_with_d4
4d5_her2,4d5_her2:0001595:9a0926a39e9d,9a0926a39e9d79a866c8e87fa90399b8a7cb779cee42ef2fffb4efa0c4f1385a,0.4893378317,if6_consensus_when_public_priors_concordant_with_d4
4d5_her2,4d5_her2:0001596:3f2d243f5dcc,3f2d243f5dcce977ec9f8667b1cda5f83ba0ad8ddfeb394f6ac98df5ddbb9943,0.5515472293,if6_consensus_when_public_priors_concordant_with_d4
4d5_her2,4d5_her2:0001597:d3c31db60be1,d3c31db60be1441dc3cd5527055ae23b1bb503183b2b53a896e5463018e2c4a4,0.4409171045,if6_consensus_when_public_priors_concordant_with_d4
4d5_her2,4d5_her2:0001598:7959152f8f6d,7959152f8f6da61fe73280ee9fdfd11f5d3486c76e837d18b7ff381c8c3d7cd9,0.4032387733,if6_consensus_when_public_priors_concordant_with_d4
4d5_her2,4d5_her2:0001599:2337013a8dc9,2337013a8dc921c1a0e24e49c41fc20591223bc4074cb0b1d7c7633dbdfb8f00,0.5972422957,if6_consensus_when_public_priors_concordant_with_d4
4d5_her2,4d5_her2:0001600:58332e207ff4,58332e207ff4e9d937b150161a421ca92bb010303c084ab680dc621b837a7f66,0.411175251,if6_consensus_when_public_priors_concordant_with_d4
4d5_her2,4d5_her2:0001601:9535f0874ea4,9535f0874ea42ab96310752aed6cb07d61131736cc3abd3d216fe774a765540f,0.363155365,if6_consensus_when_public_priors_concordant_with_d4
4d5_her2,4d5_her2:0001602:6a37c0549456,6a37c054945655d34d8a56f4e9e2a7a0bd499752c50cd80bcc0cbb1d398cc43b,0.168029502,if6_consensus_when_public_priors_concordant_with_d4
4d5_her2,4d5_her2:0001603:fd18c918b87c,fd18c918b87c0bc2494683b1c65d20a7578f367dafd48d3b802ca23cb9f4ee44,0.3969857395,if6_consensus_when_public_priors_concordant_with_d4
4d5_her2,4d5_her2:0001604:dcef4a0d1577,dcef4a0d157791b24a3d8744f506a6cec50ab1fec53003a2d2fb09c2e2a11411,0.3363796771,if6_consensus_when_public_priors_concordant_with_d4
4d5_her2,4d5_her2:0001605:f092aef36dd0,f092aef36dd0bedbc3b6d3b20795284e9d0cb72604bb257ce2d41be01e7d5ee0,0.3179413378,if6_consensus_when_public_priors_concordant_with_d4
4d5_her2,4d5_her2:0001606:e18bcfcc729c,e18bcfcc729c3f54ad130c591bfad59acffa7f2c81b02a0edec6802e9d4dbe50,0.3293249905,if6_consensus_when_public_priors_concordant_with_d4
4d5_her2,4d5_her2:0001607:631ea1777b65,631ea1777b658699ad8f877fa010788cca8ee18337a4e4557fad8b8e0daba144,0.4207150936,if6_consensus_when_public_priors_concordant_with_d4
4d5_her2,4d5_her2:0001608:83a932568e49,83a932568e4913f27ccbfb12e420e83d6c652ace4aaf8446f2f13d7032927d5f,0.504729867,if6_consensus_when_public_priors_concordant_with_d4
4d5_her2,4d5_her2:0001609:46967025ea1d,46967025ea1d20b4201d3026dd6a0131891e1524da9fb4cfeaa484b61fd0cebf,0.5513868928,if6_consensus_when_public_priors_concordant_with_d4
4d5_her2,4d5_her2:0001610:745ba1014c02,745ba1014c024e38e6a27b526857e0df7e25837679989305ea2ebbfee5b9eea1,0.7061087489,if6_consensus_when_public_priors_concordant_with_d4
4d5_her2,4d5_her2:0001611:9d960ce9dd88,9d960ce9dd8805effe864ee9cfbcfc8a098cc8c0507b41cabfda3f1bfcaf56c3,0.2411415577,if6_consensus_when_public_priors_concordant_with_d4
4d5_her2,4d5_her2:0001612:c7a1619060db,c7a1619060dbe2471913290e818afcbd560be80168c29eaa49181d633a450f13,0.2384159118,if6_consensus_when_public_priors_concordant_with_d4
4d5_her2,4d5_her2:0001613:a7dd91956771,a7dd91956771aa1924b997f719e27512cab4da11133cc194b0d782221c9bc0ec,0.3745390475,if6_consensus_when_public_priors_concordant_with_d4
4d5_her2,4d5_her2:0001614:1267a9ae6756,1267a9ae6756c449c63e6935127611882d92eebc029d0c6919f92c755e0b0e06,0.4551868141,if6_consensus_when_public_priors_concordant_with_d4
4d5_her2,4d5_her2:0001615:3468bc9af403,3468bc9af403482a89270484396973e4b3b8c4a186dd24dd43f89c562ae9f975,0.4287317693,if6_consensus_when_public_priors_concordant_with_d4
4d5_her2,4d5_her2:0001616:346a8c9d8f1e,346a8c9d8f1e2d2a7fcf959c7fd621fb245841ef172f78a788bfa479795819ae,0.3530543745,if6_consensus_when_public_priors_concordant_with_d4
4d5_her2,4d5_her2:0001617:725b4a2176b4,725b4a2176b402bb03ce43a0ab7563a8a77a7863a51bb05df39a1da88973917e,0.5933942199,if6_consensus_when_public_priors_concordant_with_d4
4d5_her2,4d5_her2:0001618:c3fc31a961cf,c3fc31a961cf6f3ef24e84559bd2cc267d53ea8a4c6008bf3f19a21497c147f9,0.3876864016,if6_consensus_when_public_priors_concordant_with_d4
4d5_her2,4d5_her2:0001619:4488240223d6,4488240223d64d035ca3961863014f9bfa19988bd3fa4d32c018f2fe785722ac,0.5990059376,if6_consensus_when_public_priors_concordant_with_d4
4d5_her2,4d5_her2:0001620:cf7ba3d9511f,cf7ba3d9511f1887db4e27346dfc444a0284537523e22336b287d7dc25c26797,0.6722783446,if6_consensus_when_public_priors_concordant_with_d4
4d5_her2,4d5_her2:0001621:158ba8d139df,158ba8d139dff6cc10d3d42902acc804ae39797a96901c6be5ad5dd427c7cebb,0.3992303908,if6_consensus_when_public_priors_concordant_with_d4
4d5_her2,4d5_her2:0001622:a6b5f1a93bc5,a6b5f1a93bc5268475f8db6447968d4f9b1ed129ba68670721e68427213654b8,0.1973705292,if6_consensus_when_public_priors_concordant_with_d4
4d5_her2,4d5_her2:0001623:90cbfeea92da,90cbfeea92dad40ded57e9d8aceddf1c39a939c368f9704b087715dbb4feffce,0.5996472836,if6_consensus_when_public_priors_concordant_with_d4
4d5_her2,4d5_her2:0001624:a8c3b0aae5e8,a8c3b0aae5e83320faa2c467db96ebcba2f343f16df279166865932598f2d847,0.2268718928,if6_consensus_when_public_priors_concordant_with_d4
4d5_her2,4d5_her2:0001625:3e4a0c58ba1a,3e4a0c58ba1a05d49bb858ef53875691ae22bb1468f1bedabbf851ffda65c117,0.3517716825,if6_consensus_when_public_priors_concordant_with_d4
4d5_her2,4d5_her2:0001626:7b22269385a1,7b22269385a1ec5fa1d534a101b6f6ae40bfc70470b588a3709a6df5203d0679,0.5004008412,if6_consensus_when_public_priors_concordant_with_d4
4d5_her2,4d5_her2:0001627:7ee622a09233,7ee622a0923312d0ad4757470f9c10e40b0f192d4efe17d7b6cfd762c111ef82,0.6568863392,if6_consensus_when_public_priors_concordant_with_d4
4d5_her2,4d5_her2:0001628:a7a6f341fc38,a7a6f341fc38503ca6f7fa3504989e95860b995b6ef47e011f5f92fe1cbbc424,0.6886323094,if6_consensus_when_public_priors_concordant_with_d4
4d5_her2,4d5_her2:0001629:f554e8b10823,f554e8b108238708963385ac3287b5ea6839e09917b8f7582948562904f6d7a3,0.882154882,if6_consensus_when_public_priors_concordant_with_d4
4d5_her2,4d5_her2:0001630:03598dd86a80,03598dd86a808b7c43559d7f485caaa1be2e6b2e016f9048896334343631f868,0.5076158643,if6_consensus_when_public_priors_concordant_with_d4
4d5_her2,4d5_her2:0001631:e6d24b509680,e6d24b509680e5c61b0f9c93500233658a7255d0e72ca8beddfa77e1c40d4fb3,0.9392336011,if6_consensus_when_public_priors_concordant_with_d4
4d5_her2,4d5_her2:0001632:b207ef995cbc,b207ef995cbcbb5e03c9c9eca11c307e8a8b0ce25d2761005893894d7a545d90,0.3774250448,if6_consensus_when_public_priors_concordant_with_d4
4d5_her2,4d5_her2:0001633:0bcc15853fc4,0bcc15853fc4c2b0ce694da9c0a99c40c6d7347d0c70a071b1d3bcb9276177ee,0.5004809499,if6_consensus_when_public_priors_concordant_with_d4
4d5_her2,4d5_her2:0001634:3c8aa70522a0,3c8aa70522a0e1e233ad9a96be2b0aceb8085791f128d5906f9ed47af258d9cd,0.261824578,if6_consensus_when_public_priors_concordant_with_d4
4d5_her2,4d5_her2:0001635:2d1cd152e88f,2d1cd152e88fc7059c044a4aeb08f552a60bd96ed8e934554477874b64b40d3f,0.3060766459,if6_consensus_when_public_priors_concordant_with_d4
4d5_her2,4d5_her2:0001636:5ecc1db317ed,5ecc1db317edf1832cc673d8e5ec35e8a3286e7e7a4063f010ac082467fba41c,0.4755491316,if6_consensus_when_public_priors_concordant_with_d4
4d5_her2,4d5_her2:0001637:0e8a26c68674,0e8a26c6867414acb7569b2a715c9d6b40bbee7b701720764ddd5852e0ff08e1,0.606220901,if6_consensus_when_public_priors_concordant_with_d4
4d5_her2,4d5_her2:0001638:52ff685c35b7,52ff685c35b74e47077768f66e08a4a654aab77ed8809f897675a8e523c6f547,0.3540163338,if6_consensus_when_public_priors_concordant_with_d4
4d5_her2,4d5_her2:0001639:5e5f66b5022d,5e5f66b5022d893c9d6c42371d353fcd36c73c753619e6e4f73d663d4cf1a322,0.447971791,if6_consensus_when_public_priors_concordant_with_d4
4d5_her2,4d5_her2:0001640:efe147a2cfd4,efe147a2cfd4b00b8cfca78fabbbe983bcd02094ed4540c2198f559388b74ad4,0.3992303908,if6_consensus_when_public_priors_concordant_with_d4
4d5_her2,4d5_her2:0001641:cfa26c7d1b45,cfa26c7d1b456270f999d513ebbe05aa79b19f1201f61da6b6c692cd0ae22195,0.3084816337,if6_consensus_when_public_priors_concordant_with_d4
4d5_her2,4d5_her2:0001642:0581a1ba761c,0581a1ba761c01cc1ba8bb9bcc2b3ab5f896a6109c8af84e8f3112ad1d843544,0.3565816879,if6_consensus_when_public_priors_concordant_with_d4
4d5_her2,4d5_her2:0001643:83339b66f0ba,83339b66f0ba681dcd7ede0b8e5f6f6e526ba9295e615695b902f9320e2f1c5c,0.7646303773,if6_consensus_when_public_priors_concordant_with_d4
4d5_her2,4d5_her2:0001644:6513db660d70,6513db660d70dd8eb46d5f93f63e87e327728f4cfaa9f8e7047daa5e9ac6835d,0.6326760054,if6_consensus_when_public_priors_concordant_with_d4
4d5_her2,4d5_her2:0001645:9ef870dad736,9ef870dad73623473e3645377dc3ea3e0aac6723264466cc035f0ad9237f97f3,0.1784511805,if6_consensus_when_public_priors_concordant_with_d4
4d5_her2,4d5_her2:0001646:53463aa6d561,53463aa6d561e7a41c6332b782aca9d612e5fc4336a0bff713be8003144078e0,0.5039281845,if6_consensus_when_public_priors_concordant_with_d4
4d5_her2,4d5_her2:0001647:3f615c3ea62c,3f615c3ea62ceda9558a640c7e4dfa46dc22ea77a568f80565be2579ef76d9b6,0.6084656119,if6_consensus_when_public_priors_concordant_with_d4
4d5_her2,4d5_her2:0001648:b89db7f8f2f4,b89db7f8f2f4a865a35aeb3887b6de0744dc532bdb66fdf517e48c6d3df4e15b,0.8409492373,if6_consensus_when_public_priors_concordant_with_d4
4d5_her2,4d5_her2:0001649:6feb9afc2faa,6feb9afc2faaf4269c0ffc35683a099c93b7fc23500e025b1c55fa0656d47a06,0.397466749,if6_consensus_when_public_priors_concordant_with_d4
4d5_her2,4d5_her2:0001650:371fefac4e8e,371fefac4e8e58a8ee3c250b5091bb74690b071759b54dad81dd27b5bcdc9256,0.370049715,if6_consensus_when_public_priors_concordant_with_d4
4d5_her2,4d5_her2:0001651:3667e17f5070,3667e17f5070ef213ea34f3d10f6027ec7ff193b5e05eefb63b2f7e45c0a35cc,0.3336540163,if6_consensus_when_public_priors_concordant_with_d4
4d5_her2,4d5_her2:0001652:d4d75daa81e3,d4d75daa81e3476d4884a00caa79549da3f5136e7057d6f26cc56a943c22d2a6,0.4242424071,if6_consensus_when_public_priors_concordant_with_d4
4d5_her2,4d5_her2:0001653:8d6a093f073c,8d6a093f073cc65d78604de69222635b6d6266fd76c453de0ada0648bbabf851,0.4337021112,if6_consensus_when_public_priors_concordant_with_d4
4d5_her2,4d5_her2:0001654:f920b42361d1,f920b42361d1ae3fbbf718fa47db784e17d53999838c56103bfb5266984d5b65,0.4229597747,if6_consensus_when_public_priors_concordant_with_d4
4d5_her2,4d5_her2:0001655:2984cd1c4a34,2984cd1c4a348e271532521c358df4c10eb916f7e2aa23c19a58ce348d943bc0,0.4346641004,if6_consensus_when_public_priors_concordant_with_d4
4d5_her2,4d5_her2:0001656:c4f8a3fb1136,c4f8a3fb11362078819cc623c623b002ae18b736e3214e02300269edc91b41c0,0.4078884125,if6_consensus_when_public_priors_concordant_with_d4
4d5_her2,4d5_her2:0001657:40ef4841ca83,40ef4841ca83db145ebcda20cce78922885918664f20e4764280de887c9d9c8a,0.6639410257,if6_consensus_when_public_priors_concordant_with_d4
4d5_her2,4d5_her2:0001658:c04d2e43c6d6,c04d2e43c6d62236f71b95d20e3611a607b27512c6a19b4fb9bb82e03cc94a8e,0.8478434682,if6_consensus_when_public_priors_concordant_with_d4
4d5_her2,4d5_her2:0001659:b9b2bcab66f1,b9b2bcab66f13941e6d80cd9def0546f5b6644ae7ffea4c445bd74c9c45e27fa,0.4816418588,if6_consensus_when_public_priors_concordant_with_d4
4d5_her2,4d5_her2:0001660:0413ce642c62,0413ce642c62456f01b338ab211c647275ca8a6d1fd88b8da66b5d73fc45ec9f,0.5786435604,if6_consensus_when_public_priors_concordant_with_d4
4d5_her2,4d5_her2:0001661:441b111ec238,441b111ec2389a6bf86f2b483db619233288fc1b8bcb79fb010648b45aea83f1,0.2990219593,if6_consensus_when_public_priors_concordant_with_d4
4d5_her2,4d5_her2:0001662:dc90692408f9,dc90692408f937bee02bc2fe684e6b5830cc55e97096e9408356edcb5041f81e,0.5029661655,if6_consensus_when_public_priors_concordant_with_d4
4d5_her2,4d5_her2:0001663:b245cb2234c3,b245cb2234c3cee6b708d58459691064454aa71a08adb62f3839714362f0b8d6,0.4747474492,if6_consensus_when_public_priors_concordant_with_d4
4d5_her2,4d5_her2:0001664:e122f24721d4,e122f24721d466b4a82c55fb9d9b299fd7672fa47fdc0887952e8cd186cfdf4b,0.5375981927,if6_consensus_when_public_priors_concordant_with_d4
4d5_her2,4d5_her2:0001665:2023ec3c71b0,2023ec3c71b0e447285b36c71b6792f18dc3517506ed0c62f8738c2cb7665710,0.370370388,if6_consensus_when_public_priors_concordant_with_d4
4d5_her2,4d5_her2:0001666:6d2b707d9b2f,6d2b707d9b2f1b1381bc8975bfb00c349a600e6559b653fbcf7970405f1dae6f,0.2860349417,if6_consensus_when_public_priors_concordant_with_d4
4d5_her2,4d5_her2:0001667:4d82340eedf0,4d82340eedf02a4ba7c86afe7b7d206256ffe0de272d48255f25baa30fff3dd1,0.3617123663,if6_consensus_when_public_priors_concordant_with_d4
4d5_her2,4d5_her2:0001668:de325423df79,de325423df7964ecc52bbf8b7bce2b2580ded9e876108dcd8bfd14628977f193,0.6612153053,if6_consensus_when_public_priors_concordant_with_d4
4d5_her2,4d5_her2:0001669:fb482f8714e7,fb482f8714e7a90c2475253103337ed979e6e44318a9292fa5882d721a1b12dc,0.493185848,if6_consensus_when_public_priors_concordant_with_d4
4d5_her2,4d5_her2:0001670:afadfbc20a84,afadfbc20a8458c67853dee517796d8049047f2fb68a5bcb2a6ad2ed8a6fc84d,0.3312489986,if6_consensus_when_public_priors_concordant_with_d4
4d5_her2,4d5_her2:0001671:c5f82815b394,c5f82815b3949d3460f80cfbcc3f4ae63799c365c33a1d450c193185738b6b57,0.9220779538,if6_consensus_when_public_priors_concordant_with_d4
4d5_her2,4d5_her2:0001672:19ac03ac55dc,19ac03ac55dcad5ddd5fbf643a99a730e979bb93c42c2edcd31888a3fa521ce0,0.451659441,if6_consensus_when_public_priors_concordant_with_d4
4d5_her2,4d5_her2:0001673:d945cb2ada34,d945cb2ada348c079f44ffd69c9d5ca04183bcb43d8b08029cf520371f6feaae,0.3325316608,if6_consensus_when_public_priors_concordant_with_d4
4d5_her2,4d5_her2:0001674:20d77b5579d2,20d77b5579d2ec74c8840f98d60c749c590bbf7cb2484ce9d8cf6951505e6873,0.3386243284,if6_consensus_when_public_priors_concordant_with_d4
4d5_her2,4d5_her2:0001675:bf71f26c7550,bf71f26c7550fdbf51556590d76d17d9a37cdde3b336d4782542abab14cefdcb,0.8472021222,if6_consensus_when_public_priors_concordant_with_d4
4d5_her2,4d5_her2:0001676:8ced95df23ba,8ced95df23ba87dcad2efa541faa5f96c7bb0519982b5e86ae72f0679bd98217,0.3318903446,if6_consensus_when_public_priors_concordant_with_d4
4d5_her2,4d5_her2:0001677:b42a82d31c04,b42a82d31c04248605867ce2b36e7a051ea0015561fc22fcb16d5bd53fde4e63,0.2187750489,if6_consensus_when_public_priors_concordant_with_d4
4d5_her2,4d5_her2:0001678:05bdc2993216,05bdc299321633e374b8e24c8b553ddf2246b13ab5bde23257c5e41a710a1e7a,0.6019721031,if6_consensus_when_public_priors_concordant_with_d4
4d5_her2,4d5_her2:0001679:9f9d6e6098f9,9f9d6e6098f9eecbfdef28a10f6a9ab46c2f02ccdb52ec505a36cb28ffb4e305,0.696328342,if6_consensus_when_public_priors_concordant_with_d4
4d5_her2,4d5_her2:0001680:cec00577b768,cec00577b768a171dfd03cb5b60abfb0012788f636f77be0c54fd83ebb27e160,0.4858104885,if6_consensus_when_public_priors_concordant_with_d4
4d5_her2,4d5_her2:0001681:9d47622c3307,9d47622c33076c5e488b240fb20e00ada6df3361cc08b97c64dfdffdf34927f2,0.25621292,if6_consensus_when_public_priors_concordant_with_d4
4d5_her2,4d5_her2:0001682:15423cbc372e,15423cbc372ea1c45cc35a66cb03be51615f73b4a5899c758d91b54c09f1da0e,0.3290043175,if6_consensus_when_public_priors_concordant_with_d4
4d5_her2,4d5_her2:0001683:ad5dc48749d3,ad5dc48749d3d8bce512ae152bbf48c0aa214e9899cb9cbabe7835efd2d809b9,0.6663460135,if6_consensus_when_public_priors_concordant_with_d4
4d5_her2,4d5_her2:0001684:fd0692736e4e,fd0692736e4e38264e6c0c1b29f012bb99ad43bcc917d54602f6021b6548eef2,0.7186147571,if6_consensus_when_public_priors_concordant_with_d4
4d5_her2,4d5_her2:0001685:68628fb19ca5,68628fb19ca5e69361888b194243082909e6574dcb40fbe0188984cda1d2059a,0.1813371778,if6_consensus_when_public_priors_concordant_with_d4
4d5_her2,4d5_her2:0001686:5db727ece271,5db727ece271c6470a9950a9e6eaf456c0270645aba718eeee0b0ab4c0ab0886,0.4571107924,if6_consensus_when_public_priors_concordant_with_d4
4d5_her2,4d5_her2:0001687:7849db98d3f4,7849db98d3f4815d20a953471bd652632500f15638bc162699be9154c10ee533,0.7267916799,if6_consensus_when_public_priors_concordant_with_d4
4d5_her2,4d5_her2:0001688:aa8e50437628,aa8e504376285e37cecaebd1beb71d0cbe1181793df2dbfd1eeceb477b8468d5,0.6584896445,if6_consensus_when_public_priors_concordant_with_d4
4d5_her2,4d5_her2:0001689:f152e67afea5,f152e67afea5b392c962266db48ec0ee63717d937d6dc49b73f98c36c26acd0d,0.4083693922,if6_consensus_when_public_priors_concordant_with_d4
4d5_her2,4d5_her2:0001690:4058271526f7,4058271526f7cee128fe168bbcb60e49cc8c4b6a12ae5945c706ef834525ed88,0.3134519756,if6_consensus_when_public_priors_concordant_with_d4
4d5_her2,4d5_her2:0001691:a1b9986e6c19,a1b9986e6c1943c66c70d98d2cc53c4a3024ccbd31039c8cfa2e44202aed9dae,0.5332692266,if6_consensus_when_public_priors_concordant_with_d4
4d5_her2,4d5_her2:0001692:067bb829cbb9,067bb829cbb94ca17e772ce5767af4bd570113172957c53956ab870c24c43185,0.5353535414,if6_consensus_when_public_priors_concordant_with_d4
4d5_her2,4d5_her2:0001693:37ce1098e4fa,37ce1098e4fadabe1f96ff038a6c3607ac0ce67b3c2d584a08ecc9733c62e338,0.4563091695,if6_consensus_when_public_priors_concordant_with_d4
4d5_her2,4d5_her2:0001694:cb809b87319f,cb809b87319f0395585bd3c4202912999b99a5363674aa0e58da982df58f9e3a,0.5260542035,if6_consensus_when_public_priors_concordant_with_d4
4d5_her2,4d5_her2:0001695:3837f711b550,3837f711b550786d525ac647e6da25d9202940178a8f3fc47071d1d5d808fd0a,0.418630749,if6_consensus_when_public_priors_concordant_with_d4
4d5_her2,4d5_her2:0001696:27d5b71b1097,27d5b71b109759aa0087c5f5d3b5e21f0018a854301bae548acf2d5a7a81d5fa,0.5860189199,if6_consensus_when_public_priors_concordant_with_d4
4d5_her2,4d5_her2:0001697:00d9f1a4d411,00d9f1a4d411988c72bf8b67a9972573163528dc73a76505bc007dc9a38fd100,0.3650793731,if6_consensus_when_public_priors_concordant_with_d4
4d5_her2,4d5_her2:0001698:806bf2fbabc3,806bf2fbabc35a762b2982ac710aa7aca7224c1831a6a37e0ed561411e68cc1d,0.1596921682,if6_consensus_when_public_priors_concordant_with_d4
4d5_her2,4d5_her2:0001699:091513706228,09151370622804e1145e624d83c832cb8db05930e427a22783341917eb840c72,0.3785473406,if6_consensus_when_public_priors_concordant_with_d4
4d5_her2,4d5_her2:0001700:ff1ac64f5308,ff1ac64f5308ad4516726dffa48ac5df18da720626a8d09ffc1215268daa1ab9,0.541125536,if6_consensus_when_public_priors_concordant_with_d4
4d5_her2,4d5_her2:0001701:1c037e6b5e0d,1c037e6b5e0d782172c16540e81b9ae34945005d3ad2a7ca98ac903206a9dfff,0.1527978182,if6_consensus_when_public_priors_concordant_with_d4
4d5_her2,4d5_her2:0001702:daba5e5d3fff,daba5e5d3fffc02f1199b795b6c1b038fa8e6d447c1ecbda785bda5172dd5b73,0.4219977856,if6_consensus_when_public_priors_concordant_with_d4
4d5_her2,4d5_her2:0001703:d5f08662939d,d5f08662939d0138dd409d253c99112e12efcfedac0667b407860cd169256663,0.6099086404,if6_consensus_when_public_priors_concordant_with_d4
4d5_her2,4d5_her2:0001704:9f722f4c4081,9f722f4c40817d557208e53654f39f7d72849eb2148a37399989f4da350d45a8,0.5088984966,if6_consensus_when_public_priors_concordant_with_d4
4d5_her2,4d5_her2:0001705:955e7b026146,955e7b0261469932c4e55c25b20e85e3bddc3357ed3c9799aa4fdad0f8fec93b,0.8779861927,if6_consensus_when_public_priors_concordant_with_d4
4d5_her2,4d5_her2:0001706:beecf4e9db1d,beecf4e9db1d31cddd4b3f66ff92d8ad18bd6786c80d02a8254f2af3b669ac5f,0.8156164289,if6_consensus_when_public_priors_concordant_with_d4
4d5_her2,4d5_her2:0001707:eff2ce3feab1,eff2ce3feab1abf1dfedcd9fe56219a4361086bba5e1efaaa6b440225b28d060,0.3458393514,if6_consensus_when_public_priors_concordant_with_d4
4d5_her2,4d5_her2:0001708:51d9f5c170a5,51d9f5c170a588e0f4bba979dac67cc4da6f8e0669046094d118b7bc9a3181ad,0.6429373026,if6_consensus_when_public_priors_concordant_with_d4
4d5_her2,4d5_her2:0001709:9a2bea0ac4b1,9a2bea0ac4b1b2787a27755d23c0eefd6d90a0cbd5c2476f7a836b57bb2cbb79,0.6637806296,if6_consensus_when_public_priors_concordant_with_d4
4d5_her2,4d5_her2:0001710:f6e93b74f0e3,f6e93b74f0e3f5f4fe185d45eb13f87a0a0fd491433aef3a8dd0f380e2e0f3ff,0.1689915061,if6_consensus_when_public_priors_concordant_with_d4
4d5_her2,4d5_her2:0001711:621dd7b94487,621dd7b94487aacf7e04c769a6a169d37f6dacfac60b9f30ad76ddb2aa2190a7,0.3190636635,if6_consensus_when_public_priors_concordant_with_d4
4d5_her2,4d5_her2:0001712:cffe4ff021e4,cffe4ff021e47ac11c138390d0f6af53270589426e43b953b686166de6c6dee3,0.6450216174,if6_consensus_when_public_priors_concordant_with_d4
4d5_her2,4d5_her2:0001713:a97c8e48fccb,a97c8e48fccb9fbcb857801989c1b9213d00afc49a898ab9410ea4774ad63358,0.5937951207,if6_consensus_when_public_priors_concordant_with_d4
4d5_her2,4d5_her2:0001714:3ed2b98019eb,3ed2b98019eb0f9e20b481f5e96b70128587c0ad61d5ec9d357b2bfd2bea7af1,0.6315536499,if6_consensus_when_public_priors_concordant_with_d4
4d5_her2,4d5_her2:0001715:b32d6dccf142,b32d6dccf1429e14566ae63db90d6efbf22634ec66468f21b834ba964b215dd7,0.4805195034,if6_consensus_when_public_priors_concordant_with_d4
4d5_her2,4d5_her2:0001716:e32b91117a15,e32b91117a151b1d4d35eab170066cdb3d62c003791ae84a56723604746b243e,0.1527978331,if6_consensus_when_public_priors_concordant_with_d4
4d5_her2,4d5_her2:0001717:8a3f0df4aa2b,8a3f0df4aa2b820459368df268d158ea9a3a6a8db36b1cbcd5a94370b96a8b42,0.5375981927,if6_consensus_when_public_priors_concordant_with_d4
4d5_her2,4d5_her2:0001718:d292553793bf,d292553793bf9890edd5b81ae84751d042bc09a044b3be9250e67a54236456c5,0.3325316906,if6_consensus_when_public_priors_concordant_with_d4
4d5_her2,4d5_her2:0001719:3816c6b44718,3816c6b4471825df838d30d963fbdae4935386afd58310a6ffb042628ee6efde,0.2756132782,if6_consensus_when_public_priors_concordant_with_d4
4d5_her2,4d5_her2:0001720:75d5e8f09610,75d5e8f096105676fdb11d74d4b4df8aeefb78263f4ad21e907a7e5c4c5c9c24,0.6084656119,if6_consensus_when_public_priors_concordant_with_d4
4d5_her2,4d5_her2:0001721:5e505494a79b,5e505494a79b94bcb85341112b36df6ef7028893c0eb80c3b3bd470a368707af,0.2669552565,if6_consensus_when_public_priors_concordant_with_d4
4d5_her2,4d5_her2:0001722:97de94504734,97de945047346ecf42496fe12576a840680a1c0bf0e2fc847d6820a0c984dc2f,0.4997595251,if6_consensus_when_public_priors_concordant_with_d4
4d5_her2,4d5_her2:0001723:374d5f2590f5,374d5f2590f536dd4527aec8b9c252a99496086d960944652e339c6e82cca674,0.5057719946,if6_consensus_when_public_priors_concordant_with_d4
4d5_her2,4d5_her2:0001724:e2be9fbe7370,e2be9fbe7370486dfa0f56446177de1e8bfce8fff27000c0e9979723063a99bb,0.1172037795,if6_consensus_when_public_priors_concordant_with_d4
4d5_her2,4d5_her2:0001725:1158ab4200c7,1158ab4200c7a3fc4c653f0f1345ce874161ab957002e23ca71b0ace0218fbf7,0.6044571996,if6_consensus_when_public_priors_concordant_with_d4
4d5_her2,4d5_her2:0001726:96bbe07a8b27,96bbe07a8b27bee32a3c63254ceeb403fea3e876bd56b30150f002c825877e44,0.4494147599,if6_consensus_when_public_priors_concordant_with_d4
4d5_her2,4d5_her2:0001727:43599fe4361e,43599fe4361eb25fef9449ea91956ef5d9939cc52952481153cde7b868ec786c,0.4800384939,if6_consensus_when_public_priors_concordant_with_d4
4d5_her2,4d5_her2:0001728:c8efecafa3ae,c8efecafa3aec3caf624601f7850f89323c4c26c2cbf30405223634c8cfa860a,0.2908449471,if6_consensus_when_public_priors_concordant_with_d4
4d5_her2,4d5_her2:0001729:dfcf7d4d4632,dfcf7d4d463224f53ad398adf8eb04b3220d2f4ac45e0db118296a43ec93252c,0.4276094437,if6_consensus_when_public_priors_concordant_with_d4
4d5_her2,4d5_her2:0001730:480751b87912,480751b879122fcc489f3fa57b88bb17d509f3d480a5d83c9637e15a72faf699,0.4378707409,if6_consensus_when_public_priors_concordant_with_d4
4d5_her2,4d5_her2:0001731:a3cfcba4ab43,a3cfcba4ab43e15a599192dd54c5008fb32f0edd4fc6ba2eecec003cc10af1aa,0.4025973976,if6_consensus_when_public_priors_concordant_with_d4
4d5_her2,4d5_her2:0001732:ac5b5f258b48,ac5b5f258b4898fc8bbb82f3f1b20ceffcf70292c1cde6f483efe34bd19f4ab2,0.5427289009,if6_consensus_when_public_priors_concordant_with_d4
4d5_her2,4d5_her2:0001733:a67e40231c2d,a67e40231c2d8574a60634cc8ba13576b9c3c6882f4472d2675092ffd0d3848e,0.7287157178,if6_consensus_when_public_priors_concordant_with_d4
4d5_her2,4d5_her2:0001734:cb9c053109fb,cb9c053109fb2de08fba38435a7e5e437fc20945e92817c9316dd987a4c96720,0.6363636851,if6_consensus_when_public_priors_concordant_with_d4
4d5_her2,4d5_her2:0001735:a78b6f45dc25,a78b6f45dc2546c70760b702b25301ef3dc17b5fca0005672fb1242ce7256c57,0.4952701628,if6_consensus_when_public_priors_concordant_with_d4
4d5_her2,4d5_her2:0001736:fcc8197ced17,fcc8197ced17bb85f78afb355434764129c8066de18c35c3d78e8c097dbe815a,0.3480840027,if6_consensus_when_public_priors_concordant_with_d4
4d5_her2,4d5_her2:0001737:61aede47b4b0,61aede47b4b0579f4b41ed6bad375c66cd8659544504503e741d8449e6d7cf1a,0.2509219348,if6_consensus_when_public_priors_concordant_with_d4
4d5_her2,4d5_her2:0001738:f3f14ae8619b,f3f14ae8619bfa0c0b5bb723cb8d14462693a2de3a09bf06dada231275118cbb,0.5909892917,if6_consensus_when_public_priors_concordant_with_d4
4d5_her2,4d5_her2:0001739:ab13cda6476c,ab13cda6476c4444fc703073de0a3005b6bc5c529042fa8b49a319adbec23052,0.4882154763,if6_consensus_when_public_priors_concordant_with_d4
4d5_her2,4d5_her2:0001740:161d92d05f60,161d92d05f60d3596bdcb0c1a188bad5cfc4fa83d8c437e5fbb0982bc3a62e5d,0.548019886,if6_consensus_when_public_priors_concordant_with_d4
4d5_her2,4d5_her2:0001741:bac4e22c57cc,bac4e22c57ccd1d3b2d3d852adc6fcf581cf1a81de4ea41ecfd8696676d7a696,0.4064454138,if6_consensus_when_public_priors_concordant_with_d4
4d5_her2,4d5_her2:0001742:463d37f1e9dd,463d37f1e9ddec139ec226c9801f8561f409a5cb79fbec2bdbc91411b973bfa5,0.5999679565,if6_consensus_when_public_priors_concordant_with_d4
4d5_her2,4d5_her2:0001743:7c9d31aaeefd,7c9d31aaeefd0202a96212e597878ab3ef9268a68a9e6b9dc82ca741a7f805d8,0.2478755713,if6_consensus_when_public_priors_concordant_with_d4
4d5_her2,4d5_her2:0001744:3612db49890e,3612db49890e0050b57244dd1bf01c96ce94da8debf0fcb5e01f7261800cd746,0.5861792564,if6_consensus_when_public_priors_concordant_with_d4
4d5_her2,4d5_her2:0001745:3555c3f2eb4c,3555c3f2eb4ce650d2fce21fc9bd96083627ac7c71362fcdfaa6f9ab2b60f807,0.4434824288,if6_consensus_when_public_priors_concordant_with_d4
4d5_her2,4d5_her2:0001746:d8f9940aa9f1,d8f9940aa9f18392fc5050bad2d782e96f3e18b60b5b27e4f1596d8489d7c08d,0.555074513,if6_consensus_when_public_priors_concordant_with_d4
4d5_her2,4d5_her2:0001747:8a48fe464e12,8a48fe464e12b3e8d3f0c01c83cfa1ef092fea24526affd42c2a3a90ac3b863f,0.419592768,if6_consensus_when_public_priors_concordant_with_d4
4d5_her2,4d5_her2:0001748:45667bdf7522,45667bdf7522578a8c58de414180b5095914e6fc5a2e6732f9391d64c16e84c1,0.718775034,if6_consensus_when_public_priors_concordant_with_d4
4d5_her2,4d5_her2:0001749:b35c1519a2fc,b35c1519a2fc9416c3c08b81e24d45dfdb539ea5562418306685b6ddbb21ef76,0.4656084776,if6_consensus_when_public_priors_concordant_with_d4
4d5_her2,4d5_her2:0001750:60bae481f592,60bae481f59231551fe70513f4619f068794334e4fa10188d85e9485bdbfd516,0.6952059865,if6_consensus_when_public_priors_concordant_with_d4
4d5_her2,4d5_her2:0001751:cf932cba399b,cf932cba399bd9117063a5c89ff322bd9c03755ab4c04a873da20eedeac7c287,0.8132115006,if6_consensus_when_public_priors_concordant_with_d4
4d5_her2,4d5_her2:0001752:5a44531defb4,5a44531defb4b0330d9ce76884304ed2adbe9c74f5c50a469ead37722fc834cb,0.5242905021,if6_consensus_when_public_priors_concordant_with_d4
4d5_her2,4d5_her2:0001753:2de657330c2c,2de657330c2c93e1fac4be6dd3f3952730b28b944ef1278d7d4087e7f44cfc7d,0.924162209,if6_consensus_when_public_priors_concordant_with_d4
4d5_her2,4d5_her2:0001754:27754f313ea5,27754f313ea5037c0ce93c088f78c0fb3aa9376484159e68f9e6bbee03feb0db,0.3174603283,if6_consensus_when_public_priors_concordant_with_d4
4d5_her2,4d5_her2:0001755:8231cd165819,8231cd1658192c840f761ade3ff140ea0e29a927e3e319870b8049537fb3dda4,0.3973064125,if6_consensus_when_public_priors_concordant_with_d4
4d5_her2,4d5_her2:0001756:8ddf1b8b286f,8ddf1b8b286fad0dae59c313a45caeaddb65ac9ebe417f60e576ce83e7afbd1a,0.328843981,if6_consensus_when_public_priors_concordant_with_d4
4d5_her2,4d5_her2:0001757:cae1040a8afc,cae1040a8afcbdfbc6c91752658784e105051cb0c0a42916a7d8cb9b91e285c2,0.1338784695,if6_consensus_when_public_priors_concordant_with_d4
4d5_her2,4d5_her2:0001758:163e90c227af,163e90c227afbbf3806ea09e56566b3517f6602ebef841ce87f6e2f6011181f5,0.6843032837,if6_consensus_when_public_priors_concordant_with_d4
4d5_her2,4d5_her2:0001759:3258b1d7e41d,3258b1d7e41d2ae29fec34abf9dc2109672e6bb8fab69c5bf2c92c935a3f0928,0.4463684559,if6_consensus_when_public_priors_concordant_with_d4
4d5_her2,4d5_her2:0001760:ba0f72d91c5e,ba0f72d91c5ea6087491bd8e204386eef72c17ecba124a713f277eeb0a1a34e8,0.6205707192,if6_consensus_when_public_priors_concordant_with_d4
4d5_her2,4d5_her2:0001761:6ba0ee3b334d,6ba0ee3b334d7bc4bcd174dd3213d1b0f1ef2aa63c3c2d541f0063bdf8132a6a,0.7715247273,if6_consensus_when_public_priors_concordant_with_d4
4d5_her2,4d5_her2:0001762:dfcfe3c87ec4,dfcfe3c87ec45fcf26a312d3256b7b20c905790b2614a66725d859ca90106573,0.6329966187,if6_consensus_when_public_priors_concordant_with_d4
4d5_her2,4d5_her2:0001763:31166abfcfb2,31166abfcfb2ab0351cba8596820bf4e8a33145e2bd75507a97ce7bf5dafd1a0,0.4284110963,if6_consensus_when_public_priors_concordant_with_d4
4d5_her2,4d5_her2:0001764:2c9df14d6d76,2c9df14d6d760240e9e7452a63754a3e512f8d563fb9bc81e74b1e8e3986c7c4,0.2249478847,if6_consensus_when_public_priors_concordant_with_d4
4d5_her2,4d5_her2:0001765:466f84eb56a0,466f84eb56a00598c03044ed9fb30d9f26316af6c7639c03fe274b5b680bfcb0,0.6155202985,if6_consensus_when_public_priors_concordant_with_d4
4d5_her2,4d5_her2:0001766:72c02ffbb817,72c02ffbb817d51a624b21c7e12f37650b92014acef5218c4bee3a85f89dbc71,0.7285553813,if6_consensus_when_public_priors_concordant_with_d4
4d5_her2,4d5_her2:0001767:b600b407a1b3,b600b407a1b318822b3150d86f23ee54cbfe715c66a9333148d66319924698ba,0.986371696,if6_consensus_when_public_priors_concordant_with_d4
4d5_her2,4d5_her2:0001768:c10526c9731a,c10526c9731abba79610fd33763913dc0efec9969e1a78fb0bcf42553f14082d,0.916947186,if6_consensus_when_public_priors_concordant_with_d4
4d5_her2,4d5_her2:0001769:2f6de0e2beef,2f6de0e2beef87c876a9f784c309a7a26b31bce59e31cb8aa98761ad0cb95757,0.734487772,if6_consensus_when_public_priors_concordant_with_d4
4d5_her2,4d5_her2:0001770:d7c60b58f866,d7c60b58f866740382c636462ab86a56e3eb345b017644521a64b8ad28b83da7,0.8739778996,if6_consensus_when_public_priors_concordant_with_d4
4d5_her2,4d5_her2:0001771:04e7162f1160,04e7162f116082f3767240e6c10f3b3350a9585dc4bb6597a0c673697f9bb7da,0.71893543,if6_consensus_when_public_priors_concordant_with_d4
4d5_her2,4d5_her2:0001772:43bd87baaf3b,43bd87baaf3b5dd6f9981ecb7ba4a84d34fcdcca8e862cec5d0c9a8aebd1ff48,0.5279781818,if6_consensus_when_public_priors_concordant_with_d4
4d5_her2,4d5_her2:0001773:101a1d91642a,101a1d91642ad243c959a04fdca505a0b91bed03ff963c5862cf98f99bb890c8,0.4471701086,if6_consensus_when_public_priors_concordant_with_d4
4d5_her2,4d5_her2:0001774:e82892f63fe9,e82892f63fe930790f51a44915f07659eb0f1d26af0b7ca92bda31ffe421df67,0.4295334518,if6_consensus_when_public_priors_concordant_with_d4
4d5_her2,4d5_her2:0001775:5723e17be24c,5723e17be24ce080fcf47995ee337aae198979725d6e82aaf841da959d4f4c61,0.9316979051,if6_consensus_when_public_priors_concordant_with_d4
4d5_her2,4d5_her2:0001776:268223601cf8,268223601cf87c1ed9d19d1e21c50d46ad9a9a864facd5c63657bbc9f21de329,0.6942440867,if6_consensus_when_public_priors_concordant_with_d4
4d5_her2,4d5_her2:0001777:8ec746a68246,8ec746a68246865c196aedcdcd9d2ac7b1635bbaa8bacc2a47b5f2983fc0a8b5,0.8993105888,if6_consensus_when_public_priors_concordant_with_d4
4d5_her2,4d5_her2:0001778:3d1eb6930ae8,3d1eb6930ae865c69b784e9566ef8e5f3a30b3ed553619df180ce0f2513de527,0.8864839077,if6_consensus_when_public_priors_concordant_with_d4
4d5_her2,4d5_her2:0001779:af58525459e7,af58525459e7d3f02690e3bb0a6a8e65ba652ab793507299acc8fd2507b01cc6,0.5416064858,if6_consensus_when_public_priors_concordant_with_d4
4d5_her2,4d5_her2:0001780:be9139ae3651,be9139ae365107b3e655013b5fb3ea8dcd6f5f1f99dcc6766135c34d73e16156,0.563572228,if6_consensus_when_public_priors_concordant_with_d4
4d5_her2,4d5_her2:0001781:3e684582c7ea,3e684582c7ea270e09ba66610fa91be969a602934421f9d37febbfd8e3b224a0,0.4226391017,if6_consensus_when_public_priors_concordant_with_d4
4d5_her2,4d5_her2:0001782:6ee5c4dcfe08,6ee5c4dcfe0842d5462f16ae2cd9c5e2ace459076dc7790640883ddabbe941d2,0.7649510503,if6_consensus_when_public_priors_concordant_with_d4
4d5_her2,4d5_her2:0001783:854b8c389ff9,854b8c389ff9bdee3b2c6990c24d884bb72553bad9bc54124af09a650cd06a27,0.8108065128,if6_consensus_when_public_priors_concordant_with_d4
4d5_her2,4d5_her2:0001784:34f787f94f39,34f787f94f390970903d6a3c8dcd623dbc0c05ee3b84a784e916598900b22708,0.8064774871,if6_consensus_when_public_priors_concordant_with_d4
4d5_her2,4d5_her2:0001785:0dcbd616a4a4,0dcbd616a4a43308a611a232f0c9d665e4cf38ecdd382ffe13b35c79cd47f54f,0.926887989,if6_consensus_when_public_priors_concordant_with_d4
4d5_her2,4d5_her2:0001786:8cf959367149,8cf9593671490dd88d74a1db62e5746c6b04ee4c95adaf46fbf81531439006c8,0.5092191696,if6_consensus_when_public_priors_concordant_with_d4
4d5_her2,4d5_her2:0001787:77a374302a4c,77a374302a4cd7f89cbcb8a83473efa2352e3cb6e7e836629be080b14b56adae,0.493185848,if6_consensus_when_public_priors_concordant_with_d4
4d5_her2,4d5_her2:0001788:6a3405fafe92,6a3405fafe92efcfa8585c76ae4f7701e3ad06075c693d8c20eae42cf164e484,0.8932178617,if6_consensus_when_public_priors_concordant_with_d4
4d5_her2,4d5_her2:0001789:56c10bd61665,56c10bd616658701dc2e070ff460a4f9321dc429838457d9f9d493478abbd812,0.9677729607,if6_consensus_when_public_priors_concordant_with_d4
4d5_her2,4d5_her2:0001790:c7b070f6b521,c7b070f6b5212f45ecc1170ac6c6dbd2db71a5e428af0f0cf5a4c6fbea29f478,0.9797980189,if6_consensus_when_public_priors_concordant_with_d4
4d5_her2,4d5_her2:0001791:51cb72e5beba,51cb72e5bebaf29cdb54d6a26135eddf7a4b075dedfaa63d459252100b7c119c,0.6006092429,if6_consensus_when_public_priors_concordant_with_d4
4d5_her2,4d5_her2:0001792:5fc67d8cd4e0,5fc67d8cd4e0684cb2a83c1cf908a4073898c186dd79fc2a476c4cdd3437de8f,0.79990381,if6_consensus_when_public_priors_concordant_with_d4
4d5_her2,4d5_her2:0001793:d4aaa501911f,d4aaa501911f1cb2bb66fbfc0d3d9d3a12339ed182556d11a746777c56354cfe,0.6802949905,if6_consensus_when_public_priors_concordant_with_d4
4d5_her2,4d5_her2:0001794:9c8ecf92e612,9c8ecf92e612e1ad12633b918ba717793d33c79d29e7e832ecad52e77c11b19b,0.4441237748,if6_consensus_when_public_priors_concordant_with_d4
4d5_her2,4d5_her2:0001795:58fc8641c84c,58fc8641c84c3544c0da34dbdb9f23c41482f07ea47abda6e0c9e08bd8b89ca3,0.7832291126,if6_consensus_when_public_priors_concordant_with_d4
4d5_her2,4d5_her2:0001796:5d344eba3e1e,5d344eba3e1e473fdd7d3ed397b6a5111e203a5388145f175b3f75189a9fb99b,0.9286515713,if6_consensus_when_public_priors_concordant_with_d4
4d5_her2,4d5_her2:0001797:a246b6b51fd1,a246b6b51fd1c9603b0829ea881e3ee8cbf41417e30f40a0c81db4d9e5f7137b,0.5064935088,if6_consensus_when_public_priors_concordant_with_d4
4d5_her2,4d5_her2:0001798:f21196d7d44a,f21196d7d44a77296c499b7d4f8d3f8e6d0b7f79a654b3116dd7a517ddbae78b,0.5493826866,if6_consensus_when_public_priors_concordant_with_d4
4d5_her2,4d5_her2:0001799:f8f65e13e18d,f8f65e13e18def5c3a0418c68342a7cfb8d95af163dff928fa468980526a907c,0.3254770041,if6_consensus_when_public_priors_concordant_with_d4
4d5_her2,4d5_her2:0001800:3a37b6a36093,3a37b6a36093636dccd799fecf7e5937ef9cb185e8c984748a84a6515cc1a9e2,0.3630752265,if6_consensus_when_public_priors_concordant_with_d4
4d5_her2,4d5_her2:0001801:a503aeca7e83,a503aeca7e83ab408766a905664c474d99bc2528daaa79532702d40f72c1bd77,0.569825232,if6_consensus_when_public_priors_concordant_with_d4
4d5_her2,4d5_her2:0001802:acd1bb9b5d3a,acd1bb9b5d3a1196e4b104003220a7228091c772a95fe0932c5ac939d16cda99,0.2797819376,if6_consensus_when_public_priors_concordant_with_d4
4d5_her2,4d5_her2:0001803:0d075bd39cab,0d075bd39cab7c8fa19f6d2bce8c5b252974886d26d678dac80753a7286405f9,0.651114285,if6_consensus_when_public_priors_concordant_with_d4
4d5_her2,4d5_her2:0001804:3ba6e87b3a15,3ba6e87b3a15e27cbd990eedf6a53789ad8dbc6ca3fb21cd53c91f79f88909c6,0.6480680108,if6_consensus_when_public_priors_concordant_with_d4
4d5_her2,4d5_her2:0001805:b88bedad8fde,b88bedad8fde174e3e2e818bfa4f685b9e33e6a8e9f4b485f54d09b34162e5f2,0.2388968915,if6_consensus_when_public_priors_concordant_with_d4
4d5_her2,4d5_her2:0001806:2a6a554e3aa2,2a6a554e3aa2d3c21b9528b32b729e4736211300f4375a00e054b6a92321e44e,0.4341830909,if6_consensus_when_public_priors_concordant_with_d4
4d5_her2,4d5_her2:0001807:8fd024700899,8fd024700899766dddcf32c72095cc7d99682e06bb2e9d3e2748b07053459042,0.5767997503,if6_consensus_when_public_priors_concordant_with_d4
4d5_her2,4d5_her2:0001808:f89057ca63f9,f89057ca63f93c34566816c9c6a36e503a0afc3a322895b57846cba5a7869b71,0.5994868875,if6_consensus_when_public_priors_concordant_with_d4
4d5_her2,4d5_her2:0001809:c9926184cc4c,c9926184cc4c979794a34d4ac090a5aaef33ced301b2313db80c2d0db7e2fcdf,0.6277056336,if6_consensus_when_public_priors_concordant_with_d4
4d5_her2,4d5_her2:0001810:4452194cb5fc,4452194cb5fce310a2a936128cf70eb797ab917d81822480a152627e7827e34e,0.5998075604,if6_consensus_when_public_priors_concordant_with_d4
4d5_her2,4d5_her2:0001811:11e6baaa9936,11e6baaa9936b86b0a42f83ad2f4a319c814c0ed37527e644d5e884c9eef4d24,0.2991822958,if6_consensus_when_public_priors_concordant_with_d4
4d5_her2,4d5_her2:0001812:406088adf769,406088adf769e4a38eeaaa1f4aa411dd0e02593d90a4781bda901db9ced24371,0.314895004,if6_consensus_when_public_priors_concordant_with_d4
4d5_her2,4d5_her2:0001813:afedbe4de64b,afedbe4de64b8761f30d50d3c6793bb2162202aeaeb55b07f6804568ff977bd1,0.5850569606,if6_consensus_when_public_priors_concordant_with_d4
4d5_her2,4d5_her2:0001814:49dbd60f71e6,49dbd60f71e6899335fd44ac42fa022ee156caa8f9ca97a2596142e5f771b62b,0.6265833378,if6_consensus_when_public_priors_concordant_with_d4
4d5_her2,4d5_her2:0001815:a7456dcec42a,a7456dcec42a83fcfbc8d2a612ad10d459f042c620afd7f18807c91fbbb01175,0.6195285916,if6_consensus_when_public_priors_concordant_with_d4
4d5_her2,4d5_her2:0001816:421b56a84def,421b56a84defaafbc7cc6a1d52d388411f49b7a68f056c118d3be3c0735fba5e,0.6294692755,if6_consensus_when_public_priors_concordant_with_d4
4d5_her2,4d5_her2:0001817:482354303591,482354303591c2214f877eabf27403876433363d51d8ce69777af98754621323,0.5855379105,if6_consensus_when_public_priors_concordant_with_d4
4d5_her2,4d5_her2:0001818:dad67a30f35d,dad67a30f35d5ea96865d1d370653479a4008ff40e56d68d3e665585c16f9dda,0.3408690393,if6_consensus_when_public_priors_concordant_with_d4
4d5_her2,4d5_her2:0001819:3582f9b51fd5,3582f9b51fd55e30d838b2a62291a157a9671189e205aa25251065ee0bd95262,0.1754048318,if6_consensus_when_public_priors_concordant_with_d4
4d5_her2,4d5_her2:0001820:0445caa646ff,0445caa646ff1e2f6fe29e7a3808f0b1c02ec7886eb1176742a43b54b05a4987,0.134680137,if6_consensus_when_public_priors_concordant_with_d4
4d5_her2,4d5_her2:0001821:9d7b0481683a,9d7b0481683a2c2d3eff85e492740971b7f4a22241923ddd3f7f115cd5642aaf,0.1104697809,if6_consensus_when_public_priors_concordant_with_d4
4d5_her2,4d5_her2:0001822:66624b5c7733,66624b5c7733f82fb11789e4d42c6c7adffc72232c53fefe01ba7430328ad9e1,0.2334455699,if6_consensus_when_public_priors_concordant_with_d4
4d5_her2,4d5_her2:0001823:1b48685d6f70,1b48685d6f7000485234f36ffef105198af240239fae8997dd97adcd24aee10b,0.3395863473,if6_consensus_when_public_priors_concordant_with_d4
4d5_her2,4d5_her2:0001824:207cc146daf5,207cc146daf5b300cbacfc8db2da2137533fb1b3cf32b499ed22bec9f93c6f6c,0.2329645604,if6_consensus_when_public_priors_concordant_with_d4
4d5_her2,4d5_her2:0001825:02f0018310ec,02f0018310ecf654e220d8de98f9cbf893e286f6ffcce20dfcd326a2abe5b496,0.455106616,if6_consensus_when_public_priors_concordant_with_d4
4d5_her2,4d5_her2:0001826:69738c632471,69738c63247117f856677cdc273c5b9ab0609800d3c7ec5c324dbf89f9218618,0.2101972103,if6_consensus_when_public_priors_concordant_with_d4
4d5_her2,4d5_her2:0001827:0ceb4d733440,0ceb4d7334402184e28fc87bad43552ccbf0e87cfa24ceebeb3bd1b36c353c2a,0.1765271872,if6_consensus_when_public_priors_concordant_with_d4
4d5_her2,4d5_her2:0001828:5b3d3b5363d6,5b3d3b5363d62fae8b1f6b17693ac97d4bf19b2fff4a7348bd3bcf574622c766,0.4236812592,if6_consensus_when_public_priors_concordant_with_d4
4d5_her2,4d5_her2:0001829:866ee5d6243d,866ee5d6243d825d07e15fb1eb332e2383efec9e66c268f04c53c49a6054fd2d,0.556517601,if6_consensus_when_public_priors_concordant_with_d4
4d5_her2,4d5_her2:0001830:ac31209b5554,ac31209b55544b60ee4918af5ba5130309ad1c907f0f1f21ae630afc1c79f4f6,0.2587782443,if6_consensus_when_public_priors_concordant_with_d4
4d5_her2,4d5_her2:0001831:8ea1fb96f5e6,8ea1fb96f5e62332f9dfc46b68a1cc1b90fe4da80df058b5f9dfd52c5e18c0b0,0.7989417911,if6_consensus_when_public_priors_concordant_with_d4
4d5_her2,4d5_her2:0001832:3597c8d6d262,3597c8d6d26250ac0fe7ecbd2c4e76dfdd4a6bcaac7f827d84edd4ae84941a11,0.645663023,if6_consensus_when_public_priors_concordant_with_d4
4d5_her2,4d5_her2:0001833:e42a31342c7e,e42a31342c7e7376cb53f0a4f87f16f3814c844bee919d875622cd4d2942dccb,0.3748597205,if6_consensus_when_public_priors_concordant_with_d4
4d5_her2,4d5_her2:0001834:8a29716fa9af,8a29716fa9afa08986328ff33c006e997a5a04cb040139b07f4bd9fc06577db6,0.08786275238,if6_consensus_when_public_priors_concordant_with_d4
4d5_her2,4d5_her2:0001835:3040bad23f0b,3040bad23f0bfd7ed29ae55c8a43505d9f3011707da8e5521c2eb852e36c8f9c,0.408048749,if6_consensus_when_public_priors_concordant_with_d4
4d5_her2,4d5_her2:0001836:500ad4adc95a,500ad4adc95a58a6af20fdc2388f030a6507649abe9487a2088452bc0347b819,0.3767837286,if6_consensus_when_public_priors_concordant_with_d4
4d5_her2,4d5_her2:0001837:be55aad5f806,be55aad5f806408e389342a229dfc6d974f70a6f9f5ab7ca3b917dccfddd745a,0.3767836988,if6_consensus_when_public_priors_concordant_with_d4
4d5_her2,4d5_her2:0001838:63a51b146c07,63a51b146c077071dd80b10d24a85e9af3fdf5b46be0435a4a4c89a16b1570b6,0.4941478074,if6_consensus_when_public_priors_concordant_with_d4
4d5_her2,4d5_her2:0001839:a2641ab3a141,a2641ab3a141e5d3c3349660e915fabe9116b3e0b1165d3ff6f41397c7d8fbe5,0.1329966336,if6_consensus_when_public_priors_concordant_with_d4
4d5_her2,4d5_her2:0001840:2fcacf161d61,2fcacf161d614392d9d274eb08eddf295346832ff8c1e890c30a56516c7c07d3,0.6206509471,if6_consensus_when_public_priors_concordant_with_d4
4d5_her2,4d5_her2:0001841:396880822351,3968808223519c2fb2aa2e531dc7dc215532a15f02c7a5aac94dea4f1891d822,0.4035594165,if6_consensus_when_public_priors_concordant_with_d4
4d5_her2,4d5_her2:0001842:5a5814dab87d,5a5814dab87dc618cd3fd45876b0b2c0f1513e449821992b89826c24ccea7d7a,0.4356261194,if6_consensus_when_public_priors_concordant_with_d4
4d5_her2,4d5_her2:0001843:f3b037fb8745,f3b037fb87455360bf1f017760a0b40b723c26366d6d70de03ff6c4d11cf6d12,0.3867243826,if6_consensus_when_public_priors_concordant_with_d4
4d5_her2,4d5_her2:0001844:1b2fba5134e6,1b2fba5134e6b3fbd7be0da09c4a9799230c4094c717e54e9539059a1808d4b5,0.7888407707,if6_consensus_when_public_priors_concordant_with_d4
4d5_her2,4d5_her2:0001845:1d00f1bf87b1,1d00f1bf87b1740b4a271f5d83090036333ebdc667f2fb738e51f727d85f281e,0.6915183663,if6_consensus_when_public_priors_concordant_with_d4
4d5_her2,4d5_her2:0001846:eb0ccdb7a941,eb0ccdb7a941595a0111451a02cd3d3a41b0aaf653d16defc591aed3faf8dfbe,0.747795403,if6_consensus_when_public_priors_concordant_with_d4
4d5_her2,4d5_her2:0001847:ebaae4a2f78a,ebaae4a2f78a8d99bd9f1f794f88cfe2acced46fe7f174910fc2330af8cda040,0.9211158752,if6_consensus_when_public_priors_concordant_with_d4
4d5_her2,4d5_her2:0001848:a61ed0fd56e5,a61ed0fd56e58e03e7968cb13c29b0fa958b46c590a0d6aa7e96c596159557e6,0.888728559,if6_consensus_when_public_priors_concordant_with_d4
4d5_her2,4d5_her2:0001849:b469bb662fe8,b469bb662fe8f3f5d85f7d1f6faadf11f9089be7701996f35b60b2f810f6db9c,0.8047137856,if6_consensus_when_public_priors_concordant_with_d4
4d5_her2,4d5_her2:0001850:14cf9fffdc61,14cf9fffdc61fdec2f15180f4a7b85df8b4794170988e885f92b87983103a6c7,0.4184704125,if6_consensus_when_public_priors_concordant_with_d4
4d5_her2,4d5_her2:0001851:7047ab55fa0a,7047ab55fa0a426e29d2baa5e2b40cc12ee67f52782dcd76812fddfe0954ca99,0.518358171,if6_consensus_when_public_priors_concordant_with_d4
4d5_her2,4d5_her2:0001852:e54288344579,e542883445795657bb0a685fbd1d28fc0f0c25cae2913397c7217d1e9f4cadf6,0.2983806431,if6_consensus_when_public_priors_concordant_with_d4
4d5_her2,4d5_her2:0001853:62e3c43fc4f3,62e3c43fc4f31dd0611a1e3adab0e87eb3b1fd70756c2086077199fc5c089cb5,0.4319384396,if6_consensus_when_public_priors_concordant_with_d4
4d5_her2,4d5_her2:0001854:7472c4bfdf7b,7472c4bfdf7b64aa630ee86722c80e48fdcc4d76d266d8a49295ce5eff5a38d1,0.4433220923,if6_consensus_when_public_priors_concordant_with_d4
4d5_her2,4d5_her2:0001855:83a6977c547a,83a6977c547aefd7716067f50ee8a861d8239978eb266fb5b907db546af5ecc6,0.5385602117,if6_consensus_when_public_priors_concordant_with_d4
4d5_her2,4d5_her2:0001856:619e0558ecce,619e0558ecce0cb0510afd888477d8c211ccf1d2082545cfabdcb9089777a394,0.355298996,if6_consensus_when_public_priors_concordant_with_d4
4d5_her2,4d5_her2:0001857:d50bcd703d0b,d50bcd703d0ba89bb3ff6927063ea9b267516e6b5e398936344467215763f989,0.5058521628,if6_consensus_when_public_priors_concordant_with_d4
4d5_her2,4d5_her2:0001858:a170793e5336,a170793e5336655f0618f50a4643fb86e60ca8e593da91d188b391112021d071,0.3408689797,if6_consensus_when_public_priors_concordant_with_d4
4d5_her2,4d5_her2:0001859:513e58baa76c,513e58baa76cb4b8ad51344508d07ab0d90a9ee4cebfac605a63ff4450eeb3c5,0.1582491547,if6_consensus_when_public_priors_concordant_with_d4
4d5_her2,4d5_her2:0001860:d4a82e0093ba,d4a82e0093ba117d5ee217cc6d6418faa06fbfa01613045514494153efde41a8,0.3722943962,if6_consensus_when_public_priors_concordant_with_d4
4d5_her2,4d5_her2:0001861:1dd1a3790858,1dd1a379085836dcc506086386f69f7bacfadaa196bb5181107a582481d45892,0.4078884125,if6_consensus_when_public_priors_concordant_with_d4
4d5_her2,4d5_her2:0001862:b0d9dc9c81c1,b0d9dc9c81c14f9697d4cb7739150b6669b11ebfdafebeeca820d923cc589fa9,0.4805195034,if6_consensus_when_public_priors_concordant_with_d4
4d5_her2,4d5_her2:0001863:0c7c351d31a0,0c7c351d31a05691eb1f14b53780c4562ee2be48cb184621b85d02bcf530d940,0.4016354084,if6_consensus_when_public_priors_concordant_with_d4
4d5_her2,4d5_her2:0001864:98841bdc2ece,98841bdc2ecef19c63b58192bdc1afdf61856d9cbaf9cae91e13155156de511c,0.4062850475,if6_consensus_when_public_priors_concordant_with_d4
4d5_her2,4d5_her2:0001865:93874cc8483f,93874cc8483f84b775c11c34461ea8803c79f6528297b645aa566e894a689630,0.4564694464,if6_consensus_when_public_priors_concordant_with_d4
4d5_her2,4d5_her2:0001866:08645649b9a4,08645649b9a41164cf0db702bbfd52361b72f1706878de6d00d6ac06d5554061,0.4021163881,if6_consensus_when_public_priors_concordant_with_d4
4d5_her2,4d5_her2:0001867:37a7591a05eb,37a7591a05ebef4ed859f47cc3e4abd1ea06e3f532f0237a58ffe81146717ca9,0.2097162008,if6_consensus_when_public_priors_concordant_with_d4
4d5_her2,4d5_her2:0001868:6d5681484acd,6d5681484acdaa9126924180931203063fa12f1e040b1bdd70bf242c140f9e40,0.4151034057,if6_consensus_when_public_priors_concordant_with_d4
4d5_her2,4d5_her2:0001869:0e358d24fe3e,0e358d24fe3e3ed3d3248c661099430110e843c18197503d0120f44ff04cc9cb,0.4396344423,if6_consensus_when_public_priors_concordant_with_d4
4d5_her2,4d5_her2:0001870:c091cdde3da5,c091cdde3da52e708714f6fd5aaa7629de9170b7e6fc0f078209dd64321d82ef,0.1635401696,if6_consensus_when_public_priors_concordant_with_d4
4d5_her2,4d5_her2:0001871:ead6668032c2,ead6668032c2c42243efeea98b9137fca8c14dd647667e81b7da83c6c1951b0f,0.1752445102,if6_consensus_when_public_priors_concordant_with_d4
4d5_her2,4d5_her2:0001872:8b0892797829,8b089279782914c5406cda9ae4767bf5ca8af6ddeaea1a993b531fa04329f624,0.2767356336,if6_consensus_when_public_priors_concordant_with_d4
4d5_her2,4d5_her2:0001873:a2fbe32a0514,a2fbe32a0514766aa3f16d91dfa7d163144cc391cac1697ead72ee08449f03a8,0.27368927,if6_consensus_when_public_priors_concordant_with_d4
4d5_her2,4d5_her2:0001874:acd87025b52b,acd87025b52b6e1db1290ab71ba6bced6ee60eef9dfdc2c1965b40b902bb7dbb,0.2894019485,if6_consensus_when_public_priors_concordant_with_d4
4d5_her2,4d5_her2:0001875:88dc4129cd70,88dc4129cd70e45d378779e832e63532f198520974e2d5d63be6d9587e19712e,0.4725027978,if6_consensus_when_public_priors_concordant_with_d4
4d5_her2,4d5_her2:0001876:812421bf2bc6,812421bf2bc663b8b4cfa9c757ba7fe86153cc2450495b5f572e9b0535937065,0.526535213,if6_consensus_when_public_priors_concordant_with_d4
4d5_her2,4d5_her2:0001877:417238caa8e9,417238caa8e962567d1a9ea1109ea88393895a56101d7777ff866cf172a8f3c0,0.2765752971,if6_consensus_when_public_priors_concordant_with_d4
4d5_her2,4d5_her2:0001878:d3a0cbf952df,d3a0cbf952dffabd5c30b865d4519be4b4f2c2c9142fe881cdc8a8025e983105,0.748116076,if6_consensus_when_public_priors_concordant_with_d4
4d5_her2,4d5_her2:0001879:a16177978fad,a16177978fad91db99760a24d58241df4389c84853f533dd16f958cae0185c8c,0.4800384939,if6_consensus_when_public_priors_concordant_with_d4
4d5_her2,4d5_her2:0001880:df79e44917b9,df79e44917b9db689984dbd96a9ebab929f8b8f399dd1e2a316c6e14c977d62c,0.5382395387,if6_consensus_when_public_priors_concordant_with_d4
4d5_her2,4d5_her2:0001881:167f0c85edcd,167f0c85edcd9a840a5ce9fac3c402d4fd77b5898abc99211c92d76024e3205a,0.5566778779,if6_consensus_when_public_priors_concordant_with_d4
4d5_her2,4d5_her2:0001882:2e391d5f6cfb,2e391d5f6cfbbf7c087ea83f064821f8b735d3c103417553448336e61986f158,0.6559243202,if6_consensus_when_public_priors_concordant_with_d4
4d5_her2,4d5_her2:0001883:570768136c59,570768136c597fab1c185a90503451fcb6c18f46d135b348c288b0fe533cab3a,0.4883758128,if6_consensus_when_public_priors_concordant_with_d4
4d5_her2,4d5_her2:0001884:356280151a94,356280151a949e55c0cf7e97e0bc0315fbf2e81dcc0139acf48b4050f79dc237,0.4920634925,if6_consensus_when_public_priors_concordant_with_d4
4d5_her2,4d5_her2:0001885:b800e54c37cb,b800e54c37cb33565b75983844abcf8060a109fed5802b88df560fbf87dbefdc,0.2329645753,if6_consensus_when_public_priors_concordant_with_d4
4d5_her2,4d5_her2:0001886:c81e86056201,c81e860562015fbf3fcbe010e31e9f81ef5aeffe8de3e499004433a4a5d846de,0.2757736146,if6_consensus_when_public_priors_concordant_with_d4
4d5_her2,4d5_her2:0001887:b889d7219de6,b889d7219de6508a67caf535336e5316ed83e84e5d67d662311f89ae2dcdf3a9,0.4474907815,if6_consensus_when_public_priors_concordant_with_d4
4d5_her2,4d5_her2:0001888:3a08e1faf478,3a08e1faf4784aefa2635f8fec734c421cd9a57c04803700b43b83e6079e1fa3,0.6360430121,if6_consensus_when_public_priors_concordant_with_d4
4d5_her2,4d5_her2:0001889:5a246ab1f538,5a246ab1f538ef8758d008dae3c347edf5958b1327d74d70a89376c7fb2b5749,0.3047939837,if6_consensus_when_public_priors_concordant_with_d4
4d5_her2,4d5_her2:0001890:98a7d83e559f,98a7d83e559f471893f8a0c64e084c540d7510a9a8e85007e990c942e1425266,0.2475549132,if6_consensus_when_public_priors_concordant_with_d4
4d5_her2,4d5_her2:0001891:63303a1ed786,63303a1ed7867b3eea360a0a631516cd089982af1478aa6e5e6e08380eab81b4,0.3732563555,if6_consensus_when_public_priors_concordant_with_d4
4d5_her2,4d5_her2:0001892:9ce043675f2c,9ce043675f2c341428191496c87b7c79ae48ba97b2687fd3163717482ea93719,0.4001924098,if6_consensus_when_public_priors_concordant_with_d4
4d5_her2,4d5_her2:0001893:6e084601ee34,6e084601ee345eb93c0462ff2733bb7f304c8a6472958d94f83db33c8150aa2a,0.5999678969,if6_consensus_when_public_priors_concordant_with_d4
4d5_her2,4d5_her2:0001894:454076010183,45407601018304bb922619a49a8ce86d9fde34ecbd75beb8fd0225576effa06f,0.4535834789,if6_consensus_when_public_priors_concordant_with_d4
4d5_her2,4d5_her2:0001895:e80441975f13,e80441975f13de01035505d7bd7a47783294d888a9187978c80c0e4095a29772,0.8428731561,if6_consensus_when_public_priors_concordant_with_d4
4d5_her2,4d5_her2:0001896:cebc76ccf4b0,cebc76ccf4b09751874e0bb482a7d448fcdcba6fc19ef844f04ee0b8f4c445c0,0.4609588087,if6_consensus_when_public_priors_concordant_with_d4
4d5_her2,4d5_her2:0001897:6a6762d0d115,6a6762d0d1158fb11d1673925e26109677616ed48eb0d57a16d8c8721c984df0,0.8539361954,if6_consensus_when_public_priors_concordant_with_d4
4d5_her2,4d5_her2:0001898:4bcdaf5cf861,4bcdaf5cf861c702cc1bcb8b5d5b86a23a8b4b0181a69f514f206e5380ad7b09,0.8677248955,if6_consensus_when_public_priors_concordant_with_d4
4d5_her2,4d5_her2:0001899:7535b83511fe,7535b83511feae6b1c86e08ccdac7d6cd4398a885082da6486a74fbd9322e9be,0.492865175,if6_consensus_when_public_priors_concordant_with_d4
4d5_her2,4d5_her2:0001900:1013ed54daa3,1013ed54daa37210f662c310a67b623e63222c32b084068757fc2d123b88c12b,0.4939874709,if6_consensus_when_public_priors_concordant_with_d4
4d5_her2,4d5_her2:0001901:ba752e3ce149,ba752e3ce149a5f7150bf50addb633f9442ce44e49d11b5e9c774f7d6479a391,0.5209235549,if6_consensus_when_public_priors_concordant_with_d4
4d5_her2,4d5_her2:0001902:30b2de35360b,30b2de35360bfa50388cebc278207d175027a760f16c2dfa2655b461a2a7defe,0.732082665,if6_consensus_when_public_priors_concordant_with_d4
4d5_her2,4d5_her2:0001903:45b8c3bd933b,45b8c3bd933be7dfc7fe7ad5c5f04230dd38aff364ee0e5c80bfc0520fb26803,0.262465924,if6_consensus_when_public_priors_concordant_with_d4
4d5_her2,4d5_her2:0001904:ba2bb36a0b1a,ba2bb36a0b1a66898601f9c3d3c086dfef5a14262cfe16f7f45c0c658282a59f,0.5088984966,if6_consensus_when_public_priors_concordant_with_d4
4d5_her2,4d5_her2:0001905:af1f99d4b72b,af1f99d4b72b3771912b4f971dfb457701bc0ffda63765bc81f5211c998e4f2c,0.3575437069,if6_consensus_when_public_priors_concordant_with_d4
4d5_her2,4d5_her2:0001906:e5bbbeefa9e6,e5bbbeefa9e6569cb052afa07872089d980c25b78982517928025a0208b53386,0.5199615359,if6_consensus_when_public_priors_concordant_with_d4
4d5_her2,4d5_her2:0001907:3a7d91b175e2,3a7d91b175e27fd6a28158dc79e4ea104f47a51ae981e27e36309bc6cc4f119f,0.933942616,if6_consensus_when_public_priors_concordant_with_d4
4d5_her2,4d5_her2:0001908:195433710518,1954337105181462a16386ea25ab44226b260c31043d606c04bc53571ea8052e,0.5020041466,if6_consensus_when_public_priors_concordant_with_d4
4d5_her2,4d5_her2:0001909:258e83a739e2,258e83a739e2477aaedb6f7e156ed8325a31252ead47b969f47a5fbc38a092b1,0.9462882876,if6_consensus_when_public_priors_concordant_with_d4
4d5_her2,4d5_her2:0001910:530302275979,5303022759797b3d0c5801e46d5deda40bd96fec40c8095ce42be8f11569b025,0.7463523746,if6_consensus_when_public_priors_concordant_with_d4
4d5_her2,4d5_her2:0001911:0fa057d44cb8,0fa057d44cb8826775dee977334552b7493eaf6ddd42243285a531ed50a13adf,0.3706910312,if6_consensus_when_public_priors_concordant_with_d4
4d5_her2,4d5_her2:0001912:33b1378d0ae0,33b1378d0ae0ac35aa9f2a719760457e53d0529fc5c05e904219dc138faa9026,0.4242424071,if6_consensus_when_public_priors_concordant_with_d4
4d5_her2,4d5_her2:0001913:aa63cd4881ed,aa63cd4881edd684d85085e702047af28e9ab2dc3370768bb0f5958d99e070dd,0.6835017204,if6_consensus_when_public_priors_concordant_with_d4
4d5_her2,4d5_her2:0001914:3cef29fdaff8,3cef29fdaff88fafd9234f79ef2381075d1913d5a6c022a25d95f656ddf90c1e,0.5435305238,if6_consensus_when_public_priors_concordant_with_d4
4d5_her2,4d5_her2:0001915:2a1e31c60a3c,2a1e31c60a3ce2a8a90a22d5296a2c6cd7853a02c0bcf584723e63958b3370c6,0.7267916799,if6_consensus_when_public_priors_concordant_with_d4
4d5_her2,4d5_her2:0001916:25706acc116d,25706acc116d25412745b1787d94d49607ea5ae7b2934c1ca809727e18956169,0.3091229796,if6_consensus_when_public_priors_concordant_with_d4
4d5_her2,4d5_her2:0001917:4aab741fd3a9,4aab741fd3a9c771de4d8a92b737d0e38a04a58d1252e3e0e0e842edb70dc605,0.425525099,if6_consensus_when_public_priors_concordant_with_d4
4d5_her2,4d5_her2:0001918:f485a4e6982f,f485a4e6982f9e73bd45a3acfd57b03222c145fc79628d89b34e2ade604d8b5c,0.4473304749,if6_consensus_when_public_priors_concordant_with_d4
4d5_her2,4d5_her2:0001919:f276375e896c,f276375e896c25ca35d2c2f6e90e2534f7ea53d2f073fb991d585f723cef4186,0.3283630013,if6_consensus_when_public_priors_concordant_with_d4
4d5_her2,4d5_her2:0001920:76481b04025d,76481b04025d965385e1f93c1771e34f9fdea4cd6c82227b481beafe08a9f162,0.3283630013,if6_consensus_when_public_priors_concordant_with_d4
4d5_her2,4d5_her2:0001921:62ceadf33c0a,62ceadf33c0a1dfea306f6eb5a7882e74488161e1d567145cfef366f0d772fa3,0.3779060543,if6_consensus_when_public_priors_concordant_with_d4
4d5_her2,4d5_her2:0001922:4a32596b41bb,4a32596b41bbfcb07093ca02c4f09b2595ca40901901665c35ae4475ca55defa,0.3690876961,if6_consensus_when_public_priors_concordant_with_d4
4d5_her2,4d5_her2:0001923:c85b4fb80e36,c85b4fb80e36968b90ba43517832ccb5bf55ef0406c979e4b1b5bb6de4954180,0.3910533488,if6_consensus_when_public_priors_concordant_with_d4
4d5_her2,4d5_her2:0001924:cabf5bbf5171,cabf5bbf51711997915cb76c89f927eae8cf704f14e8c5a69c12440980ce4643,0.5015231967,if6_consensus_when_public_priors_concordant_with_d4
4d5_her2,4d5_her2:0001925:7a477dee3350,7a477dee33509b7fe533367b33b60eb9ccfa218f2a8c7ca36293c3ae547a01c8,0.8690075278,if6_consensus_when_public_priors_concordant_with_d4
4d5_her2,4d5_her2:0001926:efc70dea853d,efc70dea853ddbb9d6848181e2751c42b42e251c14295720a894f1a8db255936,0.6777296066,if6_consensus_when_public_priors_concordant_with_d4
4d5_her2,4d5_her2:0001927:b568a6b8335c,b568a6b8335c2f898c893d2a96337e3eaad4925a05cc8716ef0995d44d5a7791,0.5727112293,if6_consensus_when_public_priors_concordant_with_d4
4d5_her2,4d5_her2:0001928:1ecbeeffd2d5,1ecbeeffd2d5739cd13fce7e73edc7df5db19763a84dff3dfbc7a05736f80c6e,0.9680936337,if6_consensus_when_public_priors_concordant_with_d4
4d5_her2,4d5_her2:0001929:d0efd152420f,d0efd152420f0dfffb475059811fe6b481aaa55f7a5c06ad38836777137c43a3,0.5990059376,if6_consensus_when_public_priors_concordant_with_d4
4d5_her2,4d5_her2:0001930:ec720a592b10,ec720a592b10650776a47630b972f7f47172dc18959384a200973920bbc45176,0.5743145347,if6_consensus_when_public_priors_concordant_with_d4
4d5_her2,4d5_her2:0001931:a4aace274782,a4aace274782a8b45aa31564533acda1dd50a296e059823bbb8ad2ce3469264d,0.2922879457,if6_consensus_when_public_priors_concordant_with_d4
4d5_her2,4d5_her2:0001932:d374aa4aa8a8,d374aa4aa8a8b6edc0caa293cd99033552ae69450823768bf49f4d56e87d414f,0.3599486649,if6_consensus_when_public_priors_concordant_with_d4
4d5_her2,4d5_her2:0001933:5f1cab51ca51,5f1cab51ca5113759f67ebda474eb4349f2c471326b3f0018d0dc32988da05fe,0.1499118209,if6_consensus_when_public_priors_concordant_with_d4
4d5_her2,4d5_her2:0001934:0cb422782ca0,0cb422782ca0698d3a15225f84fa6c4a22d74bf3f05218ed07207618be397b26,0.2741702795,if6_consensus_when_public_priors_concordant_with_d4
4d5_her2,4d5_her2:0001935:bf9e4a41ccf8,bf9e4a41ccf8111afece91346844730a10ac052bf7b9623d2bff802c8bb3b5ac,0.4798781574,if6_consensus_when_public_priors_concordant_with_d4
4d5_her2,4d5_her2:0001936:132b0f0551f9,132b0f0551f9f5bd0f9ce903b1b904f3b5cdf514eab5db468730544c3b14c577,0.3187429607,if6_consensus_when_public_priors_concordant_with_d4
4d5_her2,4d5_her2:0001937:7011284f3b9e,7011284f3b9effefbb43cac2847c4d7296e4c984c99f2d7ea8e040fc252d6d99,0.4749077857,if6_consensus_when_public_priors_concordant_with_d4
4d5_her2,4d5_her2:0001938:e3c4c6f0228c,e3c4c6f0228cc6d45ae7a9262ef2cbe90a839b1d96fd80815a033881c5490355,0.4755491316,if6_consensus_when_public_priors_concordant_with_d4
4d5_her2,4d5_her2:0001939:c443d8dd1c5c,c443d8dd1c5cf6469b384bf425d705b4e2e21860f6985746906dc8dcdfe7cde6,0.2194965482,if6_consensus_when_public_priors_concordant_with_d4
4d5_her2,4d5_her2:0001940:def2830de3a0,def2830de3a011bdf77e7502621b79556d68fef7fc9e04273b19804101b52e2e,0.1159211174,if6_consensus_when_public_priors_concordant_with_d4
4d5_her2,4d5_her2:0001941:874f0ea2f634,874f0ea2f634af96df7787b0d38af225f56091b2d0b894ae4dcd4835dbae68eb,0.06990540028,if6_consensus_when_public_priors_concordant_with_d4
4d5_her2,4d5_her2:0001942:78936fa6b289,78936fa6b2898db9a53be2f1130b0086d3de7c5a3fe3898f333a15d523d8ad85,0.2390572429,if6_consensus_when_public_priors_concordant_with_d4
4d5_her2,4d5_her2:0001943:1af58b7cc44e,1af58b7cc44eaa5f9c687d684817480077da94a7da6c7cbbef592dc412013127,0.1369248033,if6_consensus_when_public_priors_concordant_with_d4
4d5_her2,4d5_her2:0001944:e1afa5728889,e1afa5728889a0f6338d8a31a7380d4d8cc4858a3843fb2b00f7a9f335ded4ef,0.1172037795,if6_consensus_when_public_priors_concordant_with_d4
4d5_her2,4d5_her2:0001945:e0146577695b,e0146577695b757a2828282765477c0cd50cd78dc632723728c6f07eaa6229ac,0.2886002958,if6_consensus_when_public_priors_concordant_with_d4
4d5_her2,4d5_her2:0001946:35bc65e56cef,35bc65e56cefb678486de6ac0020ef80ef026a6b85531132c5b6771ba1c3591a,0.3105659783,if6_consensus_when_public_priors_concordant_with_d4
4d5_her2,4d5_her2:0001947:e0abd0848f6e,e0abd0848f6ee6b65aa42cc0740ec2e313f2233a3fe2e9442bb9da299070f733,0.129068464,if6_consensus_when_public_priors_concordant_with_d4
4d5_her2,4d5_her2:0001948:e30aeffc7c6b,e30aeffc7c6ba05678bab04a8827dd9f560f5523d6f6d67c108ce54e04d680f2,0.4447651207,if6_consensus_when_public_priors_concordant_with_d4
4d5_her2,4d5_her2:0001949:a7f39dd29eed,a7f39dd29eed9954cca1e3e10c98594a8a641fe0c34d74ef10248ab4b0097c61,0.1317941397,if6_consensus_when_public_priors_concordant_with_d4
4d5_her2,4d5_her2:0001950:91f2d7a5a6ef,91f2d7a5a6ef7956aee9dbd196049aa83a26d7d80655a41d2dc6caa9309e3d31,0.4054833949,if6_consensus_when_public_priors_concordant_with_d4
4d5_her2,4d5_her2:0001951:54a95db1ba6f,54a95db1ba6f7b3fff4dacb9c39922a1d33730d543aee4b3797f58c7f806da5d,0.1606541723,if6_consensus_when_public_priors_concordant_with_d4
4d5_her2,4d5_her2:0001952:679d3d88a5f3,679d3d88a5f373a2bc6de59900011b1c92703ba8d18d912aeb1db2ac9e53688f,0.2643899322,if6_consensus_when_public_priors_concordant_with_d4
4d5_her2,4d5_her2:0001953:c273091e2be2,c273091e2be23255b51b6a7b59d55155fb2387866a1dbc3fa2743a6b66fb1291,0.1930415481,if6_consensus_when_public_priors_concordant_with_d4
4d5_her2,4d5_her2:0001954:086405d45d8f,086405d45d8f15218ecba469fe01a0e4a4c146ac66415241c06d81d9e3de3516,0.5510662198,if6_consensus_when_public_priors_concordant_with_d4
4d5_her2,4d5_her2:0001955:3ba41c29a6f7,3ba41c29a6f7d2f17c35a11fa19f5454f8c8c90066918f3c0f9e8b44958b3f45,0.3012666404,if6_consensus_when_public_priors_concordant_with_d4
4d5_her2,4d5_her2:0001956:eb9fac353fc9,eb9fac353fc974557096500961a0d5c84fc50c41cd191f81576a1d7bbce84e22,0.4810004532,if6_consensus_when_public_priors_concordant_with_d4
4d5_her2,4d5_her2:0001957:afaee282b36c,afaee282b36cf69ce40f8010959e4ed9fa474a532c42e8e80c13f4984452ae1d,0.7843514085,if6_consensus_when_public_priors_concordant_with_d4
4d5_her2,4d5_her2:0001958:61d8041127f6,61d8041127f6c710c319d978e1960c2ab06f650e0664bece77d4ee05a5fe0367,0.749078095,if6_consensus_when_public_priors_concordant_with_d4
4d5_her2,4d5_her2:0001959:e176ed85b73a,e176ed85b73a7272da82af35dd4f49289f024719bf99a7cf40e87548e70b763c,0.2975789607,if6_consensus_when_public_priors_concordant_with_d4
4d5_her2,4d5_her2:0001960:c93c01a3a94d,c93c01a3a94d6d6644c0b73f05295edee073f4b17f90cd831c55387553bfd1b3,0.6313932538,if6_consensus_when_public_priors_concordant_with_d4
4d5_her2,4d5_her2:0001961:c79cd6c97b95,c79cd6c97b959b2cfd16c4014cd56ff0d7ff8a7f3a70f5a52a6f39098a90c2fb,0.2818662822,if6_consensus_when_public_priors_concordant_with_d4
4d5_her2,4d5_her2:0001962:0496d768a3de,0496d768a3dee5bc02d042bb5c33f20c638138f51bad43b62094c7688f4132c7,0.5297418833,if6_consensus_when_public_priors_concordant_with_d4
4d5_her2,4d5_her2:0001963:6edd63fa9180,6edd63fa91800132e944c1d511a9d400162e57f5feb416b11997e9f797efd1e7,0.2044252008,if6_consensus_when_public_priors_concordant_with_d4
4d5_her2,4d5_her2:0001964:7740a4cf2afe,7740a4cf2afea9c0ad20f9a51eb683e381403eb600b2fdb5a56d37dfd1fba26b,0.3836780488,if6_consensus_when_public_priors_concordant_with_d4
4d5_her2,4d5_her2:0001965:dd01c73cfb31,dd01c73cfb31bcdae1284f3b87244e0909ac92fac8cd3eb6048d6385d0c80ba3,0.4590348005,if6_consensus_when_public_priors_concordant_with_d4
4d5_her2,4d5_her2:0001966:f5213749917f,f5213749917ffe0c61a669c0e8cac648068ee440211429ccc1b1c877210081aa,0.5364758968,if6_consensus_when_public_priors_concordant_with_d4
4d5_her2,4d5_her2:0001967:d0733138bbb8,d0733138bbb8955f5f070be651ab15baf3d866af479de232c3484590a76d6495,0.3043129742,if6_consensus_when_public_priors_concordant_with_d4
4d5_her2,4d5_her2:0001968:389757472180,389757472180ec73c5411c90847f0bde335320a7439bdef6f97f7e3747ff2832,0.122174114,if6_consensus_when_public_priors_concordant_with_d4
4d5_her2,4d5_her2:0001969:bec54d70ac36,bec54d70ac361505ffc0b775e5bcb1864bd8adec738bc3ba2b38a135bb214ceb,0.1928812116,if6_consensus_when_public_priors_concordant_with_d4
4d5_her2,4d5_her2:0001970:0f08ae5c205e,0f08ae5c205e142ef80922eb9ac349aca8e97998367698c3b247183655914d5d,0.2002565265,if6_consensus_when_public_priors_concordant_with_d4
4d5_her2,4d5_her2:0001971:c9a01268a0f4,c9a01268a0f40c35d67b048390c00a659a0a4eaeeca041187bf8c8cc0c67db1f,0.3363796771,if6_consensus_when_public_priors_concordant_with_d4
4d5_her2,4d5_her2:0001972:cbc2295591fb,cbc2295591fbb5ed9dcad3bd33063204c771ad9e73ccd8520807727282b44f0c,0.3124899864,if6_consensus_when_public_priors_concordant_with_d4
4d5_her2,4d5_her2:0001973:7a8d1a63f148,7a8d1a63f14832895bd910585f3d2d1dfc5e5407fe8359813977e27f4954e02f,0.33670035,if6_consensus_when_public_priors_concordant_with_d4
4d5_her2,4d5_her2:0001974:e6afba8429c9,e6afba8429c93587a46b7989c65ad9293346b49e975252cd29eac14f6a2a4da2,0.2419432402,if6_consensus_when_public_priors_concordant_with_d4
4d5_her2,4d5_her2:0001975:b84d30393d78,b84d30393d78ecbdd3385b4e5db0b90de2330fb95354b772e7318b47524e3da9,0.3238736689,if6_consensus_when_public_priors_concordant_with_d4
4d5_her2,4d5_her2:0001976:2ad788a2cb9d,2ad788a2cb9d536e1655f5e30533a04f1f67bbaa40bba2203e06efd2eb6bdb0d,0.3459997177,if6_consensus_when_public_priors_concordant_with_d4
4d5_her2,4d5_her2:0001977:18ce32d6a9c1,18ce32d6a9c11e888853fec1512a5fb1980b117bc64bb3bfbbcc675bb7ff0186,0.2560525835,if6_consensus_when_public_priors_concordant_with_d4
4d5_her2,4d5_her2:0001978:9b5f93a78499,9b5f93a78499a19065b948124affb0a5b2c5752a5979d1425b82fe65911eb9f9,0.09251242876,if6_consensus_when_public_priors_concordant_with_d4
4d5_her2,4d5_her2:0001979:726f88ef7f9a,726f88ef7f9ac8395bce3732056d5b67bf798b08698d1999c94dab1d108bf662,0.5377585292,if6_consensus_when_public_priors_concordant_with_d4
4d5_her2,4d5_her2:0001980:d8677a9fde48,d8677a9fde48569ba90483140d2e0d7f58355b4b923af70e6f263388b4b97590,0.5198813081,if6_consensus_when_public_priors_concordant_with_d4
4d5_her2,4d5_her2:0001981:5ced4608aa0b,5ced4608aa0be7676756a5cba79c83af2fe8da30bb9537d1ae41f8de85039764,0.3976270854,if6_consensus_when_public_priors_concordant_with_d4
4d5_her2,4d5_her2:0001982:664f09e9a22e,664f09e9a22ee9ddf90d92166d136c4c6ee78249047c6bb8a709dd917440d9dd,0.911816597,if6_consensus_when_public_priors_concordant_with_d4
4d5_her2,4d5_her2:0001983:da815a088e54,da815a088e5467fea6e626b19d0ef5e25a47d3c21abec08247318e1f14407980,0.563572228,if6_consensus_when_public_priors_concordant_with_d4
4d5_her2,4d5_her2:0001984:a6a97feeb30a,a6a97feeb30a49fc20839860a78abbc1d0688e3cdc1a9aa34de975b599709412,0.5056918263,if6_consensus_when_public_priors_concordant_with_d4
4d5_her2,4d5_her2:0001985:7b3b3990e7c8,7b3b3990e7c8d681ed6fce8a4f82d9286c10daefc4a6863284aaf004e526eee9,0.9283308983,if6_consensus_when_public_priors_concordant_with_d4
4d5_her2,4d5_her2:0001986:9632264439a5,9632264439a5db39f30c66aab2c61be72a20b5d64863f148a0037be4c652310c,0.05355138704,if6_consensus_when_public_priors_concordant_with_d4
4d5_her2,4d5_her2:0001987:b1f51fac3d5c,b1f51fac3d5cb5d8760c189682ac7ab9a648bdd12c1bbca153533025d13572af,0.1212121174,if6_consensus_when_public_priors_concordant_with_d4
4d5_her2,4d5_her2:0001988:f3778f45fede,f3778f45fedec7f3e26e3c9c09e4929812f2439f65a7ef25d503c58e0a94366c,0.8313291669,if6_consensus_when_public_priors_concordant_with_d4
4d5_her2,4d5_her2:0001989:63c31be77ba8,63c31be77ba8a969f54baa7f2a7e3f7dbb7ff8afabf7c10dc9813a05f24eda3c,0.8762225509,if6_consensus_when_public_priors_concordant_with_d4
4d5_her2,4d5_her2:0001990:584c2c85ba78,584c2c85ba78c200cc81e0580cdeef7fcdeba7838f49dc05b354a4300f629298,0.9305756092,if6_consensus_when_public_priors_concordant_with_d4
4d5_her2,4d5_her2:0001991:8889df79c4c4,8889df79c4c4a90bdb05533499c293b8df6a10d46a4259758738e53e4ad56ced,0.8977072239,if6_consensus_when_public_priors_concordant_with_d4
4d5_her2,4d5_her2:0001992:990086665194,99008666519453a5eff1807c4186d9972650f5ab9275e2108a565ac694cbb459,0.6044571996,if6_consensus_when_public_priors_concordant_with_d4
4d5_her2,4d5_her2:0001993:a211fa1d6be8,a211fa1d6be89c0ecc3b5387b3122d36915efd2b752512613ddd98e11d7a4c58,0.5494628549,if6_consensus_when_public_priors_concordant_with_d4
4d5_her2,4d5_her2:0001994:e28356659c5f,e28356659c5f357ea21abf40a85f577fa88f94cc03cf37706f9a97a2db2e7ff6,0.4373897612,if6_consensus_when_public_priors_concordant_with_d4
4d5_her2,4d5_her2:0001995:69d9110c654b,69d9110c654b420cc106daf5effac3cfb3dc85f818e7704719988a1b2300d67d,0.5762385726,if6_consensus_when_public_priors_concordant_with_d4
4d5_her2,4d5_her2:0001996:f885b0862ebd,f885b0862ebdde61dcd434b3ab910a7e9e3ece5e0dc904bb001a3b8594838515,0.3687670231,if6_consensus_when_public_priors_concordant_with_d4
4d5_her2,4d5_her2:0001997:09cc708d10ef,09cc708d10ef0ff313716551982921b080fdc7f1f1a99d1fba3e85a3d6b7093b,0.3065576553,if6_consensus_when_public_priors_concordant_with_d4
4d5_her2,4d5_her2:0001998:45d3e3954629,45d3e39546295d7b25dbc33b9081260c69a81a04aa75766d3169d3804bd52f04,0.1932018548,if6_consensus_when_public_priors_concordant_with_d4
4d5_her2,4d5_her2:0001999:a5a73bd476ad,a5a73bd476ad8a8a9d022422c2e4e0ff30970bd7d8da3370a303a66e83bc0545,0.3344556391,if6_consensus_when_public_priors_concordant_with_d4
4d5_her2,4d5_her2:0002000:0b4fb70608a2,0b4fb70608a2d682538ffccac1aa211b0c1e9c85afa372a6001efd2d216d7fdd,0.1936828643,if6_consensus_when_public_priors_concordant_with_d4
4d5_her2,4d5_her2:0002001:74cd0213a30d,74cd0213a30d84f865ffe7ab2f9504c8df248247a0192292e29ccae0e73846f7,0.4279301167,if6_consensus_when_public_priors_concordant_with_d4
4d5_her2,4d5_her2:0002002:71bee7bf4863,71bee7bf48633123996b76301d5781a21be4089a87ef7075fd0a05160659cff3,0.2717652619,if6_consensus_when_public_priors_concordant_with_d4
4d5_her2,4d5_her2:0002003:ffb03c4d7ef0,ffb03c4d7ef0b9fa28236eaaae0b9d4f6f8def9e20b27ce2d8ad019a92fbf41a,0.7077119946,if6_consensus_when_public_priors_concordant_with_d4
4d5_her2,4d5_her2:0002004:0f6f491b0d61,0f6f491b0d61711aed3d37fa9a134b3f0ba0da1c86e98538d4e5c92a108b8ab9,0.4983164966,if6_consensus_when_public_priors_concordant_with_d4
4d5_her2,4d5_her2:0002005:9d5ceffe6b39,9d5ceffe6b392fea04859b5338b74db9b9603b1e05802dfcd36334c69ddd980a,0.6297899485,if6_consensus_when_public_priors_concordant_with_d4
4d5_her2,4d5_her2:0002006:e620337b653f,e620337b653f8ae17be95a1a55d4d8c5af9548297ef0dcbfca562a5895862cf5,0.4304954112,if6_consensus_when_public_priors_concordant_with_d4
4d5_her2,4d5_her2:0002007:da7756fd109e,da7756fd109ee025110d755a047f02880366fe582ad7132b4815289ae7f99520,0.485650152,if6_consensus_when_public_priors_concordant_with_d4
4d5_her2,4d5_her2:0002008:98b2b90c6e50,98b2b90c6e509fdbd7cc346bcacc56a32ae83b8c6addd737e375371de16f2fa9,0.9977553487,if6_consensus_when_public_priors_concordant_with_d4
4d5_her2,4d5_her2:0002009:e1032b5d8d54,e1032b5d8d541f2c7769b9dc6b2a969bad54b0cb9eefefc7c4a1b9ded80183ee,0.9929453731,if6_consensus_when_public_priors_concordant_with_d4
4d5_her2,4d5_her2:0002010:806fcf6d6fcc,806fcf6d6fcc399e46705033a832fa1b51d09452a7fee3ced72eec1d5aecbb91,0.5002405047,if6_consensus_when_public_priors_concordant_with_d4
4d5_her2,4d5_her2:0002011:ebe9becdd575,ebe9becdd575ac0900accbbe783deebfc6cc0e24462127e249af5f772cf1aaa4,0.2958153188,if6_consensus_when_public_priors_concordant_with_d4
4d5_her2,4d5_her2:0002012:983c080a7644,983c080a76448feefc73025d57ee76c3556826e8e28520b0e49aed0f142a1e48,0.5286195874,if6_consensus_when_public_priors_concordant_with_d4
4d5_her2,4d5_her2:0002013:65c0c077a9b7,65c0c077a9b79b5f172084e62eab011468054ad4176282c05af7fb7dd7ffbc5a,0.517075479,if6_consensus_when_public_priors_concordant_with_d4
4d5_her2,4d5_her2:0002014:036ff124f3a6,036ff124f3a6a20acbb8fd228d5f25d8c186d3936767f4468a49a646f07ce6a9,0.4227994382,if6_consensus_when_public_priors_concordant_with_d4
4d5_her2,4d5_her2:0002015:520890bfd7d2,520890bfd7d2dd73b570f47d78085290d8f31a4e3d178686279aaf02a35ed409,0.3687670231,if6_consensus_when_public_priors_concordant_with_d4
4d5_her2,4d5_her2:0002016:8fb319fe032c,8fb319fe032ce9c0470102770544211737ee961523323d0be00ad2680f79c3a1,0.7841911316,if6_consensus_when_public_priors_concordant_with_d4
4d5_her2,4d5_her2:0002017:cc019818a3f0,cc019818a3f0db80129124f5fd61710caa7828cf9a228a11b152599bee852538,0.1491101533,if6_consensus_when_public_priors_concordant_with_d4
4d5_her2,4d5_her2:0002018:6bc26403abc8,6bc26403abc85302ed21b54d8575ac47f0ef4b0af8031d5f594daeee11e86e82,0.396184057,if6_consensus_when_public_priors_concordant_with_d4
4d5_her2,4d5_her2:0002019:c47cd5808eba,c47cd5808eba11d73927d58cfcc3f0ce5432e09fda34ffeaac802d3c4b8079e7,0.7198973298,if6_consensus_when_public_priors_concordant_with_d4
4d5_her2,4d5_her2:0002020:afd6b9d14a95,afd6b9d14a958298a8be518396ddf7d5638211c1c471aa4e1f799f9d5a769752,0.718454361,if6_consensus_when_public_priors_concordant_with_d4
4d5_her2,4d5_her2:0002021:ef4225a405e7,ef4225a405e7948c4d237afcde100e3efe7e2cdfe6bfe503a4506aefd980f0e5,0.4311367571,if6_consensus_when_public_priors_concordant_with_d4
4d5_her2,4d5_her2:0002022:114194f82b11,114194f82b1169986ac82c0f14f0e569d7e031fd89dcf1d246c688364a00f47a,0.6139169335,if6_consensus_when_public_priors_concordant_with_d4
4d5_her2,4d5_her2:0002023:9eea97d1d668,9eea97d1d6686211b9870403f749a627a702f5c4e0cbe3c76278a855bdd135a2,0.3544973433,if6_consensus_when_public_priors_concordant_with_d4
4d5_her2,4d5_her2:0002024:902cf262448c,902cf262448c2ea5f7d8cc4e0b5f9f9d4af943a101d302c74177f9f296c54a6f,0.5725509524,if6_consensus_when_public_priors_concordant_with_d4
4d5_her2,4d5_her2:0002025:53646b796179,53646b79617998e7260930295ed2de4eb1690cd828b5aacab67ce919f248218d,0.3039923012,if6_consensus_when_public_priors_concordant_with_d4
4d5_her2,4d5_her2:0002026:83f01fd8c386,83f01fd8c3865839423db33ffc9daabae1d55cf84858406e3b74b31b5a07669c,0.3907327354,if6_consensus_when_public_priors_concordant_with_d4
4d5_her2,4d5_her2:0002027:0e8e131117aa,0e8e131117aac5abc62f1beeb716f07a4623e6f7e0fc18f3c67084bf738094b5,0.4781144857,if6_consensus_when_public_priors_concordant_with_d4
4d5_her2,4d5_her2:0002028:ea133487950f,ea133487950f2d2234a3c6c9a118c6436d484682d9af7c160628fab50f494354,0.09539843351,if6_consensus_when_public_priors_concordant_with_d4
4d5_her2,4d5_her2:0002029:cbc1f3b04ede,cbc1f3b04edeb2116bd91f185e0cd2348906a7f2db6335c4d99f7543887c90b9,0.1981721967,if6_consensus_when_public_priors_concordant_with_d4
4d5_her2,4d5_her2:0002030:c5d71067d859,c5d71067d859e508be3182a9361591268b2b8080d5505626d448eb82a4be5020,0.2589385808,if6_consensus_when_public_priors_concordant_with_d4
4d5_her2,4d5_her2:0002031:1f1bf6845577,1f1bf6845577458c2e6b93705a02c155f43877fb80926760f1de1dc6e31570d4,0.1080647707,if6_consensus_when_public_priors_concordant_with_d4
4d5_her2,4d5_her2:0002032:bda56633b4b9,bda56633b4b96176cf5046932d5da21715875c8ab788e230ae7fa077b1d33924,0.3128106296,if6_consensus_when_public_priors_concordant_with_d4
4d5_her2,4d5_her2:0002033:2d16c1e78c59,2d16c1e78c59b247e2181f2500940f9cd9b2cd9b22366c6d57399bb96645eb20,0.3899310529,if6_consensus_when_public_priors_concordant_with_d4
4d5_her2,4d5_her2:0002034:961f2a8e0226,961f2a8e0226fbdd1f7bcce42b9ddfec7f0dbe55819de4dd7eea705bffee9e35,0.4085297585,if6_consensus_when_public_priors_concordant_with_d4
4d5_her2,4d5_her2:0002035:19714315f03d,19714315f03dfbbc9f52398df25dc54fa25fdfbaa20d403bfaec557257f77b57,0.6185666323,if6_consensus_when_public_priors_concordant_with_d4
4d5_her2,4d5_her2:0002036:48b212afb594,48b212afb59468e5fb42a5e112d105a6b2738564001b6155bea6a75a44fc1edf,0.3522527218,if6_consensus_when_public_priors_concordant_with_d4
4d5_her2,4d5_her2:0002037:8b1065664295,8b1065664295947f269c900d64db501ce8ed3ae21e959d20e45e5771bf34f032,0.1628988385,if6_consensus_when_public_priors_concordant_with_d4
4d5_her2,4d5_her2:0002038:6c7550abf2a1,6c7550abf2a1207d811c22ecadacad86c96990beedb20a7ddf308278fc67cd7d,0.8970658779,if6_consensus_when_public_priors_concordant_with_d4
4d5_her2,4d5_her2:0002039:836711416948,836711416948b1bc60337433824bbd46e6ae63a21347c3e73fde7675c8a20413,0.8728554845,if6_consensus_when_public_priors_concordant_with_d4
4d5_her2,4d5_her2:0002040:8627bff93bd7,8627bff93bd7582da0b35ce0d1738e9ea24f3d4aa737f89c45b7dd8c945a7dd3,0.4260060787,if6_consensus_when_public_priors_concordant_with_d4
4d5_her2,4d5_her2:0002041:861f10c13641,861f10c13641c8ac01949057734bd60eb980e225acfcd351e6770f57a0e3f90c,0.3771043718,if6_consensus_when_public_priors_concordant_with_d4
4d5_her2,4d5_her2:0002042:b11efc6d84fa,b11efc6d84fa7f631621da8b4cb7433df801ca1d1ce9a2b9abd44742e128f5be,0.4984768331,if6_consensus_when_public_priors_concordant_with_d4
4d5_her2,4d5_her2:0002043:ea66f47ce9bf,ea66f47ce9bf0c351773c9c2acb4d239547f4a6c4e1a5ab916a1e0d5f1e167f5,0.9225589633,if6_consensus_when_public_priors_concordant_with_d4
4d5_her2,4d5_her2:0002044:f57f130d6f57,f57f130d6f57d20a1d244930ebd1f8b0b3f558b058b2cd3406d4bec81215c421,0.4874137938,if6_consensus_when_public_priors_concordant_with_d4
4d5_her2,4d5_her2:0002045:d932656490c9,d932656490c94edaa2f06969426543a8193b262965c1cc0d406f433d09752de6,0.6725990176,if6_consensus_when_public_priors_concordant_with_d4
4d5_her2,4d5_her2:0002046:ca798aa839f8,ca798aa839f85e7ec22daf1666c9d190e181e72e8c5b558ae911a11ec7a96aa6,0.4830848277,if6_consensus_when_public_priors_concordant_with_d4
4d5_her2,4d5_her2:0002047:b5190bea5161,b5190bea516128b632acbc60934fda54c9ec0949a33b4e5d2619dafa376a040e,0.2685585916,if6_consensus_when_public_priors_concordant_with_d4
4d5_her2,4d5_her2:0002048:bca0d92ff4c3,bca0d92ff4c39ab39e7f43b5d2f5afd4deea38fef1a78ed8bd1c638064f0c081,0.2497995645,if6_consensus_when_public_priors_concordant_with_d4
4d5_her2,4d5_her2:0002049:b91c5cd2e5e2,b91c5cd2e5e27c8d46939fe7baab805ea737ce3fde23fb7435d721e79c93dcb6,0.3687670231,if6_consensus_when_public_priors_concordant_with_d4
4d5_her2,4d5_her2:0002050:ef21760ee4f8,ef21760ee4f8ec414c65f61dada2e2c3e24c2653b4aa97d9d0982b62e7c82ce7,0.5688632131,if6_consensus_when_public_priors_concordant_with_d4
4d5_her2,4d5_her2:0002051:7be6f2889d5b,7be6f2889d5b83670aa42803fac07a981cc0414820ab0b2c9fccf3e4c98cbbcf,0.1891935319,if6_consensus_when_public_priors_concordant_with_d4
4d5_her2,4d5_her2:0002052:883ceb211b6d,883ceb211b6d022d4ff12d4fd98748518c699c5da5d2e40dceee5e0c82d8fd93,0.8807118535,if6_consensus_when_public_priors_concordant_with_d4
4d5_her2,4d5_her2:0002053:7f0c038ffffe,7f0c038ffffee5604b91fd1425c1bef3390a825b9a284dcade57d84ae524fade,0.6924803257,if6_consensus_when_public_priors_concordant_with_d4
4d5_her2,4d5_her2:0002054:134cf7988c0f,134cf7988c0f9128ee08c1575dd4858a05afb573a4de65e2165598464ed9eb21,0.6769280434,if6_consensus_when_public_priors_concordant_with_d4
4d5_her2,4d5_her2:0002055:c9a179eb33c4,c9a179eb33c44458c581a11e2834bd47eb595e5cff8b7828d88d6b53a536971f,0.8988295197,if6_consensus_when_public_priors_concordant_with_d4
4d5_her2,4d5_her2:0002056:f830c9181fad,f830c9181fad6533a9382f402e8a78a269e17bedd67cfd5e3ef1ec2208490da0,0.593233943,if6_consensus_when_public_priors_concordant_with_d4
4d5_her2,4d5_her2:0002057:7222f14e4383,7222f14e4383688401fb0a4a99a4a293f574ed631dcb5c032f084946aad00dfb,0.7136443257,if6_consensus_when_public_priors_concordant_with_d4
4d5_her2,4d5_her2:0002058:44c58ca501c9,44c58ca501c9f663949884ceb15293af769b2bb778cba3b279bcccaf720dbeb1,0.3633157015,if6_consensus_when_public_priors_concordant_with_d4
4d5_her2,4d5_her2:0002059:19c09026770a,19c09026770a69096a7497c961d36afabf165863c1901827c56dc03eeb762375,0.6753246784,if6_consensus_when_public_priors_concordant_with_d4
4d5_her2,4d5_her2:0002060:84d678ab0ca0,84d678ab0ca099f377916d4b038db343dd4f16f799b5b9553d1c18900b2a75a3,0.3772647381,if6_consensus_when_public_priors_concordant_with_d4
4d5_her2,4d5_her2:0002061:3efaf0ce2272,3efaf0ce2272ad549665f26675269558020293e31b5b173f00ce5c9e87ea3ee4,0.5826519132,if6_consensus_when_public_priors_concordant_with_d4
4d5_her2,4d5_her2:0002062:fc0b1c06b963,fc0b1c06b9633f48bf7eb278f0bdc283ea113bc2e433adeade2e75f1a95a464e,0.4725027978,if6_consensus_when_public_priors_concordant_with_d4
4d5_her2,4d5_her2:0002063:98dd663cc96b,98dd663cc96bb507b78664947dc74334b9068c696ba8dd792bdee0d9d57ed59e,0.986692369,if6_consensus_when_public_priors_concordant_with_d4
4d5_her2,4d5_her2:0002064:7aa4438022dc,7aa4438022dcbd29990b8be083291127a1b82ac36307d162f8ae6870e7cb5590,0.570787251,if6_consensus_when_public_priors_concordant_with_d4
4d5_her2,4d5_her2:0002065:873f92188dba,873f92188dbaf60d83e07b003243528c530d2e416d3527174135441e8eae3e9c,0.6943241954,if6_consensus_when_public_priors_concordant_with_d4
4d5_her2,4d5_her2:0002066:b10f9ab009e7,b10f9ab009e7a56a3ee9a6fe0a5e4208ff20bab7e752823aba411818314dfbd6,0.6126342416,if6_consensus_when_public_priors_concordant_with_d4
4d5_her2,4d5_her2:0002067:11218fd88256,11218fd882567ed34c452ee06d51b64442f653e357aa609bca26598b63a033c4,0.7489177585,if6_consensus_when_public_priors_concordant_with_d4
4d5_her2,4d5_her2:0002068:20a5e6f15bb3,20a5e6f15bb3a7e5692b8503a5fcfe914af6d4682b9104c3faec45d97bcbfecb,0.1592111588,if6_consensus_when_public_priors_concordant_with_d4
4d5_her2,4d5_her2:0002069:6bddb59066a9,6bddb59066a9ec439cd7201186b92cbb8d2f9b2c14d8aa4ffbccd5e384073d29,0.98573035,if6_consensus_when_public_priors_concordant_with_d4
4d5_her2,4d5_her2:0002070:6ce602da0607,6ce602da0607cdecfa7a8f1c3ac8e12734dc30071f4abbf0b7a2666ea7a6d2d5,0.3865640461,if6_consensus_when_public_priors_concordant_with_d4
4d5_her2,4d5_her2:0002071:2b714c5e40e3,2b714c5e40e326ebd9f9a0803d5a27c5c7b6ac93badaf9487dad2e314d6a1a57,0.4046817124,if6_consensus_when_public_priors_concordant_with_d4
4d5_her2,4d5_her2:0002072:54c1a9bee76c,54c1a9bee76c4fe8afa37e9cecdbead220414dc70c030f04d5c10f357abec5cb,0.6121532917,if6_consensus_when_public_priors_concordant_with_d4
4d5_her2,4d5_her2:0002073:e5de839b5e30,e5de839b5e30113159d5cd76c595e2556b9f43caf480c96befa70fa7ec9aa0b1,0.2833092809,if6_consensus_when_public_priors_concordant_with_d4
4d5_her2,4d5_her2:0002074:97ac319f4af1,97ac319f4af1bea1ca6a4e5e97ff703c82f4192fca6879954d213da66db5cbad,0.5319063663,if6_consensus_when_public_priors_concordant_with_d4
4d5_her2,4d5_her2:0002075:456a287e5e02,456a287e5e02f13f1b4660ec0b9dc03017133efc7fe70522f37b6ea7a87585de,0.2603816092,if6_consensus_when_public_priors_concordant_with_d4
4d5_her2,4d5_her2:0002076:22ba1011d05b,22ba1011d05b2a4d574d1d5416c3d38d984e0258cd1fad7f036cfc4c6fbef57a,0.2396985739,if6_consensus_when_public_priors_concordant_with_d4
4d5_her2,4d5_her2:0002077:24dec56ac020,24dec56ac020881baedc82d9796950d73b024aa2a423f6525124c838ca783424,0.408048749,if6_consensus_when_public_priors_concordant_with_d4
4d5_her2,4d5_her2:0002078:ff72fd247e96,ff72fd247e96a3c07b271a6365b611d39e9dc6106bedafbc0e300683507b9121,0.4596761167,if6_consensus_when_public_priors_concordant_with_d4
4d5_her2,4d5_her2:0002079:1f0ae361a1b4,1f0ae361a1b4ce241feaca6dc8112d7f5c6fa1f8b09271b8dc900afbc9b921f7,0.4314574301,if6_consensus_when_public_priors_concordant_with_d4
