dataset,row_id,sequence_sha256,log-likelihood,d4_par1_if10_policy
aayl51,aayl51:0000000:2e6b05b9ad38,2e6b05b9ad38fbf8b6261f4f7cc4a14144771c2626173b044b583dc8c78287b8,0.9212780595,if6_consensus_when_public_priors_concordant_with_d4
aayl51,aayl51:0000001:acbec1f8241d,acbec1f8241dddb7240967dd72e74de3d6501463650993155d8e7ca7b82f08dc,0.9023693204,if6_consensus_when_public_priors_concordant_with_d4
aayl51,aayl51:0000002:2147b020d99f,2147b020d99f788671409d5f095e1294076816a38f841b304abec6c44ffdd071,0.2280620486,if6_consensus_when_public_priors_concordant_with_d4
aayl51,aayl51:0000003:4202a1ca817d,4202a1ca817d49e5b543346d8070609601f83875b91ddcf27eb8f4e7f8d2a201,0.7421471477,if6_consensus_when_public_priors_concordant_with_d4
aayl51,aayl51:0000004:a85e62764d76,a85e62764d76977485592795564c7da4676dc1e1e5810c0469a4576991b3319a,0.4795862734,if6_consensus_when_public_priors_concordant_with_d4
aayl51,aayl51:0000005:8a8c75f39be2,8a8c75f39be2e80b79630cbe5503752ef1f5a88152cd4886e8ce6a4c29b98a89,0.6228293777,if6_consensus_when_public_priors_concordant_with_d4
aayl51,aayl51:0000006:38618846e8fb,38618846e8fb6dcb16c9ba9eae851a9f1c1b9d6dff0c7f0789509d1ecb09568f,0.3676005304,if6_consensus_when_public_priors_concordant_with_d4
aayl51,aayl51:0000007:2aa6e22f760f,2aa6e22f760f6a8fb04c019cafecd75887e23cb669e8f0538323da043a54b1f7,0.5564559698,if6_consensus_when_public_priors_concordant_with_d4
aayl51,aayl51:0000008:1e34feba3c45,1e34feba3c45ad369fbf95bb132de5ae81ebcf220ecb409e9838cc3d24458f11,0.803735435,if6_consensus_when_public_priors_concordant_with_d4
aayl51,aayl51:0000009:490b8295668c,490b8295668ca5929fd102b9d8693d215a587cbac93c8139359f23034bfdbfcc,0.5263563991,if6_consensus_when_public_priors_concordant_with_d4
aayl51,aayl51:0000010:a59b3de1e163,a59b3de1e1635102f55d8b374cddcee768ccdf45c38943b6940ee4531a9fd8a1,0.7608242631,if6_consensus_when_public_priors_concordant_with_d4
aayl51,aayl51:0000011:c0f2de3191d5,c0f2de3191d5b2712bef6b59f802318220a72807605a4104fb334c94e6205713,0.5551438928,if6_consensus_when_public_priors_concordant_with_d4
aayl51,aayl51:0000012:eaa596e3f940,eaa596e3f94016142a3d8100fc9838adb10e466e2e039786d060c5f595af384c,0.507756412,if6_consensus_when_public_priors_concordant_with_d4
aayl51,aayl51:0000013:4499452a110d,4499452a110d6fa8fefb3693aaa50912db122870de9443d1a645a85b7f61ccc1,0.3528594673,if6_consensus_when_public_priors_concordant_with_d4
aayl51,aayl51:0000014:0e651892cdf2,0e651892cdf2e3059cf5e6e8bbe3430e1eadf1d9c9789b6907652c84fc3c3e2d,0.8363819122,if6_consensus_when_public_priors_concordant_with_d4
aayl51,aayl51:0000015:0f164d767453,0f164d76745382ac1e9073086894ecba0f467e6f870c473aa50005c8b40859c6,0.6343289018,if6_consensus_when_public_priors_concordant_with_d4
aayl51,aayl51:0000016:fd36fe6e784d,fd36fe6e784dedb8a665c294afef21114e824bab3afd89cd3aed6a4987f5b78a,0.649687469,if6_consensus_when_public_priors_concordant_with_d4
aayl51,aayl51:0000017:2a6ac4b98867,2a6ac4b98867a9251171d709c2dc3babb88780e98fb4eff8d2a04c320caabece,0.669290781,if6_consensus_when_public_priors_concordant_with_d4
aayl51,aayl51:0000018:fe7499e05670,fe7499e05670cc08e71cfa6e73d849cddf431d07d52389f900e1080d7015c682,0.8017287254,if6_consensus_when_public_priors_concordant_with_d4
aayl51,aayl51:0000019:2d5a680c3d62,2d5a680c3d6259bcfefdd842db739eb2dfed284527f0f181cf4e9c807a42535d,0.2122404724,if6_consensus_when_public_priors_concordant_with_d4
aayl51,aayl51:0000020:8fbe23a45960,8fbe23a45960876c3ab25ffb66ace6bc1cb6f8fceae5b3287d78cdc5671819e0,0.5921895504,if6_consensus_when_public_priors_concordant_with_d4
aayl51,aayl51:0000021:94c2f1545a02,94c2f1545a020a630d5fda00b5077d8c72f53ec728245a497f23672aa221a6b5,0.3266960084,if6_consensus_when_public_priors_concordant_with_d4
aayl51,aayl51:0000022:8d992ca797a9,8d992ca797a97f9a9e5e87c1a9cf6ceafb7277dd28ce3508a2c8f537fb111923,0.4357490242,if6_consensus_when_public_priors_concordant_with_d4
aayl51,aayl51:0000023:605578084a9f,605578084a9f9968af1a8bc46934f62d26e75d9f91322ebc54f34aa858cd6d0e,0.8074399829,if6_consensus_when_public_priors_concordant_with_d4
aayl51,aayl51:0000024:6c37782c9a2f,6c37782c9a2fcc6200b4ed72055d3a8b94d10c92ce254f656931a2faae3e83b3,0.7519487739,if6_consensus_when_public_priors_concordant_with_d4
aayl51,aayl51:0000025:acf0ec1744b6,acf0ec1744b698e8d03859aa24a793402883be75f1faa1904d411ad8ff10dee6,0.2687350512,if6_consensus_when_public_priors_concordant_with_d4
aayl51,aayl51:0000026:1cafb7dd69a1,1cafb7dd69a171486ed82dd596eb5e4c9f849c71f9e894a5b4928ecf17fc50df,0.4252527654,if6_consensus_when_public_priors_concordant_with_d4
aayl51,aayl51:0000027:d1ee7c99c6ff,d1ee7c99c6ff067521b60a6e0ef0be6ae6275f76424af9fc4180cb9fbed031b6,0.5648683906,if6_consensus_when_public_priors_concordant_with_d4
aayl51,aayl51:0000028:5faf0d712dff,5faf0d712dffc96bf9737c0a83de5d079b123901a663c76f118fa9f16acf5e36,0.6974608302,if6_consensus_when_public_priors_concordant_with_d4
aayl51,aayl51:0000029:7ae86aa7392a,7ae86aa7392a7ff79298e9c3b6e2a8283ec286929b7867c9edb37dbc93ac3a9a,0.6894342303,if6_consensus_when_public_priors_concordant_with_d4
aayl51,aayl51:0000030:edace829f488,edace829f488c326ac2f38755e61bde95019aca30998eb70b22c2f0ac36e1c94,0.665972054,if6_consensus_when_public_priors_concordant_with_d4
aayl51,aayl51:0000031:c4f26ac94595,c4f26ac94595aecbbcab2562b5c11b14fbce43a93ccecab769e3e3906c6e3e20,0.8213321567,if6_consensus_when_public_priors_concordant_with_d4
aayl51,aayl51:0000032:54fe3fa23327,54fe3fa23327015d0fb962d362f1056d62d7924249bb7114b00a9e3623017fd4,0.7520259023,if6_consensus_when_public_priors_concordant_with_d4
aayl51,aayl51:0000033:7b922799f12e,7b922799f12e7b2a2c6ca9b0dc6c4127e41342acf4376431cade747f482553bf,0.5832368731,if6_consensus_when_public_priors_concordant_with_d4
aayl51,aayl51:0000034:2b9d9b22736a,2b9d9b22736a0c858b15f795f4da7ed720278e834d57a1565ac3b41a9bcdc459,0.4869183004,if6_consensus_when_public_priors_concordant_with_d4
aayl51,aayl51:0000035:1e0ec55ca242,1e0ec55ca242885e7841cabe7c7af682788d4380019b4e2d39b2274869e800cc,0.5443389416,if6_consensus_when_public_priors_concordant_with_d4
aayl51,aayl51:0000036:bc22544d91ab,bc22544d91abdfdcb002f871edce631beff2e7278c3c6fa96eb11a8733a2a534,0.7165238857,if6_consensus_when_public_priors_concordant_with_d4
aayl51,aayl51:0000037:1fa6e258c65f,1fa6e258c65f1416d428a1239fa28b8b0b0342f20a20910e29e1c7c17ca70e09,0.7297213674,if6_consensus_when_public_priors_concordant_with_d4
aayl51,aayl51:0000038:a2900b923587,a2900b923587e1d8c159741b9bce4700d733abbaa0a877578fb4a62cc28a08e8,0.7108127475,if6_consensus_when_public_priors_concordant_with_d4
aayl51,aayl51:0000039:373dffa29e42,373dffa29e4286115ae1aa5432a4dc5bbbf0702b604772c8d7d38d901dbe8d60,0.5377787948,if6_consensus_when_public_priors_concordant_with_d4
aayl51,aayl51:0000040:264ec6c44bed,264ec6c44bed4ece68d87c46d8f53cff623d3e124582201d6aaa5954ea349cd8,0.6719148159,if6_consensus_when_public_priors_concordant_with_d4
aayl51,aayl51:0000041:2fa7b99694be,2fa7b99694be1dd9f6e1113b9a5cf07168bcb1356f9eba23de2851801ed64a96,0.588948071,if6_consensus_when_public_priors_concordant_with_d4
aayl51,aayl51:0000042:e1e93e2233ca,e1e93e2233ca476e3458c57dcae56b4cc4a89b944a39152cb35c4b3d3b9b40ba,0.4650767744,if6_consensus_when_public_priors_concordant_with_d4
aayl51,aayl51:0000043:713e1abdb98f,713e1abdb98f87032b57b7500f3e1737199235621de5b6b2c8b977212a8b7a99,0.5901829004,if6_consensus_when_public_priors_concordant_with_d4
aayl51,aayl51:0000044:170cf19c0b1e,170cf19c0b1e805af0b3867794c23583173cc0095f709bad172cfd70e7915e39,0.7360499501,if6_consensus_when_public_priors_concordant_with_d4
aayl51,aayl51:0000045:b8544a56552b,b8544a56552b1384f7d38631d02f842cff4031aa1027d5230f4536f28311cab3,0.6512309909,if6_consensus_when_public_priors_concordant_with_d4
aayl51,aayl51:0000046:80dc0f356615,80dc0f3566156e94085fef7a24fccdae5415eb3df44cc2641a77b57d770aa27c,0.4223971367,if6_consensus_when_public_priors_concordant_with_d4
aayl51,aayl51:0000047:bbf96b93dcaf,bbf96b93dcaf50958d034f87d4d6809a103de2c14be47ea457c709a38a8e1d5e,0.8444084525,if6_consensus_when_public_priors_concordant_with_d4
aayl51,aayl51:0000048:ba311db0f28d,ba311db0f28defbb681d0df940510fcd599964096c53136c551d1b66af2d6573,0.3172030747,if6_consensus_when_public_priors_concordant_with_d4
aayl51,aayl51:0000049:522ff4de80f9,522ff4de80f9a134f9d0e175a9e288b30e3de2cadc2dbc43c14107e3b55b787c,0.4820560217,if6_consensus_when_public_priors_concordant_with_d4
aayl51,aayl51:0000050:8e2be8e0fa1a,8e2be8e0fa1a3bca2d4283c617a29555223247ae8a2efbc86415f6a3258e03e7,0.9489079118,if6_consensus_when_public_priors_concordant_with_d4
aayl51,aayl51:0000051:189d28d40a46,189d28d40a4612d76af0c00ddcfd6034959639cc3626073928adc6a7e1f35051,0.762676537,if6_consensus_when_public_priors_concordant_with_d4
aayl51,aayl51:0000052:ceb9117e6569,ceb9117e6569f15a782c0336f6c7aee0df4cd8c945efc5d6b576cebdcb54394f,0.6579454541,if6_consensus_when_public_priors_concordant_with_d4
aayl51,aayl51:0000053:243341b25c83,243341b25c83355eebe10ad8cc402a6eee1296460f34c341b6e622e76a679497,0.4472485781,if6_consensus_when_public_priors_concordant_with_d4
aayl51,aayl51:0000054:808b30b2b3e6,808b30b2b3e68f9a4fa49fa4f4f448e96893ac574492c8f8afa39ec254d7f5ff,0.8041985035,if6_consensus_when_public_priors_concordant_with_d4
aayl51,aayl51:0000055:3bb2403b22a2,3bb2403b22a254665cc213f82d0acb86c8a104c7822c83cc5772977dc0ce7618,0.5401713252,if6_consensus_when_public_priors_concordant_with_d4
aayl51,aayl51:0000056:2b10552a49ed,2b10552a49ed3066f5a8222f27ffde6ac1b81529341e923e4e1847ed6a7bf10d,0.2483599335,if6_consensus_when_public_priors_concordant_with_d4
aayl51,aayl51:0000057:8c5b94730ef7,8c5b94730ef79e12ed64e5b7988e5175a4a80e33834f88fde0d704c2f485dc1d,0.4154510796,if6_consensus_when_public_priors_concordant_with_d4
aayl51,aayl51:0000058:c9575ba32b40,c9575ba32b4086873399c1474e1bfddd81f01408e7435df5516d9dd60acc4b11,0.5675696731,if6_consensus_when_public_priors_concordant_with_d4
aayl51,aayl51:0000059:9037768fd884,9037768fd88424ce72ce9b81f4b6d274aa13e35dfa3c38117658378e197c992e,0.6181986928,if6_consensus_when_public_priors_concordant_with_d4
aayl51,aayl51:0000060:51462b546a9a,51462b546a9a4b330127fe747209278dc7999942152228b1949d817745032722,0.8442540169,if6_consensus_when_public_priors_concordant_with_d4
aayl51,aayl51:0000061:42335b72d0bd,42335b72d0bdc4803751ebb151180de74104ca593843b883eceaa42a6b174913,0.590028584,if6_consensus_when_public_priors_concordant_with_d4
aayl51,aayl51:0000062:5961918510da,5961918510da69248ee4a6e6833d95a315953f215f70c23e57411de5dfcb280a,0.8142316937,if6_consensus_when_public_priors_concordant_with_d4
aayl51,aayl51:0000063:339851ba2902,339851ba2902f505ed8f0023ae51fd0095c1a6e2e1050c96e21a5614c3cd360e,0.8978930116,if6_consensus_when_public_priors_concordant_with_d4
aayl51,aayl51:0000064:4aa9f9a71a8b,4aa9f9a71a8bb05aa1027d30535279856bdbcdbf1ebabf89ae689600fd5309af,0.2002006769,if6_consensus_when_public_priors_concordant_with_d4
aayl51,aayl51:0000065:78444a02de26,78444a02de267fe5c198da33bbce86693c9aa74c91a36ea3f850f1211abcc796,0.3964652121,if6_consensus_when_public_priors_concordant_with_d4
aayl51,aayl51:0000066:410969387174,4109693871740ac2136dab890eb8965fec6866dcdc28cca842523bfa3dd68915,0.150420621,if6_consensus_when_public_priors_concordant_with_d4
aayl51,aayl51:0000067:76d421b70d2f,76d421b70d2f3a0671a100c3ef97589c67c785f9866086215fb85a88f902e488,0.2670371234,if6_consensus_when_public_priors_concordant_with_d4
aayl51,aayl51:0000068:0afd1e3f2957,0afd1e3f2957810157ea92cc5f5f6cb9acb0186011ee93c455e13e2a8084e331,0.4186154306,if6_consensus_when_public_priors_concordant_with_d4
aayl51,aayl51:0000069:4856aeef8777,4856aeef8777dcae70ec4cc8b1873a8d2655ee2e7d7fdeb3ecc7d8dd4ceb0862,0.6158061028,if6_consensus_when_public_priors_concordant_with_d4
aayl51,aayl51:0000070:cce49d15f0eb,cce49d15f0eb6fbdbbdc3ad443389324559924d4f04dd33d29c589b739c3e418,0.8139229417,if6_consensus_when_public_priors_concordant_with_d4
aayl51,aayl51:0000071:5232ff48e95e,5232ff48e95e788d52d8f83d212667100fb98246071b16394be996cbb94daff7,0.5568418503,if6_consensus_when_public_priors_concordant_with_d4
aayl51,aayl51:0000072:5118189cbb20,5118189cbb20913d76d9a3c7ff7b1af7badf2752c721ab526bfa012509903c9f,0.628926456,if6_consensus_when_public_priors_concordant_with_d4
aayl51,aayl51:0000073:fbd768f54592,fbd768f545925f446bb04561423d3e318e74a76b853a8c6ea48ca750ed4c813f,0.2428031117,if6_consensus_when_public_priors_concordant_with_d4
aayl51,aayl51:0000074:37815a816981,37815a816981ff600ae2a74aa087eed45f97e223459c4b3617f811baa67c7154,0.5092999935,if6_consensus_when_public_priors_concordant_with_d4
aayl51,aayl51:0000075:0de8038a93f3,0de8038a93f33190a81e2d6499545f0275f7434ece37be6790dead9233066a24,0.9192714691,if6_consensus_when_public_priors_concordant_with_d4
aayl51,aayl51:0000076:3d98646160a9,3d98646160a9c7cf661e0bcdd7d5fc8c3b473dd5ef6abd26f5ede6caa827633b,0.8664042354,if6_consensus_when_public_priors_concordant_with_d4
aayl51,aayl51:0000077:70c35e5a1d35,70c35e5a1d35edff9aa3e5954efeb0041ff9f1f99780ab8feeb0e4dba2bd7868,0.6066990495,if6_consensus_when_public_priors_concordant_with_d4
aayl51,aayl51:0000078:f397a17c4ba1,f397a17c4ba1573711f2e5f4377e8b16add6fcc9aa1922e14623294da8b7991b,0.5793779492,if6_consensus_when_public_priors_concordant_with_d4
aayl51,aayl51:0000079:b63b0614bca6,b63b0614bca654db24c8948b198202210f96b7fa7ab47634f31e35a22dd90e42,0.06737671047,if6_consensus_when_public_priors_concordant_with_d4
aayl51,aayl51:0000080:59dc007aa2cf,59dc007aa2cf192cb7d3ccb689f448125e0f9e8b8a55cc2fe351ae8b817e2790,0.5853206515,if6_consensus_when_public_priors_concordant_with_d4
aayl51,aayl51:0000081:fbd7ba34a8d3,fbd7ba34a8d304178bd7125a68275a2c8469ebbf03b31980092e720574465d83,0.21494174,if6_consensus_when_public_priors_concordant_with_d4
aayl51,aayl51:0000082:13458713ca99,13458713ca995f2168de2ca03179a14fe243be73cc09e479591474d42256fe92,0.5336883664,if6_consensus_when_public_priors_concordant_with_d4
aayl51,aayl51:0000083:31ffb00146b1,31ffb00146b14601f0d3175f06cb06d8c85084d143ebde22d77cc3637a221b58,0.3843482435,if6_consensus_when_public_priors_concordant_with_d4
aayl51,aayl51:0000084:21e2601b13dc,21e2601b13dc2daae868f1ccc6d5687662cf8da2f689799f379ece985d3ca499,0.6557845473,if6_consensus_when_public_priors_concordant_with_d4
aayl51,aayl51:0000085:5f2af9e52184,5f2af9e52184831f09068559d1f8787a6956dc80ffaabb8ff4bce7091cbe270e,0.5475032926,if6_consensus_when_public_priors_concordant_with_d4
aayl51,aayl51:0000086:956a8cee3e5e,956a8cee3e5e9035638ff5030725a0b33123efe7584be3728373a8235da34d11,0.3892104626,if6_consensus_when_public_priors_concordant_with_d4
aayl51,aayl51:0000087:40f2a0c046c5,40f2a0c046c5ffcd040a666f3bdae1e29ff2ff7c8761677d86194fdc8c20c95f,0.3169715405,if6_consensus_when_public_priors_concordant_with_d4
aayl51,aayl51:0000088:8fb25a8ca589,8fb25a8ca589b96a1cbf6f37a9ba57eef73e354d5d084f627a9ae35bc1a7de35,0.8799876571,if6_consensus_when_public_priors_concordant_with_d4
aayl51,aayl51:0000089:b69b0627723a,b69b0627723a39ce28fc184ad5764c2a206864ccc95e4a646ae297fc5d3d0ef1,0.4144477844,if6_consensus_when_public_priors_concordant_with_d4
aayl51,aayl51:0000090:e02ed2808907,e02ed280890776b30b87edeec977c7842628fe90947692ed250188d6adbc66b4,0.3772478104,if6_consensus_when_public_priors_concordant_with_d4
aayl51,aayl51:0000091:d4d4fcbdc1da,d4d4fcbdc1dad8930c4f9ec6c1dfebcbb8c134656c0bbdddcb7d476e861d3dfc,0.2427259535,if6_consensus_when_public_priors_concordant_with_d4
aayl51,aayl51:0000092:5bb5ad1949a6,5bb5ad1949a6b2f57a4fb75b20f7ef0032d5136f0e1d831404dc0f8db69c8a4c,0.6404259801,if6_consensus_when_public_priors_concordant_with_d4
aayl51,aayl51:0000093:f51d0aaff2c8,f51d0aaff2c8ed71a4e188eeebbec0ff533810a46e77b3c34bf3c42f907c4d81,0.4766535461,if6_consensus_when_public_priors_concordant_with_d4
aayl51,aayl51:0000094:da2bfa23a0eb,da2bfa23a0eb468859f6e110d2ae28647a7d22df90cd4952a28cb15937127e38,0.6889712214,if6_consensus_when_public_priors_concordant_with_d4
aayl51,aayl51:0000095:a802a9cca18a,a802a9cca18a38a17bf5ec2d0e349479f7547fe005c1b5ad1a5d25a8145ce437,0.9726788402,if6_consensus_when_public_priors_concordant_with_d4
aayl51,aayl51:0000096:458cdc9efdd5,458cdc9efdd5409003ad87c87b47d67ff646e358fe03d047d0a02f9c9d64fd2c,0.5328394175,if6_consensus_when_public_priors_concordant_with_d4
aayl51,aayl51:0000097:b181d26aec20,b181d26aec20a548393e3e31e12c58e35ce5e96ec92500013979bdcdb339a83f,0.5473489165,if6_consensus_when_public_priors_concordant_with_d4
aayl51,aayl51:0000098:c784d9df7058,c784d9df70586ed23b03abcab93a4d6f030efc355860499970f2ef264ef9b2a1,0.4470170736,if6_consensus_when_public_priors_concordant_with_d4
aayl51,aayl51:0000099:966f2bbef0cd,966f2bbef0cd95088afa179e0070befcade42821d0354c52afcfd680e74ff64e,0.6980782151,if6_consensus_when_public_priors_concordant_with_d4
aayl51,aayl51:0000100:e5de91f9f1b5,e5de91f9f1b5b1761f9648325c7279475ee329aeb70ad28579e13f9154aed758,0.4832137525,if6_consensus_when_public_priors_concordant_with_d4
aayl51,aayl51:0000101:5828717fceeb,5828717fceeb118841f320c7ca58af8b59ed14b0433d67dad5ff0eba26b44e4f,0.6097862124,if6_consensus_when_public_priors_concordant_with_d4
aayl51,aayl51:0000102:bb04c06e6ffe,bb04c06e6ffe010d0c1509c08b9ea40a369905be343618ad324a741b20c05803,0.3244577944,if6_consensus_when_public_priors_concordant_with_d4
aayl51,aayl51:0000103:aa437ee277d3,aa437ee277d3ffce60b9a8c232d6a3d943a9885c78926c717f62f57b188eac75,0.3159682155,if6_consensus_when_public_priors_concordant_with_d4
aayl51,aayl51:0000104:abe70582e94c,abe70582e94cac9a87b109102d292d67b2bc70962eef4ea34f27080ad8c3f613,0.3502353728,if6_consensus_when_public_priors_concordant_with_d4
aayl51,aayl51:0000105:6a9daf0f53a3,6a9daf0f53a3ddba7a0c0425eb921247139ff2ccd3042cee441c61b34ba06a52,0.3568727076,if6_consensus_when_public_priors_concordant_with_d4
aayl51,aayl51:0000106:1ebc893a74cf,1ebc893a74cfc89b08dd51360202aa07afb33e1e112ed365ac5cf3f525f2c9af,0.6039978862,if6_consensus_when_public_priors_concordant_with_d4
aayl51,aayl51:0000107:59b0a3c04c7a,59b0a3c04c7a736a1d84d8154d893c48d868cbb0faf1314afa1430bd04d85d82,0.6594890952,if6_consensus_when_public_priors_concordant_with_d4
aayl51,aayl51:0000108:21cffbc4d270,21cffbc4d270d7225cbea0530277b9bdb35fc60b2df485289bec5c502f542079,0.5664891601,if6_consensus_when_public_priors_concordant_with_d4
aayl51,aayl51:0000109:8f90c59d6a98,8f90c59d6a98e7aaa169ecff957495cfa2ddb2c108c2a585401462979fac98b7,0.7495562434,if6_consensus_when_public_priors_concordant_with_d4
aayl51,aayl51:0000110:c7394b8cf7a6,c7394b8cf7a616dfcd2488b819128e78a1f2644933cb739706e8ad0f1db0cf6b,0.6119471788,if6_consensus_when_public_priors_concordant_with_d4
aayl51,aayl51:0000111:e0fdc42e8c44,e0fdc42e8c44b26706ad130a5a56b7a16dfbd0269b557081ce5404cce2d73343,0.8000308871,if6_consensus_when_public_priors_concordant_with_d4
aayl51,aayl51:0000112:a4b2ce2c8f0d,a4b2ce2c8f0de34a4c0cf3302860d93fdf64b8c2082b9195306d2837b8a42d5b,0.4308867753,if6_consensus_when_public_priors_concordant_with_d4
aayl51,aayl51:0000113:2ab6d2231199,2ab6d2231199042875332336ff81b24c2e00316ce8dcd4faefb80eaeed8eb8a5,0.2071467191,if6_consensus_when_public_priors_concordant_with_d4
aayl51,aayl51:0000114:3705fe04f16e,3705fe04f16eea6dd0ba9ec688f4efae6ff3bc16d47ca9b54f8ea1e934c8e24b,0.4463995993,if6_consensus_when_public_priors_concordant_with_d4
aayl51,aayl51:0000115:6f1ed8df90fe,6f1ed8df90fea329f6dd0f4e47c08d3a70371cb63d5fe6c67e8cd1d5fa7e82ba,0.6411978006,if6_consensus_when_public_priors_concordant_with_d4
aayl51,aayl51:0000116:dcd0d8a50d56,dcd0d8a50d56400a73b00a78c8def4e5e6a57f7ce41311b94ba3dd8a55575551,0.9093154073,if6_consensus_when_public_priors_concordant_with_d4
aayl51,aayl51:0000117:e9f018c0fe87,e9f018c0fe8742b53bf5039d758d04cbe6689b5007b9137473f379080367f898,0.2987574339,if6_consensus_when_public_priors_concordant_with_d4
aayl51,aayl51:0000118:8ec3c9a0974c,8ec3c9a0974c64b9e3e0a70bd50529cb76c0d3cf5b44490f3a2b7260adc43f9e,0.2769931257,if6_consensus_when_public_priors_concordant_with_d4
aayl51,aayl51:0000119:16ffc404a37c,16ffc404a37cfbea276305f5f62595a7a9b071bb1bdf2543504985f178b6fa05,0.9476730824,if6_consensus_when_public_priors_concordant_with_d4
aayl51,aayl51:0000120:abed65d2ebba,abed65d2ebbae543996cac7ad5260f4e7fab11093e48f66c4dc56ab9f9735c00,0.4822875559,if6_consensus_when_public_priors_concordant_with_d4
aayl51,aayl51:0000121:10a1d0124d3b,10a1d0124d3b56af61fb0ce79687f3df32b3d22f0c521f55abfd268d2d928517,0.5520567894,if6_consensus_when_public_priors_concordant_with_d4
aayl51,aayl51:0000122:e2fa1ba74595,e2fa1ba745950302133083a6a304843ace342f90bf9ab018bbd0459fbb38ed0f,0.5247356892,if6_consensus_when_public_priors_concordant_with_d4
aayl51,aayl51:0000123:73a8bede171c,73a8bede171cd1f17efd1d9b3977040b26a61d890fc23f414bec2cfaf602d969,0.2309176475,if6_consensus_when_public_priors_concordant_with_d4
aayl51,aayl51:0000124:47eee29afcdf,47eee29afcdf67c468d256aaba22a8ed125f35907a07abe6dcdb253e682cfb26,0.6814849377,if6_consensus_when_public_priors_concordant_with_d4
aayl51,aayl51:0000125:fd962ad01205,fd962ad01205869d3dca61d80d9ac993cd5e3f693cd09c5ac2c9ab79e0aa2d03,0.3263872862,if6_consensus_when_public_priors_concordant_with_d4
aayl51,aayl51:0000126:13bdc29cb37d,13bdc29cb37d80b022dc44c6ffe1ef6a2894411c08e78c0441309cf14b3cbd73,0.687659204,if6_consensus_when_public_priors_concordant_with_d4
aayl51,aayl51:0000127:af1e267030d1,af1e267030d1d78fe678ab1b133ed4c10d46a7a33b9b45e824f5d89676a7b6e6,0.2662653625,if6_consensus_when_public_priors_concordant_with_d4
aayl51,aayl51:0000128:02dd1684fabb,02dd1684fabb0e69db6e775bc2c385d2641a2747cc664508106da1eb6f36e77a,0.1857683063,if6_consensus_when_public_priors_concordant_with_d4
aayl51,aayl51:0000129:10239e1cefeb,10239e1cefeb6e43a680fd8078a8d0221b59a2c00befc1c6cad53892303b0607,0.1596048474,if6_consensus_when_public_priors_concordant_with_d4
aayl51,aayl51:0000130:f9d5bf9c92a9,f9d5bf9c92a9072cbbd245f411b4a9b6375029fabde9fd48d5d673ab19967938,0.5329166055,if6_consensus_when_public_priors_concordant_with_d4
aayl51,aayl51:0000131:5bf2f956cca8,5bf2f956cca8a47f207c8b08ea2118d84bcb699597c8c45f9f7b48e6bfa0b3b9,0.4722543657,if6_consensus_when_public_priors_concordant_with_d4
aayl51,aayl51:0000132:4f36cd3e6f75,4f36cd3e6f75a12479d0725f76b734553cdc5bea812156c97dbfaefe5d51edea,0.7046384811,if6_consensus_when_public_priors_concordant_with_d4
aayl51,aayl51:0000133:e9f945d9819d,e9f945d9819d588e04afaa85e2f44d1a7201390eb991ac66c006f72c3661ea06,0.780967772,if6_consensus_when_public_priors_concordant_with_d4
aayl51,aayl51:0000134:73dc5c0b78aa,73dc5c0b78aad96ec60577615c24154f4f64fc398334fbdccc877b4a6e233582,0.2373234481,if6_consensus_when_public_priors_concordant_with_d4
aayl51,aayl51:0000135:7d146d4fd3b6,7d146d4fd3b6ef6f66a9835ca64a8c895d3d277abfff94ae10d5c5efb98afe1c,0.52913481,if6_consensus_when_public_priors_concordant_with_d4
aayl51,aayl51:0000136:f3c207de5402,f3c207de5402b7717cceac722737662207cc9ac7d5ff97f6d2d1099cfe80ed24,0.4391448498,if6_consensus_when_public_priors_concordant_with_d4
aayl51,aayl51:0000137:5c5fd599a2a7,5c5fd599a2a7007e89935546a536f863ba65e2e6d5c49941eb060fe9f1f04aee,0.7235471606,if6_consensus_when_public_priors_concordant_with_d4
aayl51,aayl51:0000138:052c9d086677,052c9d086677a2cb8cd9d64f119245b341f0bacb146df022079105ef666bcc5b,0.2372462749,if6_consensus_when_public_priors_concordant_with_d4
aayl51,aayl51:0000139:de9ca99417e2,de9ca99417e29d1c155b116be5bb2be8e35461e9a2323166037c307688692845,0.365362376,if6_consensus_when_public_priors_concordant_with_d4
aayl51,aayl51:0000140:7ffd88b2fd9a,7ffd88b2fd9ad7d1a1dd44007b4e37156cfa5f0af3a15e7b348be9f625945e94,0.7467777729,if6_consensus_when_public_priors_concordant_with_d4
aayl51,aayl51:0000141:58fc6041cd69,58fc6041cd69d25c2f54da7c77cae6a34a91f6e0a05aa70e0acdd579b0e5d463,0.9291502833,if6_consensus_when_public_priors_concordant_with_d4
aayl51,aayl51:0000142:8ffbaf1e1632,8ffbaf1e16320845e24d4dc5f1669f2fc5d0f1f78585f013a298ad5c2c0117e6,0.7912325859,if6_consensus_when_public_priors_concordant_with_d4
aayl51,aayl51:0000143:d5d9fe58a540,d5d9fe58a540c62eac9271f91dc57ac4f85e9e3718a93e4066ada29aa49457fc,0.9147951007,if6_consensus_when_public_priors_concordant_with_d4
aayl51,aayl51:0000144:a63200d4341e,a63200d4341e9deb6b2ff4147c3a3d91faab8f10d096903badb8e0d49d26823a,0.7201512456,if6_consensus_when_public_priors_concordant_with_d4
aayl51,aayl51:0000145:eb8b041234b3,eb8b041234b33d15a7b53259857fe480c19a0cf9cd318c0103dd9391dab0bd22,0.6866558194,if6_consensus_when_public_priors_concordant_with_d4
aayl51,aayl51:0000146:a050438980b6,a050438980b6dc280e7112b84e1496903f7156e3dc17f6796e4e7f51c2446f5f,0.7710890174,if6_consensus_when_public_priors_concordant_with_d4
aayl51,aayl51:0000147:a774fb221788,a774fb22178868302b94c55fa79fa5b2b1ddfb12a186665fe9edc6eb3b82ad39,0.3109516203,if6_consensus_when_public_priors_concordant_with_d4
aayl51,aayl51:0000148:be9cd9b2d05e,be9cd9b2d05e1348e0ce17e4609c97f0be8d5d94033cb6f5daf67464cabc9912,0.4135988653,if6_consensus_when_public_priors_concordant_with_d4
aayl51,aayl51:0000149:f77c00fc5fbd,f77c00fc5fbdc80e125792bb7d637c43f593e7b6d64ec92ebc99925835120c13,0.586864233,if6_consensus_when_public_priors_concordant_with_d4
aayl51,aayl51:0000150:7a8c47a97914,7a8c47a97914b5a94efc2e2ab1a3905fa618f1b94caf825aa5a6835798e27dbc,0.8275835514,if6_consensus_when_public_priors_concordant_with_d4
aayl51,aayl51:0000151:3bc0737a1d97,3bc0737a1d97d714f93f87be64372796e2fce2bff01827f20d4b55d3cf96bf07,0.5517480969,if6_consensus_when_public_priors_concordant_with_d4
aayl51,aayl51:0000152:ed6bff4b193b,ed6bff4b193b001795fdf88f3b64b6e9977b05aa8641006ba38b847e6d1a1c88,0.7462375164,if6_consensus_when_public_priors_concordant_with_d4
aayl51,aayl51:0000153:d8e2bd6ad6b0,d8e2bd6ad6b013f27ce8cffaca77523fa7ee45e326a8af98dfb81c36abc6544a,0.9174191952,if6_consensus_when_public_priors_concordant_with_d4
aayl51,aayl51:0000154:4dd04ac7bbef,4dd04ac7bbef861b48d0f97c3117a6e7f420efa4fc0f1bf6c7d4df63bfe328e8,0.7832832336,if6_consensus_when_public_priors_concordant_with_d4
aayl51,aayl51:0000155:48ae8214c1ec,48ae8214c1ec7054ba0501f27adc415f1e5b16ef621cc7b4ef467efa989f905e,0.84572047,if6_consensus_when_public_priors_concordant_with_d4
aayl51,aayl51:0000156:bfdeaf06902d,bfdeaf06902d6c9a3167864a3cbd28f7428954bdd4b5355cff2ec965676f4928,0.2112371773,if6_consensus_when_public_priors_concordant_with_d4
aayl51,aayl51:0000157:782526a6f975,782526a6f975073d1fffe0fcd6db41e20aba4ee31f7b8d9d1166fba8234fa0b6,0.2793856561,if6_consensus_when_public_priors_concordant_with_d4
aayl51,aayl51:0000158:70ef3ced4a05,70ef3ced4a052694f6e24dd315a850e2f9afae62e45c71f9f5d3fdb2c6f2f386,0.2986802459,if6_consensus_when_public_priors_concordant_with_d4
aayl51,aayl51:0000159:c921df5bd59e,c921df5bd59e207ee554f21097fb5d89bbfcaf706c40786f91a4874b3de5eafe,0.4917805195,if6_consensus_when_public_priors_concordant_with_d4
aayl51,aayl51:0000160:a51d1414c65b,a51d1414c65b6ab02b79800927fcce23384985fe12ffb85e9df14048a0379437,0.3948444426,if6_consensus_when_public_priors_concordant_with_d4
aayl51,aayl51:0000161:8f6ef8ec6152,8f6ef8ec6152fdf03a4b64c897c3231869fd282cced6d15de59c0e25f565ac82,0.5038974881,if6_consensus_when_public_priors_concordant_with_d4
aayl51,aayl51:0000162:25191320782a,25191320782ad4dba309cdc8bf1f8183588832ef8bba2a579b27e4ddcc305dfb,0.3335648775,if6_consensus_when_public_priors_concordant_with_d4
aayl51,aayl51:0000163:8bb0b0105b45,8bb0b0105b4556051790cf8727762b2d9bd987d8508944b0e7f3f41b4c42d381,0.9824032784,if6_consensus_when_public_priors_concordant_with_d4
aayl51,aayl51:0000164:b74f25e323e7,b74f25e323e7f93da74a116fee6f03c34b9a59c09e591a30d2bca6b7701404d9,0.5796866417,if6_consensus_when_public_priors_concordant_with_d4
aayl51,aayl51:0000165:399b23d9daa4,399b23d9daa46ec154237f2c87f74c39bf7b9bbfc0589bb8af7d3d8b1c0f08fd,0.3323300183,if6_consensus_when_public_priors_concordant_with_d4
aayl51,aayl51:0000166:833fae72bbd6,833fae72bbd60a080b6bd2e79be3d573e19c75849d2771a50f56bc9e14ca6c3d,0.181523487,if6_consensus_when_public_priors_concordant_with_d4
aayl51,aayl51:0000167:22434d93f4ec,22434d93f4ec5070b4e6f538498acd2765529b15a1bf96194725123d206cbad0,0.3581075668,if6_consensus_when_public_priors_concordant_with_d4
aayl51,aayl51:0000168:741f0fd2c210,741f0fd2c2102c2b8cf4d6433f6679cfd20d0a5829ce4db69a61000d110564cf,0.6773944497,if6_consensus_when_public_priors_concordant_with_d4
aayl51,aayl51:0000169:9bce1b2ea7b1,9bce1b2ea7b13f1f12bf5c482137f547a444628a878fe8a5a5c010d42d9f5e77,0.5584626198,if6_consensus_when_public_priors_concordant_with_d4
aayl51,aayl51:0000170:7183d8954188,7183d895418827ec07aa1359916badb373d1ff0146d0069b667e9b0ed8491d86,0.7404491901,if6_consensus_when_public_priors_concordant_with_d4
aayl51,aayl51:0000171:30237d731b0c,30237d731b0ca2b0cb14410e355f551abb25db8ece33553653d23354925c3fe6,0.4930925369,if6_consensus_when_public_priors_concordant_with_d4
aayl51,aayl51:0000172:291994572c34,291994572c349e7d5705e64868045ef49e2e9fb9fdd20513d12a41e364964561,0.527359724,if6_consensus_when_public_priors_concordant_with_d4
aayl51,aayl51:0000173:3c4fb6c4ec74,3c4fb6c4ec74db48d4588c4f0a42c7a82ac5e450e4dc6ff22474c73226e4fb92,0.7309948802,if6_consensus_when_public_priors_concordant_with_d4
aayl51,aayl51:0000174:6998d80a4dc6,6998d80a4dc6cfe053301929d0d90e5cf19ce8ced0a5bed7094a8c45b4aaa425,0.5635563731,if6_consensus_when_public_priors_concordant_with_d4
aayl51,aayl51:0000175:761682766d4d,761682766d4d94be834b173b3a239efcd647ad805e6115d20356cfbc0dcf1a19,0.6197422147,if6_consensus_when_public_priors_concordant_with_d4
aayl51,aayl51:0000176:a6be9461a284,a6be9461a284f89510a85cd7ec8947e4dda2b9961b88d8dd5e673b0a9c893690,0.3859689534,if6_consensus_when_public_priors_concordant_with_d4
aayl51,aayl51:0000177:ad32e42426a6,ad32e42426a663950df86cbece3d79987122624f315f018a3b572a0883f381b6,0.8168557286,if6_consensus_when_public_priors_concordant_with_d4
aayl51,aayl51:0000178:1532cf0f399e,1532cf0f399eb2a8e22861644e55c17e87ef881e9f6998b861a318410f26dc90,0.5576907992,if6_consensus_when_public_priors_concordant_with_d4
aayl51,aayl51:0000179:9b85d28bd61a,9b85d28bd61a20fa22401512380edb494237c9f8d9a48703220f7c40fbca1c7c,0.8461063504,if6_consensus_when_public_priors_concordant_with_d4
aayl51,aayl51:0000180:99866ed66851,99866ed6685112a7899cc7c8ce15ee1d08256bf65d19ba814d952b2743ccf470,0.1024156809,if6_consensus_when_public_priors_concordant_with_d4
aayl51,aayl51:0000181:537b44178391,537b441783913477c8689dc3695faa3e361abf2d1a30d844fa0c65391c206de9,0.2712819278,if6_consensus_when_public_priors_concordant_with_d4
aayl51,aayl51:0000182:a69564d9ff71,a69564d9ff71e4a106ea13659cbe6ad9756748e33ed4cb46b1a61d6979b7da55,0.1695608497,if6_consensus_when_public_priors_concordant_with_d4
aayl51,aayl51:0000183:e7b93d707147,e7b93d707147e59c232db6d109b14aaa674ebdd082fc1a956108c16315909358,0.4112062752,if6_consensus_when_public_priors_concordant_with_d4
aayl51,aayl51:0000184:ec9b0bc1e23b,ec9b0bc1e23b0852fb89574a1b88b31fd23bdc31397a11c74c3c301c4366a60f,0.2397931814,if6_consensus_when_public_priors_concordant_with_d4
aayl51,aayl51:0000185:ab82a41b768b,ab82a41b768bef58737778400ffb5d912510b4e0988d1c703c9bf9954bffc1f6,0.2135525197,if6_consensus_when_public_priors_concordant_with_d4
aayl51,aayl51:0000186:3082b5724f87,3082b5724f8798f85d3a12d7d14ba9bf998e6590530df17377a46cb9c881685f,0.1600679308,if6_consensus_when_public_priors_concordant_with_d4
aayl51,aayl51:0000187:c624631aab94,c624631aab940f3268ea33d4427d47c3dc218b75125f3911deae1973c4e37f31,0.1116770804,if6_consensus_when_public_priors_concordant_with_d4
aayl51,aayl51:0000188:5b3bf1ffdc4b,5b3bf1ffdc4bff5f4b16ddff2d1f0e22e6fc07ea5ebe3e1d7ec35b605ec0cd71,0.6102492809,if6_consensus_when_public_priors_concordant_with_d4
aayl51,aayl51:0000189:e7006ab2fde0,e7006ab2fde0e6c19923e3e8e6d17deeb719546767cf4967ebea33096d3dab45,0.1450953037,if6_consensus_when_public_priors_concordant_with_d4
aayl51,aayl51:0000190:a8385d3ef536,a8385d3ef5366d597bd4d87643ab947cc012d731dc911c3c102c81f3fc0eda6c,0.39052248,if6_consensus_when_public_priors_concordant_with_d4
aayl51,aayl51:0000191:692d645ea5cf,692d645ea5cfd0ab50956c9da30253b9751221360e3d30b9331792b1605df946,0.3360345662,if6_consensus_when_public_priors_concordant_with_d4
aayl51,aayl51:0000192:fd3671ed35a5,fd3671ed35a5252072638f673e8dc14680c405ed701e7efd4ee779891b8b2bee,0.3578374386,if6_consensus_when_public_priors_concordant_with_d4
aayl51,aayl51:0000193:01469f8aaa03,01469f8aaa03036c187866748ba0e3fb0efe34d118ce21e2af701c3bde577db9,0.2688893974,if6_consensus_when_public_priors_concordant_with_d4
aayl51,aayl51:0000194:860870c744bb,860870c744bb0ed5b9787f8715593f110176bb22e072fa5c23adb3f9bd2d5109,0.07949370891,if6_consensus_when_public_priors_concordant_with_d4
aayl51,aayl51:0000195:ee2acdf57152,ee2acdf5715257f190454c234cb26551fd3589e30c72a220f13b8a3f15262d14,0.4926294386,if6_consensus_when_public_priors_concordant_with_d4
aayl51,aayl51:0000196:42b4f5b0c309,42b4f5b0c309b294272c5b5665313a365ac97b10b2b9e99c8021884961bd4e6f,0.1751176864,if6_consensus_when_public_priors_concordant_with_d4
aayl51,aayl51:0000197:8b9b8b2693d5,8b9b8b2693d52972464f1f8b4c09e60d6ff02dd9429018f1749623f942fd579a,0.371150732,if6_consensus_when_public_priors_concordant_with_d4
aayl51,aayl51:0000198:7bc02cef29c3,7bc02cef29c3af0037e932eb3d8152e3277bed2be656ca26cae7f3b6713f0508,0.4787373543,if6_consensus_when_public_priors_concordant_with_d4
aayl51,aayl51:0000199:38f3de0b8058,38f3de0b8058b5914a489d465c2da41b0901ad0aa4b55abf36100cdc2ff55309,0.2409508228,if6_consensus_when_public_priors_concordant_with_d4
aayl51,aayl51:0000200:95a41aeb52f2,95a41aeb52f277286cf2ca7e3d649c1b0989d1c25c0b8c12337f89a614edcebf,0.8139229417,if6_consensus_when_public_priors_concordant_with_d4
aayl51,aayl51:0000201:dacae688425f,dacae688425fa25efd1947db4e3b06cfea18442b8eb3b960e7ee15296d94098e,0.6469861865,if6_consensus_when_public_priors_concordant_with_d4
aayl51,aayl51:0000202:0e6e25a0166b,0e6e25a0166b7894061559937dea8c6944456254a37e41e9ee843841e666d7f7,0.4711738825,if6_consensus_when_public_priors_concordant_with_d4
aayl51,aayl51:0000203:0f1a5c313977,0f1a5c31397707630c645530e8a60308fc0c94eac5d243ec5fa0d9d2f658b903,0.2481284142,if6_consensus_when_public_priors_concordant_with_d4
aayl51,aayl51:0000204:9c0e5a1c765e,9c0e5a1c765ee76e6cf590355d2197b5e0e166242e5fe0a7867c016168460427,0.1359110922,if6_consensus_when_public_priors_concordant_with_d4
aayl51,aayl51:0000205:b66729e3ce73,b66729e3ce73776502fa39964f14e10b4d9a039a6e4791e630b4469c3e7470f6,0.3401249945,if6_consensus_when_public_priors_concordant_with_d4
aayl51,aayl51:0000206:ddb5d87eb707,ddb5d87eb7073d0a60c5af33d3d041028d0c68b41a24744d9ba64d8072a2baae,0.3435208499,if6_consensus_when_public_priors_concordant_with_d4
aayl51,aayl51:0000207:ff92180427b9,ff92180427b9b36e7d2bc3a420a05d982b05c6ae82cd1ac22d9db0ab8d1d44a1,0.3944585621,if6_consensus_when_public_priors_concordant_with_d4
aayl51,aayl51:0000208:03f66fbab9bc,03f66fbab9bc1e55e3546b26a45029bb8ffc81770c45868d9cf4531ae19619f3,0.1818322092,if6_consensus_when_public_priors_concordant_with_d4
aayl51,aayl51:0000209:7f83a27885d2,7f83a27885d2ebea1531f11b1bd7305999bac9c50608afa9ffe5faddfe4e08ea,0.2892645001,if6_consensus_when_public_priors_concordant_with_d4
aayl51,aayl51:0000210:507e3ab2fcc0,507e3ab2fcc00569867a29fadad1252b3ee3e467c6084622ece29f1b15953436,0.9734506607,if6_consensus_when_public_priors_concordant_with_d4
aayl51,aayl51:0000211:d7e52aa0d324,d7e52aa0d324fa995e2cdf94f1c3427fa34fa0bd39b45eb59c07fb016eeec4e0,0.08065138757,if6_consensus_when_public_priors_concordant_with_d4
aayl51,aayl51:0000212:a53dcd32362f,a53dcd32362ff6491834dfac78c0345d828950876e9c78864ba08c5e3d18cad7,0.4060353339,if6_consensus_when_public_priors_concordant_with_d4
aayl51,aayl51:0000213:875a5c55f403,875a5c55f403c8ce52b1968dc28c75daa963729b2981309c011362db0737f012,0.1781276464,if6_consensus_when_public_priors_concordant_with_d4
aayl51,aayl51:0000214:86d4a30d0bdd,86d4a30d0bddfaf51251c2fb10dfce4ac0a1828d2f9bf05aaf82c9367cf915b6,0.36320135,if6_consensus_when_public_priors_concordant_with_d4
aayl51,aayl51:0000215:699dcb733a20,699dcb733a20239c45c9fe824f43dfb097823d443cfb366052caa3aa5009c67e,0.3476885259,if6_consensus_when_public_priors_concordant_with_d4
aayl51,aayl51:0000216:3466eae7512e,3466eae7512e867cf23fce94641fe4e93b78c09066a816f2a5d2ac2ff4fad530,0.2854055762,if6_consensus_when_public_priors_concordant_with_d4
aayl51,aayl51:0000217:c1cd35f73df5,c1cd35f73df5d8c05e63bc3c277363c433c984d131f019677ff659fc9d721c1d,0.1330554932,if6_consensus_when_public_priors_concordant_with_d4
aayl51,aayl51:0000218:80496808502d,80496808502d2cf342cbbeae81d45e13540a9d379cb1634deabdc9fc6bc04219,0.03843482211,if6_consensus_when_public_priors_concordant_with_d4
aayl51,aayl51:0000219:5cf2ac537018,5cf2ac537018299f9ef1a862fa5bbce7f0b52cac2ef67e8738bac927866e6372,0.03596511483,if6_consensus_when_public_priors_concordant_with_d4
aayl51,aayl51:0000220:40b5d60e19c3,40b5d60e19c3d37b271a065204e00894078840f3f2e787b44fefe9a898a4022c,0.2893416584,if6_consensus_when_public_priors_concordant_with_d4
aayl51,aayl51:0000221:8ff7638af702,8ff7638af702ecfe05e5e96b23b5badbc1059c16fa4fb6807f648093e0987bd5,0.630006969,if6_consensus_when_public_priors_concordant_with_d4
aayl51,aayl51:0000222:71e3f344af05,71e3f344af05c7d3bd9785d24f9db29f1c7b7e2ef451a9c612d4fa874a52a532,0.1667824388,if6_consensus_when_public_priors_concordant_with_d4
aayl51,aayl51:0000223:7ab9dbe48c2d,7ab9dbe48c2d1752ef4f25f8f24f0cde834138a8d56f2456ad903baedb055257,0.2928147018,if6_consensus_when_public_priors_concordant_with_d4
aayl51,aayl51:0000224:56b43fb37a37,56b43fb37a37699474b3965b533ac4a098283ba58b2d3bdd6d5c1a8ac8d2da1f,0.1126032248,if6_consensus_when_public_priors_concordant_with_d4
aayl51,aayl51:0000225:7ea51d62ad79,7ea51d62ad79198b0d093b33b14e85ced678818c0cc59e3784408432bae8e949,0.9730647206,if6_consensus_when_public_priors_concordant_with_d4
aayl51,aayl51:0000226:24e41c89b948,24e41c89b948cdcbcc99b7588bab2a33e27785f9a9ce65de3f99c4a4c53fbd0b,0.05742069706,if6_consensus_when_public_priors_concordant_with_d4
aayl51,aayl51:0000227:168b86036a2c,168b86036a2cbc0b789017c095dc8455131a9954d6ca172435d5c01a710e5b08,0.2990661561,if6_consensus_when_public_priors_concordant_with_d4
aayl51,aayl51:0000228:584cbd044912,584cbd044912e678a4ef3f9af8dd484ad1997971ce3f7921e458585267e68212,0.0524812825,if6_consensus_when_public_priors_concordant_with_d4
aayl51,aayl51:0000229:aa45d93f4c07,aa45d93f4c0727ad9389f6b5a97ef6a0129918949e3ef4555fb134fc069eb6fb,0.4294203818,if6_consensus_when_public_priors_concordant_with_d4
aayl51,aayl51:0000230:cb0f4c93bc8a,cb0f4c93bc8aa72b4d28da81d5368e3c789687933b3567cf478c914397be3f14,0.2013583183,if6_consensus_when_public_priors_concordant_with_d4
aayl51,aayl51:0000231:5781171a8b2b,5781171a8b2b353aa1c9a609ca280dafdcd10ae350515c5e14c6591228edb825,0.007717835251,if6_consensus_when_public_priors_concordant_with_d4
aayl51,aayl51:0000232:4a542c5c6f7c,4a542c5c6f7cb316e112e4641a7374948a181b9f5b10f9eab36d29029e579de9,0.3553291559,if6_consensus_when_public_priors_concordant_with_d4
aayl51,aayl51:0000233:91f2734b75c1,91f2734b75c1c1aed530b3de96474082867ce7a700af08cae8b1d2a8c0009761,0.9612565041,if6_consensus_when_public_priors_concordant_with_d4
aayl51,aayl51:0000234:0403c6eb3530,0403c6eb353026d6953db02ac3a73230cdfa98aa8a215911f43f68da581415ba,0.3852743804,if6_consensus_when_public_priors_concordant_with_d4
aayl51,aayl51:0000235:086b6cfae899,086b6cfae899f64c9629f3962f3feb9965bcdf197ae448c886bf18321b3608c6,0.07370533049,if6_consensus_when_public_priors_concordant_with_d4
aayl51,aayl51:0000236:6860b960fff8,6860b960fff8f05aeee835582dab444417e1e4e084164d69527b8126a737fa48,0.08096010238,if6_consensus_when_public_priors_concordant_with_d4
aayl51,aayl51:0000237:524477ce5e36,524477ce5e36bb77a98f2f97616188ecea0010ab06f30912f8e241af569132b3,0.2980628312,if6_consensus_when_public_priors_concordant_with_d4
aayl51,aayl51:0000238:28b278737bd5,28b278737bd59eb6acf860fb094900194ee9ac16d1641f28ecc52c6d87a861a7,0.1402330846,if6_consensus_when_public_priors_concordant_with_d4
aayl51,aayl51:0000239:5394b516ad33,5394b516ad33fd30b1dd98b5559269049adf771fa2125f0f32a34d055f4e00bf,0.03473025933,if6_consensus_when_public_priors_concordant_with_d4
aayl51,aayl51:0000240:5306952e7665,5306952e7665e52ee1beb4f4a9ddc2974f560838b221c1f0151ba1dd499ba090,0.3904453218,if6_consensus_when_public_priors_concordant_with_d4
aayl51,aayl51:0000241:58ff911d462e,58ff911d462edd3e1ede076ec32501f4af557e6175f1af96d29d4578c89aa3ed,0.5024311543,if6_consensus_when_public_priors_concordant_with_d4
aayl51,aayl51:0000242:d3600393cbcf,d3600393cbcf95016e6792aad745934e4d6fda0e951370c43aa5291a876f730e,0.1591417789,if6_consensus_when_public_priors_concordant_with_d4
aayl51,aayl51:0000243:55a866aeffb1,55a866aeffb124629f6f03fc5fbb6e20407c9a428296d44f4e685ade8e7dc421,0.04530369863,if6_consensus_when_public_priors_concordant_with_d4
aayl51,aayl51:0000244:493d071e5fdd,493d071e5fdddcf2f6862f9250eb8eae070fd50cc2e19ee2d0cce4c32c3be714,0.8912556767,if6_consensus_when_public_priors_concordant_with_d4
aayl51,aayl51:0000245:3217d0233244,3217d0233244d53d07231eae5666f5ce87c377bc6465dfd4325355437f2c0f88,0.2015126944,if6_consensus_when_public_priors_concordant_with_d4
aayl51,aayl51:0000246:3cbfe51b8051,3cbfe51b8051fef79e5f667f9eefaee3575060247a0829d69465e195b68de6c8,0.1012580097,if6_consensus_when_public_priors_concordant_with_d4
aayl51,aayl51:0000247:71ea429001a0,71ea429001a0db09b35621c32fdc0494b4f6da5b0dd2e79c5937a0493c5c1685,0.2684263289,if6_consensus_when_public_priors_concordant_with_d4
aayl51,aayl51:0000248:bb908414b557,bb908414b557eafbad526e70f82e041ee8ec0732b19a9845c99c992fa2c25d88,0.1041907892,if6_consensus_when_public_priors_concordant_with_d4
aayl51,aayl51:0000249:c0abf94b36d3,c0abf94b36d3799d58c613ef1fbb441993fe30e89108e80f6141a1c7f64c7c38,0.1723392755,if6_consensus_when_public_priors_concordant_with_d4
aayl51,aayl51:0000250:6b3e94fa0c46,6b3e94fa0c460a6c82a6e7b61e7f1fa0266d533ba7330c6dc2a38c019dbe274b,0.1763525456,if6_consensus_when_public_priors_concordant_with_d4
aayl51,aayl51:0000251:8df10755f0fb,8df10755f0fb26ab8b24a4a31ec3f4ac027d6a9156f4eeb15b1436043bbb6926,0.220730111,if6_consensus_when_public_priors_concordant_with_d4
aayl51,aayl51:0000252:7e8507587906,7e850758790672de3c9bcf52dd36070f400ef5dfcae3821698fd9f1986c59fc6,0.02106969245,if6_consensus_when_public_priors_concordant_with_d4
aayl51,aayl51:0000253:7584f0617045,7584f0617045fd8b9aca07d359d1003fbc96e53a28c2d5b47cd6a8ad1f4df020,0.1254920214,if6_consensus_when_public_priors_concordant_with_d4
aayl51,aayl51:0000254:c23aad451f29,c23aad451f29b70583ff29918e4fee50faa75db145cd170a598d13af517cdb27,0.1905533671,if6_consensus_when_public_priors_concordant_with_d4
aayl51,aayl51:0000255:78872480a204,78872480a204fd67590542704e4dc67ed72c1578dcda7e277bf7de3f4f0a1bc4,0.5202593207,if6_consensus_when_public_priors_concordant_with_d4
aayl51,aayl51:0000256:45e6b813a4a5,45e6b813a4a57ef13fac76b880c12f07165edc2b673c86b06692225a0000d443,0.9144091606,if6_consensus_when_public_priors_concordant_with_d4
aayl51,aayl51:0000257:469725632488,4697256324884f8b4ab8d896fa202f6e2fe6f98e163763a00713af1235cd7749,0.5817704797,if6_consensus_when_public_priors_concordant_with_d4
aayl51,aayl51:0000258:05e55f054a6c,05e55f054a6c69743cbe5249db7a323ba55949ac10b46e890467cb22d1fe7753,0.641197741,if6_consensus_when_public_priors_concordant_with_d4
aayl51,aayl51:0000259:44f81c34dc21,44f81c34dc21b9c97201a10dd8f5d4d09b52772bd6ee95d617736715f5e0209a,0.6271513104,if6_consensus_when_public_priors_concordant_with_d4
aayl51,aayl51:0000260:54aaa8246fef,54aaa8246fefab9d78b242cba1bd9d259bda2605150ef34f26eddfe61a7d9bca,0.06174268201,if6_consensus_when_public_priors_concordant_with_d4
aayl51,aayl51:0000261:30fe0e61f2b4,30fe0e61f2b4cbb18d85045741e2288d2b6e7ca23930aee0c1af4e574255f7ce,0.5823106766,if6_consensus_when_public_priors_concordant_with_d4
aayl51,aayl51:0000262:bba18de8cee5,bba18de8cee59343a2ba366f148be40d0ccfbfb3cc7b73e50402affc3ce735c9,0.07409122586,if6_consensus_when_public_priors_concordant_with_d4
aayl51,aayl51:0000263:062a322a3702,062a322a370239b2c5c3f5786fb63f2086c18a1d483fe0449628cb5ad84720e1,0.8792158961,if6_consensus_when_public_priors_concordant_with_d4
aayl51,aayl51:0000264:013747566d9f,013747566d9f2e2d855a8b7d05647e26614973b21f472e6741f956696a2a3db0,0.08381569386,if6_consensus_when_public_priors_concordant_with_d4
aayl51,aayl51:0000265:65b8aad32dda,65b8aad32dda1b5f9ec9fdc7a71fd6fc0634ae3727c4054477dfe310ae4b5926,0.05039747059,if6_consensus_when_public_priors_concordant_with_d4
aayl51,aayl51:0000266:bd6ffc08fd06,bd6ffc08fd060944711abc719e6c3809f8c38ee71dd8464c2ffdc65aaaa613e5,0.06421239674,if6_consensus_when_public_priors_concordant_with_d4
aayl51,aayl51:0000267:922889a41855,922889a4185588e2a8426b69be9d187c83b6a2531c457eea277538159f394724,0.9634945989,if6_consensus_when_public_priors_concordant_with_d4
aayl51,aayl51:0000268:fbb3eed41198,fbb3eed41198d6f1766fda9a18a2ca12e9254c1ef8480e3426060bb2c05b97ea,0.0424480997,if6_consensus_when_public_priors_concordant_with_d4
aayl51,aayl51:0000269:953a7a20292d,953a7a20292d4f87c354e33d0ca841b9013a75a19b6f73f5ed1d9f8ddce904a3,0.9607162476,if6_consensus_when_public_priors_concordant_with_d4
aayl51,aayl51:0000270:0050fd5a1855,0050fd5a185535f81c76db1cef8f8f4ec36bf230765d29179bd8eebe5987cafa,0.9624142051,if6_consensus_when_public_priors_concordant_with_d4
aayl51,aayl51:0000271:773623383d09,773623383d09c266216642ba448a37e7a734351bbf433b916299a19a58a3b168,0.2073010653,if6_consensus_when_public_priors_concordant_with_d4
aayl51,aayl51:0000272:a516ba7d64a5,a516ba7d64a52971ca329f85c8b78c96c2b729440086fb1dbb255df27b9bb78d,0.1711816043,if6_consensus_when_public_priors_concordant_with_d4
aayl51,aayl51:0000273:b31c54fea8b9,b31c54fea8b93aff92b929b6440cbb9cda44e6550f3d0b3337e6e4c03c34b326,0.9446631074,if6_consensus_when_public_priors_concordant_with_d4
aayl51,aayl51:0000274:fb907de7b4d0,fb907de7b4d04d5e27e9e5e195ec3b13442578d6011b75d38435d36e4231d153,0.1714903116,if6_consensus_when_public_priors_concordant_with_d4
aayl51,aayl51:0000275:8b689be1088c,8b689be1088c21ac34e3a656476e54ec95392175c012189ec82045517a4aa013,0.3648221195,if6_consensus_when_public_priors_concordant_with_d4
aayl51,aayl51:0000276:457904b03e62,457904b03e62f0f1b72acf62852b75702a519f8e4417ed930c583477fbe93ec0,0.8663270473,if6_consensus_when_public_priors_concordant_with_d4
aayl51,aayl51:0000277:c77b2e253704,c77b2e2537048f09b31bfec443a4f50f707985def186ae338b41adddffb569e3,0.1504978091,if6_consensus_when_public_priors_concordant_with_d4
aayl51,aayl51:0000278:0bc69687e9f1,0bc69687e9f1353c845d139817da17f969fc06456e625fb2eabc9e30656f005d,0.1854596138,if6_consensus_when_public_priors_concordant_with_d4
aayl51,aayl51:0000279:7314fb622a28,7314fb622a28e299aaa5b5fca2b6ee6648de42aa67a6473e38ae74fccf32ed55,0.2218105942,if6_consensus_when_public_priors_concordant_with_d4
aayl51,aayl51:0000280:1755b8d29447,1755b8d2944759c06d1fdebc110f5102f5ba6c45b15b32d5ae1d971e9fff4b3e,0.5953538418,if6_consensus_when_public_priors_concordant_with_d4
aayl51,aayl51:0000281:669379a8cabd,669379a8cabdf0601010201e916a3fd122ccd96d3b093311e82fdd79745bb7c9,0.2925060093,if6_consensus_when_public_priors_concordant_with_d4
aayl51,aayl51:0000282:0ed30c413b49,0ed30c413b490fcb2274f91c92dc79ab3260db82cb8c6517f8d7fcdb9223f958,0.09454348683,if6_consensus_when_public_priors_concordant_with_d4
aayl51,aayl51:0000283:966e01514522,966e015145224ca0c1173d37538041c86bff55bfc70a896f64615f95a11a1821,0.2234313488,if6_consensus_when_public_priors_concordant_with_d4
aayl51,aayl51:0000284:88211bc77f30,88211bc77f3095b51f41c6bac5a181732cc2d88e9fe07810da5941f757020f4d,0.8694913983,if6_consensus_when_public_priors_concordant_with_d4
aayl51,aayl51:0000285:eabb26badf60,eabb26badf602407028bf1aa1088e213128ad204351aa90b2dd2de53b79a845f,0.5690360665,if6_consensus_when_public_priors_concordant_with_d4
aayl51,aayl51:0000286:47dd22c5e378,47dd22c5e378be55faa9865851b34ba7d1c3db88cf22c6271785521855c343e3,0.1915566772,if6_consensus_when_public_priors_concordant_with_d4
aayl51,aayl51:0000287:29fe41a80c81,29fe41a80c81ef28d1ad15fcc17a2669111406a76528d2890e00bf621c9542a7,0.5833140016,if6_consensus_when_public_priors_concordant_with_d4
aayl51,aayl51:0000288:cabec82c2ef2,cabec82c2ef2cc048a1b005cb6d12f2b2c3616761ea6147a187476c4473810c8,0.4606004655,if6_consensus_when_public_priors_concordant_with_d4
aayl51,aayl51:0000289:93fc591b73b5,93fc591b73b56c45d14ea2771797652d2bcca4e5431a1daa8784e008dec23cd5,0.1726479977,if6_consensus_when_public_priors_concordant_with_d4
aayl51,aayl51:0000290:2b96e9dcfb47,2b96e9dcfb470cac760e0f5e61e479d0f92b31fd3e9619f64dee0503ec3a97c6,0.724704802,if6_consensus_when_public_priors_concordant_with_d4
aayl51,aayl51:0000291:67815e35bc9a,67815e35bc9a74519a4f4b3b55de5efc31dd1c09a0c6a701e27ea8b205d7d359,0.7982557416,if6_consensus_when_public_priors_concordant_with_d4
aayl51,aayl51:0000292:2f93b1615517,2f93b1615517dc6d0320d07bc3bb5dc9a23b433e016f0f520bc4e0440d04e54d,0.3904453218,if6_consensus_when_public_priors_concordant_with_d4
aayl51,aayl51:0000293:b97ed28e614b,b97ed28e614b114da58e0c3ed917c38834cd6229db1c96d58f8866493531ce4c,0.3626611233,if6_consensus_when_public_priors_concordant_with_d4
aayl51,aayl51:0000294:f5961c577825,f5961c5778258572a5285134fd26c80901f990b604f2407e5d18845f5297adca,0.2074554414,if6_consensus_when_public_priors_concordant_with_d4
aayl51,aayl51:0000295:0bb1a40340bd,0bb1a40340bdd9eea0be7a80021e398003e6c00c083b4cd206fa292fb15470f9,0.1632322222,if6_consensus_when_public_priors_concordant_with_d4
aayl51,aayl51:0000296:2e987620fda3,2e987620fda3e77dee7406cb4f0715b022b17f15d598f06a22fa7bb58e169ce2,0.08080574125,if6_consensus_when_public_priors_concordant_with_d4
aayl51,aayl51:0000297:fccb9d76595d,fccb9d76595d93cbd101b6e5fe599e2fa4c5f2cfad370e2bfdcead5b66140ba9,0.2105425596,if6_consensus_when_public_priors_concordant_with_d4
aayl51,aayl51:0000298:91fc00fc0e16,91fc00fc0e160e2a7a99e0d872f87a8c17dcfe2e6df840a195fac7f5bb7a46ec,0.2232770175,if6_consensus_when_public_priors_concordant_with_d4
aayl51,aayl51:0000299:bdbce58510c6,bdbce58510c69e4a6572734ec697c91378315accd1f4e0e56fcad0fb6c630bba,0.5681099296,if6_consensus_when_public_priors_concordant_with_d4
aayl51,aayl51:0000300:4910344be348,4910344be348fd1c4b7d2befa50fc3d2e34622012d59b4cb9ed78520e6e5f909,0.2947441638,if6_consensus_when_public_priors_concordant_with_d4
aayl51,aayl51:0000301:be545795a566,be545795a566882b9ca3dfdf261b4f1c73f2fdacab2f9f8f69b05c47051f842b,0.1110596657,if6_consensus_when_public_priors_concordant_with_d4
aayl51,aayl51:0000302:e67857d5f112,e67857d5f112d1b87b98339673a3d3bf1dea114444cf6604b9c6b6a404fcfdbb,0.2898819149,if6_consensus_when_public_priors_concordant_with_d4
aayl51,aayl51:0000303:e358a8945478,e358a8945478938e1324af4b600e4b02e3779cd2a67eda5e19fda366e2dd7c74,0.181755051,if6_consensus_when_public_priors_concordant_with_d4
aayl51,aayl51:0000304:aaf8e3d7101c,aaf8e3d7101cdb6ec9fe5caba220000eb6eab749c08b2655aa5e3b2d00d182ba,0.5501273274,if6_consensus_when_public_priors_concordant_with_d4
aayl51,aayl51:0000305:c9b0798c6a23,c9b0798c6a237c2163e4d7935eadce90e7294bbb90611a015bd9f0968b778b4b,0.5558385849,if6_consensus_when_public_priors_concordant_with_d4
aayl51,aayl51:0000306:a988be0e19da,a988be0e19da53ea6a4a5f13aab9904079354a144b38e541930b3d0908e0e184,0.5536775589,if6_consensus_when_public_priors_concordant_with_d4
aayl51,aayl51:0000307:bc8a877570fa,bc8a877570fafdb2add519a1b68ede088a3b91c549a9333da3f68f068c08ff38,0.1750405282,if6_consensus_when_public_priors_concordant_with_d4
aayl51,aayl51:0000308:b57086b7d612,b57086b7d61240bc186e21ef8322c28ba982fc723e4a286f941dc1b74b5f498d,0.4184610844,if6_consensus_when_public_priors_concordant_with_d4
aayl51,aayl51:0000309:fb02807f5e3f,fb02807f5e3f3116dc8651a61d38d06e2be3daa7340889323055fd2797b2cd41,0.5922667384,if6_consensus_when_public_priors_concordant_with_d4
aayl51,aayl51:0000310:39f834920f49,39f834920f495f81ed64da8bc8f59c4bd53e9b0de56b6dabf26cd77682de8cda,0.4673149586,if6_consensus_when_public_priors_concordant_with_d4
aayl51,aayl51:0000311:065a79b46d97,065a79b46d9784e5c84f9dab9b5a7ecaadadf4ca24cab9b5995db1adac352fa4,0.759434998,if6_consensus_when_public_priors_concordant_with_d4
aayl51,aayl51:0000312:c0f10af7c3cc,c0f10af7c3cc3b5380947f3c001abb4a3c2f29ceeec156e5d095def525b2bd06,0.5731264949,if6_consensus_when_public_priors_concordant_with_d4
aayl51,aayl51:0000313:16a8bea2a441,16a8bea2a441b05ec4de75f2344bc0ffced3e6c3f49b5723be598ee5999e603f,0.6969205737,if6_consensus_when_public_priors_concordant_with_d4
aayl51,aayl51:0000314:04590cd076e1,04590cd076e1e090dcf467cdc4b37467820b78adbead0c55881f4b1d113a66a4,0.1383807957,if6_consensus_when_public_priors_concordant_with_d4
aayl51,aayl51:0000315:6db65334c0e9,6db65334c0e985a0b29561346d07e811ef488c13e6dfea69cb03efd82eb736dc,0.2551516593,if6_consensus_when_public_priors_concordant_with_d4
aayl51,aayl51:0000316:e799bc9c0ed0,e799bc9c0ed01e112f9630c7096885966e2d43af28d43f54b945b115d9409e74,0.07030948251,if6_consensus_when_public_priors_concordant_with_d4
aayl51,aayl51:0000317:89fd245a31b1,89fd245a31b15f45d6efc39dca92d52df18b4d6f9f720eac3bb9d904b9d5fadf,0.1159990728,if6_consensus_when_public_priors_concordant_with_d4
aayl51,aayl51:0000318:13928544be0e,13928544be0e8501f97aa46822642a90e748fc24014da411c5468a0955a84857,0.362506777,if6_consensus_when_public_priors_concordant_with_d4
aayl51,aayl51:0000319:a6c9272c2204,a6c9272c220484f896fa94f13fbfe2b259f2238e8a9ccce1897aebf89ad43757,0.06236011162,if6_consensus_when_public_priors_concordant_with_d4
aayl51,aayl51:0000320:1efcd8a4ee64,1efcd8a4ee641cb834f78fe168dcd368fbb0b057b17739074ff3dd7fbdf36ab9,0.8552134037,if6_consensus_when_public_priors_concordant_with_d4
aayl51,aayl51:0000321:538f5fe16c62,538f5fe16c623609522e126071128a7a7b3bf903f9d4460962343ad7f8d1782d,0.08065138012,if6_consensus_when_public_priors_concordant_with_d4
aayl51,aayl51:0000322:e2ae66650909,e2ae66650909e629e57f99489c531a242cef5da69b5b7abbc6468f213ac54196,0.05456509814,if6_consensus_when_public_priors_concordant_with_d4
aayl51,aayl51:0000323:b8bea42df5a6,b8bea42df5a6127b106b6037eb753496f0c346da38b2a2b5417d6b0868f1b032,0.1722620875,if6_consensus_when_public_priors_concordant_with_d4
aayl51,aayl51:0000324:be28686545a6,be28686545a662b66f0693a7e71fb09fb8bba97f8c223bde74fec83fa24ddcf6,0.04190784693,if6_consensus_when_public_priors_concordant_with_d4
aayl51,aayl51:0000325:7b87d52d40a4,7b87d52d40a462f6d46b625f2e75de92b59eaa8e94674eceace8f544bf76188b,0.9411129355,if6_consensus_when_public_priors_concordant_with_d4
aayl51,aayl51:0000326:0ec156f8b284,0ec156f8b284abea9dc832a799247a3ecd23e7e1473ed83437d152e81325417b,0.2156363279,if6_consensus_when_public_priors_concordant_with_d4
aayl51,aayl51:0000327:bb31c8d7b65d,bb31c8d7b65d3ba6d49511041c01dd82966159e384d3296508ff846edb980d66,0.7954001427,if6_consensus_when_public_priors_concordant_with_d4
aayl51,aayl51:0000328:7cd8e11446a5,7cd8e11446a5f635bb2c204ec8a303ca0c9ea9b3e2752ee6bcd5999d695381a9,0.5298294425,if6_consensus_when_public_priors_concordant_with_d4
aayl51,aayl51:0000329:3b02dec22d1b,3b02dec22d1bc35d4f88b8c06ebd9d27a84f902dc6c1f214d49bd1a63bc6d0ea,0.804815948,if6_consensus_when_public_priors_concordant_with_d4
aayl51,aayl51:0000330:923bf677759c,923bf677759c001613aa964e17b906539fd8ef54d598cc8bb06a643737fe8856,0.1140696108,if6_consensus_when_public_priors_concordant_with_d4
aayl51,aayl51:0000331:7b6b917fe350,7b6b917fe35059b1a420fccf3a923230e244d99596169e755a57be708ff25adb,0.07926217467,if6_consensus_when_public_priors_concordant_with_d4
aayl51,aayl51:0000332:1d6bd490c68e,1d6bd490c68e2f27c3a194b0dfe085a0d2888608f30be03ba8a98ef1a01a5d18,0.01751948893,if6_consensus_when_public_priors_concordant_with_d4
aayl51,aayl51:0000333:9fc7c74a4211,9fc7c74a4211e7120d85c821b86e8ce7725b0ece63c33108133a5a7f4d5160ce,0.7206143737,if6_consensus_when_public_priors_concordant_with_d4
aayl51,aayl51:0000334:b7fdd9cdc3d4,b7fdd9cdc3d4ace8be48b576c151d03ded4dc01f50c9699e283b2673941416c3,0.1738828421,if6_consensus_when_public_priors_concordant_with_d4
aayl51,aayl51:0000335:0b505014a1ef,0b505014a1ef6c04562115816004e8c0d0f8dc00eddf374ad9bd3e09507f0109,0.3809523582,if6_consensus_when_public_priors_concordant_with_d4
aayl51,aayl51:0000336:dd9d7fa3dd85,dd9d7fa3dd859aaf08c63d060e8437e785d08f9b9d89490e6d06e8358c77bfbf,0.2411051989,if6_consensus_when_public_priors_concordant_with_d4
aayl51,aayl51:0000337:f9a50bef7c79,f9a50bef7c792ea73b53c4a348769465eb650f2f96773f26c3e3fb79b8347d0e,0.2188006639,if6_consensus_when_public_priors_concordant_with_d4
aayl51,aayl51:0000338:78c0aec7a6d9,78c0aec7a6d98a4c1230167db65dd359fbb1efb3c0a6ca2ff8c3eea8461b9f37,0.453114152,if6_consensus_when_public_priors_concordant_with_d4
aayl51,aayl51:0000339:6a66e25c21ca,6a66e25c21ca477165e42fe3c14b5a49cff4437db928117b1cc70d900bab81b9,0.4207764566,if6_consensus_when_public_priors_concordant_with_d4
aayl51,aayl51:0000340:aa260d06312c,aa260d06312c8e295cc7109fc7272431bd11b6b32536d940e203dc3fefa3f9c5,0.96503824,if6_consensus_when_public_priors_concordant_with_d4
aayl51,aayl51:0000341:ca69e74c0f2a,ca69e74c0f2a1ca877691bfffc2c161ccf60961ea97dbdd9ddd8e0f1147832cb,0.382650286,if6_consensus_when_public_priors_concordant_with_d4
aayl51,aayl51:0000342:a776f2e06aa5,a776f2e06aa546b1ef6405ef02e0e8742d0531f2764e6dcc06ea358fcd5510f7,0.5791464448,if6_consensus_when_public_priors_concordant_with_d4
aayl51,aayl51:0000343:5ae900987e41,5ae900987e41ca091e1d05abe21a5e8e6758d5653931f204dfa486d7fe60e884,0.266574055,if6_consensus_when_public_priors_concordant_with_d4
aayl51,aayl51:0000344:9dbdefe5234d,9dbdefe5234de33ca81a2fc27e3042179d821c102737de9452fc1d335679dbeb,0.2761441767,if6_consensus_when_public_priors_concordant_with_d4
aayl51,aayl51:0000345:dd7bf5035154,dd7bf5035154260a2c8ad472f759545aa6236c2eaea4a64449f68e6b197f62b0,0.09276839346,if6_consensus_when_public_priors_concordant_with_d4
aayl51,aayl51:0000346:fc5f86b3ea67,fc5f86b3ea67a86fd143e4b9e056acd2a3730e0867187438c505ea2b82f61787,0.173805669,if6_consensus_when_public_priors_concordant_with_d4
aayl51,aayl51:0000347:b4335615cf12,b4335615cf127aa7ac32e7b90ce2aa37837bec86ba91c07035781e4e25fd2a76,0.04190785065,if6_consensus_when_public_priors_concordant_with_d4
aayl51,aayl51:0000348:fd406146dd07,fd406146dd07c1082ae8cf7276543d5b223c1d80c22bdb9ef9b0dc72609b9324,0.7937793732,if6_consensus_when_public_priors_concordant_with_d4
aayl51,aayl51:0000349:f760e79211b0,f760e79211b0e594d0e63dc8c629302acb07e927b572168995b43eb4d7777fe3,0.0761750415,if6_consensus_when_public_priors_concordant_with_d4
aayl51,aayl51:0000350:2da8fbd2c690,2da8fbd2c690a7da1c464be973b53ce5d55dd00b7b168f79f6daa41c09e7bf9d,0.7710890174,if6_consensus_when_public_priors_concordant_with_d4
aayl51,aayl51:0000351:c68e9038ed27,c68e9038ed278a79d17adbd576fb12721ad707557bd2aaa656195939bdadd126,0.3078644574,if6_consensus_when_public_priors_concordant_with_d4
aayl51,aayl51:0000352:d4845f50b830,d4845f50b8300ecfaab620a47ea673eabf7553e1ffe401d1bafca9024b442c64,0.3182063699,if6_consensus_when_public_priors_concordant_with_d4
aayl51,aayl51:0000353:f67b6cc8233c,f67b6cc8233c116a5622df8c3df180f4c7436bd33ea316df0d2a14c34d38855c,0.2071467191,if6_consensus_when_public_priors_concordant_with_d4
aayl51,aayl51:0000354:bf66be3400df,bf66be3400dfb8237429c9cde40ac9dd152e4b883162838579ecb38b22c85762,0.1303542405,if6_consensus_when_public_priors_concordant_with_d4
aayl51,aayl51:0000355:cfbb11bd6508,cfbb11bd65080de96e94ca536a3b47d97eb13edf3ea98cf7fa6e141e2db56d88,0.7598209381,if6_consensus_when_public_priors_concordant_with_d4
aayl51,aayl51:0000356:37affa433a2b,37affa433a2bb91fd74c83e76174dca3be60ff3452c3d7e9ad7c299cbdfcd4b5,0.01350621227,if6_consensus_when_public_priors_concordant_with_d4
aayl51,aayl51:0000357:e3688ef2d3f5,e3688ef2d3f525df734689e982e95c17b6c699e4dfcfee251ea9d9e74d6b0358,0.824110508,if6_consensus_when_public_priors_concordant_with_d4
aayl51,aayl51:0000358:1bd01988e9eb,1bd01988e9ebe69903c97a6bc1dee4894028bbbf1742c29063b72809d395cdda,0.1380720884,if6_consensus_when_public_priors_concordant_with_d4
aayl51,aayl51:0000359:86b57ff3f410,86b57ff3f410aa3f4da89e921f4620bc0700dfc3ded802116dd58ed63ce91f45,0.7504051328,if6_consensus_when_public_priors_concordant_with_d4
aayl51,aayl51:0000360:abc3fe7eeebb,abc3fe7eeebb5c661923de4037b4cdf55244a54210ce11f1ddabd9a84c099d7d,0.3216793835,if6_consensus_when_public_priors_concordant_with_d4
aayl51,aayl51:0000361:7b02f465797f,7b02f465797f9a63e07c84b693912c5f620b7967e1731d2e2b8481688b0a51fe,0.2651848495,if6_consensus_when_public_priors_concordant_with_d4
aayl51,aayl51:0000362:df39a7432471,df39a743247104ddb8d6ae6aefef5cfa77608a9a25e4dd02d5a6d674a56f6452,0.2855213583,if6_consensus_when_public_priors_concordant_with_d4
aayl51,aayl51:0000363:a4de1100f669,a4de1100f66950966ca7a3909199aa2d45edca350d4b928606c90d01459f4ad8,0.941576004,if6_consensus_when_public_priors_concordant_with_d4
aayl51,aayl51:0000364:c7c3a9437eee,c7c3a9437eeeda7bd9c12d8ed370c6c9573594f3d131402d31d5ba8b882a815d,0.2847109735,if6_consensus_when_public_priors_concordant_with_d4
aayl51,aayl51:0000365:321abd131213,321abd1312138b0cd365762a9c55788e8c005f1a4fb1ea8a17762eec6ffcae15,0.4008643627,if6_consensus_when_public_priors_concordant_with_d4
aayl51,aayl51:0000366:c68922dd5924,c68922dd5924d3e6e2f2c31c191776ebc0c04d3163273e261472f3e6cacf0168,0.7549588084,if6_consensus_when_public_priors_concordant_with_d4
aayl51,aayl51:0000367:60b5483b44a1,60b5483b44a1f407c9fe25ee58d09c45bbfaeb0ca38cb1f402edfa3a886a21f8,0.5962799788,if6_consensus_when_public_priors_concordant_with_d4
aayl51,aayl51:0000368:bba1854e2dcd,bba1854e2dcd23104ff95d48a4e8e525d6a9c48ae6c8872106e290eddfabaae4,0.3127267063,if6_consensus_when_public_priors_concordant_with_d4
aayl51,aayl51:0000369:bf8a9df0f002,bf8a9df0f0029aba0eea35a1f475135fac3c94fadee82075653d200d1dd8dc46,0.1721849293,if6_consensus_when_public_priors_concordant_with_d4
aayl51,aayl51:0000370:ac311512cf2c,ac311512cf2cb7464c36fa6eb9ce61ce0ee41a28b67111bf802665a278402e08,0.1135293618,if6_consensus_when_public_priors_concordant_with_d4
aayl51,aayl51:0000371:bf29aae3acf7,bf29aae3acf7627891bdf515702a861dd36bc772b049081a5ca1460399f575f9,0.7368218303,if6_consensus_when_public_priors_concordant_with_d4
aayl51,aayl51:0000372:2b91ff71b89a,2b91ff71b89a922e4d1a0780014b31a75ee632b630c755e1c8036132ec6ccb48,0.4029482305,if6_consensus_when_public_priors_concordant_with_d4
aayl51,aayl51:0000373:899af3127096,899af3127096720d4283e0a62db460c8ad514d31d1e16c453afb217abf842ee2,0.8561394811,if6_consensus_when_public_priors_concordant_with_d4
aayl51,aayl51:0000374:0a5099c8b041,0a5099c8b041d0c6dbdc294690a23515cbbfd286351e73afe2f0a352ff5f1379,0.2593192756,if6_consensus_when_public_priors_concordant_with_d4
aayl51,aayl51:0000375:85042d405044,85042d4050440dbf5ad4101c0c6e3b23fc484ae51d96d645f77686416e37313f,0.1732654124,if6_consensus_when_public_priors_concordant_with_d4
aayl51,aayl51:0000376:953f5580f961,953f5580f961f8cbac68823243cd996e894ae1585d459a18d0e4d698888ea0fb,0.4163000584,if6_consensus_when_public_priors_concordant_with_d4
aayl51,aayl51:0000377:79fa477218b0,79fa477218b06a22c84df60b1d5513ceb31c5318d9ccebd00cee6e73df2855b8,0.664814353,if6_consensus_when_public_priors_concordant_with_d4
aayl51,aayl51:0000378:b80099a90d57,b80099a90d577ffa0a2a692f4206668b6f539a24308927ca5c4f1fbfa0c8fe18,0.8374623656,if6_consensus_when_public_priors_concordant_with_d4
aayl51,aayl51:0000379:fd99acd00a03,fd99acd00a031efd146c06b9152625620a250b85e69982d25c957150bc147158,0.2388670295,if6_consensus_when_public_priors_concordant_with_d4
aayl51,aayl51:0000380:c999c6c98af0,c999c6c98af0a166cd297818642afdf06e3ff4dc9d68b994eda69f154dadf2ee,0.4866095483,if6_consensus_when_public_priors_concordant_with_d4
aayl51,aayl51:0000381:0e7c137e2c54,0e7c137e2c5467e10ae88418b24f513005a8489425f89033b18b45d47c3fd2a3,0.1263409704,if6_consensus_when_public_priors_concordant_with_d4
aayl51,aayl51:0000382:601dd381e091,601dd381e091bf1bcfeb386e72a2831f6658e348d4c0d4e76e2aa5690fdcdeef,0.05510534719,if6_consensus_when_public_priors_concordant_with_d4
aayl51,aayl51:0000383:e5719342b2ab,e5719342b2ab236b5d5e3e7429df7b28df5d79d3fb51f0fcdccf45011aa7ef80,0.3412826955,if6_consensus_when_public_priors_concordant_with_d4
aayl51,aayl51:0000384:260cd90222db,260cd90222dba37985309e785c29fc8ee1e2ffec817cc1b8eaacd46e368d6b90,0.222659573,if6_consensus_when_public_priors_concordant_with_d4
aayl51,aayl51:0000385:b990e1f56e4a,b990e1f56e4a7ae7e2311df2ff064905f95b526384b5721898900d2ed0c8b6d6,0.2204213887,if6_consensus_when_public_priors_concordant_with_d4
aayl51,aayl51:0000386:3036b5047652,3036b504765240df0616e4ba7a4bfe5a7d47848f3cf902625183416cad72820d,0.1910936236,if6_consensus_when_public_priors_concordant_with_d4
aayl51,aayl51:0000387:c749a7a7a748,c749a7a7a748a1856134aec32e4ae30221727c6840f26f7fd37301a755be3f65,0.6699852943,if6_consensus_when_public_priors_concordant_with_d4
aayl51,aayl51:0000388:dd6e264bb94a,dd6e264bb94a72c81633993797af4e8d01126d3ef1323a8e7ccebf79e6b255df,0.5577680469,if6_consensus_when_public_priors_concordant_with_d4
aayl51,aayl51:0000389:cdbb5bb6f36c,cdbb5bb6f36c9cf7ba2976997dd7435ad1aeeaa25a4af8a2bdcf040e89e5e8c0,0.7814309001,if6_consensus_when_public_priors_concordant_with_d4
aayl51,aayl51:0000390:ef0f4a369b83,ef0f4a369b8352b25d8059aef92722a94f6d270b4b948a2c7cab0587b6385374,0.8650922775,if6_consensus_when_public_priors_concordant_with_d4
aayl51,aayl51:0000391:70476a755546,70476a7555468ff071a918b8c1d820567cb634370913ace8d8e351e8b42c3a03,0.7625994086,if6_consensus_when_public_priors_concordant_with_d4
aayl51,aayl51:0000392:c9173909c97b,c9173909c97bf05016ea676b89b5c30a1e6f1e023444e585d4c76afed3447f4c,0.4318901002,if6_consensus_when_public_priors_concordant_with_d4
aayl51,aayl51:0000393:99005aa69cea,99005aa69ceae2951ebabdb46d6f234a7195b26e395b39aecf91580ca76a5b61,0.7823570371,if6_consensus_when_public_priors_concordant_with_d4
aayl51,aayl51:0000394:dfa455e8c23b,dfa455e8c23b7914475640b89a943cead2915a2e8007c24ada1283a4a49ec8ed,0.7365902066,if6_consensus_when_public_priors_concordant_with_d4
aayl51,aayl51:0000395:bb631dd110ad,bb631dd110adada500900cd58520ff398c24ecc72ead0e013df3a5dbb30770d4,0.846800983,if6_consensus_when_public_priors_concordant_with_d4
aayl51,aayl51:0000396:1fcaadb76b34,1fcaadb76b34c64a66b6e60b9e54bf69e9b10e9e8c4c32e930f24b1db82b792e,0.689743042,if6_consensus_when_public_priors_concordant_with_d4
aayl51,aayl51:0000397:aebfff22df8c,aebfff22df8cd6ee5382b8ee32c13fd0e660737da3d89e4c5fb868af6416e91e,0.5949680209,if6_consensus_when_public_priors_concordant_with_d4
aayl51,aayl51:0000398:a926440d7f5f,a926440d7f5f68cd6e8551b73d3fbba451545c6d2a432ca21ff26631ecb6cc84,0.7179902196,if6_consensus_when_public_priors_concordant_with_d4
aayl51,aayl51:0000399:dac5864f6ea3,dac5864f6ea30a4caa171d0d400ae06f8f1a68bf1db546509bde1092a8b93fd9,0.7443852425,if6_consensus_when_public_priors_concordant_with_d4
aayl51,aayl51:0000400:9cb79b4a40ff,9cb79b4a40ffddf3d3eb9126db5b9f9b5dfa5fa573dedd1fece919084b71046f,0.7582001686,if6_consensus_when_public_priors_concordant_with_d4
aayl51,aayl51:0000401:0a0dc7a546f2,0a0dc7a546f209b385b1f3cf88e87eedc5d8f3b7beeef84f3de5a4e4c22aa673,0.4257930219,if6_consensus_when_public_priors_concordant_with_d4
aayl51,aayl51:0000402:ac697ad59b33,ac697ad59b336bfda0e8b66556b49d9f0da5d1bb4260dcdfe8ab5e9c21c4805e,0.6046152711,if6_consensus_when_public_priors_concordant_with_d4
aayl51,aayl51:0000403:2c885190d5af,2c885190d5af201707569572154982940f3d7b98fe445bc0b3cd4491c4ec8fe5,0.7543413043,if6_consensus_when_public_priors_concordant_with_d4
aayl51,aayl51:0000404:bffda8bd1a49,bffda8bd1a49811cff84a867a58872a6a905b8bed9c666b40bdb7fc94488fe7c,0.6024542451,if6_consensus_when_public_priors_concordant_with_d4
aayl51,aayl51:0000405:5d350ce49118,5d350ce49118ca4a1cfa9e36754b429e5d39448ae9b2b15c1e6f4e138baf41f3,0.5393995643,if6_consensus_when_public_priors_concordant_with_d4
aayl51,aayl51:0000406:440ceea7776f,440ceea7776f5eb1b430bc3b85484ff4d0e78bae1754b3938c975a0e571b9624,0.4947133064,if6_consensus_when_public_priors_concordant_with_d4
aayl51,aayl51:0000407:ee117f59ddc5,ee117f59ddc5679fddc0691e8407afc5b429039ae690cfc66d64044ae12c7f80,0.7412981391,if6_consensus_when_public_priors_concordant_with_d4
aayl51,aayl51:0000408:3f3c1b4d930d,3f3c1b4d930dadbe5f4387718a462f9bbd697b9501c509bf91669ae401ce5e53,0.8944199681,if6_consensus_when_public_priors_concordant_with_d4
aayl51,aayl51:0000409:def78e0fc187,def78e0fc18748ba91978bb185d9f14f0aa165e130812094d8376397bd345259,0.5170178413,if6_consensus_when_public_priors_concordant_with_d4
aayl51,aayl51:0000410:60405ba468c1,60405ba468c1a4527cf54284e838c7a7cc78d556cff603f63bc63e9a3b398eed,0.5011962652,if6_consensus_when_public_priors_concordant_with_d4
aayl51,aayl51:0000411:32406fb494ac,32406fb494ac79daedb8ad8da82806e8c1e255dadf4278f83ba33748abafe8da,0.3845025599,if6_consensus_when_public_priors_concordant_with_d4
aayl51,aayl51:0000412:5cfd3901ea83,5cfd3901ea83f5895682774f38773b83c290d2a2fe74a21ece6eff0ca801f801,0.5254302621,if6_consensus_when_public_priors_concordant_with_d4
aayl51,aayl51:0000413:2ef254142e48,2ef254142e48c6eb7480030539f8335bc5453d06730353e71e0fea533470cce8,0.3343366385,if6_consensus_when_public_priors_concordant_with_d4
aayl51,aayl51:0000414:b8bdbe489d3e,b8bdbe489d3e2f362961afca9d3d4d0d928677b9a99c0101a7f902ef41142da4,0.492320776,if6_consensus_when_public_priors_concordant_with_d4
aayl51,aayl51:0000415:e61b9cd3005e,e61b9cd3005ebec6caa931b22214d9b9072425c2afc54d0190550a01ff2ad006,0.7636027336,if6_consensus_when_public_priors_concordant_with_d4
aayl51,aayl51:0000416:fdbd69909020,fdbd69909020d7f045efa8959a3c957ea4e41c161996cf83e7932ef32a07459f,0.8543643951,if6_consensus_when_public_priors_concordant_with_d4
aayl51,aayl51:0000417:0ab901ab0469,0ab901ab046930b43cb2fca40ede51e67b165377c6b3cb0fc18e7a059d17848b,0.7384424806,if6_consensus_when_public_priors_concordant_with_d4
aayl51,aayl51:0000418:48a6537ff64c,48a6537ff64c157405a5a5eb1426959eec46025b3ff008d03d043268229e66ed,0.7324997783,if6_consensus_when_public_priors_concordant_with_d4
aayl51,aayl51:0000419:e47474a350f6,e47474a350f6c1cba5cef3fea623c5e8f0bc50053729f4f0b4ee291d0032c2f1,0.4116693735,if6_consensus_when_public_priors_concordant_with_d4
aayl51,aayl51:0000420:2922fa84115c,2922fa84115c2c5b7e4ede6ea10e67c84fe5013a100d2ca65dcd890cc7582f88,0.9620282054,if6_consensus_when_public_priors_concordant_with_d4
aayl51,aayl51:0000421:83b87d5a2087,83b87d5a208750ba2edafbe3ef9648895dd48e24fc242aef64dbdd563020511f,0.490314126,if6_consensus_when_public_priors_concordant_with_d4
aayl51,aayl51:0000422:fb932fc68c6d,fb932fc68c6dfc4c54d2e8cb96d0a8a725e4c2d00fbe986b5cd34d522dd5e1b6,0.7572740912,if6_consensus_when_public_priors_concordant_with_d4
aayl51,aayl51:0000423:a9e124fe685b,a9e124fe685b11d43650d97f646ee9df548ac1a49489613350294e11f1c276fb,0.2758354545,if6_consensus_when_public_priors_concordant_with_d4
aayl51,aayl51:0000424:3c97810d8149,3c97810d814999016e7250138aba23ae6627cd985aac9714499124c5c413c7db,0.7784981728,if6_consensus_when_public_priors_concordant_with_d4
aayl51,aayl51:0000425:44d4be2521e2,44d4be2521e2377facbaab362b89296d00606f527e11911790ec26383d4a6f21,0.4827506542,if6_consensus_when_public_priors_concordant_with_d4
aayl51,aayl51:0000426:7c5e3ecbe300,7c5e3ecbe300e10a5bd60bb7c197409d5bbceff22d7c15b9d40a6ea2768b0938,0.3671374321,if6_consensus_when_public_priors_concordant_with_d4
aayl51,aayl51:0000427:74d9b9953b21,74d9b9953b21e20f06c20b5efcf31bcc877f1953cec952f0c6debe0c70f9f689,0.6408119202,if6_consensus_when_public_priors_concordant_with_d4
aayl51,aayl51:0000428:1cc61a53454b,1cc61a53454bd7a692890fb2303b8f7b569437a17414842374956bfc6c843c39,0.5539862514,if6_consensus_when_public_priors_concordant_with_d4
aayl51,aayl51:0000429:1f58af879c31,1f58af879c3172934f41a7ebdcf9772a614709dec6e5d9201cc7a705da97dced,0.5759049058,if6_consensus_when_public_priors_concordant_with_d4
aayl51,aayl51:0000430:3a3de3a575cb,3a3de3a575cb8bbecb8e0041b9159add660cd18204e97a6df95ae768534486d8,0.5517480373,if6_consensus_when_public_priors_concordant_with_d4
aayl51,aayl51:0000431:3136d95674b7,3136d95674b795117c2249ae1a015b12533880f9521a381bd26b03102cd13887,0.3920660913,if6_consensus_when_public_priors_concordant_with_d4
aayl51,aayl51:0000432:f8ddc040b309,f8ddc040b309f03f5b52c37bd359795d0384cd8b1edef81e9bbc84d47b41e376,0.4092768729,if6_consensus_when_public_priors_concordant_with_d4
aayl51,aayl51:0000433:0e3f5c63fb61,0e3f5c63fb61a543148cd66e1f04403ac8a8bdb425c98bc1c687ca882f1542ff,0.9492166042,if6_consensus_when_public_priors_concordant_with_d4
aayl51,aayl51:0000434:bc6f52e40364,bc6f52e40364847b48bd3217716ceeae72a65aeb88430f20e3e37b58d3753eaf,0.2641043365,if6_consensus_when_public_priors_concordant_with_d4
aayl51,aayl51:0000435:0b3d3103e649,0b3d3103e649f375a236d537a1d8550be8d97ce479ecb71dde447a86197f5f6d,0.4186154306,if6_consensus_when_public_priors_concordant_with_d4
aayl51,aayl51:0000436:41b16ab82b1a,41b16ab82b1aa3d4a39cabd3a0f3742ec3a2f5ab7ab410ba2175bbd54714ae9b,0.4668519199,if6_consensus_when_public_priors_concordant_with_d4
aayl51,aayl51:0000437:989afe5a087d,989afe5a087d7ce43d389f11899c04f76bb3f907a96257f31d96285bfa820f28,0.6925213933,if6_consensus_when_public_priors_concordant_with_d4
aayl51,aayl51:0000438:c2dd54006c17,c2dd54006c178b1d86a4b3577758617aab9644cdc19348bf4e1938c421e5a801,0.4450104237,if6_consensus_when_public_priors_concordant_with_d4
aayl51,aayl51:0000439:8fadd95b3b8b,8fadd95b3b8bcee0a46d0e34fc041763033559732f49117a869f41b45cd20370,0.7859072685,if6_consensus_when_public_priors_concordant_with_d4
aayl51,aayl51:0000440:db6bad2215e6,db6bad2215e672948e9dfcc43e784ed1df0d669a6dad662e936216f13340d7aa,0.7662267685,if6_consensus_when_public_priors_concordant_with_d4
aayl51,aayl51:0000441:d552013ba52f,d552013ba52f943998ee32f3ed74c6fd2ed8c5a050c5a1cbd873b6e1eb435329,0.759434998,if6_consensus_when_public_priors_concordant_with_d4
aayl51,aayl51:0000442:95698d23eeb7,95698d23eeb7f89dd5fdfd124bd6dbef85392f476d5df6499bdf86eb9e1ac00e,0.6345604658,if6_consensus_when_public_priors_concordant_with_d4
aayl51,aayl51:0000443:37aaa2474491,37aaa2474491cb8fa194694ee87aaf46d234b9e73ec6c2d5634b813c511ce0a0,0.8552134037,if6_consensus_when_public_priors_concordant_with_d4
aayl51,aayl51:0000444:5ba081b90719,5ba081b90719d771eab384b08244fec031da048ac5fa9fcd0236c8e906bc1188,0.8616964221,if6_consensus_when_public_priors_concordant_with_d4
aayl51,aayl51:0000445:72cc6effad4e,72cc6effad4e8a873df501b6e33391482e7b5e426f78dcf4b4b6ab2f561cf806,0.6353322864,if6_consensus_when_public_priors_concordant_with_d4
aayl51,aayl51:0000446:1b09adb89ee9,1b09adb89ee9b5e82fadb96a1322ce5bb7633b458241bdc8e0b366287f782828,0.7349695563,if6_consensus_when_public_priors_concordant_with_d4
aayl51,aayl51:0000447:921726985d27,921726985d27903f71ae5490c142b263222abc7268de0353e854790e8ba66e47,0.7922358513,if6_consensus_when_public_priors_concordant_with_d4
aayl51,aayl51:0000448:3355902df200,3355902df2007f6c4c0277ba31998f2459a5f571b97da92fd48587154db8463c,0.4179208279,if6_consensus_when_public_priors_concordant_with_d4
aayl51,aayl51:0000449:0ed99c2d7d29,0ed99c2d7d29daafb3f153313477d16f5634cf5f7b474717d0e40a504894c0e8,0.3363432884,if6_consensus_when_public_priors_concordant_with_d4
aayl51,aayl51:0000450:969691b1f4c6,969691b1f4c605c2fca85f3f64d4f2714cf7b1ec607e4f2be3af4e1cc066e04b,0.3074013889,if6_consensus_when_public_priors_concordant_with_d4
aayl51,aayl51:0000451:22578543692e,22578543692eb29f5e5510cf3bb53098c7a5557da0ebedec0618058af60ca56e,0.5460368991,if6_consensus_when_public_priors_concordant_with_d4
aayl51,aayl51:0000452:0f07b47c0b13,0f07b47c0b13bbae20a3da049daedb69567f5fc2d2050c40ad8c719907a4915b,0.8905611038,if6_consensus_when_public_priors_concordant_with_d4
aayl51,aayl51:0000453:e8fe64ec9e2b,e8fe64ec9e2b29b88bf17bc1b8c0b562be1d2a98d0944359e0b32b52967d65f7,0.450181365,if6_consensus_when_public_priors_concordant_with_d4
aayl51,aayl51:0000454:5aea7c63bbca,5aea7c63bbca5c35c381004958e300bca0600112dd9fca88faccb7e43823fc8f,0.6144168973,if6_consensus_when_public_priors_concordant_with_d4
aayl51,aayl51:0000455:ea3e682afedb,ea3e682afedb5fe5868dd8253d5d65d0ec87b802f2865225f6814d0981d3385e,0.8071312904,if6_consensus_when_public_priors_concordant_with_d4
aayl51,aayl51:0000456:87cbb3aae514,87cbb3aae5146a71290e4ecc6a124a142d694b06fa9deb447b72ae0a22452c61,0.6867330074,if6_consensus_when_public_priors_concordant_with_d4
aayl51,aayl51:0000457:87995fefffd0,87995fefffd0597724a71b497c25d94572c63dfce6df8758e2a55cbffaddaa88,0.7586632371,if6_consensus_when_public_priors_concordant_with_d4
aayl51,aayl51:0000458:32fc9710acea,32fc9710acea5142898db78d102ae77e438a5ff6f5dd4f4ebcfc0e67f7504e8d,0.7454657555,if6_consensus_when_public_priors_concordant_with_d4
aayl51,aayl51:0000459:acd3c9b239d3,acd3c9b239d35f979fae8c117d257aec0553a394966bddf82273400014ca1b70,0.4098170996,if6_consensus_when_public_priors_concordant_with_d4
aayl51,aayl51:0000460:24fffe5ebebf,24fffe5ebebf6d98a3edd4e40b96c09f60f8401dc7d9528af22b412f76309b8d,0.2684263289,if6_consensus_when_public_priors_concordant_with_d4
aayl51,aayl51:0000461:08456bfb61c6,08456bfb61c60e74b89564c80d122cc235b35e391e6d808024959f9424ee686a,0.6912865639,if6_consensus_when_public_priors_concordant_with_d4
aayl51,aayl51:0000462:b64eaa705b5a,b64eaa705b5afbc8c5ae94afc862664cd0f0985eaaa76016a573baf6cafcdce2,0.4073474109,if6_consensus_when_public_priors_concordant_with_d4
aayl51,aayl51:0000463:0cfa513bc0a4,0cfa513bc0a4b941de80a109f9001163fdf2c23eb1837d14f4b20f358fad8b79,0.2879524529,if6_consensus_when_public_priors_concordant_with_d4
aayl51,aayl51:0000464:751743d94d2c,751743d94d2c09a6bbc50e2b1e7fa4330e5e495fdca255e97c7d5a6776c57017,0.1646214277,if6_consensus_when_public_priors_concordant_with_d4
aayl51,aayl51:0000465:bcb68ab5de96,bcb68ab5de968b7ba98235b3944bd8cff6d8db629de8908be201f749ede914ce,0.6533920169,if6_consensus_when_public_priors_concordant_with_d4
aayl51,aayl51:0000466:80c9b650c7ba,80c9b650c7ba6fc48d20649353b7bea253b714f8e7bddb6e924c9a2282b5276e,0.591958046,if6_consensus_when_public_priors_concordant_with_d4
aayl51,aayl51:0000467:40af27fcb314,40af27fcb314a39a5426d1b76d956e23280e607f367a79b7ea1fe5f8133c4ce2,0.767924726,if6_consensus_when_public_priors_concordant_with_d4
aayl51,aayl51:0000468:814facc45f6e,814facc45f6e60e965b48026d93f14d3f19d3d61176d25eaaf18a1caaed50162,0.8670988679,if6_consensus_when_public_priors_concordant_with_d4
aayl51,aayl51:0000469:9b8301cd6380,9b8301cd63806f6fa4ad36fe4feb15889c3e7fc91ff6b0be617bb7052d81f5f2,0.826348722,if6_consensus_when_public_priors_concordant_with_d4
aayl51,aayl51:0000470:c0c03e48316e,c0c03e48316e81775572989bdabb09570eaca60e1f6309020ec63eaf0fa12ec4,0.5713513494,if6_consensus_when_public_priors_concordant_with_d4
aayl51,aayl51:0000471:a8139e039166,a8139e039166b9536b6a5528e87482fa4eaf4ef08a2351698ae3de858eb9493d,0.8004167676,if6_consensus_when_public_priors_concordant_with_d4
aayl51,aayl51:0000472:2e6ae2b017dd,2e6ae2b017dd9761e0a2fe91c6a000fc882f6a01657ca7815fbbf2d1f5c90667,0.4696303308,if6_consensus_when_public_priors_concordant_with_d4
aayl51,aayl51:0000473:cae31dfc3af5,cae31dfc3af567d1e429e6034d2bc585d5f88b79047681cdd4010d0478be7b44,0.7015512586,if6_consensus_when_public_priors_concordant_with_d4
aayl51,aayl51:0000474:d8a5feab697d,d8a5feab697d681b49b9dba20aa3e886ed51aad9c4cc1d90eef6ae587d0ef736,0.6683645844,if6_consensus_when_public_priors_concordant_with_d4
aayl51,aayl51:0000475:632855b1b2ae,632855b1b2ae10483586c8cf08ff8dbdb638911412b07f30ea133e4070f539ed,0.7118160129,if6_consensus_when_public_priors_concordant_with_d4
aayl51,aayl51:0000476:e997cd9ed9eb,e997cd9ed9ebed2bea8502249e86fd7159ccaf61488e03702a98aa3d667151e1,0.2916570008,if6_consensus_when_public_priors_concordant_with_d4
aayl51,aayl51:0000477:9ab23836795b,9ab23836795b0723da699da4ceeea25289390fe5d1fe4ecfa34c8ab0f58ee90f,0.8742763996,if6_consensus_when_public_priors_concordant_with_d4
aayl51,aayl51:0000478:aafa3327c880,aafa3327c880296c5d796db354f9bd841546889101dc8d566e35eab30091724b,0.7446168065,if6_consensus_when_public_priors_concordant_with_d4
aayl51,aayl51:0000479:3e94fbb509e0,3e94fbb509e076435aeeb1673921651364788dd69d346bfc9bfaaf9c9896d082,0.7863702774,if6_consensus_when_public_priors_concordant_with_d4
aayl51,aayl51:0000480:3e3d527b236d,3e3d527b236d8b586c00e4ad47753eb06e42eab76ce6bebb99bfa064a17d3c43,0.3404337466,if6_consensus_when_public_priors_concordant_with_d4
aayl51,aayl51:0000481:e65a424a501a,e65a424a501ac062a33951a3de7cf5b09d64dfffd939a66688e9001b7af1abd3,0.4507987797,if6_consensus_when_public_priors_concordant_with_d4
aayl51,aayl51:0000482:aab1689352f8,aab1689352f80ac346e5c68c1621fbaa22f577302538d2babdb03b1741235cde,0.8248050809,if6_consensus_when_public_priors_concordant_with_d4
aayl51,aayl51:0000483:fbc0f9eec855,fbc0f9eec855bf128f749690c4e715b7df95608ccb2900867109dda337d856cd,0.2999151051,if6_consensus_when_public_priors_concordant_with_d4
aayl51,aayl51:0000484:f2de11307191,f2de1130719121336687b8d6270c0c06bd3228b3600ee9403365a0ee0d3eb43c,0.4916261435,if6_consensus_when_public_priors_concordant_with_d4
aayl51,aayl51:0000485:bffebca0a633,bffebca0a633ddf006fb9c77b9ccb93d6ca620735d72b6375610e9ad61d059d6,0.4277996719,if6_consensus_when_public_priors_concordant_with_d4
aayl51,aayl51:0000486:284550edf0e3,284550edf0e3ae0af5a64cebd1cd92ad6ef9917db6ffe614c3393aac7b5641d0,0.8462607265,if6_consensus_when_public_priors_concordant_with_d4
aayl51,aayl51:0000487:550fe252f1ce,550fe252f1ce404a9c657c1e87018b405bbd81f035b2ae199c7290e35c212e0e,0.2447325736,if6_consensus_when_public_priors_concordant_with_d4
aayl51,aayl51:0000488:7b68aa4855de,7b68aa4855deffeadc7b1b6df0c339ccaa356aefff7d9646a188b45364ba22bb,0.2963649035,if6_consensus_when_public_priors_concordant_with_d4
aayl51,aayl51:0000489:9271ec96aa1a,9271ec96aa1afa5b65628a42ea2f113462979371c596a04c66365f1695444d5a,0.05819248036,if6_consensus_when_public_priors_concordant_with_d4
aayl51,aayl51:0000490:dba4b1f50d17,dba4b1f50d17d37a3c4441a79b0de7cbd4b3029de71d004e39afbf404f8b613b,0.9101643562,if6_consensus_when_public_priors_concordant_with_d4
aayl51,aayl51:0000491:eca35e9014b5,eca35e9014b5c8f0e78c47bcc68299e2aa93c1c4215e70066538eea3b90d8fd1,0.5858609676,if6_consensus_when_public_priors_concordant_with_d4
aayl51,aayl51:0000492:8b74dcae8ef1,8b74dcae8ef1f320503d6a9ea4bc43aaacef3642075894cc0d3aaab211f2f9e8,0.6941421628,if6_consensus_when_public_priors_concordant_with_d4
aayl51,aayl51:0000493:a3de460db68d,a3de460db68d0a57911ce3c17356c0e34a1908b0110f91d5fa9dfe19e3389be5,0.9641120434,if6_consensus_when_public_priors_concordant_with_d4
aayl51,aayl51:0000494:5fffdd6fd9ab,5fffdd6fd9abdb4e0efc64d44466f3ebd3a0abd5bdae6fb2827659757fb07e8d,0.8217179775,if6_consensus_when_public_priors_concordant_with_d4
aayl51,aayl51:0000495:20af4a43f1ed,20af4a43f1ed594d3b904e3c389dc23304e3683d93b3a50364067a233f6e91fe,0.3834992647,if6_consensus_when_public_priors_concordant_with_d4
aayl51,aayl51:0000496:6ebbb129013b,6ebbb129013b990e3be77e11f0af8be8dfd1fbd683cebe4a148c729812252b2a,0.7673072219,if6_consensus_when_public_priors_concordant_with_d4
aayl51,aayl51:0000497:cb3e3cacdf58,cb3e3cacdf58aeac0aa653dd41314d22c7de04e2e22b91cc491fbb24adbec62e,0.420004636,if6_consensus_when_public_priors_concordant_with_d4
aayl51,aayl51:0000498:a5bbb17848f0,a5bbb17848f0362c80abaae87fc757c2a26cb18f26fc44626c99feeaf7a2a5a5,0.5402484536,if6_consensus_when_public_priors_concordant_with_d4
aayl51,aayl51:0000499:c42519f85042,c42519f85042e903a191b3059f66b945d5192072f6adf550d98403ff7c4ccc6a,0.1650073379,if6_consensus_when_public_priors_concordant_with_d4
aayl51,aayl51:0000500:73678b1bc473,73678b1bc473943e15dfc3d1919e35eb9f4076731169875c4ad0d0740d259673,0.4368295372,if6_consensus_when_public_priors_concordant_with_d4
aayl51,aayl51:0000501:23fb5cca5a6d,23fb5cca5a6d66796556d4b33c730133b2fc7e6932b94d372a5a5dc9d499cee0,0.5667207241,if6_consensus_when_public_priors_concordant_with_d4
aayl51,aayl51:0000502:05f02cafb60f,05f02cafb60f727f037aa0c2081fc77f52f3be998d25b431d1821357e1379da9,0.5095315576,if6_consensus_when_public_priors_concordant_with_d4
aayl51,aayl51:0000503:b8e7d5f4bdb5,b8e7d5f4bdb5fd11b435cb4f784f8831a6cd3cdc0245a3d25d82ec5cd7dc6dca,0.3218337595,if6_consensus_when_public_priors_concordant_with_d4
aayl51,aayl51:0000504:e42f33cb6add,e42f33cb6add6712581089136f85f860a7c4e3c2579de4d6ee28330c3e560f3f,0.4982635081,if6_consensus_when_public_priors_concordant_with_d4
aayl51,aayl51:0000505:9c7e274f5c50,9c7e274f5c50d269359b0f31299e578ae6c27c42de3a2806c3bd34fbeab70eb5,0.6134907603,if6_consensus_when_public_priors_concordant_with_d4
aayl51,aayl51:0000506:334db93d0dd9,334db93d0dd952a57e013d8de000ee19efe4c35dc258324c82fafcf538091e2b,0.2349309325,if6_consensus_when_public_priors_concordant_with_d4
aayl51,aayl51:0000507:1fbeba4832fc,1fbeba4832fc2e4f18a2850d7bfbf1977242f7b3e2345ba0874ec0c7006020f8,0.5602377057,if6_consensus_when_public_priors_concordant_with_d4
aayl51,aayl51:0000508:b873886ce107,b873886ce107183ca5810a0be59dfc91f190a8790897a5620999c237387ab569,0.2565408647,if6_consensus_when_public_priors_concordant_with_d4
aayl51,aayl51:0000509:6c1d68b9328c,6c1d68b9328ca75472ce28afd459490b105a76da725dc784ff8cdd3cac00bce1,0.2674230337,if6_consensus_when_public_priors_concordant_with_d4
aayl51,aayl51:0000510:0cc548fd15ec,0cc548fd15ec3d8efd0f6b396519807085b03ea2d59dcb27d875f9d6a11a12a7,0.5758277774,if6_consensus_when_public_priors_concordant_with_d4
aayl51,aayl51:0000511:bfd15a601da9,bfd15a601da9767c1fb56c6f1c00b7619fbf33d289e4d49cf0ac857cb26aa7de,0.4704020917,if6_consensus_when_public_priors_concordant_with_d4
aayl51,aayl51:0000512:df58786efe2a,df58786efe2ab52db7e1e0f05ec764ee61502e46366e9943b9627002961bb65d,0.2039823979,if6_consensus_when_public_priors_concordant_with_d4
aayl51,aayl51:0000513:5802de0c327e,5802de0c327e7ff46326326b865461fd15cec6f003e8a3ca89b5f71fe81bec61,0.5678783059,if6_consensus_when_public_priors_concordant_with_d4
aayl51,aayl51:0000514:42065b6ebd67,42065b6ebd67323cff2fe1aad1cdde2a49df29034c68b24db39898a1979b7c37,0.2564636767,if6_consensus_when_public_priors_concordant_with_d4
aayl51,aayl51:0000515:918a9f1eafac,918a9f1eafac029833662aed0e73ecd0f42afd51b51873ebe1f299fec0efa1cb,0.3131897748,if6_consensus_when_public_priors_concordant_with_d4
aayl51,aayl51:0000516:3209450f8646,3209450f864689499e9cbbc0ae613d91ee2d18ef5f50f609d693457dd6c297cf,0.2347765714,if6_consensus_when_public_priors_concordant_with_d4
aayl51,aayl51:0000517:f582bac6155d,f582bac6155dd24a4d2fd6c30214e3508b7c34df08ef2ea56e2da72153509c1c,0.43953076,if6_consensus_when_public_priors_concordant_with_d4
aayl51,aayl51:0000518:80f8627cf670,80f8627cf6702ed8a2442eb593e59fa9d2833211d0a4b39f3c93576abbfe2319,0.4223971367,if6_consensus_when_public_priors_concordant_with_d4
aayl51,aayl51:0000519:823eb5b44da8,823eb5b44da8a17a8c3e2dd494c9290e2ee6d0a6a79fcae44b7a3ee138a41565,0.6291579604,if6_consensus_when_public_priors_concordant_with_d4
aayl51,aayl51:0000520:e7cb80636e96,e7cb80636e96175b3f16542d0ef700e2dec94bd862f13dcd4cf3e7c1af865ce4,0.4322759807,if6_consensus_when_public_priors_concordant_with_d4
aayl51,aayl51:0000521:3030a7cce672,3030a7cce67264fd1b2d475c3fab1e7c958bda6c7192eee455c8f5ae6756f383,0.8341436982,if6_consensus_when_public_priors_concordant_with_d4
aayl51,aayl51:0000522:069532e46098,069532e46098a50cf2d3c2bf4768fcc53fa814334fe7e759aa768029fdb9cd88,0.7090376019,if6_consensus_when_public_priors_concordant_with_d4
aayl51,aayl51:0000523:03c09a7ab1ba,03c09a7ab1ba9b74a506de8453093fcd69c7720f996da117060a765bf49b450a,0.6232924461,if6_consensus_when_public_priors_concordant_with_d4
aayl51,aayl51:0000524:27ebd6f277da,27ebd6f277dae621348d9f7195202b3c031bb9e32c1dbc0b750320ab0039f211,0.903681457,if6_consensus_when_public_priors_concordant_with_d4
aayl51,aayl51:0000525:86f65f7db67b,86f65f7db67b7d2f7a2d4b25ee05d923a172dbc68645c0281a690143a5cc03ac,0.3462992907,if6_consensus_when_public_priors_concordant_with_d4
aayl51,aayl51:0000526:4ea1b5d55aa6,4ea1b5d55aa659b9537493f7ec156c6081062019f365e46c825972282e310fe8,0.6072779298,if6_consensus_when_public_priors_concordant_with_d4
aayl51,aayl51:0000527:30eb5e029ca8,30eb5e029ca8050864e93100055d44dd4445569e6a20181c8b50eb213cfb6b31,0.3638959825,if6_consensus_when_public_priors_concordant_with_d4
aayl51,aayl51:0000528:7bb2b7090b53,7bb2b7090b5397ce6b30d2cf2601c9467c010fd39dc5d03eb7200ef1c7884eaf,0.4084278643,if6_consensus_when_public_priors_concordant_with_d4
aayl51,aayl51:0000529:a7e1e459a3f7,a7e1e459a3f789aff38962d306eb5994d6cbfe68c74ffeda4be5f8129e81b2ba,0.4842942059,if6_consensus_when_public_priors_concordant_with_d4
aayl51,aayl51:0000530:c431d9f91f71,c431d9f91f71f4b1adbfe46956c5ee985a42c89d620cb7b8ffac9271a0f76fd0,0.4824419022,if6_consensus_when_public_priors_concordant_with_d4
aayl51,aayl51:0000531:8dca31be26f5,8dca31be26f5913a579157b99b240f8025bcf212459f553abc7ccac2008f78c2,0.4656170309,if6_consensus_when_public_priors_concordant_with_d4
aayl51,aayl51:0000532:98e952824449,98e952824449637f7ac01bce3008fafdb8166c595e1ccbf350054709e85173e0,0.3996295631,if6_consensus_when_public_priors_concordant_with_d4
aayl51,aayl51:0000533:2a5ad7195477,2a5ad7195477a28cae87c9a534b292d484810fbea42f25201b4c620cf411e8e9,0.5015821457,if6_consensus_when_public_priors_concordant_with_d4
aayl51,aayl51:0000534:41b402d6fa8c,41b402d6fa8cc3a0352562cea8cc54fa768d091cdbeaaafbf0a691fe76c5c4b8,0.3334877193,if6_consensus_when_public_priors_concordant_with_d4
aayl51,aayl51:0000535:331e45430a6a,331e45430a6a97076097c2e5faf13de9bd22505a053c6a538beb9df7118c01a7,0.6724550724,if6_consensus_when_public_priors_concordant_with_d4
aayl51,aayl51:0000536:c10a070d1336,c10a070d1336f07992e347e7c4669a90344d2549f84fd98b1e53e6e75b31122e,0.6848035455,if6_consensus_when_public_priors_concordant_with_d4
aayl51,aayl51:0000537:518a97ea1516,518a97ea1516457f3cfffc36aae072709f066507a1bcf75d2f73f7bc9b26877d,0.3775565326,if6_consensus_when_public_priors_concordant_with_d4
aayl51,aayl51:0000538:6263d87c7746,6263d87c77467561e09d84fcc532ec1517bb5439383b58f267defc2ceed3f9db,0.923824966,if6_consensus_when_public_priors_concordant_with_d4
aayl51,aayl51:0000539:dc72f1124984,dc72f1124984f1f89887aa45d3fdfcafd565b7d18991f831ac252f2016d87199,0.6018368602,if6_consensus_when_public_priors_concordant_with_d4
aayl51,aayl51:0000540:ece81736a777,ece81736a777ccde7078dd63d6c32e38bdaabeb913519181897451b8ac288a53,0.7458516955,if6_consensus_when_public_priors_concordant_with_d4
aayl51,aayl51:0000541:345951fa863c,345951fa863cd3fbcdc1deb8ac3f384fec62cd594ce7f766d34e029327a7697f,0.6892027259,if6_consensus_when_public_priors_concordant_with_d4
aayl51,aayl51:0000542:659184b42ae1,659184b42ae1089adb47cc10c475a10e59f75ae87ac8c6f0733f96d80675ab42,0.7940109372,if6_consensus_when_public_priors_concordant_with_d4
aayl51,aayl51:0000543:297348327699,2973483276995f2f431e2e9ad977decab23e01c16fabacb3e6c9e604ca9935ca,0.5209538937,if6_consensus_when_public_priors_concordant_with_d4
aayl51,aayl51:0000544:2a11d3489aa2,2a11d3489aa2567b37331cd8755e9b6ad295c26b38f18de1cdde19ad1f82e5ca,0.8188624382,if6_consensus_when_public_priors_concordant_with_d4
aayl51,aayl51:0000545:3f7e7e0ee504,3f7e7e0ee504de125cae5040e091dce58d7db556ea8d8f3e4c800308f66e1140,0.4304237366,if6_consensus_when_public_priors_concordant_with_d4
aayl51,aayl51:0000546:6a14bb48bc8a,6a14bb48bc8ab5a21ecbf39dde3090c7e6356c7fef82767142845bbbff051c8b,0.7913096547,if6_consensus_when_public_priors_concordant_with_d4
aayl51,aayl51:0000547:2a4cef0dd862,2a4cef0dd86232ba88fe1ff1f7388b4d25e41d5d1ef14c954bb8c6eea2295995,0.3515473902,if6_consensus_when_public_priors_concordant_with_d4
aayl51,aayl51:0000548:df67cc1a7732,df67cc1a773207fa3102d54c9bd7b0af7df8f2bb81e06fdb992aed672e40d2d0,0.6116384864,if6_consensus_when_public_priors_concordant_with_d4
aayl51,aayl51:0000549:39378f53a51e,39378f53a51edf258242cd59b9a11e6a3394a2a50ecb368d00c26e33114e6a99,0.8162383437,if6_consensus_when_public_priors_concordant_with_d4
aayl51,aayl51:0000550:f79ba8884c6e,f79ba8884c6ea7cbfe499cac36813037b580cc73fda3ec3384b105e22b672a58,0.8602300286,if6_consensus_when_public_priors_concordant_with_d4
aayl51,aayl51:0000551:13cf319fb301,13cf319fb301b72c4f9b52955e36bdd65a7c7de8e6aa800848f1269f71c72f42,0.9350158572,if6_consensus_when_public_priors_concordant_with_d4
aayl51,aayl51:0000552:e9e196792524,e9e1967925248a6873222bd09e8d88c996f47da34d6c01aff4bfb45f92a0fd96,0.5396310687,if6_consensus_when_public_priors_concordant_with_d4
aayl51,aayl51:0000553:280cb6548933,280cb6548933f088b8a03fb1f892591589679922fd1b3132e78893fe816d38a0,0.6608011723,if6_consensus_when_public_priors_concordant_with_d4
aayl51,aayl51:0000554:bd756e53aa03,bd756e53aa03ae4ac080d90aaa829658774e1371c14c2adfb733503698fcef12,0.5423323512,if6_consensus_when_public_priors_concordant_with_d4
aayl51,aayl51:0000555:502c3d70e809,502c3d70e809ae4b745aa95a6acc6cae43c329ed3d9138e42d67c3bddd7ed65e,0.6927530169,if6_consensus_when_public_priors_concordant_with_d4
aayl51,aayl51:0000556:bdae62682d0b,bdae62682d0b266c7794f8dc5954b191be77bb8e7b3c9276a40c0265adce4a64,0.4924751222,if6_consensus_when_public_priors_concordant_with_d4
aayl51,aayl51:0000557:d2905164b5fe,d2905164b5fe1edc5b43057e3229d6ce617e6f38aab4dbb8a5c14fb7e053bfa0,0.3132669628,if6_consensus_when_public_priors_concordant_with_d4
aayl51,aayl51:0000558:d2c6c30fa1bf,d2c6c30fa1bf83b6384adeb4b69535d6edde1ba6ea0a11a035d6d63f2250ac50,0.1315119267,if6_consensus_when_public_priors_concordant_with_d4
aayl51,aayl51:0000559:1ee115163888,1ee115163888c06e3b5c79f1f94e90eb8de390dc8081f14ec8fbfadba2d82978,0.7480127215,if6_consensus_when_public_priors_concordant_with_d4
aayl51,aayl51:0000560:6e7982e6fb63,6e7982e6fb6302415766d8c1c36bee5e980061797e94436c32a509f1e2f6631b,0.7609014511,if6_consensus_when_public_priors_concordant_with_d4
aayl51,aayl51:0000561:980acc763b5f,980acc763b5f47d1dbff65a094fd585bcebc64051851f8887ac49192e6d48826,0.5306783319,if6_consensus_when_public_priors_concordant_with_d4
aayl51,aayl51:0000562:23878c488e65,23878c488e65a5d248ebb483a2035cfcb5d9d6d80e35432ac4c1a481e157385d,0.3147333562,if6_consensus_when_public_priors_concordant_with_d4
aayl51,aayl51:0000563:a91d19a9cbdb,a91d19a9cbdb88a039b768d6d65d853ed94bc391f494c4fc0679679eeeb6a1a3,0.8626996875,if6_consensus_when_public_priors_concordant_with_d4
aayl51,aayl51:0000564:33b1ad43b957,33b1ad43b9572b52d831d6844652511ae4a27a0b2cf17f8afdb01a802b185ef3,0.4518021047,if6_consensus_when_public_priors_concordant_with_d4
aayl51,aayl51:0000565:251125621916,25112562191614e384e22a33da6d2be03ab029ed9d32d95592c217f9a51f21bb,0.3765532076,if6_consensus_when_public_priors_concordant_with_d4
aayl51,aayl51:0000566:e4dffbd14ede,e4dffbd14ede7a5994eab62862b8ebd3e1c16566738fd84d26d1eb20f228d5ed,0.4653083384,if6_consensus_when_public_priors_concordant_with_d4
aayl51,aayl51:0000567:6f08a05227d3,6f08a05227d3a32639254867258e2c4c3b7a6a4657f4acaf0245e35c5bc40dad,0.6424326897,if6_consensus_when_public_priors_concordant_with_d4
aayl51,aayl51:0000568:9f9057c065ac,9f9057c065ac257397e3d89454b5852a737c8661160b1f7a270e79c44545b745,0.7155205607,if6_consensus_when_public_priors_concordant_with_d4
aayl51,aayl51:0000569:d8464c636c50,d8464c636c5067553f417a340e9770082a5fc982497065f190c176398a39ae92,0.2806205153,if6_consensus_when_public_priors_concordant_with_d4
aayl51,aayl51:0000570:01fa32ecfb5c,01fa32ecfb5cacb23c4848de3fa9c318ef2e4b2564acc55d4a66741ea70c5f2a,0.3885158598,if6_consensus_when_public_priors_concordant_with_d4
aayl51,aayl51:0000571:08a025cdc80a,08a025cdc80ad467b5e0b95be1046a06904daec84fc2d5c25f3e14ae293361fd,0.6760053039,if6_consensus_when_public_priors_concordant_with_d4
aayl51,aayl51:0000572:e04c27119a69,e04c27119a69d0fae71f939162f3208e44faa830a47bca7341001e336ad6a95d,0.6804044247,if6_consensus_when_public_priors_concordant_with_d4
aayl51,aayl51:0000573:4224ef27a933,4224ef27a933c6d67725d6c6ec399e0e63211daee6d6a98458bafc4f748be68a,0.2331558317,if6_consensus_when_public_priors_concordant_with_d4
aayl51,aayl51:0000574:a5018fb037c1,a5018fb037c166902b81d4f42f01b6d0573454f1a0e7897d734d5ff3fb39d3f9,0.508450985,if6_consensus_when_public_priors_concordant_with_d4
aayl51,aayl51:0000575:82e3c93ac23e,82e3c93ac23ea1b63b84773cafdce03e6ae8e913df47ed05be8f3013b4aea55b,0.6309330463,if6_consensus_when_public_priors_concordant_with_d4
aayl51,aayl51:0000576:2aae37a79317,2aae37a793179909445d61cb9a3485717bea81aba14150c675728a5be84d344b,0.6822566986,if6_consensus_when_public_priors_concordant_with_d4
aayl51,aayl51:0000577:0c5b55ebfb85,0c5b55ebfb853bd64754e8af575dd2cc6ccd7ecf1ead5afe458c2c372894c5b9,0.7128193378,if6_consensus_when_public_priors_concordant_with_d4
aayl51,aayl51:0000578:c80762a4b020,c80762a4b0208b459c746736d4020fc7e39d71997fbe7eb1bf0e075df5851681,0.6915952563,if6_consensus_when_public_priors_concordant_with_d4
aayl51,aayl51:0000579:34c44ad151df,34c44ad151df6d301054de1d84e82a34a353f92188faa0ec41554097070ed0d4,0.5017365217,if6_consensus_when_public_priors_concordant_with_d4
aayl51,aayl51:0000580:8fb6984b9542,8fb6984b9542413915fbab41df734b19216e11692f57e806eb67e9c3a3dfa9e3,0.5091456771,if6_consensus_when_public_priors_concordant_with_d4
aayl51,aayl51:0000581:67ae08182aa8,67ae08182aa8fe9c2f56ef6425ff8ac080383aa1c4e091a3bee29ff6b99e263f,0.8995909691,if6_consensus_when_public_priors_concordant_with_d4
aayl51,aayl51:0000582:0f94ac29a973,0f94ac29a973681023a2a6882e7695717e8d0b0d2feb05f163eeaa13dc487f4d,0.7838234305,if6_consensus_when_public_priors_concordant_with_d4
aayl51,aayl51:0000583:1f4518b5d8b7,1f4518b5d8b7956dfb5873cb6916db0dce663f8e94c745d4c3f9807eefb5ecf1,0.6891255379,if6_consensus_when_public_priors_concordant_with_d4
aayl51,aayl51:0000584:9d8fcb6200a6,9d8fcb6200a6b6e1959cd370c143b99995634ec156c38bef0aca6fa230f9c417,0.6120243669,if6_consensus_when_public_priors_concordant_with_d4
aayl51,aayl51:0000585:b72f69d9e532,b72f69d9e53271176ccb725a63e7306f3da8f6bdd475f85b56a05343be996fa4,0.5728949904,if6_consensus_when_public_priors_concordant_with_d4
aayl51,aayl51:0000586:8ede10d3033f,8ede10d3033f28fd124271fb8e03ce3cefe99294a614022b21d2538ffdfbc32d,0.5539090633,if6_consensus_when_public_priors_concordant_with_d4
aayl51,aayl51:0000587:c280e4c1236d,c280e4c1236d5a75a5b6cdac763e3ea881c13babd5bad8e3641229c1bd024123,0.5788376927,if6_consensus_when_public_priors_concordant_with_d4
aayl51,aayl51:0000588:5ee2e85fc670,5ee2e85fc6708c3e82f58afab0c830d02fed85cf2db8d948a4ab2fd35e412db0,0.2778420746,if6_consensus_when_public_priors_concordant_with_d4
aayl51,aayl51:0000589:52f1daff0575,52f1daff0575c989e45247124a80ed2e1d8acaa2a90147c1465e5d007b0e62a7,0.6731496453,if6_consensus_when_public_priors_concordant_with_d4
aayl51,aayl51:0000590:7a1b6987337e,7a1b6987337ef2d3b7cc26008a81d10a45ac46b53d4edb39411b5ad2aecfc6a0,0.9299991727,if6_consensus_when_public_priors_concordant_with_d4
aayl51,aayl51:0000591:6498f0a5bfdc,6498f0a5bfdc1e358031a2551a3cbdda2235c6e14b8b999928f5ddc86e56cc3d,0.7957860827,if6_consensus_when_public_priors_concordant_with_d4
aayl51,aayl51:0000592:a757741257bd,a757741257bdbf42e429d240404560919b4a2597ef9f9d2be9b335c4194c46fa,0.7552674413,if6_consensus_when_public_priors_concordant_with_d4
aayl51,aayl51:0000593:905a2452f9c0,905a2452f9c06807a704f20d78be2903ded91576139233c8d9749fe72ef5f717,0.4878443778,if6_consensus_when_public_priors_concordant_with_d4
aayl51,aayl51:0000594:f80829223d99,f80829223d99963e5cbd1e55f2351af2005ce46bdba839b9ed665e355de46936,0.983638227,if6_consensus_when_public_priors_concordant_with_d4
aayl51,aayl51:0000595:08f48bf7d314,08f48bf7d314401cd73dc4afefffe21dc7c7fecd50d04a8603398d6b20689c26,0.5177124143,if6_consensus_when_public_priors_concordant_with_d4
aayl51,aayl51:0000596:348d9d50f128,348d9d50f1281516120bd154fc367d2a42cd2c849f37cf888ba6ef0d3823069f,0.9282241464,if6_consensus_when_public_priors_concordant_with_d4
aayl51,aayl51:0000597:6cc10229acfb,6cc10229acfb1adc032351a59a7bf320e106c8ea009c09da13d72aa2e51a6725,0.6382650137,if6_consensus_when_public_priors_concordant_with_d4
aayl51,aayl51:0000598:a862d9cf30ad,a862d9cf30ad76bea5ca1bc1b04959ba3b62188708e356ae3dd0293a438dccde,0.9544647336,if6_consensus_when_public_priors_concordant_with_d4
aayl51,aayl51:0000599:4e68246947e7,4e68246947e7cc90cb1499eef1c4715886bf2b67fcf3fb97505874a264036f98,0.7687736154,if6_consensus_when_public_priors_concordant_with_d4
aayl51,aayl51:0000600:d5548aa4c0d2,d5548aa4c0d26e777dc2492688301f5748f6f969473d11a17bcb03eeb1e61f27,0.7406035066,if6_consensus_when_public_priors_concordant_with_d4
aayl51,aayl51:0000601:9f74005c66ce,9f74005c66ce130d3fe7c61f9d348827e295a10baaf2d6a2a106955de13bbc51,0.530292511,if6_consensus_when_public_priors_concordant_with_d4
aayl51,aayl51:0000602:15d731b83357,15d731b83357161c511d5b2920054b98ceeced9dda9947f92141a436b0b25f2b,0.5874816775,if6_consensus_when_public_priors_concordant_with_d4
aayl51,aayl51:0000603:5b8ee57686f9,5b8ee57686f90fecc0854b5b64374d6beb1cc044d50d78736619da187665822e,0.4775796831,if6_consensus_when_public_priors_concordant_with_d4
aayl51,aayl51:0000604:27819e08f867,27819e08f86707c0dad69a9f511a440b68c682ed6f4ec9cacd85dd6db643b498,0.4913174212,if6_consensus_when_public_priors_concordant_with_d4
aayl51,aayl51:0000605:61ef46a76ee1,61ef46a76ee1251e43bfc9fb07c1597ecd5fa92c820685e330952d407cf9c1c8,0.8860075474,if6_consensus_when_public_priors_concordant_with_d4
aayl51,aayl51:0000606:dccae30b15a2,dccae30b15a2e9a2c1bcbdb17b879c6e4b35b10d6e845984d89b9ee413acfb46,0.7428417206,if6_consensus_when_public_priors_concordant_with_d4
aayl51,aayl51:0000607:22b4f1a98f36,22b4f1a98f362d4294440102837420cd9b16d05d17206f5fe187276b3ff7db13,0.7152118683,if6_consensus_when_public_priors_concordant_with_d4
aayl51,aayl51:0000608:3b8e8fecff05,3b8e8fecff0531f64e309891cf12c8a078c579fcd8f4f4a6a1096b3c727a6e86,0.3886702061,if6_consensus_when_public_priors_concordant_with_d4
aayl51,aayl51:0000609:bc6bc32e4eb7,bc6bc32e4eb7eb61faa53c4a678b969e983191ba8b7db1d2395cbee9ad2bc6e3,0.9272980094,if6_consensus_when_public_priors_concordant_with_d4
aayl51,aayl51:0000610:9cf04ad495b6,9cf04ad495b6ff846924c1e8dae088fe68c6214660af02d74651ee2cb57591de,0.7098865509,if6_consensus_when_public_priors_concordant_with_d4
aayl51,aayl51:0000611:36077dfa78f3,36077dfa78f38ab493eadbefa33336847368997a389d0c9ab34b4523dcf5d7b3,0.9070000648,if6_consensus_when_public_priors_concordant_with_d4
aayl51,aayl51:0000612:4b670d6b7731,4b670d6b77318fb5d78493fbe2afea9bc541de22db8e8c1cf220c92b066f6fce,0.9161842465,if6_consensus_when_public_priors_concordant_with_d4
aayl51,aayl51:0000613:1a9317094185,1a93170941850797581c710bd464c2fab6323aa273a2b7c4bc792fdf7d193f00,0.5739753842,if6_consensus_when_public_priors_concordant_with_d4
aayl51,aayl51:0000614:de622aabca0c,de622aabca0c64625bb117175e6bed43ae1a608cb0a565c6a5780d59aeaa4aad,0.2189549953,if6_consensus_when_public_priors_concordant_with_d4
aayl51,aayl51:0000615:4d4467c11ef0,4d4467c11ef06642a1a6b815c73594b076cccac73db5f1c6925513d4465c3f33,0.6756965518,if6_consensus_when_public_priors_concordant_with_d4
aayl51,aayl51:0000616:7924227c02c5,7924227c02c5728621ffa59fbce0b50e9fdc71e03de8725746dc35db8797d12e,0.9100871682,if6_consensus_when_public_priors_concordant_with_d4
aayl51,aayl51:0000617:7de0e4800b9d,7de0e4800b9d5eda1a4dadf67947533a031d6ba1ca9c7055d1a74efcc77f518c,0.7957088947,if6_consensus_when_public_priors_concordant_with_d4
aayl51,aayl51:0000618:2831d1011035,2831d1011035497b5dddec74743a669615412541f020cb786aa7885087408532,0.7304159999,if6_consensus_when_public_priors_concordant_with_d4
aayl51,aayl51:0000619:00ead3bc2703,00ead3bc27035ec1314c8b740cc83d51a91c0052b7b3d0aa0dd913530467586a,0.6630392671,if6_consensus_when_public_priors_concordant_with_d4
aayl51,aayl51:0000620:db4cbf42bcde,db4cbf42bcdef92ff5ea7201ba5a3546075e6471ca0254f4d9fcb13ec0f80ef5,0.7229297161,if6_consensus_when_public_priors_concordant_with_d4
aayl51,aayl51:0000621:01e71438050f,01e71438050f642beb3842846bb45ec9039ff56373a05f29e106599cad0a1352,0.4421547949,if6_consensus_when_public_priors_concordant_with_d4
aayl51,aayl51:0000622:a0a9e9126f8c,a0a9e9126f8c79045ab8b2353154540a84767fe96149f23136961ffbe72aab9f,0.3381184042,if6_consensus_when_public_priors_concordant_with_d4
aayl51,aayl51:0000623:83b2181615a4,83b2181615a435420e6795c6df55141e7d87a3ce4c03bc0302d62c3ea295ff0c,0.1072779074,if6_consensus_when_public_priors_concordant_with_d4
aayl51,aayl51:0000624:aa341889c075,aa341889c075aef13364389d694a0e3c745cc822cdf08158b32f7fbdf962912a,0.7403720021,if6_consensus_when_public_priors_concordant_with_d4
aayl51,aayl51:0000625:4c06058897d4,4c06058897d425758d1363dbad4a1ca2a0f57a23ff4daa2b0cd35920512b5173,0.762444973,if6_consensus_when_public_priors_concordant_with_d4
aayl51,aayl51:0000626:133acbf8ebd4,133acbf8ebd48c886ae8be1b8f42754de540c78000bc4d6f3a5c9469de64b1fe,0.4548120797,if6_consensus_when_public_priors_concordant_with_d4
aayl51,aayl51:0000627:08a3960b15bb,08a3960b15bb1d18a5ef5d7c1cb01495cd9b666d6eab88395547bc83c25c5065,0.5137763619,if6_consensus_when_public_priors_concordant_with_d4
aayl51,aayl51:0000628:0e274ed64ed1,0e274ed64ed1ef84396cc3ef79c1db0d00835520c18f35bc3b598258b37c0ef4,0.2086131126,if6_consensus_when_public_priors_concordant_with_d4
aayl51,aayl51:0000629:8c7cfe392ed2,8c7cfe392ed27aa418962f9c8698855d077fa47e7a3115efc95e164337234b00,0.3851200044,if6_consensus_when_public_priors_concordant_with_d4
aayl51,aayl51:0000630:df7abfc079f6,df7abfc079f65c748dab387927e712695d6f5ded77919e3b462b1c358619ca97,0.4701705873,if6_consensus_when_public_priors_concordant_with_d4
aayl51,aayl51:0000631:1c374a764929,1c374a764929f82c5d35230c949dc1325f1842951425c4a5fa766568ff610d21,0.499035269,if6_consensus_when_public_priors_concordant_with_d4
aayl51,aayl51:0000632:352da3343b1c,352da3343b1c2a785d2b7ecfbe80743adcb23faa6e9b6e9bd04085abcbf334e0,0.2993748486,if6_consensus_when_public_priors_concordant_with_d4
aayl51,aayl51:0000633:ea4ba60f4c1a,ea4ba60f4c1a019d484187904af277d0c0011566b098217b7a74cad21149bf30,0.7841321826,if6_consensus_when_public_priors_concordant_with_d4
aayl51,aayl51:0000634:aff768422b24,aff768422b2456322ee45bcf04f85a74dade25f9370217abec04b32e70072579,0.2982171774,if6_consensus_when_public_priors_concordant_with_d4
aayl51,aayl51:0000635:96b30ccdd92f,96b30ccdd92fcbcea5ae99bee436233097490021bf3ba7a087f05faa332f164a,0.6703712344,if6_consensus_when_public_priors_concordant_with_d4
aayl51,aayl51:0000636:67af92e27d55,67af92e27d55685351b795a7bc9e68f318c3acf153705c287c7b839288377dec,0.4037199914,if6_consensus_when_public_priors_concordant_with_d4
aayl51,aayl51:0000637:5ac6ec550817,5ac6ec550817649f3622cf9a17952624feb87c18b668d5f5d118586cf6c469e0,0.5448020101,if6_consensus_when_public_priors_concordant_with_d4
aayl51,aayl51:0000638:16f0d5669b8c,16f0d5669b8c680ec3a808b64062712b995d3fcacbe0e4b9e9c93262fe5f4bbd,0.8775179386,if6_consensus_when_public_priors_concordant_with_d4
aayl51,aayl51:0000639:595abbc9f773,595abbc9f7730cd38af54e35e6c96c17c2650a37fa94b6104044289ada8be790,0.6735355258,if6_consensus_when_public_priors_concordant_with_d4
aayl51,aayl51:0000640:02aab198037e,02aab198037e8c794edf38890f8f0cd47fde0a39dbda21670be4c7c43975c4f8,0.8250365853,if6_consensus_when_public_priors_concordant_with_d4
aayl51,aayl51:0000641:7ab2486fc55c,7ab2486fc55cefa869c83e010a7a4f8f1dea4dc903745ac3abc9dae7f12fdc96,0.4723315537,if6_consensus_when_public_priors_concordant_with_d4
aayl51,aayl51:0000642:54c6cd1bba7a,54c6cd1bba7a7d0685f453c2e6ca26d39a8b3935d73da681e7e436ccb34da51b,0.66612643,if6_consensus_when_public_priors_concordant_with_d4
aayl51,aayl51:0000643:1e6d0cccac2d,1e6d0cccac2dec7ed903d356c4e5738d7efe25750346170c5746d03ef5a45337,0.5318360925,if6_consensus_when_public_priors_concordant_with_d4
aayl51,aayl51:0000644:ca845b7024ac,ca845b7024acc1efad70e4be07287db6c48c97f10f16afb7eb80f1f0f4771dd2,0.7400632501,if6_consensus_when_public_priors_concordant_with_d4
aayl51,aayl51:0000645:8028dbc1279a,8028dbc1279afa0ee0657eb4e913aaa64e8277d2ad0926f0e3da46d39b24c4c5,0.2650304735,if6_consensus_when_public_priors_concordant_with_d4
aayl51,aayl51:0000646:6b64bd089bbb,6b64bd089bbb4054ffe04274036f7ec35f2c67ddf0a1a54c9d87e68e525f4686,0.4891564846,if6_consensus_when_public_priors_concordant_with_d4
aayl51,aayl51:0000647:8abf93375072,8abf93375072da04ed9ea873dc414d99c5df15e328c74866a8b5ccb151fa2881,0.5523655415,if6_consensus_when_public_priors_concordant_with_d4
aayl51,aayl51:0000648:b83a0ee11fed,b83a0ee11fed7a7d436ccfcb328cb363012b9904079ebefb4d1a89f6a7bdca36,0.5727406144,if6_consensus_when_public_priors_concordant_with_d4
aayl51,aayl51:0000649:7ac99de9dc56,7ac99de9dc5691780a14b1d5d469f3aa0d004db32b6423b7a3333337598a5598,0.2775333822,if6_consensus_when_public_priors_concordant_with_d4
aayl51,aayl51:0000650:cd7b1018cb44,cd7b1018cb44692a63b6bdf3160b818cd434ce0d1d00d285c2be9c4fdb1a6531,0.52712816,if6_consensus_when_public_priors_concordant_with_d4
aayl51,aayl51:0000651:832575dada43,832575dada436c337ec160bc977ef74eca6a98754fa21cd0ce0132fcfc92ad81,0.6046924591,if6_consensus_when_public_priors_concordant_with_d4
aayl51,aayl51:0000652:ec1daa21c319,ec1daa21c3190b077ad59775c14e03f19d02272a27be5aabd1d0d93f78b47973,0.2992204726,if6_consensus_when_public_priors_concordant_with_d4
aayl51,aayl51:0000653:745265ef96eb,745265ef96ebede9d8cd12053fdb3f1e77c0b630a888c9e08af3cb740aa4cfd7,0.3949216604,if6_consensus_when_public_priors_concordant_with_d4
aayl51,aayl51:0000654:5e231c5eac71,5e231c5eac7126ad36606dd442c685988de1e1eb6199dd80a56e30963eda5962,0.1256463677,if6_consensus_when_public_priors_concordant_with_d4
aayl51,aayl51:0000655:801fd56a8a28,801fd56a8a28640bc0aee511ed9d23fb32cf5bd73ca6852bb0d48fc4fd97ba58,0.1980396658,if6_consensus_when_public_priors_concordant_with_d4
aayl51,aayl51:0000656:bc2ded871c04,bc2ded871c0497e59ac9a102a0b5e1ac7b2ba381787625de1993062c4b73183a,0.496874243,if6_consensus_when_public_priors_concordant_with_d4
aayl51,aayl51:0000657:915d97bb3987,915d97bb398709c9c3e4300403611973c33862c2ac97ece1c70ecd6f4680f56d,0.2662653327,if6_consensus_when_public_priors_concordant_with_d4
aayl51,aayl51:0000658:4e3038dd63eb,4e3038dd63ebd4dd6dcce2601a26a48ba13275b082d59b58d068cd4e0b2db507,0.2504437864,if6_consensus_when_public_priors_concordant_with_d4
aayl51,aayl51:0000659:44cbaf0648a0,44cbaf0648a09f00e80232af1ccce01930b7461a2440217db4385562415d0c74,0.4169946611,if6_consensus_when_public_priors_concordant_with_d4
aayl51,aayl51:0000660:dae724fc801c,dae724fc801cbc981809be43bd538bd71a1817004ab0d3f38f6075e29ef72485,0.7125105858,if6_consensus_when_public_priors_concordant_with_d4
aayl51,aayl51:0000661:07aa4b432b6a,07aa4b432b6a5c55f8ee1d241159e83a2afe5f5a44c00213c6ded1f5b3b920e8,0.5870957971,if6_consensus_when_public_priors_concordant_with_d4
aayl51,aayl51:0000662:837adcf3c278,837adcf3c2785a167577a1bf7708e80189890db2361179f3db35ee1fe57b5115,0.7140541673,if6_consensus_when_public_priors_concordant_with_d4
aayl51,aayl51:0000663:480326ade012,480326ade012c8e1e2d017270f0cc1db04f194f12efcb793abe9c6cdeba16104,0.4017133713,if6_consensus_when_public_priors_concordant_with_d4
aayl51,aayl51:0000664:9379ac69ceae,9379ac69ceaea1703a1c4e44b373e5f23ae4154720fe3a9802c1bfb00a4df140,0.180751726,if6_consensus_when_public_priors_concordant_with_d4
aayl51,aayl51:0000665:68fc4a7ff996,68fc4a7ff996fd4eec7a4c87bd852d470ca82cb677dc26f37bb68ab449fe6040,0.7693910599,if6_consensus_when_public_priors_concordant_with_d4
aayl51,aayl51:0000666:ac00b5bb49bf,ac00b5bb49bf5032b39a556ec475109b12ea4926d77f3f9626588e792037a9b3,0.5072934031,if6_consensus_when_public_priors_concordant_with_d4
aayl51,aayl51:0000667:bdec4f8735e6,bdec4f8735e65648f582a665575da253c24f07f5621b563ad5fee9415b60a0e1,0.8011114001,if6_consensus_when_public_priors_concordant_with_d4
aayl51,aayl51:0000668:372b28621a23,372b28621a23d053267b17aa9bfd1ac9a8c8fa2d889e4e78f1bbb749f5cf9890,0.5021995902,if6_consensus_when_public_priors_concordant_with_d4
aayl51,aayl51:0000669:937c67c5cc1b,937c67c5cc1b1f965aeb3358aae39500e1669d8bad441ef1bcabadbfeb79a4c2,0.9113991857,if6_consensus_when_public_priors_concordant_with_d4
aayl51,aayl51:0000670:ee74db605b74,ee74db605b74160c2732e3016bfe0300f6ebee30971ccd414d03ea0d44f26aff,0.5069074631,if6_consensus_when_public_priors_concordant_with_d4
aayl51,aayl51:0000671:a486912da6ba,a486912da6bab8ddcce6dd408b7a2db18a68eac3b8383549369986a038fe614f,0.3327158988,if6_consensus_when_public_priors_concordant_with_d4
aayl51,aayl51:0000672:d1705e0489ce,d1705e0489ce8d07e439cf6c78e99af1b3fb739d553c680db51f24a603b29e07,0.2600910664,if6_consensus_when_public_priors_concordant_with_d4
aayl51,aayl51:0000673:0a9e259ce28e,0a9e259ce28ed1e337c2a04aa00f4a45705578268c99f2fd9ff6ab525867270c,0.5668750405,if6_consensus_when_public_priors_concordant_with_d4
aayl51,aayl51:0000674:99143aa7804f,99143aa7804fbf8da4d6d8febf71bb9e3b86d1e230745d0142edcd8553f1578e,0.1890869737,if6_consensus_when_public_priors_concordant_with_d4
aayl51,aayl51:0000675:1a1459cd9299,1a1459cd929981c69e93c7882504f8931034fc98068758bc468eda9bc308b96c,0.3510071933,if6_consensus_when_public_priors_concordant_with_d4
aayl51,aayl51:0000676:3462b632a1e5,3462b632a1e536691b7f4414e1935aafca37d38493e4f5b41901620acab3956c,0.4858377278,if6_consensus_when_public_priors_concordant_with_d4
aayl51,aayl51:0000677:4585a055ab1b,4585a055ab1b323fdd5397a36c51ab04f939840fbb6b6382e4bfcdb32ae5915c,0.7388284206,if6_consensus_when_public_priors_concordant_with_d4
aayl51,aayl51:0000678:349141cab38c,349141cab38c4efb1743aaa2521096ade38ed6e585b91d59d3124f5d28d7cd9a,0.7874507904,if6_consensus_when_public_priors_concordant_with_d4
aayl51,aayl51:0000679:c5119e26a6cd,c5119e26a6cdddc24ab7a7190b96cf0659af1027d11afddcce1c9a52af08be06,0.6009107232,if6_consensus_when_public_priors_concordant_with_d4
aayl51,aayl51:0000680:2a9f574f8329,2a9f574f8329f1d74cda362d3144b7836925a6b465d6eea5afd57423a2579767,0.4102801383,if6_consensus_when_public_priors_concordant_with_d4
aayl51,aayl51:0000681:152860f11f33,152860f11f33a98102566a1dc071b85fb34cb83024212591591e16757de82b34,0.5839314461,if6_consensus_when_public_priors_concordant_with_d4
aayl51,aayl51:0000682:958d02bd8921,958d02bd89211f4adf2aa63a6baea148479966fa36461ef419a22907b1efe9f8,0.6306243539,if6_consensus_when_public_priors_concordant_with_d4
aayl51,aayl51:0000683:fd97a307e02f,fd97a307e02f5b55c45168d2ffb60506a7fa3c4be3b243824ddcf907f46fd154,0.218723461,if6_consensus_when_public_priors_concordant_with_d4
aayl51,aayl51:0000684:72141b8e0a39,72141b8e0a39014162d9c0b9a114b3a7df81cca07aa067fb7f8a43eeb8705a7d,0.6201280951,if6_consensus_when_public_priors_concordant_with_d4
aayl51,aayl51:0000685:b0dc9cd42914,b0dc9cd42914046bfbb7b5b963bd5b80b378947cc7d3013cd0f60467b6fd4527,0.6344832778,if6_consensus_when_public_priors_concordant_with_d4
aayl51,aayl51:0000686:47d1b8e5fef2,47d1b8e5fef280aea6390985ebc004675fb86903265d5e6bdf195e7bef8a7ad3,0.8391602635,if6_consensus_when_public_priors_concordant_with_d4
aayl51,aayl51:0000687:225b4b1f5436,225b4b1f5436dae0b44bdc5b86cac61e0e378823807ad97e109e2ff571ddadf3,0.1981168389,if6_consensus_when_public_priors_concordant_with_d4
aayl51,aayl51:0000688:a56e093e6b43,a56e093e6b433a634e615fd27f9a4dd2b94ed21f1372db500403b5003cdda26d,0.5789920688,if6_consensus_when_public_priors_concordant_with_d4
aayl51,aayl51:0000689:ccc99106840f,ccc99106840f4b9ea2a864e65ba54a27339ec77513725a084c22ef7610954c66,0.488307476,if6_consensus_when_public_priors_concordant_with_d4
aayl51,aayl51:0000690:5555917ea568,5555917ea56846452d41f6f27f191ca5992b60adf43da5258cffd03ced2fec93,0.8510457873,if6_consensus_when_public_priors_concordant_with_d4
aayl51,aayl51:0000691:8c8f24315b10,8c8f24315b10efc598927b9d422b4f8936102f2d74dcd6ec7e5e9b93e39334c7,0.7523346543,if6_consensus_when_public_priors_concordant_with_d4
aayl51,aayl51:0000692:fe5e799f76fc,fe5e799f76fc3deab58114d9d391d43a778151d37418daa9075989f4d7e239e5,0.8133828044,if6_consensus_when_public_priors_concordant_with_d4
aayl51,aayl51:0000693:02aee1cbae45,02aee1cbae45878ea6bdb81a565bc09ceed6ec2d0fd516d2f6b3cc68be64e761,0.2192637175,if6_consensus_when_public_priors_concordant_with_d4
aayl51,aayl51:0000694:c5bb1f096581,c5bb1f096581a0d8ab1229bf04fb98c326c21e3eee8a7469283ecd3f98ef47b3,0.2653392255,if6_consensus_when_public_priors_concordant_with_d4
aayl51,aayl51:0000695:ae676f99dcdc,ae676f99dcdcce6835b563a7dc3024afebac6de74fb9ef800d8e58d5a375e943,0.508682549,if6_consensus_when_public_priors_concordant_with_d4
aayl51,aayl51:0000696:6bddfe3a0a88,6bddfe3a0a888c8478cf4e299119228efeeb4a6af9ce24713a62a0af9921fe01,0.747086525,if6_consensus_when_public_priors_concordant_with_d4
aayl51,aayl51:0000697:55c02974e290,55c02974e29069f34c7100c80c7c7639dd98678f3fef000fec89031be1f3f08d,0.283090204,if6_consensus_when_public_priors_concordant_with_d4
aayl51,aayl51:0000698:fdadb9bb89d6,fdadb9bb89d62f1772c629eafb5ec6230b2d0e6b133ab608e79598322e343d60,0.4869183004,if6_consensus_when_public_priors_concordant_with_d4
aayl51,aayl51:0000699:056eaf2a2ea6,056eaf2a2ea6d8b04f9efcbb44df2c61e605010a02111efa1dfb9915df992627,0.4961024821,if6_consensus_when_public_priors_concordant_with_d4
aayl51,aayl51:0000700:24c1db5b2d28,24c1db5b2d289750dc4d48cd972ee99b08ea10499e85d0372a8e84e303e1719a,0.8995909691,if6_consensus_when_public_priors_concordant_with_d4
aayl51,aayl51:0000701:1258f4626a9a,1258f4626a9aad9fe66d53a5e6326d55259d95351b2b2601dcb1e14b76e88849,0.7953230739,if6_consensus_when_public_priors_concordant_with_d4
aayl51,aayl51:0000702:af7dc0097dfb,af7dc0097dfb2268b1d9a78b4a53b9cf63eaad9a99cd1a5a5230f76be7a49450,0.7131280899,if6_consensus_when_public_priors_concordant_with_d4
aayl51,aayl51:0000703:67690f19377d,67690f19377daa0e5d70c373ed31ec0dfc5b0abe7a55b6be7d8272849eb7ba54,0.5325306654,if6_consensus_when_public_priors_concordant_with_d4
aayl51,aayl51:0000704:791958d4b043,791958d4b0430245300ab1eb238c2bca1c18a029c511b763bc3bea6140953135,0.7010110021,if6_consensus_when_public_priors_concordant_with_d4
aayl51,aayl51:0000705:fba9a4e175f3,fba9a4e175f30912ebccdc65cb0c3a52afe8bb37829e9055341e54096064c050,0.5407115817,if6_consensus_when_public_priors_concordant_with_d4
aayl51,aayl51:0000706:8bdbf1990d99,8bdbf1990d99cdc82a6559c3ac3496de3fd4f7b84f26b38fe8940bd641978211,0.6750019193,if6_consensus_when_public_priors_concordant_with_d4
aayl51,aayl51:0000707:8ab549fd66f1,8ab549fd66f1d6752debd30e4d06b47acfdcf5342b0a3d26b64ca7d4830be32e,0.5502817035,if6_consensus_when_public_priors_concordant_with_d4
aayl51,aayl51:0000708:7bac95bbcf70,7bac95bbcf700e5be05752b181f2c6973a0a144f913b32d64c78c76da124dce9,0.7344292998,if6_consensus_when_public_priors_concordant_with_d4
aayl51,aayl51:0000709:103c315e9f61,103c315e9f61c02ebe1399d81abe5e5582dc11586441a7fc844a0c26c100ea6f,0.3607316315,if6_consensus_when_public_priors_concordant_with_d4
aayl51,aayl51:0000710:0c193a7bf16c,0c193a7bf16c6c3e8e39f37d636b6e669278a9005650e7415c62e58345fef75e,0.2345450372,if6_consensus_when_public_priors_concordant_with_d4
aayl51,aayl51:0000711:6efd7c2305bd,6efd7c2305bdf0a860e23f71ddccd26aea34bb42a28af378b8fad0639bf695b6,0.3462221324,if6_consensus_when_public_priors_concordant_with_d4
aayl51,aayl51:0000712:17b14acbd339,17b14acbd3396a225b9219e74e7e958e4700945301e5aff65c2bba6c523a59a3,0.7081885934,if6_consensus_when_public_priors_concordant_with_d4
aayl51,aayl51:0000713:c382148a869d,c382148a869dcc0cf0e44f34d47d0a3516ac9e902afb6893aff257b824a4d3b8,0.62475878,if6_consensus_when_public_priors_concordant_with_d4
aayl51,aayl51:0000714:d5f8b261ca47,d5f8b261ca47c52cdf1a10847e70bdbc913cccad595a6f61010bb3a5a5a88ac4,0.5799953938,if6_consensus_when_public_priors_concordant_with_d4
aayl51,aayl51:0000715:53d1c4dbcef1,53d1c4dbcef185c446e4e1506499206943051165481b01b8545794e914010ca0,0.3743922412,if6_consensus_when_public_priors_concordant_with_d4
aayl51,aayl51:0000716:58971b898bbc,58971b898bbc5fe3eb0c981b4907e14df73b8dd40cc73bf46fd7840bfb3b9d77,0.7240874171,if6_consensus_when_public_priors_concordant_with_d4
aayl51,aayl51:0000717:55dcf7ea8726,55dcf7ea8726ae9463dd7df7e88f5c479cee7e85c3f667903600a6af84a38dd3,0.6758508682,if6_consensus_when_public_priors_concordant_with_d4
aayl51,aayl51:0000718:05be77b7505f,05be77b7505fc5db9a0505209c6aa9501442803c40dbc67683116d8660f71793,0.4234004915,if6_consensus_when_public_priors_concordant_with_d4
aayl51,aayl51:0000719:55cdd88f2e88,55cdd88f2e886ece482798159727585b686ba18ee4c83625c9cd827923d3e229,0.3929150403,if6_consensus_when_public_priors_concordant_with_d4
aayl51,aayl51:0000720:60981f66f6c2,60981f66f6c2bcc0a30a81e37490b592792bf31ef49b9095087109f7cf541fc8,0.7845951915,if6_consensus_when_public_priors_concordant_with_d4
aayl51,aayl51:0000721:5b4299b9e91f,5b4299b9e91f4e090cc307afc6e3b87a8c80f54dcce808d5a7998cfd4a66b888,0.362429589,if6_consensus_when_public_priors_concordant_with_d4
aayl51,aayl51:0000722:65b1784d7cb3,65b1784d7cb3697ed776a5f2b90e1d72d96aace99cb49e41768fc1da1ba4bf3b,0.219803974,if6_consensus_when_public_priors_concordant_with_d4
aayl51,aayl51:0000723:62fce9abb3bf,62fce9abb3bfeb092145dc2104b7fa4aa214e2a9aac1c8badbca189750f00ced,0.3568727672,if6_consensus_when_public_priors_concordant_with_d4
aayl51,aayl51:0000724:54fac8f11071,54fac8f11071401b771e64a4e6a46f96416a9293d5ed9bf66ade489c74212fa9,0.3973142207,if6_consensus_when_public_priors_concordant_with_d4
aayl51,aayl51:0000725:7957ce18bc76,7957ce18bc7682e571e44d1f5106509214d1ddc3f0ed9b89683792e206e6d2ca,0.09446630627,if6_consensus_when_public_priors_concordant_with_d4
aayl51,aayl51:0000726:edb97f762b63,edb97f762b63e77d6d10a57a58b3d8d9b72c0cc3700e793e3b2da46a936428db,0.4940186739,if6_consensus_when_public_priors_concordant_with_d4
aayl51,aayl51:0000727:5a07f132ef8a,5a07f132ef8a24aad66ccde69c148b8bbe14bef4fbdc6fb4e31ba88f6b1d39de,0.6102492809,if6_consensus_when_public_priors_concordant_with_d4
aayl51,aayl51:0000728:3c6e5ea57abb,3c6e5ea57abbd1e126af7fc20099009f0ac700a49c8df31aa99b610e2e337359,0.6131820679,if6_consensus_when_public_priors_concordant_with_d4
aayl51,aayl51:0000729:4c8d8c253b16,4c8d8c253b1698a4ba9c0bffef711e90a129cb041d97a5c9957426e66236b733,0.6175040603,if6_consensus_when_public_priors_concordant_with_d4
aayl51,aayl51:0000730:d9185acdcffc,d9185acdcffccaf0c6dbfa23e1801bbda13d1503ea1c55b6d7d4a0a6e50375ec,0.5691132545,if6_consensus_when_public_priors_concordant_with_d4
aayl51,aayl51:0000731:93519e0800d6,93519e0800d629a2c0b6d9688bbe281de4a6d6093281ea6b1afae05b31b4bc8e,0.2877980769,if6_consensus_when_public_priors_concordant_with_d4
aayl51,aayl51:0000732:f2819d5cef1d,f2819d5cef1d401658bac4f190654b0102c4afab38bd8b6ad7fa918983aca66b,0.19726789,if6_consensus_when_public_priors_concordant_with_d4
aayl51,aayl51:0000733:5f692e2a0831,5f692e2a0831537aacb2634e7d1ee2e254fb972220c313c63ad90f1cbf872e91,0.4387589693,if6_consensus_when_public_priors_concordant_with_d4
aayl51,aayl51:0000734:b89d5e810149,b89d5e81014937ad86e5bd4be5d8f706e331216f33f9b45da95ecb832d24de50,0.4069614708,if6_consensus_when_public_priors_concordant_with_d4
aayl51,aayl51:0000735:576b0cdf9e8a,576b0cdf9e8a17caa5d89dc25e221405962c82f3eff69dde368d9abfd12e5f6b,0.7002391815,if6_consensus_when_public_priors_concordant_with_d4
aayl51,aayl51:0000736:fc6c400ab560,fc6c400ab560fb91e207296cf3e7437f055d7d62a18e9291eaa6cdaf806bc9cc,0.461989671,if6_consensus_when_public_priors_concordant_with_d4
aayl51,aayl51:0000737:d725c3f56cb3,d725c3f56cb35fbf5ce2388732c7f12b2f83d9604ba839b88e3f8d3b3d705f3e,0.628154695,if6_consensus_when_public_priors_concordant_with_d4
aayl51,aayl51:0000738:5641a4b39e48,5641a4b39e4876d8ed2b8739ca06dde6ab248650e1820b6e1bf04ee6f34763dd,0.7932391763,if6_consensus_when_public_priors_concordant_with_d4
aayl51,aayl51:0000739:5a53565e118a,5a53565e118a97c0dc7fee7fe3a727e8e145f8cb61acae9065f90315056e1789,0.6695222855,if6_consensus_when_public_priors_concordant_with_d4
aayl51,aayl51:0000740:8e5effe46c82,8e5effe46c82faa18e9388a29b16ae1f8fa38e1e6fcaad3e3d956fc41f54f892,0.7046384215,if6_consensus_when_public_priors_concordant_with_d4
aayl51,aayl51:0000741:5baa2c0d2c30,5baa2c0d2c30f6bac1582be9bd7f5d7718282f50965f67ddbcbdfb12bb76b922,0.6797098517,if6_consensus_when_public_priors_concordant_with_d4
aayl51,aayl51:0000742:b20464704925,b20464704925e76b2d456ffaf39ac8bb5b1ff06c5ecf396d55b890a957d826cd,0.4264104366,if6_consensus_when_public_priors_concordant_with_d4
aayl51,aayl51:0000743:dc7ba6a84f36,dc7ba6a84f368cd7e1cbba4c5cae8617bf6d782c676002e9690886ca865fa843,0.4318129122,if6_consensus_when_public_priors_concordant_with_d4
aayl51,aayl51:0000744:6f79b8cbd300,6f79b8cbd300da4d4f4f9b70477ce17bf29155de34559290775552cdcc0a915c,0.5022767186,if6_consensus_when_public_priors_concordant_with_d4
aayl51,aayl51:0000745:d5e5781a340a,d5e5781a340a3656d8b8629db7f4a50b3563d59a82e59d6402fb2713d7cefd14,0.5286717415,if6_consensus_when_public_priors_concordant_with_d4
aayl51,aayl51:0000746:9d675c76fba7,9d675c76fba7dc6b0dedba95f666036f33fd899140f8cfbb621a14ebc1f9d6a2,0.8990893364,if6_consensus_when_public_priors_concordant_with_d4
aayl51,aayl51:0000747:5a1d4fa2cbc7,5a1d4fa2cbc74b4bf122e25f019b91ce10d794c0bf8e331be3219c48795b9fef,0.8766689897,if6_consensus_when_public_priors_concordant_with_d4
aayl51,aayl51:0000748:d7a5d3016566,d7a5d30165660ab773d0efefe22caa8fff4b4745037b1096d9caba7b74292ad9,0.3946901262,if6_consensus_when_public_priors_concordant_with_d4
aayl51,aayl51:0000749:49d21461bf86,49d21461bf863f369c25e2a89013a9ac52f6658fc64f0d73b298169ae87efb14,0.7423786521,if6_consensus_when_public_priors_concordant_with_d4
aayl51,aayl51:0000750:80ae34dbb343,80ae34dbb3430117c3caec9fb6e558671b83a3601f5ece11b94524b65b38816c,0.5190244317,if6_consensus_when_public_priors_concordant_with_d4
aayl51,aayl51:0000751:82408d5ce9ff,82408d5ce9ff3e3eb41299738363e7b8575d7376890f2b25994387a6883d69f8,0.7382881641,if6_consensus_when_public_priors_concordant_with_d4
aayl51,aayl51:0000752:73e0da6f1471,73e0da6f14710be8868c4337c1fe9d849e8e9a64244155c922861ecfcf7e1701,0.5421779752,if6_consensus_when_public_priors_concordant_with_d4
aayl51,aayl51:0000753:d8e054c5fa9e,d8e054c5fa9eadf1eae65ce5d8b6f9eb4e7242fafaf5b9872ef7e66e0910a588,0.3780967891,if6_consensus_when_public_priors_concordant_with_d4
aayl51,aayl51:0000754:434bcc1720cd,434bcc1720cd09d1f8be50ad325517492fbdf709ab673ce4401b7e89ec3894dd,0.6829512715,if6_consensus_when_public_priors_concordant_with_d4
aayl51,aayl51:0000755:ae059fff519d,ae059fff519df0774a4a314ee26c62f6f20cd912199c62a80585b19a938cdc11,0.7599752545,if6_consensus_when_public_priors_concordant_with_d4
aayl51,aayl51:0000756:374e2fe48b3d,374e2fe48b3daa8c330d8c604629d3ee02da3fc52d67f45fb92a5f4cff55402c,0.8670217395,if6_consensus_when_public_priors_concordant_with_d4
aayl51,aayl51:0000757:8d4e26bafd75,8d4e26bafd759d076c9f886ee8d97c6043adb6f4d21191bfb7371ea4b91b5cc8,0.1480280906,if6_consensus_when_public_priors_concordant_with_d4
aayl51,aayl51:0000758:9e3004c9798e,9e3004c9798e5082347b5e19d042b601d28a242bd23657f2beb3827bb5fcd8a3,0.2117002457,if6_consensus_when_public_priors_concordant_with_d4
aayl51,aayl51:0000759:a0b7d01f5073,a0b7d01f5073b3aa620d554bb21975f749bc052d7a968d17da4755e348980ae3,0.3107972443,if6_consensus_when_public_priors_concordant_with_d4
aayl51,aayl51:0000760:2fcdd1922bb1,2fcdd1922bb1516c9ba0e575d2a20276b45ed5303608bb942dcc1e0609f46dfb,0.5296750665,if6_consensus_when_public_priors_concordant_with_d4
aayl51,aayl51:0000761:3c33d420898a,3c33d420898a7fbe769bea6e9eb61ef77b3c67f03a75d6cfd83e907c01b03d16,0.2634097338,if6_consensus_when_public_priors_concordant_with_d4
aayl51,aayl51:0000762:4a547d6267e8,4a547d6267e8e9aca829c6e5bc0be5f64d65e3a880b8f28a8a0da683d4b784a7,0.4274909198,if6_consensus_when_public_priors_concordant_with_d4
aayl51,aayl51:0000763:3a5479d060ac,3a5479d060acf288f764b88411b82b99b7ef7e2a73d21c5be3d9d315453003f7,0.4215482175,if6_consensus_when_public_priors_concordant_with_d4
aayl51,aayl51:0000764:7d145e9f9430,7d145e9f9430e2b12aa2cb1c0d8357e07567b21ddb5570a233291cc9a355da6f,0.4254070818,if6_consensus_when_public_priors_concordant_with_d4
aayl51,aayl51:0000765:b7373647960a,b7373647960aabfdd203d29c8a91f3c8ac6d6f7e5514f6061f1fcb1024720729,0.4856834114,if6_consensus_when_public_priors_concordant_with_d4
aayl51,aayl51:0000766:e33fcd434761,e33fcd434761037d1e0ab00c021aac33f0021167b085aa223ecce90be36a29b1,0.2821640968,if6_consensus_when_public_priors_concordant_with_d4
aayl51,aayl51:0000767:12461ea24c10,12461ea24c101814759573a2be16eb510619bf3105522514905009e820129654,0.4950219691,if6_consensus_when_public_priors_concordant_with_d4
aayl51,aayl51:0000768:02338b1a9078,02338b1a907835ebbb74c1461b0ba16dc1241ef7d49ed2db838493df2ce0b241,0.6161920428,if6_consensus_when_public_priors_concordant_with_d4
aayl51,aayl51:0000769:0ae9406bc7df,0ae9406bc7df3295127f16a5f0cf358ad9da3f5b2e049efce1d1328757ad1b60,0.6893571019,if6_consensus_when_public_priors_concordant_with_d4
aayl51,aayl51:0000770:b8403baa2bfa,b8403baa2bfa2e3598518fe032ea46c6a44b37db703aebec747a27a91d25bd65,0.7199196815,if6_consensus_when_public_priors_concordant_with_d4
aayl51,aayl51:0000771:9d0dc0cfac3d,9d0dc0cfac3dbd464bdf9f2d28fcbca11744d521d5b7820a1fb6f4fa5de912af,0.3856602609,if6_consensus_when_public_priors_concordant_with_d4
aayl51,aayl51:0000772:fd0a84771f8b,fd0a84771f8b0d14db00e9d5de731030c1e1b3e748ee0336d37ff3b9be35df5f,0.7153661847,if6_consensus_when_public_priors_concordant_with_d4
aayl51,aayl51:0000773:934e607c1f88,934e607c1f88028758200460b7f268d1080875884db7d55f7bb4b06a18b42e84,0.6252219081,if6_consensus_when_public_priors_concordant_with_d4
aayl51,aayl51:0000774:9e41490eaa52,9e41490eaa52f1d0f21997a60c5473e7894fa9d3f44b24748ad00f64f9a96cab,0.645365417,if6_consensus_when_public_priors_concordant_with_d4
aayl51,aayl51:0000775:25211bbe0e9c,25211bbe0e9c534c1ba72d1a3842bbfbd0dccbd75d43c94f7b2b2ee3d7567f14,0.5346145034,if6_consensus_when_public_priors_concordant_with_d4
aayl51,aayl51:0000776:4ef41ad397c6,4ef41ad397c605c4c33742b1a9594d578559b3b9a236830bf8a308bd3e51de8d,0.5783360004,if6_consensus_when_public_priors_concordant_with_d4
aayl51,aayl51:0000777:57b4aa453230,57b4aa4532304ad4dff017a7f66277677857cbd79d2c03dae41254617e074076,0.4656170309,if6_consensus_when_public_priors_concordant_with_d4
aayl51,aayl51:0000778:4bafacf2afde,4bafacf2afde572876b1bfe02a78aa5ca04bcb6f3e0d75be347ea181ba4f6995,0.2494404763,if6_consensus_when_public_priors_concordant_with_d4
aayl51,aayl51:0000779:b2f22d8c5561,b2f22d8c5561a0853731283859dbd43d88540875154f90359fb22b054108dffb,0.2678089142,if6_consensus_when_public_priors_concordant_with_d4
aayl51,aayl51:0000780:9ea954bec457,9ea954bec457a2e175020c4324f5721201720b747a64b086ec5729f9f5f3c916,0.3608088493,if6_consensus_when_public_priors_concordant_with_d4
aayl51,aayl51:0000781:44d2697e4b85,44d2697e4b85b8b010c136b65927cfd426815679860478f6811ee5b13137c2ba,0.5809987187,if6_consensus_when_public_priors_concordant_with_d4
aayl51,aayl51:0000782:08262abed881,08262abed881b09ef5441781eb72bdd38d93b6397b23271d0287a945860fc6df,0.5751331449,if6_consensus_when_public_priors_concordant_with_d4
aayl51,aayl51:0000783:f42c9a9ba1f2,f42c9a9ba1f2bc0c8ba98a96abf0ebf0a3ab3548c83c63b10ffb243b524fe9f5,0.5167091489,if6_consensus_when_public_priors_concordant_with_d4
aayl51,aayl51:0000784:ec65e4e2990d,ec65e4e2990d48c0091f907e3c9bb0534ce3d6ba511791cd8f0a243c00fcbad2,0.5035887957,if6_consensus_when_public_priors_concordant_with_d4
aayl51,aayl51:0000785:1708b5a295ac,1708b5a295ac8b3e52ffd5a6bb1180721b6b94124a1fad8a9319dc3011c80ca8,0.5220344067,if6_consensus_when_public_priors_concordant_with_d4
aayl51,aayl51:0000786:92efa2d588b4,92efa2d588b40d343bcc53d9b08bde81719cd06bd9ee4c7eb5aaf081a45362cb,0.2903449833,if6_consensus_when_public_priors_concordant_with_d4
aayl51,aayl51:0000787:43a696ed96cb,43a696ed96cbcdd202f8c8f64eebdd422688d1893e459dd0d5687569ddf2bc32,0.4766535759,if6_consensus_when_public_priors_concordant_with_d4
aayl51,aayl51:0000788:5379dc3c6814,5379dc3c6814df9df8e49de079fcaedc452afe81793daeee997b42e2fdc7ac11,0.4717912972,if6_consensus_when_public_priors_concordant_with_d4
aayl51,aayl51:0000789:5794d30f515f,5794d30f515f1953b006e68ea641e2de573245aa048446c5a064af40e7a1818e,0.3692212403,if6_consensus_when_public_priors_concordant_with_d4
aayl51,aayl51:0000790:b833da3440d8,b833da3440d8a76eb6650b4a40d90318ab974eba42f0176d1a7023485988af2e,0.3208304346,if6_consensus_when_public_priors_concordant_with_d4
aayl51,aayl51:0000791:122c9388f4ee,122c9388f4ee2fb38e0d55830d866cee0f383ece1f4da2390702f0e446ac21de,0.5313729644,if6_consensus_when_public_priors_concordant_with_d4
aayl51,aayl51:0000792:f339041cb576,f339041cb576acfb03da497469d5bd22f4c864e7f85f9e26e59cced559aab923,0.900439918,if6_consensus_when_public_priors_concordant_with_d4
aayl51,aayl51:0000793:a677b50454be,a677b50454be00a96f2ec83c09ea4f59d080fadc91c7f1fba99228ffb8a0280d,0.6005248427,if6_consensus_when_public_priors_concordant_with_d4
aayl51,aayl51:0000794:1cf09a59a413,1cf09a59a413a5886426daef403370de7530aaaa3c003b274ebdf5baa0204ecc,0.5914177895,if6_consensus_when_public_priors_concordant_with_d4
aayl51,aayl51:0000795:b98d67f18a91,b98d67f18a9194656d1cea597a297cf731c2dcb3f7f901139e7a6a1ddcf508a2,0.9425020814,if6_consensus_when_public_priors_concordant_with_d4
aayl51,aayl51:0000796:18a93bcffb3f,18a93bcffb3f4a230729a845c68ea541c7d972908ee75ce55c32ce87d7be18e6,0.1856139451,if6_consensus_when_public_priors_concordant_with_d4
aayl51,aayl51:0000797:e28eeca92f3c,e28eeca92f3c9307393cfaad61645c3f1069537b19c07dcaa742080e123ca167,0.333950758,if6_consensus_when_public_priors_concordant_with_d4
aayl51,aayl51:0000798:ba96bd37e00b,ba96bd37e00bf5689cbe9a24f96962ddf680a9d97b88b42fa1ff6957a59103c9,0.6705255508,if6_consensus_when_public_priors_concordant_with_d4
aayl51,aayl51:0000799:fdd5ee801dd2,fdd5ee801dd2cb25aa4cba544d2dc5fb9af9ab7dd03257418ddae80222466478,0.3977772295,if6_consensus_when_public_priors_concordant_with_d4
aayl51,aayl51:0000800:1017b3e56d34,1017b3e56d342a702689281042a4e76ddaf656118b2e4c209883c6d77364c789,0.7020142674,if6_consensus_when_public_priors_concordant_with_d4
aayl51,aayl51:0000801:5ef61b883501,5ef61b8835010cb6d6906a429c17a5e10e3598396b2ed15c00cbb1c2f7ddb9da,0.49980703,if6_consensus_when_public_priors_concordant_with_d4
aayl51,aayl51:0000802:294492909fe3,294492909fe347060a9e1578f3181fd7c97687029836a30d6e90cf31850bcd6e,0.4574361742,if6_consensus_when_public_priors_concordant_with_d4
aayl51,aayl51:0000803:52ffd06d1781,52ffd06d17818d6ea2eae8422e6b70ecec7de8196a8a031142472e7dc6784e6d,0.6741529107,if6_consensus_when_public_priors_concordant_with_d4
aayl51,aayl51:0000804:07bcdee293d1,07bcdee293d182116a09572a62d7f2f5899566bed208478a1c9904a0ad906ecd,0.7047155499,if6_consensus_when_public_priors_concordant_with_d4
aayl51,aayl51:0000805:fc620bdf0edb,fc620bdf0edb8f49d66fd9bb0a46ce0ed13e8f5fddb1ec1f0cf558840819d92f,0.1209384874,if6_consensus_when_public_priors_concordant_with_d4
aayl51,aayl51:0000806:bfdc5282c40a,bfdc5282c40a79bce03738c617d0e6aef3746eccbbd3702cd73f37a8fc1d6af6,0.5833140612,if6_consensus_when_public_priors_concordant_with_d4
aayl51,aayl51:0000807:d7c096183a0e,d7c096183a0e78f04177819aa20ee5d3120aa291615918e835b9a7428d82ab0b,0.7542641163,if6_consensus_when_public_priors_concordant_with_d4
aayl51,aayl51:0000808:96a4cefb0e41,96a4cefb0e417b0e5e212a6d2c00eb9da8e598fa2dc5a2a00a94f1553111344b,0.6773172021,if6_consensus_when_public_priors_concordant_with_d4
aayl51,aayl51:0000809:da7a9b90a2a7,da7a9b90a2a7c9d65a8248518dac3f870c17b57fac7384d1a87b63b88db522aa,0.7574284077,if6_consensus_when_public_priors_concordant_with_d4
aayl51,aayl51:0000810:2dcd6fec5a1c,2dcd6fec5a1cd9c9990fb85fbd6f1aa001f47e67e55cca79a16685f284b08dac,0.6364899278,if6_consensus_when_public_priors_concordant_with_d4
aayl51,aayl51:0000811:1117b2711e14,1117b2711e14c1df0e14f0c3d1fc65afcd7670779be3580f9b4f5a555779597c,0.7095006108,if6_consensus_when_public_priors_concordant_with_d4
aayl51,aayl51:0000812:56820874c5da,56820874c5da4fd457a17af2f8e1d340e615c76bf963127ed078ef8d0af06bba,0.3405109346,if6_consensus_when_public_priors_concordant_with_d4
aayl51,aayl51:0000813:bd8329acb83a,bd8329acb83abbf06e96f8064b6be395275cd1355ad22edc2e31b4ea40e80a74,0.1788222641,if6_consensus_when_public_priors_concordant_with_d4
aayl51,aayl51:0000814:4622df2763c3,4622df2763c3c388a9c37929574805ee7db7cdbf69007da1761fecb2b54ce7cf,0.2277533412,if6_consensus_when_public_priors_concordant_with_d4
aayl51,aayl51:0000815:a639f384b469,a639f384b469a1c7c9fb2286d9debb2de481e5c13d5aad31179092beeb056ad3,0.7761055827,if6_consensus_when_public_priors_concordant_with_d4
aayl51,aayl51:0000816:a143e4c5502c,a143e4c5502cb8cfa662dc6c7c7dc960887d26f3802255ccac1b8bd1a102194c,0.7334259152,if6_consensus_when_public_priors_concordant_with_d4
aayl51,aayl51:0000817:b57505aba3f3,b57505aba3f3da278e516a5c250367f1b303fa4f17eb859ba6299d120baadd79,0.4135988653,if6_consensus_when_public_priors_concordant_with_d4
aayl51,aayl51:0000818:15d3c05c3af2,15d3c05c3af26f0f14743e8b91933dbfb16e3b3612ade51b2b80b835de546d09,0.2426487654,if6_consensus_when_public_priors_concordant_with_d4
aayl51,aayl51:0000819:c4f7920304e1,c4f7920304e1de980dcf059db949817e2c294edcd1cef7c35cc05abbc7f02ff4,0.6994674206,if6_consensus_when_public_priors_concordant_with_d4
aayl51,aayl51:0000820:c4678eb98ed8,c4678eb98ed85eca7939fbcee56231a67042dd1320e07ffbb7950df6ebd7ccc7,0.8605387211,if6_consensus_when_public_priors_concordant_with_d4
aayl51,aayl51:0000821:a0abfe581110,a0abfe5811108f1f578916051cc75f1b108c8df3c1090ec1b07f7b6bfd272688,0.2917341888,if6_consensus_when_public_priors_concordant_with_d4
aayl51,aayl51:0000822:49ff5fc0c4fd,49ff5fc0c4fd80cef8f330a92c37a92e6bd0960007f9565350bdb2573afbaf86,0.3568727076,if6_consensus_when_public_priors_concordant_with_d4
aayl51,aayl51:0000823:19bd73be3994,19bd73be3994e42c8ea89267f55162815c357570bf1c1fca32efaaa26273dd22,0.2336960584,if6_consensus_when_public_priors_concordant_with_d4
aayl51,aayl51:0000824:f41129d4b67c,f41129d4b67c839ad76d275074537a57630c26c3721e80febb8fba0ee6a0c08f,0.2579300702,if6_consensus_when_public_priors_concordant_with_d4
aayl51,aayl51:0000825:c52947c5979d,c52947c5979d1c9963d7de51eb00e4e921c0047a224f4d1f93e5606ab189be54,0.2778420746,if6_consensus_when_public_priors_concordant_with_d4
aayl51,aayl51:0000826:057c8f2dc757,057c8f2dc757b647ff72aec35369143aa1033077310a525533ccb0fc8cbc04fa,0.2276761532,if6_consensus_when_public_priors_concordant_with_d4
aayl51,aayl51:0000827:e755bb114670,e755bb11467019bb29b1f8452b791c7a4a07d59da284d635f8ae72073f202fa7,0.7608242631,if6_consensus_when_public_priors_concordant_with_d4
aayl51,aayl51:0000828:db530c22cf3a,db530c22cf3a04b131ebd67f5583c06b3d1a68ec1ab1fe46954f3dcbf2dfb2f3,0.1924056411,if6_consensus_when_public_priors_concordant_with_d4
aayl51,aayl51:0000829:8090115835bd,8090115835bd7944cb226f3c309738aed33e24b650d9d7679f052348c28ca87b,0.2956703007,if6_consensus_when_public_priors_concordant_with_d4
aayl51,aayl51:0000830:4313fb3eafc4,4313fb3eafc417ff3b923d152b57ad3a6483ff4ba5e53600f24ccb30daf335b6,0.5345373154,if6_consensus_when_public_priors_concordant_with_d4
aayl51,aayl51:0000831:294a7ec599f7,294a7ec599f7a7f8fb36c11f40107c404d8d04ee0e9ee29612db21fefb79299f,0.7854442,if6_consensus_when_public_priors_concordant_with_d4
aayl51,aayl51:0000832:14d3dacc82a1,14d3dacc82a154cef1c354d86dd99e563644efab308fa85c42672b0eaa2b83ba,0.6277688146,if6_consensus_when_public_priors_concordant_with_d4
aayl51,aayl51:0000833:5cd7324ba261,5cd7324ba2614c4346f43c5e0a1f5832d7a7686dee26c27b49f9523ea04ad441,0.2610943615,if6_consensus_when_public_priors_concordant_with_d4
aayl51,aayl51:0000834:844079e6dceb,844079e6dceb6358e7dc3b172c09e8639cd45fe76edd79b84d5e3f01d65c8292,0.2741375268,if6_consensus_when_public_priors_concordant_with_d4
aayl51,aayl51:0000835:6e3a8ad35fe1,6e3a8ad35fe185dd84a8f635c127361adfccdb30790bea204579ad2d251024c7,0.1937948465,if6_consensus_when_public_priors_concordant_with_d4
aayl51,aayl51:0000836:a4b609c02846,a4b609c028464068109a50ba729c6d47975639f00ecc8ea41124ba00ee903fe0,0.3851200342,if6_consensus_when_public_priors_concordant_with_d4
aayl51,aayl51:0000837:c80c2e37f25e,c80c2e37f25eb42b8413c3d7cbced4540aba3810420ab8b37985e0fac1791865,0.7759512067,if6_consensus_when_public_priors_concordant_with_d4
aayl51,aayl51:0000838:e00b45cab0f2,e00b45cab0f2c940f30edc4570d476fe247b3c9d3053d5d0d919021665e2ee6e,0.6600293517,if6_consensus_when_public_priors_concordant_with_d4
aayl51,aayl51:0000839:d035a86c4088,d035a86c4088a5ded69ae68afb6619b422e7e16d278c72d28a484cf2d77190fd,0.1410820335,if6_consensus_when_public_priors_concordant_with_d4
aayl51,aayl51:0000840:d401a895ee65,d401a895ee6561fde09d46870a0901129dbeef8f892c44c5698516955ea3365b,0.8049702644,if6_consensus_when_public_priors_concordant_with_d4
aayl51,aayl51:0000841:12a5e86cf0c4,12a5e86cf0c40546f563c39631b31912691cefa31828300132e25196e99fc405,0.4716369212,if6_consensus_when_public_priors_concordant_with_d4
aayl51,aayl51:0000842:0c0972b65d25,0c0972b65d250c55003d43f47f42b6adb94e521f279900b4f521b8a0243e8bab,0.2798487246,if6_consensus_when_public_priors_concordant_with_d4
aayl51,aayl51:0000843:eae7e21bbfff,eae7e21bbfffe151fb10ee2d0285c199ca5f13bbdf477fe97a5c8fa0f82dfa18,0.5011190772,if6_consensus_when_public_priors_concordant_with_d4
aayl51,aayl51:0000844:7dd3e02bbe42,7dd3e02bbe428622752c481a0ef29dd47cf1a0b5af41789bbfebe34b3aa9a7bd,0.4115149975,if6_consensus_when_public_priors_concordant_with_d4
aayl51,aayl51:0000845:c611f66d3a32,c611f66d3a32b46fdfd4273230e81edde6c2611e144dd529f47cfd0f24bdd0b2,0.5584626198,if6_consensus_when_public_priors_concordant_with_d4
aayl51,aayl51:0000846:e08be936188d,e08be936188d451d97906a089858251f28694572638602e3e6e4e8513e6c45d4,0.1701782942,if6_consensus_when_public_priors_concordant_with_d4
aayl51,aayl51:0000847:bcafb2edfa84,bcafb2edfa84ed471fe902df4a8ff1cfa8e23899edd5e55831687f551191ee92,0.5536775589,if6_consensus_when_public_priors_concordant_with_d4
aayl51,aayl51:0000848:4b443c7d5cd5,4b443c7d5cd59495a46d635da01024d7838fe70d2291140835bbeb8036caf656,0.3195955753,if6_consensus_when_public_priors_concordant_with_d4
aayl51,aayl51:0000849:12a7c6a85dcc,12a7c6a85dcc030922de3347ef129e41384ab8c0f2e4c32820c5021126c55fbd,0.2610172033,if6_consensus_when_public_priors_concordant_with_d4
aayl51,aayl51:0000850:42d812dffcf3,42d812dffcf352328202646f13124a4e17541de348a97c322902f915a01036e0,0.215790689,if6_consensus_when_public_priors_concordant_with_d4
aayl51,aayl51:0000851:ab0b78fbfaea,ab0b78fbfaeac15a3fc4711e145b505f4f1e15654e91e90f569581771459a135,0.7183761597,if6_consensus_when_public_priors_concordant_with_d4
aayl51,aayl51:0000852:4d1ecf47823e,4d1ecf47823e0ea1712f65fb7fb1b9eedc73ff4affa39a8a6757ee380944220d,0.5268194675,if6_consensus_when_public_priors_concordant_with_d4
aayl51,aayl51:0000853:7a023b57af66,7a023b57af662bce1b60d5e82bf2b57c68827613fa7727c7f408f05a24b0f3c4,0.3903681338,if6_consensus_when_public_priors_concordant_with_d4
aayl51,aayl51:0000854:cc3f2a1b4ebd,cc3f2a1b4ebd550f352d7dbd7b5d962f5e984dfa82a10ca4caa39653878bceb5,0.6547812223,if6_consensus_when_public_priors_concordant_with_d4
aayl51,aayl51:0000855:ea011d950d90,ea011d950d90348b88e8bac3e740a059bae6224ce3fe99dcae52ff0b6fb5e61f,0.783205986,if6_consensus_when_public_priors_concordant_with_d4
aayl51,aayl51:0000856:59e7e4dcc384,59e7e4dcc384e29c8b215dfae34b27009933194e8b580f007bf57f824d2622ab,0.5381646752,if6_consensus_when_public_priors_concordant_with_d4
aayl51,aayl51:0000857:76e6d5cbf6af,76e6d5cbf6af53447ed6ab86a15f88e56e3caf3df6b4378098515df25e04254f,0.6939878464,if6_consensus_when_public_priors_concordant_with_d4
aayl51,aayl51:0000858:c89a993e4c3d,c89a993e4c3dfb7f499b20047787028cc4feab1819e7df84259f1d04a8171954,0.5231921077,if6_consensus_when_public_priors_concordant_with_d4
aayl51,aayl51:0000859:e1498f91c74b,e1498f91c74bc19946fb8fca9b73f9d05ad71276a41a38f843ebbed56bd18183,0.5211082697,if6_consensus_when_public_priors_concordant_with_d4
aayl51,aayl51:0000860:90b688834391,90b6888343916a8fdf9f4dc39bb22249d6291e5f3e9f1e8d483ce99539e1118a,0.5656401515,if6_consensus_when_public_priors_concordant_with_d4
aayl51,aayl51:0000861:52d66cfb0ebe,52d66cfb0ebed1130d929a81dbca0d1a5884356235933649eba2859cbcfc1561,0.544493258,if6_consensus_when_public_priors_concordant_with_d4
aayl51,aayl51:0000862:f0bc65fdf8d6,f0bc65fdf8d6567046d763814b1feed6b252dcb4220a7613cff54838eef0136a,0.479354769,if6_consensus_when_public_priors_concordant_with_d4
aayl51,aayl51:0000863:4ff232c24999,4ff232c24999ee0200496a1c3299a38c67591c4a12b2e90c9d0ff63d13d7140a,0.5697306395,if6_consensus_when_public_priors_concordant_with_d4
aayl51,aayl51:0000864:4a8d5e851b5c,4a8d5e851b5cb4f047011f5e780e57a97c182a02d4b5811d01cd807ec02674de,0.7151346207,if6_consensus_when_public_priors_concordant_with_d4
aayl51,aayl51:0000865:49456190760b,49456190760bb7b1a2ff2cb0333e7d4d0d501986438aaa1280aa8bae44f7f723,0.5278227925,if6_consensus_when_public_priors_concordant_with_d4
aayl51,aayl51:0000866:754a0daafbed,754a0daafbed793160d15d68e78fd62951f18047a3cdad237b36ab7d32a9e378,0.8338349462,if6_consensus_when_public_priors_concordant_with_d4
aayl51,aayl51:0000867:5eaffcf685cb,5eaffcf685cb8349d5532b43657b5ab82b0fc207753a1e7ad437312b84bce68f,0.7895346284,if6_consensus_when_public_priors_concordant_with_d4
aayl51,aayl51:0000868:fbb22939a45f,fbb22939a45febc5b56c0975bb79e2d640f836b4e61fa383c27bee4d6c0df813,0.4350543916,if6_consensus_when_public_priors_concordant_with_d4
aayl51,aayl51:0000869:37605dc5d17b,37605dc5d17b3d7ac23566793433aac5ad57777e38c621a09fec79a02f7168b1,0.3578760624,if6_consensus_when_public_priors_concordant_with_d4
aayl51,aayl51:0000870:a40db60e54f9,a40db60e54f916189e6883913db292994b2407a28c5bff37968381d18b869583,0.7757968903,if6_consensus_when_public_priors_concordant_with_d4
aayl51,aayl51:0000871:70357659ebf2,70357659ebf227d5f64dcab98f4111ea2dcfc363e6407265f0f1c3f952187ce8,0.5696148872,if6_consensus_when_public_priors_concordant_with_d4
aayl51,aayl51:0000872:2c2a86f125b7,2c2a86f125b769b80b8d061f00de9db216dc9dd403f7de370fbe2d91ca7da84e,0.4544261992,if6_consensus_when_public_priors_concordant_with_d4
aayl51,aayl51:0000873:5593fbc8678f,5593fbc8678f992a40b7e140265c78d4b5cd919f85876446299981afccf0aced,0.8184764981,if6_consensus_when_public_priors_concordant_with_d4
aayl51,aayl51:0000874:376375c39b68,376375c39b68cfbb4a8ff5e129da26d44f7dbe4e501448754e8e1705df99c729,0.4701705873,if6_consensus_when_public_priors_concordant_with_d4
aayl51,aayl51:0000875:6c91adb4b3dd,6c91adb4b3dd47df8e71163d5163849f80f33ec251af955d732211c3591f7920,0.5092228055,if6_consensus_when_public_priors_concordant_with_d4
aayl51,aayl51:0000876:6899d459f8ad,6899d459f8ad56f6b7f2e9fd294517bffadb2c90fd8e65195b7c966272ae6e6d,0.4101258218,if6_consensus_when_public_priors_concordant_with_d4
aayl51,aayl51:0000877:6096eb99f99b,6096eb99f99b83e3b518bd19e9c021769e1b7902da789c1e42ba966a0351cd12,0.6587173343,if6_consensus_when_public_priors_concordant_with_d4
aayl51,aayl51:0000878:97d1431d8230,97d1431d82305616819946ae185299fde90a2f39346eb746e79e9c3690667520,0.568418622,if6_consensus_when_public_priors_concordant_with_d4
aayl51,aayl51:0000879:fee093f13b81,fee093f13b81654f9058200b09ac41829485baab7ca5d6ed59a22870796fece7,0.6877363324,if6_consensus_when_public_priors_concordant_with_d4
aayl51,aayl51:0000880:fa07bda384a0,fa07bda384a0ed7518a2188e649715f66d2acf55fafcee8ab401d21fd3d9c45d,0.3253839612,if6_consensus_when_public_priors_concordant_with_d4
aayl51,aayl51:0000881:ea935f822a9b,ea935f822a9b13a8619d806dc69da2a8a2d2c30f828e51a596da55a3e7e73560,0.8548275828,if6_consensus_when_public_priors_concordant_with_d4
aayl51,aayl51:0000882:335dc0a369df,335dc0a369df7110a2375d09cfa0249ae73b484173d9e94715f6ed667f21d4ac,0.3792544603,if6_consensus_when_public_priors_concordant_with_d4
aayl51,aayl51:0000883:b784973056fa,b784973056fa374fff13accd38cd200391fa9a3435c60a1171980b9819287c25,0.3480744064,if6_consensus_when_public_priors_concordant_with_d4
aayl51,aayl51:0000884:6a6a0622dd28,6a6a0622dd28603ab22257ae7090ff45a0a048aa528a7ec79cac17ff859d300e,0.9765377641,if6_consensus_when_public_priors_concordant_with_d4
aayl51,aayl51:0000885:d01b441caf61,d01b441caf61000136b2801465116704b3bc008cd4f16bceb4a4a06c377c9708,0.7370533347,if6_consensus_when_public_priors_concordant_with_d4
aayl51,aayl51:0000886:9b1f7782e3a0,9b1f7782e3a076deb045ed07aa69c82f39fafd09d11752de502283c601b53c7b,0.645519793,if6_consensus_when_public_priors_concordant_with_d4
aayl51,aayl51:0000887:cd1a56d5eb48,cd1a56d5eb48cf53ea59d62c6b884d68d6f0bb30a17f9e6d2232ef994473fb5c,0.7771860957,if6_consensus_when_public_priors_concordant_with_d4
aayl51,aayl51:0000888:aad4d7f964c3,aad4d7f964c39fc6d5370487e13220c933836a1c08691678c985bd03e6f8238a,0.4593656063,if6_consensus_when_public_priors_concordant_with_d4
aayl51,aayl51:0000889:8a6c2f6bbc9f,8a6c2f6bbc9f213d597e1cff3f9d9d65303c13fba6e3e90f942facbfbaf72ed6,0.3873581886,if6_consensus_when_public_priors_concordant_with_d4
aayl51,aayl51:0000890:a1678bd44db1,a1678bd44db1bfc6279a94b599bc7f5988e9d1bc2a91c8c9cb7e21fcf731bb60,0.4766535461,if6_consensus_when_public_priors_concordant_with_d4
aayl51,aayl51:0000891:28b6596f0c3f,28b6596f0c3f2af987c98618833b846adcf965faa167283a19403a26067077ec,0.2749864757,if6_consensus_when_public_priors_concordant_with_d4
aayl51,aayl51:0000892:e26e6585736c,e26e6585736cfd7c78e827893d9b236185e644aa49857b2c4e8e59e10d5810ff,0.3087906241,if6_consensus_when_public_priors_concordant_with_d4
aayl51,aayl51:0000893:3b8267f8d2ab,3b8267f8d2abb66e49670a73b48dccf2349430d1be45b8e2074a0be96d53042f,0.5980550647,if6_consensus_when_public_priors_concordant_with_d4
aayl51,aayl51:0000894:4902fe470691,4902fe4706915745a6e9c2dfb794e0325b3577d6c80ed88a5f970de1c0dd81ce,0.9311568737,if6_consensus_when_public_priors_concordant_with_d4
aayl51,aayl51:0000895:2b474cc45f2d,2b474cc45f2d0a0c2f79c89be851cb0f3c243f3c2b07922aa509528730d354d0,0.3949216604,if6_consensus_when_public_priors_concordant_with_d4
aayl51,aayl51:0000896:c33885de9ec7,c33885de9ec7803f9a3c030a8b02122065b20a41c4b865186707949d951a3d1f,0.4592112601,if6_consensus_when_public_priors_concordant_with_d4
aayl51,aayl51:0000897:60f555cb7e18,60f555cb7e18afe8c0b934df83459a146ca0a3caaa444e8445e497fecf81c3f8,0.8104498982,if6_consensus_when_public_priors_concordant_with_d4
aayl51,aayl51:0000898:46cbb7e5e2c5,46cbb7e5e2c5fc4c620492b0e9c1136289293ce5642c599041aab557d2a67686,0.3489233553,if6_consensus_when_public_priors_concordant_with_d4
aayl51,aayl51:0000899:1bd82c5491c6,1bd82c5491c6f91a3302fba29cf79e34037d1d5293bab2ae70d5d8c66a85083f,0.3039283752,if6_consensus_when_public_priors_concordant_with_d4
aayl51,aayl51:0000900:aa81dc9d0495,aa81dc9d04957d7f2bac27d44ca4ec22de87ee7aa6f9a07aae3078551b692718,0.8484217525,if6_consensus_when_public_priors_concordant_with_d4
aayl51,aayl51:0000901:2dd3b0ce1d85,2dd3b0ce1d85dfad0894ffa55c5ab6ce6e26af0296000934b861ef5ffd536194,0.6547426581,if6_consensus_when_public_priors_concordant_with_d4
aayl51,aayl51:0000902:37f1312a8a8f,37f1312a8a8fd21fccc37a12ae0c1bef37a57e4b586c12c013034de37947540f,0.7374392152,if6_consensus_when_public_priors_concordant_with_d4
aayl51,aayl51:0000903:606fd39c915e,606fd39c915eb7904507a37215101a48d04c39e8857035ef0bc8b0f66b5e4c09,0.5045921206,if6_consensus_when_public_priors_concordant_with_d4
aayl51,aayl51:0000904:349b823d5ba6,349b823d5ba6abe11e15d985f79b1b740f3089ed7eb2ff68da4ebfb073518c04,0.3640502989,if6_consensus_when_public_priors_concordant_with_d4
aayl51,aayl51:0000905:204d383ff082,204d383ff082dcee9998f8de41f049999fda5957b12a2fb07a7024540c3fb988,0.5544493794,if6_consensus_when_public_priors_concordant_with_d4
aayl51,aayl51:0000906:5bc7a6a036a4,5bc7a6a036a407208d64dc948538f6704144baaa98a1f274460b68c437d5f72a,0.2589333951,if6_consensus_when_public_priors_concordant_with_d4
aayl51,aayl51:0000907:03d7e5a797b6,03d7e5a797b6361be3c584089c48bb2a66a8f91f8228546c1ec0898eea6dc9b7,0.8203287721,if6_consensus_when_public_priors_concordant_with_d4
aayl51,aayl51:0000908:881c58a97214,881c58a97214c4cf991235acb931e5f274a7eeac9dcc2a9a698c7b4b79f091b0,0.6125646234,if6_consensus_when_public_priors_concordant_with_d4
aayl51,aayl51:0000909:be6820bce75e,be6820bce75ef660c24b09b6fccfcee9dfcff4a953ae99108f767d4208b79ced,0.5645596981,if6_consensus_when_public_priors_concordant_with_d4
aayl51,aayl51:0000910:f658ecde5e53,f658ecde5e533276c833f4bc89081f8b4fc806a1cca0fc6d4b095c48c4602183,0.314347446,if6_consensus_when_public_priors_concordant_with_d4
aayl51,aayl51:0000911:6b5ce163abbb,6b5ce163abbb5f020e3c0438c8b0af3b935535967f7f0a7ca249605aaec84f6b,0.8587636352,if6_consensus_when_public_priors_concordant_with_d4
aayl51,aayl51:0000912:da16b4364cc8,da16b4364cc82cf4e279d65414967cb0d2d815d2c5c7305235ba0aff43f86d45,0.8420159221,if6_consensus_when_public_priors_concordant_with_d4
aayl51,aayl51:0000913:bdd7b200b35b,bdd7b200b35b94be4f4168e9f24f9b864dd5728c625c77dafaae531ed0a674ec,0.7960176468,if6_consensus_when_public_priors_concordant_with_d4
aayl51,aayl51:0000914:ed508b9521c4,ed508b9521c46780ebe21ce1f1a19c3bcfc25a2b6606bb8629aa92df1092ad12,0.8874740005,if6_consensus_when_public_priors_concordant_with_d4
aayl51,aayl51:0000915:3fa120b7136a,3fa120b7136a802695ecd2866b4a0ea7760e8d4aa5c405823452d2e1dab54525,0.4798950255,if6_consensus_when_public_priors_concordant_with_d4
aayl51,aayl51:0000916:ad33d7856eab,ad33d7856eab406f52cf7d80a9cd6b45b82953dca4f1d161374cfdd231b012c0,0.7150575519,if6_consensus_when_public_priors_concordant_with_d4
aayl51,aayl51:0000917:a3548c3717d5,a3548c3717d51cc26aca62301e213f27f7a55f89f5a4dc354f89dce8d8d98252,0.5174809098,if6_consensus_when_public_priors_concordant_with_d4
aayl51,aayl51:0000918:d8e87b841573,d8e87b841573d099a3e447d8e0b790a07f488638f375cc733320041630e79f05,0.3959249556,if6_consensus_when_public_priors_concordant_with_d4
aayl51,aayl51:0000919:b0706ef1fa3f,b0706ef1fa3f637129b4e5d2192e4c574942634e73baea39468f2518354bdca9,0.6158061028,if6_consensus_when_public_priors_concordant_with_d4
aayl51,aayl51:0000920:733ac314ded0,733ac314ded00e1091f1f18a6007cc9e905a591847e6f770814741d1365941e0,0.8988963962,if6_consensus_when_public_priors_concordant_with_d4
aayl51,aayl51:0000921:503c4ca6e7bf,503c4ca6e7bfd6ec744e431a5acb27257d58eb7e5ba184a8c54c0258027f1b55,0.7067994475,if6_consensus_when_public_priors_concordant_with_d4
aayl51,aayl51:0000922:f4148374fb51,f4148374fb51944e847d4e167f413242ef6f93d8dc959b01f835b0795a261622,0.7372848392,if6_consensus_when_public_priors_concordant_with_d4
aayl51,aayl51:0000923:5d79e9a9e608,5d79e9a9e608cb9926dddcdd00f589ac3cf5028d943f1efa97de2f3c6539e1d0,0.6290035844,if6_consensus_when_public_priors_concordant_with_d4
aayl51,aayl51:0000924:8edce73e8472,8edce73e8472d1d9ed20edb39998933b5eb784e26040832538d3ddc91830e818,0.6380335093,if6_consensus_when_public_priors_concordant_with_d4
aayl51,aayl51:0000925:4ea32e321dfa,4ea32e321dfa5f3f3bc226a05fa49f40c26a437867b4387c1b9e97df845b4a2d,0.5495871305,if6_consensus_when_public_priors_concordant_with_d4
aayl51,aayl51:0000926:affc6ba036b8,affc6ba036b8ba77f19f856c693a88cd5bc475adaaf244698612e12c0afb33fa,0.4742610157,if6_consensus_when_public_priors_concordant_with_d4
aayl51,aayl51:0000927:faa9bc1d1834,faa9bc1d1834894a92c1b7391e9913a79213f8382a39b71579ef2ccd8da52db2,0.8724241853,if6_consensus_when_public_priors_concordant_with_d4
aayl51,aayl51:0000928:04821a0bf8b1,04821a0bf8b1d207c26eed2d8e92f62dfd102a616ce7992d4931bd06e1ecab32,0.8008026481,if6_consensus_when_public_priors_concordant_with_d4
aayl51,aayl51:0000929:5a70cb9ce483,5a70cb9ce4838c89c0121d3702f637fc74f44dfdab421a0f8b307d337a47211d,0.7405263782,if6_consensus_when_public_priors_concordant_with_d4
aayl51,aayl51:0000930:e9663d0a237a,e9663d0a237a6596c98c2ee2ebbdae69813415ae2e6e45d038bfcba28bb552a0,0.5886393189,if6_consensus_when_public_priors_concordant_with_d4
aayl51,aayl51:0000931:b121f2039300,b121f20393000dce103c358b3ae01ce54b17e7001f67393e03fb4ac575d4cb8f,0.4474029541,if6_consensus_when_public_priors_concordant_with_d4
aayl51,aayl51:0000932:9034c6d788fb,9034c6d788fbda5471c8f7237c9a2d817e25009b80169788aa99d8e1634ec516,0.8018059731,if6_consensus_when_public_priors_concordant_with_d4
aayl51,aayl51:0000933:f796200fc068,f796200fc06829268bf5bc06fbad316a6f1e6615f3d8f040af24285dcf161673,0.8542873263,if6_consensus_when_public_priors_concordant_with_d4
aayl51,aayl51:0000934:88a914a7b1df,88a914a7b1dfd5d7303b71a9fad425ab87cef563c7777fe510412ce01796bd08,0.3179748356,if6_consensus_when_public_priors_concordant_with_d4
aayl51,aayl51:0000935:4f727430dd67,4f727430dd67f3e01371ca41d9c4201aebda079f4903eb994577d1af5a8e2da1,0.2741375268,if6_consensus_when_public_priors_concordant_with_d4
aayl51,aayl51:0000936:601c904a79c9,601c904a79c943416e51347e351031d2bf263a1fecf9c87a587449716b581d69,0.5370841622,if6_consensus_when_public_priors_concordant_with_d4
aayl51,aayl51:0000937:3f23dec766ab,3f23dec766abeb5053daa401fee22dc333704eae2873bae88e72ae07d8a2fcb0,0.3107972443,if6_consensus_when_public_priors_concordant_with_d4
aayl51,aayl51:0000938:0a83fa99bcf0,0a83fa99bcf0babcf73784d756e4a0f1df4c58cd8d3a3bb441ed8b44b385d460,0.6454426646,if6_consensus_when_public_priors_concordant_with_d4
aayl51,aayl51:0000939:e0b15c6427dd,e0b15c6427dd2e9e919b1d141f84a2ddb387ba6150e406bce879fd9f8e4809ad,0.5204136968,if6_consensus_when_public_priors_concordant_with_d4
aayl51,aayl51:0000940:5ad9e3c8eaae,5ad9e3c8eaae6828ddcc259c5aadeba2be969df7114a9130f41cb8298eeb8d7f,0.02971366793,if6_consensus_when_public_priors_concordant_with_d4
aayl51,aayl51:0000941:4e5541cbf4f3,4e5541cbf4f3cda615ddb774025901975222fe807bdc8c6666336d2bf6ccd845,0.6946051717,if6_consensus_when_public_priors_concordant_with_d4
aayl51,aayl51:0000942:49ef1d8cf298,49ef1d8cf29845fddb413d6cd49588bfc36130895cbbdd25ef871aea42d23097,0.5398626328,if6_consensus_when_public_priors_concordant_with_d4
aayl51,aayl51:0000943:1664b00d03a2,1664b00d03a20af1a5e3b5ab92d156ac9f3527a4831fd0714afa54ad9c8e42a4,0.3035424948,if6_consensus_when_public_priors_concordant_with_d4
aayl51,aayl51:0000944:74cf5a983295,74cf5a9832952a6396a7c8fb92a7d6be414bb534032b4545efea6ac2a7778e48,0.1053484678,if6_consensus_when_public_priors_concordant_with_d4
aayl51,aayl51:0000945:72f3037174ae,72f3037174ae278165b333443744c9132ed964a361aa5d2674df8a0f61d94750,0.4629157782,if6_consensus_when_public_priors_concordant_with_d4
aayl51,aayl51:0000946:0e9419172236,0e9419172236da891ae7a5fa1801f72d22fcdedbe6c1779ccab9c4ebb58d2734,0.2404877692,if6_consensus_when_public_priors_concordant_with_d4
aayl51,aayl51:0000947:77d0b1622622,77d0b16226222121a313f0ba765d1996a5417840cdbbd01ddf49fb047d3ba151,0.2792313099,if6_consensus_when_public_priors_concordant_with_d4
aayl51,aayl51:0000948:936e047b47e4,936e047b47e46d99dffa3db2a0b3b32a974f25dd9bc9a7f24908233b50ed03b7,0.180674538,if6_consensus_when_public_priors_concordant_with_d4
aayl51,aayl51:0000949:ff54cf690fc7,ff54cf690fc741aef85123dc932ee47d654978fcc314d33dc945f21b81f2d913,0.6096318364,if6_consensus_when_public_priors_concordant_with_d4
aayl51,aayl51:0000950:7f4e7e816a3d,7f4e7e816a3d6e0f2cbea1cc7e145ad07b8787ed8f7565f3a3c6d1749f819eb7,0.608397007,if6_consensus_when_public_priors_concordant_with_d4
aayl51,aayl51:0000951:a459c24b5150,a459c24b5150a56560a81784a5f59c379007b7a3717d6641d73555e2db5bad21,0.3213706911,if6_consensus_when_public_priors_concordant_with_d4
aayl51,aayl51:0000952:478ebc433182,478ebc433182f37cee5e0e7335ea0709faeafa42e811658b4a807282f9b77a8a,0.4778112173,if6_consensus_when_public_priors_concordant_with_d4
aayl51,aayl51:0000953:4db21f06b295,4db21f06b29575625cc3020a58bb3059793ad9be8f2a77848ff917869708543c,0.7357413173,if6_consensus_when_public_priors_concordant_with_d4
aayl51,aayl51:0000954:b3d452db8d46,b3d452db8d46a81929e4fc1af513e18b1ecbedfe59a58e6dea38d9ab9dae4b72,0.2462761402,if6_consensus_when_public_priors_concordant_with_d4
aayl51,aayl51:0000955:f6d16bfa6caf,f6d16bfa6caf8bead4f6699eecdd6cf8112ffba794987aaf9edebfd7f345e1bc,0.5330709219,if6_consensus_when_public_priors_concordant_with_d4
aayl51,aayl51:0000956:b2da9efacd12,b2da9efacd120655817ea42a12a5803a8e52793e6f52c57197c503e14f1d32aa,0.5417149067,if6_consensus_when_public_priors_concordant_with_d4
aayl51,aayl51:0000957:dda8c94621c3,dda8c94621c3a9adbc3a261bd0b30796b9326025c96b0d6481d921e7265e7265,0.3784054816,if6_consensus_when_public_priors_concordant_with_d4
aayl51,aayl51:0000958:505e053b7a6e,505e053b7a6ea0e2c46ed5fd170ca5b2d8bc85515297355dc8d86d55258538a6,0.6093232036,if6_consensus_when_public_priors_concordant_with_d4
aayl51,aayl51:0000959:49ea46c104aa,49ea46c104aa126d64febc8379cba79c1d8d3b1e54e70e43b08ba92daddb3b28,0.6418923736,if6_consensus_when_public_priors_concordant_with_d4
aayl51,aayl51:0000960:a8a1ae0d3880,a8a1ae0d3880841763c0019e575f9029b49a826f76a2d76a81a64b47f4349631,0.3629698455,if6_consensus_when_public_priors_concordant_with_d4
aayl51,aayl51:0000961:90162d2100d5,90162d2100d540ca4f2c9ad2940161cf10a546522d209a446a66a7490050b4e7,0.6583314538,if6_consensus_when_public_priors_concordant_with_d4
aayl51,aayl51:0000962:01dc2d3af6e7,01dc2d3af6e7889980050f98b5d995002e4fec0742f1ec7d440bfd11f5af42bf,0.1251061112,if6_consensus_when_public_priors_concordant_with_d4
aayl51,aayl51:0000963:a5f60f593dc1,a5f60f593dc1c302469cb82531cf2bfa0fccd976b31addcfad6c7d184585b1a7,0.3946901262,if6_consensus_when_public_priors_concordant_with_d4
aayl51,aayl51:0000964:116dcceb6427,116dcceb6427b387a659345766c7305d99ba782ee9c655fbf8314624abddb174,0.2077641487,if6_consensus_when_public_priors_concordant_with_d4
aayl51,aayl51:0000965:eabb5ad977f5,eabb5ad977f5d61a2c5fed2a59ec7d558768315687deeb7440e80e5a1d68905c,0.547657609,if6_consensus_when_public_priors_concordant_with_d4
aayl51,aayl51:0000966:6e8a6c129750,6e8a6c129750f27e35e5d7389053229cae600e73de8885ccd0dbc62cfeddd016,0.863471508,if6_consensus_when_public_priors_concordant_with_d4
aayl51,aayl51:0000967:f6d84b112dd4,f6d84b112dd46c58c56bcc95b12ebccd4cbd3ba5b5e4f2b024ac76e8dc42bac9,0.2954387665,if6_consensus_when_public_priors_concordant_with_d4
aayl51,aayl51:0000968:4eae8b289728,4eae8b2897280ff05e87c34142ec1790d5a4a9a67e4c656955f2244dbe087061,0.2018985897,if6_consensus_when_public_priors_concordant_with_d4
aayl51,aayl51:0000969:b6e83b3481c7,b6e83b3481c7c558399fb9960eea22336972453f96fb54a5e9e26cd40219ff61,0.4703249037,if6_consensus_when_public_priors_concordant_with_d4
aayl51,aayl51:0000970:46984a69c99f,46984a69c99fda7894b65f5a3ff478b339ed44689898062127a595fcf65d8d3a,0.7975611687,if6_consensus_when_public_priors_concordant_with_d4
aayl51,aayl51:0000971:7254ccfb7178,7254ccfb717828061eec1074d3b29b0555ebfb93e475f9a06485d57cd57bcd98,0.3011885583,if6_consensus_when_public_priors_concordant_with_d4
aayl51,aayl51:0000972:53a4238d5e95,53a4238d5e95edd7bd5a726ed71882260c18fa7bc98e9bed10bb12fb4b557a91,0.4447789192,if6_consensus_when_public_priors_concordant_with_d4
aayl51,aayl51:0000973:ce5484c56769,ce5484c567693d9f2af49a3db12d3b96dc5c9cf2f3c87ceb5133fdf63e1eeed2,0.5834683776,if6_consensus_when_public_priors_concordant_with_d4
aayl51,aayl51:0000974:5076c8e863fb,5076c8e863fbf730f4fb60d4a206620c94290cffc81b4b44d17def73d1912103,0.3076329529,if6_consensus_when_public_priors_concordant_with_d4
aayl51,aayl51:0000975:c60d19575011,c60d195750118f52d8edc72b8ee09dd984a947f99c67264a29a5b32f96bf0be7,0.3340279162,if6_consensus_when_public_priors_concordant_with_d4
aayl51,aayl51:0000976:adcdf263dcab,adcdf263dcab15b4ef14e58aed1690201d4e7506c040f776efce5b4a94b2e2a9,0.6052327156,if6_consensus_when_public_priors_concordant_with_d4
aayl51,aayl51:0000977:a220d0052e86,a220d0052e860fb2cbdbfa7ad516959227fa5a8dcffa2a615b35dff097b5ea4a,0.432661891,if6_consensus_when_public_priors_concordant_with_d4
aayl51,aayl51:0000978:5feb8fe73619,5feb8fe736199a7fd5ab284cf85dddc336eca0ea155f33735c54507d488acd60,0.5133904815,if6_consensus_when_public_priors_concordant_with_d4
aayl51,aayl51:0000979:5c036fb558d6,5c036fb558d6e194cc8b86e27094214b311a4c09299478518a4873a7a0db92ff,0.7889943123,if6_consensus_when_public_priors_concordant_with_d4
aayl51,aayl51:0000980:c96469638ea8,c96469638ea8da8e1eab05be35856fce1c8d88bcea50ef09f51d7b74da83a6e1,0.5789920688,if6_consensus_when_public_priors_concordant_with_d4
aayl51,aayl51:0000981:41be7436f619,41be7436f619a5c9fbeb7265aecb011ccbdf25877eb93ebac754f5d9c6d6aa16,0.363124162,if6_consensus_when_public_priors_concordant_with_d4
aayl51,aayl51:0000982:ce471094e2ac,ce471094e2acee546238b3178c1cb26665af560f62f422da733490e608cb5f06,0.748398602,if6_consensus_when_public_priors_concordant_with_d4
aayl51,aayl51:0000983:34c7a86419c5,34c7a86419c5b80f4c2170463d402ccde98bba6016a582ea287ea27ec5e47979,0.8618507385,if6_consensus_when_public_priors_concordant_with_d4
aayl51,aayl51:0000984:1129c32a8bb3,1129c32a8bb373230c2d7661929207e1b841bc9db9a7de46fea85e498d0312f5,0.7456200719,if6_consensus_when_public_priors_concordant_with_d4
aayl51,aayl51:0000985:d3392b4cd0b2,d3392b4cd0b2c7603c2412f213884dd7b7bbbb65fc008ef8b2b8760223f5faa6,0.3182063997,if6_consensus_when_public_priors_concordant_with_d4
aayl51,aayl51:0000986:596008716009,596008716009d914923995f74ff04713ab687de9d9c5da33c4ae029155a694c7,0.3065524399,if6_consensus_when_public_priors_concordant_with_d4
aayl51,aayl51:0000987:519856f15e78,519856f15e78bad77274e4bf3202dd9fb9113fc13d55fbbaee5eab5fe5ecf0dc,0.4634560347,if6_consensus_when_public_priors_concordant_with_d4
aayl51,aayl51:0000988:fb5f22689def,fb5f22689defa38c774fc813029aec730f72b1d0fabedc544122ce392fde1519,0.2520645261,if6_consensus_when_public_priors_concordant_with_d4
aayl51,aayl51:0000989:3f152923eab4,3f152923eab44576f07fcf3299fc815494e0c47d3c0e1e85a665203a7a980121,0.5352318883,if6_consensus_when_public_priors_concordant_with_d4
aayl51,aayl51:0000990:178ed4c736fa,178ed4c736fa5d98852201fb311d0440c04683652d07ac39153b597897baf000,0.4588253498,if6_consensus_when_public_priors_concordant_with_d4
aayl51,aayl51:0000991:183457a1b132,183457a1b132d124d96a0b13c016e0282dc8219a873b71591c9299a239010bc3,0.510689199,if6_consensus_when_public_priors_concordant_with_d4
aayl51,aayl51:0000992:8d3165fb1acc,8d3165fb1accb70ac42f7c6cba38693208b0f070dafa6d5f0b6a1ad0ad08b258,0.7729412913,if6_consensus_when_public_priors_concordant_with_d4
aayl51,aayl51:0000993:316a0d0e3bde,316a0d0e3bde1a9fd659814ec6296b645fe3e58eb487b47ecce8c75844bfa9b1,0.2986802757,if6_consensus_when_public_priors_concordant_with_d4
aayl51,aayl51:0000994:b621a5d0ea65,b621a5d0ea6561ed7e3c9c077509a774e957a73b26508b2b3f2cbc0ba501165c,0.8217951655,if6_consensus_when_public_priors_concordant_with_d4
aayl51,aayl51:0000995:40453bf7375d,40453bf7375d74c8601561521a0e5f408a55731e8e777369883e92face380c71,0.5556841493,if6_consensus_when_public_priors_concordant_with_d4
aayl51,aayl51:0000996:e8013a3b0308,e8013a3b0308ea3959671697d6608b3a2387dc5976e1725f23493aec077b13fc,0.282241255,if6_consensus_when_public_priors_concordant_with_d4
aayl51,aayl51:0000997:cf5b8dd2bd8c,cf5b8dd2bd8c53ad37507157618121a7a55411dc47c42389cd0c878322619e85,0.7688508034,if6_consensus_when_public_priors_concordant_with_d4
aayl51,aayl51:0000998:228de70abb9d,228de70abb9dc310e7d11f449f9db09ab813c6ee4045ce3e77470efb7ccb1537,0.7253994346,if6_consensus_when_public_priors_concordant_with_d4
aayl51,aayl51:0000999:a53678edc352,a53678edc352e2581d53bb4498ada56cabd6a2f3b7a4c7f193e7d811aa2468df,0.8248823285,if6_consensus_when_public_priors_concordant_with_d4
aayl51,aayl51:0001000:b5ef43c2d1e7,b5ef43c2d1e7d633e2867bc6dee763fc7b06189f2021f5c8df1d20977c81e5ea,0.3110287786,if6_consensus_when_public_priors_concordant_with_d4
aayl51,aayl51:0001001:bb8644329d7d,bb8644329d7db80aff6260fc3a09ab2c4f7f360b7a9bbf843ed19d1f3d410b04,0.8120706677,if6_consensus_when_public_priors_concordant_with_d4
aayl51,aayl51:0001002:3168a9f1ad15,3168a9f1ad15787c72740125f842625f86917dd4f263d7601df1a87da81e293d,0.1828355342,if6_consensus_when_public_priors_concordant_with_d4
aayl51,aayl51:0001003:d3e0216737cd,d3e0216737cd25d7a8f984624e253c970dd99fc17f26e1eb772d00cad7d74675,0.8148491383,if6_consensus_when_public_priors_concordant_with_d4
aayl51,aayl51:0001004:c64bf7eb540c,c64bf7eb540cbfc966a2e124db4684a7161c6aaa29bb850ce9f5161a1a8c944b,0.05363896117,if6_consensus_when_public_priors_concordant_with_d4
aayl51,aayl51:0001005:c52e1a736bd4,c52e1a736bd494305dde58738ec3907f5a721827033cccb51e0bf721a3e2979e,0.5544879436,if6_consensus_when_public_priors_concordant_with_d4
aayl51,aayl51:0001006:33ae62d6840b,33ae62d6840b1f82c03b9a32c5fe2e93bb3f538c24c8d1f1bcdbc37bb743ba42,0.3449100554,if6_consensus_when_public_priors_concordant_with_d4
aayl51,aayl51:0001007:eaa9e597ae68,eaa9e597ae683f5b3bedd0473d2a89ca51a69ca0ffb4cbfaace4c033fe587bc6,0.7944740653,if6_consensus_when_public_priors_concordant_with_d4
aayl51,aayl51:0001008:268ca0dc06e3,268ca0dc06e3d04e7d92c257a462079c4c6d072669708730b876a33d491dbcbe,0.2593192756,if6_consensus_when_public_priors_concordant_with_d4
aayl51,aayl51:0001009:773026633390,773026633390818dc72acbea4b0f81565f9c34189e15d314ff1ee366550b9762,0.6591031551,if6_consensus_when_public_priors_concordant_with_d4
aayl51,aayl51:0001010:9ce5ea15a014,9ce5ea15a014d42651b4d2658e625aee58fc5326af5fd4be69f183ba396e9743,0.8104500175,if6_consensus_when_public_priors_concordant_with_d4
aayl51,aayl51:0001011:2a50bb8a6ef8,2a50bb8a6ef8d56ec63ace508b4a54b9fdaa90bf2a3c7b31b841209fd4f1ee9c,0.3063209057,if6_consensus_when_public_priors_concordant_with_d4
aayl51,aayl51:0001012:ff1c2f522986,ff1c2f522986bae3622f6f6b841ca3b25e1e7dd8f3905daa0a6608ae5b82b453,0.8696457744,if6_consensus_when_public_priors_concordant_with_d4
aayl51,aayl51:0001013:e9a3afafabf9,e9a3afafabf9f7ad06555afab0bb2a4c0d89e961d178eea245eaf78f050bacd7,0.3629697859,if6_consensus_when_public_priors_concordant_with_d4
aayl51,aayl51:0001014:ca8d26369c18,ca8d26369c1880aef55f80b51177da6ba6897b8dff342dab015c89e4a98f4c38,0.4765763581,if6_consensus_when_public_priors_concordant_with_d4
aayl51,aayl51:0001015:f1cde87aeb22,f1cde87aeb22a806cd94c420eb9eaadfbbb57bde3590b12a4a4cef8610faa1d8,0.743844986,if6_consensus_when_public_priors_concordant_with_d4
aayl51,aayl51:0001016:01604021c011,01604021c0117c28f1dead5dea3d344dddc219f4283924c163a6f731408a0242,0.6437447071,if6_consensus_when_public_priors_concordant_with_d4
aayl51,aayl51:0001017:867a0eaca9b5,867a0eaca9b5af054a1dd9f8b247f5a766106147e40965f157017ca1da34435e,0.5623214841,if6_consensus_when_public_priors_concordant_with_d4
aayl51,aayl51:0001018:2ead3056bbce,2ead3056bbce93892381d1366a9e776c7d1e1667a3cea80616690860bc7b112f,0.744230926,if6_consensus_when_public_priors_concordant_with_d4
aayl51,aayl51:0001019:f2236ac80031,f2236ac800311ede88ff0391c3079ea474e0374bde08621867fdbfafd8aacc33,0.8225669861,if6_consensus_when_public_priors_concordant_with_d4
aayl51,aayl51:0001020:44eab7999438,44eab79994386d2cd3b784fc176e05ff353f414b776af3de1bac70b5a5b3ef4a,0.4430038035,if6_consensus_when_public_priors_concordant_with_d4
aayl51,aayl51:0001021:3a3152c78024,3a3152c78024035b657e35a102d27a829aca5dbf699449662355eaf59ee96ad7,0.7108127475,if6_consensus_when_public_priors_concordant_with_d4
aayl51,aayl51:0001022:b24cba202a59,b24cba202a5933a507c2d4af02c6a3bdda7ecb96d4b992bdda43c821218f6cb1,0.6449795365,if6_consensus_when_public_priors_concordant_with_d4
aayl51,aayl51:0001023:2cc7fd6fd341,2cc7fd6fd341ee67a6586c83cbf3d4c7383e95c86645dadcb235306870025d68,0.6560160518,if6_consensus_when_public_priors_concordant_with_d4
aayl51,aayl51:0001024:4617539f28b7,4617539f28b75ae973df95219e730bbf592ff956c1c486b696a7d812200d3108,0.4345141351,if6_consensus_when_public_priors_concordant_with_d4
aayl51,aayl51:0001025:d1a8a7a1998e,d1a8a7a1998eee4b6ee2aae6b6bc20da89406f345df54cc2193a795e9b793e28,0.8665586114,if6_consensus_when_public_priors_concordant_with_d4
aayl51,aayl51:0001026:5ad41100bcb9,5ad41100bcb96ea5b2c0d00b3d32c386fe56ba786f1b8b68454d95b8b128f48d,0.2998379171,if6_consensus_when_public_priors_concordant_with_d4
aayl51,aayl51:0001027:b9d4f862419f,b9d4f862419f19cbf783e635c14aa15ad9291f07047fc0892d4355e9e3878512,0.5603534579,if6_consensus_when_public_priors_concordant_with_d4
aayl51,aayl51:0001028:10c936c14069,10c936c1406900203e3814d585428fda5ec3fde78a48b66a3d8429ce2efbcf55,0.8145403862,if6_consensus_when_public_priors_concordant_with_d4
aayl51,aayl51:0001029:e824729b1625,e824729b162514de2a0a83e56821b62f76a75ee9512ce50896c9dea6d2011b3a,0.6637338996,if6_consensus_when_public_priors_concordant_with_d4
aayl51,aayl51:0001030:9eeff885d463,9eeff885d463ae907eadecdd553c1927bb0549d67dc4bacd1358075d9e2de82f,0.8478043079,if6_consensus_when_public_priors_concordant_with_d4
aayl51,aayl51:0001031:7bc7228a5301,7bc7228a5301fafb319ad48488c3d62fc46dfe06db2dbe947f3e1b41fc50733f,0.5476576686,if6_consensus_when_public_priors_concordant_with_d4
aayl51,aayl51:0001032:27e3b0d1fe9a,27e3b0d1fe9a05b7843735572a315820956e7388a95ce70b0b3db038bfc8971b,0.3042370975,if6_consensus_when_public_priors_concordant_with_d4
aayl51,aayl51:0001033:3aab5df950e2,3aab5df950e2a423f865f0799a7d93fd230e61bb814d4af378e32fdec14169e5,0.1608396918,if6_consensus_when_public_priors_concordant_with_d4
aayl51,aayl51:0001034:cf79aef07afd,cf79aef07afd3eeda3e79d59b1812981fd08bdf05639a76d190a6f4fcf3fca1b,0.499112457,if6_consensus_when_public_priors_concordant_with_d4
aayl51,aayl51:0001035:f99fa05d5078,f99fa05d50787729b04e3428b59c8676b109f4a553e67a0de8eaf6103c693217,0.7382882237,if6_consensus_when_public_priors_concordant_with_d4
aayl51,aayl51:0001036:4f7e28b4ff80,4f7e28b4ff80ed867c1e9b1ac27563917c7abfe711ab51ccf90e490e445a161e,0.3705333173,if6_consensus_when_public_priors_concordant_with_d4
aayl51,aayl51:0001037:e48d3a945efb,e48d3a945efb0cae07229835ff307c8dac6bfd983d10d09f83e53f7e38211fd9,0.526279211,if6_consensus_when_public_priors_concordant_with_d4
aayl51,aayl51:0001038:dca0cf79667e,dca0cf79667ea9c44711c3e1893fd616714f28cb995fb52b62c560ec1aed4387,0.6347920299,if6_consensus_when_public_priors_concordant_with_d4
aayl51,aayl51:0001039:c3005476aea0,c3005476aea0c2d1b43b7399fb1caca85820bf681e6ea3edd7edc4f1c4d78422,0.4651539624,if6_consensus_when_public_priors_concordant_with_d4
aayl51,aayl51:0001040:2fd4b5c15dd5,2fd4b5c15dd5bba0fa74da22879286d31395bfadfe492260cd5ddfc84c0743bd,0.5611638427,if6_consensus_when_public_priors_concordant_with_d4
aayl51,aayl51:0001041:51f1f9b49a02,51f1f9b49a020d60fc007effe21569c9ddbfc286c8665a25fa06e030910dd424,0.8614649177,if6_consensus_when_public_priors_concordant_with_d4
aayl51,aayl51:0001042:02a062d58d2a,02a062d58d2a22b406a2dfc479e7b93eb57c3fac77f86af075ec937e5f0a9a04,0.8207146525,if6_consensus_when_public_priors_concordant_with_d4
aayl51,aayl51:0001043:2cfb82793cb6,2cfb82793cb60c3a2de3a1bc9a2c7c2c17bff01af2fde985e810879db4b76803,0.7737901807,if6_consensus_when_public_priors_concordant_with_d4
aayl51,aayl51:0001044:bd56baf20cb1,bd56baf20cb14474f330bf139ed8f2df3311e79c2ee14787486ef6e48907c504,0.1885467321,if6_consensus_when_public_priors_concordant_with_d4
aayl51,aayl51:0001045:e430a0822011,e430a0822011a15ce4bad099312b561fdd035d9fd924415f76e094cf4e61313d,0.1855367869,if6_consensus_when_public_priors_concordant_with_d4
aayl51,aayl51:0001046:6e8334ce2ac8,6e8334ce2ac81eab990e288ecac89ac2fd885943bc26280ce8f3e16f88258ce1,0.6405032277,if6_consensus_when_public_priors_concordant_with_d4
aayl51,aayl51:0001047:7ef713bec688,7ef713bec688e5228810c2d3ea7f00d4e1ede4b88e602a41eef61c4169869c42,0.1909392625,if6_consensus_when_public_priors_concordant_with_d4
aayl51,aayl51:0001048:30c623982e00,30c623982e003c2b1ca3beee8b807384550e4996cc461c800b8c031e55fed594,0.3451416492,if6_consensus_when_public_priors_concordant_with_d4
aayl51,aayl51:0001049:883a77a1aec8,883a77a1aec8ea707e950f02a14101362cc87e55f9bf50dba51364330cda7717,0.1528903246,if6_consensus_when_public_priors_concordant_with_d4
aayl51,aayl51:0001050:b199a16b5b4d,b199a16b5b4dd6e293b68b22b1d44ae25f1485c32ec113882b9dc96e45cd40c0,0.1707185358,if6_consensus_when_public_priors_concordant_with_d4
aayl51,aayl51:0001051:21a171786ede,21a171786eded0ae4d1efe97882dc887179404e1a171fe2a42a2d6201a057dc5,0.1390753984,if6_consensus_when_public_priors_concordant_with_d4
aayl51,aayl51:0001052:e4e5dce8e342,e4e5dce8e3427849ffbbeafe85529765a6035b7dbf896545994dc166494b778a,0.4660800993,if6_consensus_when_public_priors_concordant_with_d4
aayl51,aayl51:0001053:5914f696fd9a,5914f696fd9ac4dd972ab68de06911c7c4c5230953b11613ed113ba6839338ab,0.4570502341,if6_consensus_when_public_priors_concordant_with_d4
aayl51,aayl51:0001054:af915f3e6841,af915f3e68419f4602cfda71ba7506f0b167b4717fde5db9f7b2959017d71596,0.0573435165,if6_consensus_when_public_priors_concordant_with_d4
aayl51,aayl51:0001055:99d3d2d995ae,99d3d2d995ae841698be2c54b87616c1504aefe26b5ed17857876eb1dd230fc7,0.2259010524,if6_consensus_when_public_priors_concordant_with_d4
aayl51,aayl51:0001056:beeeba1dd3f9,beeeba1dd3f9f905b5fd6237e7312a560742e850cc4735abeedf8d7779d0f3be,0.3060893714,if6_consensus_when_public_priors_concordant_with_d4
aayl51,aayl51:0001057:07ee4b760e8a,07ee4b760e8ac2bb4eccf540ca1f50498abb88b547fe1ee6f95de6d3ca5ef512,0.5802268982,if6_consensus_when_public_priors_concordant_with_d4
aayl51,aayl51:0001058:57f7c6945d9a,57f7c6945d9a632475190153ffb5f824902a4ff864e3056d8f462a3e070d5abd,0.3306320906,if6_consensus_when_public_priors_concordant_with_d4
aayl51,aayl51:0001059:04a68b890204,04a68b890204245cea7bf01a4a5ee783b328893eafe16d0de2e391b185ae9fbc,0.3952303827,if6_consensus_when_public_priors_concordant_with_d4
aayl51,aayl51:0001060:18064a74a44d,18064a74a44dd178327929a433c29a7c1d56383d1a61e46a5bab47490360fb65,0.5405572057,if6_consensus_when_public_priors_concordant_with_d4
aayl51,aayl51:0001061:ef9f94fdf1fe,ef9f94fdf1fe2e124c0856bef6e0c6131d324e0759e30caca8ad0bd617536f88,0.5546036363,if6_consensus_when_public_priors_concordant_with_d4
aayl51,aayl51:0001062:cb5420b83bea,cb5420b83bea73181b34ee760e5945f186a7e70e9813b3beb82af3bd0b3b0e7f,0.6364127994,if6_consensus_when_public_priors_concordant_with_d4
aayl51,aayl51:0001063:e79eb09c4ce7,e79eb09c4ce70cf62ed5c73a5253e0cd5b66c67c76d24c072d8e59cb4e8db77e,0.6283861995,if6_consensus_when_public_priors_concordant_with_d4
aayl51,aayl51:0001064:4cd6eb69cfd6,4cd6eb69cfd60279cff2c0e5ace9181194083bdbd98155a3e744816228b5b8c2,0.6353322864,if6_consensus_when_public_priors_concordant_with_d4
aayl51,aayl51:0001065:72ddfeaeae3e,72ddfeaeae3e59d0e5cd372003eef144ac325008ef8559aca01bcd35eb917eff,0.1332870275,if6_consensus_when_public_priors_concordant_with_d4
aayl51,aayl51:0001066:e72ced3c1850,e72ced3c1850009f49ac18cb2939180969ad30eb3f66a0d7d39b7f83ae47ec14,0.3265416324,if6_consensus_when_public_priors_concordant_with_d4
aayl51,aayl51:0001067:c59baa35838b,c59baa35838b678c9aec2f000c3e94ed7469178b4c065329d9c25990d1456eb1,0.7910010219,if6_consensus_when_public_priors_concordant_with_d4
aayl51,aayl51:0001068:178de66d1aa7,178de66d1aa730dbe3dade9f91b7fe25e9a974ab43ae56c92e8f3770bb87c96e,0.8122250438,if6_consensus_when_public_priors_concordant_with_d4
aayl51,aayl51:0001069:85c38782eb43,85c38782eb43a06901ee109b999df3381294573ac5112e7369a5ae6434a3b5f6,0.9245967865,if6_consensus_when_public_priors_concordant_with_d4
aayl51,aayl51:0001070:5ac9f6e58fec,5ac9f6e58fec130c6996907b4a9addf15c90e83b190e192238d172eed8d7d3b8,0.3313266933,if6_consensus_when_public_priors_concordant_with_d4
aayl51,aayl51:0001071:a51c559e3a71,a51c559e3a71bdc7e3a39e705f47f914e195f66da67056b1f8ce92de3c89af7f,0.3885930479,if6_consensus_when_public_priors_concordant_with_d4
aayl51,aayl51:0001072:38a975f980d7,38a975f980d734e4608d5d386187f1fb54da6e36ebfc005dd65e1e8c774c2327,0.2319209576,if6_consensus_when_public_priors_concordant_with_d4
aayl51,aayl51:0001073:01fc5ef0e534,01fc5ef0e534fc72e35507b7a14bd0aadfd1b3f1d560a74c731ab798ee94f2eb,0.1134521961,if6_consensus_when_public_priors_concordant_with_d4
aayl51,aayl51:0001074:fe6c41e8e9bf,fe6c41e8e9bfda3a29a9b0ad19e9a08a1a0c17c97f636ab99478977ad4254352,0.1007177532,if6_consensus_when_public_priors_concordant_with_d4
aayl51,aayl51:0001075:34a4dac5fe5d,34a4dac5fe5db103a43d4988ff7c5730ad45d4ca92465f87a7e31c5a5dfe6492,0.2871035039,if6_consensus_when_public_priors_concordant_with_d4
aayl51,aayl51:0001076:623956aff1f8,623956aff1f80ecf385c5cadd67e20cb30039e90b423ddf7930573c9abdc975a,0.6316277385,if6_consensus_when_public_priors_concordant_with_d4
aayl51,aayl51:0001077:c0db2705891b,c0db2705891b2d8ca252044d77bcd421392e9d01e42b5b14ca390dfa346f58ad,0.7980242372,if6_consensus_when_public_priors_concordant_with_d4
aayl51,aayl51:0001078:afc4db39950b,afc4db39950b866e902024697e9554d3ede77de496a41cb54a5b517a83facad8,0.284170717,if6_consensus_when_public_priors_concordant_with_d4
aayl51,aayl51:0001079:5890981e5238,5890981e52381d1f386c5a48b0006ed5f2ec00a56ce974e680d4549fe5c7aaa6,0.4585938156,if6_consensus_when_public_priors_concordant_with_d4
aayl51,aayl51:0001080:3551f62576bf,3551f62576bfdf70d4bc33b7fab260a029040d77fb537408d10fe23edf3b426d,0.8092150688,if6_consensus_when_public_priors_concordant_with_d4
aayl51,aayl51:0001081:199e94d47ca9,199e94d47ca9fc0c371025d3cf8e34d63bb9671aed800387517dfe70e58e26a6,0.707262516,if6_consensus_when_public_priors_concordant_with_d4
aayl51,aayl51:0001082:a91a1025b90d,a91a1025b90d02c8099feeb5ce3f9b0c31d7595b6eb98c7131824c3b53733253,0.4819016457,if6_consensus_when_public_priors_concordant_with_d4
aayl51,aayl51:0001083:477a1fb6c386,477a1fb6c386a7f0c74a316bd2a9a82efc9978e6d8eba3a1d9af4f7d3b953ea8,0.2725939453,if6_consensus_when_public_priors_concordant_with_d4
aayl51,aayl51:0001084:b070cca62721,b070cca627215cf102d9dab7e3419ae4c9289f47950faf01c704720a51a4138f,0.09508374333,if6_consensus_when_public_priors_concordant_with_d4
aayl51,aayl51:0001085:a797cc20fc26,a797cc20fc263ca603b17ac69c7cc871e0f88809f016dd855343ab6d1a9a6853,0.3407424688,if6_consensus_when_public_priors_concordant_with_d4
aayl51,aayl51:0001086:ac4bbf241e1a,ac4bbf241e1aa37d9040685b88da661f29bad1608a8ee100816af56b05803a7d,0.09454348683,if6_consensus_when_public_priors_concordant_with_d4
aayl51,aayl51:0001087:e94a4da941b8,e94a4da941b80bdbbb0af3e595a78e06d087012079b04fef9b643d23baf62f37,0.6808674932,if6_consensus_when_public_priors_concordant_with_d4
aayl51,aayl51:0001088:c95c35f93eb8,c95c35f93eb8d47c84af8c296f124eee1f0d8e42c1dc23257807573b43847d3d,0.1958786845,if6_consensus_when_public_priors_concordant_with_d4
aayl51,aayl51:0001089:bc6adfe9ecac,bc6adfe9ecac653cd0e441e8776976e8ee1213bc62bc9151e278366b7f6d2807,0.8110674024,if6_consensus_when_public_priors_concordant_with_d4
aayl51,aayl51:0001090:5db87ecf9b01,5db87ecf9b01b5f4e8292353afc2e7cef089f499dcf388587bde3b4eabbace91,0.2411823869,if6_consensus_when_public_priors_concordant_with_d4
aayl51,aayl51:0001091:2ec0b661cdbc,2ec0b661cdbc96df503565fc48973a743fbc344218aa78919803ab7d1b95b44f,0.2898047268,if6_consensus_when_public_priors_concordant_with_d4
aayl51,aayl51:0001092:50f50ba81ff2,50f50ba81ff2c6aa5e41cd5075ea39d49d248edf330df0477d66919fc9104496,0.02392529137,if6_consensus_when_public_priors_concordant_with_d4
aayl51,aayl51:0001093:0738ca2439ca,0738ca2439ca6a8486cf1cdcdb9ed429d4ff35816239c99b7a019e4e8c27ef1a,0.5015049577,if6_consensus_when_public_priors_concordant_with_d4
aayl51,aayl51:0001094:a267f39614c6,a267f39614c609a1aaccb8e8e2414c2a7d5deeb95461b037d0ad9e7faa2c38bd,0.2930462062,if6_consensus_when_public_priors_concordant_with_d4
aayl51,aayl51:0001095:69f73218d113,69f73218d113c5c4dd17658cb084978f29313a213921190e4973da5af3bc61df,0.1950297207,if6_consensus_when_public_priors_concordant_with_d4
aayl51,aayl51:0001096:cc6070681991,cc60706819914828f2c723ad0aa352916e3fd716e49f030b70fcbdeb19dbf0f4,0.1004090533,if6_consensus_when_public_priors_concordant_with_d4
aayl51,aayl51:0001097:0293fb37bdcc,0293fb37bdcc4c445d548411b2acc40c50ae2efbda626f4d68f1cc623c05260e,0.3785598278,if6_consensus_when_public_priors_concordant_with_d4
aayl51,aayl51:0001098:25800fcc8c66,25800fcc8c66f54d9e3e776834545ed6023046b0a609bbbd8622f7aa3bb1be2f,0.398317486,if6_consensus_when_public_priors_concordant_with_d4
aayl51,aayl51:0001099:47495c772650,47495c772650269d1b554893b4b96de6647c8105cdaa89e2b38c45d1f6e263ce,0.588021934,if6_consensus_when_public_priors_concordant_with_d4
aayl51,aayl51:0001100:14f3d01afdfb,14f3d01afdfb7ba6af47adc1fc6ebc5b179c5ba26624269b5caa20444e99909f,0.3033881485,if6_consensus_when_public_priors_concordant_with_d4
aayl51,aayl51:0001101:3b50f5a964e6,3b50f5a964e60c5b799883873ec678700fa397318939904801d3491bf3ff29a8,0.8466466069,if6_consensus_when_public_priors_concordant_with_d4
aayl51,aayl51:0001102:ddb1b8d8f1bd,ddb1b8d8f1bd94051bfb731b10001faf8970a2a62e7c361752c8721530656840,0.08535926789,if6_consensus_when_public_priors_concordant_with_d4
aayl51,aayl51:0001103:be40a028fb35,be40a028fb35f1faee0ca329fb15cd3fea4da573e1e6de249799e6f6e3525a18,0.3696071804,if6_consensus_when_public_priors_concordant_with_d4
aayl51,aayl51:0001104:7ab7f5c20e56,7ab7f5c20e56b5a5ac55313984191ef23fc49e83bea846fb1e1dda46bb57fffd,0.6295439005,if6_consensus_when_public_priors_concordant_with_d4
aayl51,aayl51:0001105:ec7d12cd4bfe,ec7d12cd4bfe5eb51367c31393ee521987a81925e7876c261b835d413fcc1646,0.2483599633,if6_consensus_when_public_priors_concordant_with_d4
aayl51,aayl51:0001106:63a5ef24c1bc,63a5ef24c1bc8b19ab0cac01f3f90bffc00b2f8c797bd3fc72c1142344288d48,0.4200818241,if6_consensus_when_public_priors_concordant_with_d4
aayl51,aayl51:0001107:672658c2f18a,672658c2f18a67fb8e71d209d9ca2540b93f8b320487e8f5c3a63e820834714f,0.8337578177,if6_consensus_when_public_priors_concordant_with_d4
aayl51,aayl51:0001108:d89510bd3ae3,d89510bd3ae3aa2d6cde46cb64b67f2fdb85e6ca2ada322bc2cdebbd5355992a,0.5566102862,if6_consensus_when_public_priors_concordant_with_d4
aayl51,aayl51:0001109:e919a25a58c2,e919a25a58c2046d0c4c99b3aa32bf44c162703f7e59ab344cf03f384ca3e427,0.2496719956,if6_consensus_when_public_priors_concordant_with_d4
aayl51,aayl51:0001110:196c79ac57cc,196c79ac57cc21a11ddc73bce462ceea2d68b05abcc8f4752707955202d13ab6,0.8115304112,if6_consensus_when_public_priors_concordant_with_d4
aayl51,aayl51:0001111:87db85c1fbf7,87db85c1fbf79198e4b7d83732a6d7109a7e8d3b50e66158926326d246e9f9c1,0.665123105,if6_consensus_when_public_priors_concordant_with_d4
aayl51,aayl51:0001112:77effb45fc50,77effb45fc50d6afbea1fa45b7c8766bde480177e7b434bb28656a599262cef0,0.7426874042,if6_consensus_when_public_priors_concordant_with_d4
aayl51,aayl51:0001113:d4e5b05abaf3,d4e5b05abaf3645cdb8a61096600edea9b1ccf860bf09b5a13e436a3922dcb5c,0.3043914735,if6_consensus_when_public_priors_concordant_with_d4
aayl51,aayl51:0001114:96c9551f694c,96c9551f694cc404f58c449c093514eb0498b94e586ed9166ae145779d1e08cf,0.2322296649,if6_consensus_when_public_priors_concordant_with_d4
aayl51,aayl51:0001115:189a28b481de,189a28b481de2e2148fad678002a4df5549915ec6fd398a120278c5aeaf79f53,0.4008643925,if6_consensus_when_public_priors_concordant_with_d4
aayl51,aayl51:0001116:3ef2e9610784,3ef2e96107840d91887989f84c5bcaa1ed4c841f113595472f2e7c8d102a6d5b,0.7180674672,if6_consensus_when_public_priors_concordant_with_d4
aayl51,aayl51:0001117:92824cf954c0,92824cf954c07a86fe9315f7c74137f8d7250dd46c711102cef1670d30fa00c7,0.2355483323,if6_consensus_when_public_priors_concordant_with_d4
aayl51,aayl51:0001118:7ee980906217,7ee980906217868664315a1a0770d820f195a8ce69f14ec9002c006750e145cd,0.5539862514,if6_consensus_when_public_priors_concordant_with_d4
aayl51,aayl51:0001119:500679b92563,500679b92563ec77b3e45788ae44ade13327830bf6c180d30128a41b6a957baa,0.105888702,if6_consensus_when_public_priors_concordant_with_d4
aayl51,aayl51:0001120:fd587643a9a9,fd587643a9a93d4aac387e5d56eb60e1cd75a8a5fe88003ea9516007ae1d88ac,0.4332021177,if6_consensus_when_public_priors_concordant_with_d4
aayl51,aayl51:0001121:ba8f89fb1186,ba8f89fb1186450e467e675ab961910316ba896ca0353742456845746208a2f9,0.1676314026,if6_consensus_when_public_priors_concordant_with_d4
aayl51,aayl51:0001122:c877dfd9fb0a,c877dfd9fb0af0f3fa00e34d8808701cb4981921a51ee0efd9bbdd91a7068c1d,0.06930616498,if6_consensus_when_public_priors_concordant_with_d4
aayl51,aayl51:0001123:6774d897cf78,6774d897cf78ffad326e2a8faf2aeda0960618b86ed4dd1fa38440679f905b17,0.1051940992,if6_consensus_when_public_priors_concordant_with_d4
aayl51,aayl51:0001124:b5769b8d2bf4,b5769b8d2bf44167a84d796a7b05a6fb81272204f2e34d4c0a715f5447dfb7eb,0.4275681078,if6_consensus_when_public_priors_concordant_with_d4
aayl51,aayl51:0001125:407350015a0d,407350015a0dde5093cf8e24a17193d3c852eb9b0941ca08cb995243594bbd7f,0.6107895374,if6_consensus_when_public_priors_concordant_with_d4
aayl51,aayl51:0001126:490b5394794d,490b5394794d05e42ee96246376faa881dbc26147355e28b78c37d2433218482,0.8583005071,if6_consensus_when_public_priors_concordant_with_d4
aayl51,aayl51:0001127:cd556cd99a8e,cd556cd99a8e71a5293cd72f8fef120f44e0d66b056ce3bc58bd4ed380d7460c,0.7736358643,if6_consensus_when_public_priors_concordant_with_d4
aayl51,aayl51:0001128:ef3c049473fc,ef3c049473fc266161a99db1f17a692ccb633a1fc1b1c3869fb86e4333591af3,0.7730184197,if6_consensus_when_public_priors_concordant_with_d4
aayl51,aayl51:0001129:2a7351e6deae,2a7351e6deae5e0a423ea298efb2539cbeede4a062c262188be234df2f3228bc,0.2923516333,if6_consensus_when_public_priors_concordant_with_d4
aayl51,aayl51:0001130:bf046e60305b,bf046e60305bf4e5b26d9ff7f68a783c3d37394b26e006ced063a52bea7f3028,0.3703017533,if6_consensus_when_public_priors_concordant_with_d4
aayl51,aayl51:0001131:701c726b530f,701c726b530ffda7519bf3b2d024a04437427597a0b89890e3fb7dd1b31af68c,0.665972054,if6_consensus_when_public_priors_concordant_with_d4
aayl51,aayl51:0001132:add4b151bfeb,add4b151bfebffba9fa7951ca4674e84a517d6ac2122968dcc8160c01885f84e,0.8670217395,if6_consensus_when_public_priors_concordant_with_d4
aayl51,aayl51:0001133:5950d6055f44,5950d6055f444da2bd65f3e9f88fbcca7a1508d68c28198b7cbe77dd765933a9,0.5905688405,if6_consensus_when_public_priors_concordant_with_d4
aayl51,aayl51:0001134:0ca37502c794,0ca37502c794b99182759ff562841012a5c3b48a54c83ea53ffc954bfdef6422,0.5996758342,if6_consensus_when_public_priors_concordant_with_d4
aayl51,aayl51:0001135:50dcd66c2b5d,50dcd66c2b5dd3479ee83dd1d1b3793eb191b60c7718ce3aafb67b44f87b7a78,0.4181523323,if6_consensus_when_public_priors_concordant_with_d4
aayl51,aayl51:0001136:a36f9b0f263f,a36f9b0f263fe4d8bc693ff48b1aa73711c140b1e229762be6a8133088665c51,0.2988345921,if6_consensus_when_public_priors_concordant_with_d4
aayl51,aayl51:0001137:03a2c4276f96,03a2c4276f966616b476d6cb2500bfb23130c919ae39ee2262e48f10bcbdc75a,0.5158601403,if6_consensus_when_public_priors_concordant_with_d4
aayl51,aayl51:0001138:089707631185,089707631185e33b96f4c0a9469d71e846ea27c156ee885fa60b26ce4762102b,0.3769390881,if6_consensus_when_public_priors_concordant_with_d4
aayl51,aayl51:0001139:9a59243446ef,9a59243446ef7619e0d45d6b1aa976362e4e022ebd2e519729fa8bf63bfe7016,0.364281863,if6_consensus_when_public_priors_concordant_with_d4
aayl51,aayl51:0001140:0564d4e1aa6c,0564d4e1aa6c8d455d958ac76d6965b649e2b6ceea847d3f8e7a22c2304efdc4,0.7345836163,if6_consensus_when_public_priors_concordant_with_d4
aayl51,aayl51:0001141:ed768a0d32bc,ed768a0d32bcef2bfe4787215d64ce2b93bc35ac1473b042b48afca953767372,0.7298757434,if6_consensus_when_public_priors_concordant_with_d4
aayl51,aayl51:0001142:24468a48c0a1,24468a48c0a1c51bc81feb42b13bd701eb5dd86d74df1811b847ab4de2607d2c,0.4525738955,if6_consensus_when_public_priors_concordant_with_d4
aayl51,aayl51:0001143:19ada3d14070,19ada3d14070c5ff31cfe1822115572da9cc4e9b157a0ec4d6cf47952f8711e4,0.4963340461,if6_consensus_when_public_priors_concordant_with_d4
aayl51,aayl51:0001144:277544ff99aa,277544ff99aaac5bc5d7b0066ba5966972c84df30e481d10dcd461ffeb57c6ec,0.9715983272,if6_consensus_when_public_priors_concordant_with_d4
aayl51,aayl51:0001145:c598281e182c,c598281e182c076153fd5302a61c54afc6e5efdd269a916c471672838d0a980e,0.3347225189,if6_consensus_when_public_priors_concordant_with_d4
aayl51,aayl51:0001146:f8f85a804d63,f8f85a804d6302527909d37e8f3f6e723cb741fa8fbba8024311d66725ebd67e,0.08111445606,if6_consensus_when_public_priors_concordant_with_d4
aayl51,aayl51:0001147:fb1d8fe6c872,fb1d8fe6c87292736666999e24bc710902905d389da32ab7476dcfac78da9136,0.6124102473,if6_consensus_when_public_priors_concordant_with_d4
aayl51,aayl51:0001148:9d3386b2a5f3,9d3386b2a5f3cd7f19c82f76c2c519f2d7b4ada55baa9ccf26ec5203886cc162,0.4927066565,if6_consensus_when_public_priors_concordant_with_d4
aayl51,aayl51:0001149:b3f10d7e1054,b3f10d7e105429466cedd39d07425aa1814b65ec77727464b51d7b625182c2b7,0.5537547469,if6_consensus_when_public_priors_concordant_with_d4
aayl51,aayl51:0001150:f97191e399f5,f97191e399f5112064564b9bf7e146da379194751b4e43cd6b0c56b017b16f3d,0.4602917433,if6_consensus_when_public_priors_concordant_with_d4
aayl51,aayl51:0001151:33b74ae6dcdf,33b74ae6dcdf68e416f827c1c20b5c24a0ff75c4446c9fc4dd6216fad072b3d3,0.680249989,if6_consensus_when_public_priors_concordant_with_d4
aayl51,aayl51:0001152:3c6b4b0159a6,3c6b4b0159a668293f76161a7f2827fa31879a06f38dcc5d04b42fe0c763629d,0.5828509331,if6_consensus_when_public_priors_concordant_with_d4
aayl51,aayl51:0001153:70e75889b048,70e75889b0488f852d217f47d1bccfd8f929bebc64e7b064a019c1a31aca78a4,0.4205448627,if6_consensus_when_public_priors_concordant_with_d4
aayl51,aayl51:0001154:33284ab2e9f7,33284ab2e9f745d84593fda392a31f7c113a0ab0a845547def078dcb03346ec5,0.8720383048,if6_consensus_when_public_priors_concordant_with_d4
aayl51,aayl51:0001155:c9eb636f259d,c9eb636f259daf44b22939070c5c74255589b02cdb0bf742b462093214737f07,0.7527977824,if6_consensus_when_public_priors_concordant_with_d4
aayl51,aayl51:0001156:2d03c6c7b2a3,2d03c6c7b2a3d2b930deab7571cd4e6b06e66cf1aafb96a2f6b9add8845efa00,0.1494172961,if6_consensus_when_public_priors_concordant_with_d4
aayl51,aayl51:0001157:2aec5246349d,2aec5246349dd32199d8a2ce5a8402dd465218d367dcafd8e8fa8d6b947ea628,0.9077718854,if6_consensus_when_public_priors_concordant_with_d4
aayl51,aayl51:0001158:f6f5ff436593,f6f5ff4365934e53cd41dfb64719c943c39969d7723a7a14e24ad10dd34bcae4,0.7764143348,if6_consensus_when_public_priors_concordant_with_d4
aayl51,aayl51:0001159:c6300f6b495f,c6300f6b495f940c366c8f9eebc520670682cbd557a0fd84bb049d1d164a4d70,0.7810450196,if6_consensus_when_public_priors_concordant_with_d4
aayl51,aayl51:0001160:9b1f2a72cd6d,9b1f2a72cd6d7f1c7599a8ce01eab637c6f3e7640e563d41f761b450fc23c0eb,0.9131743312,if6_consensus_when_public_priors_concordant_with_d4
aayl51,aayl51:0001161:41583e89f20d,41583e89f20d96ed8cbd42ab64fa6129ae1d958bbe50d0b47d7513eefe760b3d,0.4670834541,if6_consensus_when_public_priors_concordant_with_d4
aayl51,aayl51:0001162:1186a6318f12,1186a6318f125af75821f5d89339e000dba4515ef5a5b7f5c2cd8778b9542c9b,0.7017442584,if6_consensus_when_public_priors_concordant_with_d4
aayl51,aayl51:0001163:cee3396404ab,cee3396404ab72c77f72f9de4b6a2a7e7ef3434a5f6bcdb3544a3c061c2c841d,0.6547040343,if6_consensus_when_public_priors_concordant_with_d4
aayl51,aayl51:0001164:98e1723db5db,98e1723db5db276f991d28481d14445ae2365b5c72db43ed55a355d0fdb10fd0,0.2338504344,if6_consensus_when_public_priors_concordant_with_d4
aayl51,aayl51:0001165:939feedc3b43,939feedc3b434bbb5bbbd98945a2a2f00b3b26d9eea330cea2ffec15eae069ef,0.6459057331,if6_consensus_when_public_priors_concordant_with_d4
aayl51,aayl51:0001166:f5c7c6a83d98,f5c7c6a83d9880e3dccb9b5573d523bf37c261412fe5b101d82de6da5fbce725,0.2893416584,if6_consensus_when_public_priors_concordant_with_d4
aayl51,aayl51:0001167:116eb7a0e8e2,116eb7a0e8e2164ee888fb6ce188c2f6338538d9445e63d3a30e582211d84e94,0.4576676786,if6_consensus_when_public_priors_concordant_with_d4
aayl51,aayl51:0001168:efcdcf2f1289,efcdcf2f12896065ca21f173e82463bfe9a725c208bbd4c5a3aae8db6efa22c5,0.6656633019,if6_consensus_when_public_priors_concordant_with_d4
aayl51,aayl51:0001169:d9a9308e3162,d9a9308e3162795a9e7e056c5b12041fdd1c369ac40fe8e7e87533828729796f,0.7250134945,if6_consensus_when_public_priors_concordant_with_d4
aayl51,aayl51:0001170:534fbc30aa6a,534fbc30aa6a950ae749b05f48d0edf7488749ac620645e923bb0bf7ddb50b5c,0.9357104301,if6_consensus_when_public_priors_concordant_with_d4
aayl51,aayl51:0001171:a8af013aff14,a8af013aff1472040b1c269615057bd18e6d0a7ad6b1036f3be7bc8ac9a9fa36,0.6327853799,if6_consensus_when_public_priors_concordant_with_d4
aayl51,aayl51:0001172:cb753a631554,cb753a631554d928688b72765909fe576481c534f25270e5c07434ccc3adfda0,0.7460832596,if6_consensus_when_public_priors_concordant_with_d4
aayl51,aayl51:0001173:799efd774179,799efd774179b0cc21fe969e8610499b3c282297c1f3ff593a86ac36fe6a9011,0.7653778195,if6_consensus_when_public_priors_concordant_with_d4
aayl51,aayl51:0001174:98a8e7c5ca85,98a8e7c5ca859f4b1cda3ecd70ed24d0685299cf78e95cfca0bce16d085a8aac,0.1373002976,if6_consensus_when_public_priors_concordant_with_d4
aayl51,aayl51:0001175:6bab760fbc95,6bab760fbc957856db65a5a36e10a3bbfef288bb72e5273597ed94514a7a4fdf,0.4200432301,if6_consensus_when_public_priors_concordant_with_d4
aayl51,aayl51:0001176:afbb90167f64,afbb90167f64e4b69f5a08f849b63f0dc548ad069076e697034933309ad2fd63,0.8160068393,if6_consensus_when_public_priors_concordant_with_d4
aayl51,aayl51:0001177:b9d2305c8957,b9d2305c89578f5e34c9011a9a8af8e6739617fe0237ebb545cb6b33e3ded50c,0.5962028503,if6_consensus_when_public_priors_concordant_with_d4
aayl51,aayl51:0001178:663599e45a65,663599e45a65fe6db0ed0021a6ee494df8e96d9b1577398291756e6be91ba486,0.4762676656,if6_consensus_when_public_priors_concordant_with_d4
aayl51,aayl51:0001179:3f413c0ad002,3f413c0ad00270a10177cd48a2b6b6ec3c2bc631297104e5d3a6901b9dc2b198,0.590954721,if6_consensus_when_public_priors_concordant_with_d4
aayl51,aayl51:0001180:b95fad9a7889,b95fad9a7889bad3958d7abd0cc46240d3acb592fbe17b9fe04827c4d9b6ad6b,0.2177201509,if6_consensus_when_public_priors_concordant_with_d4
aayl51,aayl51:0001181:0a2e095230ae,0a2e095230aeb6fe27e8485925f5f49afcd86a32f02e88ad8782e837e302355e,0.3843482435,if6_consensus_when_public_priors_concordant_with_d4
aayl51,aayl51:0001182:b1d8b0b6c34a,b1d8b0b6c34a3450208430a0732f30bc4c00ac50b3e5c59f6acba6619062e790,0.3433665335,if6_consensus_when_public_priors_concordant_with_d4
aayl51,aayl51:0001183:95563d7c35e9,95563d7c35e9ca3595fafc55a5e4953986eee8ad64a354cf251be21556eb9d19,0.6972293258,if6_consensus_when_public_priors_concordant_with_d4
aayl51,aayl51:0001184:7f85e2fdc2fb,7f85e2fdc2fb7704b2bb24458b535ca303b3e2b73e0893f33eb8e1ae8906c7bb,0.5150883794,if6_consensus_when_public_priors_concordant_with_d4
aayl51,aayl51:0001185:3f08024c998b,3f08024c998b8cb447c1326519d6fccfd0fb7b2ba72deaf89d9bf38feeaf0c53,0.3795631826,if6_consensus_when_public_priors_concordant_with_d4
aayl51,aayl51:0001186:c40f48efc336,c40f48efc336005c4f1acdcce4f94cf3e651a5560f6efdbee61a68d74bcaccd0,0.2939723432,if6_consensus_when_public_priors_concordant_with_d4
aayl51,aayl51:0001187:8a0af15dc8dd,8a0af15dc8dd138147413712794b79c9048e3803d51bbabc90f534d334dd7f9e,0.2495176196,if6_consensus_when_public_priors_concordant_with_d4
aayl51,aayl51:0001188:2476fbb504bc,2476fbb504bc04f21f798b543d6e92762c4dfaffcf2b5bfb0cab8887933b4644,0.3361117542,if6_consensus_when_public_priors_concordant_with_d4
aayl51,aayl51:0001189:2d7c6cc39cdb,2d7c6cc39cdbc92eceef48083c1620ccddbd32543669859746e3b2f0adb67ad2,0.6748476028,if6_consensus_when_public_priors_concordant_with_d4
aayl51,aayl51:0001190:bdeee512aab3,bdeee512aab3dac012514b5e66914dbea252c85e92edba1c863b5805f298c371,0.1914795041,if6_consensus_when_public_priors_concordant_with_d4
aayl51,aayl51:0001191:36a745b6909c,36a745b6909cd7620ddaae9bdc8c2a4c93f6f475f116588e94bb939a8bd2b996,0.200200662,if6_consensus_when_public_priors_concordant_with_d4
aayl51,aayl51:0001192:8382904fae8d,8382904fae8d5399a92d9c64dbadf47b8c9e660dcb7269c56eb48926cb7dc071,0.8314425349,if6_consensus_when_public_priors_concordant_with_d4
aayl51,aayl51:0001193:cef18d8f78cc,cef18d8f78cc98eb5241983c903a19dc18a90bfee0d2cfe3de2eabe2c29a8698,0.4168403149,if6_consensus_when_public_priors_concordant_with_d4
aayl51,aayl51:0001194:b53d949cdf0d,b53d949cdf0d199d074c7f2a12646dff54aa18fce39c9649d48467b936b6da1a,0.5437987447,if6_consensus_when_public_priors_concordant_with_d4
aayl51,aayl51:0001195:0e1bfafeddda,0e1bfafeddda79f2eec9321368c490907fc3de2aecf23d86c6c54c001947d63a,0.403488487,if6_consensus_when_public_priors_concordant_with_d4
aayl51,aayl51:0001196:9e8d652b09c9,9e8d652b09c963493292c1c3a7ed6579bf581b2d80b7c09cccee532102c629a3,0.923824966,if6_consensus_when_public_priors_concordant_with_d4
aayl51,aayl51:0001197:585b4de0a91c,585b4de0a91c84e8d1f03aefd8c80a8cfe26c02e378d0db6755e1271e039da42,0.303619653,if6_consensus_when_public_priors_concordant_with_d4
aayl51,aayl51:0001198:1a7d14047b8c,1a7d14047b8c36db0a69f7584af4364969df5eaacbf8110475fc60b640baf6f4,0.5065215826,if6_consensus_when_public_priors_concordant_with_d4
aayl51,aayl51:0001199:7ee6cf223099,7ee6cf22309904772bd8d2279578e389f7e914561221b6060506d4047d6ce298,0.4790460765,if6_consensus_when_public_priors_concordant_with_d4
aayl51,aayl51:0001200:e3f99e35cf22,e3f99e35cf22b9833e4cd643ad7f63dd70eff1bee47ab8e6316848ae589c161d,0.9680480957,if6_consensus_when_public_priors_concordant_with_d4
aayl51,aayl51:0001201:74797ffae18e,74797ffae18e8d80a0d2e60c1de3c5f24fe1317196488eadbee43f84fe5e9db5,0.2987574339,if6_consensus_when_public_priors_concordant_with_d4
aayl51,aayl51:0001202:c4056ebdb0c5,c4056ebdb0c5759c2a08e11651082da34421d4336e08d326c78da0cf64a4fd89,0.3394304216,if6_consensus_when_public_priors_concordant_with_d4
aayl51,aayl51:0001203:06ac1747f530,06ac1747f5306a73343e2b8bf60a6f8375da7a371647722d0d098c5693cd5c2f,0.2037508637,if6_consensus_when_public_priors_concordant_with_d4
aayl51,aayl51:0001204:1a28dc9f851f,1a28dc9f851fc0ff8f2289f5ca9e5f89b221ffe20b2f7357047405e9d01e3701,0.6860384345,if6_consensus_when_public_priors_concordant_with_d4
aayl51,aayl51:0001205:db2009c70523,db2009c705236e26c79252207ceb82d8efd0668c5a78bd7dc92ab73755cfe534,0.09099328518,if6_consensus_when_public_priors_concordant_with_d4
aayl51,aayl51:0001206:c86d2606f5f4,c86d2606f5f403f3b61f2abe7303dc6586d1532e5de3c0ea9dc44d1323c223ad,0.5401713252,if6_consensus_when_public_priors_concordant_with_d4
aayl51,aayl51:0001207:9ac232cc69a0,9ac232cc69a054e8562c391174a98408735c0a4d6125a051c3546bda1b81a0e7,0.1495716572,if6_consensus_when_public_priors_concordant_with_d4
aayl51,aayl51:0001208:60c82e635c6d,60c82e635c6d7732d0ccf01bf06d06c8849a0290151822fa73f23343f25990ee,0.3003009856,if6_consensus_when_public_priors_concordant_with_d4
aayl51,aayl51:0001209:5f763b8a64b3,5f763b8a64b32b46bdfcfef1fc7d6d2908abf1fc60cced862e0e77db2ca13020,0.4301921427,if6_consensus_when_public_priors_concordant_with_d4
aayl51,aayl51:0001210:ec1762dde7d5,ec1762dde7d57e3a78206353521c7d0181bbbe221e660e2d34ecc069915135ff,0.04491780326,if6_consensus_when_public_priors_concordant_with_d4
aayl51,aayl51:0001211:09648e60c258,09648e60c258320734d7901aabb93fd631d4f9273297fb14b6d3f1fd11e6172a,0.9628772736,if6_consensus_when_public_priors_concordant_with_d4
aayl51,aayl51:0001212:d1c117f3cb88,d1c117f3cb88e9821156d3939d82f4c997f9b2d72b3b10ffe651e6cbcb65c89e,0.5699622035,if6_consensus_when_public_priors_concordant_with_d4
aayl51,aayl51:0001213:1f89c1e10f8f,1f89c1e10f8f1d711a2e96b640429870fda736e29b9b4ebe726589c2cfc46f65,0.7800416946,if6_consensus_when_public_priors_concordant_with_d4
aayl51,aayl51:0001214:0c831529d8ae,0c831529d8ae9c7444bb40357f0374f007e315ee0c1b14ee047be0f3a822330b,0.2940495312,if6_consensus_when_public_priors_concordant_with_d4
aayl51,aayl51:0001215:9c9378258699,9c93782586999808fb6fc70c35984d7cb7fff917e64b4d819b5fcb9d35b192f3,0.41421628,if6_consensus_when_public_priors_concordant_with_d4
aayl51,aayl51:0001216:ccf6147e126a,ccf6147e126aa22a9aff19d1cd03857aa4a37649dc42ad197bf92bcd08de9ee8,0.3990121186,if6_consensus_when_public_priors_concordant_with_d4
aayl51,aayl51:0001217:deee97ff89db,deee97ff89dba27bd2c43aa6d809e92d348e40e185f12543f6449127b167e825,0.3818013668,if6_consensus_when_public_priors_concordant_with_d4
aayl51,aayl51:0001218:ee260a9278a3,ee260a9278a3e98a4d597541906fbdd2d9dd354ffbf02f2c5b091e9b4af7091f,0.7961719632,if6_consensus_when_public_priors_concordant_with_d4
aayl51,aayl51:0001219:4daaac79728c,4daaac79728c43e882fe275f81810efd073f0765ea3871975acb3f9b6b26b263,0.9671220183,if6_consensus_when_public_priors_concordant_with_d4
aayl51,aayl51:0001220:8bdbf187ef9a,8bdbf187ef9a4d88cc94b32f6604693048cd6354e777e03c74368d767f6575b6,0.4882302582,if6_consensus_when_public_priors_concordant_with_d4
aayl51,aayl51:0001221:53198b9f3480,53198b9f3480d2a9dd2474393ecf643aab3eea812a6713a41162da18528ddbfe,0.3908312321,if6_consensus_when_public_priors_concordant_with_d4
aayl51,aayl51:0001222:c974af468f95,c974af468f953cff38089adedb4321e9e8c217ddc414b6f090eddd11869a9faf,0.9369452596,if6_consensus_when_public_priors_concordant_with_d4
aayl51,aayl51:0001223:338f52ea215a,338f52ea215a4e35d8bb64445ace453035797463d617af90c093fe5111f85e2d,0.2387126684,if6_consensus_when_public_priors_concordant_with_d4
aayl51,aayl51:0001224:7718842f4686,7718842f4686270e9d869af44f12303c226a79b521def0fe240d100701fbcf59,0.2483599633,if6_consensus_when_public_priors_concordant_with_d4
aayl51,aayl51:0001225:124e16631793,124e16631793d4c6217cc2424e8152bb441307175ee6601f66af9332d61ff755,0.9503743052,if6_consensus_when_public_priors_concordant_with_d4
aayl51,aayl51:0001226:b6b629613a24,b6b629613a2440043daec4b3f166e99b11a87c9c6975fe3b6eafb380592cfb93,0.4763448238,if6_consensus_when_public_priors_concordant_with_d4
aayl51,aayl51:0001227:c907f025a8b6,c907f025a8b6b949fa891c2d1f9ccd5ee02b1d75e5d2d8f7191ba2600c7d2466,0.9124025702,if6_consensus_when_public_priors_concordant_with_d4
aayl51,aayl51:0001228:a00f3090d74e,a00f3090d74eae9fdc995d2148c32b85fabcf505d166963bdccb5c53304a747f,0.7748706937,if6_consensus_when_public_priors_concordant_with_d4
aayl51,aayl51:0001229:7c398212838e,7c398212838ed5e4d6ef851ca9752ddaa52789257f4af2c6dbedc75202a58a3a,0.820097208,if6_consensus_when_public_priors_concordant_with_d4
aayl51,aayl51:0001230:5224bc624bde,5224bc624bde11087bf051cd538984827470d4ab28d64606ac1617f0d1cf6f88,0.3767075837,if6_consensus_when_public_priors_concordant_with_d4
aayl51,aayl51:0001231:93138c3bb8af,93138c3bb8af6fe8b5404030f99e353843a117a7ed39da8724f695e1f9280e9d,0.07879910618,if6_consensus_when_public_priors_concordant_with_d4
aayl51,aayl51:0001232:2c9f533f3983,2c9f533f3983861442224001bd8ec16d38c2dffa6f81c9dcba5d179059e1b359,0.902292192,if6_consensus_when_public_priors_concordant_with_d4
aayl51,aayl51:0001233:66d23a839958,66d23a8399589ab503c15dfe6cefa159d0240d17e911c7b78d125a21648688d1,0.3050088882,if6_consensus_when_public_priors_concordant_with_d4
aayl51,aayl51:0001234:a334eb5fc8c9,a334eb5fc8c9a5d2af769ea4229122814543613a01cceea984514f2e2542c388,0.7329629064,if6_consensus_when_public_priors_concordant_with_d4
aayl51,aayl51:0001235:1be24868e98f,1be24868e98f894199ae91b70ca0afc7a29fe30e9241d716bed00ac60a831d00,0.8563711047,if6_consensus_when_public_priors_concordant_with_d4
aayl51,aayl51:0001236:4cd56e7dabb0,4cd56e7dabb01005e784995de1b762cfaf9f86c0b3f55ffbf36a4124b09f07f9,0.4171490371,if6_consensus_when_public_priors_concordant_with_d4
aayl51,aayl51:0001237:86dcb3c40d47,86dcb3c40d47ec3e719d880f69da47009208c62d6d32d9f3e8a156d166d0aca2,0.6982326508,if6_consensus_when_public_priors_concordant_with_d4
aayl51,aayl51:0001238:f609717a2afd,f609717a2afd34beea25d630824e9c82d6e11ca4a09f9653b83b7dfaf7b7c9c5,0.5328393579,if6_consensus_when_public_priors_concordant_with_d4
aayl51,aayl51:0001239:ff879c0352fc,ff879c0352fc6f1c54f432a789ba051517698fc95f13ee3d0b9d3e6e04ab0e52,0.6375704408,if6_consensus_when_public_priors_concordant_with_d4
aayl51,aayl51:0001240:33ff79c3f185,33ff79c3f18587d71fda8b041d999ebdc6a5784f83539ddd45defc862368d3d0,0.7179902196,if6_consensus_when_public_priors_concordant_with_d4
aayl51,aayl51:0001241:013314c8b2f2,013314c8b2f21d6472a09c34a4bdd68b1bdfa08cf85bb14014c8ef102f57ec7d,0.9100100398,if6_consensus_when_public_priors_concordant_with_d4
aayl51,aayl51:0001242:81f8da3312eb,81f8da3312eb3ce88a48ab0a32c57d6db7efcf86234a4247343ac30039e5938b,0.3846569955,if6_consensus_when_public_priors_concordant_with_d4
aayl51,aayl51:0001243:a1306f5eaf91,a1306f5eaf916f2cb2c495594f729b29627531bb6b2ed2812d41039e6bd3785e,0.4391448498,if6_consensus_when_public_priors_concordant_with_d4
aayl51,aayl51:0001244:117de07f64c9,117de07f64c96b97481282b5833a9cbe726f435479dbb0169031e22fcad6cc57,0.5309870839,if6_consensus_when_public_priors_concordant_with_d4
aayl51,aayl51:0001245:ce7b27057814,ce7b27057814c84d4047bf2a0792210c95602a22bd4601dc87a47310d3a0e157,0.3273906112,if6_consensus_when_public_priors_concordant_with_d4
aayl51,aayl51:0001246:6d0a00c89097,6d0a00c89097ffa53be64afd62b8b6b71f871ea4d567d00393d0e44844c8b59d,0.629929781,if6_consensus_when_public_priors_concordant_with_d4
aayl51,aayl51:0001247:9cea2ab63986,9cea2ab63986046359646aff7482c273453e2c08adda039ae002976f54d8f983,0.5389364958,if6_consensus_when_public_priors_concordant_with_d4
aayl51,aayl51:0001248:b963e275c0fb,b963e275c0fb8169316d802bcc098ec11e1c61e4db55d3ecdfce64ee78afcab5,0.2829358578,if6_consensus_when_public_priors_concordant_with_d4
aayl51,aayl51:0001249:9e49302ab77f,9e49302ab77f18ece76175181cef1d0e3bffeb8c7b7526d44eb07a7d4851bae7,0.3669830859,if6_consensus_when_public_priors_concordant_with_d4
aayl51,aayl51:0001250:ba90f4ae28e8,ba90f4ae28e81f92e8247a856b79fa2b1a998b53f8f2db974f951d237c64853e,0.9367137551,if6_consensus_when_public_priors_concordant_with_d4
aayl51,aayl51:0001251:a734b5788ee5,a734b5788ee5b47bd7b4f11288caa885766414f660b7cab7f77579170a4370ae,0.5742070079,if6_consensus_when_public_priors_concordant_with_d4
aayl51,aayl51:0001252:33af0ed64c97,33af0ed64c97251183d4496dcc618695df12ff9f4e45e317fbb70a15c4cebff5,0.4857991636,if6_consensus_when_public_priors_concordant_with_d4
aayl51,aayl51:0001253:fa44e076af93,fa44e076af93ad8794221f9d6c55c921e952802024dbcfb3e1a648a36fb8ef20,0.7116616368,if6_consensus_when_public_priors_concordant_with_d4
aayl51,aayl51:0001254:30070df0e935,30070df0e9359eba191e0dcb56ae6dad9b963605e6103c1782f540b17962c031,0.2540711462,if6_consensus_when_public_priors_concordant_with_d4
aayl51,aayl51:0001255:9b160f7d5158,9b160f7d51583bbcf63ab6cc3fb5ff552f71badfda25989fc7d5b2a60ada1d06,0.5627074242,if6_consensus_when_public_priors_concordant_with_d4
aayl51,aayl51:0001256:dbf5ac9a84e1,dbf5ac9a84e12100655a8d78e0289f54d9d4bd9ee19884a8f5af2bb7d6a2354f,0.6537006497,if6_consensus_when_public_priors_concordant_with_d4
aayl51,aayl51:0001257:c47921d2cc30,c47921d2cc3086b54d3c305a5dba9fdef700ca04f208b84618a580cdf1d6d306,0.6782433987,if6_consensus_when_public_priors_concordant_with_d4
aayl51,aayl51:0001258:88545accb5a0,88545accb5a096f02b68d7590aef54222ac30d4cb4056b6bc95239afc4872d48,0.7681562304,if6_consensus_when_public_priors_concordant_with_d4
aayl51,aayl51:0001259:fabab7162dea,fabab7162dea61cfc9feb3dbba08765ce2ec145627387386b704f2f801332a2e,0.668982029,if6_consensus_when_public_priors_concordant_with_d4
aayl51,aayl51:0001260:fe13dde39da7,fe13dde39da7cd768258c50fbef1aad772dad0589a27f2db5b66ad93d5c7d4de,0.7000849247,if6_consensus_when_public_priors_concordant_with_d4
aayl51,aayl51:0001261:2867d6e274c8,2867d6e274c88129b0885c17ec5ab611bc03003ff56914a70af2e343534a404e,0.1385351568,if6_consensus_when_public_priors_concordant_with_d4
aayl51,aayl51:0001262:deb38e9a8b21,deb38e9a8b21a57e7875fb7859d53f4d1a27d499a925ecd4129af8ea837bf236,0.821177721,if6_consensus_when_public_priors_concordant_with_d4
aayl51,aayl51:0001263:7db9b7260202,7db9b7260202875bfbcfb9d41be59de9e275adfbd9d35db9889b78cdd0478304,0.2231226414,if6_consensus_when_public_priors_concordant_with_d4
aayl51,aayl51:0001264:33718d7fbbb6,33718d7fbbb6412bbd6551275b5fecc4a2c0db8d50ddb7edf9db288c7db787af,0.3854287565,if6_consensus_when_public_priors_concordant_with_d4
aayl51,aayl51:0001265:b496a3942bb3,b496a3942bb33b1a60ad3716480455e49e001d7e0dd29ee47d68af319052f8ea,0.09492938966,if6_consensus_when_public_priors_concordant_with_d4
aayl51,aayl51:0001266:0714f05e4690,0714f05e46902f9a3ad1bbaed3c21c5a5695c90c5c397b1eea2fbbabc497dd0d,0.6056185365,if6_consensus_when_public_priors_concordant_with_d4
aayl51,aayl51:0001267:b9d5b99eda13,b9d5b99eda13d88eb3b1eff23c8deff3d1a1862a8f4f5fe7db89bec3369db0e5,0.1712587625,if6_consensus_when_public_priors_concordant_with_d4
aayl51,aayl51:0001268:e7b993f0bef1,e7b993f0bef17ec29d351d781f21bdfbd77e48ab79f60cdc7e63314f378f4173,0.2059118599,if6_consensus_when_public_priors_concordant_with_d4
aayl51,aayl51:0001269:66241fbd37b9,66241fbd37b9e8575df0b3520409dbc887e807a4f31a7c02fb22dbed4f111dbe,0.3552519977,if6_consensus_when_public_priors_concordant_with_d4
aayl51,aayl51:0001270:a7f275227d3f,a7f275227d3f8bf6f0c0090aa7857a9e1fc704642a6a2d2c3a34d290813e1f2f,0.2610172033,if6_consensus_when_public_priors_concordant_with_d4
aayl51,aayl51:0001271:4b391b93038f,4b391b93038f1022e5bd10c955b016b5d58096323425ca85130f2f4d00af2771,0.9370996356,if6_consensus_when_public_priors_concordant_with_d4
aayl51,aayl51:0001272:a248bea061f3,a248bea061f3994e535dda15b139ee7ed8043973c677f788100a60461a2aafd8,0.5916492939,if6_consensus_when_public_priors_concordant_with_d4
aayl51,aayl51:0001273:e603250091f8,e603250091f887a2b3a279dca48742da1b9a8cd979494508a97eb2718a16f84b,0.5858609676,if6_consensus_when_public_priors_concordant_with_d4
aayl51,aayl51:0001274:edc6d3aa5b7d,edc6d3aa5b7dc4c09443a0275d3d1e539b6c30912a69736e3bac58031b499887,0.746314764,if6_consensus_when_public_priors_concordant_with_d4
aayl51,aayl51:0001275:816ef1c588b1,816ef1c588b15ac16410d2c45062d242add3d998e9ee2e6a985d0826608f5207,0.8633942604,if6_consensus_when_public_priors_concordant_with_d4
aayl51,aayl51:0001276:31fac2343af1,31fac2343af1a73da6d076c836d5a1f353952cf75a068ce22a12e3ec2c1210d5,0.3885930479,if6_consensus_when_public_priors_concordant_with_d4
aayl51,aayl51:0001277:ea282b0624e1,ea282b0624e1c3694c76de5d98ac8307315a4ba8ca2c987b51d950685ffd987f,0.4333564937,if6_consensus_when_public_priors_concordant_with_d4
aayl51,aayl51:0001278:89848b3304d2,89848b3304d2848c1f86e449253672ef6b2a2176bf34043d1492dbc8a211be69,0.2944354117,if6_consensus_when_public_priors_concordant_with_d4
aayl51,aayl51:0001279:1b182fbf0115,1b182fbf0115928c039035eafb7fd36e2b7e75b5abc54e27a4fe98fec721b183,0.138689518,if6_consensus_when_public_priors_concordant_with_d4
aayl51,aayl51:0001280:aac28d48a9e5,aac28d48a9e5d5dab52ea69c9c06f0280755abb1f983bdb2eabad4abc0988378,0.5560700297,if6_consensus_when_public_priors_concordant_with_d4
aayl51,aayl51:0001281:22c0966b7a54,22c0966b7a5413a12cf7dc683d926e98dde477f00100ca41ea076125154b16e0,0.2867176235,if6_consensus_when_public_priors_concordant_with_d4
aayl51,aayl51:0001282:db97c2ee1579,db97c2ee1579b38e839d1258e277c44cf0dce283a32271c25cd197dca8f22050,0.02948213369,if6_consensus_when_public_priors_concordant_with_d4
aayl51,aayl51:0001283:76c38271e387,76c38271e387ffae1b2aa7ee1b0f5c571c9c9233ea40c9e93f067fbaf0d6164d,0.1534305811,if6_consensus_when_public_priors_concordant_with_d4
aayl51,aayl51:0001284:76309be69926,76309be6992617c16f550c5526f11d521a63747d42da2d1ef99f18ff9fa9e02c,0.2142471224,if6_consensus_when_public_priors_concordant_with_d4
aayl51,aayl51:0001285:44b4703560af,44b4703560af8de8df970f85e79137e565e9dce3d1266769c250215b774b1616,0.2269815654,if6_consensus_when_public_priors_concordant_with_d4
aayl51,aayl51:0001286:2fc753c4af0f,2fc753c4af0f30b489fc3d0fd217c91a470f0b03c809584a1544397fccfaeb5d,0.174808979,if6_consensus_when_public_priors_concordant_with_d4
aayl51,aayl51:0001287:89051a561a4b,89051a561a4b319dbc0e11b022c48ff735264e5cb66fb61c98e872e34067d72e,0.6330168843,if6_consensus_when_public_priors_concordant_with_d4
aayl51,aayl51:0001288:3f6bb0c7041f,3f6bb0c7041f4c5efb34b3ef2c4e9619dfb4434cfdbea49518ca59792215c4ec,0.2380952388,if6_consensus_when_public_priors_concordant_with_d4
aayl51,aayl51:0001289:d59943678610,d59943678610d0a8e22e89b64d497846aaab16eda310148de44d24d8b9bc14bf,0.1973450631,if6_consensus_when_public_priors_concordant_with_d4
aayl51,aayl51:0001290:076af9ff8b03,076af9ff8b032fae22086673ba27dd0129a0809e6a470311875af46a8fe88400,0.1837616712,if6_consensus_when_public_priors_concordant_with_d4
aayl51,aayl51:0001291:29e0df01e17d,29e0df01e17d332fa398471e953d348d1960a8110c96e6612c18043643409dd6,0.9723701477,if6_consensus_when_public_priors_concordant_with_d4
aayl51,aayl51:0001292:b07be0b26c33,b07be0b26c33c7f4cbf6097f0a6b58d347f02be5d7c3d97482f6da1606ec91ac,0.5745928288,if6_consensus_when_public_priors_concordant_with_d4
aayl51,aayl51:0001293:c546daf1b78c,c546daf1b78c9ff60eccef6b50b18efb3c661a4b10bed81bcd38f750764efd69,0.3083275557,if6_consensus_when_public_priors_concordant_with_d4
aayl51,aayl51:0001294:4520efe7a1ee,4520efe7a1ee12ba946368dcc63ba467bf27b88c221793fa3b2008e16c0caf80,0.9245195389,if6_consensus_when_public_priors_concordant_with_d4
aayl51,aayl51:0001295:0ad8ee094ee6,0ad8ee094ee63079484b7152f7326e73b4d929a63a5eec4d85d90af37bff7249,0.8868564963,if6_consensus_when_public_priors_concordant_with_d4
aayl51,aayl51:0001296:5358e61d25e8,5358e61d25e8d4c2b728824b04ff92f633e080c06219ee3cfb86f77c8d38bc17,0.2151732594,if6_consensus_when_public_priors_concordant_with_d4
aayl51,aayl51:0001297:4b5e688e0c2a,4b5e688e0c2a46f6c4eb2a1ad365cad10e0a9d729a74d6a221adbd9908659959,0.8904067874,if6_consensus_when_public_priors_concordant_with_d4
aayl51,aayl51:0001298:eae8b0772494,eae8b07724945db0a8169b0304996e7067c71466f69e75201b51dd87b94bc65f,0.9091610909,if6_consensus_when_public_priors_concordant_with_d4
aayl51,aayl51:0001299:b5502e10a077,b5502e10a077f0361036b299df62078d41a888591308313c0e1fb32820c3f415,0.2030562609,if6_consensus_when_public_priors_concordant_with_d4
aayl51,aayl51:0001300:39aa762f16f3,39aa762f16f37c42ecbca2912f7af790199243aaac2a332bcda144267499b1c3,0.5602377057,if6_consensus_when_public_priors_concordant_with_d4
aayl51,aayl51:0001301:b67e68e17f58,b67e68e17f58d922b703c8b2f1230b0834304a42b38827e347722ed5bc6ffe1e,0.5267422795,if6_consensus_when_public_priors_concordant_with_d4
aayl51,aayl51:0001302:8a91c4820177,8a91c4820177259c8340a6f45d9ce973a83ab3fc153f5746db53da9a16b1ac9f,0.01898587681,if6_consensus_when_public_priors_concordant_with_d4
aayl51,aayl51:0001303:a41c6b0fea07,a41c6b0fea077683436581300df9a3a5aebab92a64e3bc709f6759ed0bd81909,0.5792235732,if6_consensus_when_public_priors_concordant_with_d4
aayl51,aayl51:0001304:23c3a228435a,23c3a228435ad5a6520b4a976dc896dd377fac98a19720b626a71eb8d09901b9,0.2144014835,if6_consensus_when_public_priors_concordant_with_d4
aayl51,aayl51:0001305:c10eb9b1f952,c10eb9b1f952a922cbef1e1e2adc89bf8aeff0725b408eb87edba039dc05ffb9,0.1135293618,if6_consensus_when_public_priors_concordant_with_d4
aayl51,aayl51:0001306:257cb41d48eb,257cb41d48eb793fc94594f9fcbc0afa7fec28a40a97eba31ea4aaa00466b72d,0.07910782099,if6_consensus_when_public_priors_concordant_with_d4
aayl51,aayl51:0001307:e739ee10304b,e739ee10304b5989c7770f079f1b882d203896a4f4b704dd6f80e737fb67a873,0.2877980769,if6_consensus_when_public_priors_concordant_with_d4
aayl51,aayl51:0001308:546eb7bea4f0,546eb7bea4f07acbaea43071055d145d847251778f9bac34d15dc8f60b7afc99,0.4324303567,if6_consensus_when_public_priors_concordant_with_d4
aayl51,aayl51:0001309:57ca807f11a2,57ca807f11a2edc9c2f6c65888df8dc8926cbc7f4fee81973f57891cfe1f07f4,0.4068843126,if6_consensus_when_public_priors_concordant_with_d4
aayl51,aayl51:0001310:e022b753cc52,e022b753cc5214fac68448fe9ccbbff8580d3cfcd347e19348a5cac1ab27335a,0.2978312671,if6_consensus_when_public_priors_concordant_with_d4
aayl51,aayl51:0001311:db4b9ae21735,db4b9ae21735581369fdf5fd7e382c95ed371b6be9cf519f32db038eeea3cb1d,0.7189936042,if6_consensus_when_public_priors_concordant_with_d4
aayl51,aayl51:0001312:2138a96e5800,2138a96e5800d7454754eaa6fd3c283c75e184964be6ade4f193dafddc1012ad,0.3617349863,if6_consensus_when_public_priors_concordant_with_d4
aayl51,aayl51:0001313:24279601cc78,24279601cc78e58392270c32282d8a9c5dbeafc7ce59c0aa91c9c92cf834f103,0.8116076589,if6_consensus_when_public_priors_concordant_with_d4
aayl51,aayl51:0001314:fb507940b8cb,fb507940b8cbd121dc2151d3bce0259c244aefa0f6f58e76a7f63a8613f4404b,0.2583159506,if6_consensus_when_public_priors_concordant_with_d4
aayl51,aayl51:0001315:792cdf5afb5d,792cdf5afb5dd39c50c558728999174732d4818e6e988cb58531279282611904,0.5375472903,if6_consensus_when_public_priors_concordant_with_d4
aayl51,aayl51:0001316:5beb29da4a4a,5beb29da4a4af743a2eb5374b1fc950da284edb32b84abe7adc64d24e25a4d17,0.2593964636,if6_consensus_when_public_priors_concordant_with_d4
aayl51,aayl51:0001317:79bbf3784afb,79bbf3784afbe7182b5dabcbce25abda0c8c4f8f8b3ccdc468bc4bef8cd371fb,0.2069923729,if6_consensus_when_public_priors_concordant_with_d4
aayl51,aayl51:0001318:dfa242285b48,dfa242285b48034d16a2d8e3f8aa23491185b36d35fdc96d80bdfbc63eec3b85,0.5490468144,if6_consensus_when_public_priors_concordant_with_d4
aayl51,aayl51:0001319:953f449166b6,953f449166b64a140afeb8f70f6de7bc21d3b29a97ddad76b7f952b98985a1bb,0.6008334756,if6_consensus_when_public_priors_concordant_with_d4
aayl51,aayl51:0001320:ab301c004b4d,ab301c004b4d8b1c6b8a99925de7e4cfeedc00bbca2e7cfa6f7892720fe54e85,0.2323068529,if6_consensus_when_public_priors_concordant_with_d4
aayl51,aayl51:0001321:646e9002081b,646e9002081bde8abafa80b28827b36aa5ff6400182ffd67d1727fa41ad8b741,0.2373234481,if6_consensus_when_public_priors_concordant_with_d4
aayl51,aayl51:0001322:1497ce611602,1497ce611602dba035cb437ec45446241cc4411b445cb819e564ebd17260271a,0.7034035325,if6_consensus_when_public_priors_concordant_with_d4
aayl51,aayl51:0001323:83e1e9b09fe6,83e1e9b09fe69a5b7c4f280a9f1ad1481e06c806f012663ca2da591748ad6c38,0.273442924,if6_consensus_when_public_priors_concordant_with_d4
aayl51,aayl51:0001324:673232b9fad0,673232b9fad061c12ad193f680ae03eef1e8a645da4f8eccbf0fd2211f4c1544,0.3096395731,if6_consensus_when_public_priors_concordant_with_d4
aayl51,aayl51:0001325:d4fe148ac067,d4fe148ac0672a7c08a2f1876fa16ea43ad1a536bd79007977fa6795583818cd,0.2692753077,if6_consensus_when_public_priors_concordant_with_d4
aayl51,aayl51:0001326:d7be1cfab149,d7be1cfab149c1a69f72bdaa29113c7106c0d323353077cb05377d0d7ad1589d,0.3317126036,if6_consensus_when_public_priors_concordant_with_d4
aayl51,aayl51:0001327:c9302c6fb587,c9302c6fb587fb954e93cb12a223cbb057c4aaf5af4b052b9c721f13bb53d275,0.587018609,if6_consensus_when_public_priors_concordant_with_d4
aayl51,aayl51:0001328:bc06828909b9,bc06828909b928e18f1c77b74387e3e25ff1ab053d3ac85d85fe5083cf7af0bf,0.2990661561,if6_consensus_when_public_priors_concordant_with_d4
aayl51,aayl51:0001329:03cf05f5ef68,03cf05f5ef685960d3738cefd5e2fcd13e2c8e69c9ba8b905b407b6eaecb2e04,0.2803117931,if6_consensus_when_public_priors_concordant_with_d4
aayl51,aayl51:0001330:e0545f3fa1c2,e0545f3fa1c28db743962c6fe4340d70cd13bf350c370dca389a51961643e148,0.6304700375,if6_consensus_when_public_priors_concordant_with_d4
aayl51,aayl51:0001331:ab3397ca0683,ab3397ca06837266268543c98501418bd327d9bb399c1d5dd53ef3dbf787a9df,0.5582310557,if6_consensus_when_public_priors_concordant_with_d4
aayl51,aayl51:0001332:7b0dc038b9af,7b0dc038b9afa31dc864ab7f514318b9b887942656d5ea3d381bbde8b7ba0b32,0.5059813857,if6_consensus_when_public_priors_concordant_with_d4
aayl51,aayl51:0001333:68d18d6ff7d3,68d18d6ff7d3a604a1a29f386af3adc5ea82a820e31aad6706c815bf1d9e5424,0.5199506283,if6_consensus_when_public_priors_concordant_with_d4
aayl51,aayl51:0001334:f10d8db5a9ed,f10d8db5a9eda60e23dca91f1adaca79fff272ec59fd29f567703790f81634e3,0.1025700346,if6_consensus_when_public_priors_concordant_with_d4
aayl51,aayl51:0001335:7c94d5bea212,7c94d5bea212987162e61bc4a8bfb1f69de79bbd484532785b2e59b1be2084a3,0.6652002931,if6_consensus_when_public_priors_concordant_with_d4
aayl51,aayl51:0001336:0db413a258ef,0db413a258ef7bfefaa527dc17e184c6e7dc2232d5ff39d31d7625e390a403b3,0.5763680339,if6_consensus_when_public_priors_concordant_with_d4
aayl51,aayl51:0001337:f313d62443a9,f313d62443a9a8af8bdbb89968c2e89a9fb57296eb562821031d607bfc314985,0.3747781217,if6_consensus_when_public_priors_concordant_with_d4
aayl51,aayl51:0001338:09260807885a,09260807885a2817d8792351ee8ca876a7fbaeacc8d7392ff8616981d25edf1f,0.5913406014,if6_consensus_when_public_priors_concordant_with_d4
aayl51,aayl51:0001339:f3c2a297a34a,f3c2a297a34af0d847039be67cee9bb716b125ff539677fbbc92d77df43d3f9b,0.4073473513,if6_consensus_when_public_priors_concordant_with_d4
aayl51,aayl51:0001340:ea8b9f1cac05,ea8b9f1cac0595ffc262bf1b6afb8aa8e8020b1bc89ac3eb168529176932976e,0.4975688756,if6_consensus_when_public_priors_concordant_with_d4
aayl51,aayl51:0001341:972d1b584542,972d1b584542606342197c54db9e68a8a25e442a2b0c574a088d0fc1109d0f03,0.302693516,if6_consensus_when_public_priors_concordant_with_d4
aayl51,aayl51:0001342:40265ac589e6,40265ac589e6e7656d895ebab95a6ca7ff992289dd79b0e45211433a7325ba42,0.4000926018,if6_consensus_when_public_priors_concordant_with_d4
aayl51,aayl51:0001343:6f6a0e145f42,6f6a0e145f42c9b9a18e1af39e3ef1c9ef1cf6efa9d4af3300f4bc7a845d6fe5,0.3585706651,if6_consensus_when_public_priors_concordant_with_d4
aayl51,aayl51:0001344:453c2a4fd6e6,453c2a4fd6e6f0246bdf5255f9388073a8813acb5a452f9cedd8b869bdaf9fe5,0.283321768,if6_consensus_when_public_priors_concordant_with_d4
aayl51,aayl51:0001345:0a9330ab11db,0a9330ab11db964ceb362998b18411c4a3b6cdf3e95e758bacf79a8bf06f6ee0,0.8093695045,if6_consensus_when_public_priors_concordant_with_d4
aayl51,aayl51:0001346:8dae53556b20,8dae53556b20301019884d89e4c3da0098e59335840026ee5c95902f0ae595d8,0.1255691797,if6_consensus_when_public_priors_concordant_with_d4
aayl51,aayl51:0001347:d6bef698248f,d6bef698248f0731dc86eb67f3cd3e5854d01e7eeb40163846f47b6e5c6726bb,0.3486918509,if6_consensus_when_public_priors_concordant_with_d4
aayl51,aayl51:0001348:9eaa3b88a6ff,9eaa3b88a6ff06875461997420b986a59b2c44646aee112bd3dc2c7b27c8a8a6,0.7259395719,if6_consensus_when_public_priors_concordant_with_d4
aayl51,aayl51:0001349:940a08994550,940a089945502a9ed76640c17d3f6755923c23037ac2b8663b5a89e78de97ac6,0.5911862254,if6_consensus_when_public_priors_concordant_with_d4
aayl51,aayl51:0001350:c1ca97ed5630,c1ca97ed5630fd7878f9425a83649db6ff17ac0d5d8f7a6994db5dd884f906e9,0.3850428164,if6_consensus_when_public_priors_concordant_with_d4
aayl51,aayl51:0001351:af6fd8cb21df,af6fd8cb21df9d1c8d2e13527d961a5ff98f676b0c002ff3c5d8e791a49dd045,0.8880913854,if6_consensus_when_public_priors_concordant_with_d4
aayl51,aayl51:0001352:ee6c511d2a78,ee6c511d2a78d349545349716942ba47d023fd36dcc2329aa5e35aaf8f2aa8cf,0.7274060249,if6_consensus_when_public_priors_concordant_with_d4
aayl51,aayl51:0001353:bc33b2b6a753,bc33b2b6a75389c74e687cfba4425c0b4bd560e58450b1127f40799c0d67bcf1,0.8895578384,if6_consensus_when_public_priors_concordant_with_d4
aayl51,aayl51:0001354:7f1df0840592,7f1df0840592bc7c88974288ae306da3cdb862b9045fb31e8e12cb92c2d3801f,0.4319672883,if6_consensus_when_public_priors_concordant_with_d4
aayl51,aayl51:0001355:ff063bde3ac6,ff063bde3ac65d4339f0a7bb10798f9851e8408154e9548e1d8046e9e3a67056,0.1637724787,if6_consensus_when_public_priors_concordant_with_d4
aayl51,aayl51:0001356:574c955deac6,574c955deac60d1fc4fca998fc5f8c48d2c7bed65e4148e2f8c54a6e0fbeda07,0.4842170179,if6_consensus_when_public_priors_concordant_with_d4
aayl51,aayl51:0001357:05c2124e0614,05c2124e0614ebe1c1ca6cad28b77481c9f2d34d982fc8276712e248e780d0f1,0.2945897877,if6_consensus_when_public_priors_concordant_with_d4
aayl51,aayl51:0001358:740b06d54807,740b06d54807a6fafed63149bc2a05a837976efc406269b5598c15fea1cf11a3,0.3571814597,if6_consensus_when_public_priors_concordant_with_d4
aayl51,aayl51:0001359:3fa74c3211fa,3fa74c3211facfea2cc0f04ecfe243c6e81379b2a7506101bb68977201f9d8d0,0.607548058,if6_consensus_when_public_priors_concordant_with_d4
aayl51,aayl51:0001360:bd2fb2b70add,bd2fb2b70add6596a120ddb9c7816da9d0804fd5a76ce7965e82d7a45ec633ff,0.450026989,if6_consensus_when_public_priors_concordant_with_d4
aayl51,aayl51:0001361:bcb8e104d4dc,bcb8e104d4dc9c1e619cc6700fb6a3b3cd04ea4194615f63af4166a4ad9a5029,0.3077101111,if6_consensus_when_public_priors_concordant_with_d4
aayl51,aayl51:0001362:25e700384921,25e700384921772b4bef055387a29c386efaf95225aa57daa1d10ef2f43b9dce,0.5195646882,if6_consensus_when_public_priors_concordant_with_d4
aayl51,aayl51:0001363:9b2aaf73c0ca,9b2aaf73c0ca3f9e8e9d2165b721cb87be5ec57156670c8d8c6128e47705e8d0,0.533611238,if6_consensus_when_public_priors_concordant_with_d4
aayl51,aayl51:0001364:e44c337ac4cf,e44c337ac4cffdce61810e71761c52747083d8e39c8df0227a4fa474c5c8efc2,0.5047464967,if6_consensus_when_public_priors_concordant_with_d4
aayl51,aayl51:0001365:820ed550fd54,820ed550fd5444be885737dad38437bbfd3673f8ac0d603b1d7c86fd19d157d2,0.4910859168,if6_consensus_when_public_priors_concordant_with_d4
aayl51,aayl51:0001366:7e5fe3371a7c,7e5fe3371a7c7f4daf9375cb796906d52f9e2506accb551f90488e1c544701d0,0.1754264086,if6_consensus_when_public_priors_concordant_with_d4
aayl51,aayl51:0001367:e761a81617b8,e761a81617b86f075b5c477fdd2f32abe63f345b70c70494db2882f6c95f9d91,0.4008643925,if6_consensus_when_public_priors_concordant_with_d4
aayl51,aayl51:0001368:244ec867ef2b,244ec867ef2bb523fdd893d8f60c1a75535ebd912f6e8850e733af31a0c86d87,0.2918885648,if6_consensus_when_public_priors_concordant_with_d4
aayl51,aayl51:0001369:6bf6bacf4bad,6bf6bacf4badf8d97be10ab8d383044f469c6ff831b33dfee4eeba8ad589a529,0.4676236808,if6_consensus_when_public_priors_concordant_with_d4
aayl51,aayl51:0001370:3c73bcc56671,3c73bcc56671074a2616131211554d47c200146d0c15c3901939352ba6b23e99,0.3916801512,if6_consensus_when_public_priors_concordant_with_d4
aayl51,aayl51:0001371:349ce8722963,349ce8722963e87537944889ed54617e0c1ba6362fcd26369c833f37f66ad782,0.6225978136,if6_consensus_when_public_priors_concordant_with_d4
aayl51,aayl51:0001372:357682322eda,357682322edafc702bf0b984a507ae933a38e852835734b950cf2be0684a8720,0.5166319013,if6_consensus_when_public_priors_concordant_with_d4
aayl51,aayl51:0001373:3d05ceb0279a,3d05ceb0279a9c1b61a32f0cc2f0f4d7e84ab91d0fb53b068c643dd37e99b4ab,0.2256695181,if6_consensus_when_public_priors_concordant_with_d4
aayl51,aayl51:0001374:420a10718f3d,420a10718f3d186ffabbaa97b3e612f04a9fb15f3f99a4b4f1d278fefa3fe48c,0.2387898564,if6_consensus_when_public_priors_concordant_with_d4
aayl51,aayl51:0001375:f9eb4d4a68b0,f9eb4d4a68b06153d5eec076d71316a6da3c0d932a542920103750b2534a58be,0.4834452569,if6_consensus_when_public_priors_concordant_with_d4
aayl51,aayl51:0001376:71f10fe1d578,71f10fe1d5783d52ab996ba58091b6a42880d774f106f141cd02d5ef30d543e6,0.3432121575,if6_consensus_when_public_priors_concordant_with_d4
aayl51,aayl51:0001377:5eb402355ff6,5eb402355ff61b520fe25be71ebb874fc29415c12db36bef407abe4d8e6c0584,0.6770085692,if6_consensus_when_public_priors_concordant_with_d4
aayl51,aayl51:0001378:5692c4dce5e9,5692c4dce5e924d58bebf85b72cfecd19dd532f9c194a044de7958106e7ae4fc,0.7465462685,if6_consensus_when_public_priors_concordant_with_d4
aayl51,aayl51:0001379:93e0d230b1ad,93e0d230b1ad445cdcb779a5391e66e06fd24fb48212aaea1e7ccef9075da6cc,0.5059041381,if6_consensus_when_public_priors_concordant_with_d4
aayl51,aayl51:0001380:4c9195a0c333,4c9195a0c333939975c69a0e0938822dc6fd8636d28489944e68ca450c9b23f9,0.2197268009,if6_consensus_when_public_priors_concordant_with_d4
aayl51,aayl51:0001381:468ef17843be,468ef17843becc35b840771b4921e5cc7405da4366bc76d55e9d790cc0284c8a,0.5000386238,if6_consensus_when_public_priors_concordant_with_d4
aayl51,aayl51:0001382:b0a7be79d505,b0a7be79d505f9ea30634a6dd24b949780a797404f69fe2f346a120be177f7d5,0.4622983932,if6_consensus_when_public_priors_concordant_with_d4
aayl51,aayl51:0001383:7aefdaca9eff,7aefdaca9effcd0a5b6188116481cc70e631e2a7294a01673215e589c93823fe,0.723469913,if6_consensus_when_public_priors_concordant_with_d4
aayl51,aayl51:0001384:9ebe5697e58a,9ebe5697e58af5bc217635ce32338e1b504de3ed013c00f4fccca397cbfb6d08,0.384849906,if6_consensus_when_public_priors_concordant_with_d4
aayl51,aayl51:0001385:8e6763d02015,8e6763d020159ff48b569568e233ca08e854f53e73dc19ef993cb51f51e010f7,0.5346145034,if6_consensus_when_public_priors_concordant_with_d4
aayl51,aayl51:0001386:d8dc8774d7a2,d8dc8774d7a2cc7e69674d08aaee51f4b066503e3fe7cf92f1189a3870d21133,0.157212317,if6_consensus_when_public_priors_concordant_with_d4
aayl51,aayl51:0001387:90b61571a690,90b61571a690b8f6e160b7997ec71e7d982b8f294a072e3c22ffb71d4082e8ee,0.8084433079,if6_consensus_when_public_priors_concordant_with_d4
aayl51,aayl51:0001388:e2d5d4ca16b7,e2d5d4ca16b77106efc43f79b18688aedbdde130d57bc84691974286965bfb46,0.8874740005,if6_consensus_when_public_priors_concordant_with_d4
aayl51,aayl51:0001389:b9b6ada6369b,b9b6ada6369b2e09783e95c7474ccb9d00cb21edb46563df09b744d5b6108349,0.06814848632,if6_consensus_when_public_priors_concordant_with_d4
aayl51,aayl51:0001390:788f27c7bd5b,788f27c7bd5b0c5fb3c00ad961763fcfb7b493224086f5c0854807db4dcfd90c,0.28525123,if6_consensus_when_public_priors_concordant_with_d4
aayl51,aayl51:0001391:ce3717b63e8e,ce3717b63e8e3b3f9c90d082e274e14b7e0269cb6ad62dd182b59a2fee8b73af,0.254997313,if6_consensus_when_public_priors_concordant_with_d4
aayl51,aayl51:0001392:c55b7a7d07a7,c55b7a7d07a7322aee00bee1d1bfb2f19fd811c96bbfd7517e1f506f125a61ac,0.5776028633,if6_consensus_when_public_priors_concordant_with_d4
aayl51,aayl51:0001393:d00d4aabee9a,d00d4aabee9a606eff4849d6d640f96409300c9f36a0182b4802ceb306a711a9,0.8007254601,if6_consensus_when_public_priors_concordant_with_d4
aayl51,aayl51:0001394:22022e562519,22022e562519db3308d790ee77589c8c3bf87d547f4aa6f2e9451bf4198d2584,0.7497105598,if6_consensus_when_public_priors_concordant_with_d4
aayl51,aayl51:0001395:671f08db295c,671f08db295ce6744b215850baa06596ec176e5b969424b4a9ba258a3f335e4a,0.351624608,if6_consensus_when_public_priors_concordant_with_d4
aayl51,aayl51:0001396:40d9109dd870,40d9109dd870bb1054ce35dc655e1bf866629e0bc0e745ead704d95216e27e79,0.4133672714,if6_consensus_when_public_priors_concordant_with_d4
aayl51,aayl51:0001397:d55f7de7fe3e,d55f7de7fe3e8b21a58eb3fd34f3f03c0125fa7989703a9a1194878124b4890e,0.3671374321,if6_consensus_when_public_priors_concordant_with_d4
aayl51,aayl51:0001398:14f581da1096,14f581da10969911b34d4f3d8b1c3e844c57e790ad3374f54e2b4971929bf846,0.2696611881,if6_consensus_when_public_priors_concordant_with_d4
aayl51,aayl51:0001399:393bf19c2632,393bf19c2632eea40fe885274d802652be31a48a21ecf770b46af17477d17414,0.1586015224,if6_consensus_when_public_priors_concordant_with_d4
aayl51,aayl51:0001400:6e7d60bb53e2,6e7d60bb53e2720af3faf1849354077492aa8220a18ab0dfc6912c29c5d64c04,0.4463224411,if6_consensus_when_public_priors_concordant_with_d4
aayl51,aayl51:0001401:3d5227daa4cf,3d5227daa4cf0752b9cbd137b67614905272c75e2748338e4bf97e1788a30e79,0.2345450372,if6_consensus_when_public_priors_concordant_with_d4
aayl51,aayl51:0001402:06c16982dd05,06c16982dd050f37f43944dcecbe420481d73ee2ce903210c9c1e93be30e9d6c,0.7207686901,if6_consensus_when_public_priors_concordant_with_d4
aayl51,aayl51:0001403:e53031a00e11,e53031a00e11c04fd96b1dd21ceb2266c7e7bfc5a817add729e8bb33f38d5ea9,0.3313266933,if6_consensus_when_public_priors_concordant_with_d4
aayl51,aayl51:0001404:bde8ad607ce5,bde8ad607ce5f21a804a2e1f71f1ddc0d0b7e1fb6a201f44f11624a5b0a33d07,0.2603997886,if6_consensus_when_public_priors_concordant_with_d4
aayl51,aayl51:0001405:4e7c32870531,4e7c32870531d2431e7b7b0a106f45339855ef7bd9e6f7a9c74dcf910b764ca4,0.2825885713,if6_consensus_when_public_priors_concordant_with_d4
aayl51,aayl51:0001406:58e1f517e208,58e1f517e20807f3985c0164301516040db1e43432a397c586cc339a5ac233a7,0.3224511743,if6_consensus_when_public_priors_concordant_with_d4
aayl51,aayl51:0001407:5892ab0b67d4,5892ab0b67d4b3e24b00a0ff9bb3cac62473ad1007614b40833ee92422173a7d,0.08404723555,if6_consensus_when_public_priors_concordant_with_d4
aayl51,aayl51:0001408:ff64b1662bc7,ff64b1662bc7320b120de0c89a264bd4a5163c158c8cca3a2fd89efd6d845e47,0.4481747448,if6_consensus_when_public_priors_concordant_with_d4
aayl51,aayl51:0001409:75d9154735e9,75d9154735e9903693e74363096bfcc01461cf0f15180c8551a828c8925fdf39,0.1398471743,if6_consensus_when_public_priors_concordant_with_d4
aayl51,aayl51:0001410:4d89094433f3,4d89094433f30e1ba4e6383d7ef1b9a57fa2b5a756ab73e270ed55ccd993153f,0.608705759,if6_consensus_when_public_priors_concordant_with_d4
aayl51,aayl51:0001411:4069e96b8157,4069e96b81577c5e3c9cb4fa6f452d8e0788c62a87cfde6075ca6a0f871eb90a,0.5409431458,if6_consensus_when_public_priors_concordant_with_d4
aayl51,aayl51:0001412:f6259441f0a0,f6259441f0a07aeddece53255c24cbbf77fe85636529223c9d7f6204705c092d,0.4897738695,if6_consensus_when_public_priors_concordant_with_d4
aayl51,aayl51:0001413:b8e15b4ae92c,b8e15b4ae92c1008ddc47339f7f27f6b795da67243eeee354ca65d9e95f0808b,0.5737439394,if6_consensus_when_public_priors_concordant_with_d4
aayl51,aayl51:0001414:4412dd1b63e4,4412dd1b63e418737c4534f0f08cd53f8ea8067798049ca417449030419b6df3,0.3420544863,if6_consensus_when_public_priors_concordant_with_d4
aayl51,aayl51:0001415:fef4d2f5d423,fef4d2f5d42344c21e9bb0cbfaf8679decbde0d331ea4259c4c56c5b120a4b09,0.9082348943,if6_consensus_when_public_priors_concordant_with_d4
aayl51,aayl51:0001416:1a584b344d3c,1a584b344d3c7c13cf3f2f8c8fdb076c7fa2a9308c1d7cea5507116dd536b743,0.01883151941,if6_consensus_when_public_priors_concordant_with_d4
aayl51,aayl51:0001417:8e43c4f7bca8,8e43c4f7bca876a0e04b61647ad97f7431b9e66205fef03097f572372d682c43,0.08335262537,if6_consensus_when_public_priors_concordant_with_d4
aayl51,aayl51:0001418:6a406b94836a,6a406b94836a1b948d29e899fdeb34910cda37b320d28ced599574cc63363ef6,0.8846183419,if6_consensus_when_public_priors_concordant_with_d4
aayl51,aayl51:0001419:cc1123697e2f,cc1123697e2fe14b4de12d562809c90097def2fea7b256bc74acbade2557fd15,0.6285405755,if6_consensus_when_public_priors_concordant_with_d4
aayl51,aayl51:0001420:33b9586b30b8,33b9586b30b89889bc02075de79490b084174f290c45207fdde7f117a4e22bf0,0.6422011256,if6_consensus_when_public_priors_concordant_with_d4
aayl51,aayl51:0001421:6bb54fda124a,6bb54fda124aad22084922e9d5aef5bafd3936724c7bf4354223ececc64a95cd,0.3627382815,if6_consensus_when_public_priors_concordant_with_d4
aayl51,aayl51:0001422:d19f3ae99617,d19f3ae996172a4e47e0a54c6ca99b370ea8bf082166909c358bb40fb19ef56a,0.3410511911,if6_consensus_when_public_priors_concordant_with_d4
aayl51,aayl51:0001423:ae801fb6f28c,ae801fb6f28c16890368cb99a8115208aa01a4aaa390d3a1423fad45d6d042a3,0.1755035669,if6_consensus_when_public_priors_concordant_with_d4
aayl51,aayl51:0001424:a1f94e2cf0e3,a1f94e2cf0e303c17ab29a3823a3bcb596579eaf42672832a8ddfc2d91327f1c,0.234390676,if6_consensus_when_public_priors_concordant_with_d4
aayl51,aayl51:0001425:cb9cac1c5117,cb9cac1c5117c3466b1f2ec1741288c60262c64d1b6d6649fc4208381aae0a73,0.7698540688,if6_consensus_when_public_priors_concordant_with_d4
aayl51,aayl51:0001426:4844a36bf18e,4844a36bf18eaf729c82c531a2628d22d04e2a23c51910db917f603bf58835cf,0.8371536732,if6_consensus_when_public_priors_concordant_with_d4
aayl51,aayl51:0001427:aa04d49280af,aa04d49280af34b3fad403789c45b032e05dfd82b69bbe14a756812eb352f40b,0.5631704926,if6_consensus_when_public_priors_concordant_with_d4
aayl51,aayl51:0001428:46ccc6c8f377,46ccc6c8f377339ea7f849598f24ab525c8369030447d05113b3e9b984db0ad2,0.3648221195,if6_consensus_when_public_priors_concordant_with_d4
aayl51,aayl51:0001429:3d4a6d9f5792,3d4a6d9f5792aea1e379f6173bdb829e34cb8ea0b53e8c23be6a3f23f47d67f9,0.7915412784,if6_consensus_when_public_priors_concordant_with_d4
aayl51,aayl51:0001430:89acde6b328e,89acde6b328eb4d5bcab20ef98c6fa14cf4e1b66b70e69da4e15761cca337f4e,0.105888702,if6_consensus_when_public_priors_concordant_with_d4
aayl51,aayl51:0001431:76e3c459181b,76e3c459181b7c51bef6814108e1c579a0c1ab999816d63f33eeeccbd84f88bf,0.7304932475,if6_consensus_when_public_priors_concordant_with_d4
aayl51,aayl51:0001432:e6e80b063ec4,e6e80b063ec451c385eeba2eefc1ff164f6212380b56b7c68ed98496bfda19e7,0.805896461,if6_consensus_when_public_priors_concordant_with_d4
aayl51,aayl51:0001433:c2661de49fe6,c2661de49fe6d4936fdacf30d2a4d7a36d24340b36ecdfa5b7b61edb4b6dd554,0.702863276,if6_consensus_when_public_priors_concordant_with_d4
aayl51,aayl51:0001434:4a261a9fb8a2,4a261a9fb8a297b1e2f9876dbf177a52cf8aeb3f8bad79ae0823d9659dc6dfec,0.2113915235,if6_consensus_when_public_priors_concordant_with_d4
aayl51,aayl51:0001435:f02aff17eb96,f02aff17eb96033c8adf4642820fb97ccd0ade6de9a3c42ef536a2020971c514,0.6827969551,if6_consensus_when_public_priors_concordant_with_d4
aayl51,aayl51:0001436:2f79af200c60,2f79af200c609ccaab3d74bd46255baf39706834920230f648033414a98c2af2,0.1274986565,if6_consensus_when_public_priors_concordant_with_d4
aayl51,aayl51:0001437:2c39f126fcf6,2c39f126fcf66539cf5672d746bb8752c0f3d7cf33b9c26efe7eac1d001736d9,0.195415616,if6_consensus_when_public_priors_concordant_with_d4
aayl51,aayl51:0001438:0f44d2f65792,0f44d2f65792303c0664d97d59538ebcb5fb62dd9b55e959e0ef4b74adbc6694,0.7271745205,if6_consensus_when_public_priors_concordant_with_d4
aayl51,aayl51:0001439:f6a117020580,f6a1170205807c4d2241a63e6b8f35b0cb45a7fca81a59b0d75678d671629ee0,0.7399089336,if6_consensus_when_public_priors_concordant_with_d4
aayl51,aayl51:0001440:cd117b1ed4a0,cd117b1ed4a05deb61d91d81e4762dc9c3328c5837fa1befec2a1bd59d07ebc3,0.8760516047,if6_consensus_when_public_priors_concordant_with_d4
aayl51,aayl51:0001441:c2d4e627b667,c2d4e627b667ad18abf5c9c8a8a134964c6bcc6299030133ebd948f8ce9f54f5,0.7789611816,if6_consensus_when_public_priors_concordant_with_d4
aayl51,aayl51:0001442:48e7989e6f99,48e7989e6f990987071b7aa5d816388424ffaa0b7911da9f299327d38d3df7b5,0.8164698482,if6_consensus_when_public_priors_concordant_with_d4
aayl51,aayl51:0001443:22e63bab9906,22e63bab99062aa5b1bbdac782a4049647a77b628980ce090bb2be7b7fd237a0,0.68542099,if6_consensus_when_public_priors_concordant_with_d4
aayl51,aayl51:0001444:c5c39441253a,c5c39441253a1b7899a1e97fb0e7788e4c2d54e979670df49703b8e5c118e526,0.4423863888,if6_consensus_when_public_priors_concordant_with_d4
aayl51,aayl51:0001445:6395cb66b14f,6395cb66b14fd206b1e7919a66f42c8eab6da4539537146d3e4335e0288039f1,0.3114146888,if6_consensus_when_public_priors_concordant_with_d4
aayl51,aayl51:0001446:c6372b1dbd5a,c6372b1dbd5aa8767f3687fc593a20605f9124eb31b2ed7bead5501c48c84365,0.9235162735,if6_consensus_when_public_priors_concordant_with_d4
aayl51,aayl51:0001447:85d7f26cf3aa,85d7f26cf3aa06fe87aaf3b63453fb08201f7612541d3b2b4657e62791328396,0.447094202,if6_consensus_when_public_priors_concordant_with_d4
aayl51,aayl51:0001448:d4f695cf528e,d4f695cf528e73d5723ee6af5b2e55c51f47c727dc36d584f83ac6391a170a96,0.6381878257,if6_consensus_when_public_priors_concordant_with_d4
aayl51,aayl51:0001449:660dd51cd3b1,660dd51cd3b17c3f5ea84ae6e1382c1e5d0d2799394dadd1f211aee5b7cb889f,0.4257158339,if6_consensus_when_public_priors_concordant_with_d4
aayl51,aayl51:0001450:ab2b2a05bf2b,ab2b2a05bf2b3bc9d66d66492c7360a4b8b00670b042dc713d2730022511c777,0.8096010089,if6_consensus_when_public_priors_concordant_with_d4
aayl51,aayl51:0001451:cfa5cd930916,cfa5cd930916d361b3db99e4053277669a38937f4bffdce1e0770deb21ac7509,0.420930773,if6_consensus_when_public_priors_concordant_with_d4
aayl51,aayl51:0001452:0ddf2a6c9272,0ddf2a6c9272db9df87e9df71fd1947fa3fa39b06737d3ea073e9f23c1cc4ea6,0.9425792694,if6_consensus_when_public_priors_concordant_with_d4
aayl51,aayl51:0001453:3b8d0ed44dd2,3b8d0ed44dd2e587620f6b56de56885acddbc6166bbc15cb008a6e8dad6f8157,0.8618507385,if6_consensus_when_public_priors_concordant_with_d4
aayl51,aayl51:0001454:fcb1fb829710,fcb1fb8297108031ee89bacaa0fa20f15b49ec2a620b234eef016eaa9a47b0f9,0.5583082438,if6_consensus_when_public_priors_concordant_with_d4
aayl51,aayl51:0001455:c465b2e3159e,c465b2e3159eec0fff6468a9d0e1f443f252641a36e3ed717a2e4ae9f11cc7fe,0.6357952952,if6_consensus_when_public_priors_concordant_with_d4
aayl51,aayl51:0001456:3ac97bc22308,3ac97bc22308a8b73fb2f0b34aab1cc734aca540a3d20b647913ed2aee601b14,0.7540326118,if6_consensus_when_public_priors_concordant_with_d4
aayl51,aayl51:0001457:684b14449ce7,684b14449ce77c9df420595e85b2c16834942bfc5c9d7ee46530fa3e2607f84d,0.2780736387,if6_consensus_when_public_priors_concordant_with_d4
aayl51,aayl51:0001458:c4283d79cd7c,c4283d79cd7cd17dc7a482d3d707db64d77017140765999d57e5c6e2ff47fe9a,0.04013274983,if6_consensus_when_public_priors_concordant_with_d4
aayl51,aayl51:0001459:7d658a895351,7d658a89535121e0c2695ac91b3cb670b8f4eaa5434ee012385e9b12dbf2bc08,0.2494404465,if6_consensus_when_public_priors_concordant_with_d4
aayl51,aayl51:0001460:55f53ef7c3be,55f53ef7c3be50d4a6bf06c49c76da9dfd26595e7c104e9a3111b639fcc336bc,0.1125260368,if6_consensus_when_public_priors_concordant_with_d4
aayl51,aayl51:0001461:4e4269abb400,4e4269abb400ee1ec01fa830709db17be2d5f0afb7749b5b96184ae472dc4c22,0.6180442572,if6_consensus_when_public_priors_concordant_with_d4
aayl51,aayl51:0001462:3c2bc9c23059,3c2bc9c23059ced20a353abf572d2aa1b1f9cf2fbae4b2fe93afa0ee6e98df36,0.07409122586,if6_consensus_when_public_priors_concordant_with_d4
aayl51,aayl51:0001463:2fde0dc079de,2fde0dc079de516fea91ae155e91f3e7d681156689a2d7096bdb28211e2303a9,0.131743446,if6_consensus_when_public_priors_concordant_with_d4
aayl51,aayl51:0001464:cd822efe1f56,cd822efe1f56d8a0873bfca70b2c42ca44f8a081259235483141c6b22f20ca5e,0.4193871915,if6_consensus_when_public_priors_concordant_with_d4
aayl51,aayl51:0001465:5dfcb5689ac9,5dfcb5689ac9b6182dcfc3431889b196586f6b63c15ed1cee93580745f2d0164,0.1927915365,if6_consensus_when_public_priors_concordant_with_d4
aayl51,aayl51:0001466:dbaa6edce815,dbaa6edce815fbd8b49b589e3072a570ab6a5ccd91a688d0c73575154b01c07f,0.6465230584,if6_consensus_when_public_priors_concordant_with_d4
aayl51,aayl51:0001467:a051d0a8ff7c,a051d0a8ff7c8b38118a650f61e50a3ac62aa1a0beba2250837f5e8e13715ad8,0.4160685241,if6_consensus_when_public_priors_concordant_with_d4
aayl51,aayl51:0001468:bd0fcda5774e,bd0fcda5774ecb29bb034a9f42c1f92cb9887551d031f10329af3d1c8f12cb06,0.166010648,if6_consensus_when_public_priors_concordant_with_d4
aayl51,aayl51:0001469:07ae958bffec,07ae958bffec22cfdc19da2e771708a72dc2017aafbc13c2c30a499a8ce2c202,0.5322991014,if6_consensus_when_public_priors_concordant_with_d4
aayl51,aayl51:0001470:3a0d63cb0d8a,3a0d63cb0d8ae55e968355e9b07c83b35a6fc4887a82dac0cedbf8c30ce7b1a6,0.6315504909,if6_consensus_when_public_priors_concordant_with_d4
aayl51,aayl51:0001471:f7bf9974a649,f7bf9974a649962924505a52d9047ca91efe24bb4a9c9156ea46eb99a70f9a5f,0.2936636508,if6_consensus_when_public_priors_concordant_with_d4
aayl51,aayl51:0001472:91b8500144a5,91b8500144a51bbef7bec31bdf238ea8f5b6dc21cdd0c4d31e268965ccd394c6,0.4291888773,if6_consensus_when_public_priors_concordant_with_d4
aayl51,aayl51:0001473:3b65880a2dd1,3b65880a2dd19c89c7ec450ae4d4405f22bfad695f61364bcb3ee28b5830a611,0.4738751352,if6_consensus_when_public_priors_concordant_with_d4
aayl51,aayl51:0001474:29a2ba29b3a0,29a2ba29b3a096cfea5f79d8aafc16204458a6931692ac339159486039f1cb87,0.8070540428,if6_consensus_when_public_priors_concordant_with_d4
aayl51,aayl51:0001475:d2bcddef800b,d2bcddef800b2e7968dc246d1972cbc8d5d4379ec1465835c9f73a9dcf23e05b,0.8575287461,if6_consensus_when_public_priors_concordant_with_d4
aayl51,aayl51:0001476:183acfbce4b6,183acfbce4b69f917898a8b05a5bc3b6878967c371f8dc503d97e29308618dba,0.3107972443,if6_consensus_when_public_priors_concordant_with_d4
aayl51,aayl51:0001477:b5d9b4c93e50,b5d9b4c93e506e804025101d6da875cd0a678c4707d1c20df202e1485db6e7db,0.8187851906,if6_consensus_when_public_priors_concordant_with_d4
aayl51,aayl51:0001478:b12e3e6b36cb,b12e3e6b36cb97ce323f41e5503b09b5ff2abff0e6b063db9ca50bdd747f8436,0.6837230325,if6_consensus_when_public_priors_concordant_with_d4
aayl51,aayl51:0001479:a130e42a9037,a130e42a90372e06b5c9541c474e720f31411b06bdae74d45c0cdc1f973ee02b,0.510997951,if6_consensus_when_public_priors_concordant_with_d4
aayl51,aayl51:0001480:1763d8a94e8b,1763d8a94e8b586dc3be4c4022d25ef2f5663026d99714d4838fdda7c02b48c5,0.7563479543,if6_consensus_when_public_priors_concordant_with_d4
aayl51,aayl51:0001481:f1ae9ca401ae,f1ae9ca401ae40d962ea62fd82dac08e3b153383f745b9394d6122c4521030dd,0.7982557416,if6_consensus_when_public_priors_concordant_with_d4
aayl51,aayl51:0001482:ab6e73e31de2,ab6e73e31de2f0ca04ce8498bbee32111e0b8df7a969ae6ee3876b0e03773b08,0.3260785639,if6_consensus_when_public_priors_concordant_with_d4
aayl51,aayl51:0001483:802860219851,8028602198510fd4c4b4dd1d67bc450d075f70b959d22883301cb37223c68d79,0.2144786566,if6_consensus_when_public_priors_concordant_with_d4
aayl51,aayl51:0001484:ce6812cd2618,ce6812cd261856102015e6c02d31a572ad1800583fabfc1bc1e38387412edff0,0.4426178932,if6_consensus_when_public_priors_concordant_with_d4
aayl51,aayl51:0001485:78b6af582a21,78b6af582a21ae7d0e9c2ae072905c1800da5c00f26166b5a6c77cdf29f2c59b,0.6260707974,if6_consensus_when_public_priors_concordant_with_d4
aayl51,aayl51:0001486:eccbfd3601a1,eccbfd3601a18ed4c3090ae35995d80237de0e8c795e5bcf78335ee3bac84d61,0.3928378522,if6_consensus_when_public_priors_concordant_with_d4
aayl51,aayl51:0001487:6322aa765e31,6322aa765e31b84af122ab36ceb3f087c4ae6b5dc81eaa6de674f82d18ec917c,0.5207223892,if6_consensus_when_public_priors_concordant_with_d4
aayl51,aayl51:0001488:f2f8adfc6dce,f2f8adfc6dce5a5ec21842b60329b1b44b59512c20cfded892f74c7044e98fa4,0.4271822274,if6_consensus_when_public_priors_concordant_with_d4
aayl51,aayl51:0001489:505ecfa795ca,505ecfa795ca602d23cbb3039e485d25486b337d8a8da6b876b39646185ba1af,0.8419387341,if6_consensus_when_public_priors_concordant_with_d4
aayl51,aayl51:0001490:4a921f5278f6,4a921f5278f6e2d7cbc807e9b231678f0a83c8026c4ddfadbd0566db0e41d04f,0.3260785639,if6_consensus_when_public_priors_concordant_with_d4
aayl51,aayl51:0001491:f0a60bfdb0f8,f0a60bfdb0f8bdeb8fe741997e843e25abd927f46c3e63ac5b3a6d2ed8d3fdbd,0.2756039202,if6_consensus_when_public_priors_concordant_with_d4
aayl51,aayl51:0001492:3c53f9c754e5,3c53f9c754e5b43fd5867f9a23beb3e759799fce6037acdeee3efc9ffcba1299,0.5566103458,if6_consensus_when_public_priors_concordant_with_d4
aayl51,aayl51:0001493:a89c51577f17,a89c51577f17aa182abec471ac2061a713462b1974651a0dbc8219c66d486165,0.6613413692,if6_consensus_when_public_priors_concordant_with_d4
aayl51,aayl51:0001494:1cbc23638746,1cbc23638746ad94af2cf391ea4b8953de0257def0f4a8896a9a8b14046eeb0e,0.3293200433,if6_consensus_when_public_priors_concordant_with_d4
aayl51,aayl51:0001495:20005c84e017,20005c84e017a8c560111dfc6637d450df848cefa878444a37118f962a6875fb,0.56810987,if6_consensus_when_public_priors_concordant_with_d4
aayl51,aayl51:0001496:ececace84dba,ececace84dbaf22d517d10901690f722f06994508e26d815a29489b3f1d9c902,0.838620007,if6_consensus_when_public_priors_concordant_with_d4
aayl51,aayl51:0001497:543b92b2d199,543b92b2d199c7bbcbc9113946bdca5a99edcef1dfd79a506a83d2273420c448,0.4798178673,if6_consensus_when_public_priors_concordant_with_d4
aayl51,aayl51:0001498:6095200cd97c,6095200cd97cce43fa77a17a7bf8abd8e1257415d49ea5a235a674548ae9466d,0.5566875339,if6_consensus_when_public_priors_concordant_with_d4
aayl51,aayl51:0001499:b3c55d8c6559,b3c55d8c65598323e24c4faafbcc59b9c0d4a2210244cddf84c4cd385567bff4,0.5509762764,if6_consensus_when_public_priors_concordant_with_d4
aayl51,aayl51:0001500:8eba825ce884,8eba825ce884a49e4966c41ab36352be7274684bf4d06bec9b94e1beae111c3e,0.9109361768,if6_consensus_when_public_priors_concordant_with_d4
aayl51,aayl51:0001501:47eab86451cb,47eab86451cb3af5a2189e4845658c7d27c87e5df26aef757ead7e921604a80e,0.3060893714,if6_consensus_when_public_priors_concordant_with_d4
aayl51,aayl51:0001502:0cd054740c4d,0cd054740c4d8aabaf1abb2b5e60bdeccd11516aa3dba5d925cd659769a1a8a1,0.5418692231,if6_consensus_when_public_priors_concordant_with_d4
aayl51,aayl51:0001503:63c07a0f17f5,63c07a0f17f57a861363b7d2622bcb4598dac614cea023ffa19c29f836e5e0d5,0.8183221817,if6_consensus_when_public_priors_concordant_with_d4
aayl51,aayl51:0001504:1379114d2e8f,1379114d2e8f15bb0573d3a2c0517ea674bae8d83f5311db80ac69f53826635f,0.1983483881,if6_consensus_when_public_priors_concordant_with_d4
aayl51,aayl51:0001505:3d90c5b66a4e,3d90c5b66a4ec429932ac196631d185155788db74e3021e943f489b6046aa4e2,0.3899822533,if6_consensus_when_public_priors_concordant_with_d4
aayl51,aayl51:0001506:b969097fe4e2,b969097fe4e26ddb2ddb50e84bef1d5f941d9a5a8e62cb390cb89a1e21e993d5,0.5643667579,if6_consensus_when_public_priors_concordant_with_d4
aayl51,aayl51:0001507:912a4cf333c0,912a4cf333c0f4f5123c820f127c5e48c21bdba2900ae2c3ae1a1245a7c7922f,0.8657096028,if6_consensus_when_public_priors_concordant_with_d4
aayl51,aayl51:0001508:c98dbd9024f2,c98dbd9024f2fa03ea140d141d1fa2a5981f478c497d7cda811856107dce9573,0.9452805519,if6_consensus_when_public_priors_concordant_with_d4
aayl51,aayl51:0001509:4b68c7b0b47c,4b68c7b0b47c4de4e0284f9285aede4e29317b98f8ed984f3195e90ca40ee204,0.4156054556,if6_consensus_when_public_priors_concordant_with_d4
aayl51,aayl51:0001510:d500c7e1d79b,d500c7e1d79b93b637e3760a8fad971a1acdc34dc50b4873367d8f696d3ece88,0.9016747475,if6_consensus_when_public_priors_concordant_with_d4
aayl51,aayl51:0001511:9fb634d63b40,9fb634d63b40ec7e383204ffba0226cc389fbfa8754d7810791669a2a761e7a3,0.9366365075,if6_consensus_when_public_priors_concordant_with_d4
aayl51,aayl51:0001512:175bdc427771,175bdc427771ec8af4f588f22bffc1b932f3782de2ed8f4c52bc96d40d9d4329,0.7577371597,if6_consensus_when_public_priors_concordant_with_d4
aayl51,aayl51:0001513:ed00dc11fc1e,ed00dc11fc1e208324bc7caa45dc5dab470630d1ec1d2b08220e19261becf3b8,0.6009106636,if6_consensus_when_public_priors_concordant_with_d4
aayl51,aayl51:0001514:fd7c56884e38,fd7c56884e387a31d791ab0fa73786413afd10d880f33d30b20254ec9f88bdec,0.6597205997,if6_consensus_when_public_priors_concordant_with_d4
aayl51,aayl51:0001515:11056ff00d07,11056ff00d0791cf0d31c95725cdd42906d289dc346397378384d1bf3735dc57,0.4595971406,if6_consensus_when_public_priors_concordant_with_d4
aayl51,aayl51:0001516:daf9f1e6072b,daf9f1e6072beb781ed183132f5906ad705b9696e99b241f0c4168e4077ed97f,0.7615188956,if6_consensus_when_public_priors_concordant_with_d4
aayl51,aayl51:0001517:d1c7231cc21a,d1c7231cc21a6bff94c410b55378e03afadbff48c9a035afcf6e73b50e87902b,0.2258238643,if6_consensus_when_public_priors_concordant_with_d4
aayl51,aayl51:0001518:60ac2aff5ff9,60ac2aff5ff9004eb8465d6102022187443aaeffcfbf1ba7ffeaeff1b6a9a78b,0.4366751611,if6_consensus_when_public_priors_concordant_with_d4
aayl51,aayl51:0001519:b764ba9123fd,b764ba9123fd6718d2033eafde677c6d06f4aabbd8d68c583b16c1bf483c0e3a,0.4472486079,if6_consensus_when_public_priors_concordant_with_d4
aayl51,aayl51:0001520:f252e2127597,f252e2127597e8d7ed77b891e6e007ebfcf4e99c38f72666d9cc91708435ec54,0.826194346,if6_consensus_when_public_priors_concordant_with_d4
aayl51,aayl51:0001521:2b2e84f51546,2b2e84f51546362e776b7b4ac0d7b80558e00959ed8aae4e92fa884b711e31c7,0.3387358189,if6_consensus_when_public_priors_concordant_with_d4
aayl51,aayl51:0001522:3514ca235e05,3514ca235e0507a6b3799a328ae5e1a1fec6c35bcc3a8b7000705ddc6aded316,0.5717372894,if6_consensus_when_public_priors_concordant_with_d4
aayl51,aayl51:0001523:fa7693cd17ec,fa7693cd17ec1711ad36a46a2e8b5e19e6af43c5b6d09d29f415aa3a399fc5c4,0.9546191096,if6_consensus_when_public_priors_concordant_with_d4
aayl51,aayl51:0001524:2ac342f24add,2ac342f24addcbd80eb333311f9053919ac13edcd59a73ad6296498b6750dc1d,0.8948830962,if6_consensus_when_public_priors_concordant_with_d4
aayl51,aayl51:0001525:9a41ce682f65,9a41ce682f6544cf5b8fce74db18787c1f06147a15f79ff3bf068777ac4e35df,0.9820945859,if6_consensus_when_public_priors_concordant_with_d4
aayl51,aayl51:0001526:1bd6efb2dd54,1bd6efb2dd543a4f12afb2741ab84d0725ac066f8e55232416fdea9f41eea27c,0.7712433338,if6_consensus_when_public_priors_concordant_with_d4
aayl51,aayl51:0001527:f198ad4920e6,f198ad4920e605b7b9e296e05f3dc5020e821a688d42d3e0c6692e40b61ea8c5,0.3367291987,if6_consensus_when_public_priors_concordant_with_d4
aayl51,aayl51:0001528:62061bf82f19,62061bf82f193dd17b9d24f57f4153d568d5795c3e47287693770c42de6965aa,0.5685729384,if6_consensus_when_public_priors_concordant_with_d4
aayl51,aayl51:0001529:e3c8a2e87912,e3c8a2e879122866cf0c317b91995cd41743a66f9e8bc6fa1b77214cff3fb3be,0.09639576823,if6_consensus_when_public_priors_concordant_with_d4
aayl51,aayl51:0001530:561839d7027f,561839d7027fd50c553f9858daa1da10ab88f85c0fcf4bb4b6919f2ebe99f696,0.1469475925,if6_consensus_when_public_priors_concordant_with_d4
aayl51,aayl51:0001531:65b8e8dd327d,65b8e8dd327d08c058d5f0d3b1b90d30b20c8fcfcc09249e98361e2273d016b5,0.2066064626,if6_consensus_when_public_priors_concordant_with_d4
aayl51,aayl51:0001532:7b2848ff7f4d,7b2848ff7f4d37b0b8ad2e08c85ffd827f0db69fa55b92540c552abce4121ba9,0.3014586866,if6_consensus_when_public_priors_concordant_with_d4
aayl51,aayl51:0001533:46f03b51e1a6,46f03b51e1a6454aec2ed9c6ff94e64b06d69d75dba6ce236fef64983c83fa69,0.6249902844,if6_consensus_when_public_priors_concordant_with_d4
aayl51,aayl51:0001534:908c386a44e2,908c386a44e2d60fed7219b62bbd3918596cb642e2fe1403c435bee99ef914dd,0.8225669265,if6_consensus_when_public_priors_concordant_with_d4
aayl51,aayl51:0001535:fa5eea8f9927,fa5eea8f9927e63e05bd84db06df67c9d89f4d9c49498cb3cba4d32060903ac9,0.5918036103,if6_consensus_when_public_priors_concordant_with_d4
aayl51,aayl51:0001536:a531ee274ef0,a531ee274ef032fff5bac499bd6e766b9ae8aa5b18a6628d6fbc4499a4ae823e,0.4145249426,if6_consensus_when_public_priors_concordant_with_d4
aayl51,aayl51:0001537:d4ee7f1d0ced,d4ee7f1d0cede0667d43ef724362c2c3121f5ee1204ffd3f0d2694839fc47ffc,0.6391139627,if6_consensus_when_public_priors_concordant_with_d4
aayl51,aayl51:0001538:839f4de628fe,839f4de628fefef3ce75f4a61cd259bfecdf83586c652d59bc408de567de9418,0.4441614449,if6_consensus_when_public_priors_concordant_with_d4
aayl51,aayl51:0001539:5fddb070a104,5fddb070a104e456de82308b4640fa1557704e63cc94cbc8a8d7430e696f3073,0.2137068659,if6_consensus_when_public_priors_concordant_with_d4
aayl51,aayl51:0001540:efff3c9cec33,efff3c9cec331e5a3413af7bebce7b69326fe0a6edecb38dd87a66dcf5b6a7ec,0.6873505116,if6_consensus_when_public_priors_concordant_with_d4
aayl51,aayl51:0001541:6b71ac0c3709,6b71ac0c3709b88933b9df193963ea5c87da71a47b846f42561d8e3aa083c735,0.5794937015,if6_consensus_when_public_priors_concordant_with_d4
aayl51,aayl51:0001542:e1e10838da2d,e1e10838da2d2ed3babfcf371757ba05588633da622f038d58996dc2fff08701,0.625993669,if6_consensus_when_public_priors_concordant_with_d4
aayl51,aayl51:0001543:f5c511aa3c00,f5c511aa3c00770708947797baa7ae43071d1d82be82af9a4d4a969d444e6bbd,0.6685189605,if6_consensus_when_public_priors_concordant_with_d4
aayl51,aayl51:0001544:40aa5a9c3209,40aa5a9c32099c63764c469de8d39a8d7e1316c51df2ee0c5842de0da1de3e75,0.5189473033,if6_consensus_when_public_priors_concordant_with_d4
aayl51,aayl51:0001545:f0eb92a6b353,f0eb92a6b3533c7ade5212d5d6b101695258d0ed4751b13830027fd048ab5f05,0.5228062272,if6_consensus_when_public_priors_concordant_with_d4
aayl51,aayl51:0001546:688d40d43d52,688d40d43d52af7b09a36b2b5ae61a8a79ddbbd5d0c854c7c0d19ece979f5d12,0.1690206081,if6_consensus_when_public_priors_concordant_with_d4
aayl51,aayl51:0001547:62251a29f40e,62251a29f40e9acbabd6bfb4af035c0efeec298043e1b3a89456ecdff9469308,0.0494713299,if6_consensus_when_public_priors_concordant_with_d4
aayl51,aayl51:0001548:9f10af4b1e45,9f10af4b1e4526b9dc04e4969bebfe9948018fb0611a112a0cf485b19f43fcea,0.6689047813,if6_consensus_when_public_priors_concordant_with_d4
aayl51,aayl51:0001549:13b29714a1c8,13b29714a1c8da3094c3a2f8ac4a1d659c152e614e2645bfb8aae03bbd53461a,0.7615188956,if6_consensus_when_public_priors_concordant_with_d4
aayl51,aayl51:0001550:8a7e678f1965,8a7e678f19655a51b313186678e0092367abd0e75e67277905b64ca7a2cf9132,0.1081268787,if6_consensus_when_public_priors_concordant_with_d4
aayl51,aayl51:0001551:01a787e67ea6,01a787e67ea689664f7b430d2b6add4cce289c0d4a3f6bf3a6febae06b084125,0.117156744,if6_consensus_when_public_priors_concordant_with_d4
aayl51,aayl51:0001552:6e92c6daaf6e,6e92c6daaf6e9fdf667645f4fffc38516c17be3ca516f1c4eabbe303bfd855a2,0.942656517,if6_consensus_when_public_priors_concordant_with_d4
aayl51,aayl51:0001553:938d433eb534,938d433eb53427cf4be23fad481239a3f4bd43695bc41df6d6106ae68e457ada,0.6881222725,if6_consensus_when_public_priors_concordant_with_d4
aayl51,aayl51:0001554:d4ae0c8976fc,d4ae0c8976fc199569c2f50e5423acdcdc1baa702030d6b84f05248c45066160,0.339739114,if6_consensus_when_public_priors_concordant_with_d4
aayl51,aayl51:0001555:573e9f08a801,573e9f08a80178c30a0f48499af980675ad2dd9747ba84b138a7630c02279618,0.3684494793,if6_consensus_when_public_priors_concordant_with_d4
aayl51,aayl51:0001556:dd7135ab673a,dd7135ab673ab1497af0ea66a7459b3d2f157e92c39994ab1003d17c6175647d,0.5942733288,if6_consensus_when_public_priors_concordant_with_d4
aayl51,aayl51:0001557:b42dcf5f456f,b42dcf5f456fcf5bff3ac87b168a20f91d7870e6a74f41cd844092cf5b03a8f2,0.9072316289,if6_consensus_when_public_priors_concordant_with_d4
aayl51,aayl51:0001558:398131798255,398131798255c91819978343ea5f4a0df5d32912f0bc777f24a07b341467a80e,0.4895809591,if6_consensus_when_public_priors_concordant_with_d4
aayl51,aayl51:0001559:664eec007b84,664eec007b84390eb5c9b8a3ed415fdb96d8fa305af33fcb41a42bd0ac172cfe,0.6872733235,if6_consensus_when_public_priors_concordant_with_d4
aayl51,aayl51:0001560:063fc599c406,063fc599c406152b2974c13cb348c7cc26c4587547ed864489474fc244c78857,0.6470633149,if6_consensus_when_public_priors_concordant_with_d4
aayl51,aayl51:0001561:1d879af6d6fd,1d879af6d6fdb78643207b5022b3a62d8f13141bd84f7517adcbd49803e0f94e,0.7248591781,if6_consensus_when_public_priors_concordant_with_d4
aayl51,aayl51:0001562:57c7880ba80f,57c7880ba80f4011cda01849c7700faa7ececde45838ded87b72f1447ffa4205,0.7796557546,if6_consensus_when_public_priors_concordant_with_d4
aayl51,aayl51:0001563:a49e9478d187,a49e9478d187a6663d762f8f87bafdda74759a9629c3beb317450cff23e5284b,0.8142316937,if6_consensus_when_public_priors_concordant_with_d4
aayl51,aayl51:0001564:fa8874d01bf8,fa8874d01bf8485bd77b6b7cde59c66003e26967fd093ffe8bb99c8daeef2bd0,0.7815852165,if6_consensus_when_public_priors_concordant_with_d4
aayl51,aayl51:0001565:561b47fe30b1,561b47fe30b1ba5f5c74a0d60a6561d3a1afa159ee81822156ef42fe9e0bc873,0.07154434174,if6_consensus_when_public_priors_concordant_with_d4
aayl51,aayl51:0001566:37e6501e9288,37e6501e928816f3db3bc412892b2c7f532e20196c81f9c8bccf65b0d5bcd773,0.2385583073,if6_consensus_when_public_priors_concordant_with_d4
aayl51,aayl51:0001567:73a6c32a3cd3,73a6c32a3cd326ae18739adc58f282c20b40c8bbb44a678706941353e0d1c414,0.7703943849,if6_consensus_when_public_priors_concordant_with_d4
aayl51,aayl51:0001568:642867680015,642867680015eca5ec8c28555939e2b0012fd003232854456346ef7d2306c5c2,0.5203365088,if6_consensus_when_public_priors_concordant_with_d4
aayl51,aayl51:0001569:65a40109010a,65a40109010ae927cc1852c364f34758b4843dae94661f2de593017d56420fef,0.5364667773,if6_consensus_when_public_priors_concordant_with_d4
aayl51,aayl51:0001570:12c62388de5f,12c62388de5f6e6b1085bad070c7e9268735124b3f38000c4d92212f1d189e3e,0.301613003,if6_consensus_when_public_priors_concordant_with_d4
aayl51,aayl51:0001571:62efbe188e08,62efbe188e08161927034613b71ae4792273febd768a7dcd82191a10d613fb7f,0.7944740653,if6_consensus_when_public_priors_concordant_with_d4
aayl51,aayl51:0001572:5b6cde1663b8,5b6cde1663b8f03828c342f216308ff06687ac4c149149f49fa6ebd74e851eef,0.6246816516,if6_consensus_when_public_priors_concordant_with_d4
aayl51,aayl51:0001573:1630a2e4e424,1630a2e4e424c46da91efefe492946c930f7b5406e709ca32effa814718d6a11,0.5585398078,if6_consensus_when_public_priors_concordant_with_d4
aayl51,aayl51:0001574:a01622b090de,a01622b090de847f3aca09304615f3d4f098016f216c41364684f90301fb6d88,0.7622134686,if6_consensus_when_public_priors_concordant_with_d4
aayl51,aayl51:0001575:ca53fc97c749,ca53fc97c7495a620608dac494f611d00263e610f7595fe7527bf98c27bfc4ce,0.5224974751,if6_consensus_when_public_priors_concordant_with_d4
aayl51,aayl51:0001576:6dc994360acc,6dc994360acc64773f8a6dfe48b917a4204cfb6f6a35799bc921939fa7e0d7f7,0.5380875468,if6_consensus_when_public_priors_concordant_with_d4
aayl51,aayl51:0001577:9707a734a730,9707a734a73077209793849d68c95784a496a717435a1fa4bbc5f02cc3e5ce9d,0.506521523,if6_consensus_when_public_priors_concordant_with_d4
aayl51,aayl51:0001578:63cf751f56c3,63cf751f56c31fe68e9dff18a7a3416b667784f0b8fd9dbbbe88793b64f57134,0.7959403992,if6_consensus_when_public_priors_concordant_with_d4
aayl51,aayl51:0001579:b09819670971,b09819670971d2146e54babec5be6032cb3b360c312cdc1c4dd11e007d44afda,0.4582079351,if6_consensus_when_public_priors_concordant_with_d4
aayl51,aayl51:0001580:752553ef59f2,752553ef59f27c4d54732554fa22af9ce17bf80e9905934cd342ec2188449099,0.1589874178,if6_consensus_when_public_priors_concordant_with_d4
aayl51,aayl51:0001581:2f416d258eb3,2f416d258eb3e2c747e9a1049e8fdffb14ccb047cec6fa1b8f23c7323d4b75d2,0.3884387016,if6_consensus_when_public_priors_concordant_with_d4
aayl51,aayl51:0001582:96bc3b2ab7d8,96bc3b2ab7d88d5728f0bd36445b7692b4c1903bb7f62ba8bf1094d5acf3583a,0.3927606642,if6_consensus_when_public_priors_concordant_with_d4
aayl51,aayl51:0001583:076fedeb1eaf,076fedeb1eaf0f8c7dcd33802d2f0f2da6268fa912b46e7efca5776364e256b9,0.1356795579,if6_consensus_when_public_priors_concordant_with_d4
aayl51,aayl51:0001584:f2c0be1e603e,f2c0be1e603e97abecff782a3b2d4086815486a2d091dde4d5b91cde88e6f4c3,0.4996526539,if6_consensus_when_public_priors_concordant_with_d4
aayl51,aayl51:0001585:67f0f8668583,67f0f866858363fc3541a424254d5d22e9ff762e55d438e7b2acfdb8b00d3f2a,0.2586247027,if6_consensus_when_public_priors_concordant_with_d4
aayl51,aayl51:0001586:4a796ede3cbc,4a796ede3cbc71426b873113b4438fbb1c7fb9e7d9138ef42b94f625e640fd34,0.3270047009,if6_consensus_when_public_priors_concordant_with_d4
aayl51,aayl51:0001587:d2c427fc39a3,d2c427fc39a35a13703f1d62d7d706b4b1a3516e24121a89499a5349589069f6,0.3270818889,if6_consensus_when_public_priors_concordant_with_d4
aayl51,aayl51:0001588:5210e0289d47,5210e0289d4736850c7512127e3db78dd73a2658b7317e309895752c7b8ec899,0.5000385642,if6_consensus_when_public_priors_concordant_with_d4
aayl51,aayl51:0001589:fbeca2a53da4,fbeca2a53da4b519a1675eb0eb640321a67ea0090c7c82a6c40bdecadcb9cc4e,0.3581847847,if6_consensus_when_public_priors_concordant_with_d4
aayl51,aayl51:0001590:1c451a9ef179,1c451a9ef179d1c67a97c3ac33d63d51355cf8ab11ca69cd9173e64ff0d3f28a,0.150343433,if6_consensus_when_public_priors_concordant_with_d4
aayl51,aayl51:0001591:ec64502f9314,ec64502f9314eccd17038d6d91b9e8243dda17f251bae02504ab668fe93c1ecb,0.7726325989,if6_consensus_when_public_priors_concordant_with_d4
aayl51,aayl51:0001592:6c9659313ca2,6c9659313ca2ea7f3b96bd22915572374ecba2c5bf363e932036077034457594,0.2044454813,if6_consensus_when_public_priors_concordant_with_d4
aayl51,aayl51:0001593:a16764de2c4e,a16764de2c4e6235d361c910402062c5923d139c8a1edd6442e9865e407af24c,0.1786679029,if6_consensus_when_public_priors_concordant_with_d4
aayl51,aayl51:0001594:d24c82e4f0e2,d24c82e4f0e24af4b76281065406574ab2cf637e937fd8e12125e99c4743eebb,0.3299374878,if6_consensus_when_public_priors_concordant_with_d4
aayl51,aayl51:0001595:2b4d6463a199,2b4d6463a1993f6f4cd15075f355e3f8058a9c6f96aa029310c83ae98044820e,0.08736590296,if6_consensus_when_public_priors_concordant_with_d4
aayl51,aayl51:0001596:acb60871ab05,acb60871ab0523d08c23b3cf689a7f25961bb171629393bf54b0c39327f40d1d,0.2201898694,if6_consensus_when_public_priors_concordant_with_d4
aayl51,aayl51:0001597:8406575baa9d,8406575baa9d6208bc241dcb1ca52d20bf2f9967011d153f48c01500286c2e06,0.7382882237,if6_consensus_when_public_priors_concordant_with_d4
aayl51,aayl51:0001598:0a153f0f2891,0a153f0f289127708d2cfa78714db852533994f98cee2062b7f977fe3e7f9e7a,0.5082194805,if6_consensus_when_public_priors_concordant_with_d4
aayl51,aayl51:0001599:dc14934c40ee,dc14934c40ee7432219d2ef69fcba1e5d7429c4bc43a0d138bed639faa912b91,0.109901987,if6_consensus_when_public_priors_concordant_with_d4
aayl51,aayl51:0001600:892b9a203113,892b9a20311383ae974bbc4b20eec08abeb2835fd58b9baa1393d263c2f43f34,0.2959789932,if6_consensus_when_public_priors_concordant_with_d4
aayl51,aayl51:0001601:5f81752bd1ca,5f81752bd1cac3061d78fa56b66d1d36a7c644895a009d6d85c4f340b6d32a75,0.5699622035,if6_consensus_when_public_priors_concordant_with_d4
aayl51,aayl51:0001602:9aea022268fe,9aea022268feec00ea948b5b827942d92d001879a2ff03d60682611de8137dc4,0.499961406,if6_consensus_when_public_priors_concordant_with_d4
aayl51,aayl51:0001603:6a1a8aeb3b29,6a1a8aeb3b29423ad59705b9c9514e0c346d16bca38a9ace759f40d23d033d85,0.4926294386,if6_consensus_when_public_priors_concordant_with_d4
aayl51,aayl51:0001604:3fe82928a8ea,3fe82928a8ea120f2135d78a2b318ae234167477dc3b6bc418d74cf549a9b3af,0.2495948225,if6_consensus_when_public_priors_concordant_with_d4
aayl51,aayl51:0001605:ebb5b33a72ba,ebb5b33a72ba262194fddcbdee245d431ba9a8d1feb656a7cc3658ffa0076bdc,0.3517017663,if6_consensus_when_public_priors_concordant_with_d4
aayl51,aayl51:0001606:3e02cb544d25,3e02cb544d2552ddf5da7eb9770b89e84a8bf619bed9f2178b8a3e26b5a3b036,0.5800725818,if6_consensus_when_public_priors_concordant_with_d4
aayl51,aayl51:0001607:d189eda3f2a3,d189eda3f2a31f9aa5941a68e7ab17df08ee55a214f1941705dfc7aa01ffcf66,0.2904221714,if6_consensus_when_public_priors_concordant_with_d4
aayl51,aayl51:0001608:de45c36562ce,de45c36562ce85028dc61e43a41a765c35a740b45faababd4aefc759ea738848,0.4727946222,if6_consensus_when_public_priors_concordant_with_d4
aayl51,aayl51:0001609:96103b3d96ac,96103b3d96aced28be2af865f97d1e894d509a835e5290dcc55ff8fe3f718156,0.4712511003,if6_consensus_when_public_priors_concordant_with_d4
aayl51,aayl51:0001610:e4d8f3d43f72,e4d8f3d43f724a7d40b4632f41501830061ac5f798d944fe5d52ce36458b8346,0.5543721318,if6_consensus_when_public_priors_concordant_with_d4
aayl51,aayl51:0001611:8927ef0e13f6,8927ef0e13f6663f0f36676523486a4376f5b3643051cae4b2f4d9e9d7ae65c4,0.3307092488,if6_consensus_when_public_priors_concordant_with_d4
aayl51,aayl51:0001612:9685773adf22,9685773adf2250c75fe82d7555b0c82242c343fdb32fc89e3843d154765917c3,0.1785135418,if6_consensus_when_public_priors_concordant_with_d4
aayl51,aayl51:0001613:f17e263a74b4,f17e263a74b481439e868b733e9fafe13dc1e14f17f53b4d7ef21f757a7efe64,0.6111754179,if6_consensus_when_public_priors_concordant_with_d4
aayl51,aayl51:0001614:15457f9d4974,15457f9d497413e3e32c92a4f75410da71be84bd7ece40f7bc37f0596b79508b,0.6664351821,if6_consensus_when_public_priors_concordant_with_d4
aayl51,aayl51:0001615:e813438477a3,e813438477a3534467251add6dc9b78b701fc6f06f639421341ac6e23d1f79c3,0.7693910599,if6_consensus_when_public_priors_concordant_with_d4
aayl51,aayl51:0001616:59d91a7e34cd,59d91a7e34cd50c79d1bf61417127c2ac96ebda61c1b36729bd0622f747b3689,0.3679092228,if6_consensus_when_public_priors_concordant_with_d4
aayl51,aayl51:0001617:77955d3d0471,77955d3d0471064376830404bba17c7168ed56210d235f991cb72482f3d90e73,0.7795786262,if6_consensus_when_public_priors_concordant_with_d4
aayl51,aayl51:0001618:b633953bf567,b633953bf5678ac2576fab89349ee2185659c5720bb258b31540e6035d882e2c,0.782202661,if6_consensus_when_public_priors_concordant_with_d4
aayl51,aayl51:0001619:43012438f3a1,43012438f3a12a5b588fe08c2216d040f0cef004d089efabd97ba120ae839843,0.5319904685,if6_consensus_when_public_priors_concordant_with_d4
aayl51,aayl51:0001620:d09ca1cc0a2a,d09ca1cc0a2a8775a9223111abe872dbce484353a55ba6fc9613b1a57a33f578,0.5776028633,if6_consensus_when_public_priors_concordant_with_d4
aayl51,aayl51:0001621:2af819403476,2af819403476767ce1a1a9d1b6eb20b9e2f7721ac78580bb81aad35334fd5163,0.3911398947,if6_consensus_when_public_priors_concordant_with_d4
aayl51,aayl51:0001622:5a15dbd03eff,5a15dbd03effb987c9fa0e6cbe8e7e185cf1829ee3ea2b5f8135664c47fbaa82,0.2337732464,if6_consensus_when_public_priors_concordant_with_d4
aayl51,aayl51:0001623:0490e0db3702,0490e0db3702b3ef11339b0e7a53d80d020a5df39e23138d9609db10b64d8fb0,0.703943789,if6_consensus_when_public_priors_concordant_with_d4
aayl51,aayl51:0001624:b7b83c952e20,b7b83c952e2065f30e86630e42d12d73a380c616da272bc9a16a86b4df572644,0.8212549686,if6_consensus_when_public_priors_concordant_with_d4
aayl51,aayl51:0001625:7a00bec353c4,7a00bec353c4f0f7daca6bd24c1e0c76e6184689422a0eca6a7d18af55ad38c5,0.527359724,if6_consensus_when_public_priors_concordant_with_d4
aayl51,aayl51:0001626:868c10a5627f,868c10a5627f334381cfbf9805c5bfb3d5710093470ff2322ffd6fe5d150a991,0.419927448,if6_consensus_when_public_priors_concordant_with_d4
aayl51,aayl51:0001627:4e72dbf79546,4e72dbf79546a4f1b53c440bba2a408cc9b98ab1deb2a9dc2b054cf6d87fb9ef,0.4293432236,if6_consensus_when_public_priors_concordant_with_d4
aayl51,aayl51:0001628:61db2fbd4092,61db2fbd4092d0e5a7fc60bd32a9496315c0874245edf4f503c1f8dfafd091ff,0.3358801901,if6_consensus_when_public_priors_concordant_with_d4
aayl51,aayl51:0001629:dbeb69056300,dbeb6905630045b3702a0e3593d8ac6bd631887288a609ecfbe5ce9ef778cbd9,0.3063980639,if6_consensus_when_public_priors_concordant_with_d4
aayl51,aayl51:0001630:839027a0f6e9,839027a0f6e9109a39573930b96cfe98d487d7cd96cbac49932dd8241189f5fe,0.7938566208,if6_consensus_when_public_priors_concordant_with_d4
aayl51,aayl51:0001631:f13e3f296b4b,f13e3f296b4bd9e928dba111fd78f37aa6074a93c7b2943f3f5c7cb04fca07ec,0.3162769079,if6_consensus_when_public_priors_concordant_with_d4
aayl51,aayl51:0001632:6a850c555dd7,6a850c555dd7abaa3559dd1f00d4e349fefe770fd071000d66e9262742493a22,0.6311646104,if6_consensus_when_public_priors_concordant_with_d4
aayl51,aayl51:0001633:51ec23a1278a,51ec23a1278ae5f760b60512a76b1c4582046a03b4cd6290a028d899e6db8088,0.8808366656,if6_consensus_when_public_priors_concordant_with_d4
aayl51,aayl51:0001634:30875a5937a1,30875a5937a185d45d77d16c9e4dd10b056391a1c433b6e1266eac8f981182e2,0.5467315316,if6_consensus_when_public_priors_concordant_with_d4
aayl51,aayl51:0001635:3e2d14cbeb64,3e2d14cbeb641c3a3c0c3a1133a8b0a501f2d8a8bfd02b0f6e45038da252f4bf,0.2061433941,if6_consensus_when_public_priors_concordant_with_d4
aayl51,aayl51:0001636:e37ac98fd604,e37ac98fd604154239120ef08361a62cf4440ccb34ea711c4cbe11deb87df0a5,0.4413830042,if6_consensus_when_public_priors_concordant_with_d4
aayl51,aayl51:0001637:c0dddf63fc53,c0dddf63fc5394bd81fdfdcbc318b54f5b7289be3a95f27f5d2bfd027198ee8c,0.6435903311,if6_consensus_when_public_priors_concordant_with_d4
aayl51,aayl51:0001638:3bac1d690cc8,3bac1d690cc821797af894394249e9232f67dc2caf7e825b7f76993afa01ddb6,0.3798718452,if6_consensus_when_public_priors_concordant_with_d4
aayl51,aayl51:0001639:8c7e3ab588ae,8c7e3ab588ae131c65b04fb7b0cfa268c5cb57379e2faad10c8b380d389b7f20,0.3949988186,if6_consensus_when_public_priors_concordant_with_d4
aayl51,aayl51:0001640:e0e03aa7fb8c,e0e03aa7fb8c5ec0f3001172caaca0c16e72624db5b2f270f6ab2e1a14089845,0.2663039267,if6_consensus_when_public_priors_concordant_with_d4
aayl51,aayl51:0001641:9f1c1350c0ae,9f1c1350c0aea1ace555ae883d5ba21a377489b929c0d17baa33f66d776310f6,0.5470402241,if6_consensus_when_public_priors_concordant_with_d4
aayl51,aayl51:0001642:c38657c77395,c38657c77395ae30ef77549ecdd173b3cac52f4f2610f9aa4e340721680a5a39,0.927066505,if6_consensus_when_public_priors_concordant_with_d4
aayl51,aayl51:0001643:14b35b4e61b0,14b35b4e61b0238580a628ec0755b1ecec0428d11f4410787b4f2c2fd872638c,0.4925522804,if6_consensus_when_public_priors_concordant_with_d4
aayl51,aayl51:0001644:364052cf1976,364052cf1976f7f53e78e4c9b4f6dfa988710a4b0b1c79bb78febd54454ddc4e,0.6980782151,if6_consensus_when_public_priors_concordant_with_d4
aayl51,aayl51:0001645:f4fec01fb880,f4fec01fb8805935d627c88fb4e1057157fdf776e5b930fa28b5399a6b2d9889,0.6158061028,if6_consensus_when_public_priors_concordant_with_d4
aayl51,aayl51:0001646:47ee4c0fecbc,47ee4c0fecbc07e7337fc5e7a9de006a31b28a7f3cfa4d6f367c0b6ee2cd3263,0.5247356296,if6_consensus_when_public_priors_concordant_with_d4
aayl51,aayl51:0001647:fa0f041d106a,fa0f041d106a59405d9935baa8d65e3cfa6f38fb04cff3a7d388685aacfc0ddc,0.3770163059,if6_consensus_when_public_priors_concordant_with_d4
aayl51,aayl51:0001648:3efd7546254c,3efd7546254c4c47b705ce239a7bb77ad054697d69ea4037881ce9822601dcc7,0.1325924248,if6_consensus_when_public_priors_concordant_with_d4
aayl51,aayl51:0001649:5d47432f20c9,5d47432f20c957c273733c83f95688da02c0edcfca10ce1ccb851126dcbe0f76,0.2671914995,if6_consensus_when_public_priors_concordant_with_d4
aayl51,aayl51:0001650:62e4055f49d6,62e4055f49d6acb31185caadaf89e980d144ea7912326f01380ac049638f97ee,0.1414679438,if6_consensus_when_public_priors_concordant_with_d4
aayl51,aayl51:0001651:fbce34c8620d,fbce34c8620da7469a5e2b95623ab793d25f3507d715b7a8d4470f39eb9fbb1e,0.3469167054,if6_consensus_when_public_priors_concordant_with_d4
aayl51,aayl51:0001652:9224d753e060,9224d753e060454333abdaaebe05db8184ab0b8b3d641a8e5626bbf77e76c3a7,0.8053562045,if6_consensus_when_public_priors_concordant_with_d4
aayl51,aayl51:0001653:c18748901c63,c18748901c63b567e515bd02b0df0c03d2901abd9a971fdfe37d336d1122066a,0.3085590899,if6_consensus_when_public_priors_concordant_with_d4
aayl51,aayl51:0001654:3741758a8a72,3741758a8a724d4436a08f4a6b05872e10cd46680c7067edaf5a912ee983a27b,0.3297831118,if6_consensus_when_public_priors_concordant_with_d4
aayl51,aayl51:0001655:0912896c4897,0912896c4897ccc4e1fa6144b30dd1cfc7dd045edab03326c5f3446f6d1afd87,0.2959789932,if6_consensus_when_public_priors_concordant_with_d4
aayl51,aayl51:0001656:f7b2cd023d8d,f7b2cd023d8d69a089677575462e362921da742991af9baa9b79f70b4cd910a3,0.49980703,if6_consensus_when_public_priors_concordant_with_d4
aayl51,aayl51:0001657:e89cd04fb8c2,e89cd04fb8c21068ba1a770704e86ab0b61fb84afa2967b377ea309fedf6878b,0.228525117,if6_consensus_when_public_priors_concordant_with_d4
aayl51,aayl51:0001658:c5123165a30d,c5123165a30d70aa9dc4b2e0d351e83d5a348aab9862b2555320e2b90def2d5e,0.1116770878,if6_consensus_when_public_priors_concordant_with_d4
aayl51,aayl51:0001659:b3b23ef2a00f,b3b23ef2a00fa2de73aa6103f54b9aa2ac93e380b3f056fc0389b83f1fccffc1,0.7885313034,if6_consensus_when_public_priors_concordant_with_d4
aayl51,aayl51:0001660:93229bbd2a81,93229bbd2a8177e1b6ea852ad4bf293a2017fd2351f3ae051841c41bdf0f251f,0.705178678,if6_consensus_when_public_priors_concordant_with_d4
aayl51,aayl51:0001661:fe2405017928,fe2405017928d163e45924ff39ae480a9c4cda1bdf42ecbf5be44d0d40b7e1b3,0.6715288758,if6_consensus_when_public_priors_concordant_with_d4
aayl51,aayl51:0001662:529e5f48c475,529e5f48c47590d8e497605e42a0743a65095ad3d91a8874b74fa7a6d42745dc,0.5373542905,if6_consensus_when_public_priors_concordant_with_d4
aayl51,aayl51:0001663:2321666ca01d,2321666ca01d0b3807ec47bdfa24109e014c5d835fb9d7b60dea138a927420f3,0.865246594,if6_consensus_when_public_priors_concordant_with_d4
aayl51,aayl51:0001664:07d1b00ba1b5,07d1b00ba1b5e9321c246a9d301d6a2886d134dc73611f6670f3587e2929c8c1,0.6944508553,if6_consensus_when_public_priors_concordant_with_d4
aayl51,aayl51:0001665:a7b6674a0b34,a7b6674a0b34df98cf4eb3111644b16e89c0e8c18b2b8295ec3ed5ed39afdb06,0.7504823804,if6_consensus_when_public_priors_concordant_with_d4
aayl51,aayl51:0001666:de57ea677b5f,de57ea677b5f9e863e0e9ab299c8b7019b6f69518888a075a93b427d3f0aa087,0.7867562175,if6_consensus_when_public_priors_concordant_with_d4
aayl51,aayl51:0001667:2f8bc8b49b0a,2f8bc8b49b0a9d1e4d0f05061725887cb2e4ae9d094b85240fd36cd45596a476,0.6568650603,if6_consensus_when_public_priors_concordant_with_d4
aayl51,aayl51:0001668:385ece2ac605,385ece2ac60509fe9be68334914cbe7fc722a993e0e69512ae313d235a4fede4,0.1901674867,if6_consensus_when_public_priors_concordant_with_d4
aayl51,aayl51:0001669:1cb5ec0e879b,1cb5ec0e879badd48100cd33949aaeaba1b8b2f3185988d80fdc25ee7b4339cf,0.3892104626,if6_consensus_when_public_priors_concordant_with_d4
aayl51,aayl51:0001670:774eef2698ce,774eef2698cebcfbdf673357e27d840e83c3d52f2d2e16ad543b6ccdb5df8964,0.4637647569,if6_consensus_when_public_priors_concordant_with_d4
aayl51,aayl51:0001671:aa1a7d808672,aa1a7d808672dabf3ddf8efba70aacb9d49d6aebcf3a732f0be12bf4f6d349f4,0.5850119591,if6_consensus_when_public_priors_concordant_with_d4
aayl51,aayl51:0001672:fc1fa2914d71,fc1fa2914d71c8813b5f4df6f66a6bc219859514829c4379db39fd0d1437f9f4,0.6193563342,if6_consensus_when_public_priors_concordant_with_d4
aayl51,aayl51:0001673:1783dc316f97,1783dc316f974265bb942c1a16132e38639df557b900cb6f3945f4bbf02679e4,0.5830824971,if6_consensus_when_public_priors_concordant_with_d4
aayl51,aayl51:0001674:ae73fd5609df,ae73fd5609df8d1ed1de42f45fe203c21bd020f68142777a67a4b9fb2054f24f,0.2358570546,if6_consensus_when_public_priors_concordant_with_d4
aayl51,aayl51:0001675:31c178a7e68e,31c178a7e68e8efe8df068f5622a3dcedf45a8a427ca222aee9fcacf178491cd,0.3699930608,if6_consensus_when_public_priors_concordant_with_d4
aayl51,aayl51:0001676:77cdc0837f8c,77cdc0837f8c79be5f714ee0d8fd0c0ca3a6457a3c02631a0a31a8a708cb0ab8,0.247974053,if6_consensus_when_public_priors_concordant_with_d4
aayl51,aayl51:0001677:12350f028853,12350f02885308ba7a5f4c3e558997f496b1cca7a9fa434fa6fd438f6e0d54b7,0.5969746709,if6_consensus_when_public_priors_concordant_with_d4
aayl51,aayl51:0001678:6aee743f15f6,6aee743f15f641f98149dfc2b8869005d35d37b1b6b1b829085d951c9cfbfc7b,0.3597283363,if6_consensus_when_public_priors_concordant_with_d4
aayl51,aayl51:0001679:24d36cd34eac,24d36cd34eac32f03449b4d57fd8ea847daa7050f9834b12128dc36f65bf3000,0.8530523777,if6_consensus_when_public_priors_concordant_with_d4
aayl51,aayl51:0001680:e6b0a9fbb766,e6b0a9fbb766f9cdd9a52ef5ab47d7b88bb06723ae91b4b73d56dc7a1ca7dbd1,0.4638419151,if6_consensus_when_public_priors_concordant_with_d4
aayl51,aayl51:0001681:4bbaad51bd40,4bbaad51bd402b54870d0beaa69e21710507449ac626da44ad22057fcd0275b4,0.4237091839,if6_consensus_when_public_priors_concordant_with_d4
aayl51,aayl51:0001682:f34329240a19,f34329240a19cc89126d3cf8e8bfc64239deb06e32875a654c26a8aceb25a8ae,0.2509840429,if6_consensus_when_public_priors_concordant_with_d4
aayl51,aayl51:0001683:ca1e908a9275,ca1e908a927554d477311a44e14313d10e42118d0b7e15d55f6977da88820b50,0.0713128075,if6_consensus_when_public_priors_concordant_with_d4
aayl51,aayl51:0001684:02ab2228e38a,02ab2228e38a4d4a9f01c3bd9dc2dbb55a72eb782968bfecdd5b3f31280c0df8,0.7346608043,if6_consensus_when_public_priors_concordant_with_d4
aayl51,aayl51:0001685:57297eebe8f3,57297eebe8f369dc448063dc42e6acd67e8df5bc4ff16143ac6a5b83c5e3f8c2,0.7226210237,if6_consensus_when_public_priors_concordant_with_d4
aayl51,aayl51:0001686:69ec8fccafe5,69ec8fccafe54da3c442a392acad3a2c803a3bc19a7f2f910d5c1a1e5acbb81b,0.3313266933,if6_consensus_when_public_priors_concordant_with_d4
aayl51,aayl51:0001687:af819ac7e1a0,af819ac7e1a0ab074d6368afc14dfed3c394883c224554d33a1f13d80563d1fe,0.03565640375,if6_consensus_when_public_priors_concordant_with_d4
aayl51,aayl51:0001688:33a76594cdf1,33a76594cdf1f213ff4049b0ea0e23ba1f7dda738df7169776379f9989aa6692,0.06104807928,if6_consensus_when_public_priors_concordant_with_d4
aayl51,aayl51:0001689:025108bd5398,025108bd5398387874a55bd58cfc9e0bd8a8251c13979e67465cc4a45b44aef7,0.08628541231,if6_consensus_when_public_priors_concordant_with_d4
aayl51,aayl51:0001690:ea02173a36c1,ea02173a36c10d784c933020659d47d5305e70edf297406aaf35c202d487b967,0.07362815738,if6_consensus_when_public_priors_concordant_with_d4
aayl51,aayl51:0001691:c9a00eb6743f,c9a00eb6743f4d481b7477a418340dca50f8248bd0088155bd08e07ee03f38dd,0.1223276928,if6_consensus_when_public_priors_concordant_with_d4
aayl51,aayl51:0001692:3837472c4736,3837472c473666c99c8a0ba0c95ab945427cebf7b6d3f99aa92f867b0a6e7e23,0.1105194092,if6_consensus_when_public_priors_concordant_with_d4
aayl51,aayl51:0001693:0e3def5c8df5,0e3def5c8df5bbe3a2ca1f5fa364b229832111c3b8d86ab57e83fae1865e4678,0.668982029,if6_consensus_when_public_priors_concordant_with_d4
aayl51,aayl51:0001694:4bd4080d2682,4bd4080d268294c3c7c8fac5c0e81d88bca97d95c47da2626b96e0525b75ffc4,0.4242494106,if6_consensus_when_public_priors_concordant_with_d4
aayl51,aayl51:0001695:8672cb3a256f,8672cb3a256fa8facfd6bb252aae0a5c6d356cde83b208d060fadfa9f8e1a292,0.3351084292,if6_consensus_when_public_priors_concordant_with_d4
aayl51,aayl51:0001696:18d562eccd80,18d562eccd805e1876ab311a231f2d0084bb5648947bd81507249039eefbd73c,0.4923979342,if6_consensus_when_public_priors_concordant_with_d4
aayl51,aayl51:0001697:dbef833e9875,dbef833e98759e4527db30a0bcccc21c0ced22f15f4dcca50c6bd3ca192baea1,0.05888709053,if6_consensus_when_public_priors_concordant_with_d4
aayl51,aayl51:0001698:16a5e8a32e47,16a5e8a32e47b5f60b49be2b96f5ef2f4b94b6564b5e5aefc887bcb2756f4ecd,0.2705873251,if6_consensus_when_public_priors_concordant_with_d4
aayl51,aayl51:0001699:40cfa2ce68ba,40cfa2ce68ba7963b82f0153580d08b8f769423e1c401cda0b34579d0c2751d8,0.3283939064,if6_consensus_when_public_priors_concordant_with_d4
aayl51,aayl51:0001700:29f70af90ff1,29f70af90ff1285b85fbfc21c3b9d827dab2bab21e13173fc3c0f73dd77908a2,0.8061280251,if6_consensus_when_public_priors_concordant_with_d4
aayl51,aayl51:0001701:b8edd5d297b5,b8edd5d297b5ae925be81e6cf2467b68424828fd6bf5d3351c9e7e7a1a6d7511,0.6682102084,if6_consensus_when_public_priors_concordant_with_d4
aayl51,aayl51:0001702:b4c9170dec26,b4c9170dec26d7a672f8b05044cd924f7b9fcea87fc10e747c54d795cc3ded61,0.6715288758,if6_consensus_when_public_priors_concordant_with_d4
aayl51,aayl51:0001703:cfe44d55451b,cfe44d55451b65e0440229012f2f5fc37e1b8677a77e3d42cd1fcb91012e3b09,0.3780196011,if6_consensus_when_public_priors_concordant_with_d4
aayl51,aayl51:0001704:cebd852f52e3,cebd852f52e331941d7ad081a9101792e4f30d4ea417dfbf4905adec7417a034,0.4330477715,if6_consensus_when_public_priors_concordant_with_d4
aayl51,aayl51:0001705:53985d776755,53985d77675588d0b104eb49f65cd96b27c65aaf7c4275d1a2b0aaed5feebb43,0.1132206544,if6_consensus_when_public_priors_concordant_with_d4
aayl51,aayl51:0001706:ff9a5fc1efd6,ff9a5fc1efd610d8cbc2c0f10210c7c096ece517156f630dc6c3bd3925f11d19,0.284247905,if6_consensus_when_public_priors_concordant_with_d4
aayl51,aayl51:0001707:6bc9a1da03ca,6bc9a1da03ca645ec0b08a23e04c9dd60ea61f894017e3960324c316feb6a4be,0.3913714588,if6_consensus_when_public_priors_concordant_with_d4
aayl51,aayl51:0001708:abdcbeefa2d3,abdcbeefa2d35c5460aa826fe742558501b5514ca74b3b18adf95c7e2036e7c9,0.3162769079,if6_consensus_when_public_priors_concordant_with_d4
aayl51,aayl51:0001709:851c5286501c,851c5286501c7628eec706b201b97df48f8bea695f07d8b168a1fe46c204b193,0.03704561293,if6_consensus_when_public_priors_concordant_with_d4
aayl51,aayl51:0001710:d50689f6f442,d50689f6f442f702607a9b1ebf724a1924b7ad0a1a45cbeeed25e33a585b1d44,0.8867793083,if6_consensus_when_public_priors_concordant_with_d4
aayl51,aayl51:0001711:0198de0b713f,0198de0b713fff9c972a49d595066dd8072c1c454ed3a0842a3455c01bf5610d,0.8012657166,if6_consensus_when_public_priors_concordant_with_d4
aayl51,aayl51:0001712:81e1896b7002,81e1896b70023f4965e5ba0bd00f35327d7e92b5edbadfd3a507b321a5fe24f9,0.4924751222,if6_consensus_when_public_priors_concordant_with_d4
aayl51,aayl51:0001713:3242dda23866,3242dda238665e1195530e74899168b03b62da9ba0ed03620a1fcd6de42d2580,0.1254148334,if6_consensus_when_public_priors_concordant_with_d4
aayl51,aayl51:0001714:7218632becc5,7218632becc5b37deaa00edfe02d06ae4e5b4d60a85816a621468c9c5f00ef56,0.3626611233,if6_consensus_when_public_priors_concordant_with_d4
aayl51,aayl51:0001715:1d8a18b5fc11,1d8a18b5fc118f08ac7ec0e97193f27db42e2df97ef59c89063663f42337388e,0.2114686966,if6_consensus_when_public_priors_concordant_with_d4
aayl51,aayl51:0001716:1e0e894d5030,1e0e894d50307921470ef86abb698c7bb2eb4eeee63f1c634ddf9d84b86718a7,0.413135767,if6_consensus_when_public_priors_concordant_with_d4
aayl51,aayl51:0001717:8c3229e81875,8c3229e81875c89d7b21038b816219a96a7f62dd3d851eec0996c720705d7581,0.9428108335,if6_consensus_when_public_priors_concordant_with_d4
aayl51,aayl51:0001718:b26554bc3e5e,b26554bc3e5e3bd67753168d0a99ce235e712c9cb61c9f259b081f6f55b17ef4,0.9567029476,if6_consensus_when_public_priors_concordant_with_d4
aayl51,aayl51:0001719:4110e40ea423,4110e40ea4237393e31c2a5a035a6f7cbf8c45ebbc08cf0a32aacf19fbad59e2,0.3291657269,if6_consensus_when_public_priors_concordant_with_d4
aayl51,aayl51:0001720:b08d0f2a09f9,b08d0f2a09f9e1343c44b81c389f005d0aaa0c7d05484401dfaaae45f81b8be0,0.845952034,if6_consensus_when_public_priors_concordant_with_d4
aayl51,aayl51:0001721:1f4cb241778c,1f4cb241778c2ddbdfe6a781b00a684356e9c15e97413b872cd80a30ae7f6437,0.1176198199,if6_consensus_when_public_priors_concordant_with_d4
aayl51,aayl51:0001722:5f13f4384e02,5f13f4384e02ba81c2dc0051b6e865f3298ac93bb7df6d1ace56ea90bb616800,0.09153353423,if6_consensus_when_public_priors_concordant_with_d4
aayl51,aayl51:0001723:ade0b1ce151d,ade0b1ce151d9ef4b303fb8359036d09b0179150b43236023f11cdbade308a5d,0.1408504993,if6_consensus_when_public_priors_concordant_with_d4
aayl51,aayl51:0001724:9fb70c1c024e,9fb70c1c024e78c52a2b5822ac67d77e075ee5e2de86b19240b0af6fda43043c,0.5214941502,if6_consensus_when_public_priors_concordant_with_d4
aayl51,aayl51:0001725:c10e06bd5c9c,c10e06bd5c9cba8d3350533ea837efe6f396410865847d54002c53c8bf58ba02,0.2572354674,if6_consensus_when_public_priors_concordant_with_d4
aayl51,aayl51:0001726:2c2f9bd1ee46,2c2f9bd1ee46ad71e544d7d94c4e67f6a990859f42faf4219b9e3d3ec3803923,0.3488461971,if6_consensus_when_public_priors_concordant_with_d4
aayl51,aayl51:0001727:aaabb98df537,aaabb98df53771a1661bbc13f335f7c99f4209dd9ea987f0eeccaaaffa85544a,0.4402253628,if6_consensus_when_public_priors_concordant_with_d4
aayl51,aayl51:0001728:b689ef94a4ee,b689ef94a4eed84eba275ad7e7af54936af267365946affc626f0b57948ff751,0.509685874,if6_consensus_when_public_priors_concordant_with_d4
aayl51,aayl51:0001729:b6ab4f5d71b4,b6ab4f5d71b43485ca7515a003f8c0a89a8b8e617bab6c7b25907c50f61b73b8,0.2456587106,if6_consensus_when_public_priors_concordant_with_d4
aayl51,aayl51:0001730:c2762175557b,c2762175557b098ac3db0ec79158c2a35bb24b190de83fb01986a2792daf01cb,0.5650227666,if6_consensus_when_public_priors_concordant_with_d4
aayl51,aayl51:0001731:5393ea3feab0,5393ea3feab0cb684f73fc78083a2487de52ecf1ecac7e1c47be565d500069f0,0.5326850414,if6_consensus_when_public_priors_concordant_with_d4
aayl51,aayl51:0001732:d268583d49c9,d268583d49c9f75c9f9f8cca6517b0a3feafe4fe288374d5fbe90ecc2f0a65fa,0.0494713299,if6_consensus_when_public_priors_concordant_with_d4
aayl51,aayl51:0001733:b3346bcf3347,b3346bcf33478d5fb5094a14f36455590d1115ba69925a77ff0529d02ec1bba9,0.8604615331,if6_consensus_when_public_priors_concordant_with_d4
aayl51,aayl51:0001734:1c785b0f4434,1c785b0f4434fe44ac92c9052f14cd7cc8e4459111709539e36f1e2b4badf3c6,0.2571582794,if6_consensus_when_public_priors_concordant_with_d4
aayl51,aayl51:0001735:07359290b0c2,07359290b0c22e96715f85f790a61d0d2b1bac9907cc98142c0ced1e4a0a47f5,0.06992359459,if6_consensus_when_public_priors_concordant_with_d4
aayl51,aayl51:0001736:6809a9dd8c31,6809a9dd8c31051901dea60d57d396e97bd5616f3c0980b97be8fa3a69984efa,0.2039052248,if6_consensus_when_public_priors_concordant_with_d4
aayl51,aayl51:0001737:6678f12f6ee9,6678f12f6ee98b5bc06e5de90f2e46f8b4c57b947c3016f8beb275addcdc6d94,0.07447712123,if6_consensus_when_public_priors_concordant_with_d4
aayl51,aayl51:0001738:633792266d27,633792266d27a51e3f965e3de8e7898a0855cdadb2fb4836cbc7ed0a7ddf5da2,0.5623214841,if6_consensus_when_public_priors_concordant_with_d4
aayl51,aayl51:0001739:6685a4b09262,6685a4b09262a14fa690fce3b233b7608851a3a095b59410624a14450fd7a66b,0.4477116764,if6_consensus_when_public_priors_concordant_with_d4
aayl51,aayl51:0001740:b1e937eacd5f,b1e937eacd5f14f5254a119aea16996d1c8c45ffe69d4f81d046390e0acc49e4,0.03395847976,if6_consensus_when_public_priors_concordant_with_d4
aayl51,aayl51:0001741:cb69c5b6dd6a,cb69c5b6dd6a01701c8630f49ea1cbdc978eb48c119a853078c5c80e69800e98,0.194412291,if6_consensus_when_public_priors_concordant_with_d4
aayl51,aayl51:0001742:07999d50167f,07999d50167fff4e0282b74310f0ce616c879ce313df9629c766bcc9e138684b,0.1684803516,if6_consensus_when_public_priors_concordant_with_d4
aayl51,aayl51:0001743:0e24a67d988c,0e24a67d988c0fc26fc69f4f45e2f32771e3ae9f792033110a0d2077105dfcfe,0.3682951033,if6_consensus_when_public_priors_concordant_with_d4
aayl51,aayl51:0001744:f9942d98c487,f9942d98c487cb2dd9d1a45fe045b2086bf974252c429480da7fa8abdf69080a,0.06706799567,if6_consensus_when_public_priors_concordant_with_d4
aayl51,aayl51:0001745:da4d52eedcd3,da4d52eedcd39f6e84867e268f5a537aedc74484eac601cf22aa73e63f61aabf,0.7281005979,if6_consensus_when_public_priors_concordant_with_d4
aayl51,aayl51:0001746:2df248c6f34c,2df248c6f34c7b4025b8627049685d9ada7c407728f0568f50a36b0fbc6b8226,0.7790383697,if6_consensus_when_public_priors_concordant_with_d4
aayl51,aayl51:0001747:147a0e123140,147a0e12314048b1109c93595817588bb7cdf32997aedc7a330d8d823ad7c25e,0.6520027518,if6_consensus_when_public_priors_concordant_with_d4
aayl51,aayl51:0001748:25e89731fad2,25e89731fad2e6ada3032f806ec3f5276ea50ba2a3c6d6f1d9fc1bca942a4241,0.5699622035,if6_consensus_when_public_priors_concordant_with_d4
aayl51,aayl51:0001749:bcc2c03f75e1,bcc2c03f75e1a1be6fc29f71f8e609dd760de8fb0a6bef156a5dfe20b27079ec,0.4276452959,if6_consensus_when_public_priors_concordant_with_d4
aayl51,aayl51:0001750:11f5ff38d6e1,11f5ff38d6e1639ef5b212c4cf79e69629def1033bb05ea8dda7f0bea368fa7d,0.1349849552,if6_consensus_when_public_priors_concordant_with_d4
aayl51,aayl51:0001751:abbd2a26b0af,abbd2a26b0af7d21071daea236f358cf69f14706d4d03f22027c2ab6d4740130,0.7283322215,if6_consensus_when_public_priors_concordant_with_d4
aayl51,aayl51:0001752:431c48fc1f16,431c48fc1f16fdbb47bcc2ce67c8c7e9ad1688519eb418a7df717da7bdc25755,0.8938797116,if6_consensus_when_public_priors_concordant_with_d4
aayl51,aayl51:0001753:363155bfe798,363155bfe79868f650f867c0d22614a9da157c5502b2a45954bf747bceb16740,0.248977378,if6_consensus_when_public_priors_concordant_with_d4
aayl51,aayl51:0001754:73ece0512e93,73ece0512e93709b7dd244d3a5b91adf483020494741e624d2ba83be19a10177,0.1770471483,if6_consensus_when_public_priors_concordant_with_d4
aayl51,aayl51:0001755:f94601cd4edb,f94601cd4edb9d07877862b5f508c4e7f680537b9163930e8bde27f72cbfaa22,0.3838851452,if6_consensus_when_public_priors_concordant_with_d4
aayl51,aayl51:0001756:6cb6d8976cf7,6cb6d8976cf72384bab6f2b203ed7ee82e4d9ef98dea6806d7e43d21eaccc585,0.1677085757,if6_consensus_when_public_priors_concordant_with_d4
aayl51,aayl51:0001757:8bcbcefeffd6,8bcbcefeffd602539621d6865f18f2a58845bdb955caf164a76d4ceb3f3c73c9,0.5503588319,if6_consensus_when_public_priors_concordant_with_d4
aayl51,aayl51:0001758:41023c2a594c,41023c2a594c97543a7ab7beb97b37ce18008ea987a0d781009c701487b91be1,0.5378174186,if6_consensus_when_public_priors_concordant_with_d4
aayl51,aayl51:0001759:c5d6b1e55f5d,c5d6b1e55f5d4d0ba127197372be17fb6cb1d2cf82d90018c614697858e938bb,0.4054179192,if6_consensus_when_public_priors_concordant_with_d4
aayl51,aayl51:0001760:c0ae5d574365,c0ae5d574365bae659974c22ae8cf572909c9ad00466d8e39ad2f8d748cf90dd,0.2661109865,if6_consensus_when_public_priors_concordant_with_d4
aayl51,aayl51:0001761:d928e285aa2f,d928e285aa2f032af60a20f5b3f24dfddcd915495cdb9ff11ed36fccaf69e897,0.07980243117,if6_consensus_when_public_priors_concordant_with_d4
aayl51,aayl51:0001762:104c027211ce,104c027211ce020a8e78af08695100ed44b44933f9eb6102872d18770842a8ef,0.3227598965,if6_consensus_when_public_priors_concordant_with_d4
aayl51,aayl51:0001763:8d5b1f5c9467,8d5b1f5c946742bfd7dc3ec7a1bb41318742a502c04d3ae856ad0022142cfb40,0.668287456,if6_consensus_when_public_priors_concordant_with_d4
aayl51,aayl51:0001764:e360d8cc39ef,e360d8cc39efdd2308e385507976dd0ce25d23b48abf3f569490ec5c9bcf1884,0.0761750415,if6_consensus_when_public_priors_concordant_with_d4
aayl51,aayl51:0001765:3fba81cf0e90,3fba81cf0e90bfa03bde389c6c0dc9fcfdaf33e3a8614d4969a07281cb95694e,0.02199583314,if6_consensus_when_public_priors_concordant_with_d4
aayl51,aayl51:0001766:56a0f724d438,56a0f724d4389b7c167d6a43000735aee3eef3067a61cfc4592483f576357bcd,0.2461217791,if6_consensus_when_public_priors_concordant_with_d4
aayl51,aayl51:0001767:fca755b9317c,fca755b9317c158c99323e89859158bf10c2db4df5e3fc87d0a8ad47da219e9c,0.3763988912,if6_consensus_when_public_priors_concordant_with_d4
aayl51,aayl51:0001768:151a3ce9a939,151a3ce9a93982e3018c6a9a2293ddfd90b027dbb9f3eccd14a3a88cc59e8f18,0.1786679029,if6_consensus_when_public_priors_concordant_with_d4
aayl51,aayl51:0001769:cd3bc47b775b,cd3bc47b775b10cbef6e0ff1f778bd37444ca0f8567813745ade57556bb0aed7,0.7017828822,if6_consensus_when_public_priors_concordant_with_d4
aayl51,aayl51:0001770:22f9476b4694,22f9476b4694b8076ec36093cbc53dc49040dd849ce16e278315de64b88417d0,0.6603380442,if6_consensus_when_public_priors_concordant_with_d4
aayl51,aayl51:0001771:fbc3602a9e40,fbc3602a9e405d1dbb4c6c14b3a4d1fb2ee43b4ff19fec43eca947b5a458f1b6,0.1248745844,if6_consensus_when_public_priors_concordant_with_d4
aayl51,aayl51:0001772:3e23b3eefdbc,3e23b3eefdbc8c1d561b4521d4750fd2deb4e2975a856925a6e49c32565b641d,0.4166859686,if6_consensus_when_public_priors_concordant_with_d4
aayl51,aayl51:0001773:66de905a3365,66de905a336525f5d72c1241f5e666b998ecb607a9861d95654a1d4c09d3399b,0.3283167183,if6_consensus_when_public_priors_concordant_with_d4
aayl51,aayl51:0001774:7be903e7aecf,7be903e7aecf3f354e450170f7855f7abe2baffd8d8c312fd2cee061c6d2a916,0.1698695868,if6_consensus_when_public_priors_concordant_with_d4
aayl51,aayl51:0001775:8d8854e07dfd,8d8854e07dfd41ef9d86a7f93cd6a6dac7b10e50d4e2116222efcb3eb2b19371,0.4456278384,if6_consensus_when_public_priors_concordant_with_d4
aayl51,aayl51:0001776:a328d332b841,a328d332b841afa1f2d22f7bf23c51a1ab64400f52d73558e5ec5b22226c362a,0.3939955235,if6_consensus_when_public_priors_concordant_with_d4
aayl51,aayl51:0001777:cafba38579d6,cafba38579d6feeaa4984bf1158828c440e98128ee9a42655d467b24bd6055c2,0.2678860724,if6_consensus_when_public_priors_concordant_with_d4
aayl51,aayl51:0001778:2c976a5a1093,2c976a5a10931514abaab2cb0deb665974e1db950cde30cd13f501fc3236245c,0.1445550621,if6_consensus_when_public_priors_concordant_with_d4
aayl51,aayl51:0001779:c3166cecb593,c3166cecb5935a260029f0d6e0f998cdfbe5b311a8015a446cb866cb1944a246,0.8112217784,if6_consensus_when_public_priors_concordant_with_d4
aayl51,aayl51:0001780:ae31a2cc080c,ae31a2cc080c455322fbecf3a823f84645af8ed8affbc93a0b6c930b4cf27119,0.2734429538,if6_consensus_when_public_priors_concordant_with_d4
aayl51,aayl51:0001781:0fd64fe3f844,0fd64fe3f844d2a0adb182559d8cad911b4d00effee490a5f3bb335b62b42fe6,0.4730261862,if6_consensus_when_public_priors_concordant_with_d4
aayl51,aayl51:0001782:133ba140e91d,133ba140e91dfb3ecd3de73011728734a85a9ac484de369beedc850d0e64e284,0.4779655933,if6_consensus_when_public_priors_concordant_with_d4
aayl51,aayl51:0001783:f46bbc38f968,f46bbc38f968f8ebf1c3a039368ec3df800802f819b604e8d7922074b11a735a,0.2423400432,if6_consensus_when_public_priors_concordant_with_d4
aayl51,aayl51:0001784:61d295c771cb,61d295c771cbb1da640908dcfb095fd0b3909ef62459b6261a9499dd1ebba528,0.1663193554,if6_consensus_when_public_priors_concordant_with_d4
aayl51,aayl51:0001785:3d0f2203ea80,3d0f2203ea80d6071afa1ee12c0e418b82a33ee84f50108e24608e27a31026b8,0.1355252117,if6_consensus_when_public_priors_concordant_with_d4
aayl51,aayl51:0001786:8f2d47ea84fa,8f2d47ea84fafd1e2e065f733a4b540a584040ed3f829488f3ff8912fec8ea54,0.2244346738,if6_consensus_when_public_priors_concordant_with_d4
aayl51,aayl51:0001787:d87416965544,d874169655446d0f2b29590095e6b077e81203c29c003d57d3fa7740a57da37a,0.6961488128,if6_consensus_when_public_priors_concordant_with_d4
aayl51,aayl51:0001788:3c98929e8475,3c98929e8475111b72e8c109fb2d38899f9539255fced552fcfc81c03c43933b,0.6204368472,if6_consensus_when_public_priors_concordant_with_d4
aayl51,aayl51:0001789:e7a01f264fcf,e7a01f264fcfffdbab01fbc72a9544dd4cbb2acaaa524c6616828ae7cbb60e91,0.2715906203,if6_consensus_when_public_priors_concordant_with_d4
aayl51,aayl51:0001790:0495bab25a82,0495bab25a82a5dbefdd582751e7529bf5a9a5f4e7cd9c8927823c1615c4eeb4,0.2996835709,if6_consensus_when_public_priors_concordant_with_d4
aayl51,aayl51:0001791:bde9dc665bea,bde9dc665bead405f0552e5bd450b393b6af8eb50588676e09fdbbf6e869425e,0.2592420876,if6_consensus_when_public_priors_concordant_with_d4
aayl51,aayl51:0001792:5b40721c3e92,5b40721c3e92e96b14d0699f7c3cc07914f20828e9c4d41c7ea8d87eac890886,0.5867099166,if6_consensus_when_public_priors_concordant_with_d4
aayl51,aayl51:0001793:3802502eb760,3802502eb7603af95e4cd38b063d6e123cafe0a39668408f780fe887d898b337,0.4330477715,if6_consensus_when_public_priors_concordant_with_d4
aayl51,aayl51:0001794:1b1ff7b81099,1b1ff7b81099d0e1dbb90a361372f5a6d1f31012e8b5d134d2f0f6a929ea2a3a,0.8590723872,if6_consensus_when_public_priors_concordant_with_d4
aayl51,aayl51:0001795:0dc1dc84cf42,0dc1dc84cf424dc77865caf3aac8b027890031fd2a7bac47068dbf2afcb11ee4,0.0754032582,if6_consensus_when_public_priors_concordant_with_d4
aayl51,aayl51:0001796:7aaeafbbb927,7aaeafbbb927628c51343c0285a6bed083049e15c17d7b2c57e12f0038376373,0.5162460208,if6_consensus_when_public_priors_concordant_with_d4
aayl51,aayl51:0001797:534956547a1e,534956547a1e01c451150d04ac19cc5b9ed71bfdef6246853479d1550933b101,0.5643281341,if6_consensus_when_public_priors_concordant_with_d4
aayl51,aayl51:0001798:be63cc30e3d2,be63cc30e3d2f30e78ffe137464d87fdd12a449f05d052fbbcad81343f80ba3f,0.464073509,if6_consensus_when_public_priors_concordant_with_d4
aayl51,aayl51:0001799:a8d964b6aaca,a8d964b6aaca22711b8d546ec556fa60099949cc40382eaa11d6221819a86a2c,0.4321988523,if6_consensus_when_public_priors_concordant_with_d4
aayl51,aayl51:0001800:b36de72637a2,b36de72637a2528173458eed0909fde3da894f5869d355cf41492785dee6cc3a,0.1721849293,if6_consensus_when_public_priors_concordant_with_d4
aayl51,aayl51:0001801:f3acc84aecf0,f3acc84aecf0b574b8cfbb6c89e09b7f6bb329c6c4681a041cb0156633f14afa,0.2309948206,if6_consensus_when_public_priors_concordant_with_d4
aayl51,aayl51:0001802:b836895aeebb,b836895aeebbbc8755a24bac0f497722a41be35774c744325f58d7c5705c7a38,0.4357490242,if6_consensus_when_public_priors_concordant_with_d4
aayl51,aayl51:0001803:2edbc4f77ae7,2edbc4f77ae78f005b2debb65050641259e4caea7274ec004c36f32b8499dd89,0.3274677694,if6_consensus_when_public_priors_concordant_with_d4
aayl51,aayl51:0001804:aedfa3124853,aedfa3124853d31985cf3b5077e19bcf1a24ccab00767fa20cf4f48ee648c003,0.1121401563,if6_consensus_when_public_priors_concordant_with_d4
aayl51,aayl51:0001805:3064e09bb786,3064e09bb786d86ffe2e8f4c46b28f3309ab01663bb692e647362505023ab282,0.2714362741,if6_consensus_when_public_priors_concordant_with_d4
aayl51,aayl51:0001806:d693c40c350d,d693c40c350dde85dfc96391866bf258ca4afd57206fbcead0dd33c9fc8eb133,0.7035579681,if6_consensus_when_public_priors_concordant_with_d4
aayl51,aayl51:0001807:84cbde56169e,84cbde56169eb998b91edc71cd17a09dfd15d455509f7a4c9a3e6f60223d627a,0.06930616498,if6_consensus_when_public_priors_concordant_with_d4
aayl51,aayl51:0001808:6ce3a67b97fc,6ce3a67b97fc7c8b674b6d70585266c48d9103f0dbadf2c59a4aacf2853daedd,0.0870571956,if6_consensus_when_public_priors_concordant_with_d4
aayl51,aayl51:0001809:346d6bc314bd,346d6bc314bd65a5456d6e6c20f85a50b46394ab25f41ddd197a0da81c6ad07e,0.2492089272,if6_consensus_when_public_priors_concordant_with_d4
aayl51,aayl51:0001810:8d9d177843e9,8d9d177843e910a19c73f73ddb95b2ad6ab742836ecf7ecee2f5481331eff8de,0.4712510407,if6_consensus_when_public_priors_concordant_with_d4
aayl51,aayl51:0001811:736f8c7469da,736f8c7469da87f8570beaf298c40f3d16da336fc184d5ea7e25c7edf31a35d9,0.1566720605,if6_consensus_when_public_priors_concordant_with_d4
aayl51,aayl51:0001812:81dd83b125e2,81dd83b125e25c7db89da2b15221c84bdd92dc50edb7d1f51f5c579634557670,0.1724936217,if6_consensus_when_public_priors_concordant_with_d4
aayl51,aayl51:0001813:40cbce84c6e5,40cbce84c6e59834ab3b7f4a0609f2c83c9491537abe34fda6836a69658f7170,0.2223508507,if6_consensus_when_public_priors_concordant_with_d4
aayl51,aayl51:0001814:e3325b71e1b3,e3325b71e1b33b83b627bfe45beaa20b5d089367e673e2eeeacaebe098b19a4e,0.4786601961,if6_consensus_when_public_priors_concordant_with_d4
aayl51,aayl51:0001815:735c19857062,735c198570622d5222a36fbfbf10366c26c8d3b9c4c7bba6bafa567f30e39e37,0.6913637519,if6_consensus_when_public_priors_concordant_with_d4
aayl51,aayl51:0001816:0943d783e3a2,0943d783e3a2b9cafad46d73f4b86aac6bc847978f7dfdbd434c6f52ad4aa3b2,0.5060585141,if6_consensus_when_public_priors_concordant_with_d4
aayl51,aayl51:0001817:174a59bfce54,174a59bfce547e28fb1ea0806ad2fa30eb93980c1f4db379091a2632fae3fbfd,0.1661650091,if6_consensus_when_public_priors_concordant_with_d4
aayl51,aayl51:0001818:b925dc4141ba,b925dc4141ba666c780a4992bdac56ca07f89fad74b73c2182bdb0ff834c62f7,0.705873251,if6_consensus_when_public_priors_concordant_with_d4
aayl51,aayl51:0001819:7452302d6485,7452302d64855848d3c7408b8b89cf37f289a7cba73ed116cb411c8f23b46ec3,0.09901984781,if6_consensus_when_public_priors_concordant_with_d4
aayl51,aayl51:0001820:11fb1dc61ef0,11fb1dc61ef06be9240ab0112cfe2f39250b395be8386aaf71bcbc628f66a262,0.6891255379,if6_consensus_when_public_priors_concordant_with_d4
aayl51,aayl51:0001821:2cb32043422a,2cb32043422a1a38a88909af4c0178ea062d782c5dece55b120642c1fd9cef93,0.08219495416,if6_consensus_when_public_priors_concordant_with_d4
aayl51,aayl51:0001822:783029786820,78302978682087157ee5be40fc43a807e938264cd69264a1488bea1a55f16d07,0.7128193378,if6_consensus_when_public_priors_concordant_with_d4
aayl51,aayl51:0001823:016e16e664e0,016e16e664e00a8faaf5cfc3ee68ddc17be8a093a0f784f1266e3dcec2d0c482,0.8526665568,if6_consensus_when_public_priors_concordant_with_d4
aayl51,aayl51:0001824:57fe08e21dd6,57fe08e21dd6754656ae28c71846d04e8a5068257245233435ada3407e71d74c,0.2295284271,if6_consensus_when_public_priors_concordant_with_d4
aayl51,aayl51:0001825:bae461ef68a7,bae461ef68a74936180778b989c441651cc7cf816cacdb6d1f5942bf8462df7a,0.1442463547,if6_consensus_when_public_priors_concordant_with_d4
aayl51,aayl51:0001826:0a4327a29dab,0a4327a29dab7b5a7aaa2855df570ed14ec54922b222130ab4cdd36103a30816,0.3810295761,if6_consensus_when_public_priors_concordant_with_d4
aayl51,aayl51:0001827:99eeabf72dc3,99eeabf72dc36b6ae7ffbb4a61fb5c52180fa20292f52bc403636e6b4f35445c,0.4819788635,if6_consensus_when_public_priors_concordant_with_d4
aayl51,aayl51:0001828:51bf3416d334,51bf3416d334d6a076fd12f4f0d3fe52ed8887033292fb89c4a3751a8d06f833,0.08296673745,if6_consensus_when_public_priors_concordant_with_d4
aayl51,aayl51:0001829:a587ca576872,a587ca5768721a10838ae3d26a83560ee58eb701618e8dab3f779ca746edcf47,0.2566952407,if6_consensus_when_public_priors_concordant_with_d4
aayl51,aayl51:0001830:7158ec3e6738,7158ec3e67385498a8540c2f14179bd5fdef65f1ae35a189efa6bfd03a6c72f1,0.8765146136,if6_consensus_when_public_priors_concordant_with_d4
aayl51,aayl51:0001831:bad68e0aee1f,bad68e0aee1ff8e97e14c12f23b7e7c322ff5a34620d7f3a585ec137805d22f7,0.8167786002,if6_consensus_when_public_priors_concordant_with_d4
aayl51,aayl51:0001832:98275af05667,98275af05667c599fb07f3bfb6c46003cde9cf98383df4437e8ed66b245b7dc5,0.2624064386,if6_consensus_when_public_priors_concordant_with_d4
aayl51,aayl51:0001833:ae1cabd16b31,ae1cabd16b31e54a39a31ad6cf26f8fb54adf69986c05f74da7cc2babba4540c,0.7196882367,if6_consensus_when_public_priors_concordant_with_d4
aayl51,aayl51:0001834:c10134eb1a5a,c10134eb1a5ad4900e93bd2b0c134fca7969f9e4da9b0feea8f5816dec025831,0.5024310946,if6_consensus_when_public_priors_concordant_with_d4
aayl51,aayl51:0001835:2f341061d668,2f341061d66838d93af184ac3a4268d3b6aabdb33448e38c60ba7eb511b6ff54,0.2662653327,if6_consensus_when_public_priors_concordant_with_d4
aayl51,aayl51:0001836:6028aea20574,6028aea2057451af9a8d4faa2708f7be10d61da3c0a990ac67012c5a7bc27079,0.2074554414,if6_consensus_when_public_priors_concordant_with_d4
aayl51,aayl51:0001837:fed1a62f7254,fed1a62f7254fbe7b06d5325c1332b6c217e071eca64db14dd908d9bfe88e2f5,0.2696611881,if6_consensus_when_public_priors_concordant_with_d4
aayl51,aayl51:0001838:8c96ece33187,8c96ece33187d20fae2182f23511c0eb5a40df67291bb0bb5cb6faca52a013bf,0.422783047,if6_consensus_when_public_priors_concordant_with_d4
aayl51,aayl51:0001839:7602227066ec,7602227066ecd2e73d214236799ff21b393f610559b7cf67c39553c6afb7d231,0.5444161296,if6_consensus_when_public_priors_concordant_with_d4
aayl51,aayl51:0001840:26146764160b,26146764160b44a7f46445af07cba2115ea83bcbbf8c3b293d8589d732cde29c,0.9198117256,if6_consensus_when_public_priors_concordant_with_d4
aayl51,aayl51:0001841:2fe87984c904,2fe87984c904b1a5fd804404208ce9cd81c0188783e502ef8f79dbfd5dbd785c,0.3181291819,if6_consensus_when_public_priors_concordant_with_d4
aayl51,aayl51:0001842:bf59641b6315,bf59641b6315511c87d379170a543913495a708e5934b6a97ebbf9909692deba,0.2343906909,if6_consensus_when_public_priors_concordant_with_d4
aayl51,aayl51:0001843:015dbc547cdd,015dbc547cdd59a1adfe29acf3e6e8360cfa8ea470f7db44901e7af103715247,0.3146561682,if6_consensus_when_public_priors_concordant_with_d4
aayl51,aayl51:0001844:3055b3f46a7a,3055b3f46a7a91d050190381532aaebc185c3d480960277fadaae5f9037209c6,0.5010418892,if6_consensus_when_public_priors_concordant_with_d4
aayl51,aayl51:0001845:2410a6717382,2410a6717382400dcf3d9aef4a30b935396c2a1bdb5340247c42ff3b363b4848,0.3584934771,if6_consensus_when_public_priors_concordant_with_d4
aayl51,aayl51:0001846:41947473bd64,41947473bd644d7d8e156b128f36deb905c2f5e38bccd1d68bea291227900f09,0.6977695823,if6_consensus_when_public_priors_concordant_with_d4
aayl51,aayl51:0001847:6ebd76602372,6ebd7660237288ce3dacf3e04e2ae103718842e08b957d4ec419d232308accc6,0.6397314072,if6_consensus_when_public_priors_concordant_with_d4
aayl51,aayl51:0001848:fddb0676bc53,fddb0676bc533e1efd037f75774b007d05a39551357e3d7a88c41fba39070331,0.3022304773,if6_consensus_when_public_priors_concordant_with_d4
aayl51,aayl51:0001849:12646e36cae8,12646e36cae8be08d590589706170803504b92abd5700fbbfaf04829b80a5292,0.2324612141,if6_consensus_when_public_priors_concordant_with_d4
aayl51,aayl51:0001850:d33e3f6b95fd,d33e3f6b95fdb5158f99c055df450bfce63847076282305a91148715ae4c6d1e,0.7845180035,if6_consensus_when_public_priors_concordant_with_d4
aayl51,aayl51:0001851:3cc41225df79,3cc41225df798800901dcadda1e65c876961033102d6cd837f0efe00decccea0,0.6088600755,if6_consensus_when_public_priors_concordant_with_d4
aayl51,aayl51:0001852:145da7977240,145da7977240250aeb95901434cfc575e88bce62f90959ba5b7e76da99996a23,0.3856602907,if6_consensus_when_public_priors_concordant_with_d4
aayl51,aayl51:0001853:d05a6a8dda2c,d05a6a8dda2cc270e0c341663466eaa27f8e9b17078eca4cbcd185cdd90ccb43,0.6939877868,if6_consensus_when_public_priors_concordant_with_d4
aayl51,aayl51:0001854:6c1a2b691109,6c1a2b69110978037c92055cc66b8450b154b1dddf4c86797fe744704dff267b,0.05981323123,if6_consensus_when_public_priors_concordant_with_d4
aayl51,aayl51:0001855:91a0b39dadec,91a0b39dadec0347551699c70e38131ae15fec5e20c3a825f574a72df9c3d79a,0.3278536499,if6_consensus_when_public_priors_concordant_with_d4
aayl51,aayl51:0001856:d429f5228a3c,d429f5228a3cf005e6d04ba36d2bf44ade70469d384cc7802f812a9b9c3945f9,0.2757582664,if6_consensus_when_public_priors_concordant_with_d4
aayl51,aayl51:0001857:f4ca77eb15f5,f4ca77eb15f594c53f9f573dc9a2d9249e85837e8af10dfe23f78cc1e8f36500,0.6485297084,if6_consensus_when_public_priors_concordant_with_d4
aayl51,aayl51:0001858:986c888d2f9d,986c888d2f9d5466411575f22eb47b178620a909818a6f84845135c6bc189e9e,0.1227907762,if6_consensus_when_public_priors_concordant_with_d4
aayl51,aayl51:0001859:a1cc71b9336e,a1cc71b9336ee1f333b398a03609f36bfdad1b122c8dcd9c201baf25cd4566f0,0.1734969467,if6_consensus_when_public_priors_concordant_with_d4
aayl51,aayl51:0001860:1b10670f06f2,1b10670f06f2778cef676bac2fa9f386c38f34efdac9e124bc95afcb98483f6c,0.6236011386,if6_consensus_when_public_priors_concordant_with_d4
aayl51,aayl51:0001861:ffe47d43cb33,ffe47d43cb335746672f34d1559dec22f48549523fa0bb91c28962a70fa1f1bb,0.2410280257,if6_consensus_when_public_priors_concordant_with_d4
aayl51,aayl51:0001862:bca4b43d0311,bca4b43d0311fa283c4f50dcdc44dfaa5b043845597dd9ff234fcd553ffe09f9,0.1909392625,if6_consensus_when_public_priors_concordant_with_d4
aayl51,aayl51:0001863:f3b81b035429,f3b81b0354291cc49c237a3d832eae0128277d457ba8e3afe02bf6085409392d,0.5336111188,if6_consensus_when_public_priors_concordant_with_d4
aayl51,aayl51:0001864:b8b472803cd8,b8b472803cd87aa938d4d7ab67709d36f23f5b8662730c8870739399411ffa5e,0.03866635635,if6_consensus_when_public_priors_concordant_with_d4
aayl51,aayl51:0001865:60c61e7b346d,60c61e7b346dfedddb8f0648cd0900cc75d8f7fe6d8d6d4e5c7643755eb44003,0.2672686577,if6_consensus_when_public_priors_concordant_with_d4
aayl51,aayl51:0001866:3c8b4cf0ac1d,3c8b4cf0ac1d177a47b9e98595d55c3097cf9f44299d4e5ea8e6aec19c8dc3de,0.5031257272,if6_consensus_when_public_priors_concordant_with_d4
aayl51,aayl51:0001867:b5083b3906eb,b5083b3906eb4396552ff3cd8cd60397918cee13ad53f98f2bc1f400e1717969,0.2845565975,if6_consensus_when_public_priors_concordant_with_d4
aayl51,aayl51:0001868:6ca22d8954ce,6ca22d8954cefea4b2dae7458302afbd3ab6d4ba1c2e70e1d9c2bf57714594b8,0.2272902727,if6_consensus_when_public_priors_concordant_with_d4
aayl51,aayl51:0001869:fce342762258,fce3427622584d5ec7aac8d25db5173a7e63fc60e0f83859f7bee7e232aa62e5,0.05387049541,if6_consensus_when_public_priors_concordant_with_d4
aayl51,aayl51:0001870:df556dc6a241,df556dc6a24183e647b97210c538fdb2a37c6f219f2893b1e4ac42699f0a051a,0.6027629972,if6_consensus_when_public_priors_concordant_with_d4
aayl51,aayl51:0001871:fb15a337f84a,fb15a337f84a83cd31e0f573bb1b2a454d4f285dd6a6d82cb6bf289ec90110a5,0.3885158598,if6_consensus_when_public_priors_concordant_with_d4
aayl51,aayl51:0001872:384585264bf3,384585264bf3d4703238c643a95e3df2f9c1b7f31c66d77a82e5286a608d7f5c,0.3486146629,if6_consensus_when_public_priors_concordant_with_d4
aayl51,aayl51:0001873:e0a386df79dd,e0a386df79dd3c686b6d482ae0570c71a5bbac23003bd29000e793ad64012f3f,0.8571428657,if6_consensus_when_public_priors_concordant_with_d4
aayl51,aayl51:0001874:48f224cabaa9,48f224cabaa9314de077359a91b422f9460ba9e2a73b7ea14eee6366a4b86f02,0.3762445152,if6_consensus_when_public_priors_concordant_with_d4
aayl51,aayl51:0001875:490bc6766b33,490bc6766b336fcb3a4a06982aa3214714d0a4b610bbfc1e25ea9fd6fc8ff5d9,0.3087134361,if6_consensus_when_public_priors_concordant_with_d4
aayl51,aayl51:0001876:840334b79e42,840334b79e424139c18abe45d1a881b9055342a82f13e7949985da0c7c0b4bc1,0.566180408,if6_consensus_when_public_priors_concordant_with_d4
aayl51,aayl51:0001877:a571c7d49f8d,a571c7d49f8d711758d86a7b8a15fa3c7d9370fa10dfba3e7a45054853008611,0.3503125608,if6_consensus_when_public_priors_concordant_with_d4
aayl51,aayl51:0001878:5a42e1578559,5a42e1578559195d0fc7fd5d460af36afcb27f35ae4e5e359d8f046b3c3a6d76,0.6676699519,if6_consensus_when_public_priors_concordant_with_d4
aayl51,aayl51:0001879:22cec8531e51,22cec8531e51e89ac53a247b3e5566d8e49f110151827940d78e08949e743b7c,0.1494944841,if6_consensus_when_public_priors_concordant_with_d4
aayl51,aayl51:0001880:1132a262772f,1132a262772f6631ae59237168b8ed7b01f0b8eb95e345a4f88e90cd617cb1f1,0.0424480997,if6_consensus_when_public_priors_concordant_with_d4
aayl51,aayl51:0001881:a3e4d259d091,a3e4d259d09191c588a4630b59a861d681df6bf9504874c33cb74378e8a72a15,0.0723933056,if6_consensus_when_public_priors_concordant_with_d4
aayl51,aayl51:0001882:bc3c93f91e51,bc3c93f91e519620efa88d58e93a998fc1aa5c58f98ce41d8500e802bc01ec39,0.3400478363,if6_consensus_when_public_priors_concordant_with_d4
aayl51,aayl51:0001883:5754d9a4391c,5754d9a4391c257752a351799746294a6409c09e450b58963e85140790692035,0.2899591029,if6_consensus_when_public_priors_concordant_with_d4
aayl51,aayl51:0001884:bd6ea386d0a9,bd6ea386d0a9819430297246a8ffff259befd648c7c021179db349a77a041bc6,0.6209771037,if6_consensus_when_public_priors_concordant_with_d4
aayl51,aayl51:0001885:a16b20196598,a16b20196598042997d98e3ec6acda912d338b800b8f78d7b7643b2026d99e64,0.4661572874,if6_consensus_when_public_priors_concordant_with_d4
aayl51,aayl51:0001886:3b4b6e6d1269,3b4b6e6d1269ca00ff188068bd5f8d45bb274f3bfd1e9a42855f97a78667789c,0.3527822793,if6_consensus_when_public_priors_concordant_with_d4
aayl51,aayl51:0001887:6fab5da1f848,6fab5da1f848696f63725551acbed9a93e61dc7c317cbd4ded7a4c41775304d4,0.3444470167,if6_consensus_when_public_priors_concordant_with_d4
aayl51,aayl51:0001888:7e7d7cfb9563,7e7d7cfb95638b43ee9aec570d3a30076584f37dbae0c0ddeea264426d4724c5,0.1555915624,if6_consensus_when_public_priors_concordant_with_d4
aayl51,aayl51:0001889:c75c7997964d,c75c7997964d59c7ee7a8aeddea9f77f30980eb793539bbae6539e2c1de10a72,0.4863780439,if6_consensus_when_public_priors_concordant_with_d4
aayl51,aayl51:0001890:618bc7101aa0,618bc7101aa0ed6c53eef540bd036d83b3171d0fd8720e672f32aca250013c19,0.8219881058,if6_consensus_when_public_priors_concordant_with_d4
aayl51,aayl51:0001891:ca8a4c1e4516,ca8a4c1e451682da6590b712db0e1048535f48a0de1a105189682723838bcbef,0.4227058887,if6_consensus_when_public_priors_concordant_with_d4
aayl51,aayl51:0001892:308bd7d7b11f,308bd7d7b11f4d99d2c8707063744d6472e7806cbef037b7ece971379e3228b2,0.6479895115,if6_consensus_when_public_priors_concordant_with_d4
aayl51,aayl51:0001893:d3c446e4db70,d3c446e4db70afc95d4c9f23f8ce1d0605830eac9b4ddb3d3c9840cc5b868ce2,0.2766072452,if6_consensus_when_public_priors_concordant_with_d4
aayl51,aayl51:0001894:356c847bb256,356c847bb256cc39f1e232b889608cc9e51a185f6e980f893178e168255c8182,0.7661495805,if6_consensus_when_public_priors_concordant_with_d4
aayl51,aayl51:0001895:78c47e90ee10,78c47e90ee106f4f93ec11809650a0e04bf377023c0f83e19dcbc8b4597ada62,0.6514625549,if6_consensus_when_public_priors_concordant_with_d4
aayl51,aayl51:0001896:4e6f327e3c7b,4e6f327e3c7b4192f483ac634eaa7bd8c18f433ed6c15030d6785fb3b2e0bc63,0.1649301499,if6_consensus_when_public_priors_concordant_with_d4
aayl51,aayl51:0001897:43e9a9b88a82,43e9a9b88a826f42e5d77f7e108b3b4fb674b271c78fca0e7648e6568e5632a5,0.2215790749,if6_consensus_when_public_priors_concordant_with_d4
aayl51,aayl51:0001898:45b7043b116d,45b7043b116d7005641011283f68f934c8d7174ee194c99e669466f757368c03,0.07138998061,if6_consensus_when_public_priors_concordant_with_d4
aayl51,aayl51:0001899:9085d61e2a59,9085d61e2a5969701cae98ae71a60c0af8c65e474153c4bb5e193c5c1c95567e,0.7209231257,if6_consensus_when_public_priors_concordant_with_d4
aayl51,aayl51:0001900:8f58307dc079,8f58307dc07963077dcaf63a11d196e48251c0945e491e8821e0da72a85c5cc4,0.1847649813,if6_consensus_when_public_priors_concordant_with_d4
aayl51,aayl51:0001901:7339e796d3be,7339e796d3be6825e274fe18a76e5cfd4a1f8b90de3427cf6dc6bb9884126220,0.1033418179,if6_consensus_when_public_priors_concordant_with_d4
aayl51,aayl51:0001902:c6d05bf38f43,c6d05bf38f431d7b26fc33ce52818cd66f6763d3f0fc32b9e7666e0b2d8fecc3,0.7174499631,if6_consensus_when_public_priors_concordant_with_d4
aayl51,aayl51:0001903:665e39989e36,665e39989e364fc4db4e35449d65f877d13235bf0a0dae38a0e8feb90e48e061,0.9329320788,if6_consensus_when_public_priors_concordant_with_d4
aayl51,aayl51:0001904:25e7616dae0c,25e7616dae0ca0be2cd5b52fbd5025baf320e153a6c8607c028142eb6b61dbd5,0.217874527,if6_consensus_when_public_priors_concordant_with_d4
aayl51,aayl51:0001905:da1f35274590,da1f352745909c5dae5ad804e7a41d3793a488197fa861f5d2e4e2ee1c3474a6,0.1697923988,if6_consensus_when_public_priors_concordant_with_d4
aayl51,aayl51:0001906:aac394c79438,aac394c794389223f42054291b94aea62ab66bcf1b0d50f2e3aada4484b65b71,0.1880836487,if6_consensus_when_public_priors_concordant_with_d4
aayl51,aayl51:0001907:aa8370e4e5af,aa8370e4e5aff0c3b6d8aa13d2576fa7d26543056babf8a28074d6b964df58aa,0.1176198125,if6_consensus_when_public_priors_concordant_with_d4
aayl51,aayl51:0001908:36602e5dbf77,36602e5dbf77a4f08b9b7d1fdae990bd813493ad67ad11acf716dab9a21dbeea,0.9678937793,if6_consensus_when_public_priors_concordant_with_d4
aayl51,aayl51:0001909:2ec8fe10ad6c,2ec8fe10ad6cfdc6971b69f47bc3cea99753309a8184b160c7525f11d7848b16,0.1723392755,if6_consensus_when_public_priors_concordant_with_d4
aayl51,aayl51:0001910:f771e3d9d908,f771e3d9d908a28f902b0a3c68d2a2e29e081044c345221617c086102936eccc,0.02431118302,if6_consensus_when_public_priors_concordant_with_d4
aayl51,aayl51:0001911:505bbc35f5db,505bbc35f5dba00c3de7b1e1476b43dde2b45342b1ec9d6ad58b905a0762eaf7,0.2915798426,if6_consensus_when_public_priors_concordant_with_d4
aayl51,aayl51:0001912:fcd17d85f79b,fcd17d85f79b6c6c0a01bcb702a9181769bc4ec3b8e1f0f771c65500e081efc7,0.04329706356,if6_consensus_when_public_priors_concordant_with_d4
aayl51,aayl51:0001913:d4d9d4c5e03a,d4d9d4c5e03a7f41ef8e5ac29dd626549f5ee215ac7b8d0788e443c03842d15d,0.2585475147,if6_consensus_when_public_priors_concordant_with_d4
aayl51,aayl51:0001914:c204096b7a43,c204096b7a4323ced5d5908edf31686e997381c0ec56b35434432375537c53de,0.509763062,if6_consensus_when_public_priors_concordant_with_d4
aayl51,aayl51:0001915:80d97408e27f,80d97408e27fc9a5397c7341434e8fa85675199649fa4ce5a8672be320526b57,0.1516554803,if6_consensus_when_public_priors_concordant_with_d4
aayl51,aayl51:0001916:a26e279061d3,a26e279061d30d23caf43eb5b3d4d0af40db49ba0ba4c835370a3b4fe17686d4,0.6284633279,if6_consensus_when_public_priors_concordant_with_d4
aayl51,aayl51:0001917:2a2e94fd6c3c,2a2e94fd6c3c511749259430ea9ea9155fa4f0e0e8b5a83f05340cd19cde3989,0.2098479718,if6_consensus_when_public_priors_concordant_with_d4
aayl51,aayl51:0001918:599528d49eed,599528d49eeda21daeda76561d344d75a07590af90c85bdb71f6babe2ad27370,0.3159682155,if6_consensus_when_public_priors_concordant_with_d4
aayl51,aayl51:0001919:c0c4ca7fecd2,c0c4ca7fecd2e6ed0a64d372f37163f3f92b06a7efb578fe5384b01c008d3629,0.3269275129,if6_consensus_when_public_priors_concordant_with_d4
aayl51,aayl51:0001920:5a331fd0846d,5a331fd0846d81a2f2d82b47902de1c2f4ae3c2efcaef399e6ead9a51949e4fa,0.1749633402,if6_consensus_when_public_priors_concordant_with_d4
aayl51,aayl51:0001921:511fb91cb224,511fb91cb224de41ea817df67bc496930ada05f499bedbc9fc5bb5dd61c2247b,0.07602068037,if6_consensus_when_public_priors_concordant_with_d4
aayl51,aayl51:0001922:7659a1d981b6,7659a1d981b68e275515dd308f4b07e736cd5e7a4b8de839c04633b893bf55a8,0.2255923301,if6_consensus_when_public_priors_concordant_with_d4
aayl51,aayl51:0001923:2c5c57247189,2c5c5724718964439bb5d6adb60cdd9cdd089a7956901442003f06e5adcc72ec,0.4859149456,if6_consensus_when_public_priors_concordant_with_d4
aayl51,aayl51:0001924:b6ec786c6941,b6ec786c694194ebe5689ca46c71298954f3603bf515dbd4ae93860e334292a9,0.1877749562,if6_consensus_when_public_priors_concordant_with_d4
aayl51,aayl51:0001925:ba6d5284d3b5,ba6d5284d3b5d9155a79ba32dc98875eba9a7bae8772b19b0a6e9c57f8bac10a,0.5120012164,if6_consensus_when_public_priors_concordant_with_d4
aayl51,aayl51:0001926:15a15a34484e,15a15a34484ec8f566bf703f75b5c3aceaa7f9cb560c4e9b695fa28208e751ff,0.8390831947,if6_consensus_when_public_priors_concordant_with_d4
aayl51,aayl51:0001927:34aeb4482a72,34aeb4482a7244aed7a9cc5204a24c4c795c689780538d98653e7e6bbe4be292,0.6871189475,if6_consensus_when_public_priors_concordant_with_d4
aayl51,aayl51:0001928:73f29d80b7c0,73f29d80b7c02c51abfaa19aa828ce05a767ce4a1f09493fb56dd7c12210eade,0.508682549,if6_consensus_when_public_priors_concordant_with_d4
aayl51,aayl51:0001929:6494490ae730,6494490ae730ddcd6b07bb4060d02d9721406f783a0ee23733cfea95c7b0a39f,0.5058269501,if6_consensus_when_public_priors_concordant_with_d4
aayl51,aayl51:0001930:95c745d91ceb,95c745d91cebb9fdba1ac2917aaae1e4561282cc0e31bd10b65eb53dc29a61b5,0.2756039202,if6_consensus_when_public_priors_concordant_with_d4
aayl51,aayl51:0001931:53e9c560a5f9,53e9c560a5f925b096099983eafeb876628e1ec47f264feec4ead924904e6b06,0.8714980483,if6_consensus_when_public_priors_concordant_with_d4
aayl51,aayl51:0001932:0705ad0bcb0e,0705ad0bcb0e565c2640985974d50b5c766c04bac14c93d1c282d17dcdceba72,0.5164775848,if6_consensus_when_public_priors_concordant_with_d4
aayl51,aayl51:0001933:e469d3609b2e,e469d3609b2e63f41d3e95a21ee285f7e99c9a9dd5e28fb7451148c4271f44d5,0.3889017403,if6_consensus_when_public_priors_concordant_with_d4
aayl51,aayl51:0001934:6bb85906fff9,6bb85906fff9740e597610cc148a450e0ddad62efe19d76069e2f81e875e505c,0.2461218089,if6_consensus_when_public_priors_concordant_with_d4
aayl51,aayl51:0001935:de8784b3302e,de8784b3302edfcf37913e6e8b3cd89b1a9d515228a80a80b8c178bdc365c317,0.5123099685,if6_consensus_when_public_priors_concordant_with_d4
aayl51,aayl51:0001936:d0ec9491cebf,d0ec9491cebf8727ca5d4c4291bb6d4e2b6b9e767c35cbdbb807263862bc1d62,0.7358956337,if6_consensus_when_public_priors_concordant_with_d4
aayl51,aayl51:0001937:5c89fa359d02,5c89fa359d029b154b17d5458f0eeebf0b006e614bcd0d2577913883c4ea66be,0.6920583248,if6_consensus_when_public_priors_concordant_with_d4
aayl51,aayl51:0001938:2fe97bf27472,2fe97bf274726d63f9912f0d5a2cfd23e6e57e74a538b4c2b7e3ba6c94fdbc1c,0.5882534385,if6_consensus_when_public_priors_concordant_with_d4
aayl51,aayl51:0001939:b9fa10e4a535,b9fa10e4a535fa31796aac66fef90509bf616f012851fb209d2b1f3778bd79b0,0.361426264,if6_consensus_when_public_priors_concordant_with_d4
aayl51,aayl51:0001940:17333748510e,17333748510e2a1d42574a581549188ccf65c37256c4cdd041ae433d91418be8,0.1831442565,if6_consensus_when_public_priors_concordant_with_d4
aayl51,aayl51:0001941:080bccd0a583,080bccd0a583b440905253ac98a9d1c0da3c17c869b99b2de98f13c90c6cad51,0.2555375397,if6_consensus_when_public_priors_concordant_with_d4
aayl51,aayl51:0001942:d2c08c54ae21,d2c08c54ae21de23e37e235677fc748a5ba165ebb421889ebcc0a982ad14bfec,0.160222277,if6_consensus_when_public_priors_concordant_with_d4
aayl51,aayl51:0001943:e397b279de1a,e397b279de1a5ff0e991348b212d5bb099d224ec8c133d4d64f747045fd5b449,0.5032029152,if6_consensus_when_public_priors_concordant_with_d4
aayl51,aayl51:0001944:376c7ee72cf3,376c7ee72cf3321398aa5dd66b76b315126655be46e732932e9b777bba357fb5,0.6760053039,if6_consensus_when_public_priors_concordant_with_d4
aayl51,aayl51:0001945:592f2683d0b5,592f2683d0b545930d39cbb2cb9bb529ed5ead8a3632e99868c8abb396a79774,0.936868012,if6_consensus_when_public_priors_concordant_with_d4
aayl51,aayl51:0001946:6b78eaa83249,6b78eaa83249bd92c166a94fd9b149d6df03f8a49bc39ed717c7f9fabfd8a713,0.6512309909,if6_consensus_when_public_priors_concordant_with_d4
aayl51,aayl51:0001947:75efb7fe78e5,75efb7fe78e574d9998efb2902ab1e6cd8852786e054c418c0449f2c3460779c,0.5358493924,if6_consensus_when_public_priors_concordant_with_d4
aayl51,aayl51:0001948:2d6a645274f0,2d6a645274f08542ddbd11674ebaa18788519b88d00effbe01fe42470fc8e1cb,0.8897893429,if6_consensus_when_public_priors_concordant_with_d4
aayl51,aayl51:0001949:2dc79f538778,2dc79f53877886d22ada394e86337d8767a3f470c2f812285309cb188599c22e,0.3490005434,if6_consensus_when_public_priors_concordant_with_d4
aayl51,aayl51:0001950:237f83302b96,237f83302b9680af783fd79d34215b510058a696c48856c5e8936c0ace8b5627,0.3561009467,if6_consensus_when_public_priors_concordant_with_d4
aayl51,aayl51:0001951:c89670875ee6,c89670875ee657969933b9f415a65bc24757f3b0d5ee0c508c8ee8abd26a0bb3,0.7785752416,if6_consensus_when_public_priors_concordant_with_d4
aayl51,aayl51:0001952:89c6b23c8e14,89c6b23c8e141f86b19fbe47a7e94e604a932015c83d87f0154287cb50c3d6b6,0.5574592948,if6_consensus_when_public_priors_concordant_with_d4
aayl51,aayl51:0001953:331d75b2d75b,331d75b2d75bd9085a32f65aeceae6c40114bc3bffc63c1b26fb0db4ad9a70cf,0.5561472774,if6_consensus_when_public_priors_concordant_with_d4
aayl51,aayl51:0001954:7db4ef443218,7db4ef443218d6adb458b166f0a611c65bd1b84b94dabae4cd0d38f568055f15,0.3848884404,if6_consensus_when_public_priors_concordant_with_d4
aayl51,aayl51:0001955:a4b134e1c306,a4b134e1c306abd9edb64315efc4586d44db2e38617431864a48d5ff53dd456d,0.2929690182,if6_consensus_when_public_priors_concordant_with_d4
aayl51,aayl51:0001956:2729ce5fb4f5,2729ce5fb4f59101e95cccbbbac1f0eb914ebf25a81c2fa8d79dfd45ce93b76f,0.5191788077,if6_consensus_when_public_priors_concordant_with_d4
aayl51,aayl51:0001957:af2edfc90892,af2edfc90892f532431d49c4caa95301ee2bac0c10a35c6dd432b52be9da057f,0.3503897488,if6_consensus_when_public_priors_concordant_with_d4
aayl51,aayl51:0001958:831874dc61de,831874dc61de26ac9f8818e723b3e62e1f9754e23bd01c9772763e2d1287a133,0.6570193768,if6_consensus_when_public_priors_concordant_with_d4
aayl51,aayl51:0001959:0f4fdf2f8afe,0f4fdf2f8afe04895137237066708e5753b32f6ea02bf28bef029898a51cdecd,0.7514085174,if6_consensus_when_public_priors_concordant_with_d4
aayl51,aayl51:0001960:14065b1e752d,14065b1e752d0314e1859df9403c73b3f68d5a0bb116bf51fc49690fd02fe3ab,0.6507679224,if6_consensus_when_public_priors_concordant_with_d4
aayl51,aayl51:0001961:1566a3174a2f,1566a3174a2f1a9646f6425f0d8888c0565663a1dd5ec08ed270f1e7b88f69d6,0.709191978,if6_consensus_when_public_priors_concordant_with_d4
aayl51,aayl51:0001962:825bfd39d6e1,825bfd39d6e13cb00f0b4b47f9ce69313addf77d40ccd296f6eeae7c3007d979,0.2658022642,if6_consensus_when_public_priors_concordant_with_d4
aayl51,aayl51:0001963:16d65ebb180c,16d65ebb180cb2d079c00ccc962487e4d39dbcada8b65096a3752e67fe0fe645,0.5059813261,if6_consensus_when_public_priors_concordant_with_d4
aayl51,aayl51:0001964:b27bd5ba5669,b27bd5ba56697e75c9e3a9e0d456a0077ce518956a16d83c673ca33d02461773,0.7564250827,if6_consensus_when_public_priors_concordant_with_d4
aayl51,aayl51:0001965:d839426e3243,d839426e324339da63f9a2edd8fafdc2606020cb4b61215092739b45e2765f40,0.802654922,if6_consensus_when_public_priors_concordant_with_d4
aayl51,aayl51:0001966:a13f4fa700c9,a13f4fa700c96c1c89fe085eac569529c5f742606e85f78add2e8050f374d1af,0.3621208668,if6_consensus_when_public_priors_concordant_with_d4
aayl51,aayl51:0001967:b21fab9cb2d6,b21fab9cb2d6b7806a3bd1815359aa94678a9b0f0c4bcde9ce30a0eb799dba16,0.5378559828,if6_consensus_when_public_priors_concordant_with_d4
aayl51,aayl51:0001968:305f4826b85d,305f4826b85dd89e904af9f81c0c17c61423ea79c31808e19c9ce09b4ec3e28f,0.4251755774,if6_consensus_when_public_priors_concordant_with_d4
aayl51,aayl51:0001969:78ed39d42a99,78ed39d42a99f67a3d72efe9c8cfa68c1d5ce0971092fc60fd62a9fc5cd5f639,0.4245581627,if6_consensus_when_public_priors_concordant_with_d4
aayl51,aayl51:0001970:5a8971d8e622,5a8971d8e622773a8c98fe4dbb034475a809e62d7d87850c513696bdec15231d,0.6645827889,if6_consensus_when_public_priors_concordant_with_d4
aayl51,aayl51:0001971:2d79174e61b0,2d79174e61b0b176b4669edea20d8869f5f16e738b03c5ce21414d4a9534c71d,0.344755739,if6_consensus_when_public_priors_concordant_with_d4
aayl51,aayl51:0001972:f6b25b8bef70,f6b25b8bef70d394e811eb66b512603d0a5696be90bfc8098faaacfeb887a12b,0.6689048409,if6_consensus_when_public_priors_concordant_with_d4
aayl51,aayl51:0001973:5e08a30f239a,5e08a30f239acaf974ee5950643a6a124b6fbd6a9bab5a0ba9b8c88e96930ca5,0.1637724787,if6_consensus_when_public_priors_concordant_with_d4
aayl51,aayl51:0001974:607d42e0d3b2,607d42e0d3b28a8f5d587540c8967b20ae336a2c591f9ab6f3c22c2a59025d17,0.4362120628,if6_consensus_when_public_priors_concordant_with_d4
aayl51,aayl51:0001975:2c9a9f666c18,2c9a9f666c184140285f7d7f168c28ac833abf6021c97c1c396d3ea66dc29836,0.8318283558,if6_consensus_when_public_priors_concordant_with_d4
aayl51,aayl51:0001976:5dd428f99dea,5dd428f99deab53d8cf45ae0e496d2ae2b359a1bae0d4182edf9f8724d92a2c2,0.1693293303,if6_consensus_when_public_priors_concordant_with_d4
aayl51,aayl51:0001977:1da158e9e689,1da158e9e68978e9a6cc9dbdb12417c2a0403c48283df407144ba3d8ad779883,0.4835995734,if6_consensus_when_public_priors_concordant_with_d4
aayl51,aayl51:0001978:1263ee295104,1263ee295104a10565e12b8f1332a0ae6c01bec1bf76fd740411fa98842794ee,0.6491472125,if6_consensus_when_public_priors_concordant_with_d4
aayl51,aayl51:0001979:c537419cf8c0,c537419cf8c0a93c780b88ac66d9e1e3054eb007f07b433a2f15de87b8e265e8,0.7161379457,if6_consensus_when_public_priors_concordant_with_d4
aayl51,aayl51:0001980:60edc64513ed,60edc64513ed1e0cf7fc68bd79e81f0d29c45547c2e40500a0d45a16a3d3447a,0.7494790554,if6_consensus_when_public_priors_concordant_with_d4
aayl51,aayl51:0001981:c3b2db3f8914,c3b2db3f89142beb30db865695b8176a088cb2bc265eddd66a052465962bef21,0.4978775978,if6_consensus_when_public_priors_concordant_with_d4
aayl51,aayl51:0001982:509e52fc7350,509e52fc7350519c351b589ad182d1e3664bc9f8597fc8889ba6fb1cf2c6a796,0.6117928624,if6_consensus_when_public_priors_concordant_with_d4
aayl51,aayl51:0001983:db3d7a32ead4,db3d7a32ead44c2f86e9511f4bd6ab89f091923aaaee6e9d90dd30dbfc8a1675,0.3899050653,if6_consensus_when_public_priors_concordant_with_d4
aayl51,aayl51:0001984:8b932afe9d10,8b932afe9d10599e3a6f24101cd5124fa1014781df5799f1b1a8476b5cc6dbe8,0.3939955235,if6_consensus_when_public_priors_concordant_with_d4
aayl51,aayl51:0001985:e294344d004e,e294344d004ed5841f6ee8a5155cde4872c874c38a8714887ac90f828811b62d,0.5756733418,if6_consensus_when_public_priors_concordant_with_d4
aayl51,aayl51:0001986:5ad9186591a3,5ad9186591a337a48e424ab6ed0d608b6d21949e2071d3c47ee7ffb4d73cde8f,0.6114841104,if6_consensus_when_public_priors_concordant_with_d4
aayl51,aayl51:0001987:0d768020436c,0d768020436c65af10c396fef671f2b420a832f14f42c57154f286221a0e2aa9,0.3250752687,if6_consensus_when_public_priors_concordant_with_d4
aayl51,aayl51:0001988:6af02fa5192a,6af02fa5192acd875071ba6c18c7a06beb5202716073d0c5750a3969a4eceecc,0.6652774811,if6_consensus_when_public_priors_concordant_with_d4
aayl51,aayl51:0001989:3179180435f6,3179180435f6226466a2e5aecdc1f96217f5a36a8396424eb9ef533203577ffb,0.6275372505,if6_consensus_when_public_priors_concordant_with_d4
aayl51,aayl51:0001990:d6c1d9ac7754,d6c1d9ac77542b9b6a4c10b32e1713578b433143e5cd0389804306eee4bc2af7,0.9104731083,if6_consensus_when_public_priors_concordant_with_d4
aayl51,aayl51:0001991:6d7efcd084b6,6d7efcd084b60ba9ca610fd342fbeaabd8bac47a02a3665ae7ebe121264f6f33,0.3009956181,if6_consensus_when_public_priors_concordant_with_d4
aayl51,aayl51:0001992:9b4182ea8e7c,9b4182ea8e7c96385de74497b2d3cea212c03346678096145781d5605171f53f,0.2488230318,if6_consensus_when_public_priors_concordant_with_d4
aayl51,aayl51:0001993:05aef5f1148c,05aef5f1148c666f846521ad499c55ea931eb0e0657801e5ff81dc54d95b8f7d,0.6131048799,if6_consensus_when_public_priors_concordant_with_d4
aayl51,aayl51:0001994:d867094fd8de,d867094fd8ded1504b5b784cd0ecaf4d9537a74f1b9b38be66b2c5dd235d9c3a,0.804815948,if6_consensus_when_public_priors_concordant_with_d4
aayl51,aayl51:0001995:9123418ee500,9123418ee500d922138e62541da823add23420c67c3116d966cd195275b9a54c,0.3378096819,if6_consensus_when_public_priors_concordant_with_d4
aayl51,aayl51:0001996:b97eca462c74,b97eca462c74a646e7ecd8df5a1cb69dcdb16491601e3143bc62c0c941284ea0,0.4254842699,if6_consensus_when_public_priors_concordant_with_d4
aayl51,aayl51:0001997:46ddb5776bb6,46ddb5776bb6856dc6ba62ff53b7ea1785dd943e9a4a872590df95206d306242,0.7525661588,if6_consensus_when_public_priors_concordant_with_d4
aayl51,aayl51:0001998:b6e3024bd259,b6e3024bd259d7daede0f4dccb4c839202643fa83e848b8b8db2cfa1af840043,0.7865245938,if6_consensus_when_public_priors_concordant_with_d4
aayl51,aayl51:0001999:d4728c54d60d,d4728c54d60deac454c95894831bcc3c1fb2c91b8e9d6b11d933fd33f223c528,0.6168866754,if6_consensus_when_public_priors_concordant_with_d4
aayl51,aayl51:0002000:2217ebd19d70,2217ebd19d70cf8901c91cb21f98f8d740bb86b7643a26370eec08aa8c0166ba,0.8335263133,if6_consensus_when_public_priors_concordant_with_d4
aayl51,aayl51:0002001:831edd80b295,831edd80b295748b4f208ce90b870646c78615aa10191d3a2beeb74c9dbc32e3,0.7179902196,if6_consensus_when_public_priors_concordant_with_d4
aayl51,aayl51:0002002:ac2b52b1022e,ac2b52b1022e678f265e6f35797a48c7e33f861485b45125b7390a721e1b84fd,0.4149880409,if6_consensus_when_public_priors_concordant_with_d4
aayl51,aayl51:0002003:f3ad3403c7f9,f3ad3403c7f90dd9fd048c36b88471c1b05fab530d8fd6e5a3e6b74dd80162e2,0.6930616498,if6_consensus_when_public_priors_concordant_with_d4
aayl51,aayl51:0002004:ed4dbc23bfb6,ed4dbc23bfb6a7a601faeaa5350386880a4fd0a48c87c56bb9cb1778e1a93c88,0.6698309779,if6_consensus_when_public_priors_concordant_with_d4
aayl51,aayl51:0002005:c45d77d0e3f2,c45d77d0e3f25c98318d3ea3b48b76ffdf224d704f69e7aacd159a9dfb6ceefb,0.344678551,if6_consensus_when_public_priors_concordant_with_d4
aayl51,aayl51:0002006:8a3c4f6f7c2f,8a3c4f6f7c2fc789f879d5ca34f2274f36ab4d14512df1e7570992f13817cfb3,0.7592036128,if6_consensus_when_public_priors_concordant_with_d4
aayl51,aayl51:0002007:49cdf8bdc819,49cdf8bdc8196a93eeb74208d5e1c7a4f3fe017e27c94d4488bfac86d1d4dead,0.7761828303,if6_consensus_when_public_priors_concordant_with_d4
aayl51,aayl51:0002008:2a28f6be52f3,2a28f6be52f37be0fc360e3e710e62ba7984fbf6f1e15b18d878d9583d91c69e,0.7298757434,if6_consensus_when_public_priors_concordant_with_d4
aayl51,aayl51:0002009:ebb94a4e17df,ebb94a4e17df15119eda855e103159194a6ef67332e15399a33743eda1cf4aff,0.7022458911,if6_consensus_when_public_priors_concordant_with_d4
aayl51,aayl51:0002010:e2ac2746293a,e2ac2746293a78c60ed98188804bdddf3fde120fecf45798c46b524727a66e5b,0.6902060509,if6_consensus_when_public_priors_concordant_with_d4
aayl51,aayl51:0002011:f8bc2a938a18,f8bc2a938a189581d58c0861effb0a8f0bc18c5aae60cb4d4cc7a11e0950f26a,0.4302693307,if6_consensus_when_public_priors_concordant_with_d4
aayl51,aayl51:0002012:5efd12334f8a,5efd12334f8a0c27245ae28b91cbee21e729fc05c93394df815aee70bcb7cb42,0.7081885934,if6_consensus_when_public_priors_concordant_with_d4
aayl51,aayl51:0002013:440dfc4ed59f,440dfc4ed59fa989a7e67cd3b823575ecd0ed81b4d453b27ed1b5c747ca51d0e,0.3165084422,if6_consensus_when_public_priors_concordant_with_d4
aayl51,aayl51:0002014:77065927ffda,77065927ffda982472d981de988954db84a7068feabbed05cd8386ba6d96d235,0.1552056819,if6_consensus_when_public_priors_concordant_with_d4
aayl51,aayl51:0002015:44c9ba33b5a1,44c9ba33b5a1b46a17f203924bc6f8e0422636c685731ef5ce9148e8967df701,0.7326541543,if6_consensus_when_public_priors_concordant_with_d4
aayl51,aayl51:0002016:add636243319,add63624331930a8f3af17ec811dd80ebe45272b0ddf385d1cbc5a4229a47e31,0.842942059,if6_consensus_when_public_priors_concordant_with_d4
aayl51,aayl51:0002017:0f5d85b51a1c,0f5d85b51a1c3972a09bcec26d35df12926a573d2a0cae470bb925b86588327a,0.3730801642,if6_consensus_when_public_priors_concordant_with_d4
aayl51,aayl51:0002018:250d9750e7f7,250d9750e7f7bd4b63b4fca90e030186898be79359ac609b75ea0336b57e2ad6,0.2653392255,if6_consensus_when_public_priors_concordant_with_d4
aayl51,aayl51:0002019:51c9085937cb,51c9085937cba37921e7d93b8427bc0da6c7242f20e336c305337f46fccb6955,0.2485143095,if6_consensus_when_public_priors_concordant_with_d4
aayl51,aayl51:0002020:919c3f4c48cc,919c3f4c48cc09c664cade8271fe43b0e8eb3449d3294028a9844b3f932ee013,0.7694682479,if6_consensus_when_public_priors_concordant_with_d4
aayl51,aayl51:0002021:1a87aae61b08,1a87aae61b08de654c4bc7c620a0664fd9c8bb0987a48cd6f5bc46c1a4f91d7c,0.8430191875,if6_consensus_when_public_priors_concordant_with_d4
aayl51,aayl51:0002022:d990fb544d1d,d990fb544d1d09afb40f9ed3f6db5740ea9e1b1cb63a1f748d8071d0d66b480a,0.6871960759,if6_consensus_when_public_priors_concordant_with_d4
aayl51,aayl51:0002023:63578c27f794,63578c27f79418a4aee714e91796216e9e80b3e91cc89c2aaf3ce3bed6b92720,0.2982171774,if6_consensus_when_public_priors_concordant_with_d4
aayl51,aayl51:0002024:3968097de0dd,3968097de0dde64d5aff019432ce1518747b3426621186dbeebca19f46b17823,0.1692521572,if6_consensus_when_public_priors_concordant_with_d4
aayl51,aayl51:0002025:f09a6b33e84b,f09a6b33e84b88a4a47cdfee0a153b278cc60e0cfc2b44386658ebaaa85fb5b2,0.1626919657,if6_consensus_when_public_priors_concordant_with_d4
aayl51,aayl51:0002026:c085f7541a95,c085f7541a9594fea247401d96e52d25a73446286f672bb80cde6798adcaaaf0,0.4719456732,if6_consensus_when_public_priors_concordant_with_d4
aayl51,aayl51:0002027:338610729e98,338610729e983186002b7a97eec5900ed4f08b00375bc138fbb3ca28a45ef681,0.8413212895,if6_consensus_when_public_priors_concordant_with_d4
aayl51,aayl51:0002028:81d90191e00f,81d90191e00f0912128f7b73f04f20c3fbbe0ab9f48cee4ce8644a4daffcda57,0.2621748745,if6_consensus_when_public_priors_concordant_with_d4
aayl51,aayl51:0002029:f9c87231f451,f9c87231f451a45aa91ecd4fffc2e784cc2f3a956d1fe872b6c464742d7066d7,0.7014741302,if6_consensus_when_public_priors_concordant_with_d4
aayl51,aayl51:0002030:8bef6aba555d,8bef6aba555d19d9adb7dd3674c92f1eb498bc264d3a7aceba3bad7aeb9905fe,0.4961024821,if6_consensus_when_public_priors_concordant_with_d4
aayl51,aayl51:0002031:b5cd17f01488,b5cd17f014883d2b2d3eef8271abc68988496fcc93e4795cf9bf240b4895b8b0,0.7348151207,if6_consensus_when_public_priors_concordant_with_d4
aayl51,aayl51:0002032:ec281e0b5e3c,ec281e0b5e3c8de3c925f4cc04a31b7a6d3a677772058ad3127153b2aced23e2,0.5569190383,if6_consensus_when_public_priors_concordant_with_d4
aayl51,aayl51:0002033:3986a46a8df9,3986a46a8df94b0be3bd7d43eb6ebb543e5f19dcc70224afc66beb81e98383a3,0.957629025,if6_consensus_when_public_priors_concordant_with_d4
aayl51,aayl51:0002034:91815145f95c,91815145f95c78f9aacb74ca59ddd34f900c70cc222f2c269031c07bddbac157,0.1889326125,if6_consensus_when_public_priors_concordant_with_d4
aayl51,aayl51:0002035:e0c146bec2c9,e0c146bec2c975ac027acdc73edb6bd358b3c1814e81f32158a08300d9a79b35,0.4636875689,if6_consensus_when_public_priors_concordant_with_d4
aayl51,aayl51:0002036:9416eb756171,9416eb75617153fa4d2b754479cc4ddeaa78ec4fc9c2b9665347e36461d083b7,0.6503048539,if6_consensus_when_public_priors_concordant_with_d4
aayl51,aayl51:0002037:341f17e7a8df,341f17e7a8df1d761af58235e2b537874a1460a7c714b98d02d9df8a40515d3a,0.6343289018,if6_consensus_when_public_priors_concordant_with_d4
aayl51,aayl51:0002038:4409eebbad99,4409eebbad99bbb49ffff5ba28ecf916ddecf352e22474a1d805b65fd24d8c66,0.7795786262,if6_consensus_when_public_priors_concordant_with_d4
aayl51,aayl51:0002039:94e628995424,94e62899542427f8930ea5795c50154a4633534ad7a7dc10c72cf4d6288a68ba,0.670062542,if6_consensus_when_public_priors_concordant_with_d4
aayl51,aayl51:0002040:5783bab1b12b,5783bab1b12b211ab8dd55a00a912ee77ade70d9344be4fff0fe41f94f4121f7,0.5052867532,if6_consensus_when_public_priors_concordant_with_d4
aayl51,aayl51:0002041:571f20425499,571f20425499ea8edc549167bb6c8192ff00c0465df1c4561e665c519ebb81ed,0.5894883275,if6_consensus_when_public_priors_concordant_with_d4
aayl51,aayl51:0002042:2b8afff60715,2b8afff60715095dff734f253f322b5ff994442b585519d09ad769c351b4d8d9,0.3471482694,if6_consensus_when_public_priors_concordant_with_d4
aayl51,aayl51:0002043:7d15f002b072,7d15f002b072b485b5efd4cfde051b2f975e43aec098c174e40046d9b5d5b05c,0.5966658592,if6_consensus_when_public_priors_concordant_with_d4
aayl51,aayl51:0002044:b486ee3b500e,b486ee3b500e59e2b25c658f6d4b8480f9c5ea148d20eb4118bbac1a570f1961,0.688739717,if6_consensus_when_public_priors_concordant_with_d4
aayl51,aayl51:0002045:61c96842a32a,61c96842a32a8b568219799f3bbb65d37ceba835084ca88dbbe8699e5535de9e,0.2190321833,if6_consensus_when_public_priors_concordant_with_d4
aayl51,aayl51:0002046:6132a01eb1d4,6132a01eb1d4d64dc90fb51a2de75cbfbfd898c1a0a4f199c4487e22cdfaa605,0.2966736257,if6_consensus_when_public_priors_concordant_with_d4
aayl51,aayl51:0002047:7841a253243c,7841a253243cbccb16edb4af89b265360508ff88ff959c437f864bca96f5e67f,0.1839160323,if6_consensus_when_public_priors_concordant_with_d4
aayl51,aayl51:0002048:73ebbe2ff1bf,73ebbe2ff1bff2248054f194df3b464d2f3bd36d8b6a905eafd9cdb4af91aee2,0.442386359,if6_consensus_when_public_priors_concordant_with_d4
aayl51,aayl51:0002049:7e4113d335db,7e4113d335db55c0596ca3041ce9f296246949cc084ba3e2bcc3bea446ad2c06,0.4592884481,if6_consensus_when_public_priors_concordant_with_d4
aayl51,aayl51:0002050:3e7d40c958b2,3e7d40c958b2966fb651405e5892fe5a0588a43ca2599eb6ee0290f8b768721d,0.7170641422,if6_consensus_when_public_priors_concordant_with_d4
aayl51,aayl51:0002051:479192663a9a,479192663a9aa8e2ce88bc87cacbae14c6b702c683c91bd5c52e3b0dab1441a6,0.4450104237,if6_consensus_when_public_priors_concordant_with_d4
aayl51,aayl51:0002052:d2b3b4d444e6,d2b3b4d444e64f071ebbaae47015e4ed03af05c55523297ce1288d0ee9524105,0.5864011645,if6_consensus_when_public_priors_concordant_with_d4
aayl51,aayl51:0002053:b5adfa31bb07,b5adfa31bb0729d946c25347fdbbb6dccf2b4b505220ae20ff5dd289601330d5,0.7387512326,if6_consensus_when_public_priors_concordant_with_d4
aayl51,aayl51:0002054:5f0cc6e69ce9,5f0cc6e69ce9ff1c32f5672d6194cde26517875b90d66dc2d87f57c25f4536fd,0.441228658,if6_consensus_when_public_priors_concordant_with_d4
aayl51,aayl51:0002055:ef1543f06946,ef1543f069464d6b217bff41330514e5283b892572ff017fc953676f7adb9902,0.6462144256,if6_consensus_when_public_priors_concordant_with_d4
aayl51,aayl51:0002056:abf172744f82,abf172744f826cfc248b3ed361a4329aee1e854cc85060f5341b09bc72b4302d,0.6300840974,if6_consensus_when_public_priors_concordant_with_d4
aayl51,aayl51:0002057:ca5c35db53e8,ca5c35db53e8ec4934ea073f48e85921adecb8b7fc01d673379dbb759b4fe15c,0.29289186,if6_consensus_when_public_priors_concordant_with_d4
aayl51,aayl51:0002058:465b9f1337d6,465b9f1337d6347c6406d40624ab7b9c0367b1ef4c453df96b1edd0a794fe457,0.4947133064,if6_consensus_when_public_priors_concordant_with_d4
aayl51,aayl51:0002059:01abda38cf10,01abda38cf1092808fa7cfff2cd1dac29419d9a2238c5208acc8820c45604b3d,0.7159064412,if6_consensus_when_public_priors_concordant_with_d4
aayl51,aayl51:0002060:3e1e55565056,3e1e55565056c4ef8482ac381339e056f32433a1459e45e738172df446f6da0f,0.8324458003,if6_consensus_when_public_priors_concordant_with_d4
aayl51,aayl51:0002061:8d484b34109d,8d484b34109dc4d2a98084f283050711c8ac77b4aec47514c4645f628f8e76dd,0.3804893196,if6_consensus_when_public_priors_concordant_with_d4
aayl51,aayl51:0002062:7ad05c8b182c,7ad05c8b182cf42b87039d4948f32f5142aeb90c6b35abeea36ec9b9a70ab8e7,0.3665200174,if6_consensus_when_public_priors_concordant_with_d4
aayl51,aayl51:0002063:9584f436ff21,9584f436ff21c2bff032088faa1934f4faa795a47e4d497f2489c2c511ce1e83,0.8181677461,if6_consensus_when_public_priors_concordant_with_d4
aayl51,aayl51:0002064:52c57c366e73,52c57c366e73b8af7222963ddd5d16b9c85d65b0225a2a70ea930534e8b5b0f7,0.4854519069,if6_consensus_when_public_priors_concordant_with_d4
aayl51,aayl51:0002065:d385b02c835c,d385b02c835cbd03f91b02cca982caa3fc2ec16595247dc45124730e56d7e863,0.3216793835,if6_consensus_when_public_priors_concordant_with_d4
aayl51,aayl51:0002066:f582aee419b9,f582aee419b9c4422b4034da3ba03af8342ef39185e5924f381e2df7ded9d4cc,0.4792004526,if6_consensus_when_public_priors_concordant_with_d4
aayl51,aayl51:0002067:3657c575681d,3657c575681dfee21945f055507d3770248c2c0f223552e166298126080dc267,0.4739522636,if6_consensus_when_public_priors_concordant_with_d4
aayl51,aayl51:0002068:31698c249980,31698c249980dbe0ff5f9d6d1810b2753d3cfd7c76b19a9afd6a714cbc9c8d2d,0.7946283817,if6_consensus_when_public_priors_concordant_with_d4
aayl51,aayl51:0002069:ca0301ef8a96,ca0301ef8a961b49fcba515cc368d83657c7f9ee6073b0ead8adfaca0862ba38,0.5988268852,if6_consensus_when_public_priors_concordant_with_d4
aayl51,aayl51:0002070:ab01b5fa57b6,ab01b5fa57b63ebd21bf23f08530478edbc6574e091a16fcc6c37a1095ecaf8f,0.6628077626,if6_consensus_when_public_priors_concordant_with_d4
aayl51,aayl51:0002071:8e3ef11ff7e0,8e3ef11ff7e060a858de30c83016d814bffb7834cc5cf1ba7b818ac7c1953702,0.1955699474,if6_consensus_when_public_priors_concordant_with_d4
aayl51,aayl51:0002072:c356902ad11b,c356902ad11b2453ad1e5812a4be15dd3fa8ea0c4943e5bc32767e7ead71de3d,0.3362661302,if6_consensus_when_public_priors_concordant_with_d4
aayl51,aayl51:0002073:b2f8e9817d1d,b2f8e9817d1d75a61611445a83f9f4e0fe287980b8dfdb2e9c7a01f88eb5bbe6,0.341822952,if6_consensus_when_public_priors_concordant_with_d4
aayl51,aayl51:0002074:6b34b53954d8,6b34b53954d81afb585fb4a9a9184de099da5f2302c703fbedd0f18e6cc3cda4,0.1968819946,if6_consensus_when_public_priors_concordant_with_d4
aayl51,aayl51:0002075:2cd96af06f68,2cd96af06f68f3b791cf5a1e0ac8ff8bb8ab6c1484422b7ba72a617f2c25117b,0.2401018739,if6_consensus_when_public_priors_concordant_with_d4
aayl51,aayl51:0002076:fd386374818a,fd386374818a22f787efc1abdbb5a909dc64560cf86ceef7d30067d3828caadf,0.447865963,if6_consensus_when_public_priors_concordant_with_d4
aayl51,aayl51:0002077:9a53335b1495,9a53335b1495dd0a9bfbc85bd9e9af4a716067206d6333e78a712c68f1842ae2,0.1660878211,if6_consensus_when_public_priors_concordant_with_d4
aayl51,aayl51:0002078:059362d2be48,059362d2be4831d6f82b18334ecd541e9d4f1c32dfa64d751ea921ffb0b89e1b,0.5623214841,if6_consensus_when_public_priors_concordant_with_d4
aayl51,aayl51:0002079:339e7691a978,339e7691a9787f59db2815852ea4888f05168bc0de6a7dba582e25b9c066451c,0.6697537899,if6_consensus_when_public_priors_concordant_with_d4
aayl51,aayl51:0002080:54c634e593d3,54c634e593d302d7199ab539bd9989855b355e9ff7c3cbd24c5217576ee39927,0.7402947545,if6_consensus_when_public_priors_concordant_with_d4
aayl51,aayl51:0002081:e826877b2f35,e826877b2f3580f734ea045e9e7cee5987a6695ca56d6fbd4968efee0c698daa,0.217797339,if6_consensus_when_public_priors_concordant_with_d4
aayl51,aayl51:0002082:20e45ad225d8,20e45ad225d800d1540ef70ef36f5b7dedd9f83f840ae98b61c33e28b7638f1a,0.220730111,if6_consensus_when_public_priors_concordant_with_d4
aayl51,aayl51:0002083:49db18dee62c,49db18dee62cd89404ed8b396e1e6a86a77a62fa5441ec275972f5e5438213e4,0.3847341239,if6_consensus_when_public_priors_concordant_with_d4
aayl51,aayl51:0002084:10b2ca62177f,10b2ca62177f207d54e3d468538e7e6834ba978a62ad3a518c0cca45111119f2,0.2438836098,if6_consensus_when_public_priors_concordant_with_d4
aayl51,aayl51:0002085:906f58dfb7c9,906f58dfb7c913a3821a89385d3d2933006471aa97049084a6c845f0f0406154,0.3124952018,if6_consensus_when_public_priors_concordant_with_d4
aayl51,aayl51:0002086:67fc2a05b306,67fc2a05b3069a06d3bd8bb6a01d7165e7fe7443bd954917e075766da5123e29,0.4103573263,if6_consensus_when_public_priors_concordant_with_d4
aayl51,aayl51:0002087:64999538e528,64999538e5286c0f8313ea28bce98f88c3b598233792b3d4b0a4fd0082e517c9,0.4284942448,if6_consensus_when_public_priors_concordant_with_d4
aayl51,aayl51:0002088:9ef298067037,9ef298067037ab6346ef839f26f30fa7fb86844626bd4b80d3e402327bfae97a,0.3665200174,if6_consensus_when_public_priors_concordant_with_d4
aayl51,aayl51:0002089:dda8d0bdc7c7,dda8d0bdc7c796a221f58d53a0ff8a512e5fcb9d7516ac27dd8cd6fa888d5a63,0.7455429435,if6_consensus_when_public_priors_concordant_with_d4
aayl51,aayl51:0002090:50b2f397ad4a,50b2f397ad4aec43a92a81c369aab3f56ba5d40e412de0af6a6ec662682307c6,0.9310025573,if6_consensus_when_public_priors_concordant_with_d4
aayl51,aayl51:0002091:cb9c603788d1,cb9c603788d1838e6bc33cfd8d365d74a2b75e5aa2360b0624cae86aaed5a21f,0.6405803561,if6_consensus_when_public_priors_concordant_with_d4
aayl51,aayl51:0002092:7f0701634622,7f0701634622cfea7636221d9e0af06518a6b65422d4cf49e7c1aa322c9001f3,0.8141544461,if6_consensus_when_public_priors_concordant_with_d4
aayl51,aayl51:0002093:9a2ad0642401,9a2ad0642401874a06288b64e5ec6bcff30e71bef29844f6b7a2b788f0bebcb4,0.7983329892,if6_consensus_when_public_priors_concordant_with_d4
aayl51,aayl51:0002094:f6021e75cae4,f6021e75cae4c410b1dce9e5dcfa8d376c3a6ae6c21440c43537f976fc31c739,0.4903912842,if6_consensus_when_public_priors_concordant_with_d4
aayl51,aayl51:0002095:8743f83d9f7b,8743f83d9f7ba9d617ddceed2611de045ea5cf0a997e6ea2be58ee371f81195c,0.507602036,if6_consensus_when_public_priors_concordant_with_d4
aayl51,aayl51:0002096:2c856276d7d7,2c856276d7d7139bf200d28a3c9b5e7fea39643938efb1c4aa6a213e2a45eea2,0.1853052378,if6_consensus_when_public_priors_concordant_with_d4
aayl51,aayl51:0002097:b2ed68eeec01,b2ed68eeec01a15c0e46168a8b7f8a009330e5a57a16f2acd8a055598887f20f,0.4511846602,if6_consensus_when_public_priors_concordant_with_d4
aayl51,aayl51:0002098:7bb69bc84692,7bb69bc846926ad8511040131e3d911ae6cea1f85a401392179755cbbdd90196,0.228447929,if6_consensus_when_public_priors_concordant_with_d4
aayl51,aayl51:0002099:d6d68e527fa1,d6d68e527fa1ba9af69e9ae5f38367317ced40e9c0d9ee52693587c9f400c80f,0.5243111849,if6_consensus_when_public_priors_concordant_with_d4
aayl51,aayl51:0002100:e14ee81184ea,e14ee81184ea2a737159109cc42701a0d7f427a6b66fab40c9ab4430beb36c2a,0.4019449055,if6_consensus_when_public_priors_concordant_with_d4
aayl51,aayl51:0002101:3de7f70cdd7d,3de7f70cdd7d75227fb43a8fcf60c9365f6dc61ef90a44ccf01cee1db5eb24ea,0.7263255119,if6_consensus_when_public_priors_concordant_with_d4
aayl51,aayl51:0002102:ccad708544a0,ccad708544a0bdce0654e4e9e2afeda94d2e4cbc8dcc52eefd5fe7294d24fd6d,0.3486918211,if6_consensus_when_public_priors_concordant_with_d4
aayl51,aayl51:0002103:22a0062d90a7,22a0062d90a77ba4b376bface712d3fdd7b18e91a4b50291c1ff8f647af25957,0.6694450378,if6_consensus_when_public_priors_concordant_with_d4
aayl51,aayl51:0002104:ce0ec3ff358c,ce0ec3ff358cc8b826f45ac4ab70fdf4f8b4f645ca6c037a5d943dad4da9822f,0.6310874224,if6_consensus_when_public_priors_concordant_with_d4
aayl51,aayl51:0002105:5cf176b946eb,5cf176b946eb7b698c605ed88edc565eff8e9c7bbd34062c354ae67f63713172,0.7047927976,if6_consensus_when_public_priors_concordant_with_d4
aayl51,aayl51:0002106:702759bbe5ef,702759bbe5ef49e70d062ef0d97e6cb85595ce1fd6f3428853a5c0ff777c5d24,0.7893802524,if6_consensus_when_public_priors_concordant_with_d4
aayl51,aayl51:0002107:795b2923fc60,795b2923fc60e99c6846d03808b4238086656f8c8b7312704f719e84ed951923,0.7516400814,if6_consensus_when_public_priors_concordant_with_d4
aayl51,aayl51:0002108:a60310ce95ea,a60310ce95ea73c3a191bc1a3dcf7677164916c183de182a0994d13b73bb0ae7,0.4483290911,if6_consensus_when_public_priors_concordant_with_d4
aayl51,aayl51:0002109:7e8fe3d741e1,7e8fe3d741e107ea47cfd236c02b7f57386f29c36d58d52ac53cce412b50e10b,0.6795554161,if6_consensus_when_public_priors_concordant_with_d4
aayl51,aayl51:0002110:8fde8d1b3874,8fde8d1b3874758c1694fb12ec06fc91c6dae2fcebefcc4a1f8387eb1d09ffd9,0.28725788,if6_consensus_when_public_priors_concordant_with_d4
aayl51,aayl51:0002111:c6fde23840a1,c6fde23840a1104a77ab79288db421acfbabe1abf76c1c6eee9900ee91001197,0.5823107362,if6_consensus_when_public_priors_concordant_with_d4
aayl51,aayl51:0002112:16935cb61b4c,16935cb61b4c889cde8b45b6a85814ba67db1bed21a6a67b4549357b11ad33f8,0.551825285,if6_consensus_when_public_priors_concordant_with_d4
aayl51,aayl51:0002113:1076d2530aeb,1076d2530aeb42736b3cb4d8f71456d9820fbea5020fc9bc9db256002e8eeb78,0.3927606642,if6_consensus_when_public_priors_concordant_with_d4
aayl51,aayl51:0002114:e3397290d9dc,e3397290d9dc2b2c014e3a0d5f2771037f738ca0ac648512f168ca8c29013b3e,0.4332021475,if6_consensus_when_public_priors_concordant_with_d4
aayl51,aayl51:0002115:a5f79dcff66b,a5f79dcff66bdd9cdab7b1fe123962a0eca2df489899f02d0c46d3aed4e433a6,0.5342285633,if6_consensus_when_public_priors_concordant_with_d4
aayl51,aayl51:0002116:f9900197b792,f9900197b792b90542e1d480bceb7787462127a660cc7d8c0af831119e469833,0.3767847717,if6_consensus_when_public_priors_concordant_with_d4
aayl51,aayl51:0002117:9feb1f1d78a4,9feb1f1d78a48a894890c6fe32d08012e86e72246ec6d844e0a55449a9b73ba4,0.5180211663,if6_consensus_when_public_priors_concordant_with_d4
aayl51,aayl51:0002118:cec26975881a,cec26975881a88ce5fae857bddf91f1087cbf4feb6f8afe19a87aeb30cffb247,0.7585861087,if6_consensus_when_public_priors_concordant_with_d4
aayl51,aayl51:0002119:e724536a1026,e724536a1026652136d1908cf6480a9dc3d86acbf2b31f12b119dc446a6891ea,0.745002687,if6_consensus_when_public_priors_concordant_with_d4
aayl51,aayl51:0002120:8cb2f347caa9,8cb2f347caa9b7f703a810744207626e596f4b6761fe92189b3716bad1770cac,0.780967772,if6_consensus_when_public_priors_concordant_with_d4
aayl51,aayl51:0002121:ec62cfc1a5a6,ec62cfc1a5a6e549d6abc3d0a487c0755e3c07f2e40933871df5f43d2db84325,0.7391371727,if6_consensus_when_public_priors_concordant_with_d4
aayl51,aayl51:0002122:fc9f70e458ca,fc9f70e458ca85566435a65b7638e131ff9f5ccc8d3784b674b8927e423056de,0.880913794,if6_consensus_when_public_priors_concordant_with_d4
aayl51,aayl51:0002123:afef60379023,afef6037902310f1ad6511d6a317de90cc3ba7859f65ac122e1049fe0cc2e8bd,0.1146098599,if6_consensus_when_public_priors_concordant_with_d4
aayl51,aayl51:0002124:882dee9d8660,882dee9d8660f535b4e12ec2638d0bb543cf2da9a3a7f1f1034bd1f44c64134d,0.549664259,if6_consensus_when_public_priors_concordant_with_d4
aayl51,aayl51:0002125:37857fb63129,37857fb6312950d4d7286f56cd5e2249f66456e124338c66e021f392cb4c1d79,0.510689199,if6_consensus_when_public_priors_concordant_with_d4
aayl51,aayl51:0002126:a3741249dd23,a3741249dd2375f7ac02940f64764b6dc2916c30cbe297aaaecddb1592fe39e9,0.2165624648,if6_consensus_when_public_priors_concordant_with_d4
aayl51,aayl51:0002127:4bb1f4b5279e,4bb1f4b5279e653808e1b8464a2ddcef96c20658ba3ecf326fe9a557d2c462a7,0.07987960428,if6_consensus_when_public_priors_concordant_with_d4
aayl51,aayl51:0002128:64fb26e3e72b,64fb26e3e72bdc57f49858d0045cdbac408318e7b1e99c1b1bd8931ccb118c32,0.150420621,if6_consensus_when_public_priors_concordant_with_d4
aayl51,aayl51:0002129:3255cbd89976,3255cbd8997602966186c3af27b6eec52c676c9da97558c0063023b1f25b484b,0.1887010783,if6_consensus_when_public_priors_concordant_with_d4
aayl51,aayl51:0002130:217a766eac08,217a766eac08ab52f539c0e1d170c998254761fc376e98582ebc9cff4cf9eccf,0.343598038,if6_consensus_when_public_priors_concordant_with_d4
aayl51,aayl51:0002131:8bf21de22a37,8bf21de22a37ca83f58eb44b4cb3dd093c776815d409d9e7d75ace3d46ec0437,0.4530369341,if6_consensus_when_public_priors_concordant_with_d4
aayl51,aayl51:0002132:ee5c12659428,ee5c126594285ea04ef231c470e2fcaebcf13879083b197c3edd23c4b0d743ea,0.5368526578,if6_consensus_when_public_priors_concordant_with_d4
aayl51,aayl51:0002133:944a7c42aa7a,944a7c42aa7a375dc9cddad3b98712e3f318159326eb49a18e36d635232fd691,0.5593115687,if6_consensus_when_public_priors_concordant_with_d4
aayl51,aayl51:0002134:f42fcc9502dd,f42fcc9502ddb32dfc3a7ad4adbb70489ea6a5ce4db0c53929052dc8bb5c3055,0.5076792836,if6_consensus_when_public_priors_concordant_with_d4
aayl51,aayl51:0002135:b0d1aa78a91b,b0d1aa78a91b34b3991f82e56f969d515f8f4ab6860240d3eb901ba418def449,0.3966195881,if6_consensus_when_public_priors_concordant_with_d4
aayl51,aayl51:0002136:e70d298ae19a,e70d298ae19ac4f710e5a9df607b355a661b52ff49ab743bb7335bcbbbe8d00e,0.7020915151,if6_consensus_when_public_priors_concordant_with_d4
aayl51,aayl51:0002137:78ee9ddbec39,78ee9ddbec393589f1c1f8fac9d8cd55a0ceec1f8ea2fba808568a5283c2312b,0.4913174212,if6_consensus_when_public_priors_concordant_with_d4
aayl51,aayl51:0002138:5e2b8dcf888c,5e2b8dcf888cee99ddc075ee560644f7c0c995e81552f97f00005404cdde0494,0.683491528,if6_consensus_when_public_priors_concordant_with_d4
aayl51,aayl51:0002139:9db98d102bc2,9db98d102bc2f5949e5b6b359b5968788a402c93e10e30738a325bae53a12a32,0.5823107362,if6_consensus_when_public_priors_concordant_with_d4
aayl51,aayl51:0002140:376aa11d948e,376aa11d948e95514dcd5a5bf92ed3c1ecb4e30b7f439756cbd26b89a1a8d1e2,0.8976615071,if6_consensus_when_public_priors_concordant_with_d4
aayl51,aayl51:0002141:9da41253d428,9da41253d428bd800e07ca55bb2cc7c23a9d0cbc90a97d5113332bbd3bd20af3,0.5581539273,if6_consensus_when_public_priors_concordant_with_d4
aayl51,aayl51:0002142:1dbffa24b9d9,1dbffa24b9d9bf9122fbf0376d8c7f6318b22aebf41d434c5b0a82e3596828ee,0.3738519847,if6_consensus_when_public_priors_concordant_with_d4
aayl51,aayl51:0002143:12dee7430d0f,12dee7430d0f34d9c68fe180e5dd23a65033b4f42125f546f9cb1c3adb8a0e1c,0.282086879,if6_consensus_when_public_priors_concordant_with_d4
aayl51,aayl51:0002144:090ed168d53c,090ed168d53c7d264b893251dcf4e2d634bb27bdf775d64f9aded64ee22ff2c2,0.2803889811,if6_consensus_when_public_priors_concordant_with_d4
aayl51,aayl51:0002145:927a46c0bd07,927a46c0bd07a7c94c6b8a5b8d0b33c00129496137b3a9d20eeeddbfbf0d597f,0.2663425207,if6_consensus_when_public_priors_concordant_with_d4
aayl51,aayl51:0002146:ecce15bac517,ecce15bac51789664b4fe866e8357632ba1fa77e50846c53a4b8af64add263eb,0.6211314201,if6_consensus_when_public_priors_concordant_with_d4
aayl51,aayl51:0002147:740e4e020a16,740e4e020a16bc2792c9c17e60b6d364b03f57d2a171d7c0657bc7eb71bef6a3,0.3918344975,if6_consensus_when_public_priors_concordant_with_d4
aayl51,aayl51:0002148:352c77f7d288,352c77f7d2883620ede2c5408cc6d08a77af6951c8dca54981bda8b1ab742ed8,0.281160742,if6_consensus_when_public_priors_concordant_with_d4
aayl51,aayl51:0002149:380801f088d9,380801f088d934551c4bddacaeedc9844dd8e7ba2124579e723a4369adc5c5e3,0.8163927197,if6_consensus_when_public_priors_concordant_with_d4
aayl51,aayl51:0002150:f0a565e3912b,f0a565e3912bad3fe92498802483149629d0052e5ee1b6f4c54dffe1243b6ea4,0.2492089272,if6_consensus_when_public_priors_concordant_with_d4
aayl51,aayl51:0002151:8453a78ae70f,8453a78ae70f30358dcc82f4f71dfcb1e7d5fc0f21c9b119ff6f617547ad0e76,0.5248900056,if6_consensus_when_public_priors_concordant_with_d4
aayl51,aayl51:0002152:60de1b49bcc6,60de1b49bcc6e2ae7d5eac9f12f5c3719c1632e451e1815684e3da03a974bb78,0.6521571279,if6_consensus_when_public_priors_concordant_with_d4
aayl51,aayl51:0002153:dbfaa46fb924,dbfaa46fb924c96ce863e782b64387409bc19d1564548d0a9a99ca7c5e6374f1,0.3333333433,if6_consensus_when_public_priors_concordant_with_d4
aayl51,aayl51:0002154:77253e703baa,77253e703baa3f40765849f800d917fa1f25456bb38712c679edef919cd27b39,0.8968124986,if6_consensus_when_public_priors_concordant_with_d4
aayl51,aayl51:0002155:89247f43e64b,89247f43e64bd34d70acf89ada9b763d112633af67e2b3ad7aff71716ebd87c3,0.5515937209,if6_consensus_when_public_priors_concordant_with_d4
aayl51,aayl51:0002156:bd21bc5efbf1,bd21bc5efbf1885e0a8f2a5cb5b31b396852cd145874541eb3fa2cbe0669e944,0.8569113612,if6_consensus_when_public_priors_concordant_with_d4
aayl51,aayl51:0002157:8ad3729907ea,8ad3729907ea70d4c0ed1206b965ff8cba50e36637e7538f5ba482223dafc9ac,0.8039669394,if6_consensus_when_public_priors_concordant_with_d4
aayl51,aayl51:0002158:6f99a2668a3b,6f99a2668a3bd628316878707535035d7c7de64c4759c551218ed9cd4661570e,0.6414293647,if6_consensus_when_public_priors_concordant_with_d4
aayl51,aayl51:0002159:b35c0d50a5fd,b35c0d50a5fde5f7f33486675a5cfd118731a3512a6b3befb228cbadd806336a,0.3675233424,if6_consensus_when_public_priors_concordant_with_d4
aayl51,aayl51:0002160:921517ffe628,921517ffe628491bc4bef7ce8c278de8350bcbde518817280c63043d6d0ca285,0.4800494015,if6_consensus_when_public_priors_concordant_with_d4
aayl51,aayl51:0002161:8340f75073e8,8340f75073e8a187a31cbce0509639ba450bd3b61ebc5dae12ecf90e10b815e9,0.762676537,if6_consensus_when_public_priors_concordant_with_d4
aayl51,aayl51:0002162:d14545e3f103,d14545e3f103ba50a3be32e3c1817100f753006957fba442eb493ed1ee5ce5b8,0.591958046,if6_consensus_when_public_priors_concordant_with_d4
aayl51,aayl51:0002163:216dd4733bf5,216dd4733bf5d77d5d30877263a0bc1cc52f4d30a4dd1204b82e4d83341be921,0.4920120239,if6_consensus_when_public_priors_concordant_with_d4
aayl51,aayl51:0002164:21c9b1d315c5,21c9b1d315c5742c927161b6af6366133444eddbf61cf7c852f33686b7d3e4ff,0.8458747864,if6_consensus_when_public_priors_concordant_with_d4
aayl51,aayl51:0002165:2c28962e9d6c,2c28962e9d6cd47769011a53d9292bbb8637db30483daa1050b717e3f681c99d,0.6884309649,if6_consensus_when_public_priors_concordant_with_d4
aayl51,aayl51:0002166:9799a1b8bd44,9799a1b8bd44515be77084fce69d33cfa725c1022c52c957e4548b870cd7fa2b,0.5988268852,if6_consensus_when_public_priors_concordant_with_d4
aayl51,aayl51:0002167:0d459a969a84,0d459a969a8494e624373985638a8c940df14f8d96e004a9fb4573dc8568a2b3,0.2066836506,if6_consensus_when_public_priors_concordant_with_d4
aayl51,aayl51:0002168:84c5ac018d40,84c5ac018d40e3142a43e7be6ff72ce3d7b9f32d4dda21102574f1c767d8d6a0,0.5468857884,if6_consensus_when_public_priors_concordant_with_d4
aayl51,aayl51:0002169:8ba408a50929,8ba408a509295344cf5b08ec4f61c3f4317aedbc36f9f9901a991b5dd556ad1b,0.0997916162,if6_consensus_when_public_priors_concordant_with_d4
aayl51,aayl51:0002170:0b5ee5f6131c,0b5ee5f6131cf1bf8048ae8a455b80223848c6e526b189a16b165d4b0d730bb6,0.5201821327,if6_consensus_when_public_priors_concordant_with_d4
aayl51,aayl51:0002171:27e6ffe67d4d,27e6ffe67d4d7ec34587c20762cdc28009e53d9c88350c97e5d760957f85b386,0.8968124986,if6_consensus_when_public_priors_concordant_with_d4
aayl51,aayl51:0002172:0ce2cd7fb5ad,0ce2cd7fb5adf53330b1a8ca9dff3fa9587209f700811930cc543eb4f0edbdd8,0.7095778584,if6_consensus_when_public_priors_concordant_with_d4
aayl51,aayl51:0002173:f1c293276de6,f1c293276de6b739a065aac4ee320cfbc4c108f9267807de0d5d4d9a85658361,0.7099637389,if6_consensus_when_public_priors_concordant_with_d4
aayl51,aayl51:0002174:2eb02285ac8b,2eb02285ac8b787c6c037702dda450af0cff4161aadb6832dc32dabe53659fa0,0.9193485379,if6_consensus_when_public_priors_concordant_with_d4
aayl51,aayl51:0002175:ff7303a99b2c,ff7303a99b2c5045d4940f42377f151677bd86766aea1ba05d89f9e143926d29,0.8890946507,if6_consensus_when_public_priors_concordant_with_d4
aayl51,aayl51:0002176:6c3c1ecfbd5e,6c3c1ecfbd5ed65b7f88de7f6f9751f6573a8e253164348d73af59e6f2ef177d,0.4150651991,if6_consensus_when_public_priors_concordant_with_d4
aayl51,aayl51:0002177:dc4eec0f191d,dc4eec0f191d96a32192269700bfbacd39e8c54abf8b9121377536c5c7ddcf75,0.6520799994,if6_consensus_when_public_priors_concordant_with_d4
aayl51,aayl51:0002178:2045768c60e0,2045768c60e0f1a186386754134bcb759e20b4831a729b5c97687e6f8714d74e,0.2575441897,if6_consensus_when_public_priors_concordant_with_d4
aayl51,aayl51:0002179:cba61b5d78c7,cba61b5d78c7f633e08f14a24faa5fc5c2b9733e83f928721a242a192913c3ec,0.4502585828,if6_consensus_when_public_priors_concordant_with_d4
aayl51,aayl51:0002180:398faae33379,398faae3337990244ea7053e8edeadb700f86de67fb2b0149868c5bb0e3a9244,0.4498726428,if6_consensus_when_public_priors_concordant_with_d4
aayl51,aayl51:0002181:3bc74403863a,3bc74403863a6df54536f052951ca66c21d5736f7d181a4fd881ca5690a2bdfb,0.3551748097,if6_consensus_when_public_priors_concordant_with_d4
aayl51,aayl51:0002182:473f0c63dc54,473f0c63dc5491e9a0a60c165425bd0751ab26a57b12136c7b0c72ac8a594e40,0.5495870709,if6_consensus_when_public_priors_concordant_with_d4
aayl51,aayl51:0002183:89915aa8e29c,89915aa8e29c9db77b14ba6db74f2a4e6a943a1698af82fd12d8902926c2fb6b,0.7750250697,if6_consensus_when_public_priors_concordant_with_d4
aayl51,aayl51:0002184:a377d0311364,a377d031136443704f6faae38a5ef622dc9b9bc87e6a269e9bc635bc59eff70d,0.5001929402,if6_consensus_when_public_priors_concordant_with_d4
aayl51,aayl51:0002185:69b5ccbe4433,69b5ccbe443357cd0ecb55d22988c5d9881c1aa81c4dd81809418d9cf53f252b,0.1375318468,if6_consensus_when_public_priors_concordant_with_d4
aayl51,aayl51:0002186:9c46db44d3a3,9c46db44d3a3b2465d6f41fe0c07e4e1379c652d0253d8361deb45a0799212a0,0.3500038683,if6_consensus_when_public_priors_concordant_with_d4
aayl51,aayl51:0002187:e738c87581ac,e738c87581acba907e2d71fedfd1aa15dc9fe85b71551dfdd0158ee9ed3f8f28,0.3419001102,if6_consensus_when_public_priors_concordant_with_d4
aayl51,aayl51:0002188:55b3d9cd8ea5,55b3d9cd8ea584a3f19ce6052b2adcc732ceb37fa30080bfced957c338baceb4,0.5320675969,if6_consensus_when_public_priors_concordant_with_d4
aayl51,aayl51:0002189:3a7cfcdc777f,3a7cfcdc777faf16067f55228dc5ba570ad5753033c826ffa94623b898974828,0.0960098803,if6_consensus_when_public_priors_concordant_with_d4
aayl51,aayl51:0002190:595186d56adc,595186d56adc705cf20781f05ddc5c9ff3174cff85c4c8e3488aa665e73b0d87,0.1166936755,if6_consensus_when_public_priors_concordant_with_d4
aayl51,aayl51:0002191:d74087e17f3b,d74087e17f3b15c587ed702326819e9d47b30ad780d87c60633b9a0b07fdede1,0.4867639244,if6_consensus_when_public_priors_concordant_with_d4
aayl51,aayl51:0002192:8a1a899b2cdc,8a1a899b2cdc80576727ef48634523c4f2b9d0991bd8f516b6c807748c0639b8,0.469553113,if6_consensus_when_public_priors_concordant_with_d4
aayl51,aayl51:0002193:ef01a7fb48e1,ef01a7fb48e1d87bcd5dadc3873e17797e28b2d9c379d92b9d4d48aea9b87aec,0.2806205153,if6_consensus_when_public_priors_concordant_with_d4
aayl51,aayl51:0002194:a70a3f00cf60,a70a3f00cf604e126418d76cad31302bf52e3ac11b4d99e98958ba101b2352da,0.4273365736,if6_consensus_when_public_priors_concordant_with_d4
aayl51,aayl51:0002195:3d0dfe06e185,3d0dfe06e1851fe534d5cfa6ab3688f7005884fc50406561f552a2774ec22504,0.9571660161,if6_consensus_when_public_priors_concordant_with_d4
aayl51,aayl51:0002196:822382783815,8223827838153a1166e854a021279bef3efda472f83775a395f49e4261830885,0.1914023161,if6_consensus_when_public_priors_concordant_with_d4
aayl51,aayl51:0002197:c1adb4b356b9,c1adb4b356b9d741eaf16257ec3740d1f9c4ec95f17915784d434d9726d425d4,0.9418075681,if6_consensus_when_public_priors_concordant_with_d4
aayl51,aayl51:0002198:daef0c714cc1,daef0c714cc164edc96c9f36a3b6afd541f5dc56240f49e88f6c2086ae1bbe60,0.3946129382,if6_consensus_when_public_priors_concordant_with_d4
aayl51,aayl51:0002199:a285bfd79acd,a285bfd79acd8157f34ea2b7f4d2b13491157585f965a336666eec1e690c4038,0.4338195324,if6_consensus_when_public_priors_concordant_with_d4
aayl51,aayl51:0002200:c9f8856eac3e,c9f8856eac3e7b7567a9809e8b3d27561258d3ebddd23b27b1f306e0cb22d8f8,0.5660260916,if6_consensus_when_public_priors_concordant_with_d4
aayl51,aayl51:0002201:539fa5350579,539fa5350579140f51a8d797503702b254907a36f68a0ce67334f62c9468d548,0.2388670295,if6_consensus_when_public_priors_concordant_with_d4
aayl51,aayl51:0002202:2f1b1516221c,2f1b1516221c18c922930af486d230edd115d8f23129f0a8bedf66c85917972c,0.7801960111,if6_consensus_when_public_priors_concordant_with_d4
aayl51,aayl51:0002203:791d08eeb50c,791d08eeb50c8a60848734afc1814364fed4c099d5d9e2e600eea16663b3f595,0.6606467366,if6_consensus_when_public_priors_concordant_with_d4
aayl51,aayl51:0002204:377a4d14cb96,377a4d14cb96d24822c670b6e89b01b78da8a9bb9abc04997e55b7e54fc4a270,0.6895887256,if6_consensus_when_public_priors_concordant_with_d4
aayl51,aayl51:0002205:feb2cbab709a,feb2cbab709a3f0274e91b3a8b08220d6ffc87a737b43d79c5027ad86b0b2e5f,0.4063440263,if6_consensus_when_public_priors_concordant_with_d4
aayl51,aayl51:0002206:6739f7847811,6739f78478117f4a416f997bd6d446b16ef09d5b20f09415987b14104f36eec4,0.7487843633,if6_consensus_when_public_priors_concordant_with_d4
aayl51,aayl51:0002207:29604eeb3d97,29604eeb3d97c7aaf20da2c6f626547873ac8e0387f98138a5567a141010f308,0.5612410307,if6_consensus_when_public_priors_concordant_with_d4
aayl51,aayl51:0002208:e52511e7e52f,e52511e7e52ff48777ad773e88079ab532c0fd742c3ecf6f11ac3651b286e637,0.1624604464,if6_consensus_when_public_priors_concordant_with_d4
aayl51,aayl51:0002209:57a880b92b8c,57a880b92b8c9224e34152f2955e40c1597036b93e7111c6503196263da92b19,0.7143629193,if6_consensus_when_public_priors_concordant_with_d4
aayl51,aayl51:0002210:229dac752082,229dac7520820422b9996d5fd6e64ab758866eb8b6150a7b920285dc17f130d5,0.9138689637,if6_consensus_when_public_priors_concordant_with_d4
aayl51,aayl51:0002211:64c90b76f8a9,64c90b76f8a9786e4905b27cfa39b2ca896a95a5fe839f437ff112916c6df758,0.6513081193,if6_consensus_when_public_priors_concordant_with_d4
aayl51,aayl51:0002212:af7daba02783,af7daba02783df05a354cb86f63ab244b5f4b74836c61b87c4328cf862c65300,0.8208690286,if6_consensus_when_public_priors_concordant_with_d4
aayl51,aayl51:0002213:922f9995969f,922f9995969f51a45d9ff193675523dcbef13d1e817479cafba550a91bc07210,0.2531450093,if6_consensus_when_public_priors_concordant_with_d4
aayl51,aayl51:0002214:83522ffd12b9,83522ffd12b9cb10b306cbb80fa4e0f74856029aebd99431436bbe93e6945714,0.2762985229,if6_consensus_when_public_priors_concordant_with_d4
aayl51,aayl51:0002215:2528501727fd,2528501727fd87a9d48facf91d688b36b01de8c492f0d045639ab2ff28def630,0.6058501601,if6_consensus_when_public_priors_concordant_with_d4
aayl51,aayl51:0002216:d89cc092f383,d89cc092f383a228dfc5594232998cf4c457e90e2c9abd05e190bcd523231d33,0.7699313164,if6_consensus_when_public_priors_concordant_with_d4
aayl51,aayl51:0002217:eb7ed3f71f7c,eb7ed3f71f7c847a6705b6747ea258b145590fc2753eaec8c9b55c632c0897d6,0.3405109346,if6_consensus_when_public_priors_concordant_with_d4
aayl51,aayl51:0002218:6ccebea40d04,6ccebea40d0482cfdde6ec90eb3af83d4b836b1fa10f03b6406e3b7984609a4e,0.345836252,if6_consensus_when_public_priors_concordant_with_d4
aayl51,aayl51:0002219:1e0f7814c031,1e0f7814c03144a864ac778de3cb9588785be692c71372486fba604413c365e9,0.9484448433,if6_consensus_when_public_priors_concordant_with_d4
aayl51,aayl51:0002220:fc3028920bc2,fc3028920bc2da6569724886c3fa70e9b9a2a211729fe06b7238e2f19d11d048,0.4868411124,if6_consensus_when_public_priors_concordant_with_d4
aayl51,aayl51:0002221:bba4e88e8171,bba4e88e817196899fe482cc96d7a334ec0e8af6bd26cf42b00d4983ecac3c12,0.4547349215,if6_consensus_when_public_priors_concordant_with_d4
aayl51,aayl51:0002222:277e3f238b12,277e3f238b1288ebf1d71b84fe9d345483c6e64e7e31290e016954a519f107d0,0.7992591262,if6_consensus_when_public_priors_concordant_with_d4
aayl51,aayl51:0002223:8d25a21bcb3a,8d25a21bcb3ab64fc551f83375a87aab611ffa4c7b758fd55484179193898134,0.5647140145,if6_consensus_when_public_priors_concordant_with_d4
aayl51,aayl51:0002224:06eb73769733,06eb73769733ff0d6c4629174615cb036d3f612ba030d38dcafaeb58679e7487,0.3347225189,if6_consensus_when_public_priors_concordant_with_d4
aayl51,aayl51:0002225:8507802ca752,8507802ca752f9b4241587d19632f9fe17c35de2f3f368cffa510688f201232a,0.5278999805,if6_consensus_when_public_priors_concordant_with_d4
aayl51,aayl51:0002226:89f18e6d2b39,89f18e6d2b39c15eaa1d90ddd0e90c49cb3880b1d9b8b711fda76e60a8ee8883,0.4078104496,if6_consensus_when_public_priors_concordant_with_d4
aayl51,aayl51:0002227:fa3cf3bb877f,fa3cf3bb877fa427c8e9db86fc7fb782e9bfc5a957cffac6b57fd591d7dadae2,0.8697229028,if6_consensus_when_public_priors_concordant_with_d4
aayl51,aayl51:0002228:ddd6f5d819a1,ddd6f5d819a1409182ba166e030da51cb7737ac8efb29d4dcb4148c1d4b13b45,0.6820251942,if6_consensus_when_public_priors_concordant_with_d4
aayl51,aayl51:0002229:d79736e79a71,d79736e79a715e5a85d2442788edf2fcf49c4141e42085ca8857be5705d141fa,0.6192791462,if6_consensus_when_public_priors_concordant_with_d4
aayl51,aayl51:0002230:a45a76d7880f,a45a76d7880f3d9b8cfa621d429d5b559d1c5d8315463f5560e20fbcd9545d81,0.42185691,if6_consensus_when_public_priors_concordant_with_d4
aayl51,aayl51:0002231:4ac1698fa9a9,4ac1698fa9a900760a390999160b62be5887d4b98da884bd44190749057d74c4,0.8986647725,if6_consensus_when_public_priors_concordant_with_d4
aayl51,aayl51:0002232:a700e2329997,a700e23299978fcd6d85287b44663c9af3f56b4d8706ee23e07c9c88604223a1,0.08844640106,if6_consensus_when_public_priors_concordant_with_d4
aayl51,aayl51:0002233:58f2ec41acb7,58f2ec41acb71a4641e25bf4fd40d292304d2b2e1ad32eeb714ee7133df92604,0.09855676442,if6_consensus_when_public_priors_concordant_with_d4
aayl51,aayl51:0002234:c50e5a61bc4a,c50e5a61bc4a4dc00dc72eac175380dd8cafe79a19f5c7ae2e676d9c061d2e3a,0.5019680858,if6_consensus_when_public_priors_concordant_with_d4
aayl51,aayl51:0002235:f3829937a069,f3829937a06964b498cf355820a84199d74070d291425a057c9dff5efd206484,0.2362429649,if6_consensus_when_public_priors_concordant_with_d4
aayl51,aayl51:0002236:1b203416fc46,1b203416fc4602f98c5084ac3efa5276fc09bdc63f717091173417bce13445d9,0.2418769747,if6_consensus_when_public_priors_concordant_with_d4
aayl51,aayl51:0002237:30b334ad2ed3,30b334ad2ed3cd97ef440ec3ddd3cd9bb66f470a368a2f6fcddf2974a8cdeb9c,0.4054179192,if6_consensus_when_public_priors_concordant_with_d4
aayl51,aayl51:0002238:a0618fc8ee34,a0618fc8ee34cbffc0f3b1fd76f40319407258d30ad1d7c0a4abf78dd614793f,0.3229142725,if6_consensus_when_public_priors_concordant_with_d4
aayl51,aayl51:0002239:5e89f4a6506b,5e89f4a6506b09b8178f8246065fc0e6a4c23dbf0e5d264abdc7c22ab9281b44,0.5680327415,if6_consensus_when_public_priors_concordant_with_d4
aayl51,aayl51:0002240:136dc7552bc2,136dc7552bc2ead55d9a4d83addc7be5b2ee92a0000d073b7b30d9e065d30dad,0.5364667773,if6_consensus_when_public_priors_concordant_with_d4
aayl51,aayl51:0002241:996deb5a7ba0,996deb5a7ba07e83e0e61294b6ac8baab71eb3cf84f1b36ecd4795eb0572b109,0.4031025469,if6_consensus_when_public_priors_concordant_with_d4
aayl51,aayl51:0002242:f7da1243a965,f7da1243a965c8ab5e03074d7dc8e884cdd2979648d1cbc2b3dd398321c0ded7,0.6812533736,if6_consensus_when_public_priors_concordant_with_d4
aayl51,aayl51:0002243:5eecc648b2fd,5eecc648b2fdade17267edd5341f00c661e9be42f52a96ae6b3fea9c16e4f449,0.5390136838,if6_consensus_when_public_priors_concordant_with_d4
aayl51,aayl51:0002244:48d24be11eaf,48d24be11eaf41fa3fbc53b9b7868b1aa28187e4e6428cce4262d0b4fddc520a,0.2641043365,if6_consensus_when_public_priors_concordant_with_d4
aayl51,aayl51:0002245:e0c35eb9d57f,e0c35eb9d57f1453002905196b6df93661d5b66d2185947842289a1e0bc278f4,0.6195107102,if6_consensus_when_public_priors_concordant_with_d4
aayl51,aayl51:0002246:4eebaeba630c,4eebaeba630cf28d7dc9272e34734575b57fdbb6950045e8ec9d01c531fec18d,0.3009955883,if6_consensus_when_public_priors_concordant_with_d4
aayl51,aayl51:0002247:0c9c7bd69b41,0c9c7bd69b4125439fc723f3d9e37ed7c843cd9b760e06f6bdc39809bb2df39e,0.3636644185,if6_consensus_when_public_priors_concordant_with_d4
aayl51,aayl51:0002248:478212fbc71c,478212fbc71cb5c1fb58f7527efde27f43d65e3c1b309180e07978b1cc914ff6,0.5315273404,if6_consensus_when_public_priors_concordant_with_d4
aayl51,aayl51:0002249:dd97855c3c87,dd97855c3c8769c2d561e2fe4219270cabf1318ef55e943b2a30d3ed7cc7d5c1,0.9658100009,if6_consensus_when_public_priors_concordant_with_d4
aayl51,aayl51:0002250:eb186a9fbd1b,eb186a9fbd1be0aaefebfbfea1ae5717dcb2dfb3c3bfa155a763456b7a24a70c,0.400478512,if6_consensus_when_public_priors_concordant_with_d4
aayl51,aayl51:0002251:7d97b061dbc8,7d97b061dbc81530d5526e7fec406f3b2f4e0859fca82f8436de8c6d094e0ff9,0.5921123624,if6_consensus_when_public_priors_concordant_with_d4
aayl51,aayl51:0002252:a56264a02b25,a56264a02b256f5319aab855264f1a86a631867f7e93fd6a34c054c2170239ef,0.6212857366,if6_consensus_when_public_priors_concordant_with_d4
aayl51,aayl51:0002253:93c4c352a9ad,93c4c352a9adb5e48d673ba14d8cd3498c0725aedd272c3ec330b1a3a88b2a69,0.4045689404,if6_consensus_when_public_priors_concordant_with_d4
aayl51,aayl51:0002254:74ac0591361f,74ac0591361ffb7e49d1276474e76fc4f48b090c2277b6c50b9ca4d9331c161f,0.6883538365,if6_consensus_when_public_priors_concordant_with_d4
aayl51,aayl51:0002255:d9eaee09fe4e,d9eaee09fe4ef86a89acb1aa99cb981d700a0b4d554894018340d050e95693a8,0.3762445152,if6_consensus_when_public_priors_concordant_with_d4
aayl51,aayl51:0002256:26dd04540abb,26dd04540abb7bf8de2c3ae99451213010b1f5db1643ad689dd936bab8379f8e,0.5405572057,if6_consensus_when_public_priors_concordant_with_d4
aayl51,aayl51:0002257:68ce8f90e8cd,68ce8f90e8cd5afa8358b205b9880037ee641e5952b28f326d026f46545327b6,0.4467855394,if6_consensus_when_public_priors_concordant_with_d4
aayl51,aayl51:0002258:34c12aecf12d,34c12aecf12dbd99a4ba2140de143a8c2a11a8440a6d8ba929336c036d56e801,0.7114300728,if6_consensus_when_public_priors_concordant_with_d4
aayl51,aayl51:0002259:05991e1997a3,05991e1997a38eeb8b68ff01b772f445c5c84fae8ad9ded64d00fa8360ce15ce,0.5542950034,if6_consensus_when_public_priors_concordant_with_d4
aayl51,aayl51:0002260:7a4f48bf2955,7a4f48bf2955fe07e2032c36690a9a9a9ded66bd24f9f84295583fedf74e3deb,0.3990893066,if6_consensus_when_public_priors_concordant_with_d4
aayl51,aayl51:0002261:144b563c8ddc,144b563c8ddc1c80adb63c91cf6a32fcab54d38aab0ee91688b7b629decf0020,0.6043065786,if6_consensus_when_public_priors_concordant_with_d4
aayl51,aayl51:0002262:a99542213685,a99542213685dc48be426ff934597b3465edb317b28a5cf7a6ae3675300b28fd,0.2942810655,if6_consensus_when_public_priors_concordant_with_d4
aayl51,aayl51:0002263:7a818b2a9787,7a818b2a97877540af6119273de312390e5a807c6653a22692d10ccf8806709c,0.4685498178,if6_consensus_when_public_priors_concordant_with_d4
aayl51,aayl51:0002264:72ffb282dcfd,72ffb282dcfd5ba04bdc3844129a7a021f95c0ba38845c9936677212137b6054,0.1264953315,if6_consensus_when_public_priors_concordant_with_d4
aayl51,aayl51:0002265:5bc9522aa169,5bc9522aa16935f6b9ac2ab5c943336591748dc738939b4d066f156674512e75,0.8064367175,if6_consensus_when_public_priors_concordant_with_d4
aayl51,aayl51:0002266:9fda8b270919,9fda8b270919c8b426348970dfe2e18cb76773d00ea1780a01120704beba0a63,0.3926062882,if6_consensus_when_public_priors_concordant_with_d4
aayl51,aayl51:0002267:ddc2b1edc4db,ddc2b1edc4db55a374238ac9253ba43196c7f14d7ac88236c2190feb28571dff,0.3463764489,if6_consensus_when_public_priors_concordant_with_d4
aayl51,aayl51:0002268:cb690cf0d4af,cb690cf0d4afa172c6308b095b10a4e73b9a240739275b2daab968fc454b0643,0.6081654429,if6_consensus_when_public_priors_concordant_with_d4
aayl51,aayl51:0002269:481492825d4a,481492825d4a80a8b532a759dba18e5bd1295cdc30d1a29d0c3f79ec7712d745,0.2539940178,if6_consensus_when_public_priors_concordant_with_d4
aayl51,aayl51:0002270:765f6760b0ad,765f6760b0ad29d97d2b3ae34d29e42ab767d6f6bc031127084ffeb9ac192873,0.3575673401,if6_consensus_when_public_priors_concordant_with_d4
aayl51,aayl51:0002271:1a23976ccf46,1a23976ccf46e4d0f0ab7f75e48f85cbf7eabc0c30f3fe5949ff522136cdfb97,0.7189936042,if6_consensus_when_public_priors_concordant_with_d4
aayl51,aayl51:0002272:5303479e32ea,5303479e32eaa0fd7ff2e8d7fe13d8578e826d02504028cdbc01db428398cb6f,0.4054950774,if6_consensus_when_public_priors_concordant_with_d4
aayl51,aayl51:0002273:9dd516c52249,9dd516c52249af921a2bfff4a094585dca4c304df32d5ec02c604fc0b17c42e5,0.9654240608,if6_consensus_when_public_priors_concordant_with_d4
aayl51,aayl51:0002274:4690ffab6437,4690ffab6437376f9141f402569d2fe21ff6e0aa3fc5a415b289c446870e0b5d,0.49980703,if6_consensus_when_public_priors_concordant_with_d4
aayl51,aayl51:0002275:e0d33a97702b,e0d33a97702b232da5bb320fe1ebbf99ee6cbaf26b25ff528ca6a1deead9858f,0.1988114566,if6_consensus_when_public_priors_concordant_with_d4
aayl51,aayl51:0002276:4eb99cebce22,4eb99cebce229683e113822d9872e1afd7f1735dcb213c69fce2f71aea552312,0.2101952583,if6_consensus_when_public_priors_concordant_with_d4
aayl51,aayl51:0002277:2347a84c0f77,2347a84c0f7781f55235d6ea887320fe97eaa8664abbcec0ee3c8734f3f17e5b,0.7636798024,if6_consensus_when_public_priors_concordant_with_d4
aayl51,aayl51:0002278:b329322337de,b329322337de91971ec29a17fffcd220352ec9a80852414d18b8095834e7d853,0.1433202028,if6_consensus_when_public_priors_concordant_with_d4
aayl51,aayl51:0002279:68a47828a91a,68a47828a91acc408a72b5a1a489af941453ede2ea9fc1cd761162c083b560b6,0.4810527265,if6_consensus_when_public_priors_concordant_with_d4
aayl51,aayl51:0002280:60f7109571e7,60f7109571e7f23becba4ddf53d36ea5b6a95b08f180a449a6dd199f856fe12e,0.509994626,if6_consensus_when_public_priors_concordant_with_d4
aayl51,aayl51:0002281:0e81a11f3982,0e81a11f39821c335c96162b38c1e78fa6caebfd9f0aefe8fc48d3a28c38ba2c,0.8603844047,if6_consensus_when_public_priors_concordant_with_d4
aayl51,aayl51:0002282:0b6ff2c93361,0b6ff2c93361970684f340f061877a8e679a7cbbc5fd9416f58adb3f1e57dd00,0.5451879501,if6_consensus_when_public_priors_concordant_with_d4
aayl51,aayl51:0002283:7c01f565613a,7c01f565613a3e678a58a08a7d24ff04fccdb933ced75fe39691ea3c4e2e8cca,0.4400710166,if6_consensus_when_public_priors_concordant_with_d4
aayl51,aayl51:0002284:e61dca753dba,e61dca753dbaa6cc0dd12e185262f2ce0ce760f344d335adbcda2056c15d93d0,0.6779347062,if6_consensus_when_public_priors_concordant_with_d4
aayl51,aayl51:0002285:03d459ca0289,03d459ca0289195086df6b9f3673d38d965447d1d7ead78c0eab5effd83b1a93,0.6628077626,if6_consensus_when_public_priors_concordant_with_d4
aayl51,aayl51:0002286:7f5e84fb7400,7f5e84fb7400ad7805c79b3855fe5e13acf681e8240b269d8d2096802d574b49,0.1918653995,if6_consensus_when_public_priors_concordant_with_d4
aayl51,aayl51:0002287:113d20ad4d88,113d20ad4d8807c7d32132c8f74c28bf237b1fddef380b01adca66f45667b761,0.2925831676,if6_consensus_when_public_priors_concordant_with_d4
aayl51,aayl51:0002288:c172475ad7b1,c172475ad7b16e80b9c7f00afe1b0755e0304e77acf52f873af686af1fd7eeda,0.3206760883,if6_consensus_when_public_priors_concordant_with_d4
aayl51,aayl51:0002289:b1d07d2ae7a7,b1d07d2ae7a71317626db27a318082bf182caf12f8a51b234a16c39636855385,0.546885848,if6_consensus_when_public_priors_concordant_with_d4
aayl51,aayl51:0002290:fab4df269b12,fab4df269b12d16769aeabfc23e3477850a05a8b81777a6a183a476b44ac4420,0.8464922905,if6_consensus_when_public_priors_concordant_with_d4
aayl51,aayl51:0002291:03436efd73b2,03436efd73b2b1a33de707e98f8ac6b659690a4df7a215cb3f2062e9e9b76ef6,0.2035965174,if6_consensus_when_public_priors_concordant_with_d4
aayl51,aayl51:0002292:a7f8ec690704,a7f8ec690704f0fce5ee0af822b9ad2a15067e1e54afcb12b1cb44ed4b2b2258,0.6213629246,if6_consensus_when_public_priors_concordant_with_d4
aayl51,aayl51:0002293:d0f4ecb81048,d0f4ecb810482705eb0c321583a8c64d81c0c08fd0220c2bb07eaa120ce5826c,0.3014586866,if6_consensus_when_public_priors_concordant_with_d4
aayl51,aayl51:0002294:318900053c50,318900053c50759e1a8a7b66d8fe778b9d90ad15b85b975fe93cd245b2c9e837,0.668287456,if6_consensus_when_public_priors_concordant_with_d4
aayl51,aayl51:0002295:d66c7968e29d,d66c7968e29d800a3d7886667f23d7ca3dc84b7f29e45b143d6d8f54ce273ff5,0.1109052971,if6_consensus_when_public_priors_concordant_with_d4
aayl51,aayl51:0002296:fe920c0c79f3,fe920c0c79f3c9a4d5bd74cf5d2776c35a9879b6544b1bac91ce2860519be8b8,0.0616655089,if6_consensus_when_public_priors_concordant_with_d4
aayl51,aayl51:0002297:2b7010b5e71e,2b7010b5e71e79db7b2c431dbbf087404a323aea1e25a9588a35c7921ea6ff57,0.6317820549,if6_consensus_when_public_priors_concordant_with_d4
aayl51,aayl51:0002298:bf7a8a007327,bf7a8a007327865b5e66793966f6fac28055ad0b85ee58033fd6bc0b96d189b8,0.3076329231,if6_consensus_when_public_priors_concordant_with_d4
aayl51,aayl51:0002299:78d4577eb37f,78d4577eb37fdbe1f2329e52cd1b4b983dc2d182f429b0b57112d8ebde55a66d,0.8120706677,if6_consensus_when_public_priors_concordant_with_d4
aayl51,aayl51:0002300:25dac747ebfe,25dac747ebfead538df063e624da77a3101f0686ed44c2fd833b71cd7f50ff66,0.8354557157,if6_consensus_when_public_priors_concordant_with_d4
aayl51,aayl51:0002301:c9473943748e,c9473943748e09f15abef3dca8446ab14097ba679cb7afaaadde04a0fa833c8a,0.7291811109,if6_consensus_when_public_priors_concordant_with_d4
aayl51,aayl51:0002302:4825a0b856c1,4825a0b856c143417c4b975a5168472236d8e82812eaedff6de3b4cbf11edf05,0.4786601961,if6_consensus_when_public_priors_concordant_with_d4
aayl51,aayl51:0002303:a0d0add6f153,a0d0add6f1536402024aeba6f7026bb502d0bc229def7897ee87d6337a6ba907,0.6167322993,if6_consensus_when_public_priors_concordant_with_d4
aayl51,aayl51:0002304:32eba910f8da,32eba910f8da966ddc26c816ab8a990006d970bfb3928b2db9a77523dfff55bf,0.7434591651,if6_consensus_when_public_priors_concordant_with_d4
aayl51,aayl51:0002305:1b5b5e7bcd3b,1b5b5e7bcd3bc42e64f4402829041c8e16111b46827c0079a66b71a78621b079,0.7206143737,if6_consensus_when_public_priors_concordant_with_d4
aayl51,aayl51:0002306:4516a5cd9f45,4516a5cd9f45989b82f74b14ca0ff8574b29ec096b6cdd2550176fdf1a0c1003,0.7286408544,if6_consensus_when_public_priors_concordant_with_d4
aayl51,aayl51:0002307:f59e69035512,f59e690355127aa09bc85206faa92dcb8403da3d818f70cb7136896f7783ab7a,0.588870883,if6_consensus_when_public_priors_concordant_with_d4
aayl51,aayl51:0002308:68e3bf39ac02,68e3bf39ac02ed5869a3aac697aabf1125bcf5d8ae879a64ad67428a8e10e095,0.5514394045,if6_consensus_when_public_priors_concordant_with_d4
aayl51,aayl51:0002309:f6004d8d17a2,f6004d8d17a2f367d04112952ba4491e1424c27421bedb32b6589c6b66d5f3b1,0.4173805714,if6_consensus_when_public_priors_concordant_with_d4
aayl51,aayl51:0002310:d93b4ed4cebe,d93b4ed4cebebb4220f88151da6906f8690d964c1397577a3826d65ad067ed77,0.5038974881,if6_consensus_when_public_priors_concordant_with_d4
aayl51,aayl51:0002311:f8a256315bb3,f8a256315bb388ac27b208fb5ada01fbe1ec0ac31bd0f4122f43ff0b5f565128,0.4538859427,if6_consensus_when_public_priors_concordant_with_d4
aayl51,aayl51:0002312:4ad6ea6ae0ac,4ad6ea6ae0acf1cf3a38458bcf48451dff774108f59dc8705c2d079c131296b5,0.2038280517,if6_consensus_when_public_priors_concordant_with_d4
aayl51,aayl51:0002313:c523e0b2f710,c523e0b2f7102e3cbe6e3a5884417f2b3a62b9ee664ad978ac2630451a454fb5,0.8765146136,if6_consensus_when_public_priors_concordant_with_d4
aayl51,aayl51:0002314:cfd04ad9a354,cfd04ad9a354d46a4a4dd72e50419b55e036f0a3ff902f4d9cc7fc1346c370e5,0.3573358059,if6_consensus_when_public_priors_concordant_with_d4
aayl51,aayl51:0002315:517e085f682b,517e085f682b18f855f1e3d10f31f9ebffcb3110a67e23f122ddcc845a37874e,0.7994134426,if6_consensus_when_public_priors_concordant_with_d4
aayl51,aayl51:0002316:1839ffc40fc4,1839ffc40fc42aa53de161978dec37493a89b67ea621e4f1e4cc900496d8562e,0.3835764825,if6_consensus_when_public_priors_concordant_with_d4
aayl51,aayl51:0002317:502cbaa513a7,502cbaa513a7b5c2e9891cbc652472e05b93b3f19451386cfbd900b7a38ec1db,0.4631473124,if6_consensus_when_public_priors_concordant_with_d4
aayl51,aayl51:0002318:5c500aabb523,5c500aabb523cbd64b5b370f1b3d79a3f34ff85d3a661e4e5a15b92d4115200a,0.3388901949,if6_consensus_when_public_priors_concordant_with_d4
aayl51,aayl51:0002319:8e878d8208c4,8e878d8208c4e83d6da069eb2353ae3d97858275a894caaff1cb80510e88513c,0.5373157859,if6_consensus_when_public_priors_concordant_with_d4
aayl51,aayl51:0002320:7440ed91beec,7440ed91beec17cb67968a3418e69fa312d9196b353378c767f38185765e6b8c,0.4664660394,if6_consensus_when_public_priors_concordant_with_d4
aayl51,aayl51:0002321:972ab0e9216d,972ab0e9216dbcdf5e37c5dccecfe1ef3aabfe349ed4a299d6f201bf0cef65ee,0.7056417465,if6_consensus_when_public_priors_concordant_with_d4
aayl51,aayl51:0002322:3ffa8ba48ef1,3ffa8ba48ef1882aa3b5ec19e53446723bdc6c2cc2fe2d444b316a222d33c65a,0.6727637649,if6_consensus_when_public_priors_concordant_with_d4
aayl51,aayl51:0002323:d38c02928943,d38c029289434215bb47e72795710aafc647893539979ce3daf4e32d20791722,0.4201589823,if6_consensus_when_public_priors_concordant_with_d4
aayl51,aayl51:0002324:2a02f81fda99,2a02f81fda99e0fbdc298cf7ac7d6efdd46a8a6db5fbc2b4867a1f8dc5e691b9,0.6840317845,if6_consensus_when_public_priors_concordant_with_d4
aayl51,aayl51:0002325:52d29f925f97,52d29f925f976757dc81200959a1398c7bb273f3739ce0511b3c6079b8ccefce,0.7556533217,if6_consensus_when_public_priors_concordant_with_d4
aayl51,aayl51:0002326:43933dba9df3,43933dba9df362bbf4a552081625edf0492936ee1d99606088215b3a5ef13981,0.6685189605,if6_consensus_when_public_priors_concordant_with_d4
aayl51,aayl51:0002327:18290e872f92,18290e872f9203c6cb374e1ab185c2e5266c6bf9874c2560320dc98e8890fa5d,0.4135216475,if6_consensus_when_public_priors_concordant_with_d4
aayl51,aayl51:0002328:a8dd881a4c1c,a8dd881a4c1cc775fb629a0b3212e7ce5f1db08f26880159d6597e697fdf9504,0.59018296,if6_consensus_when_public_priors_concordant_with_d4
aayl51,aayl51:0002329:5285b66ad4b4,5285b66ad4b427ef1ce62f68883b175b7d873b94f63dcbf309f88deb791bbd92,0.4368294775,if6_consensus_when_public_priors_concordant_with_d4
aayl51,aayl51:0002330:ed249eee7065,ed249eee7065c33bf8dec02c151d3af5552a1e3b7709181443f818ad49d220f0,0.8238018155,if6_consensus_when_public_priors_concordant_with_d4
aayl51,aayl51:0002331:40cb86fdc15d,40cb86fdc15db1762c53c01e7b4a252a5e29130f3f4319cb425b91970121e16f,0.8065138459,if6_consensus_when_public_priors_concordant_with_d4
aayl51,aayl51:0002332:51812082620c,51812082620ce0a3333306764559260dc7c0483f85beaaa5abcfbf3c20017e31,0.8505055308,if6_consensus_when_public_priors_concordant_with_d4
aayl51,aayl51:0002333:77854206872b,77854206872b3fdf8d9f9aaa2b96a3e37346ca7eb7ee047c44b9f6866adc524e,0.4554294646,if6_consensus_when_public_priors_concordant_with_d4
aayl51,aayl51:0002334:2b2ec5331d62,2b2ec5331d627256ade4592055bcf218b8e182874cee44c9ba85c036f0f6d712,0.4953307211,if6_consensus_when_public_priors_concordant_with_d4
aayl51,aayl51:0002335:11d7b9824389,11d7b98243898bfcc111c8c8bc350241b4702e60e8ab246d852c9a85b38388a4,0.4257158339,if6_consensus_when_public_priors_concordant_with_d4
aayl51,aayl51:0002336:dc461d8128dc,dc461d8128dcea6af5a0893d857f46b041900722e21a79324b5a8ed34bad8d38,0.283167392,if6_consensus_when_public_priors_concordant_with_d4
aayl51,aayl51:0002337:ea502f3c0010,ea502f3c00102cff4f0827441f8969a8970e3cda3b1c35189880df8141249c73,0.740835011,if6_consensus_when_public_priors_concordant_with_d4
aayl51,aayl51:0002338:bf00407e3572,bf00407e357201592575e3d1760e6a20badc2196d2f86a4daaac288f51ee6289,0.49015975,if6_consensus_when_public_priors_concordant_with_d4
aayl51,aayl51:0002339:5ac1854ace40,5ac1854ace40d16a79ec0b6c17d6ef7cff991280bd8e2ff70ee46bd005c6cf4a,0.7687736154,if6_consensus_when_public_priors_concordant_with_d4
aayl51,aayl51:0002340:2cfe888ffe5b,2cfe888ffe5b8b8e67c45a6421d9267f60caf5c775b891e787fcbf789c8d82fa,0.821100533,if6_consensus_when_public_priors_concordant_with_d4
aayl51,aayl51:0002341:9a6150d6b47b,9a6150d6b47be8760ab29d8a8ad5aaa158b2da36b3b4e6c80c6dce81339be065,0.3963108957,if6_consensus_when_public_priors_concordant_with_d4
aayl51,aayl51:0002342:a381d9909fbd,a381d9909fbd1770708a34019462f00cd6131a881da0157a86cf73ebbd398161,0.6875047684,if6_consensus_when_public_priors_concordant_with_d4
aayl51,aayl51:0002343:a28a93c51e5b,a28a93c51e5b587f3c8519ca0bc9617864901199e525e24f9937a26e748ef92d,0.883846581,if6_consensus_when_public_priors_concordant_with_d4
aayl51,aayl51:0002344:ffe69f1cfe91,ffe69f1cfe91a7d4c18f5720c685189b25ecfdcaf7d852c3fdaded76132da053,0.3138072193,if6_consensus_when_public_priors_concordant_with_d4
aayl51,aayl51:0002345:717e91d1a25e,717e91d1a25e806ca6a7565734cf64d1e8b78d36a99883ae9ba635ab5c43672d,0.3177433014,if6_consensus_when_public_priors_concordant_with_d4
aayl51,aayl51:0002346:f09f426168e7,f09f426168e751c2392a8393f445a6e36750e305d1a9edd303b6abefb5ce393b,0.7669985294,if6_consensus_when_public_priors_concordant_with_d4
aayl51,aayl51:0002347:4a14032107c8,4a14032107c884533c7399c0080c7cd3d59db57479fcc68fe8eb922678e0eae9,0.2436520904,if6_consensus_when_public_priors_concordant_with_d4
aayl51,aayl51:0002348:91380c20973e,91380c20973e953c0c10e335576f7e02e1f5300b0d3193c992d6fc7ff1633770,0.2673458159,if6_consensus_when_public_priors_concordant_with_d4
aayl51,aayl51:0002349:eb97ca9e9b18,eb97ca9e9b1821c261acba55d2f848237820501c54b3c6432c93b55d527c8d36,0.5954310894,if6_consensus_when_public_priors_concordant_with_d4
aayl51,aayl51:0002350:fa1e5bc01471,fa1e5bc0147119f4c6a7c896998cd5fe60e56e2333abee788c85384613d1243e,0.9741452336,if6_consensus_when_public_priors_concordant_with_d4
aayl51,aayl51:0002351:dfef6eafc463,dfef6eafc46300e09b66f48810be7d34f911940923bc93d84b496e4d0da45ea7,0.8555221558,if6_consensus_when_public_priors_concordant_with_d4
aayl51,aayl51:0002352:a45312a19e49,a45312a19e49ab2759e34d90f355739945ec2f15763b9a5a4383cd9c23640d61,0.6865401268,if6_consensus_when_public_priors_concordant_with_d4
aayl51,aayl51:0002353:c02476defe00,c02476defe00d9cd817e377c8d3dd7297288a09adab2632508f3617223f5256f,0.479586333,if6_consensus_when_public_priors_concordant_with_d4
aayl51,aayl51:0002354:c7cc5aea52a9,c7cc5aea52a91a4ae68f1b7d96ef035910b25047bb336c6eb1ada872b3f169ef,0.2590105534,if6_consensus_when_public_priors_concordant_with_d4
aayl51,aayl51:0002355:07693088da6f,07693088da6f83daf9c15c84ab4d778cc9e3b0de04963307f503247ef8121ae8,0.6006791592,if6_consensus_when_public_priors_concordant_with_d4
aayl51,aayl51:0002356:a6f5a4308cdd,a6f5a4308cdd2dce76799be4487322be2690a1932ed2b3f1621d8fd47ab9c17e,0.6359496713,if6_consensus_when_public_priors_concordant_with_d4
aayl51,aayl51:0002357:ee5d1660c633,ee5d1660c6336215d21caa7e0b5d1988ea7877eba4116adbcacc2c14b8ae6fb2,0.3914486468,if6_consensus_when_public_priors_concordant_with_d4
aayl51,aayl51:0002358:789ed27a899b,789ed27a899be1505b56e66b377051b4ee044ed58fcd4a310356d0e75111d94f,0.5752102733,if6_consensus_when_public_priors_concordant_with_d4
aayl51,aayl51:0002359:0592fc8c7d5b,0592fc8c7d5b0305a46301f814c114e04b5f0d3a86dc914bc14a96e5a4bb0634,0.5221115947,if6_consensus_when_public_priors_concordant_with_d4
aayl51,aayl51:0002360:a318c0e1248a,a318c0e1248a7e4ae594a1a96acd631ffce68d22b08081837eceae1ceeb390c9,0.4846800864,if6_consensus_when_public_priors_concordant_with_d4
aayl51,aayl51:0002361:b820332a2719,b820332a27198fbc94fcf43ed078939072dea6e5edbfe515452693c8f861a0e6,0.2286794633,if6_consensus_when_public_priors_concordant_with_d4
aayl51,aayl51:0002362:fe61d198daac,fe61d198daacc07a1c3173f24bb20b186b720e3b3ff32bdf0e8a460228baba48,0.175812304,if6_consensus_when_public_priors_concordant_with_d4
aayl51,aayl51:0002363:5cdb02ff5db5,5cdb02ff5db523849be698347b68113bd8b06d73ee371af6716e4c1e1af91adf,0.3597283363,if6_consensus_when_public_priors_concordant_with_d4
aayl51,aayl51:0002364:d142c41e0734,d142c41e0734a0d3f9f14161016f28e6f06fee47f979afa4e66afee8f5061c36,0.8110673428,if6_consensus_when_public_priors_concordant_with_d4
aayl51,aayl51:0002365:bfbd31431f3f,bfbd31431f3f6ed309f0f6e216a5cc9ce13adcc014fc36f7fcfa397fb4bf25d4,0.3452959955,if6_consensus_when_public_priors_concordant_with_d4
aayl51,aayl51:0002366:a9df97d82155,a9df97d82155206d50a2b5aab96afa8517078d659bf1cce45741b5d0d09bfb95,0.07717835903,if6_consensus_when_public_priors_concordant_with_d4
aayl51,aayl51:0002367:38cab0ecd10f,38cab0ecd10fd2cacd834e97fbc78b5401c6f2080a8df2659a674bdaa937b99f,0.5055954456,if6_consensus_when_public_priors_concordant_with_d4
aayl51,aayl51:0002368:2be2b924ceff,2be2b924ceffcc3f853b8ee0316c01695d0a5823de1505c7fca968a5dc3eb844,0.3421316445,if6_consensus_when_public_priors_concordant_with_d4
aayl51,aayl51:0002369:aa05c034b665,aa05c034b6659801928bfb2e4d8de66373954fe90359198adaa1af2e5fcf1420,0.1880064756,if6_consensus_when_public_priors_concordant_with_d4
aayl51,aayl51:0002370:a1da2251c4ec,a1da2251c4ecfc881fdc125d768e9ccedeadfee187f1d0b26b68aedf2a18d9ac,0.5717372894,if6_consensus_when_public_priors_concordant_with_d4
aayl51,aayl51:0002371:e0ceac239459,e0ceac2394595a6d8d77ebf3b49389ee11b9465ee7e5a8f3c7cb8867821fd3c9,0.2140155882,if6_consensus_when_public_priors_concordant_with_d4
aayl51,aayl51:0002372:22536d145a86,22536d145a869bdc8fdca37281b2996e515c29714d4ed022c30a2f7660f38584,0.08072856069,if6_consensus_when_public_priors_concordant_with_d4
aayl51,aayl51:0002373:252f8b10c404,252f8b10c404690a66429bf67a43858fa69458027ac079b6bd76f0d61c01c22e,0.5860924721,if6_consensus_when_public_priors_concordant_with_d4
aayl51,aayl51:0002374:9aa412883e1e,9aa412883e1e6481089be160c225949647bb5de8389578a18a930ccebea6eb94,0.4967199266,if6_consensus_when_public_priors_concordant_with_d4
aayl51,aayl51:0002375:7121e030e36b,7121e030e36ba8f268819c36794e31abd8314d646de26594eecc720d1e19c69c,0.2661109865,if6_consensus_when_public_priors_concordant_with_d4
aayl51,aayl51:0002376:25a90469ee3a,25a90469ee3aaea638c2d00970edfc6383782e9e3dfdc9ef5666f35f20840c71,0.6297754049,if6_consensus_when_public_priors_concordant_with_d4
aayl51,aayl51:0002377:68676cd99dd5,68676cd99dd5c363216b240ea918a4e16e39e0e8e6a5f124d4ba8e6343a3f8dd,0.708111465,if6_consensus_when_public_priors_concordant_with_d4
aayl51,aayl51:0002378:a7d3408b0776,a7d3408b0776cb713137d0db2508e2b95396dc00d46f54ee3cab2d41a5c8aa7a,0.6717603803,if6_consensus_when_public_priors_concordant_with_d4
aayl51,aayl51:0002379:547208aaf5cf,547208aaf5cfeb5c0fcab959835036a1ddb413c319bc394b9fd06a2ddb8c1eae,0.5962800384,if6_consensus_when_public_priors_concordant_with_d4
aayl51,aayl51:0002380:66ef62906859,66ef6290685913a793976743246b668afb6ef693cf8c6997d9cce87f9af8e4e6,0.4913174212,if6_consensus_when_public_priors_concordant_with_d4
aayl51,aayl51:0002381:b4c27a2acd6a,b4c27a2acd6ad5e91ff6b821401b01ec9962b92d82222b914c0334879c79a3c5,0.5173265338,if6_consensus_when_public_priors_concordant_with_d4
aayl51,aayl51:0002382:2af17f3fd203,2af17f3fd2037fd4024b7a64b603863f5e7ab602cc070e680bb322240b660318,0.3503897488,if6_consensus_when_public_priors_concordant_with_d4
aayl51,aayl51:0002383:c34f1c0d3fd7,c34f1c0d3fd7f6bcbcc54792ddee15b797ddcfbbdc5d9ddd658575522c2bfa74,0.2505981326,if6_consensus_when_public_priors_concordant_with_d4
aayl51,aayl51:0002384:946edb42e108,946edb42e108c66465cb4575383c43ba3c15d213ac1582f425fb34be83622800,0.4484062493,if6_consensus_when_public_priors_concordant_with_d4
aayl51,aayl51:0002385:6d0c2b9952ac,6d0c2b9952ac7f5437ef39422b72c9be8469f5a9fc02ac84f8ed6d712406aac0,0.3509299755,if6_consensus_when_public_priors_concordant_with_d4
aayl51,aayl51:0002386:b7765b4d5478,b7765b4d547861dcc478d7bc91d47931cdc84ea0db25f36530edb089136e3678,0.609400332,if6_consensus_when_public_priors_concordant_with_d4
aayl51,aayl51:0002387:b7aa6fde1a6c,b7aa6fde1a6c84d64b92c7c1a9e8a90c7199de8273296c3f1ac5a9f90d2fba65,0.2994520366,if6_consensus_when_public_priors_concordant_with_d4
aayl51,aayl51:0002388:3a42d6806dbf,3a42d6806dbf096084b8daa25d486fb088bc1c7195433d7da9bd10f1e23898a6,0.688739717,if6_consensus_when_public_priors_concordant_with_d4
aayl51,aayl51:0002389:d27a67cb6ba4,d27a67cb6ba4bfd2a342e8a3c46ee9186a3a13be4ba83072425aa838854cfbec,0.667052567,if6_consensus_when_public_priors_concordant_with_d4
aayl51,aayl51:0002390:02cdf63edc39,02cdf63edc3983709954bc16d4786c2b05ac18f8ded1238a380424b951585463,0.4025622904,if6_consensus_when_public_priors_concordant_with_d4
aayl51,aayl51:0002391:73368e8ced6f,73368e8ced6f7f96ea1c0ad6979e18e838dca7910b8461b603826fb09e83eb8e,0.4806667864,if6_consensus_when_public_priors_concordant_with_d4
aayl51,aayl51:0002392:e4991ed8ab5d,e4991ed8ab5df73c8d0cbd307f21a87cbedd688a013390a017d6fd603d00f97e,0.5895654559,if6_consensus_when_public_priors_concordant_with_d4
aayl51,aayl51:0002393:d07f2a231dba,d07f2a231dba7af2f30d4016c5ade98535595a2a0b1a5c8aced77e4ad9217811,0.5737438798,if6_consensus_when_public_priors_concordant_with_d4
aayl51,aayl51:0002394:380cba64bd11,380cba64bd11100132832dd1e49274458125b592dfc9a600b49c77a0dfa22ff4,0.7195338607,if6_consensus_when_public_priors_concordant_with_d4
aayl51,aayl51:0002395:5432d312f924,5432d312f924d31c72ab3a7b80ebdb6953f280edbcfc20e39b8c2b6b8cff365b,0.903295517,if6_consensus_when_public_priors_concordant_with_d4
aayl51,aayl51:0002396:b39d3c0e11c9,b39d3c0e11c9196e9aaa3d8579787e11d90228783b63a13b7b0a7cccddf71706,0.480435282,if6_consensus_when_public_priors_concordant_with_d4
aayl51,aayl51:0002397:daf060c1ab31,daf060c1ab31a8bd24eba595ed8df794b25d7362deb24b4a3191cbe89f3fc5b7,0.7577371597,if6_consensus_when_public_priors_concordant_with_d4
aayl51,aayl51:0002398:e6d3b135f283,e6d3b135f283ec830f199c465edb1d1259dfe7b5db58d66013168fc2596477b9,0.7201512456,if6_consensus_when_public_priors_concordant_with_d4
aayl51,aayl51:0002399:517e7582e2fa,517e7582e2fac2bc85ec95f12da60ade9892b973374c8e37d1cdb80314971b47,0.3638959825,if6_consensus_when_public_priors_concordant_with_d4
aayl51,aayl51:0002400:e6f3c782e0f5,e6f3c782e0f5492ccb41422f2ab07b5759a3674a8b93a3884e6543ba2bf215e5,0.4683954716,if6_consensus_when_public_priors_concordant_with_d4
aayl51,aayl51:0002401:2b80fce16f43,2b80fce16f43be299bbd03867957f02c16a832af4296325c5a86a8d8eba94b00,0.9070773125,if6_consensus_when_public_priors_concordant_with_d4
aayl51,aayl51:0002402:82265f721b4b,82265f721b4bb500992440f46a90369e34cb52da97000fd4688aca4f820daed7,0.1604538113,if6_consensus_when_public_priors_concordant_with_d4
aayl51,aayl51:0002403:9d51590787eb,9d51590787eb0f689874be344db756020e1c7f4f6946236dfc5482644518520a,0.3411283493,if6_consensus_when_public_priors_concordant_with_d4
aayl51,aayl51:0002404:e3979c80f00b,e3979c80f00b083f9f4e9528db837658bc5421c89a3fea174480bbbbb4af5036,0.3936868012,if6_consensus_when_public_priors_concordant_with_d4
aayl51,aayl51:0002405:75010c0bd012,75010c0bd012d67f04975ee6c6b43fa0b8689477b884ccf313a9dafe67c63854,0.4943273962,if6_consensus_when_public_priors_concordant_with_d4
aayl51,aayl51:0002406:48e1cae988c6,48e1cae988c621e5f11339b5fce0b9b9a90efadf34ef355e861122c6d8c07599,0.4823647439,if6_consensus_when_public_priors_concordant_with_d4
aayl51,aayl51:0002407:bc311f23ec36,bc311f23ec36655c04fe2baa157263d2fe95918ad39990808d11322fc88ba79c,0.4310411215,if6_consensus_when_public_priors_concordant_with_d4
aayl51,aayl51:0002408:c94b9a6966c3,c94b9a6966c33c4aa91e27ced2f07801cc3e79fd89c3d49e1e905357685c1558,0.6049625874,if6_consensus_when_public_priors_concordant_with_d4
aayl51,aayl51:0002409:bb396c1aac6f,bb396c1aac6fd53057014856ab6962c774a3b5c0afe2a9ad813ea366826ab52d,0.2866404355,if6_consensus_when_public_priors_concordant_with_d4
aayl51,aayl51:0002410:8fc95c83c665,8fc95c83c66548d76ea44b02fc3b24a04549c778e2dbf82572fb49151da67fba,0.6808674932,if6_consensus_when_public_priors_concordant_with_d4
aayl51,aayl51:0002411:a181f9ebaf13,a181f9ebaf13737bf19754fb9032d6de13c4c1e44d8eec3bea91a152c228128a,0.1648529768,if6_consensus_when_public_priors_concordant_with_d4
aayl51,aayl51:0002412:19117d05860b,19117d05860be79e7b35abfbba78fab24097266b65e847a31656c963de8731c9,0.238326773,if6_consensus_when_public_priors_concordant_with_d4
aayl51,aayl51:0002413:ea671a441b9c,ea671a441b9cf4f1649e02f06c801ac7472eb5e2587ce9ca91b951f894999443,0.3875896931,if6_consensus_when_public_priors_concordant_with_d4
aayl51,aayl51:0002414:6ad9904ff77e,6ad9904ff77eebfda1a850d1545914892a2dba70307762bcdbb414b1372d2ff0,0.9589411616,if6_consensus_when_public_priors_concordant_with_d4
aayl51,aayl51:0002415:da43f444e5cf,da43f444e5cf0270a0f354ad6eedaffb045a942c8196faa917128dee6d7d5aef,0.8764374256,if6_consensus_when_public_priors_concordant_with_d4
aayl51,aayl51:0002416:65e432cb1f86,65e432cb1f86433012fbaeb6fc28121ef724c38c943e1158776f9c974dd79917,0.6113297939,if6_consensus_when_public_priors_concordant_with_d4
aayl51,aayl51:0002417:0bba33241895,0bba3324189583be58420545e005448205adeae43f092add3c04c1be195f9054,0.7744848132,if6_consensus_when_public_priors_concordant_with_d4
aayl51,aayl51:0002418:61680d79bf73,61680d79bf73b79c0cb1c3210943f6e2cc9860ff724d3c616c434822dfe26a0f,0.5836227536,if6_consensus_when_public_priors_concordant_with_d4
aayl51,aayl51:0002419:11caf2b72319,11caf2b723199f75272e15a84d96a1048609b62c7baf346a714a0b1f6dc76275,0.6952998638,if6_consensus_when_public_priors_concordant_with_d4
aayl51,aayl51:0002420:b81734a17fb9,b81734a17fb9d59f9c9aedc711dcba552e569dc6854c5337d7d0f6c2f7bd02cc,0.3648221195,if6_consensus_when_public_priors_concordant_with_d4
aayl51,aayl51:0002421:73708981f96b,73708981f96b89c9c61ec5c8458b2c3c1396c7fcffe732885215c7c0a0bab437,0.2201126814,if6_consensus_when_public_priors_concordant_with_d4
aayl51,aayl51:0002422:d956061981ea,d956061981eadbc61a064bb27f7342a9178fd3d0401e06987ca02aa26a194969,0.2678089142,if6_consensus_when_public_priors_concordant_with_d4
aayl51,aayl51:0002423:65cad004ff40,65cad004ff40734160e201c5e5e619669cd9bd9b8a8e36688107276d34a65b63,0.2401790619,if6_consensus_when_public_priors_concordant_with_d4
aayl51,aayl51:0002424:2b2b2e3dcbaa,2b2b2e3dcbaa3ab32991bc01120d67bb20228648f28f779ed79bd252737d1e04,0.4626456797,if6_consensus_when_public_priors_concordant_with_d4
aayl51,aayl51:0002425:a50811463db3,a50811463db36237d4faebb5455ea0c7e4eb9692f16534ece805ba7f78d9bf32,0.606544733,if6_consensus_when_public_priors_concordant_with_d4
aayl51,aayl51:0002426:bfe18bb28a49,bfe18bb28a4978854c027cdb90f2a6c8668c425d8f56dd1dd2c75dfb1c7c4620,0.5235008001,if6_consensus_when_public_priors_concordant_with_d4
aayl51,aayl51:0002427:ab7be2454491,ab7be2454491d9a2a541344e78105c50fe0c346dcc5fdc03f867fb9efab652c8,0.3688353598,if6_consensus_when_public_priors_concordant_with_d4
aayl51,aayl51:0002428:66be2b48b22d,66be2b48b22df6c44f6561643fe46875f12b86d0c5a6a55346e3d6c21f8ec8e3,0.6807131171,if6_consensus_when_public_priors_concordant_with_d4
aayl51,aayl51:0002429:4d69aec62068,4d69aec620687fc191c43d6f0bdc7a42ffe36fa674eb9fbda81f314bff420051,0.7805819511,if6_consensus_when_public_priors_concordant_with_d4
aayl51,aayl51:0002430:1e66d8551c23,1e66d8551c237a65b5163d78c3bf06a0118d989f687026246d27bf059b76ae18,0.6409662366,if6_consensus_when_public_priors_concordant_with_d4
aayl51,aayl51:0002431:30cc600082c1,30cc600082c15c8e84e82f3c60397c7ff89615f48aa473bc93bb7fa6d0795040,0.6543952823,if6_consensus_when_public_priors_concordant_with_d4
aayl51,aayl51:0002432:85cd78b3cbb7,85cd78b3cbb7ce338d3ed14b7a65075edcaca165277ddd9387d06168f7bbe47f,0.7114301324,if6_consensus_when_public_priors_concordant_with_d4
aayl51,aayl51:0002433:cfc0522f9a45,cfc0522f9a45ab58931c464351f052a569122e60b96b7e3b38aee1823d592d7a,0.344755739,if6_consensus_when_public_priors_concordant_with_d4
aayl51,aayl51:0002434:8cd4eb49e93f,8cd4eb49e93f628794371400a742fb604489e69c53dd46a181b860d08e51ce3c,0.5752103329,if6_consensus_when_public_priors_concordant_with_d4
aayl51,aayl51:0002435:ffac29cdd7b5,ffac29cdd7b5ba77449eb12d997180568facb1cfc78543e994b21efeac1137e5,0.7717836499,if6_consensus_when_public_priors_concordant_with_d4
aayl51,aayl51:0002436:0b14490615e1,0b14490615e1b97052bc66688a552b3af368828d9a0e8752d8b165295a26c19c,0.4678552151,if6_consensus_when_public_priors_concordant_with_d4
aayl51,aayl51:0002437:8db533b1247c,8db533b1247cf805daee15cd8afdb5dab87da8e7399cc19ad309fec80b68f271,0.8848498464,if6_consensus_when_public_priors_concordant_with_d4
aayl51,aayl51:0002438:9271c4948622,9271c49486224ac90d899880886b50170b3fe4da0a2d9c3c212c2cae10c97ec7,0.8018059731,if6_consensus_when_public_priors_concordant_with_d4
aayl51,aayl51:0002439:d02b92f3abf9,d02b92f3abf928973c53deb97e3e5c59606b185cae6a8682db757e37bf9caf15,0.5061357021,if6_consensus_when_public_priors_concordant_with_d4
aayl51,aayl51:0002440:0c4e66e90089,0c4e66e900890da823037dba528e0d621280e250e7398101100b227621a17eea,0.7933935523,if6_consensus_when_public_priors_concordant_with_d4
aayl51,aayl51:0002441:a08041a452fa,a08041a452fa5bbf6a3ac50908bf79fb7f213349229035112e2e8e6979d60ad1,0.7880682349,if6_consensus_when_public_priors_concordant_with_d4
aayl51,aayl51:0002442:86a601d1eefd,86a601d1eefd5a4450eb17269c81d065531cc48c74b1fa1d442df8fc3e9f3897,0.7985644937,if6_consensus_when_public_priors_concordant_with_d4
aayl51,aayl51:0002443:fe2fca520aa7,fe2fca520aa7303d0473c8bd8670bb6cb246061a3ed8160b7ca07a5ec42863e7,0.6979238987,if6_consensus_when_public_priors_concordant_with_d4
aayl51,aayl51:0002444:8a739d126235,8a739d126235aaa5918624316ab1ca7f67c348fc4067d39bb90baf1f3f594b5f,0.6765454412,if6_consensus_when_public_priors_concordant_with_d4
aayl51,aayl51:0002445:b33ab0afba81,b33ab0afba813d5f297da17b86131c6c72d2a3c86401771e9b9b910697d0bc93,0.4311183393,if6_consensus_when_public_priors_concordant_with_d4
aayl51,aayl51:0002446:8584bcfd9652,8584bcfd96521a30ee0689411369578b4599e3b340e55e42084f3dc8833745c0,0.2380952388,if6_consensus_when_public_priors_concordant_with_d4
aayl51,aayl51:0002447:4efd39de2137,4efd39de21375ac5afab9eb067b0c3d906a17cffe21560e6f5961bc4d3c248cf,0.2307633013,if6_consensus_when_public_priors_concordant_with_d4
aayl51,aayl51:0002448:664c46e21074,664c46e21074a83414e855085ce4b2f3cdb356afb9d78d6ba99968322b9ee7e6,0.1474878341,if6_consensus_when_public_priors_concordant_with_d4
aayl51,aayl51:0002449:cd77b7f44b79,cd77b7f44b792390698b1ed0574107974c421551768cbf52fff3697399a8ba9f,0.2792313099,if6_consensus_when_public_priors_concordant_with_d4
aayl51,aayl51:0002450:5355cf5a0e04,5355cf5a0e041e345bae7faea7ac7b2b1f6bdc63cf4071a1686537f94bd5a924,0.3161997497,if6_consensus_when_public_priors_concordant_with_d4
aayl51,aayl51:0002451:00c12750761d,00c12750761d0b24770aab10efaeefc9ccc1d49f93ce10c38a590def2910e7cd,0.3608860075,if6_consensus_when_public_priors_concordant_with_d4
aayl51,aayl51:0002452:d8260992e791,d8260992e7918cafb0a38b9b0cdeb13c9438085033e425eca97930842e84a5dc,0.6006791592,if6_consensus_when_public_priors_concordant_with_d4
aayl51,aayl51:0002453:fdeee172568b,fdeee172568b44132aa8d614125b87828cd44a3f2a2341a70074c179042aaa6d,0.6340202689,if6_consensus_when_public_priors_concordant_with_d4
aayl51,aayl51:0002454:4866aab3e2e0,4866aab3e2e009797dbda1433e388b706ff315645c6b66ff202e8a13718bd659,0.3698386848,if6_consensus_when_public_priors_concordant_with_d4
aayl51,aayl51:0002455:d3f0118ce6f0,d3f0118ce6f05d2fc1c261c5961dcf1357e302aaa431db2c497d91bfa3ced77a,0.6440533996,if6_consensus_when_public_priors_concordant_with_d4
aayl51,aayl51:0002456:71a14e04620e,71a14e04620eda49958ae68513740cbcb6a509bc4dbc3b97fe7ee185248c52f1,0.6539322734,if6_consensus_when_public_priors_concordant_with_d4
aayl51,aayl51:0002457:1f18ea1bba29,1f18ea1bba29c06fb41b1e7290e3c2f5ed03f626a433ab15f1c9a46f3c8a417b,0.5999845862,if6_consensus_when_public_priors_concordant_with_d4
aayl51,aayl51:0002458:c8065bd6916d,c8065bd6916da3e8289c3575400431aa679f5ee215779b2cc04743cb25157b6c,0.3175889552,if6_consensus_when_public_priors_concordant_with_d4
aayl51,aayl51:0002459:12270c311de9,12270c311de964f7abddf4ea3a49c17936a126a14aa55827ae8b085e8f06934e,0.2302230448,if6_consensus_when_public_priors_concordant_with_d4
aayl51,aayl51:0002460:ee4f82f46950,ee4f82f46950ce6d31adf4ac02876ad5a5e7741f50a6a53c420440b14d14c638,0.6325538754,if6_consensus_when_public_priors_concordant_with_d4
aayl51,aayl51:0002461:8ee87d45875f,8ee87d45875f6a8bd0790bcc7968b2e7360bc6ffd72fb4b37b8203c7dd0a5c10,0.5678783059,if6_consensus_when_public_priors_concordant_with_d4
aayl51,aayl51:0002462:a24fbe13abaf,a24fbe13abaf49d95f50c7013640b47d0969db011919458112af362100588642,0.7216176987,if6_consensus_when_public_priors_concordant_with_d4
aayl51,aayl51:0002463:6c7d4aeea69a,6c7d4aeea69a14cce9477ec26552fa2de79c5e702bd7bbed43a1a96d9ed46ea0,0.4031797349,if6_consensus_when_public_priors_concordant_with_d4
aayl51,aayl51:0002464:3a1d17ae7a9e,3a1d17ae7a9e1197b71fd1d6715ac1a5a79e58e6d3229f352dc71d8349ca0221,0.4058038294,if6_consensus_when_public_priors_concordant_with_d4
aayl51,aayl51:0002465:f3dddab40a78,f3dddab40a78bd08ea3f6a17efe03378d3f0dcb2549281a863609011e1e82588,0.4155282974,if6_consensus_when_public_priors_concordant_with_d4
aayl51,aayl51:0002466:21292f62a4d8,21292f62a4d88bac8b5b24f9e6223e82b40f9d89cc27911b714c811971d672eb,0.9450490475,if6_consensus_when_public_priors_concordant_with_d4
aayl51,aayl51:0002467:f277e93affad,f277e93affad468b1504f5796a62ebeaef013189118eecedb52b5b2611ded145,0.5756734014,if6_consensus_when_public_priors_concordant_with_d4
aayl51,aayl51:0002468:f79c7fae997d,f79c7fae997d94bab80a17a66822c63c685f2d57e0e989015234a236feec6cbb,0.3725399077,if6_consensus_when_public_priors_concordant_with_d4
aayl51,aayl51:0002469:fbf75f4b0d7f,fbf75f4b0d7f7e1b82377302a3037099231d1671b37ff025a3f5b3b4c4bfe5fe,0.3883614838,if6_consensus_when_public_priors_concordant_with_d4
aayl51,aayl51:0002470:f1862baad2fb,f1862baad2fb328341962ade04bad9602a0e1dc0b86f783392d56acc19f64ff3,0.6182758212,if6_consensus_when_public_priors_concordant_with_d4
aayl51,aayl51:0002471:bcf41c4ff445,bcf41c4ff4456f2e96e2c6f21b4a21e81bd0421f4c43af587d9053779cde4450,0.4474801123,if6_consensus_when_public_priors_concordant_with_d4
aayl51,aayl51:0002472:3845a1e7e96d,3845a1e7e96d807f6cc9388a162eb4198263fed3ca7683cad374d716d1633f05,0.7409122586,if6_consensus_when_public_priors_concordant_with_d4
aayl51,aayl51:0002473:e4c11bd22c15,e4c11bd22c158a6a7d7549b833f60d42b6fc8533a503e237706f2904b17dd3cf,0.6104807854,if6_consensus_when_public_priors_concordant_with_d4
aayl51,aayl51:0002474:82e4a591dd38,82e4a591dd38cf67a5f79a74c2a52e7e4775a5c5134067bc32052446e6e30f19,0.7095778584,if6_consensus_when_public_priors_concordant_with_d4
aayl51,aayl51:0002475:eefb7b525dfd,eefb7b525dfdce1c08bd52d974bf97496b10730cfef2223e012a01d4b216221c,0.546885848,if6_consensus_when_public_priors_concordant_with_d4
aayl51,aayl51:0002476:491a77aa00f6,491a77aa00f6ed25b33d313e6e52fbfff0491321597d362b8373c2f2a36ae0cd,0.2404877692,if6_consensus_when_public_priors_concordant_with_d4
aayl51,aayl51:0002477:752c051cb8d6,752c051cb8d6a0c3b00ea6f9985e84cc71ae883c2ca695a7def71cf6f7b5c70e,0.3777880669,if6_consensus_when_public_priors_concordant_with_d4
aayl51,aayl51:0002478:67bbb0d5718f,67bbb0d5718f91e0e923d1a281a76928265c163b83c04cb914a5da7eb9dcf17a,0.1999691278,if6_consensus_when_public_priors_concordant_with_d4
aayl51,aayl51:0002479:b40adc938fad,b40adc938fadf104507326f1b8bf154129bc8bb51f573dffc438ec7b5001bbb1,0.7798101306,if6_consensus_when_public_priors_concordant_with_d4
aayl51,aayl51:0002480:8a9927ddb9b5,8a9927ddb9b50e6fc3eed055b47c9121984b313a9c6d645439c59f47bf9ba040,0.4829050004,if6_consensus_when_public_priors_concordant_with_d4
aayl51,aayl51:0002481:8758e446d61f,8758e446d61f5bcbf2e36f65f90870c95f051e1919043346ea0b2d02e8343411,0.08505055308,if6_consensus_when_public_priors_concordant_with_d4
aayl51,aayl51:0002482:15b7e98bd77a,15b7e98bd77a258eea8228b98fbaedd0734a64876dbabc9eb952f1e8b5e35f12,0.6771629453,if6_consensus_when_public_priors_concordant_with_d4
aayl51,aayl51:0002483:ddb7d34033e9,ddb7d34033e96d3e123044ff38c201fa9a3601083a86bf9c80aa32240fe88411,0.6873504519,if6_consensus_when_public_priors_concordant_with_d4
aayl51,aayl51:0002484:80781eb54ed1,80781eb54ed1c67549a5fb8b9dc393aa22a5fa39be93f4a547059af1b95754b3,0.2827815115,if6_consensus_when_public_priors_concordant_with_d4
aayl51,aayl51:0002485:2f1fb0ebf0e9,2f1fb0ebf0e9b97b0a2a0d5d5470f94376417bbfad1fa8d349156347ac540059,0.3096395731,if6_consensus_when_public_priors_concordant_with_d4
aayl51,aayl51:0002486:20e3d0332f0f,20e3d0332f0f85d0fbaf65aa5cc327436be0d32d7981622a0f4bd1d344ab5f60,0.3576445282,if6_consensus_when_public_priors_concordant_with_d4
aayl51,aayl51:0002487:3f0ac6bae364,3f0ac6bae364d6f2a12cbcbc2db642b4509dbf7e9aa9030fde97e13e7128b655,0.7322683334,if6_consensus_when_public_priors_concordant_with_d4
aayl51,aayl51:0002488:1058117e29ad,1058117e29ad49619588695dd5d3c9fb3c943798411faf80864a5979774bc5e1,0.5381646752,if6_consensus_when_public_priors_concordant_with_d4
aayl51,aayl51:0002489:bff1dc947a5b,bff1dc947a5bcfbad670c8a05f25aea18e58f7f23c603c136d8f0969003950bb,0.6482210755,if6_consensus_when_public_priors_concordant_with_d4
aayl51,aayl51:0002490:2b7dda4f514a,2b7dda4f514a83f6500ebcd0ea67d0161ff6d05de98cfa4296b21105ac8c25f1,0.6087828875,if6_consensus_when_public_priors_concordant_with_d4
aayl51,aayl51:0002491:09e3fa43499d,09e3fa43499dec42e5428e0b5d0d35c5de0369c8da8aebc45e9679cde240463f,0.4133672714,if6_consensus_when_public_priors_concordant_with_d4
aayl51,aayl51:0002492:3c869834c0b8,3c869834c0b8f10d602d65bc5cdb3c31053f47bb2a0c527809acd7b55ce0b71d,0.5912633538,if6_consensus_when_public_priors_concordant_with_d4
aayl51,aayl51:0002493:61b13a437d76,61b13a437d76e371b9f1298e6aa68ccc3a13e374776a0cffa6808f9501e20af1,0.4180751741,if6_consensus_when_public_priors_concordant_with_d4
aayl51,aayl51:0002494:f46fd0fec7f6,f46fd0fec7f6c9f43d74f965d9248e3d20ca86c5a88df23e23afc76a3a9b54ce,0.7399089336,if6_consensus_when_public_priors_concordant_with_d4
aayl51,aayl51:0002495:b883c22ea4b9,b883c22ea4b909ad4840024139f6c176cb8237bd945c7446a2fd61b47db248df,0.803658247,if6_consensus_when_public_priors_concordant_with_d4
aayl51,aayl51:0002496:b8bfa97558b8,b8bfa97558b85db24988fc295a8ecaba7fdfd0e18fb409d86a25c00a63c214ad,0.4376784861,if6_consensus_when_public_priors_concordant_with_d4
aayl51,aayl51:0002497:be11f1317f5d,be11f1317f5dfc3f401a948a602f8a3c553d56010c6d151e42e63f29d5e082e1,0.5806899667,if6_consensus_when_public_priors_concordant_with_d4
aayl51,aayl51:0002498:4b746e195577,4b746e195577d0b4d48efc392da321e1b82c1e1d5c02a4f462a0fda4477fa10f,0.8197113872,if6_consensus_when_public_priors_concordant_with_d4
aayl51,aayl51:0002499:81ae54c0ac50,81ae54c0ac50853f8b92852504f3315932833eaa72e47125991e43dbd565dd5f,0.4440070689,if6_consensus_when_public_priors_concordant_with_d4
aayl51,aayl51:0002500:69e55bef7549,69e55bef7549a33fd632f4b46c4e4b6f9e718aad5240b73d634c44292e566a31,0.5185614228,if6_consensus_when_public_priors_concordant_with_d4
aayl51,aayl51:0002501:31eb948d6dc7,31eb948d6dc73b408759bea225bc67bf124d01839c270f3bf7ad42a3df334903,0.4342054427,if6_consensus_when_public_priors_concordant_with_d4
aayl51,aayl51:0002502:d598f9ddc2e0,d598f9ddc2e00d5e79a05454d418f6b42eefe1b34cc11375e478b8bc8f639051,0.5051323771,if6_consensus_when_public_priors_concordant_with_d4
aayl51,aayl51:0002503:68d23c937b0e,68d23c937b0edb28352220d3d760576a77eaf9ac07ae8dffbec4b2b60af24240,0.4433124959,if6_consensus_when_public_priors_concordant_with_d4
aayl51,aayl51:0002504:5079a0abff42,5079a0abff420b2b68e96c08bc15478a073bf2967f13265d169cd50fe75bf910,0.489233613,if6_consensus_when_public_priors_concordant_with_d4
aayl51,aayl51:0002505:789471d91f94,789471d91f94e3916ca83ae49f01767af3568d7d8b0614ed4358fc1a00e280a6,0.9093925953,if6_consensus_when_public_priors_concordant_with_d4
aayl51,aayl51:0002506:b91a8192f3eb,b91a8192f3ebf15702aa21181f05eb9d008a281a78dcacdfe8428eb92fb82146,0.8765146136,if6_consensus_when_public_priors_concordant_with_d4
aayl51,aayl51:0002507:291f9989c999,291f9989c9997bd9d880546ce221617b8bf4b8ba6fcd7140a3ef4396f4464ae0,0.5941961408,if6_consensus_when_public_priors_concordant_with_d4
aayl51,aayl51:0002508:9990f353c809,9990f353c8094a06f50535a39ac7d7e83afba66a2344e8f2a7fb2eee65b14489,0.7597437501,if6_consensus_when_public_priors_concordant_with_d4
aayl51,aayl51:0002509:101247c69e73,101247c69e7311bdc8f0a71fd3b0ea3cdd7dd670a3a576493244dadf6809b047,0.4528054297,if6_consensus_when_public_priors_concordant_with_d4
aayl51,aayl51:0002510:566e4d7a67a7,566e4d7a67a79576ff0e1d7348cc96db996e30c8b29dc49941d6766f66c603b4,0.4345913231,if6_consensus_when_public_priors_concordant_with_d4
aayl51,aayl51:0002511:db97c31afd99,db97c31afd99b226bbe318f48be04955307b03034e0ce48328f724843eb17cd2,0.2319981456,if6_consensus_when_public_priors_concordant_with_d4
aayl51,aayl51:0002512:0ad877696050,0ad877696050a90a80fdcc5b731c03e3420c34cfc048766cc950e58a30fa51da,0.2685035169,if6_consensus_when_public_priors_concordant_with_d4
aayl51,aayl51:0002513:c84f16bd9c00,c84f16bd9c00c63cfcc882e9ed7649a38ed7afce5692756aafbaf02ce21b6b75,0.3625839055,if6_consensus_when_public_priors_concordant_with_d4
aayl51,aayl51:0002514:1a7b1c674f11,1a7b1c674f11242b9089b02462e77d2a7b83031c331e10a90942b6c68fc4b181,0.3428262472,if6_consensus_when_public_priors_concordant_with_d4
aayl51,aayl51:0002515:dae1bfd0d0e6,dae1bfd0d0e6b034578b882a5043b531500a94192fa47d696dc796a3bab7bdab,0.5771397948,if6_consensus_when_public_priors_concordant_with_d4
aayl51,aayl51:0002516:d02efbc1e1d5,d02efbc1e1d5497f9c0a8ec4c9c4303a205eabf6a781872857131066e82f5f57,0.6315504909,if6_consensus_when_public_priors_concordant_with_d4
aayl51,aayl51:0002517:5d9306b7c3d8,5d9306b7c3d83efa4917319dfc08de445f5f4eba2f17b3b65df615179bb733b4,0.6736898422,if6_consensus_when_public_priors_concordant_with_d4
aayl51,aayl51:0002518:009e4342a881,009e4342a8816b8e2758b3e3b5b59bdfa34a77df282914c1b97d745b0c4e434b,0.8253453374,if6_consensus_when_public_priors_concordant_with_d4
aayl51,aayl51:0002519:96dabc864a38,96dabc864a38d6be4e17f88d51ba7660c570a15cec9458eafe7884471585eb29,0.6105579734,if6_consensus_when_public_priors_concordant_with_d4
aayl51,aayl51:0002520:c56d50c8b6f9,c56d50c8b6f94fc193e61065f8fc07f72b857bbc6bd5d7f33140d8aff4aba8d3,0.9186540246,if6_consensus_when_public_priors_concordant_with_d4
aayl51,aayl51:0002521:711be485040b,711be485040b67406a0e1548e96fcd21f858bf9d8db8d1438399530e5611a8a4,0.7554218173,if6_consensus_when_public_priors_concordant_with_d4
aayl51,aayl51:0002522:93e5f1c2e2c8,93e5f1c2e2c88a9d484ebe7c6ea3af7410400314fa241b79631e12fc2253027c,0.7529520988,if6_consensus_when_public_priors_concordant_with_d4
aayl51,aayl51:0002523:dbe1e2550321,dbe1e25503212af8f5b94f6f9b219e11936eb130548a54067ca2f1d637cf2215,0.5130817294,if6_consensus_when_public_priors_concordant_with_d4
aayl51,aayl51:0002524:0daea3e241a7,0daea3e241a7a8e216d48d5c79c13079a31e7ea0efe246840708bd13b5a51b87,0.4327390492,if6_consensus_when_public_priors_concordant_with_d4
aayl51,aayl51:0002525:c9bc251884e9,c9bc251884e9ae04416f4eae0db07d2028574c39a3efafcb46f439494ffc03a5,0.8195570111,if6_consensus_when_public_priors_concordant_with_d4
aayl51,aayl51:0002526:9cd901a5ecd1,9cd901a5ecd1ca9910a7dc7ff1b25486c1ab97b621fee4f7f8bfd90f42e54e70,0.5037431121,if6_consensus_when_public_priors_concordant_with_d4
aayl51,aayl51:0002527:cb1ceb5909ca,cb1ceb5909ca5edd647832bc86d44133f4a69646b72158510f2582ff77f2f6d0,0.4843713939,if6_consensus_when_public_priors_concordant_with_d4
aayl51,aayl51:0002528:6bf4c2654b3e,6bf4c2654b3e709f39f05dff9434a5467f5d7781f734dcf3f35e32096e058ab5,0.6917496324,if6_consensus_when_public_priors_concordant_with_d4
aayl51,aayl51:0002529:23e8d4c178d9,23e8d4c178d933c675ed4e8bf002baacae70fd70aa4d5db18fcf66e816969e36,0.3980859816,if6_consensus_when_public_priors_concordant_with_d4
aayl51,aayl51:0002530:2a20856e966c,2a20856e966c485400ef69022ec8984c8f51983767a391392df8d1643d64ff53,0.8739677072,if6_consensus_when_public_priors_concordant_with_d4
aayl51,aayl51:0002531:570fb5c4b006,570fb5c4b006e750b41116b65846bddcaafa3d405ad4d0c562ccb9a47219bd8a,0.6770856977,if6_consensus_when_public_priors_concordant_with_d4
aayl51,aayl51:0002532:9979e382d818,9979e382d8188da76121b9780524f883d9d9b9157d11123c9b087645bb10a35c,0.7437677979,if6_consensus_when_public_priors_concordant_with_d4
aayl51,aayl51:0002533:510f8e29e6b1,510f8e29e6b13bbb63f6fe589ef776d5872dc38e1d510cca420834db2ac2262e,0.5038203597,if6_consensus_when_public_priors_concordant_with_d4
aayl51,aayl51:0002534:a9e0c636e018,a9e0c636e018f2432fd965d1a7da06c914da61f689eb0ba46abfdba906c6eff1,0.7997993827,if6_consensus_when_public_priors_concordant_with_d4
aayl51,aayl51:0002535:2c0cccfbf886,2c0cccfbf8868377b1326296d94d29ad5cb0d899a233dde94abea4cf214933dc,0.3663656712,if6_consensus_when_public_priors_concordant_with_d4
aayl51,aayl51:0002536:376de7bdecfe,376de7bdecfe709a1b1453a8f8dd72ffc5d7c92b08fa16249b503d7c1f360476,0.4262560904,if6_consensus_when_public_priors_concordant_with_d4
aayl51,aayl51:0002537:5275d4071cc7,5275d4071cc7c73a50365f4ff39af22fb98f85c4e15a52050a4401cfa0779b54,0.5001929402,if6_consensus_when_public_priors_concordant_with_d4
aayl51,aayl51:0002538:99447e31341e,99447e31341e2294c68faa440bfd8fd0fbca59eed298ecb4b893cd2946a6ab28,0.9725244641,if6_consensus_when_public_priors_concordant_with_d4
aayl51,aayl51:0002539:848535a4ad3f,848535a4ad3f89776a5d5e9cadfd73d6f7a5f072fa82fc5f91b8f80c9b496c95,0.2882611752,if6_consensus_when_public_priors_concordant_with_d4
aayl51,aayl51:0002540:7484cc529122,7484cc52912278bcdf14cfb8a88a30af89772b28fa319aaee5a9c5a7008fb271,0.4676236808,if6_consensus_when_public_priors_concordant_with_d4
aayl51,aayl51:0002541:e39efe20ba59,e39efe20ba590a60bbd43136cfd6082e5c00d67a2dbaddbbeae6adaf82bd24e8,0.4620667994,if6_consensus_when_public_priors_concordant_with_d4
aayl51,aayl51:0002542:c7633fd28dce,c7633fd28dceb0608ba3ac7dad83829e5c0d89677d0c63354ed0a5828ed9b712,0.5681099296,if6_consensus_when_public_priors_concordant_with_d4
aayl51,aayl51:0002543:56505c80c4b8,56505c80c4b85a1d3e91f18cc1086f3ed72d8f9b558e7ab8cd0a265ea1aae532,0.1686347127,if6_consensus_when_public_priors_concordant_with_d4
aayl51,aayl51:0002544:9d5cf68949b3,9d5cf68949b396af0a4f9756d0fdeaf2684833e085bf2dc414e70c30494dcca4,0.4918576777,if6_consensus_when_public_priors_concordant_with_d4
aayl51,aayl51:0002545:32fd0dfb7f61,32fd0dfb7f615854723d6e680bd3d34cac6cad23bc99d1f67ef96349eb38d2bd,0.4634560645,if6_consensus_when_public_priors_concordant_with_d4
aayl51,aayl51:0002546:a0a29ddfc6a9,a0a29ddfc6a968c6252554a49116a0a5a81c1519384c7d9e8afc537fd725110c,0.7838234305,if6_consensus_when_public_priors_concordant_with_d4
aayl51,aayl51:0002547:72c1ec313a29,72c1ec313a29399a30e19af32b76ebadb430cadc5766d7fa56768e6a03c42017,0.2222736627,if6_consensus_when_public_priors_concordant_with_d4
aayl51,aayl51:0002548:430dfe7d56b7,430dfe7d56b76210a32b6c848f0c1b255f04cdc676aab1c7069237ba35cb74e0,0.5346145034,if6_consensus_when_public_priors_concordant_with_d4
aayl51,aayl51:0002549:0684b5dde512,0684b5dde51245ad21ba13b1550dba9e5799873a7031b56c8340af1d18b7b463,0.4325847328,if6_consensus_when_public_priors_concordant_with_d4
aayl51,aayl51:0002550:fe2dbcd161d5,fe2dbcd161d50d2f3930b6e807ca77cab820576bbea0ab18167eba20e7d62c1f,0.5610866547,if6_consensus_when_public_priors_concordant_with_d4
aayl51,aayl51:0002551:ff0acc1a3f57,ff0acc1a3f57c09cb2f6d262ea0c11534b70ae55e44437a6d399a5ec8374c7e6,0.5789148808,if6_consensus_when_public_priors_concordant_with_d4
aayl51,aayl51:0002552:dd9f5ef4f2af,dd9f5ef4f2af2fb7bf7e98367f1be09c771d66b3ef1a326c5e136d34b6d6f5f2,0.7034035325,if6_consensus_when_public_priors_concordant_with_d4
aayl51,aayl51:0002553:d468c7cf506d,d468c7cf506d2ab6f7ec5235772ac7e35f4c7bac2fb5590bb12b381417bdce0e,0.3518561423,if6_consensus_when_public_priors_concordant_with_d4
aayl51,aayl51:0002554:ba68426c9f6b,ba68426c9f6b9658e7f2cd56bbf9940bc227c9183b3090d4c978b739b21c8b50,0.2970595062,if6_consensus_when_public_priors_concordant_with_d4
aayl51,aayl51:0002555:4c0bc2f397bd,4c0bc2f397bda62da058c68b26ba926f7901f9386c5e3d2eef479fedd426164f,0.4085822105,if6_consensus_when_public_priors_concordant_with_d4
aayl51,aayl51:0002556:bccb54da747e,bccb54da747ea52d6c962b17f40c8ed4ef49609343686a0f3f41bcfabf286a85,0.3778652251,if6_consensus_when_public_priors_concordant_with_d4
aayl51,aayl51:0002557:af4624e27de2,af4624e27de2c6ce2b2703d0661af5275a8c11596dbd6bba80def439786e7859,0.1565948874,if6_consensus_when_public_priors_concordant_with_d4
aayl51,aayl51:0002558:bbbb3934b527,bbbb3934b52712c68677250c3d687523489808a9a1dacc381bb6bd190340cb39,0.6130277514,if6_consensus_when_public_priors_concordant_with_d4
aayl51,aayl51:0002559:cd89b3d061c3,cd89b3d061c34ee67797e3bcdfb4b6e856c6fbd5b16e5e881c829e870c3f402b,0.5853978395,if6_consensus_when_public_priors_concordant_with_d4
aayl51,aayl51:0002560:8fd3ca651f2c,8fd3ca651f2c8b6bf3410a91b911355c61dbdcb09d761e8637b863d3e8619b61,0.2332330197,if6_consensus_when_public_priors_concordant_with_d4
aayl51,aayl51:0002561:8f2352208e3f,8f2352208e3f1ef13f3aee2d466ba7b8fac1e0a5437912b8d3ecbfa97dbe758f,0.232384041,if6_consensus_when_public_priors_concordant_with_d4
aayl51,aayl51:0002562:61e4c0fd2160,61e4c0fd2160eca6dc7bebddbcb66a229454da48aef14da6098d85dc42c46e48,0.5348460078,if6_consensus_when_public_priors_concordant_with_d4
aayl51,aayl51:0002563:60b3c0197573,60b3c019757341f13fc4d4ab97990a90c49fc154f2c3d00863d5a32b36bbfe2f,0.411129117,if6_consensus_when_public_priors_concordant_with_d4
aayl51,aayl51:0002564:e9d89a0ee845,e9d89a0ee8454cde3a2bd400ee71e14676007255c98a9f640a8e961bcdc39ea7,0.3229914308,if6_consensus_when_public_priors_concordant_with_d4
aayl51,aayl51:0002565:8a1217fdfaf1,8a1217fdfaf16d63564e59331dffd2650438d565a3071afe887e20cf270db24c,0.4999228418,if6_consensus_when_public_priors_concordant_with_d4
aayl51,aayl51:0002566:453b5f29c6b6,453b5f29c6b6c4fe4c46bec3721fc761016a6daf6cec7933981a378847be1462,0.5885621905,if6_consensus_when_public_priors_concordant_with_d4
aayl51,aayl51:0002567:dd1366915e90,dd1366915e90a8ce51c2edaf9415df21ecda8f3506016facfbe7e75582861692,0.5575364828,if6_consensus_when_public_priors_concordant_with_d4
aayl51,aayl51:0002568:08f789cc271f,08f789cc271f2cd59d8baeeddddc36dbff7f09f0b3e9b2568d8ea7ce9cca7135,0.2360885888,if6_consensus_when_public_priors_concordant_with_d4
aayl51,aayl51:0002569:3840deea68e6,3840deea68e65b356cccf3cadbb9626dd0926f831271a38023376225cc1250cd,0.9247511029,if6_consensus_when_public_priors_concordant_with_d4
aayl51,aayl51:0002570:c6381ad7035f,c6381ad7035f61354d4bc6fd65b5c2c01b36484120590b76542cdb0d2af47eb5,0.4133672714,if6_consensus_when_public_priors_concordant_with_d4
aayl51,aayl51:0002571:edd651c6591e,edd651c6591e11073b30d5ee9c54097a28bfe32c4ba74d18d21e774e905f9d6c,0.6442849636,if6_consensus_when_public_priors_concordant_with_d4
aayl51,aayl51:0002572:2ea897613144,2ea8976131447c54288a0d95d1957a9a45b6a555518d3cb8b0ee731c48491035,0.2459674329,if6_consensus_when_public_priors_concordant_with_d4
aayl51,aayl51:0002573:d63891420195,d638914201955ba8012be7b6cb3f959dadc32943820aac942619aea5fefdf133,0.6604924202,if6_consensus_when_public_priors_concordant_with_d4
aayl51,aayl51:0002574:3c22c2c522d1,3c22c2c522d158f392af38a04af62d1b31a75f70cad9014256e4df7ec7d220d4,0.4215482175,if6_consensus_when_public_priors_concordant_with_d4
aayl51,aayl51:0002575:e648dbd13ee3,e648dbd13ee30bd8ebb854c598a894d268b2794776acc28a25d45a340df5aee2,0.4958709478,if6_consensus_when_public_priors_concordant_with_d4
aayl51,aayl51:0002576:a71913e05a4f,a71913e05a4fefb630ac44f6f0495aaf4d8d2be979417d0206c1bc85f057137c,0.530215323,if6_consensus_when_public_priors_concordant_with_d4
aayl51,aayl51:0002577:aac71b4a6b7d,aac71b4a6b7dea111930f1011780757625e5ada09fea5de0ea696f5cba395e86,0.4708651602,if6_consensus_when_public_priors_concordant_with_d4
aayl51,aayl51:0002578:e8091af1e37e,e8091af1e37ea3ca1d62bd92768902a82ce7d748d0767d662ad77795f7895e53,0.4028710425,if6_consensus_when_public_priors_concordant_with_d4
aayl51,aayl51:0002579:0b62a3c13619,0b62a3c1361934ddc22f46917d64477287b5f89f4aba6e92ecf258b018b68209,0.179748401,if6_consensus_when_public_priors_concordant_with_d4
aayl51,aayl51:0002580:9e16661adb15,9e16661adb1587a48a8f4bb7bef20144565a2fcdeba15a81d5c74559a67d9c58,0.3719225228,if6_consensus_when_public_priors_concordant_with_d4
aayl51,aayl51:0002581:119a0f5a41ba,119a0f5a41ba013e67d7df2f40f2e21ad8692580c9994ef9c51778deeb40d540,0.2157135159,if6_consensus_when_public_priors_concordant_with_d4
aayl51,aayl51:0002582:bb1df15f59a4,bb1df15f59a4b661fa520846912a047715d9bad8646e0b0f92651834f159b4fb,0.2106197327,if6_consensus_when_public_priors_concordant_with_d4
aayl51,aayl51:0002583:d73b744ff24b,d73b744ff24bd2a84b629cd0cd78d315fdbe0cc6c31d7a142246e709251b6c7d,0.324071914,if6_consensus_when_public_priors_concordant_with_d4
aayl51,aayl51:0002584:73548df57ec3,73548df57ec3d0362d5f25abd9b4f578d298948c874207356b27ee2b0a88d3af,0.8708806038,if6_consensus_when_public_priors_concordant_with_d4
aayl51,aayl51:0002585:f2424fe8d934,f2424fe8d934be53ae578ace92c67161ff8d7bf65b5afe5dbc7ae8a89724235a,0.1163849607,if6_consensus_when_public_priors_concordant_with_d4
aayl51,aayl51:0002586:aaf3726f057a,aaf3726f057a99d9d2cde4593de2d95008323918cfdb8dbc267a6d4163396e01,0.4323531687,if6_consensus_when_public_priors_concordant_with_d4
aayl51,aayl51:0002587:d4bc217c29e5,d4bc217c29e57df86f93cc32b62451ddd4e4dc8da2faadd047826843db376ed0,0.2230454683,if6_consensus_when_public_priors_concordant_with_d4
aayl51,aayl51:0002588:2d88b33c4614,2d88b33c4614f1074eaea5d2f9ca993d11aa14c506dca133b328a0e22c53dce8,0.6714517474,if6_consensus_when_public_priors_concordant_with_d4
aayl51,aayl51:0002589:2f6c0b8959ef,2f6c0b8959efad6d44bc230f02fda065aba4f7461834b3aafdee67615a623c2f,0.5491240621,if6_consensus_when_public_priors_concordant_with_d4
aayl51,aayl51:0002590:a57e8e93c30d,a57e8e93c30dae743ea031f51f9ef8c6ad43319be80afe3e85b11d8b2f02fe4f,0.9127113223,if6_consensus_when_public_priors_concordant_with_d4
aayl51,aayl51:0002591:0d160eec8004,0d160eec8004542ff059798965b07623e02340cbcbe8ec94e583f99324b15ca9,0.6569421887,if6_consensus_when_public_priors_concordant_with_d4
aayl51,aayl51:0002592:c6df99a244de,c6df99a244de5a97681a017b675183793b9b07691d001ecb620eea8e4767ed6d,0.2988345921,if6_consensus_when_public_priors_concordant_with_d4
aayl51,aayl51:0002593:8432c482f936,8432c482f936ed7fe57d1aefb0152d345d718d5ba5db34aaf5d5bf15324515bd,0.3610403836,if6_consensus_when_public_priors_concordant_with_d4
aayl51,aayl51:0002594:4f268f4a9891,4f268f4a9891e67ed413ae835caf30b50d343c62c5f536fdd9cbd052cd9870ae,0.2712819278,if6_consensus_when_public_priors_concordant_with_d4
aayl51,aayl51:0002595:af1ca604a8d8,af1ca604a8d84f45deb2c906a577a176846329a4c48c85f3aabd37fccbd713f7,0.1900131255,if6_consensus_when_public_priors_concordant_with_d4
aayl51,aayl51:0002596:4b66d2f2293d,4b66d2f2293d4790e53b44abbfbf984f32c66774519a20ea7a44310cdd08abda,0.1379177272,if6_consensus_when_public_priors_concordant_with_d4
aayl51,aayl51:0002597:07de50bac7e4,07de50bac7e46527ebae5e91e920a44934455e92d9706c529b10a7eab83ea3b8,0.880913794,if6_consensus_when_public_priors_concordant_with_d4
aayl51,aayl51:0002598:9d9831971ae2,9d9831971ae29b93843e47c658a0865f6779d733bd8943a3b9ee87fe29dffd9e,0.2855599225,if6_consensus_when_public_priors_concordant_with_d4
aayl51,aayl51:0002599:dc20d20509b0,dc20d20509b07222a95540e2123df8a76ed86ccf4882c056f1f23f98bfd67250,0.1789766401,if6_consensus_when_public_priors_concordant_with_d4
aayl51,aayl51:0002600:c51554e5f5de,c51554e5f5deb0ffc8df305d1262a42d470080820e77461ee789a52c477d1695,0.5853207111,if6_consensus_when_public_priors_concordant_with_d4
aayl51,aayl51:0002601:388e0e7474be,388e0e7474beafc56bdd114765193f8041487fdd9b32cff536b13ad9573c8f35,0.454194665,if6_consensus_when_public_priors_concordant_with_d4
aayl51,aayl51:0002602:c2feee0a807b,c2feee0a807b7da49bbfdf00a4e322a0a3d38bc37220e24d606c8716288fa3b1,0.7511770129,if6_consensus_when_public_priors_concordant_with_d4
aayl51,aayl51:0002603:cf1577a7b95c,cf1577a7b95c860623231c9afc8047e9e77b5a365bc08264f2a0cfe0407f4391,0.7735587955,if6_consensus_when_public_priors_concordant_with_d4
aayl51,aayl51:0002604:017c71cc2afa,017c71cc2afa1d7e6cdb74179732f766814b481b2c5a8e376f91dedb33457598,0.5386278033,if6_consensus_when_public_priors_concordant_with_d4
aayl51,aayl51:0002605:82609f385245,82609f3852456f3075d4ef5a4d81217a6b65e156e63a0de89740cae6e5ac6b39,0.5413289666,if6_consensus_when_public_priors_concordant_with_d4
aayl51,aayl51:0002606:c013b0502c70,c013b0502c70cce3f08e7757e722a53c44fe377e60e07dd16e76c2d5d4f8a4b4,0.6102492809,if6_consensus_when_public_priors_concordant_with_d4
aayl51,aayl51:0002607:ddb974790b40,ddb974790b400b87b1fe815b760c0ccc73e9b6942daf1dbcb30d422aaa809e69,0.3770934641,if6_consensus_when_public_priors_concordant_with_d4
aayl51,aayl51:0002608:3636a093a835,3636a093a8357ca63f11c68718cbcbd09653ddc2c764fe0cffa8156dd921c08b,0.6678243279,if6_consensus_when_public_priors_concordant_with_d4
aayl51,aayl51:0002609:9ace6ef7fa67,9ace6ef7fa674dae802b0bcfb294daaf7b5bb4a35da91d03253d0f59e7074e37,0.4672378004,if6_consensus_when_public_priors_concordant_with_d4
aayl51,aayl51:0002610:676761355c63,676761355c6351e964f44354e75306a1c37217a0e35b4a13e032150d6b17cea4,0.5751331449,if6_consensus_when_public_priors_concordant_with_d4
aayl51,aayl51:0002611:be625c6fb5de,be625c6fb5de41529d502368d6024c6d08e0b9a224b1e6a7fd0f7c9e148c963b,0.5907232165,if6_consensus_when_public_priors_concordant_with_d4
aayl51,aayl51:0002612:d31df342ac94,d31df342ac94b39982baaac10c08b12f5cf197b32c7f3d86b8fb6a2230de2edd,0.823338747,if6_consensus_when_public_priors_concordant_with_d4
aayl51,aayl51:0002613:b4af4b80d502,b4af4b80d50261a2b4aa64204db0b50b805d3842f81585ca767749371b0cea03,0.7173728943,if6_consensus_when_public_priors_concordant_with_d4
aayl51,aayl51:0002614:8fe04d9115e5,8fe04d9115e5b184fc491186e601cdc5b426392e53bc633a524afbad6d2b9a8d,0.6811761856,if6_consensus_when_public_priors_concordant_with_d4
aayl51,aayl51:0002615:41fa44c33b04,41fa44c33b046f9e28ae12d812e44bf3a5cff868e2f5cde6902ac85ddcaeaa1a,0.2366288453,if6_consensus_when_public_priors_concordant_with_d4
aayl51,aayl51:0002616:cdd882037bc5,cdd882037bc5ecf4eea5ea936267b094786c448e84b392822102d364be30f48c,0.586941421,if6_consensus_when_public_priors_concordant_with_d4
aayl51,aayl51:0002617:05b6fe63903d,05b6fe63903d7b82853ad43438b019730526ef369237b68ac70594dcd69d007c,0.3950760365,if6_consensus_when_public_priors_concordant_with_d4
aayl51,aayl51:0002618:9696a5daa7de,9696a5daa7dedaa126c35e98ff1d6da9de2b753862e32579a5a24c74ed0581b6,0.5009647012,if6_consensus_when_public_priors_concordant_with_d4
aayl51,aayl51:0002619:55b53e36b319,55b53e36b3193b588840282c70676db9221c3f2b3242c314282943531a643f46,0.481515795,if6_consensus_when_public_priors_concordant_with_d4
aayl51,aayl51:0002620:fbd26845bfa0,fbd26845bfa0df21c04c1b3117b28c73af8e02d5112356640416d2d667b41daa,0.1078953445,if6_consensus_when_public_priors_concordant_with_d4
aayl51,aayl51:0002621:a2cf1baf8c22,a2cf1baf8c2248e9d39bd233088d8515ef502ce839f2a5d090a73cea0fc90f86,0.5939646363,if6_consensus_when_public_priors_concordant_with_d4
aayl51,aayl51:0002622:d11e64050f54,d11e64050f5406d1893ef958485306cc916f98a2cfd58d1472c6797a77048b59,0.5963571668,if6_consensus_when_public_priors_concordant_with_d4
aayl51,aayl51:0002623:7e21f7b0ff24,7e21f7b0ff24d39db62325c0693bb4ff2562e1bce7ba6f7edbb35f02b4ed858d,0.5270510316,if6_consensus_when_public_priors_concordant_with_d4
aayl51,aayl51:0002624:40ff7c1acbb0,40ff7c1acbb02883975257d5dc4a430232c5736a7423c605d05aff362c8ebe52,0.5620899796,if6_consensus_when_public_priors_concordant_with_d4
aayl51,aayl51:0002625:3284c4968e29,3284c4968e297fe9790591b4b3bbeafbbf90a3f29ab80da2f8b0350a4d514ee2,0.2641043365,if6_consensus_when_public_priors_concordant_with_d4
aayl51,aayl51:0002626:bfbfdf606bb9,bfbfdf606bb94c4b5e27fc28427802d2df840a0c93ea475de7d959f2e0416b71,0.2491317391,if6_consensus_when_public_priors_concordant_with_d4
aayl51,aayl51:0002627:f69109b7ac82,f69109b7ac8299212d2e4643442f2111aae14eb64dbe8b43909165316c76c398,0.7370533943,if6_consensus_when_public_priors_concordant_with_d4
aayl51,aayl51:0002628:731f588afa2d,731f588afa2dce8135746e2d978abea079000ff480ace91031e089c87ba256b8,0.1812147945,if6_consensus_when_public_priors_concordant_with_d4
aayl51,aayl51:0002629:c0d35792d6cb,c0d35792d6cbbcd08113022d9d47630a88ce4915787f62c23d4905d7ff34e04d,0.7982557416,if6_consensus_when_public_priors_concordant_with_d4
aayl51,aayl51:0002630:a50b172aa8b9,a50b172aa8b954cced4bf13e67b73ba706cfa70b81225965c98f325686726e4b,0.6969978213,if6_consensus_when_public_priors_concordant_with_d4
aayl51,aayl51:0002631:e10b5c660e2b,e10b5c660e2b67df57d42e832996e12bd1c820aff1a67e2b8fce0fbbe47ec6dd,0.923979342,if6_consensus_when_public_priors_concordant_with_d4
aayl51,aayl51:0002632:14c6f3a7dfc2,14c6f3a7dfc2a16d3e02dd49017fbd913329e618f3679f37bd3ecefc107870ec,0.902137816,if6_consensus_when_public_priors_concordant_with_d4
aayl51,aayl51:0002633:9b35d14256dd,9b35d14256dd782bfd58e023771e571fdfd8deb2affa17dd0605c53134d3ee53,0.1305086017,if6_consensus_when_public_priors_concordant_with_d4
aayl51,aayl51:0002634:d091cb34745b,d091cb34745bcf252c925ffc94101b9b081c601cff23693e9105c2d600524ca9,0.3300146759,if6_consensus_when_public_priors_concordant_with_d4
aayl51,aayl51:0002635:e8187d199876,e8187d1998761bee9c57f0e915aba3f64cd203d3eab61a035b492d45464ceda3,0.529366374,if6_consensus_when_public_priors_concordant_with_d4
aayl51,aayl51:0002636:a96790b04413,a96790b04413c0a6dd58b09099fb4a4da7b7a629f51547648cf5495360b46cec,0.1006405726,if6_consensus_when_public_priors_concordant_with_d4
aayl51,aayl51:0002637:acf4ff1e2a48,acf4ff1e2a48d0ea60574f04416211508d2e8ace61f5ffb6b18456437bad59a6,0.4091996253,if6_consensus_when_public_priors_concordant_with_d4
aayl51,aayl51:0002638:2e7efa8947c0,2e7efa8947c08cb9718a14c7673b86bb6aca18e7012e8bd8a73bccc7f5dd0aad,0.532376349,if6_consensus_when_public_priors_concordant_with_d4
aayl51,aayl51:0002639:59bc025230e2,59bc025230e2e6b26c7efa0e40a4a6444bad2f2da89d9fdc2edf74cbb2454dc2,0.1696380377,if6_consensus_when_public_priors_concordant_with_d4
aayl51,aayl51:0002640:dd999e79236d,dd999e79236d33d48fd381f8c18d29445d4171023007fbe9ef30895bbd5de141,0.2662653625,if6_consensus_when_public_priors_concordant_with_d4
aayl51,aayl51:0002641:8790e76d3989,8790e76d3989ad583723d5a17225bc1e79e2f05f2d075530395fe4bbb0abd336,0.2377093434,if6_consensus_when_public_priors_concordant_with_d4
aayl51,aayl51:0002642:9357b693793b,9357b693793bebdb187dd48862ada5126d7fded041ec6f544ce5d731d046f715,0.5329937339,if6_consensus_when_public_priors_concordant_with_d4
aayl51,aayl51:0002643:ecd633103dea,ecd633103dea07a9b762761e250710d511827c646ccfd54670751374908717cb,0.3757814169,if6_consensus_when_public_priors_concordant_with_d4
aayl51,aayl51:0002644:8be3756e8322,8be3756e8322b743b98234dc9af46d7059b0830faf3d5a32c9008f1c6bbd3cfa,0.4789688885,if6_consensus_when_public_priors_concordant_with_d4
aayl51,aayl51:0002645:e4708693791a,e4708693791a7c779fa59c2828abfc7ad50d03673a6bdbb140440b58072c886f,0.8124566078,if6_consensus_when_public_priors_concordant_with_d4
aayl51,aayl51:0002646:741fe91a301c,741fe91a301c22186a7b17a05c4054da49c79d13fdf28df0c938fe1b9be525f1,0.5735895634,if6_consensus_when_public_priors_concordant_with_d4
aayl51,aayl51:0002647:4131f10cd15e,4131f10cd15e2057bbfeffcdcb37cf3106f97cea06998390ad5ac0da434ed412,0.8216407895,if6_consensus_when_public_priors_concordant_with_d4
aayl51,aayl51:0002648:77497bb24a64,77497bb24a64e334758ec885cc59043e9df087a4a004024850c1e1b9cc66a41d,0.9053792953,if6_consensus_when_public_priors_concordant_with_d4
aayl51,aayl51:0002649:7c5937461a45,7c5937461a451f79207cca5dbe5f5652516c7ad09954fbf839cb3efd45ba157e,0.2363973111,if6_consensus_when_public_priors_concordant_with_d4
aayl51,aayl51:0002650:e897d550b967,e897d550b96795a87ec074159d372247219f8c74832a284d96a3c8e2e87632ad,0.5049008727,if6_consensus_when_public_priors_concordant_with_d4
aayl51,aayl51:0002651:6067dcbc0103,6067dcbc010304f03670d4ec3392609dcbcb89f7197bacbc268463e11077eb7e,0.4873813093,if6_consensus_when_public_priors_concordant_with_d4
aayl51,aayl51:0002652:14daba3604aa,14daba3604aa32aebb164937962214396b7cfb7026cc08338a4912e4fd4c8cdf,0.7620591521,if6_consensus_when_public_priors_concordant_with_d4
aayl51,aayl51:0002653:98d25fd08d74,98d25fd08d74f0c1a329b3c935f88bb4527b36fab616304b39f65a0a617bb5e7,0.341745764,if6_consensus_when_public_priors_concordant_with_d4
aayl51,aayl51:0002654:4a133113008d,4a133113008dd4cb1007bbd802d090ac9e3ccee59a5164c24db132d2b9a1e845,0.3273905814,if6_consensus_when_public_priors_concordant_with_d4
aayl51,aayl51:0002655:610258af3d26,610258af3d2623b1e183530606e2dd23d129023df06dc4a4868eb26268f4d2c2,0.3229914308,if6_consensus_when_public_priors_concordant_with_d4
aayl51,aayl51:0002656:f2b1f543b1b9,f2b1f543b1b9bd372e930f4206d81585d14a8f35691fc463f301ed6d9be0b58e,0.4359805286,if6_consensus_when_public_priors_concordant_with_d4
aayl51,aayl51:0002657:8cdd8610beff,8cdd8610befff605ba61c449bedee4f364be393b65a98f00548ccc9dc1ab7c2f,0.6821795106,if6_consensus_when_public_priors_concordant_with_d4
aayl51,aayl51:0002658:b378a89a5d28,b378a89a5d282255e68968695bbf8b1f38bf3e8d66f9031f6ed29b5a05f08a03,0.7559620738,if6_consensus_when_public_priors_concordant_with_d4
aayl51,aayl51:0002659:692a72871b2a,692a72871b2a86e08997345a22cc60c016d6b679b1751c49b955d593bc5fbb88,0.6753878593,if6_consensus_when_public_priors_concordant_with_d4
aayl51,aayl51:0002660:66addec48029,66addec48029624ae52f7d230109cfb9cba9d165da957aae79b75d0d716e7745,0.5647140145,if6_consensus_when_public_priors_concordant_with_d4
aayl51,aayl51:0002661:da5609194f49,da5609194f49fe17322597d010fd5893d02e3e1ff5bf874b4870edbecdcb2e50,0.7456201911,if6_consensus_when_public_priors_concordant_with_d4
aayl51,aayl51:0002662:73a9062a067d,73a9062a067dc848c5bdc429069cebc9853f967e362551d26a15f5df3ae08381,0.7790383697,if6_consensus_when_public_priors_concordant_with_d4
aayl51,aayl51:0002663:7c4a8cb48071,7c4a8cb480712379a13c8d99bb5a32047639d4cd711048920b0978411a604f5a,0.545728147,if6_consensus_when_public_priors_concordant_with_d4
aayl51,aayl51:0002664:64294cd6588d,64294cd6588d3bfa8ae2d8551487903fb9f1ab6571dc66dbcb65f4a0a788c52b,0.3682179451,if6_consensus_when_public_priors_concordant_with_d4
aayl51,aayl51:0002665:cdb90ff3fba2,cdb90ff3fba284d68eded0bff2e8dded75bcd712f9d0c6e2aa95ca31821a1187,0.4104345143,if6_consensus_when_public_priors_concordant_with_d4
aayl51,aayl51:0002666:50706f22218e,50706f22218efeeaddfba863084adee82debea275645669fa61180359aa94633,0.8518175483,if6_consensus_when_public_priors_concordant_with_d4
aayl51,aayl51:0002667:b633ff922edd,b633ff922edd5f217244a62ada91b6f886da3a5bea278be3133a6a46f5b586bf,0.4264875948,if6_consensus_when_public_priors_concordant_with_d4
aayl51,aayl51:0002668:b0a78f9806af,b0a78f9806afec17ffea03400801dafb4a80abc3185164cc3d1ccccb3099840c,0.547889173,if6_consensus_when_public_priors_concordant_with_d4
aayl51,aayl51:0002669:5f6ff6da34cf,5f6ff6da34cfc317e175a776fa62129d3ccfcfbb3878a565f5e786a0dfaae727,0.2651848495,if6_consensus_when_public_priors_concordant_with_d4
aayl51,aayl51:0002670:2c6bf2530f24,2c6bf2530f24a216cd773b7edebd60e5016b2f2db22201be5d72e1484f1a3bcd,0.5791464448,if6_consensus_when_public_priors_concordant_with_d4
aayl51,aayl51:0002671:e00b7f55c286,e00b7f55c286e8e9b99ce836f7c71583184709acfce2c16b10280c2245cc1691,0.8707262874,if6_consensus_when_public_priors_concordant_with_d4
aayl51,aayl51:0002672:7b980305019a,7b980305019a409e691fe3d27014f5790bcbbdc5443871d282e2d50b57781fcd,0.3084819019,if6_consensus_when_public_priors_concordant_with_d4
aayl51,aayl51:0002673:2022a73650f3,2022a73650f301d972122637738f5306a28c9b3b1f0b3bccd037ae64c5fda0bc,0.4347456992,if6_consensus_when_public_priors_concordant_with_d4
aayl51,aayl51:0002674:25e024bfe0b8,25e024bfe0b8c99175bdae113058cb64592e51fbd462687720e2fdc00480ef96,0.4740294516,if6_consensus_when_public_priors_concordant_with_d4
aayl51,aayl51:0002675:d01a8cd1da90,d01a8cd1da90dd6f334f8c94f5ec0e30437d34270f8003b6162088da4dc7f94e,0.8236474991,if6_consensus_when_public_priors_concordant_with_d4
aayl51,aayl51:0002676:9ff2f5a6f564,9ff2f5a6f564a42b46e93ed3f746e67d6e96a7eaee4c4c0b7f0d03cf660f454c,0.6635023952,if6_consensus_when_public_priors_concordant_with_d4
aayl51,aayl51:0002677:ff096a6de26f,ff096a6de26f6a559d7bde9bc226703e052e073168c91b0f4222ad44ded10a9f,0.7162151337,if6_consensus_when_public_priors_concordant_with_d4
aayl51,aayl51:0002678:7507ed7d738e,7507ed7d738eae158f699ef1245757965bd0e8a826176a0b6c159aa1998aed49,0.7213861346,if6_consensus_when_public_priors_concordant_with_d4
aayl51,aayl51:0002679:98ca38105f89,98ca38105f895efd59447e2bdbe774e3f793151fb83f31e5d0e0298b2c910fff,0.4315042198,if6_consensus_when_public_priors_concordant_with_d4
aayl51,aayl51:0002680:294993364949,2949933649492979b2ccd503d345c2e39e06f1446a9f856cee8d64cc3167825f,0.7493246198,if6_consensus_when_public_priors_concordant_with_d4
aayl51,aayl51:0002681:462d1a2eca15,462d1a2eca159e2ab630992add85c096e8aadb44e010116a70685a43aaf70f86,0.8971984386,if6_consensus_when_public_priors_concordant_with_d4
aayl51,aayl51:0002682:5870c112c2bd,5870c112c2bdabeeea866cf92d2b88b3e8a852e38a7dfaac49ff7f81d7d48e51,0.867561996,if6_consensus_when_public_priors_concordant_with_d4
aayl51,aayl51:0002683:e2669339dacb,e2669339dacb6d5f6d2a851acfc435ca517c50b2dd07ee8b7f96b81cd26e6866,0.5850119591,if6_consensus_when_public_priors_concordant_with_d4
aayl51,aayl51:0002684:1d37a99ab7f3,1d37a99ab7f3189d79deaa51ffe92d9313dfd04d5260af590f769a4a83185b58,0.4230145514,if6_consensus_when_public_priors_concordant_with_d4
aayl51,aayl51:0002685:27aa6e0fe95e,27aa6e0fe95e490b66379b0ea2e7bdc99c8eb804beb8ac2c6723a3d3d17d13c2,0.4824419022,if6_consensus_when_public_priors_concordant_with_d4
aayl51,aayl51:0002686:958c76aa4fa0,958c76aa4fa0a56cca2f515287241077dc786ed452170da05424aa30a98f046b,0.4551979601,if6_consensus_when_public_priors_concordant_with_d4
aayl51,aayl51:0002687:10df80dd97c0,10df80dd97c0d785fa38b07af6817cbf26597f483c8b74e99a5c1f0bc344e995,0.7303388119,if6_consensus_when_public_priors_concordant_with_d4
aayl51,aayl51:0002688:92bc19fd3ae7,92bc19fd3ae775554f62d71cf2a241440e457a8ad160e221a89feb4d4e91596c,0.863548696,if6_consensus_when_public_priors_concordant_with_d4
aayl51,aayl51:0002689:05c341a331e2,05c341a331e22762f245fc6f4ab6339cbe0c76c0a1a4a44e8fd1f399d822a5d8,0.3024619818,if6_consensus_when_public_priors_concordant_with_d4
aayl51,aayl51:0002690:68e2b38bde60,68e2b38bde604ebdbaaf2be30b54c9c638f779b62ecf9dea96bd8cb932740b9a,0.4177664518,if6_consensus_when_public_priors_concordant_with_d4
aayl51,aayl51:0002691:ef91b582015d,ef91b582015d79f783aba800dfaf664d29410cf9f332070ac1b6379f58b84120,0.3255383074,if6_consensus_when_public_priors_concordant_with_d4
aayl51,aayl51:0002692:423b5f35ff74,423b5f35ff74e832dde53f8ce5b1d12b3b0d702d5d2f2ab21cb45616effc3aa3,0.6151115298,if6_consensus_when_public_priors_concordant_with_d4
aayl51,aayl51:0002693:587e63905774,587e6390577403b60fe6a5174537dd1ac2bdaa336f922f6eb7ce037a23699c0f,0.8245735765,if6_consensus_when_public_priors_concordant_with_d4
aayl51,aayl51:0002694:4deff3c649f9,4deff3c649f9b3366dca5e40f21d89118dea361f9330ed308149af91671bb928,0.5420235991,if6_consensus_when_public_priors_concordant_with_d4
aayl51,aayl51:0002695:2972b9c2dc37,2972b9c2dc3757a4e79fcc279d164e8091ea7a879c25f836f54ecce6907d09fb,0.1370687634,if6_consensus_when_public_priors_concordant_with_d4
aayl51,aayl51:0002696:5a7984a0dace,5a7984a0dacedfc19ab1f59ad598554f42c3be4b50c1ac370f06a31305161855,0.09276837856,if6_consensus_when_public_priors_concordant_with_d4
aayl51,aayl51:0002697:0b6b3c00da0b,0b6b3c00da0b39e84a545c19ac0480dcdb62fcddb0c3accc071f46a70362139d,0.6036119461,if6_consensus_when_public_priors_concordant_with_d4
aayl51,aayl51:0002698:623b58ce86e6,623b58ce86e65decc9548b592cfdcb6e41bddbc29ba165c09fbd1fd8235e38fa,0.2200355083,if6_consensus_when_public_priors_concordant_with_d4
aayl51,aayl51:0002699:a640a03037a2,a640a03037a24f5ede8834b5f6952738bffaf3a8a1f5a789fc1c788b38f9121f,0.5365439653,if6_consensus_when_public_priors_concordant_with_d4
aayl51,aayl51:0002700:f0c802c7941f,f0c802c7941fb4504f67f22780bc7f412c1efa5e30a2b399a3cbdc1649f24395,0.2617889941,if6_consensus_when_public_priors_concordant_with_d4
aayl51,aayl51:0002701:577ac25a0ab1,577ac25a0ab13e31281f89acf7a3adb6f2f023c32ab165c4b104e765a75ae3f6,0.284170717,if6_consensus_when_public_priors_concordant_with_d4
aayl51,aayl51:0002702:cdce4496070d,cdce4496070dc08f2fb8c905740b2c5193260c986fb988eea13d7a9cc3bffec7,0.0401327461,if6_consensus_when_public_priors_concordant_with_d4
aayl51,aayl51:0002703:dd7c4e1b0a8a,dd7c4e1b0a8ab734b94d39954194c08e841d8c6ce6557cca7ae08f95b6cdec5d,0.1787450761,if6_consensus_when_public_priors_concordant_with_d4
aayl51,aayl51:0002704:29d7430f757e,29d7430f757e0dcb278933288140bd26bf4f8dee52a9522d7535558993ee164f,0.195338428,if6_consensus_when_public_priors_concordant_with_d4
aayl51,aayl51:0002705:4ba48b3e2a66,4ba48b3e2a66549ea0739865491a195650169ae8d1dff36a8900c513c7e5cf34,0.05062900111,if6_consensus_when_public_priors_concordant_with_d4
aayl51,aayl51:0002706:36295b415e5a,36295b415e5a47fed53c192130929f20e65059b12f0e35badfa72adef28f4d82,0.1909392625,if6_consensus_when_public_priors_concordant_with_d4
aayl51,aayl51:0002707:fc8826c7ffa9,fc8826c7ffa9ccdfb1c45af24fa74e7b56e0ae6f0eea43e690e4c4a42cff2179,0.1265725046,if6_consensus_when_public_priors_concordant_with_d4
aayl51,aayl51:0002708:e9bac438f30d,e9bac438f30d6a9e94bb940c4aef8c1da0bfd4dcafb83c94f38b4db1ac1897db,0.09184224159,if6_consensus_when_public_priors_concordant_with_d4
aayl51,aayl51:0002709:066be916d3a9,066be916d3a92596042161ba7d1915c8160646ab128dd4a9e2f31236dd5681e2,0.362429589,if6_consensus_when_public_priors_concordant_with_d4
aayl51,aayl51:0002710:ae0d7cc6792c,ae0d7cc6792c3465b0a61e5c7d30625663d49f6bfb49cbd2d44bbe1c7c14b183,0.1958786696,if6_consensus_when_public_priors_concordant_with_d4
aayl51,aayl51:0002711:af6a99f77205,af6a99f7720560e79cd59b9fe57c6c5b34e1650399a796d67c9731831ffab0b7,0.6971521378,if6_consensus_when_public_priors_concordant_with_d4
aayl51,aayl51:0002712:74bb7cd8d9fd,74bb7cd8d9fd83faf0c60abdb192d9fb3a959eb2b65fc85f878aecb4ed9c4c7e,0.5224203467,if6_consensus_when_public_priors_concordant_with_d4
aayl51,aayl51:0002713:9f0c0ef80b51,9f0c0ef80b5111e1bc0594abe0bd21383fd184af530d630245f5abe541d2c1ad,0.1183144227,if6_consensus_when_public_priors_concordant_with_d4
aayl51,aayl51:0002714:e8462912df0f,e8462912df0f08bedbd2a1266fc48ab515040eec6939ed949585446e06b6f35e,0.214787364,if6_consensus_when_public_priors_concordant_with_d4
aayl51,aayl51:0002715:05519f2a705f,05519f2a705f1f3db70c7a54c8166edc4dad626a73341591b5866a9612b5a6f9,0.1716446728,if6_consensus_when_public_priors_concordant_with_d4
aayl51,aayl51:0002716:af3e175286e3,af3e175286e385c94c3fb3cfbdc6ac84e81c58dd9c28164aded1876a98d45236,0.3857374489,if6_consensus_when_public_priors_concordant_with_d4
aayl51,aayl51:0002717:ca4037df8ed3,ca4037df8ed37b59f89b3766e155689d3527f4dc91ab9111888d26f52109b346,0.4132901132,if6_consensus_when_public_priors_concordant_with_d4
aayl51,aayl51:0002718:5eb37d25b6f4,5eb37d25b6f482e2224e332f7f9616cc4d18d0ecf84483387646580a18b16810,0.4594427645,if6_consensus_when_public_priors_concordant_with_d4
aayl51,aayl51:0002719:f4f4b03f66c8,f4f4b03f66c8d21537b0efef31ae0415ca601e5e2fab47994100d4a4fd3ecdfa,0.5549123883,if6_consensus_when_public_priors_concordant_with_d4
aayl51,aayl51:0002720:26a8d80a40a8,26a8d80a40a877b7016fa2ee59a78c3e9fd31d23f723ee11ce9e88026f732e18,0.7436134815,if6_consensus_when_public_priors_concordant_with_d4
aayl51,aayl51:0002721:83ce2f3b8cc6,83ce2f3b8cc68bba77512ca7acebcc253bcde8990be639a12c4f5d12df4a84cd,0.1018754318,if6_consensus_when_public_priors_concordant_with_d4
aayl51,aayl51:0002722:171181c37f1c,171181c37f1cfeb7b2361a50504c532129ea10ec3c7008659ec93d39fb1c7a1c,0.1403874308,if6_consensus_when_public_priors_concordant_with_d4
aayl51,aayl51:0002723:3da26a97b979,3da26a97b9791925bd8c7bee3433d9173f5f8f89edf741bd0c89c7a5f9f25bfc,0.2709732056,if6_consensus_when_public_priors_concordant_with_d4
aayl51,aayl51:0002724:717e5b38da78,717e5b38da78909f287b64a3712a998044cd1dbb9ad0d6a1785a011f82006117,0.4135988057,if6_consensus_when_public_priors_concordant_with_d4
aayl51,aayl51:0002725:57150e16a568,57150e16a56880d9efd6c812d2bd183eb18f30d0c25199ae110e72a894e575eb,0.07254765928,if6_consensus_when_public_priors_concordant_with_d4
aayl51,aayl51:0002726:aa737a3f05d8,aa737a3f05d847d26717d2d389cd97db76de10b9dd5ee79c069d4a24e3886bd8,0.1104422286,if6_consensus_when_public_priors_concordant_with_d4
aayl51,aayl51:0002727:2e175f2446c9,2e175f2446c932c128bef934c167b883a4a22e85ac4d390355a24fd2a5b29c4c,0.1840703934,if6_consensus_when_public_priors_concordant_with_d4
aayl51,aayl51:0002728:7fd764044d8d,7fd764044d8d19a242c05d8e1f35ffc9daa97a89210dfbcfdef9ece22368c94f,0.0973219052,if6_consensus_when_public_priors_concordant_with_d4
aayl51,aayl51:0002729:c4f197bb4966,c4f197bb4966276806d2907f3dd9614b77bf8b9a2323845e819af042626edb50,0.1342131644,if6_consensus_when_public_priors_concordant_with_d4
aayl51,aayl51:0002730:e14ce8d40d6d,e14ce8d40d6d71605fe40b3569c4802694cf6c9c8126fb79f4516f3440d4f79f,0.4884618521,if6_consensus_when_public_priors_concordant_with_d4
aayl51,aayl51:0002731:430a31f77306,430a31f77306793bb0d2fbd0d26b81cc57ef3658ec145696a983539db2ab3e02,0.273520112,if6_consensus_when_public_priors_concordant_with_d4
aayl51,aayl51:0002732:105826e95a05,105826e95a057115f4a2bc4267fdb4a47f240b2482100598b7ed4bcfae5bd42e,0.667052567,if6_consensus_when_public_priors_concordant_with_d4
aayl51,aayl51:0002733:472e0fc8aa83,472e0fc8aa833d6f2aa5031fdecd63f0a15dda15e9a2ffee87632a601edbb71d,0.4704020917,if6_consensus_when_public_priors_concordant_with_d4
aayl51,aayl51:0002734:8504c98e57f6,8504c98e57f6032a46a859536bd6e674e771b85a592e217254a938d51e64da27,0.6031488776,if6_consensus_when_public_priors_concordant_with_d4
aayl51,aayl51:0002735:32283124d014,32283124d01477880c46eae496e98b00372f1ae0bfe7af8a5e99352d5972d253,0.7929304242,if6_consensus_when_public_priors_concordant_with_d4
aayl51,aayl51:0002736:37172750dfc8,37172750dfc8ebd4720f566b865e9b8b32dd520198a5b218a5967a1d7ab8816b,0.5955082774,if6_consensus_when_public_priors_concordant_with_d4
aayl51,aayl51:0002737:c9ceb885e8b7,c9ceb885e8b7c364ddd27944326d2e26c5f3ff1d7a97d946f09e79d1bc43f6ad,0.5032029152,if6_consensus_when_public_priors_concordant_with_d4
aayl51,aayl51:0002738:81693e2dc376,81693e2dc37655098ab6589891eb409786be86446d71167b0917c6ae010acc53,0.2512927353,if6_consensus_when_public_priors_concordant_with_d4
aayl51,aayl51:0002739:2cb238f624e5,2cb238f624e5189cccf4198ce15a2d688b6cfb78187f3aab91c2a010fc90548e,0.4078876078,if6_consensus_when_public_priors_concordant_with_d4
aayl51,aayl51:0002740:3b1a6b241698,3b1a6b241698914d52267f6c0f1dbf376de95752827c16fadb700fc074093bce,0.5059812665,if6_consensus_when_public_priors_concordant_with_d4
aayl51,aayl51:0002741:817cab673f75,817cab673f758923229edf1fec27aeeb1d1af17dcd076660cb032e270ca4aa1c,0.6879678369,if6_consensus_when_public_priors_concordant_with_d4
aayl51,aayl51:0002742:fd22cb326ff8,fd22cb326ff861191a9094ebfe64e198a49840bd712f6f8ff3136e22e25a6413,0.5890251994,if6_consensus_when_public_priors_concordant_with_d4
aayl51,aayl51:0002743:4047fde85f41,4047fde85f419e23c17aefbea5c5de045b69ad6ff3d78bce6fe7c5508138610a,0.5434899926,if6_consensus_when_public_priors_concordant_with_d4
aayl51,aayl51:0002744:f0c069f4e32d,f0c069f4e32de860afcf93e4a7943982d1403b157fa40cbb325aee64eeb05553,0.3016902208,if6_consensus_when_public_priors_concordant_with_d4
aayl51,aayl51:0002745:5b0385785762,5b03857857621ca2b82fcf7ca29bdcb05af0b54298e24aa20fc547b58559ab88,0.402407974,if6_consensus_when_public_priors_concordant_with_d4
aayl51,aayl51:0002746:c2aa474d5311,c2aa474d5311fe12e65dbcc72d42f869b76c5a13e05ca338ffbb18938155c419,0.2854055464,if6_consensus_when_public_priors_concordant_with_d4
aayl51,aayl51:0002747:df10d94965ee,df10d94965ee0b519a05bcf73f0451a374860629694437ea39c3b8588b5cce41,0.1659334749,if6_consensus_when_public_priors_concordant_with_d4
aayl51,aayl51:0002748:c1bd0ed3088f,c1bd0ed3088f875a8d2bee9b3e7a2dc25a44535c7f9e6b16b7cae8fb839dc3dd,0.1352936625,if6_consensus_when_public_priors_concordant_with_d4
aayl51,aayl51:0002749:6829e950a37a,6829e950a37a96aec4920e710ead8a69734ea0024b3f82db2acdd5e28cd961ec,0.305780679,if6_consensus_when_public_priors_concordant_with_d4
aayl51,aayl51:0002750:d39d51b5f245,d39d51b5f24514a676e61017ed46300507a655bff07f5a3a7f07cc65122cad87,0.2992204726,if6_consensus_when_public_priors_concordant_with_d4
aayl51,aayl51:0002751:bd72a1c418c5,bd72a1c418c5cd4fd5aa8e71a5e3f524223bd875ad238ba89974b699566ae7bc,0.6337886453,if6_consensus_when_public_priors_concordant_with_d4
aayl51,aayl51:0002752:ec21a435e74b,ec21a435e74bf36eb92395d660d85e30670ab63307f7e5e77dc2d5ccb8acf0a0,0.1542023718,if6_consensus_when_public_priors_concordant_with_d4
aayl51,aayl51:0002753:0ffaf7763bcd,0ffaf7763bcdcd21b4bedc2a24afb07e762bae7f7b961c5d98d7c047c78dfa38,0.3312495053,if6_consensus_when_public_priors_concordant_with_d4
aayl51,aayl51:0002754:7f5b90d45ad2,7f5b90d45ad2687e0dafff7820aa536628742f998f7c179e5a5a8ec953db8009,0.7991818786,if6_consensus_when_public_priors_concordant_with_d4
aayl51,aayl51:0002755:3304ca0df87c,3304ca0df87cabecf1a31fdcfdc181fc69219f26791156d11ddb0983b003ab87,0.2966736257,if6_consensus_when_public_priors_concordant_with_d4
aayl51,aayl51:0002756:19c260e20ff7,19c260e20ff7076e0f6fe9366cb1dcdb4703ff18c66269b13ac490a86c1f900f,0.2474338263,if6_consensus_when_public_priors_concordant_with_d4
aayl51,aayl51:0002757:e0a036ae763c,e0a036ae763c5614c141259dc978a8dd9fc8d617181657f78c8831b083cd3080,0.4427722692,if6_consensus_when_public_priors_concordant_with_d4
aayl51,aayl51:0002758:3b5fd61fae75,3b5fd61fae757f098fcc3774132ac02f0a1fa162fa199d49641172ef12951614,0.3663656712,if6_consensus_when_public_priors_concordant_with_d4
aayl51,aayl51:0002759:4d467ff6e9ad,4d467ff6e9ad313503ff269362320f7e3ea1de51e82cc31d049d99e3271c0e57,0.6406575441,if6_consensus_when_public_priors_concordant_with_d4
aayl51,aayl51:0002760:391a375accad,391a375accada0c3003e60c351c3788144b6b3cd1ee6bacb3f407ff7a9b2c59b,0.3757042587,if6_consensus_when_public_priors_concordant_with_d4
aayl51,aayl51:0002761:2966b6f32b6e,2966b6f32b6eb4a5d0d085a49ee72c552d96803aadc0d1c9047442d51a7c8294,0.2325384021,if6_consensus_when_public_priors_concordant_with_d4
aayl51,aayl51:0002762:0c0c1a701675,0c0c1a701675ec92d9fea7644dba2c60f9027424cb717810ae3d1fd1ac8e21dc,0.5753646493,if6_consensus_when_public_priors_concordant_with_d4
aayl51,aayl51:0002763:67de228096bd,67de228096bde2f3d361f1a84f02b05d5735730a810443b425500bca8a0a0735,0.4487149715,if6_consensus_when_public_priors_concordant_with_d4
aayl51,aayl51:0002764:9cfc88fb9107,9cfc88fb910794e6535feff9ff80710e10cfbf0d881de82bd85280744eddb7d9,0.4343597889,if6_consensus_when_public_priors_concordant_with_d4
aayl51,aayl51:0002765:35c905bbc2e3,35c905bbc2e33430f9a25e47544db63c46954359f759ba0beb3fca84b137e757,0.5448791981,if6_consensus_when_public_priors_concordant_with_d4
aayl51,aayl51:0002766:81797fc1beed,81797fc1beedfcfb8605dfe19751813cbf6734c4c11cf35912c0ec165741edcb,0.5944277048,if6_consensus_when_public_priors_concordant_with_d4
aayl51,aayl51:0002767:2a2fd5d0a3df,2a2fd5d0a3df1d60be69476748f6474699caaf9ff4028fd03d95065a28b4843e,0.2631781995,if6_consensus_when_public_priors_concordant_with_d4
aayl51,aayl51:0002768:5ad22a951a03,5ad22a951a038488e5edbb06738c393214846515b09289328cb308257b823028,0.6615728736,if6_consensus_when_public_priors_concordant_with_d4
aayl51,aayl51:0002769:2f29182946f8,2f29182946f8e79f367fc6f82861e00cbc9d8cdc531bce754f0d0b5b764d13f4,0.626842618,if6_consensus_when_public_priors_concordant_with_d4
aayl51,aayl51:0002770:97ca172e2fcc,97ca172e2fcc2a3e4ce623fa12ef12d6018fb615d7fbbd3b6c25ade9c44d26ef,0.2664196789,if6_consensus_when_public_priors_concordant_with_d4
aayl51,aayl51:0002771:55bfc0487f2a,55bfc0487f2a9fa1b7cc65d4d07a46f2f666f684faad78a8711e2b476fb2c9b6,0.6200509071,if6_consensus_when_public_priors_concordant_with_d4
aayl51,aayl51:0002772:2a3effb8e6a4,2a3effb8e6a450c971213aa8467b3adf8185bbdddbfadf47a0fd19b62d76fc5a,0.7157521248,if6_consensus_when_public_priors_concordant_with_d4
aayl51,aayl51:0002773:0e6721b9a01a,0e6721b9a01a98582f24a7aceb8192219284b93f2f54db2184ce356ada228d55,0.6716832519,if6_consensus_when_public_priors_concordant_with_d4
aayl51,aayl51:0002774:711b04206ffe,711b04206ffe2ff07646a72715c45dbb6206fad8746b70d90ee4528bdb53d301,0.6437447071,if6_consensus_when_public_priors_concordant_with_d4
aayl51,aayl51:0002775:cc9a8ef31556,cc9a8ef31556515dd3a6fefede99069660c994156153551c7cd6879693125b49,0.1079725251,if6_consensus_when_public_priors_concordant_with_d4
aayl51,aayl51:0002776:02ef8205e8a4,02ef8205e8a455f5b730ec0e96c47f47960811d0d6b58d59f3b9d7e1eba28ba7,0.1788994223,if6_consensus_when_public_priors_concordant_with_d4
aayl51,aayl51:0002777:eef9ee564528,eef9ee5645281c59a83dba96dc76186954aac5fa46d8dbe78e22c8030d933abc,0.325229615,if6_consensus_when_public_priors_concordant_with_d4
aayl51,aayl51:0002778:9207bac77a95,9207bac77a95ffc304418329fe14e716dfe13c0c9101f8cbc35bfeea48e05b82,0.3862776756,if6_consensus_when_public_priors_concordant_with_d4
aayl51,aayl51:0002779:deb53e348c74,deb53e348c74e89478f16ceb1a3834ff82bc149fb7575f4f2c7c13ce7a01948c,0.1656247526,if6_consensus_when_public_priors_concordant_with_d4
aayl51,aayl51:0002780:0b77d164cc1c,0b77d164cc1c2171a59342a27a3b869de2876ce33c450f78c2537985656f76bd,0.09562399238,if6_consensus_when_public_priors_concordant_with_d4
aayl51,aayl51:0002781:7e8a1d344d84,7e8a1d344d8498be17fc3da2b5d333328b7b108992bd9ef166bc6c5821988c0d,0.2155591697,if6_consensus_when_public_priors_concordant_with_d4
aayl51,aayl51:0002782:55d78dd7dd43,55d78dd7dd43be50cf89f1c549de8e2844a70fff9ce35f42e73dd59534bcd9cc,0.2745234072,if6_consensus_when_public_priors_concordant_with_d4
aayl51,aayl51:0002783:27f743efc11f,27f743efc11f06e2cd88c34b7d4dbb2002c154ceece7a8031d5652e5c68cca9e,0.3084047139,if6_consensus_when_public_priors_concordant_with_d4
aayl51,aayl51:0002784:4ab76a1c7f70,4ab76a1c7f706c6dae424348942421751668606de40d4fb8e1fd23c2f9bb9bd3,0.1636952907,if6_consensus_when_public_priors_concordant_with_d4
aayl51,aayl51:0002785:d2fd96f9e488,d2fd96f9e48857b49f7fc2480aea3627b959d459a6927c15012414c4732ad234,0.1592189521,if6_consensus_when_public_priors_concordant_with_d4
aayl51,aayl51:0002786:3b0afe06c153,3b0afe06c153c9b81bb272b1ca761a5ea2d1d3cfea31acddd36e1512edccdc4b,0.342903465,if6_consensus_when_public_priors_concordant_with_d4
aayl51,aayl51:0002787:10498c62845e,10498c62845e6fc530a07489bd66040f3324ee56ab5b13ab255723e72760f27a,0.5454966426,if6_consensus_when_public_priors_concordant_with_d4
aayl51,aayl51:0002788:91a28f44d6cf,91a28f44d6cfe2cbef2f33f04c0b9d611522cb4aee2e5ea3353d88b40bde4ac5,0.2046770006,if6_consensus_when_public_priors_concordant_with_d4
aayl51,aayl51:0002789:5df3515a4500,5df3515a4500cab1e7fbb756545d7c84ca6b5c96cff5576796205fdfafd6bb53,0.3871266842,if6_consensus_when_public_priors_concordant_with_d4
aayl51,aayl51:0002790:312ebdd80c9f,312ebdd80c9f5057e244221dffd7efa7db46107d1c1e5fdd78ef4b854c2d704b,0.3081731796,if6_consensus_when_public_priors_concordant_with_d4
aayl51,aayl51:0002791:fe0a30658c7f,fe0a30658c7f0ed9be2268ad10a0223f7283099378b3d3dbc1cc5c591ffe6cfc,0.7392143607,if6_consensus_when_public_priors_concordant_with_d4
aayl51,aayl51:0002792:f8b4f29a8509,f8b4f29a850989b97fac959359a2f27c4710e79b9cefa75a41fd468f5825d8f8,0.2973681986,if6_consensus_when_public_priors_concordant_with_d4
aayl51,aayl51:0002793:4b8b01e4cdbf,4b8b01e4cdbf8dab35543fbb2b0d999d2d8e7447a1a9fed3aea65e0cbc35dc48,0.8217951655,if6_consensus_when_public_priors_concordant_with_d4
aayl51,aayl51:0002794:1dee2907d64b,1dee2907d64b32560e37efa50cc6e46174092edd3b32a371e9aea6eccea8b4ca,0.7426874042,if6_consensus_when_public_priors_concordant_with_d4
aayl51,aayl51:0002795:d16bc9aca487,d16bc9aca487cb86736cc44f3d042e168df2259e3cc95cf6335360cb44dfa46c,0.2165624648,if6_consensus_when_public_priors_concordant_with_d4
aayl51,aayl51:0002796:6a8e7659df61,6a8e7659df61110f99d4ddaa54a07a1ed973333073e6d796f0f59d90abe6fdae,0.7177588344,if6_consensus_when_public_priors_concordant_with_d4
aayl51,aayl51:0002797:5032d9c6a456,5032d9c6a45659097ce48fba569beaa4f3e828b9dba57bbbf52ce9cc50aa058f,0.5231921077,if6_consensus_when_public_priors_concordant_with_d4
aayl51,aayl51:0002798:f76524a1fe36,f76524a1fe36d3331147a4f3dd176866c4f35e399fc01b3cc4746371435f0023,0.6512309909,if6_consensus_when_public_priors_concordant_with_d4
aayl51,aayl51:0002799:8be579fdc550,8be579fdc55033dba245cf4e4507eeb3cb0791d8176457076599bd84634b7bec,0.8545959592,if6_consensus_when_public_priors_concordant_with_d4
aayl51,aayl51:0002800:da8c97f53b2c,da8c97f53b2cc08bbe47949e9ceafab719dfa1748a946984e9a43e8af30f71a8,0.4572045803,if6_consensus_when_public_priors_concordant_with_d4
aayl51,aayl51:0002801:df61d7034b70,df61d7034b708c1e3abaaa6b87c8689dda9dd0048ec61374563439631c46ebc5,0.2446553856,if6_consensus_when_public_priors_concordant_with_d4
aayl51,aayl51:0002802:fb6994791253,fb69947912530fb44c803bcd1129dc2b63290734b413a4594ec5c7eb1086ab62,0.4119780958,if6_consensus_when_public_priors_concordant_with_d4
aayl51,aayl51:0002803:0ededc1ef789,0ededc1ef7898c9ded789d61ef8208ffdd82873018fe905db69f8913c9e06ad3,0.4766534865,if6_consensus_when_public_priors_concordant_with_d4
aayl51,aayl51:0002804:5e65d092f559,5e65d092f559fe225606b881d32d860d39f473b6e16a65b6fc72ef3fb8bdf2fe,0.3768619299,if6_consensus_when_public_priors_concordant_with_d4
aayl51,aayl51:0002805:a062430ce095,a062430ce095f6e50b78505183eb33724de264a086288858a63db4c4d1d5050d,0.1569036096,if6_consensus_when_public_priors_concordant_with_d4
aayl51,aayl51:0002806:165cf152c3e2,165cf152c3e22a44a35c462dd51fd5d21166c41c47806ed3c028497b32eaa573,0.2614031136,if6_consensus_when_public_priors_concordant_with_d4
aayl51,aayl51:0002807:202f2e2960b2,202f2e2960b2a6b3965d9d234298ca172b6cd8b2a180e2c2bb43094cbeff90d4,0.2350081056,if6_consensus_when_public_priors_concordant_with_d4
aayl51,aayl51:0002808:7a6554f89257,7a6554f892575d980b9b3d0ee2f7f68dc1acdf68452edeb6505ff5a4443aec89,0.5933472514,if6_consensus_when_public_priors_concordant_with_d4
aayl51,aayl51:0002809:e4d77c897bfb,e4d77c897bfbfe945ce94c5ff719d99ef5ceacd24e526fa9d9002cd5a94372e7,0.6006791592,if6_consensus_when_public_priors_concordant_with_d4
aayl51,aayl51:0002810:f291f1ec8d71,f291f1ec8d71baedfb745aa6c3bda11c6ce7dc3fcd99d4d7ac20643a5a4d6f07,0.5135447979,if6_consensus_when_public_priors_concordant_with_d4
aayl51,aayl51:0002811:95b1371c2bb5,95b1371c2bb5aa7b2b8bf734b25d04dd571d8b6e7e4cbf6879f9b06b21b5e247,0.3334876597,if6_consensus_when_public_priors_concordant_with_d4
aayl51,aayl51:0002812:6b510d490183,6b510d490183dfd9388066600725f2728a7bdd2dc3bb68e7046d2e44f47c8c1c,0.6274600029,if6_consensus_when_public_priors_concordant_with_d4
aayl51,aayl51:0002813:a945cd4058a7,a945cd4058a7760fad7d4821a7b2720c20f124f5711455df9911995cd5958f36,0.9104731083,if6_consensus_when_public_priors_concordant_with_d4
aayl51,aayl51:0002814:5a7e793affc8,5a7e793affc8d4284163f577d45cb04e0d024ac1118e99262e8c5b657f72fbd3,0.3043142855,if6_consensus_when_public_priors_concordant_with_d4
aayl51,aayl51:0002815:6357b435ea96,6357b435ea96906b7f32c071532859415c1a1e1862677a090b8a79eeeb126ee0,0.5634019971,if6_consensus_when_public_priors_concordant_with_d4
aayl51,aayl51:0002816:f1ee83c5b8a9,f1ee83c5b8a99e0a7013cb229d0109f30cfe9de992f60fa9a47e85478fa31683,0.7683877945,if6_consensus_when_public_priors_concordant_with_d4
aayl51,aayl51:0002817:ba902392f052,ba902392f052f8be2fea37f37a43ad74dda95ab3c4824de429b24b9dd5c86198,0.4169946611,if6_consensus_when_public_priors_concordant_with_d4
aayl51,aayl51:0002818:83206456da9e,83206456da9e22fb740de9991c256cfa7caa3a5a95dbf2986f21ed8e7c504cc4,0.7089603543,if6_consensus_when_public_priors_concordant_with_d4
aayl51,aayl51:0002819:1367a2562c79,1367a2562c7933de9638aab1c4561a8f4f55cb06e5f8cbdbec8fd33112dc00c2,0.4213167131,if6_consensus_when_public_priors_concordant_with_d4
aayl51,aayl51:0002820:91c83509640a,91c83509640a5cfc9ab2ad00bd65fdedec7b53c26ad2b257fbd7fe8c798b7a57,0.6770856977,if6_consensus_when_public_priors_concordant_with_d4
aayl51,aayl51:0002821:36395cca752e,36395cca752ef3421aaf311d82a3770678a20c4d9e08c5d81576c8b5dabbb6ad,0.4777339995,if6_consensus_when_public_priors_concordant_with_d4
aayl51,aayl51:0002822:59b8815c9d39,59b8815c9d399a15beb81e11d00000967c685f985d31f80273d5952f8dee2451,0.3148105145,if6_consensus_when_public_priors_concordant_with_d4
aayl51,aayl51:0002823:e25d1fd25df9,e25d1fd25df921033575205e9b2b520cf9fb815b68e8bd291529fa870e7dd24e,0.1667824239,if6_consensus_when_public_priors_concordant_with_d4
aayl51,aayl51:0002824:48bb4eaae5aa,48bb4eaae5aadf0255c6efb90c1365a0c33e1f6ac07cfea5d439380b27747732,0.3896735609,if6_consensus_when_public_priors_concordant_with_d4
aayl51,aayl51:0002825:4429e63d325c,4429e63d325c503ec52b5907d1279bfb0bcef955aaf0924691856ff5a143f843,0.1942579299,if6_consensus_when_public_priors_concordant_with_d4
aayl51,aayl51:0002826:78b1629fb527,78b1629fb5275df4e0400db05aa2d7375fcd02711e48b56790f0c525423453d1,0.4132901132,if6_consensus_when_public_priors_concordant_with_d4
aayl51,aayl51:0002827:8d6d5527f312,8d6d5527f312cc5bc3e9c5d783bc17e0ff168832a68484227412c6f6ae84453a,0.6080110669,if6_consensus_when_public_priors_concordant_with_d4
aayl51,aayl51:0002828:f758b817eee1,f758b817eee1456d3730c7648a2db34b8685dc045beefdd1784be6b21f3327b6,0.2965964377,if6_consensus_when_public_priors_concordant_with_d4
aayl51,aayl51:0002829:f1480379442b,f1480379442b22bd26cb2ddf703f2447147b0df60aced3bf98e2b3cb8ed479e3,0.4557382166,if6_consensus_when_public_priors_concordant_with_d4
aayl51,aayl51:0002830:c1994edb47dc,c1994edb47dc7e2bcbca2fedcc6e294696b7dd6bb8abb927196794bdbf1c4e2d,0.8982789516,if6_consensus_when_public_priors_concordant_with_d4
aayl51,aayl51:0002831:b787a571baa2,b787a571baa2958a1334b994ee9e977dfb24769344df195498906dc4ea179838,0.5205680728,if6_consensus_when_public_priors_concordant_with_d4
aayl51,aayl51:0002832:3fe82c6f70b3,3fe82c6f70b34b3d2abd904023426d489f6a5ed8951793b15a6fd26c9624de76,0.585938096,if6_consensus_when_public_priors_concordant_with_d4
aayl51,aayl51:0002833:fa5348391d27,fa5348391d27f39bff6e7a475ec2d0004738a0c589a0b7d00a76314e9f814bca,0.8546731472,if6_consensus_when_public_priors_concordant_with_d4
aayl51,aayl51:0002834:4ce1387b3be6,4ce1387b3be64388383d770498d8cb793c8d69b0082237def520c182258ec3f9,0.275372386,if6_consensus_when_public_priors_concordant_with_d4
aayl51,aayl51:0002835:2693c64570f8,2693c64570f81d5d3af068882e45671e09a149cce543aee619f0fecbe78421e1,0.2915798426,if6_consensus_when_public_priors_concordant_with_d4
aayl51,aayl51:0002836:d2aa962cf43b,d2aa962cf43b469a61a02f539d2c44c64e370ab59241b331f3549040bab04853,0.1788222641,if6_consensus_when_public_priors_concordant_with_d4
aayl51,aayl51:0002837:b70af589b115,b70af589b115e9003d69843a26e582b6df6399a26efb9507a6a04bc7d9d211a9,0.6199737787,if6_consensus_when_public_priors_concordant_with_d4
aayl51,aayl51:0002838:f9478c2db93d,f9478c2db93d9b7d611c40aae7f20e3c069d12f1e39260af0b163ed27b6f811d,0.2741375268,if6_consensus_when_public_priors_concordant_with_d4
aayl51,aayl51:0002839:a204ddf57fbc,a204ddf57fbc6e3b4d5bf8071af9c60572023ea3585d3114a6eafacc06df53c8,0.5471945405,if6_consensus_when_public_priors_concordant_with_d4
aayl51,aayl51:0002840:0931f439fb18,0931f439fb189744c90c73a25060dd4634c89152273b7aa9e7e105d257fb7d92,0.4128270447,if6_consensus_when_public_priors_concordant_with_d4
aayl51,aayl51:0002841:242abca1cfe5,242abca1cfe533fb1944e19838d33679728f3061d3455377c999d416e1b924bd,0.3152736127,if6_consensus_when_public_priors_concordant_with_d4
aayl51,aayl51:0002842:ab6b9eb1eac4,ab6b9eb1eac4004667182cbb2b2e7e3aabba7ab2ffd5cdcd4a4633a4dacb207f,0.4082735479,if6_consensus_when_public_priors_concordant_with_d4
aayl51,aayl51:0002843:acd672cba78b,acd672cba78b90f39939e51a4250079786a7b09ebbd888a20bee62ebc8dc28c3,0.5812302232,if6_consensus_when_public_priors_concordant_with_d4
aayl51,aayl51:0002844:b84ba8c1f0d7,b84ba8c1f0d7d58b05200636a1acc137a65b3e7ff6dfa9262f8b47d2958f9fee,0.547889173,if6_consensus_when_public_priors_concordant_with_d4
aayl51,aayl51:0002845:4754b494f004,4754b494f00411852f0638e74373e5a3154d536954a01344bd9af331b1b0c808,0.5687273145,if6_consensus_when_public_priors_concordant_with_d4
aayl51,aayl51:0002846:47e9ab8cdf00,47e9ab8cdf00f953bc91ad91aa21bf668177848eac1fa7d0580d8c743c9973eb,0.2799259126,if6_consensus_when_public_priors_concordant_with_d4
aayl51,aayl51:0002847:60c032d5941b,60c032d5941b265af283c51a3e66a23df54e20bca46cfa834e05850865fbc0bd,0.3238404095,if6_consensus_when_public_priors_concordant_with_d4
aayl51,aayl51:0002848:11d0b25cabb6,11d0b25cabb605e5790b616feb647e70793dd728b686b45d141c3ba226855204,0.4063440561,if6_consensus_when_public_priors_concordant_with_d4
aayl51,aayl51:0002849:c85d1d832788,c85d1d8327883983f7d41edd946c8294f31ad7fb518f6a9bf3023a770c3828df,0.4564328194,if6_consensus_when_public_priors_concordant_with_d4
aayl51,aayl51:0002850:dc4cb8078cfa,dc4cb8078cfa69982ac8e6581ed08dfc7a1bc583d292eb289da5b4c8d3d26555,0.07802732289,if6_consensus_when_public_priors_concordant_with_d4
aayl51,aayl51:0002851:eba7b36839c9,eba7b36839c97e14294284a895595fe1946c623a53e2ee42e7b35a2aac910f54,0.1355252117,if6_consensus_when_public_priors_concordant_with_d4
aayl51,aayl51:0002852:6910c72e669d,6910c72e669d1b79d4bdfb9f9f2f18d131a531fa374ec89c97159cd4ccac0b00,0.1799027473,if6_consensus_when_public_priors_concordant_with_d4
aayl51,aayl51:0002853:f193b7d9b670,f193b7d9b670825717a577e7fff184b722393b6e292767aa4497e26935d7a840,0.8193254471,if6_consensus_when_public_priors_concordant_with_d4
aayl51,aayl51:0002854:12897306239d,12897306239dbbc47111ef73a071639a0e8fb19b0b596635ad1953a6c51849ee,0.3561009467,if6_consensus_when_public_priors_concordant_with_d4
aayl51,aayl51:0002855:5aac42e79084,5aac42e79084d51c57e69235a360dd7d7f455ec04a2f995c0ffce2be945f1a6b,0.2931233943,if6_consensus_when_public_priors_concordant_with_d4
aayl51,aayl51:0002856:0ee238f99114,0ee238f9911460da836b35f4515872b15d2aca9cee9fab597f66e7bc776b8161,0.8578374386,if6_consensus_when_public_priors_concordant_with_d4
aayl51,aayl51:0002857:229eaefb89fa,229eaefb89fa7dca3464ba40afa7dafd713636cea27718b4d008394aee03635a,0.6414293647,if6_consensus_when_public_priors_concordant_with_d4
aayl51,aayl51:0002858:818d5c00253d,818d5c00253d541f6206c1d5d3d74fb8ababfe9a372338468acdc0246932f973,0.4118237495,if6_consensus_when_public_priors_concordant_with_d4
aayl51,aayl51:0002859:6a34b264310f,6a34b264310f9036c614633046cef79344857887043325d5103f2fd570d2d9de,0.724550426,if6_consensus_when_public_priors_concordant_with_d4
aayl51,aayl51:0002860:9b4fc75316a0,9b4fc75316a06fe3384680f4a7c22d28f27f5b5b35887194e2802cae19557273,0.2722080648,if6_consensus_when_public_priors_concordant_with_d4
aayl51,aayl51:0002861:442b07f4ffc9,442b07f4ffc996f097095aecd7c8e60e4b74fd52419ebf397add86274e69530d,0.3413598835,if6_consensus_when_public_priors_concordant_with_d4
aayl51,aayl51:0002862:784d22d0a20b,784d22d0a20b30ca00a1b7aa07179b0ddc792438d53b5fa9fc45c59b6fcde0d6,0.2824728191,if6_consensus_when_public_priors_concordant_with_d4
aayl51,aayl51:0002863:41e1975f13b2,41e1975f13b2992adbb4e42d3c93015c0eb1e754979a45984c1d92ad6d7f57ef,0.5396310687,if6_consensus_when_public_priors_concordant_with_d4
aayl51,aayl51:0002864:b04505075289,b04505075289e8fd98f49570760ae8e82411031038e2bd517a91a0d6eca53304,0.4870726168,if6_consensus_when_public_priors_concordant_with_d4
aayl51,aayl51:0002865:52c9c3751bfc,52c9c3751bfcd8013901b2daec6dfff375103f68746217be81f9e17eafa37cfa,0.6695222855,if6_consensus_when_public_priors_concordant_with_d4
aayl51,aayl51:0002866:ad2ee4756b02,ad2ee4756b021a8119656b88eaea6c7c6552a7be37e21102c705301727aefc3e,0.5316045284,if6_consensus_when_public_priors_concordant_with_d4
aayl51,aayl51:0002867:71f0b18cedab,71f0b18cedab8e8ac936011516a160e9184025753513b2e73cdb6e077e922449,0.2072238922,if6_consensus_when_public_priors_concordant_with_d4
aayl51,aayl51:0002868:212b42cc62a8,212b42cc62a8eb28d8a016e5dad8dccaa05c45c7526fdb85644e8391a8c2c9d5,0.6471405625,if6_consensus_when_public_priors_concordant_with_d4
aayl51,aayl51:0002869:6288195042e8,6288195042e8f5e614c4d14227d813fc7a6081025d2da0787d9e2e004f6bc4b6,0.8945743442,if6_consensus_when_public_priors_concordant_with_d4
aayl51,aayl51:0002870:ac0fdc9441f3,ac0fdc9441f3b5195f853bab1940cef8c33d1bf19f42c42dd84deca73a09ff9d,0.4079648256,if6_consensus_when_public_priors_concordant_with_d4
aayl51,aayl51:0002871:106597221190,1065972211909614a7147b0d1db179b2082f770ba7de80c270ec66de5e1fa177,0.6603380442,if6_consensus_when_public_priors_concordant_with_d4
aayl51,aayl51:0002872:a4d1d7185692,a4d1d718569236f6575e807e18f7eef736d00c04a63dad464be4f140f84f2a08,0.7172956467,if6_consensus_when_public_priors_concordant_with_d4
aayl51,aayl51:0002873:04e5ff730d57,04e5ff730d57357e5671f73803901605cc90229a7227f70ca93fb32e8b922f0c,0.8704946637,if6_consensus_when_public_priors_concordant_with_d4
aayl51,aayl51:0002874:112293f1717e,112293f1717e69317e85fbf295c2d6161476dccd10c065067a8edadf591eff93,0.6506907344,if6_consensus_when_public_priors_concordant_with_d4
aayl51,aayl51:0002875:1ad33f4ad821,1ad33f4ad8210031db694d99727fec0e576904d14f911a16e04f7a964bdb2ea3,0.4816701412,if6_consensus_when_public_priors_concordant_with_d4
aayl51,aayl51:0002876:8fdc4268b29d,8fdc4268b29db8f3faca6c6d61d674895446dd78d3706975afac71d65ef6421c,0.434668541,if6_consensus_when_public_priors_concordant_with_d4
aayl51,aayl51:0002877:9e13c670c31d,9e13c670c31d97dd5556849013d3ab061d4aa98694530a947c363b935c4e4a98,0.6587173343,if6_consensus_when_public_priors_concordant_with_d4
aayl51,aayl51:0002878:32399d715c09,32399d715c090d2c548c30dd02975917ff17d4057953354cef711c44aa8cc37b,0.4864552021,if6_consensus_when_public_priors_concordant_with_d4
aayl51,aayl51:0002879:84bc3cbca87a,84bc3cbca87a73527b998676af3ab877f1019abb67bf7a9243c6203a47213965,0.3077872992,if6_consensus_when_public_priors_concordant_with_d4
aayl51,aayl51:0002880:7ecf4c7540f8,7ecf4c7540f8b91b517970f5360bb777e9735b71041be25d9ec9ffbc592d049b,0.5112294555,if6_consensus_when_public_priors_concordant_with_d4
aayl51,aayl51:0002881:010a31a444bb,010a31a444bbb42048baaab7909ef299ec21de0020b7fbdad45813e5f3b7285b,0.7947826982,if6_consensus_when_public_priors_concordant_with_d4
aayl51,aayl51:0002882:a1b92bd022fd,a1b92bd022fd777f3a55110cd93a1461ee0d003b132956ecf3a39127b63a55e9,0.762367785,if6_consensus_when_public_priors_concordant_with_d4
aayl51,aayl51:0002883:c6144361a037,c6144361a03781b792704afbd4669ca20af87b69ffeddf47ab6b14db568b27aa,0.4269506931,if6_consensus_when_public_priors_concordant_with_d4
aayl51,aayl51:0002884:e0b8fcefff9e,e0b8fcefff9e1d75fb750fa173c8744f59a362b65b9a63adc45633b5230b1f33,0.7477039695,if6_consensus_when_public_priors_concordant_with_d4
aayl51,aayl51:0002885:5d07277cc7c7,5d07277cc7c746783f699aaa548e635f6788688dac603254b422e9188cf62f30,0.3208304346,if6_consensus_when_public_priors_concordant_with_d4
aayl51,aayl51:0002886:bd03f5d5997c,bd03f5d5997c1d4dadcb088b274c2c8cd33c2cb76e5c26e6b45ad2cb644cd41d,0.4694759548,if6_consensus_when_public_priors_concordant_with_d4
aayl51,aayl51:0002887:bfc59890cfff,bfc59890cfff0ae5d60e8562528da102367c50432772bd47b5435ad08e1f3d71,0.1745774299,if6_consensus_when_public_priors_concordant_with_d4
aayl51,aayl51:0002888:4bc6e6aa3470,4bc6e6aa3470a1f89afd72c8a5b23579733bb43f15984c818ab18ac0d611f96a,0.2334645391,if6_consensus_when_public_priors_concordant_with_d4
aayl51,aayl51:0002889:652111af9793,652111af97937a06f363a107bf29367c1292734b08029ed841382bcc65c049bc,0.2239716053,if6_consensus_when_public_priors_concordant_with_d4
aayl51,aayl51:0002890:ba6084731a06,ba6084731a06a089f84230a279931508dac468f0400a6e7d35afb576a528f6d8,0.41784361,if6_consensus_when_public_priors_concordant_with_d4
aayl51,aayl51:0002891:0f6bb5a8bedf,0f6bb5a8bedf83af925da0d71e3335f8cb261c0c64f01815fe7363317aaddeba,0.2969823182,if6_consensus_when_public_priors_concordant_with_d4
aayl51,aayl51:0002892:14aec92925e3,14aec92925e39044495daa56425df31e13cf27e9eb1f1464b70e1bfbc72d812e,0.1720305681,if6_consensus_when_public_priors_concordant_with_d4
aayl51,aayl51:0002893:d5d13ccca2f9,d5d13ccca2f93dc6693485c715613ca74c352cc25d0459f8ef3d927b6d78048c,0.429729104,if6_consensus_when_public_priors_concordant_with_d4
aayl51,aayl51:0002894:faa23d85b3da,faa23d85b3da737714b999af332b684db37a96308c6c52f57c01f884ff084b46,0.2681947947,if6_consensus_when_public_priors_concordant_with_d4
aayl51,aayl51:0002895:aba61d3ba5fb,aba61d3ba5fb4b5462644eb87731e29a1f7807d2c1012dd59df2e4a6cf57d4a7,0.1875434071,if6_consensus_when_public_priors_concordant_with_d4
aayl51,aayl51:0002896:b7d475c3feea,b7d475c3feeabca63e6845ca5da47e60f7d25ba3098547e3ddbb4510e8c9b33c,0.2450412959,if6_consensus_when_public_priors_concordant_with_d4
aayl51,aayl51:0002897:6f5bdffaa3d5,6f5bdffaa3d5505b6df1cca542207dad0380c318999beed859934f8f79c70d18,0.4686270058,if6_consensus_when_public_priors_concordant_with_d4
aayl51,aayl51:0002898:a7e5259484a1,a7e5259484a1d20d5abbb5606b040fea3718a4f190ff34bfa7dfbce810b830a1,0.2955159247,if6_consensus_when_public_priors_concordant_with_d4
aayl51,aayl51:0002899:188fc68b2744,188fc68b2744c494addc09e113c93e4ab0bc5e07ed13336f4667a7665ee64fc0,0.4648452699,if6_consensus_when_public_priors_concordant_with_d4
aayl51,aayl51:0002900:ff8d4b22b9fa,ff8d4b22b9fac89184034c703a2084710413f6b5d4e2ffe9984c7127b5c8a856,0.3740063608,if6_consensus_when_public_priors_concordant_with_d4
aayl51,aayl51:0002901:fc442599f8e1,fc442599f8e1bebb59c9c066dc64e449f59b0b50d003f8c1021fdf47786a8b49,0.4116693735,if6_consensus_when_public_priors_concordant_with_d4
aayl51,aayl51:0002902:0224b3894712,0224b3894712b13f0037f127adbe224febc40a73eb510dea041a4d08e0e464c3,0.7436906695,if6_consensus_when_public_priors_concordant_with_d4
aayl51,aayl51:0002903:5fde94ba3251,5fde94ba32517569b984ca167715b91bae3fb3f5360cbab136be8793f1cf2ba9,0.6749247909,if6_consensus_when_public_priors_concordant_with_d4
aayl51,aayl51:0002904:eeb1aabab3e6,eeb1aabab3e6f75f36be97c290496a9436d143afbb31bc67b1155decbb54b32b,0.2812379301,if6_consensus_when_public_priors_concordant_with_d4
aayl51,aayl51:0002905:5e71a2dc5cc3,5e71a2dc5cc382c2a2fd36c970d597e008126dc453a95e92710d102665ea493d,0.5591571927,if6_consensus_when_public_priors_concordant_with_d4
aayl51,aayl51:0002906:03e64321c891,03e64321c8911a163fb13c952f564815cb207ad734103a27352ab02ba02f0cfe,0.273520112,if6_consensus_when_public_priors_concordant_with_d4
aayl51,aayl51:0002907:16394141f6cd,16394141f6cd1999d661599b42111bbfdf5ecea32c2382359b523491508fa699,0.3982403278,if6_consensus_when_public_priors_concordant_with_d4
aayl51,aayl51:0002908:f43d726f2fc2,f43d726f2fc2351f94549a296a77838b0cd23ed4ce4378f74cc3ee6311172fa2,0.3594968021,if6_consensus_when_public_priors_concordant_with_d4
aayl51,aayl51:0002909:16dc878daddf,16dc878daddfcc3452efc25394c7e866506fb10daba58f50aecc9d41c8036d4e,0.4210851192,if6_consensus_when_public_priors_concordant_with_d4
aayl51,aayl51:0002910:3c71d19ccb9d,3c71d19ccb9d2b89fa58ba11a39707e8cac41da5b6dfc70f43a9bb5c3f9621fe,0.1414679289,if6_consensus_when_public_priors_concordant_with_d4
aayl51,aayl51:0002911:941f56bf7e7f,941f56bf7e7f32ca28aff62304e96e1042a53e686966cfd7ba3d214eff780a59,0.26557073,if6_consensus_when_public_priors_concordant_with_d4
aayl51,aayl51:0002912:f731db51a52a,f731db51a52a221419e62029cc2190de715973aa758c417670fddfa58fb0a72e,0.4748784304,if6_consensus_when_public_priors_concordant_with_d4
aayl51,aayl51:0002913:5123cd61331a,5123cd61331a3f8e83abd9716d44233f242a388ca3461c2e39d3e05c51c1d317,0.6134908199,if6_consensus_when_public_priors_concordant_with_d4
aayl51,aayl51:0002914:14eac0d60cdf,14eac0d60cdf7f83ad21eb62459605e2e036216146cc68b7fc444eef0de73d96,0.4222427905,if6_consensus_when_public_priors_concordant_with_d4
aayl51,aayl51:0002915:fe10bede014c,fe10bede014c0e555e91069cf91efea5ecb8c22b130198a798f56ddc71779b5f,0.3755498827,if6_consensus_when_public_priors_concordant_with_d4
aayl51,aayl51:0002916:fede09d727ae,fede09d727aea71336f47f5a5d76bcc28d40d0985598df7584cb4a3dacc37d93,0.9084665179,if6_consensus_when_public_priors_concordant_with_d4
aayl51,aayl51:0002917:056eae8ef6d8,056eae8ef6d8535880631062b55d2fd76434caff34e2de7c0647890625d36802,0.2123176605,if6_consensus_when_public_priors_concordant_with_d4
aayl51,aayl51:0002918:4b6ec9d2af88,4b6ec9d2af88dc3c82c3194c07c22b9672b571b792a0436761d35c82da232a71,0.08952689916,if6_consensus_when_public_priors_concordant_with_d4
aayl51,aayl51:0002919:425ce8e3f920,425ce8e3f92049700769a6c15d86398ee5ffdf1acfd542b8ab7312e6c9f4abd2,0.1785907298,if6_consensus_when_public_priors_concordant_with_d4
aayl51,aayl51:0002920:7413dc798f57,7413dc798f5719c1be453a1905f06d803986eeee969eeb858b79a0a74b3ce9a0,0.413135767,if6_consensus_when_public_priors_concordant_with_d4
aayl51,aayl51:0002921:40fe8e640c7b,40fe8e640c7b944852e9871aa4844b8693d55d09047a5586b6bc67f734812639,0.5807671547,if6_consensus_when_public_priors_concordant_with_d4
aayl51,aayl51:0002922:77ce4028a1a1,77ce4028a1a1f758efa42c8b6e4a540558d6772b8a45e032ec6f5fae0c4d343b,0.3752411902,if6_consensus_when_public_priors_concordant_with_d4
aayl51,aayl51:0002923:77822eb57905,77822eb57905fa995a4306c972caca26fc08e48fd6e432e36139b7acf7985b65,0.6688277125,if6_consensus_when_public_priors_concordant_with_d4
aayl51,aayl51:0002924:9b3fcc3b44cf,9b3fcc3b44cfe83c7a90445e348194fc7dbfa13218deb50924a3c36179ce1135,0.5277456045,if6_consensus_when_public_priors_concordant_with_d4
aayl51,aayl51:0002925:374f2ee09e9e,374f2ee09e9ebb4ae795da0e05a1442881b8f573173b5b37695f7d46264aba9f,0.2133209854,if6_consensus_when_public_priors_concordant_with_d4
aayl51,aayl51:0002926:e5e5ae22d520,e5e5ae22d5202ba419b95675fca82ff03e61c65da4c0fb6859752e9c83e4870a,0.1364513338,if6_consensus_when_public_priors_concordant_with_d4
aayl51,aayl51:0002927:1af62eaa22d2,1af62eaa22d2f3ce6a8a4e3bc91d21329ecda2aa803df12fddd555eb90819501,0.342594713,if6_consensus_when_public_priors_concordant_with_d4
aayl51,aayl51:0002928:d806f4bf90f9,d806f4bf90f951c37935a875f67d8a15668a5aa24289f4ef20f03cc9c8149bd0,0.05333024263,if6_consensus_when_public_priors_concordant_with_d4
aayl51,aayl51:0002929:82f97737b09e,82f97737b09ea2fbe6ba50e3de97ed5f1d534805ce184d1f8612f603f510bc82,0.4176892936,if6_consensus_when_public_priors_concordant_with_d4
aayl51,aayl51:0002930:69ee232f49eb,69ee232f49ebf85df643953425ddb4b287022db9bfffa3884adfa4a8b1398167,0.2218877822,if6_consensus_when_public_priors_concordant_with_d4
aayl51,aayl51:0002931:ed891a2627ee,ed891a2627ee74d29d09fff8eb5e3113b41818e928fd622e1c90e3cf94225d4d,0.3628926277,if6_consensus_when_public_priors_concordant_with_d4
aayl51,aayl51:0002932:0f3bfaf23685,0f3bfaf236850f78b4925f06bdd4d8b463212288d2f2afe27106caf6bd511c9d,0.8322141767,if6_consensus_when_public_priors_concordant_with_d4
aayl51,aayl51:0002933:9534e294c681,9534e294c681ebd981bc5ca9fcb6c51034e71dcd9c5e9160dded35296d846797,0.1980396658,if6_consensus_when_public_priors_concordant_with_d4
aayl51,aayl51:0002934:df2d952bb423,df2d952bb423ebf72f88f37062689c1be6f08744d9ec02f5236634671d85b457,0.4305008948,if6_consensus_when_public_priors_concordant_with_d4
aayl51,aayl51:0002935:a71f0c18a47f,a71f0c18a47fcbb3f8d94028d43db219d25c4c924e0fc9836d50efe53abdf9e7,0.09531527758,if6_consensus_when_public_priors_concordant_with_d4
aayl51,aayl51:0002936:761d121ef65c,761d121ef65c8de13375b04912231c63ae3bffda4a2e2d377ff28b83507d7140,0.4160685539,if6_consensus_when_public_priors_concordant_with_d4
aayl51,aayl51:0002937:7524b6c7c2d8,7524b6c7c2d8dc3750668bc64ae41c262bab0115a9ab9f09a075c4bf9ebedb6d,0.7196109891,if6_consensus_when_public_priors_concordant_with_d4
aayl51,aayl51:0002938:6476c8a6f4c3,6476c8a6f4c37952a56e353b7a27d95a0ee3487b6647e9376d0dbb1fed435a07,0.5110750794,if6_consensus_when_public_priors_concordant_with_d4
aayl51,aayl51:0002939:290b25b57a37,290b25b57a3791fcad0de5ca1f1d01b3281375ba34607456b814b8b8f596655d,0.3473798037,if6_consensus_when_public_priors_concordant_with_d4
aayl51,aayl51:0002940:c925b38e143c,c925b38e143cedca13645e26f45cd8e9a43aeec1a61fb783b182ed8559daf7eb,0.2506752908,if6_consensus_when_public_priors_concordant_with_d4
aayl51,aayl51:0002941:c81bcb7f24fd,c81bcb7f24fd99ca622555a389253c7baf4cfc026e61bf3e87bb67e6e718c19e,0.7460832,if6_consensus_when_public_priors_concordant_with_d4
aayl51,aayl51:0002942:1d1c63776e33,1d1c63776e3318cd217892ad566dd89cff0c4bc7a5757d8a1ad4d4c1e7fb7315,0.8430964351,if6_consensus_when_public_priors_concordant_with_d4
aayl51,aayl51:0002943:72d6cf7eac12,72d6cf7eac12e458ed9a59eae7ded19d8c1dcaa783d2a7de437bcbf1fe9f01a1,0.4802809656,if6_consensus_when_public_priors_concordant_with_d4
aayl51,aayl51:0002944:4ff8a73708a9,4ff8a73708a9d8c892c9ae2f6dc62b6d8c5ae2d6b7d1652a0b8d4adf14594ab1,0.6770086288,if6_consensus_when_public_priors_concordant_with_d4
aayl51,aayl51:0002945:0000c36e9d33,0000c36e9d33c93fda4e87b9305da571a195bd061c31d348425f868213542c6c,0.450335741,if6_consensus_when_public_priors_concordant_with_d4
aayl51,aayl51:0002946:0e752a245494,0e752a245494ca0357b413dd5a5c79859f79af32167e435c5109fcf6e6ea860d,0.5536003709,if6_consensus_when_public_priors_concordant_with_d4
aayl51,aayl51:0002947:c0f909a236fd,c0f909a236fd49b7e6f6a010f1520f96791283ccc3d86324e89e44bcd9badfc8,0.4289573133,if6_consensus_when_public_priors_concordant_with_d4
aayl51,aayl51:0002948:82fb8a7ff666,82fb8a7ff6668f4cd22ec9d1edde97f67b3bf3fac10975791ad46cf40065398b,0.3851971626,if6_consensus_when_public_priors_concordant_with_d4
aayl51,aayl51:0002949:53e13a4a7ace,53e13a4a7ace2b27e54cda136f7714a17a9a12777b60ad61a0ea6d97bcfca043,0.6879678369,if6_consensus_when_public_priors_concordant_with_d4
aayl51,aayl51:0002950:2690d59f9ea7,2690d59f9ea79375a8d34507439c811499a51ad5ea8e47247e1a9a672caeb9b6,0.1755807549,if6_consensus_when_public_priors_concordant_with_d4
aayl51,aayl51:0002951:74d47a4badfb,74d47a4badfb0c27252389d25e0d7b2595ddbc358d9c6dd3b52fd27ecfe62be0,0.5355406404,if6_consensus_when_public_priors_concordant_with_d4
aayl51,aayl51:0002952:b648439c6e2d,b648439c6e2d90f4d14029656de5b96af9ab3d81bda18df2832131628e91bc93,0.4849888086,if6_consensus_when_public_priors_concordant_with_d4
aayl51,aayl51:0002953:9d0a15c86125,9d0a15c861257687787622534d4cf400967994fd9d62dc3ef772fa1dcacb087c,0.2522960603,if6_consensus_when_public_priors_concordant_with_d4
aayl51,aayl51:0002954:bdbc985d8221,bdbc985d8221c136cfe033d3a04022e3a4f379e2f079587d8ae30cdaa98b9923,0.2029019147,if6_consensus_when_public_priors_concordant_with_d4
aayl51,aayl51:0002955:e83509d387eb,e83509d387eb6e9abf961ac848a60004067d22edc3ec6105c93c467e20d17405,0.3716909885,if6_consensus_when_public_priors_concordant_with_d4
aayl51,aayl51:0002956:e1a1ca9043f4,e1a1ca9043f495ca6ada36d3fd2b811748cf6a9530810b6036ed888dc8cf79fe,0.4177664518,if6_consensus_when_public_priors_concordant_with_d4
aayl51,aayl51:0002957:472ed88e89ed,472ed88e89ed1dbee438edfcaebcdb9626a89da1a765f980375a31a6aac6d15c,0.3594968021,if6_consensus_when_public_priors_concordant_with_d4
aayl51,aayl51:0002958:b8f9c2070d3d,b8f9c2070d3d841e9c14c146f21d56e7521786ec74b9af519ca4f105e4827a12,0.4488693476,if6_consensus_when_public_priors_concordant_with_d4
aayl51,aayl51:0002959:8a13a71a7da6,8a13a71a7da66c4b83b33ac2d13561a4475b6c8a01668bee70847ee29eb3cf56,0.3831133842,if6_consensus_when_public_priors_concordant_with_d4
aayl51,aayl51:0002960:f547c864e74c,f547c864e74c36cafe40c113999fb097968bd3e26c0ac888d8810bd8fbdaec75,0.9448946118,if6_consensus_when_public_priors_concordant_with_d4
aayl51,aayl51:0002961:d131670d20f8,d131670d20f8217a275dd430b3c1d6b5038056edf6be7a594aa0b79399db7344,0.8361503482,if6_consensus_when_public_priors_concordant_with_d4
aayl51,aayl51:0002962:1e63ed13cde4,1e63ed13cde471950133e78bf185a7295d89dd7bc38cb8480cb88c677aa63997,0.5023539066,if6_consensus_when_public_priors_concordant_with_d4
aayl51,aayl51:0002963:14cbbbdc9aa1,14cbbbdc9aa1b9db69342f1c553d7528e3436d17b7376602bf1c98b02a785282,0.304854542,if6_consensus_when_public_priors_concordant_with_d4
aayl51,aayl51:0002964:467db7bf603d,467db7bf603dcd61ea420217a2b32960adaaa265893e67ca191e3b2c5bce02f7,0.365285188,if6_consensus_when_public_priors_concordant_with_d4
aayl51,aayl51:0002965:1b18793b6835,1b18793b6835d1b6ce759c1569927c3040e1ea047526c65f51fed3977e82a150,0.3953847587,if6_consensus_when_public_priors_concordant_with_d4
aayl51,aayl51:0002966:b20bc27bcc00,b20bc27bcc0029256e7ec70fc031068a5054c600b810837297bcb161b3342cbd,0.5387821198,if6_consensus_when_public_priors_concordant_with_d4
aayl51,aayl51:0002967:d41b3cd1b3d9,d41b3cd1b3d9e8bdea6c4913ab650a1af024137144b3c78df7e4ef0463528a0f,0.6430501342,if6_consensus_when_public_priors_concordant_with_d4
aayl51,aayl51:0002968:f6cb1e317964,f6cb1e317964830befa1e289a6614ce517421cb536b8976a67655e0bb61b3ce1,0.4205448627,if6_consensus_when_public_priors_concordant_with_d4
aayl51,aayl51:0002969:4202cb2ae46d,4202cb2ae46d885ada3d8df10179357c702f56dc86cb6fcc184ad8b141edd237,0.5307555795,if6_consensus_when_public_priors_concordant_with_d4
aayl51,aayl51:0002970:2624d48c1b82,2624d48c1b822593eb4e6a1d446d98932c99862f448fc42b89205e1438d12756,0.4701705873,if6_consensus_when_public_priors_concordant_with_d4
aayl51,aayl51:0002971:cd4fb9befab2,cd4fb9befab2f0c51f1f013bad87e4cf1812fddb19e8786e880a8b107c4451fc,0.9063826203,if6_consensus_when_public_priors_concordant_with_d4
aayl51,aayl51:0002972:f328324aa87a,f328324aa87ad17b1e838b848255fae0e5179f39e309dbea95ab4ca09f107d06,0.4623755515,if6_consensus_when_public_priors_concordant_with_d4
aayl51,aayl51:0002973:0ee31a6527bc,0ee31a6527bcd58020c7bd3ff4bc8b8593f539c2adc792919336c71b7fb8e226,0.5948135853,if6_consensus_when_public_priors_concordant_with_d4
aayl51,aayl51:0002974:cccec32e4adf,cccec32e4adf3622a23c0067c89aafc8bf734132fd78c3992ec3437800da40d1,0.6124874949,if6_consensus_when_public_priors_concordant_with_d4
aayl51,aayl51:0002975:a767431d6ed5,a767431d6ed5cde26849767a9b7102c90863a0d68eafdcc7c8a6206887c5dd64,0.3655939102,if6_consensus_when_public_priors_concordant_with_d4
aayl51,aayl51:0002976:ed3bdc4c54ae,ed3bdc4c54ae2232a257419f7f1f32b0244403647d702058139f0a828c84e2ae,0.5426024795,if6_consensus_when_public_priors_concordant_with_d4
aayl51,aayl51:0002977:a76ef44b94e7,a76ef44b94e75b97c0e0dfc473f95b3052745393f1220bfef4f447d4b7b00e43,0.5415605307,if6_consensus_when_public_priors_concordant_with_d4
aayl51,aayl51:0002978:60c1b90f3812,60c1b90f38129fa77eab565719ff2cb2faf34154dc732496abefc5af07829d70,0.9335494041,if6_consensus_when_public_priors_concordant_with_d4
aayl51,aayl51:0002979:ef11196e707c,ef11196e707ce7a4cf8e13ac86661e44e9541eafc11bf74426046acbf444fdf0,0.7830516696,if6_consensus_when_public_priors_concordant_with_d4
aayl51,aayl51:0002980:3616aebae5b5,3616aebae5b5e04d96079290712541673e2cda46b103f5521dbb8adfaa94518f,0.920892179,if6_consensus_when_public_priors_concordant_with_d4
aayl51,aayl51:0002981:0e9df3154856,0e9df3154856b98a6de0975d0a12e26a17c3eaeefa53ebabc0f22b84af8b1bfd,0.3721540272,if6_consensus_when_public_priors_concordant_with_d4
aayl51,aayl51:0002982:0615c6c94d83,0615c6c94d83716736c57c74d97f41b933b1b2acacc162d9d2f570d4723449dc,0.2972910404,if6_consensus_when_public_priors_concordant_with_d4
aayl51,aayl51:0002983:1ac17e221003,1ac17e2210032809d8bb4075dcf880e6960017deb5a9f7bc6c91f3152df1febd,0.5543721318,if6_consensus_when_public_priors_concordant_with_d4
aayl51,aayl51:0002984:9523bfcc3d10,9523bfcc3d10c7a0bf6ef1a62dfaf44f92de03313c8cde654e58a7eab0f1be93,0.3594968021,if6_consensus_when_public_priors_concordant_with_d4
aayl51,aayl51:0002985:a9028a2ec4dc,a9028a2ec4dcb9c2a2138d0d4673462b4bd74356bf4782a079f9936a6c89f9e7,0.3581075966,if6_consensus_when_public_priors_concordant_with_d4
aayl51,aayl51:0002986:1a0a9ed00435,1a0a9ed00435b437cd009f2c822d91dcbed094c4ef7622f704989f30168db9bd,0.1325924248,if6_consensus_when_public_priors_concordant_with_d4
aayl51,aayl51:0002987:e28f5515021f,e28f5515021fc8b4531e6c2b80d1c54f6a9a7e97119e8b26ed2fb08832bb3597,0.439222008,if6_consensus_when_public_priors_concordant_with_d4
aayl51,aayl51:0002988:cda45e7a055e,cda45e7a055e886f3561be47f2d7c1db9796952270375081ce9499d81e307a23,0.3872810304,if6_consensus_when_public_priors_concordant_with_d4
aayl51,aayl51:0002989:31f322160a29,31f322160a2953c2fd5b183e2f0c255e30a01ecef71814788eda9a6b7a8ecf12,0.4248668253,if6_consensus_when_public_priors_concordant_with_d4
aayl51,aayl51:0002990:55294fe1d523,55294fe1d523b176ecd369f6baa2804f38fbfcf2375dcd70acbc609472a34a05,0.5174809098,if6_consensus_when_public_priors_concordant_with_d4
aayl51,aayl51:0002991:2fad35b7edbc,2fad35b7edbc054848c5c9ab94c31a356950840b3ebf677a6ffae045f82da8b4,0.2777649164,if6_consensus_when_public_priors_concordant_with_d4
aayl51,aayl51:0002992:39422afe82e7,39422afe82e7bf5ec4b7e4d3da406b9aeb9358641313e158de8a53a7d48bc865,0.6169638038,if6_consensus_when_public_priors_concordant_with_d4
aayl51,aayl51:0002993:825a32bec579,825a32bec579a08710962b79e4f9b7006816ec02ba95e7c45ce00500036817d4,0.3802577555,if6_consensus_when_public_priors_concordant_with_d4
aayl51,aayl51:0002994:31fd70f71d4d,31fd70f71d4d9902d3d0a94b0fcfa6f9ea7a16acfdf5dd65b36e155c8d8d9b99,0.903372705,if6_consensus_when_public_priors_concordant_with_d4
aayl51,aayl51:0002995:4f9282767203,4f92827672035fd874be3a6491bc5d0f97f5b3dfa77cdfff538148f0adf86bfe,0.6230608821,if6_consensus_when_public_priors_concordant_with_d4
aayl51,aayl51:0002996:4f5ded9d5f69,4f5ded9d5f69392a562f5d039f0fc874a34e9ee8315b33f6ce550f73e6324ef7,0.5184841752,if6_consensus_when_public_priors_concordant_with_d4
aayl51,aayl51:0002997:fd087a4a79ca,fd087a4a79ca59038438a4267b9b317e79cee5fc385b75de53a6012662701159,0.551825285,if6_consensus_when_public_priors_concordant_with_d4
aayl51,aayl51:0002998:c28cfaca670f,c28cfaca670f527779b3827bdf5c77850acca0172971c254cd8f089fc99d068b,0.4010959566,if6_consensus_when_public_priors_concordant_with_d4
aayl51,aayl51:0002999:919c07299feb,919c07299febe682374601c6291af3a462fee7d67ce5017e99edd51a64d8b496,0.4680867493,if6_consensus_when_public_priors_concordant_with_d4
aayl51,aayl51:0003000:ce9cfe84fd55,ce9cfe84fd5510649d009f1bdbf763257b64659d5afe71fd948382f796440660,0.5804584622,if6_consensus_when_public_priors_concordant_with_d4
aayl51,aayl51:0003001:1876bbb4232a,1876bbb4232a1abd0fdc4f8f73bd94160cfeb20210a8f606439353b472b736ba,0.248977378,if6_consensus_when_public_priors_concordant_with_d4
aayl51,aayl51:0003002:3b7cd9c06b67,3b7cd9c06b67fc6a2f3afa1e80a0a63a5215ff867ece181d67cf97eb98f1a711,0.2365516573,if6_consensus_when_public_priors_concordant_with_d4
aayl51,aayl51:0003003:cc1d049cd246,cc1d049cd246cfa3c9e10328d6f78a2a35a5c31782e4e4650a703606ebb7b427,0.3104885519,if6_consensus_when_public_priors_concordant_with_d4
aayl51,aayl51:0003004:983e9787b4e6,983e9787b4e65b235b329579a8cfd17b05e8a4e442688d8c404ec5fc28362e58,0.2772246599,if6_consensus_when_public_priors_concordant_with_d4
aayl51,aayl51:0003005:d9e1689d28c0,d9e1689d28c0a0252dad4a5078d748c28c0aca8167d7c42153efea2dee1309dd,0.3097553551,if6_consensus_when_public_priors_concordant_with_d4
aayl51,aayl51:0003006:007b61df4933,007b61df493376ffd5369051262c0d4d957bef561cfe491087eed16e3c78e294,0.2612487376,if6_consensus_when_public_priors_concordant_with_d4
aayl51,aayl51:0003007:782baa22117c,782baa22117c3827cf408bd6aa2d107b0c81ad011f734cb6881544a5a59f1daa,0.4417689741,if6_consensus_when_public_priors_concordant_with_d4
aayl51,aayl51:0003008:874a8324b098,874a8324b098bb980b18b36c52f57faeabd8495af27d3f09d30adfab71698e5d,0.3386586607,if6_consensus_when_public_priors_concordant_with_d4
aayl51,aayl51:0003009:d6eeb7c8f201,d6eeb7c8f2019415f3d38d4b9968d664651232b1949b2c7092d09d91fc5d0036,0.4790461063,if6_consensus_when_public_priors_concordant_with_d4
aayl51,aayl51:0003010:0daf684b1e8c,0daf684b1e8c942dfee74bdcb3bf6e52ee7619b92e947c892b63fdf016d32dd5,0.4547348917,if6_consensus_when_public_priors_concordant_with_d4
aayl51,aayl51:0003011:92ab94a797f9,92ab94a797f962fd7ce1b06b60c834409e413384ecefae616496bd392e84d141,0.4622211754,if6_consensus_when_public_priors_concordant_with_d4
aayl51,aayl51:0003012:5473b50dc3bf,5473b50dc3bf0e2dcb3a16c31e93b4980dd380d5d4e9f53cfc0fe401830c70ec,0.2438836098,if6_consensus_when_public_priors_concordant_with_d4
aayl51,aayl51:0003013:782c633db07e,782c633db07eaa18bdd8a367a13ecd10759b606c9ad1a33045301c84b0d83096,0.6729953289,if6_consensus_when_public_priors_concordant_with_d4
aayl51,aayl51:0003014:9780c127c161,9780c127c161d11c5aaf6f27217de4a0e540fa3ef73935bde2361a6676071c02,0.7720922828,if6_consensus_when_public_priors_concordant_with_d4
aayl51,aayl51:0003015:6718714d9164,6718714d91644f366202033d008b1eeaa8224cc5d479b64e310a531e08f0a511,0.4169174731,if6_consensus_when_public_priors_concordant_with_d4
aayl51,aayl51:0003016:57bc8047d52d,57bc8047d52d5f2170bf2e5357aca75cad93e3035eb488aa94016ae314c62e88,0.6236011386,if6_consensus_when_public_priors_concordant_with_d4
aayl51,aayl51:0003017:d027205375db,d027205375dbe68d3f40dcef28c121f6da773a244b409422f41116c6306d24c3,0.6371073723,if6_consensus_when_public_priors_concordant_with_d4
aayl51,aayl51:0003018:c1c7a07580ba,c1c7a07580ba3d7b61cfed094e9564190a48212732f228fdf8d134f02b68c86c,0.7756424546,if6_consensus_when_public_priors_concordant_with_d4
aayl51,aayl51:0003019:1275cc98e3d9,1275cc98e3d9c84f39fc2e40c81946cb2f9167bdea51c94a477bd4eb7967bae3,0.6557845473,if6_consensus_when_public_priors_concordant_with_d4
aayl51,aayl51:0003020:a059b89aa784,a059b89aa78448d2540fce1bc76ec2079319e0299c144847d7bd64c3fb8b11c0,0.6430500746,if6_consensus_when_public_priors_concordant_with_d4
aayl51,aayl51:0003021:a3e1af93a203,a3e1af93a203f0a05ee0c1be616c92ee01610a23a6f0b9608c4828b18aad1fce,0.5470016003,if6_consensus_when_public_priors_concordant_with_d4
aayl51,aayl51:0003022:ae5a1b86078a,ae5a1b86078a4f1ece4c18b7495cfb8fd41adf1a48fbea96d555b46a01415706,0.6764683127,if6_consensus_when_public_priors_concordant_with_d4
aayl51,aayl51:0003023:dae770358a36,dae770358a364e940a9a9bf0e7e530dae0a2346f580ca7d89490aba47dd8d422,0.5343829989,if6_consensus_when_public_priors_concordant_with_d4
aayl51,aayl51:0003024:0bc01ba9a59a,0bc01ba9a59a1a8fe0bbdbe19e5c0088388ca087f335571f9fc1ffd6bc3fc720,0.568341434,if6_consensus_when_public_priors_concordant_with_d4
aayl51,aayl51:0003025:936199ddef6f,936199ddef6fe2e4f95b8c54019de4ee9abdc90456e3cce8e041d05f50bf1a3c,0.5164775848,if6_consensus_when_public_priors_concordant_with_d4
aayl51,aayl51:0003026:84435d271a9d,84435d271a9dfdba76546c0666da67e542b3619f6667b8e38b632d64bfc266ca,0.4097398818,if6_consensus_when_public_priors_concordant_with_d4
aayl51,aayl51:0003027:b7e7274fb42d,b7e7274fb42df062d9d1fa24eb4fcf5e1d0e328239eedcd6f34adc0b585b15f7,0.5051323771,if6_consensus_when_public_priors_concordant_with_d4
aayl51,aayl51:0003028:5c6cee039bd4,5c6cee039bd4ad1174d398f4bc416add1ceeeeb1eb104294a15c41193fe7a607,0.6508451104,if6_consensus_when_public_priors_concordant_with_d4
aayl51,aayl51:0003029:1f2ab8ad034b,1f2ab8ad034b50a31941581d1b6b95e602b279ea08975e809be3ebd9b9b67aa2,0.7450798154,if6_consensus_when_public_priors_concordant_with_d4
aayl51,aayl51:0003030:20d88bc6e476,20d88bc6e476ed706f18cafd5f8841aad1eaea384decbfff7e5529fe96f4e0aa,0.8852357864,if6_consensus_when_public_priors_concordant_with_d4
aayl51,aayl51:0003031:c80ed1ed8148,c80ed1ed81488c3c843f91b62aaf0d7c93db2234fc443d8d16c8cbc2abed4383,0.8107586503,if6_consensus_when_public_priors_concordant_with_d4
aayl51,aayl51:0003032:d556b8bc34f7,d556b8bc34f714689ecf628cb2d2f7ea6221215989e1b784c947ad6e512b531b,0.7559620738,if6_consensus_when_public_priors_concordant_with_d4
aayl51,aayl51:0003033:1ee6160ecb83,1ee6160ecb838a51b27cf767149e921cb488eaf7ebe14a2518dc420f2118a105,0.8519719243,if6_consensus_when_public_priors_concordant_with_d4
aayl51,aayl51:0003034:58d835374825,58d835374825ab30468ea8f6d12cb819aba7991d92cb96ad11e4f2d787097e9f,0.1370687634,if6_consensus_when_public_priors_concordant_with_d4
aayl51,aayl51:0003035:927efbacdd1f,927efbacdd1f482b913229879e1b612a3ba9c533bd420328c25cbb278b111247,0.2563093305,if6_consensus_when_public_priors_concordant_with_d4
aayl51,aayl51:0003036:56f540b0fb89,56f540b0fb89c5fc5ec856290e41976949901e719c1122a91b359c6e6fe24207,0.1396928281,if6_consensus_when_public_priors_concordant_with_d4
aayl51,aayl51:0003037:d65c788622fb,d65c788622fb7ba132e805f6f6b2ff1edda64d8c4859f2bbd17c48773a967421,0.2587018609,if6_consensus_when_public_priors_concordant_with_d4
aayl51,aayl51:0003038:f3af865136f8,f3af865136f895f02a67b911bbe726900f97492de908fed6d791bcce4af35ab8,0.3178204894,if6_consensus_when_public_priors_concordant_with_d4
aayl51,aayl51:0003039:5a55afa55ceb,5a55afa55cebfcddfb530a3ec6b83384083c16d4bbf58bd74a54d712b527e676,0.4956394136,if6_consensus_when_public_priors_concordant_with_d4
aayl51,aayl51:0003040:3bb6a81f5b47,3bb6a81f5b47c5cdd2c1305fb44c0aee3d44f2922d715f55d482891221a37a7a,0.2972910404,if6_consensus_when_public_priors_concordant_with_d4
aayl51,aayl51:0003041:dbe800d7ce29,dbe800d7ce296f6a1103e744d19064bf6a6ad44c0f0bfbf510189ec9bb1338ce,0.4734120369,if6_consensus_when_public_priors_concordant_with_d4
aayl51,aayl51:0003042:28bf220e9c5d,28bf220e9c5d2791262c48bec1e455873ea659a22272a8116b48353ae35161e6,0.5376244187,if6_consensus_when_public_priors_concordant_with_d4
aayl51,aayl51:0003043:776cf3e35ab5,776cf3e35ab54f94109e983141c6e2badb057ee6bd6b8cae68f77cd6b50bc16c,0.2621748745,if6_consensus_when_public_priors_concordant_with_d4
aayl51,aayl51:0003044:629f60028eec,629f60028eecf9b0d61be63d2ff3ffe492109086df6cac19aa6a1a6c98ed8283,0.4613336325,if6_consensus_when_public_priors_concordant_with_d4
aayl51,aayl51:0003045:54b016ea7f13,54b016ea7f1369fffdc8598cc3d187efaa5c4c1af1e93c781693323342506be3,0.3810295165,if6_consensus_when_public_priors_concordant_with_d4
aayl51,aayl51:0003046:14d63ab16d2c,14d63ab16d2cfc60d7f9916b6e695108b885cb959ccd108cf1ec03f6d956fa41,0.1608396918,if6_consensus_when_public_priors_concordant_with_d4
aayl51,aayl51:0003047:67bf8ce3de5a,67bf8ce3de5acc7341f22b06f9b0e7a2931fae9aca330b13ca72f5ad9f35ff60,0.1650073379,if6_consensus_when_public_priors_concordant_with_d4
aayl51,aayl51:0003048:23ac08bcf928,23ac08bcf92804ad3f2a7ff656d3d3008035e8e509e5c252664748287e4af226,0.1385351568,if6_consensus_when_public_priors_concordant_with_d4
aayl51,aayl51:0003049:09680f96cc54,09680f96cc54f827e5bc37abb12b3cbc83c039fc0a289cd21c6b11f479995778,0.2241259664,if6_consensus_when_public_priors_concordant_with_d4
aayl51,aayl51:0003050:44c7073f156e,44c7073f156ec193c0dc721fabf1012793d8f5130cc38ac6e1451a1652bf394d,0.1597592086,if6_consensus_when_public_priors_concordant_with_d4
aayl51,aayl51:0003051:bb3547f117fd,bb3547f117fd502ca567bbc56aaad25e247bbf3f4ea7ea1ee2f14022536b6b43,0.5053638816,if6_consensus_when_public_priors_concordant_with_d4
aayl51,aayl51:0003052:d4a1da06b0a4,d4a1da06b0a4513abb3c56f0ec20dcc53020ac142ee33da586891a7478513aba,0.4291888773,if6_consensus_when_public_priors_concordant_with_d4
aayl51,aayl51:0003053:eed60be1f728,eed60be1f72856c9d7e9dba02ca687233ebbc5b7f8d09e72f6fac0ede3864132,0.170872882,if6_consensus_when_public_priors_concordant_with_d4
aayl51,aayl51:0003054:aaf401729365,aaf401729365f36b51a1881b4ddcdd2cffb7fa11b0a55e6c6df3f0a91194e59a,0.2470479161,if6_consensus_when_public_priors_concordant_with_d4
aayl51,aayl51:0003055:21dadcc895c1,21dadcc895c1aaf304cadf33ee5de2c961da3d3521c5188c98a72f685a95fbaa,0.3479200304,if6_consensus_when_public_priors_concordant_with_d4
aayl51,aayl51:0003056:096e13620b98,096e13620b98469f983d3a4a5e971466ac7ed3e293f3892c1cf2b1b3d27adb36,0.3375781476,if6_consensus_when_public_priors_concordant_with_d4
aayl51,aayl51:0003057:27e1dbbc6483,27e1dbbc64834c20b0a62864723e0f68ef9cb6f40037784825bdf8adc6581227,0.6526973844,if6_consensus_when_public_priors_concordant_with_d4
aayl51,aayl51:0003058:c5b04fd589d5,c5b04fd589d5d9295dab85e88f7f3b33848dedcdbd57e19091172bfaa8f7dfd4,0.3205989003,if6_consensus_when_public_priors_concordant_with_d4
aayl51,aayl51:0003059:5f9d90bb1c0a,5f9d90bb1c0a70d458f5208610df850623ee45b607b0f7872aa290ceb7a29b94,0.3050088882,if6_consensus_when_public_priors_concordant_with_d4
aayl51,aayl51:0003060:bec794dd4e3c,bec794dd4e3cd5aafd8c649a36a920ec8ada2849b5fca8dd458ffd7a84ea243c,0.4685498178,if6_consensus_when_public_priors_concordant_with_d4
aayl51,aayl51:0003061:0fd8d40f004f,0fd8d40f004f52e70491d274b2c7ed2d7a5a20007aec82bade586f8d6e466499,0.4249440432,if6_consensus_when_public_priors_concordant_with_d4
aayl51,aayl51:0003062:9e732febc6a6,9e732febc6a6f2f47da7aced6449b4df7fc588a20dc2fa729b1e05c8d21ae606,0.6964575648,if6_consensus_when_public_priors_concordant_with_d4
aayl51,aayl51:0003063:db9a6011b6db,db9a6011b6db3636f99e41faeff0370fb8ea83da3cc8f113eb09d9584320b37a,0.6580998898,if6_consensus_when_public_priors_concordant_with_d4
aayl51,aayl51:0003064:809439e3731f,809439e3731fd8185f3b49ebd3a73ee7a573e74c30747d5cdc874dd99a730669,0.7683106065,if6_consensus_when_public_priors_concordant_with_d4
aayl51,aayl51:0003065:4dbc0ba7c778,4dbc0ba7c778d47d59431c58fad1737394a3ebb48e3622c59950eeb1507b00ce,0.4613722265,if6_consensus_when_public_priors_concordant_with_d4
aayl51,aayl51:0003066:221569b50c73,221569b50c73edb09bcc4f51373e920f341cfd0cb5c3bf248f31ef43aafb7386,0.5738982558,if6_consensus_when_public_priors_concordant_with_d4
aayl51,aayl51:0003067:bc46eb1a5a68,bc46eb1a5a68bd23e9a6a561d4474bb899af2e4d15e34fe0297656fce22f2f85,0.7902291417,if6_consensus_when_public_priors_concordant_with_d4
aayl51,aayl51:0003068:78761ec26733,78761ec267333fe1c19f30f3f2a93f929ca16bb00b102d489f93e726a2badfbb,0.9325461388,if6_consensus_when_public_priors_concordant_with_d4
aayl51,aayl51:0003069:a006889dfa42,a006889dfa42d19c94726ac1161c35cf4ebe6abe94c1b19a8307756be4798169,0.6466774344,if6_consensus_when_public_priors_concordant_with_d4
aayl51,aayl51:0003070:eb9a75f55041,eb9a75f55041a16d188d56809ccced84b176f9fd3fc7dca3b175b22594fb0e56,0.9097013474,if6_consensus_when_public_priors_concordant_with_d4
aayl51,aayl51:0003071:90a82fbf553b,90a82fbf553b62749342b4e778c6f12dc0cf20a4eed493f2b772aadeebde4099,0.5908003449,if6_consensus_when_public_priors_concordant_with_d4
aayl51,aayl51:0003072:e3d6809ebcb0,e3d6809ebcb0e997be84d005ff4ac45c396b75482ba65dfa861a9848bccdf1ec,0.8342208862,if6_consensus_when_public_priors_concordant_with_d4
aayl51,aayl51:0003073:f34e0412c891,f34e0412c8911c8e25e86e560a99ec0e044a60d6edcea55f470f20a73da5a9e2,0.6931388378,if6_consensus_when_public_priors_concordant_with_d4
aayl51,aayl51:0003074:73f8b9434ea4,73f8b9434ea44a3a17355a711768805909aa2cc63b8c208326b22ed93dfb6035,0.8116847873,if6_consensus_when_public_priors_concordant_with_d4
aayl51,aayl51:0003075:fee2152d570f,fee2152d570fe5428aaf07f355dc0660ddadc15c4637cfe71165441172694376,0.6124874949,if6_consensus_when_public_priors_concordant_with_d4
aayl51,aayl51:0003076:b7712e78f35e,b7712e78f35e865006ca8a4af449be25b64aac03cda0409418a4d5c694afc843,0.9594041705,if6_consensus_when_public_priors_concordant_with_d4
aayl51,aayl51:0003077:d9dfd87aee98,d9dfd87aee98439e1702b649e7330066f5ad91a5703dcff8754641d4058f273a,0.4232461452,if6_consensus_when_public_priors_concordant_with_d4
aayl51,aayl51:0003078:8da2cf8ddee0,8da2cf8ddee0206220a019bc67e24d00c4a4982eba041bfbddc953e0d405dd69,0.867561996,if6_consensus_when_public_priors_concordant_with_d4
aayl51,aayl51:0003079:4c4723326337,4c4723326337fccd6bcd44aeb237aa7801c1fe1ba1c7925aad271a98dfa0546c,0.4575904906,if6_consensus_when_public_priors_concordant_with_d4
aayl51,aayl51:0003080:84cdd958d247,84cdd958d2476f2ec93d476efa58d72374ec4db66bc9375b06058914c588e297,0.5842401385,if6_consensus_when_public_priors_concordant_with_d4
aayl51,aayl51:0003081:795afb3dd825,795afb3dd825c52b2682cd7ccc252e651acb530520274aafd77860fbd2a73539,0.6950682998,if6_consensus_when_public_priors_concordant_with_d4
aayl51,aayl51:0003082:4989f32008cc,4989f32008ccfbe0fb7c7caac7542a1e3cc9670f71bedd074f8806bc8a73a40e,0.9471328259,if6_consensus_when_public_priors_concordant_with_d4
aayl51,aayl51:0003083:786903d688e6,786903d688e696412e284f96274848be6655b70dcfd7cdd0b04dae7a5a7d55ff,0.4203133583,if6_consensus_when_public_priors_concordant_with_d4
aayl51,aayl51:0003084:0a32d273747b,0a32d273747b307bc073246d2650867a3c39f13f3c381b44e46a217d4d8bc000,0.8562167287,if6_consensus_when_public_priors_concordant_with_d4
aayl51,aayl51:0003085:753ca1727d2e,753ca1727d2ec0a9ce11db9f028e2b084b1798a33d02ecfafd6c93b4bbba3546,0.8903295398,if6_consensus_when_public_priors_concordant_with_d4
aayl51,aayl51:0003086:c1d327f1456d,c1d327f1456d639181fdaa2abacbca81c1824215946ea3f43ce5237bca176575,0.4291116893,if6_consensus_when_public_priors_concordant_with_d4
aayl51,aayl51:0003087:12fa0656eaa4,12fa0656eaa4adec36436c84652eac415d294a36573ca3b114aea1545d5295e4,0.7635641098,if6_consensus_when_public_priors_concordant_with_d4
aayl51,aayl51:0003088:e4ca538aec08,e4ca538aec0838c61c1c0e697691e8121b84557b2b3e1ad33176d7f832f46f42,0.3270047009,if6_consensus_when_public_priors_concordant_with_d4
aayl51,aayl51:0003089:c9b26b97419c,c9b26b97419c9cffd1f654681b22bfd3dc3a47f368a329386e7019c7186b52bc,0.2698155344,if6_consensus_when_public_priors_concordant_with_d4
aayl51,aayl51:0003090:0e4568c131f3,0e4568c131f355718ae122434951adfa2779529e449a7b170c14a55986a1727f,0.6068534255,if6_consensus_when_public_priors_concordant_with_d4
aayl51,aayl51:0003091:44933fecdb49,44933fecdb49cea843ac309bd38f5852ac212cfc550aa220630eb4ad4529e7c8,0.5053638816,if6_consensus_when_public_priors_concordant_with_d4
aayl51,aayl51:0003092:756305dd7b02,756305dd7b021b8ba2fa1433332020a786f018dd5233fcc605be382ab858d11e,0.7498648763,if6_consensus_when_public_priors_concordant_with_d4
aayl51,aayl51:0003093:c23cbe0675cf,c23cbe0675cf61d6abfeda1d634ac4a81300c4e0011675cfd60943e3e03e394c,0.586864233,if6_consensus_when_public_priors_concordant_with_d4
aayl51,aayl51:0003094:61318df2772e,61318df2772e001fbe8ddf1edd917a3420f734e0eb086f8476d8fcc2af9b0f5d,0.4848344624,if6_consensus_when_public_priors_concordant_with_d4
aayl51,aayl51:0003095:1d74154b2370,1d74154b2370fef0a8ca50ae757861f97757efc893d3fac17c4aa6fdf209a942,0.6719920039,if6_consensus_when_public_priors_concordant_with_d4
aayl51,aayl51:0003096:3afd5acb5be7,3afd5acb5be78bd0063df68bc8272d79aed0e008655259d4fe5a568c15861c34,0.6222891212,if6_consensus_when_public_priors_concordant_with_d4
aayl51,aayl51:0003097:130d8bf785c6,130d8bf785c6cc5e5a160dd41136eba1d12c25416382f3b60226396389507905,0.8481901288,if6_consensus_when_public_priors_concordant_with_d4
aayl51,aayl51:0003098:9909607143fe,9909607143fef11ecc988e4308fa64df560a3081c4115954e987264d7be15eef,0.6624990106,if6_consensus_when_public_priors_concordant_with_d4
aayl51,aayl51:0003099:ca9d3bca0d75,ca9d3bca0d755304f63db4bd54ab8b3a28c88ac4dbc8536ed169b035845b76e8,0.863471508,if6_consensus_when_public_priors_concordant_with_d4
aayl51,aayl51:0003100:03bf0f7893b1,03bf0f7893b1ad92a4045883c581d321d10da2f7c2b5585cbffc906a71f6ad4d,0.7011653781,if6_consensus_when_public_priors_concordant_with_d4
aayl51,aayl51:0003101:d9361ab3c7de,d9361ab3c7de70ada4c38496e26ab77c958e195f5f28ce687aabb4f0cba20a4f,0.8458747864,if6_consensus_when_public_priors_concordant_with_d4
aayl51,aayl51:0003102:00f505ba63f3,00f505ba63f3baff8e9efca93735933e27d2b17bf9d85990394b8e0bee452d25,0.7791154981,if6_consensus_when_public_priors_concordant_with_d4
aayl51,aayl51:0003103:30ada0dd7a65,30ada0dd7a6568f5a50e7be1c95f6ecc62971d1bfdc7fd351a88f3935bd37d29,0.6602608562,if6_consensus_when_public_priors_concordant_with_d4
aayl51,aayl51:0003104:69973c4c44ca,69973c4c44ca41a60f79c51204efc9e07c7560f33c97eab7b7654cd025e96573,0.7882997394,if6_consensus_when_public_priors_concordant_with_d4
aayl51,aayl51:0003105:c6797d3db3cc,c6797d3db3cc8c0ff94a2e3d645351fd539adc436c0087743681423eb9798e06,0.9221270084,if6_consensus_when_public_priors_concordant_with_d4
aayl51,aayl51:0003106:91108600b120,91108600b1200b820f64e13b0ec30a8bb3a793f4d57af5b6566d9144200423fc,0.9206606746,if6_consensus_when_public_priors_concordant_with_d4
aayl51,aayl51:0003107:12161191ba6d,12161191ba6d675338b3a6c479b626d3fbd58cdd064abcb15f354268f7396a01,0.8333718777,if6_consensus_when_public_priors_concordant_with_d4
aayl51,aayl51:0003108:ce2caeafb361,ce2caeafb361b56fc5e9af0a9b110bc16728f146fe9337803315e22983d83f62,0.5813845992,if6_consensus_when_public_priors_concordant_with_d4
aayl51,aayl51:0003109:6afe3eb5bf8d,6afe3eb5bf8df6b3213671c9811a1cdd482183e482eae1836db147ac93fb59ba,0.4304237068,if6_consensus_when_public_priors_concordant_with_d4
aayl51,aayl51:0003110:70f5dc57258d,70f5dc57258de35b1ffbf49983a67a098dfe96de8c72b2cb9ea226b76b9bbe1c,0.5605464578,if6_consensus_when_public_priors_concordant_with_d4
aayl51,aayl51:0003111:ac9e6c2c1c84,ac9e6c2c1c84df400167822db2ea76bfe06e5b13318f8da5010368ead18fe7e1,0.6225206256,if6_consensus_when_public_priors_concordant_with_d4
aayl51,aayl51:0003112:20d05b14e3f1,20d05b14e3f1a9b6bd9401cae421b5c90a828cb24b8b3a9d8164960ccf939861,0.6351779103,if6_consensus_when_public_priors_concordant_with_d4
aayl51,aayl51:0003113:e5cb34963fc2,e5cb34963fc229fa959dc7df08ee9f0e687a85b6f0feb22f73c5556cd5ca0f02,0.5555298328,if6_consensus_when_public_priors_concordant_with_d4
aayl51,aayl51:0003114:f3bc2d13fd00,f3bc2d13fd00e034532a1b0489660d2d047bcdbff4024a99a27678a17e4f9bdb,0.7166782022,if6_consensus_when_public_priors_concordant_with_d4
aayl51,aayl51:0003115:e4efda866745,e4efda866745c0d3c78a01df05b01001904c4f81e16bcd66042b92a76c955d0a,0.7761827111,if6_consensus_when_public_priors_concordant_with_d4
aayl51,aayl51:0003116:7eada36f03ae,7eada36f03aeec2ecc3464498feb96fa8bbeb24d3debaeee621e03a15759a01e,0.8420930505,if6_consensus_when_public_priors_concordant_with_d4
aayl51,aayl51:0003117:39ed924d7760,39ed924d7760bbc7dfac95f9204c5afafa069b8a6262c4ef50b622216250d450,0.8183992505,if6_consensus_when_public_priors_concordant_with_d4
aayl51,aayl51:0003118:8571f7cebd3f,8571f7cebd3f10979402284d2ff77c09e7038f23e35a2b928b975c408b061042,0.7108126283,if6_consensus_when_public_priors_concordant_with_d4
aayl51,aayl51:0003119:1685fd07dade,1685fd07dade3ca94aceec9dc7595f2d85e6be5401bb0106f8ffeecc1344651a,0.8636258245,if6_consensus_when_public_priors_concordant_with_d4
aayl51,aayl51:0003120:9dd00abb701d,9dd00abb701d04c2362414a957a3eefb45883da77f38458b93f9e85a38d4c366,0.6957629323,if6_consensus_when_public_priors_concordant_with_d4
aayl51,aayl51:0003121:986dde741963,986dde741963c7e46a5b12c34e2c2e851de0f87e99226f9e7fb57bf1a84965ed,0.8275063634,if6_consensus_when_public_priors_concordant_with_d4
aayl51,aayl51:0003122:0a7495a77a4d,0a7495a77a4de4a4ae11c727386902d3740e712af81596caefbbeb8e64081341,0.782048285,if6_consensus_when_public_priors_concordant_with_d4
aayl51,aayl51:0003123:93820c259422,93820c259422bf7d069139f5c17a8cbbe199719b62242db1e12530d1dd4017df,0.6361811757,if6_consensus_when_public_priors_concordant_with_d4
aayl51,aayl51:0003124:f05f7afcae2c,f05f7afcae2c169f4adf4b904794fc03daeafab7febf227030f318b6d52e9b0c,0.802577734,if6_consensus_when_public_priors_concordant_with_d4
aayl51,aayl51:0003125:8e1ca07a04d1,8e1ca07a04d19c0922c2ab6123586b2d11d1c101aff01effbb98a52a33e4fdf8,0.6470633149,if6_consensus_when_public_priors_concordant_with_d4
aayl51,aayl51:0003126:534f02aa5b0a,534f02aa5b0abdea3b8e51098c15eef648fbef41ec4454b041075a5947039013,0.530138135,if6_consensus_when_public_priors_concordant_with_d4
aayl51,aayl51:0003127:0c0bb95afeda,0c0bb95afedafa95b3ebf771421020866f986527e18183f8cf5f399a54583498,0.6361811757,if6_consensus_when_public_priors_concordant_with_d4
aayl51,aayl51:0003128:685d0c21d6fb,685d0c21d6fb359285d57f52b236df2905c2e2d9b891303b2141e24de9773ed7,0.3441382945,if6_consensus_when_public_priors_concordant_with_d4
aayl51,aayl51:0003129:11cd31f9cacf,11cd31f9cacf73cf5a324e94b40d28abeda245e7b514296b608b3c12317bbd03,0.7525661588,if6_consensus_when_public_priors_concordant_with_d4
aayl51,aayl51:0003130:a8ef40543696,a8ef4054369655a303f2cc91a888b2371a54a908eff53d19497ea6102f08cd72,0.4680867493,if6_consensus_when_public_priors_concordant_with_d4
aayl51,aayl51:0003131:474aded5a343,474aded5a343f3ca8f09decd8be5a7de0a1146978c9621d8b76b760e6e09210d,0.6895886064,if6_consensus_when_public_priors_concordant_with_d4
aayl51,aayl51:0003132:91a58087629c,91a58087629c3b7d74bddbadad4cc9014bd3aee5dd02b875f5bcb14f8fe40f73,0.8822258115,if6_consensus_when_public_priors_concordant_with_d4
aayl51,aayl51:0003133:0cac899e54fe,0cac899e54fe522e0066b73dedcb94d566d6fbbd44f39c979ef057a2342ae61f,0.8343752027,if6_consensus_when_public_priors_concordant_with_d4
aayl51,aayl51:0003134:8e8a63e7550c,8e8a63e7550c61408f700a73d5d0fcee4a860d9c2a2f3a82013ea78c4d0dcd80,0.8852357864,if6_consensus_when_public_priors_concordant_with_d4
aayl51,aayl51:0003135:e4d5d579e727,e4d5d579e72721172a3593a8e3c44c78577e3cadf8e82c316141555795122333,0.9781585336,if6_consensus_when_public_priors_concordant_with_d4
aayl51,aayl51:0003136:fc5693562fe5,fc5693562fe5bddbd9b80d874e0851a3d9b9447a61af3447ffe53af493b04a6c,0.8789842725,if6_consensus_when_public_priors_concordant_with_d4
aayl51,aayl51:0003137:8df74d80ed09,8df74d80ed09bd8526cb74b2c94ddc762339c0ccb97f5ad741175d2ffaddea08,0.6480666995,if6_consensus_when_public_priors_concordant_with_d4
aayl51,aayl51:0003138:7da09046444c,7da09046444c962ac5abc2f3055c4b2bf91e66bddb543890ce46ecf478c02886,0.6390368342,if6_consensus_when_public_priors_concordant_with_d4
aayl51,aayl51:0003139:993f00168837,993f0016883797ea801a0648dadae1890a8b2233f8f701242b5b4d121e3cdde8,0.8830747604,if6_consensus_when_public_priors_concordant_with_d4
aayl51,aayl51:0003140:6937a67a0faf,6937a67a0fafe045e19ee05b3bba2fa560f6ec8bf715522c56a931dc5f6dbc5d,0.9587867856,if6_consensus_when_public_priors_concordant_with_d4
aayl51,aayl51:0003141:66b5d6fe325c,66b5d6fe325ce495f02df7bcfdd877945c43ba042f912f27a490cdfeffcc14cb,0.8815312386,if6_consensus_when_public_priors_concordant_with_d4
aayl51,aayl51:0003142:fdcff392fc6b,fdcff392fc6bb47f4408768ca381bd932bdef4bc8600956f7def0ced5c6a7afe,0.9712124467,if6_consensus_when_public_priors_concordant_with_d4
aayl51,aayl51:0003143:c8f4b53d9fb2,c8f4b53d9fb25d58819808b6cf17e9201166eb3caa3f9d68517e97740ae98897,0.6849579811,if6_consensus_when_public_priors_concordant_with_d4
aayl51,aayl51:0003144:ea369d39fa5e,ea369d39fa5e7465ae37c7a9a9b6ccff4dfafda769cae6c132060c85ff436099,0.4971058369,if6_consensus_when_public_priors_concordant_with_d4
aayl51,aayl51:0003145:71a63c13061e,71a63c13061ec607421cee39bb18cd7f9cfd99c6a2df9af5ee7c2f6326c43328,0.9837925434,if6_consensus_when_public_priors_concordant_with_d4
aayl51,aayl51:0003146:0290deeb278b,0290deeb278bc961f931682db5e2a36bcd706d20379d585b0ed865bce4165681,0.7153661847,if6_consensus_when_public_priors_concordant_with_d4
aayl51,aayl51:0003147:c923f7849e34,c923f7849e341d8657fdca97ad105580a0828849d65ead8da4432576e4811e95,0.6137995124,if6_consensus_when_public_priors_concordant_with_d4
aayl51,aayl51:0003148:df5a45895e25,df5a45895e2547d76e24800c733f927296eb3d189f2c5d165c44dccf85350fe3,0.7986416817,if6_consensus_when_public_priors_concordant_with_d4
aayl51,aayl51:0003149:e721517c6618,e721517c661840b9db7a2fdf34b824dd853172708428c774b6e21600f65056af,0.8934938908,if6_consensus_when_public_priors_concordant_with_d4
aayl51,aayl51:0003150:57367a6d0bfd,57367a6d0bfd32faa83b2111806e315d1a263a2aa2fe0f1824609bfc9a0f3c15,0.7867562175,if6_consensus_when_public_priors_concordant_with_d4
aayl51,aayl51:0003151:2efbb7f4ce61,2efbb7f4ce61d2b03647bbe4e2826d0b1bb33f48c3427b871d402acc997876ca,0.9452033639,if6_consensus_when_public_priors_concordant_with_d4
aayl51,aayl51:0003152:94a69be47dc8,94a69be47dc85b1a7617d166ac7ad901587577b36ebb0f48cfbf252abaa09e54,0.7077255249,if6_consensus_when_public_priors_concordant_with_d4
aayl51,aayl51:0003153:5f1ad4df477b,5f1ad4df477b3a7f1ba9e5762b5834043d2abdc957eb0aa2782d32f01e27f2f7,0.8555221558,if6_consensus_when_public_priors_concordant_with_d4
aayl51,aayl51:0003154:4ad647375c29,4ad647375c295e6a723d73f645ee621dc7d716c074c2377716e9a4ccf4d51aba,0.7000077367,if6_consensus_when_public_priors_concordant_with_d4
aayl51,aayl51:0003155:2f559b707e26,2f559b707e262d5615041a96da7fb67e4fed883ad447d40f3cbfe8f3395362ac,0.6358724833,if6_consensus_when_public_priors_concordant_with_d4
aayl51,aayl51:0003156:7176f95e30de,7176f95e30de63c1b95fc663d53b277ff95b38d04a731938d0402e0dfc9ca6aa,0.9236705899,if6_consensus_when_public_priors_concordant_with_d4
aayl51,aayl51:0003157:068a8b0b5605,068a8b0b56054219e6fac5e6b1ec19ac9d86f9358c5bafade131763afdb03c2b,0.7382881641,if6_consensus_when_public_priors_concordant_with_d4
aayl51,aayl51:0003158:2878ae0e61e4,2878ae0e61e4635b661f1efdb4d419e00f09e74c60401c7674010183089364df,0.5813073516,if6_consensus_when_public_priors_concordant_with_d4
aayl51,aayl51:0003159:8e3d1bbb0340,8e3d1bbb0340cd8a04592a09256d8ab38c73491ec86d9cddcdb9ce5f0309b78a,0.8941113353,if6_consensus_when_public_priors_concordant_with_d4
aayl51,aayl51:0003160:04b003173eb8,04b003173eb89bdf7c0c15d4c4c4f078eb3910bc986f96ee926208b76520cc1a,0.54881531,if6_consensus_when_public_priors_concordant_with_d4
aayl51,aayl51:0003161:4172ab501688,4172ab501688826164f65f49777245a88ded9bd2ef9654157f516f42427a4cb1,0.8175503612,if6_consensus_when_public_priors_concordant_with_d4
aayl51,aayl51:0003162:5569fcc9953f,5569fcc9953f1b6cba05995d2efd241508fcc02e848be063579ef749e67a55f8,0.7391371727,if6_consensus_when_public_priors_concordant_with_d4
aayl51,aayl51:0003163:ed43b0302881,ed43b03028810bc86af93710addcecc60ce38d2f4f5a5fdccc29465406f888e7,0.6350235343,if6_consensus_when_public_priors_concordant_with_d4
aayl51,aayl51:0003164:8d16921880ce,8d16921880ced0d68f123b1d6307ae6c61e8aa32bce74b3bf10c7018a6e9f999,0.5949680209,if6_consensus_when_public_priors_concordant_with_d4
aayl51,aayl51:0003165:289d22333d5d,289d22333d5d01b7a2d4d0acef19754fbc24a934e8502c5b266e341262642761,0.9761518836,if6_consensus_when_public_priors_concordant_with_d4
aayl51,aayl51:0003166:f44f433501f1,f44f433501f15076516389682ae2eab7c958e8e5e6c909451f0087d2ae6353af,0.3966195583,if6_consensus_when_public_priors_concordant_with_d4
aayl51,aayl51:0003167:1ab9c361333d,1ab9c361333dbb91e94585b8e769a87592a7393809f704bc765b1fb41b981cab,0.4165315926,if6_consensus_when_public_priors_concordant_with_d4
aayl51,aayl51:0003168:c4652a255c87,c4652a255c87e41ff2ac80591f58e366a15c66d6e09f2fcf6c626090a9589107,0.6488384604,if6_consensus_when_public_priors_concordant_with_d4
aayl51,aayl51:0003169:af4782545b57,af4782545b577ba0b8215480b1db814a309ba08559f62365ecbe22dffebb758d,0.4641506672,if6_consensus_when_public_priors_concordant_with_d4
aayl51,aayl51:0003170:f15ae468ced9,f15ae468ced915c714d412cc5e760084b4a6ecf9add92469af008c6a462bac06,0.9056880474,if6_consensus_when_public_priors_concordant_with_d4
aayl51,aayl51:0003171:c7aade1f6713,c7aade1f67131b0789111e6c6906926da5557096ecf2c91eaee27f110fdfa847,0.8476498723,if6_consensus_when_public_priors_concordant_with_d4
aayl51,aayl51:0003172:0849eca79323,0849eca79323d5bb9eb41d661b6e176c4a05817836d49a76ea64f85e7d960667,0.667206943,if6_consensus_when_public_priors_concordant_with_d4
aayl51,aayl51:0003173:0f7e604beda6,0f7e604beda695c582703ea4fc406a683d0da80b9c6a0595457ae0be218dd235,0.6081654429,if6_consensus_when_public_priors_concordant_with_d4
aayl51,aayl51:0003174:ec93b52368de,ec93b52368de8cecdf342496e2580813a9039aeb780ed85da5040e9e7a660731,0.978544414,if6_consensus_when_public_priors_concordant_with_d4
aayl51,aayl51:0003175:8fb1adc6e1f9,8fb1adc6e1f9456a33900b785c6971e45f6d45a716ea81d713b564059cba384d,0.5132360458,if6_consensus_when_public_priors_concordant_with_d4
aayl51,aayl51:0003176:852597e21728,852597e21728192a9ed4057cd28bd07162a30f23185a34bbe85250af6ac65723,0.7291039824,if6_consensus_when_public_priors_concordant_with_d4
aayl51,aayl51:0003177:ba27df10767f,ba27df10767f55b6ff87edcfc2fedb961dd9e92c36616e163e27be3778b77718,0.9818630815,if6_consensus_when_public_priors_concordant_with_d4
aayl51,aayl51:0003178:617088bf67fd,617088bf67fd5766df2c2037ed732a1255a6358ba374ee724a2ab2a8888db930,0.8863162994,if6_consensus_when_public_priors_concordant_with_d4
aayl51,aayl51:0003179:0400970cbc34,0400970cbc340f088aed8cc6f770e031255b8636752de3b1bb2e15ab70b4c1ab,0.7652235031,if6_consensus_when_public_priors_concordant_with_d4
aayl51,aayl51:0003180:cb27ed0b9494,cb27ed0b9494552e6162e78c4d03317feeac3f976f525ae9c63abe1e61e827db,0.9613336921,if6_consensus_when_public_priors_concordant_with_d4
aayl51,aayl51:0003181:d7bcbc4820b4,d7bcbc4820b448458731cba2da43a900c3d89d929df30cd58ab9345e80411e14,0.7603611946,if6_consensus_when_public_priors_concordant_with_d4
aayl51,aayl51:0003182:7e04dd0189fb,7e04dd0189fb63fd1067297f9d25fd83c35c3e9c785fc2cf4c7fe7838c4e68e6,0.9302307963,if6_consensus_when_public_priors_concordant_with_d4
aayl51,aayl51:0003183:db397a25a5b1,db397a25a5b10bbdf465e5448b0eada687aa3ce19fda939d7b212ae90e5ddd66,0.5182526708,if6_consensus_when_public_priors_concordant_with_d4
aayl51,aayl51:0003184:347b0b03f653,347b0b03f6539b5008607ba5134e32a7a2159f4f34a59f1426fd67fcb3cdad7e,0.7279462814,if6_consensus_when_public_priors_concordant_with_d4
aayl51,aayl51:0003185:ccf4e937adb4,ccf4e937adb4e062ec02d458ebe6121cdc0e2096e50c8e72cd0f99e7bf37aa4c,0.8135371208,if6_consensus_when_public_priors_concordant_with_d4
aayl51,aayl51:0003186:1344a61a62d4,1344a61a62d449d0206039e25d654a88d791d1a13c7c861fa9d404858317d565,0.7943196297,if6_consensus_when_public_priors_concordant_with_d4
aayl51,aayl51:0003187:6313a91bcfe6,6313a91bcfe6f785e4d22f40b7dda068307f679d0fa796c4dc4a8985948c600f,0.9096240997,if6_consensus_when_public_priors_concordant_with_d4
aayl51,aayl51:0003188:2aa256d68fd1,2aa256d68fd1ef5f6329b2aa8acbc530dd46fb265aaa1617fc097582de7861c2,0.8687968254,if6_consensus_when_public_priors_concordant_with_d4
aayl51,aayl51:0003189:9eded6865978,9eded6865978c8dfa50f1cafff7ba30e874b425cc88accf78356bdcf509cb87e,0.8568341732,if6_consensus_when_public_priors_concordant_with_d4
aayl51,aayl51:0003190:23881132b500,23881132b50008af7fc83ab8c1ecc617163e5204adf19f2ad514576024a3063a,0.9203519225,if6_consensus_when_public_priors_concordant_with_d4
aayl51,aayl51:0003191:3b2588d42218,3b2588d422180b4d065ef46830470008deda1fdff7b3b9ef7caa2def222be97e,0.5380875468,if6_consensus_when_public_priors_concordant_with_d4
aayl51,aayl51:0003192:a0d74abb0d44,a0d74abb0d4477522f763d153379518c7e12558afbd3986f47d6cf5e5e007d7a,0.6926757693,if6_consensus_when_public_priors_concordant_with_d4
aayl51,aayl51:0003193:0964deff4257,0964deff42579fc87e6ee202d74158580de8e3067eddcc79c4fd94046d6f8417,0.5664891601,if6_consensus_when_public_priors_concordant_with_d4
aayl51,aayl51:0003194:b8a7aee0e910,b8a7aee0e91066c2643bd13bbba17046a55371d84884ec7c5892758b7d5b1f39,0.7725553513,if6_consensus_when_public_priors_concordant_with_d4
aayl51,aayl51:0003195:b8bb8979ea16,b8bb8979ea1670a7f69e834a83f73562025d40296c294413dfbbcb944f1008a4,0.721540451,if6_consensus_when_public_priors_concordant_with_d4
aayl51,aayl51:0003196:2a0b61617735,2a0b61617735d9a2ce72b90dda2a43c712dc80fe974390cf34eb43bdc87f205c,0.8396233916,if6_consensus_when_public_priors_concordant_with_d4
aayl51,aayl51:0003197:efd8c53a8ba5,efd8c53a8ba52d1a4c773da06c521557f63455645996b3bbe8cb4eaab740ffb6,0.8107586503,if6_consensus_when_public_priors_concordant_with_d4
aayl51,aayl51:0003198:d174ba245a2b,d174ba245a2b2c94c9476b2a394a23fc42e6b2f04535735ae20b6dce36642cbf,0.6067762971,if6_consensus_when_public_priors_concordant_with_d4
aayl51,aayl51:0003199:e10760a9982a,e10760a9982a9b4a6d9eb8b40ad3125d1ce5703e29f93b18baabd91263597e7d,0.9709036946,if6_consensus_when_public_priors_concordant_with_d4
aayl51,aayl51:0003200:18cccb22aec8,18cccb22aec8530ba84e6c5012d5696c4f206b7c6be9fee6dbd433f41855f78d,0.7806591392,if6_consensus_when_public_priors_concordant_with_d4
aayl51,aayl51:0003201:5ea4a513bd13,5ea4a513bd13409941ff04a87823394b1ff548a05010d1ff8cdc54946c43429d,0.6401944757,if6_consensus_when_public_priors_concordant_with_d4
aayl51,aayl51:0003202:5de96e9169bf,5de96e9169bfbff928ab28e45d581d22904852dab3d9674d292a44813642b68e,0.7096550465,if6_consensus_when_public_priors_concordant_with_d4
aayl51,aayl51:0003203:ce770a6bb619,ce770a6bb6192023cd93bc682900084e0bcc035968473d294d5f35c124f2b6e9,0.5896427035,if6_consensus_when_public_priors_concordant_with_d4
aayl51,aayl51:0003204:42cc393ca321,42cc393ca32171d05232fcbb7aaa8a006620ae39e596d791922fd881c3efc113,0.9409585595,if6_consensus_when_public_priors_concordant_with_d4
aayl51,aayl51:0003205:993992231762,99399223176230ba0a2759cfd59b9ee3d1e63599535071fea52bc30248e6abda,0.7399861217,if6_consensus_when_public_priors_concordant_with_d4
aayl51,aayl51:0003206:4bba10ee6080,4bba10ee6080e4e0d0452e917a7e27b7999bec816dec63192e6e7c56a77de8d8,0.9325460792,if6_consensus_when_public_priors_concordant_with_d4
aayl51,aayl51:0003207:a92af1f133a2,a92af1f133a2fd6e310882acbdab9e20cd9e5cc404f6cc2702eee79991c5a74e,0.8304391503,if6_consensus_when_public_priors_concordant_with_d4
aayl51,aayl51:0003208:643f4e037d61,643f4e037d61bfe7957aa68ff0667d60511e99ee05050d5bf1ffaec211809d9b,0.5404800773,if6_consensus_when_public_priors_concordant_with_d4
aayl51,aayl51:0003209:4674b4e8d34b,4674b4e8d34bab4c4fe44fa497dbe3a497afa16bf946655035ff4d758f30bc34,0.3920660913,if6_consensus_when_public_priors_concordant_with_d4
aayl51,aayl51:0003210:db02e6183394,db02e61833945d86975cf36cacc0f0b23ab7fb4b04728b790cbe5413c4386c5c,0.4867638648,if6_consensus_when_public_priors_concordant_with_d4
aayl51,aayl51:0003211:3a75cfc13a45,3a75cfc13a4511ed09c4935444677b43d07d1e3c26fd29b6af966e32d3557c73,0.5373157263,if6_consensus_when_public_priors_concordant_with_d4
aayl51,aayl51:0003212:823b55bb39e1,823b55bb39e18e6313e27846ca3a66f2a49e43e5c9a7f7e52cf51c498d372699,0.7365130782,if6_consensus_when_public_priors_concordant_with_d4
aayl51,aayl51:0003213:bcd6049501e3,bcd6049501e32eca8123a3f3c75912e0706637e2247ea31e1f3a24cc4dc9123a,0.9481361508,if6_consensus_when_public_priors_concordant_with_d4
aayl51,aayl51:0003214:e829ccdcb120,e829ccdcb1207bdb4edacdd4848516d4a66e0aa1e9bce6dec04139f815a83f43,0.6533920169,if6_consensus_when_public_priors_concordant_with_d4
aayl51,aayl51:0003215:57a968643d9e,57a968643d9ed76a18772eb5fc73ce9cfbc5a2bb9c02596fb6645454c1fe5f10,0.6763139367,if6_consensus_when_public_priors_concordant_with_d4
aayl51,aayl51:0003216:3085d24886fe,3085d24886feda5c923221fb855164d1860b18203bf26ad8b4872d2870cdbcd7,0.8327544332,if6_consensus_when_public_priors_concordant_with_d4
aayl51,aayl51:0003217:b5b2744f45ef,b5b2744f45ef886d3afe53f9edff8e7012f7cfbd0f80f8e04c3614dbaea6c2db,0.8833063245,if6_consensus_when_public_priors_concordant_with_d4
aayl51,aayl51:0003218:57ad80a6a5c6,57ad80a6a5c60571a2849b1a9507f4127171a1f5f59f0db0ce33846ec4180584,0.885853231,if6_consensus_when_public_priors_concordant_with_d4
aayl51,aayl51:0003219:647d4a5761bd,647d4a5761bdc5157e9d3f22167092dbb2965df0f1934ecfccde32b243438cab,0.7424557805,if6_consensus_when_public_priors_concordant_with_d4
aayl51,aayl51:0003220:0c51d46aeab9,0c51d46aeab9cfab02e6c835f3b68d0954f5993b074bb04c6e3c7b2a74bd483e,0.9125569463,if6_consensus_when_public_priors_concordant_with_d4
aayl51,aayl51:0003221:5c2e86220ed0,5c2e86220ed06493efcc2451473d0b32bf8e4fd9be2ad34c9458fcb6e892f2c3,0.7591263652,if6_consensus_when_public_priors_concordant_with_d4
aayl51,aayl51:0003222:5e896383d00f,5e896383d00fbc4b7a532c69d774342d3187d299a909de4aea2b585f27292184,0.80033952,if6_consensus_when_public_priors_concordant_with_d4
aayl51,aayl51:0003223:a620113d222c,a620113d222c0d6e5ff3ae87b3f0ef911dbbb5adb9ba30f15d46596b08d62010,0.6431272626,if6_consensus_when_public_priors_concordant_with_d4
aayl51,aayl51:0003224:e08a62bb0cbf,e08a62bb0cbffc81be2df067a8cde8ac54a9b6ab04c55a60e894cad513524a10,0.9719071388,if6_consensus_when_public_priors_concordant_with_d4
aayl51,aayl51:0003225:bb7e26a286c0,bb7e26a286c0c32d9d940bf544f408f8a4aa3fd3ccb8826a176f3411f4b18d9a,0.7249363065,if6_consensus_when_public_priors_concordant_with_d4
aayl51,aayl51:0003226:b5d5140185ec,b5d5140185ecf74293018e872677d0b2fd7beed8d0346bf73d6508d471bfd914,0.6962259412,if6_consensus_when_public_priors_concordant_with_d4
aayl51,aayl51:0003227:051d23a41736,051d23a417365cc6f8d1c5c080499c42bbc4cc5af80ad70c22c604f2f69801c7,0.8072085381,if6_consensus_when_public_priors_concordant_with_d4
aayl51,aayl51:0003228:0ee6e4cad231,0ee6e4cad23161912389142dd90fdc1d7994eda24f5c77ade529c6b1defdc80c,0.6959944367,if6_consensus_when_public_priors_concordant_with_d4
aayl51,aayl51:0003229:01bbe1d76805,01bbe1d76805325021bd5a94a9ff1011530c3b4cc543eae81a6110cb3631a458,0.7396001816,if6_consensus_when_public_priors_concordant_with_d4
aayl51,aayl51:0003230:cc7f36b6c83f,cc7f36b6c83fefb61656a2d1c67be491669bf8632c80451d57bb602f8898e9eb,0.6815621257,if6_consensus_when_public_priors_concordant_with_d4
aayl51,aayl51:0003231:5649b5ecddcf,5649b5ecddcf0100c03e86ede9a5dae8ef42a47ffc579ad84c26dea9f80e3c1c,0.8298216462,if6_consensus_when_public_priors_concordant_with_d4
aayl51,aayl51:0003232:7bdc4fd55e76,7bdc4fd55e76f135b86e171d341e1c633d8a8f06740b0b9a21ca8d7b49975df8,0.6871960759,if6_consensus_when_public_priors_concordant_with_d4
aayl51,aayl51:0003233:51f4d4142f71,51f4d4142f7195d492b197011592c61aedb0d992510d1a2399a7f2831fbdaf9a,0.7845951915,if6_consensus_when_public_priors_concordant_with_d4
aayl51,aayl51:0003234:96bb6de3fa6b,96bb6de3fa6ba9f091a3eb377d1f53e7bade92c3db431758fbe23345bc5851f5,0.8889403343,if6_consensus_when_public_priors_concordant_with_d4
aayl51,aayl51:0003235:664bba91f0b6,664bba91f0b673785bebeeeb2908ae64d8c87bc14fdeb045d7e662c5be3a2345,0.7798873782,if6_consensus_when_public_priors_concordant_with_d4
aayl51,aayl51:0003236:cbe3f6649338,cbe3f6649338d80627963ee5e370066e745ab0b366c25dfc33ff8bab2308f9c0,0.7890715599,if6_consensus_when_public_priors_concordant_with_d4
aayl51,aayl51:0003237:8907a35cfc06,8907a35cfc061065c2b6888616cb79a368980e5a96244b68141ca99f2b1014ae,0.6257621646,if6_consensus_when_public_priors_concordant_with_d4
aayl51,aayl51:0003238:cce8f05982f7,cce8f05982f7c0022acabc6adaec8b0af98209425f195c17f108311e09ad071c,0.6958401203,if6_consensus_when_public_priors_concordant_with_d4
aayl51,aayl51:0003239:8741720fd2f1,8741720fd2f1bd45d956ccbb9883e1904fd5e359392946db1f56c0c16920147c,0.9871112704,if6_consensus_when_public_priors_concordant_with_d4
aayl51,aayl51:0003240:47a346c7b572,47a346c7b572ea105ef5539657344adaba65e044e53a55f1dee4a9cda8586f3d,0.4600987732,if6_consensus_when_public_priors_concordant_with_d4
aayl51,aayl51:0003241:501f3589720d,501f3589720d3fa22d57b16a51c9b3783f15206f71a72ed79e7eb8a5c307acac,0.6233310103,if6_consensus_when_public_priors_concordant_with_d4
aayl51,aayl51:0003242:84ae5a07a4c1,84ae5a07a4c11f909f3f0d6effcbeeb8f84f6d023792559e5eaeed25a294dd9b,0.7605927587,if6_consensus_when_public_priors_concordant_with_d4
aayl51,aayl51:0003243:40b9a940a8e2,40b9a940a8e26a92b05466dce6891f4545a290ba8737d238eb98a7788e8da0d5,0.9157212377,if6_consensus_when_public_priors_concordant_with_d4
aayl51,aayl51:0003244:64291296c723,64291296c723ded4d490f339a50871880c68db64707355601a2c267c72ae5287,0.5820019841,if6_consensus_when_public_priors_concordant_with_d4
aayl51,aayl51:0003245:602f9dd1c754,602f9dd1c75421bf18a3b7d3ece389b0740e66a6b99fab1be7be69db35b50424,0.8872423768,if6_consensus_when_public_priors_concordant_with_d4
aayl51,aayl51:0003246:449ee7cc6fd2,449ee7cc6fd211ad969893b47df89f553f8a4c6bcbe92536c4003516c01836ff,0.6408891082,if6_consensus_when_public_priors_concordant_with_d4
aayl51,aayl51:0003247:0a27c6f6372c,0a27c6f6372c3d74cc5f80adc51f58826f7d87e797db0d1925cb3c2f5932f08b,0.7189164162,if6_consensus_when_public_priors_concordant_with_d4
aayl51,aayl51:0003248:5029418cc473,5029418cc47384a05374442086125715cef049558128aef8c65b855b7eeea53f,0.4478660524,if6_consensus_when_public_priors_concordant_with_d4
aayl51,aayl51:0003249:5505956a5150,5505956a51509cce963770fbc2719c887371db0e51da0dd0e6bc0aca86c3342b,0.5449563861,if6_consensus_when_public_priors_concordant_with_d4
aayl51,aayl51:0003250:973e6ffc0eea,973e6ffc0eeabeb42688bc6ba79f35202581dcafc2a00d977e0f82e078ba667b,0.6014509201,if6_consensus_when_public_priors_concordant_with_d4
aayl51,aayl51:0003251:9d7ac826842d,9d7ac826842d78a4a315d1f11f0df1892d63c3f4300f2a1d5f231d56b6fa6809,0.846029222,if6_consensus_when_public_priors_concordant_with_d4
aayl51,aayl51:0003252:488f70dd7949,488f70dd79494fba8241e73c99ec9c8e876f895c0a664a25fa4f7530a971f16e,0.6892798543,if6_consensus_when_public_priors_concordant_with_d4
aayl51,aayl51:0003253:e3e876de22f8,e3e876de22f8b73dc8a9758a2a095518df29337fecb8c331cb49e29dbe17dbe5,0.7910010219,if6_consensus_when_public_priors_concordant_with_d4
aayl51,aayl51:0003254:5946691846a3,5946691846a3d9237bd1bcdcb76d405043f88beaeb315c94e0274b79282f015e,0.6230608821,if6_consensus_when_public_priors_concordant_with_d4
aayl51,aayl51:0003255:b7e55c9c0504,b7e55c9c0504e47054e60fc90ebf9e1e0bb18e14ecc0479c9f40b9c5be310c27,0.705178678,if6_consensus_when_public_priors_concordant_with_d4
aayl51,aayl51:0003256:3ab58b8ff9e1,3ab58b8ff9e1104df8e19e3b51bff0f62c0d7d7c7c3b528cb7ebc09c0223066f,0.6655089855,if6_consensus_when_public_priors_concordant_with_d4
aayl51,aayl51:0003257:69184f7ecb25,69184f7ecb25bb0ca51bd952f96ebfc90736ffb54aadbb681822515621dc8619,0.6590259671,if6_consensus_when_public_priors_concordant_with_d4
aayl51,aayl51:0003258:6acd75f081ed,6acd75f081ed2bb5a9a1b2020abb70fdfb96a61e42df93c293162a662221a794,0.7115073204,if6_consensus_when_public_priors_concordant_with_d4
aayl51,aayl51:0003259:c74f5102e8ca,c74f5102e8ca6c1af2d68b7d1fe5a0871ed4259f762674749ca0d62bdbd40ff9,0.8772092462,if6_consensus_when_public_priors_concordant_with_d4
aayl51,aayl51:0003260:691e84aa5bd3,691e84aa5bd3869ea633fdbb4f6c1c98d0777431598015c0f7d7bfe20051dbf6,0.8300532699,if6_consensus_when_public_priors_concordant_with_d4
aayl51,aayl51:0003261:2dbf364adeac,2dbf364adeac2d7029248aac50c6728e0f4ad56824ebf064389465c1bd1495d2,0.9540017247,if6_consensus_when_public_priors_concordant_with_d4
aayl51,aayl51:0003262:03b2ed7abdf9,03b2ed7abdf9f59e8fd42dfd0d0aa1c3abab527884c2e8d62a4f49b91387da56,0.8705718517,if6_consensus_when_public_priors_concordant_with_d4
aayl51,aayl51:0003263:0a2b9d18450e,0a2b9d18450ed50dfbb5e390c2e6c063f523d5402ab88196254451cf9f4b3c39,0.8741993308,if6_consensus_when_public_priors_concordant_with_d4
aayl51,aayl51:0003264:8f4c7f2ac647,8f4c7f2ac647767500d71c42f934c4cbf99a4ab7ddf6f05db1e29337e721a334,0.9209694266,if6_consensus_when_public_priors_concordant_with_d4
aayl51,aayl51:0003265:fb97d3df7c18,fb97d3df7c186fa49190ecf5b2c203c33a7f8a85155fb4f6a3d06dac951ca6a1,0.805742085,if6_consensus_when_public_priors_concordant_with_d4
aayl51,aayl51:0003266:900c01fc599c,900c01fc599c9f050830e475ec952674cfd23cdefeeb3e4dd1b90b33199aece8,0.9222041965,if6_consensus_when_public_priors_concordant_with_d4
aayl51,aayl51:0003267:2879be19a5bc,2879be19a5bc248456c014c4a0f978cf8ecd7e8794d0d72dd570454e1697810a,0.8772864342,if6_consensus_when_public_priors_concordant_with_d4
aayl51,aayl51:0003268:32078f2b9e50,32078f2b9e509cd9e44d76af218dd446d362ed8c5b494aca766231c82b9287d8,0.7845951915,if6_consensus_when_public_priors_concordant_with_d4
aayl51,aayl51:0003269:b1c2b5d736cf,b1c2b5d736cf1e6143057982a9331606333d49f29da4c21e82a343818fdd0747,0.6904376149,if6_consensus_when_public_priors_concordant_with_d4
aayl51,aayl51:0003270:a5797faa7ed2,a5797faa7ed2086ea93667b64b72af27424c27d24658a621fc13c7d08b105661,0.8487303853,if6_consensus_when_public_priors_concordant_with_d4
aayl51,aayl51:0003271:2911373e6a4d,2911373e6a4dac2069776217978159853de669bcf3e4fe1df5a6538aa1cd8ebc,0.6770856977,if6_consensus_when_public_priors_concordant_with_d4
aayl51,aayl51:0003272:0e6c71b9f119,0e6c71b9f11910382ffd503c8808d280141eaf3599889b2d92379ab20fbfa585,0.9355561137,if6_consensus_when_public_priors_concordant_with_d4
aayl51,aayl51:0003273:2a7b69d572c6,2a7b69d572c67677c55e627ff8561a6f2222e76107370b7cd74ebea77f1c7b6c,0.4903140962,if6_consensus_when_public_priors_concordant_with_d4
aayl51,aayl51:0003274:b7161ff6b7af,b7161ff6b7af5984d141e5548a2ad0e56e1381fd6802af98b692959f005730eb,0.8742763996,if6_consensus_when_public_priors_concordant_with_d4
aayl51,aayl51:0003275:81c35e574dbf,81c35e574dbf624c7cbca69547633f0f2c5f3607b710399ff95c30ea6131903f,0.6654317975,if6_consensus_when_public_priors_concordant_with_d4
aayl51,aayl51:0003276:1d93a87bd1a6,1d93a87bd1a63aa2a45e9f5e49fad10d7359cf04958144c94ca6c369d7101045,0.682411015,if6_consensus_when_public_priors_concordant_with_d4
aayl51,aayl51:0003277:c04111dd09f4,c04111dd09f4d97b5ae883ee35ed78298f7ac5217635e47f090711f0b2dbedbf,0.8042756915,if6_consensus_when_public_priors_concordant_with_d4
aayl51,aayl51:0003278:f1b44f5a9158,f1b44f5a9158906c1985b50d809fa1d410f5fd18461894e03f00efaa563d3e78,0.8844640255,if6_consensus_when_public_priors_concordant_with_d4
aayl51,aayl51:0003279:8e5aca63d08c,8e5aca63d08c923aaad6bb1d307c8bf7fb520ef50c38a7a376553c54274f1afc,0.6287720799,if6_consensus_when_public_priors_concordant_with_d4
aayl51,aayl51:0003280:7967ce62585a,7967ce62585aae92db68605464b31ee6e541345f1ab091f0262c417f9967c558,0.6340202093,if6_consensus_when_public_priors_concordant_with_d4
aayl51,aayl51:0003281:ae3b75db4153,ae3b75db41539ef6037df904f782dbad8cb7657ec1a0d0a4ccba1907bad8e8fb,0.5574592948,if6_consensus_when_public_priors_concordant_with_d4
aayl51,aayl51:0003282:80ffd49bea59,80ffd49bea590fd92c2d934680eb795f6c19a0f3b18279420cc5b013af414a8a,0.76375705,if6_consensus_when_public_priors_concordant_with_d4
aayl51,aayl51:0003283:85d7502fe0fe,85d7502fe0fe73d648ba43afa0f764d85356dc864f97dc12009dc7cce743f1c8,0.8349154592,if6_consensus_when_public_priors_concordant_with_d4
aayl51,aayl51:0003284:fc47f5e46eac,fc47f5e46eac9929fd6daece3fbcf9a063f5bb049491275fece0b470c6e34802,0.9101643562,if6_consensus_when_public_priors_concordant_with_d4
aayl51,aayl51:0003285:582b93ef713f,582b93ef713f83d53e7858aa09ef8ee22a4d816ed49f3a89ab3ad9b1d2e057af,0.8594582081,if6_consensus_when_public_priors_concordant_with_d4
aayl51,aayl51:0003286:c109f2f9c2ae,c109f2f9c2ae9a0bc5bc3bc7dce035504da8284244cfa7d2d29fa916144e7e38,0.8075942993,if6_consensus_when_public_priors_concordant_with_d4
aayl51,aayl51:0003287:676a12f763a2,676a12f763a27f0094a4228dda2ba4d3945471b4cf020dee79401435296680f3,0.920892179,if6_consensus_when_public_priors_concordant_with_d4
aayl51,aayl51:0003288:a78932d525aa,a78932d525aa406d797004df936a16d0571e0b2184aa1900e230339b427eca34,0.8472640514,if6_consensus_when_public_priors_concordant_with_d4
aayl51,aayl51:0003289:2aa72eed9b40,2aa72eed9b40bef0f37e1c6afefcd8011ee9735b1b2a156814c05da28bf72dbd,0.6544725299,if6_consensus_when_public_priors_concordant_with_d4
aayl51,aayl51:0003290:3ade160db061,3ade160db0619188440b8b7ad6d03e67f968656eaa8bd542dcbe4cc3d314aabd,0.5755190253,if6_consensus_when_public_priors_concordant_with_d4
aayl51,aayl51:0003291:6319cb950a5e,6319cb950a5edbd2924c4b308497e4201eb1764048b74c53470743d2064a4778,0.4636875689,if6_consensus_when_public_priors_concordant_with_d4
aayl51,aayl51:0003292:34f7c670e81f,34f7c670e81f00543fb13c1d34cf6b2534b40f5dc426a106c6c5cd3aadfa8302,0.6620359421,if6_consensus_when_public_priors_concordant_with_d4
aayl51,aayl51:0003293:ddb863afc0de,ddb863afc0de82eb98f4652286309c9bf9ff99f8404cc84f0880f48404f070d5,0.5243497491,if6_consensus_when_public_priors_concordant_with_d4
aayl51,aayl51:0003294:24bad9831cf3,24bad9831cf36100246c9105d1cc3b3ce77e4efc960a0c458fe2c50151ce78f9,0.5940418243,if6_consensus_when_public_priors_concordant_with_d4
aayl51,aayl51:0003295:1edfbe47c638,1edfbe47c6385d3e9359ac78526a85e7fc85ddd420c0878535097604b58b5140,0.76375705,if6_consensus_when_public_priors_concordant_with_d4
aayl51,aayl51:0003296:6fe2c4c6bd5c,6fe2c4c6bd5c1b3892a389318b11c0df3c6d3ba0fff17f27b650cc8684314864,0.6053099036,if6_consensus_when_public_priors_concordant_with_d4
aayl51,aayl51:0003297:bf596e8e6d1e,bf596e8e6d1e127d969141db0ff55010124d25f68cc631fb14e83d5d73d7c034,0.4927066565,if6_consensus_when_public_priors_concordant_with_d4
aayl51,aayl51:0003298:8c73acbdeff5,8c73acbdeff52ae359a3eb9c576883a35603925ec12e9f5d30a64b65f766d31d,0.6988499761,if6_consensus_when_public_priors_concordant_with_d4
aayl51,aayl51:0003299:020e34d2b39b,020e34d2b39b658d0d50529c7d1f4ba2a2be70f1179558ee8dada4329a1c3a9f,0.6284633875,if6_consensus_when_public_priors_concordant_with_d4
aayl51,aayl51:0003300:e4888857c8d1,e4888857c8d1432ce4eaf4f71874ccd310957a95a78ce2cbc51b7bceaa46c3b4,0.409894228,if6_consensus_when_public_priors_concordant_with_d4
aayl51,aayl51:0003301:03354a8a48ae,03354a8a48aecec2ea5844fc96f8c5ebfa57a5043b8779e65a4d5e5fabbb5f70,0.4843713939,if6_consensus_when_public_priors_concordant_with_d4
aayl51,aayl51:0003302:7a1ba827d25e,7a1ba827d25e2b292d7f0135433d0bd4450263c3d35d5a9f3d51f442417265bb,0.6894342899,if6_consensus_when_public_priors_concordant_with_d4
aayl51,aayl51:0003303:ed7bf23692d8,ed7bf23692d8cd389e7bd8a09b9750e0573ffa4bff9bfca712366e96587affa5,0.4720228612,if6_consensus_when_public_priors_concordant_with_d4
aayl51,aayl51:0003304:c1deedeb078a,c1deedeb078ab8de645d38032ce88e44a4700f43e9d7072e3804726e3afaee19,0.6907463074,if6_consensus_when_public_priors_concordant_with_d4
aayl51,aayl51:0003305:c0a42f25f467,c0a42f25f46740597fbbaff3e6b99f79a3d4789da993bf72caa12ca76061b09e,0.9866481423,if6_consensus_when_public_priors_concordant_with_d4
aayl51,aayl51:0003306:53b379df5928,53b379df59282c2f7840229df6258bf206ba05aeb6fb04d567b0303a14ab8bd9,0.7300300598,if6_consensus_when_public_priors_concordant_with_d4
aayl51,aayl51:0003307:4fa171415875,4fa1714158751ebeb2fad64969dd6219057349c4c21a5565ebfc97f6f073ab02,0.3596511781,if6_consensus_when_public_priors_concordant_with_d4
aayl51,aayl51:0003308:021e5d30408c,021e5d30408c14875eea41682acf66cea359cc3964fea2d660626eed01c3dbe3,0.3424403667,if6_consensus_when_public_priors_concordant_with_d4
aayl51,aayl51:0003309:87b05cc84fff,87b05cc84fff9800d356db45421bf21107e6633c0803fe6bfba18a2b17fa8b98,0.5409431458,if6_consensus_when_public_priors_concordant_with_d4
aayl51,aayl51:0003310:bd3f87221dd7,bd3f87221dd790225d24a5d5666c55df1040bd3f5e0dc80340b4ea0c9adae04c,0.6210542321,if6_consensus_when_public_priors_concordant_with_d4
aayl51,aayl51:0003311:5d38858fd18a,5d38858fd18a018e3069252568166f1e644687ab3b2ff5d58e6442f4a8c56b05,0.7281778455,if6_consensus_when_public_priors_concordant_with_d4
aayl51,aayl51:0003312:6149b3d4ab7b,6149b3d4ab7b863bea49793d98b5c072fa389630dc0537e7b3abef87c21d4e6d,0.6645828485,if6_consensus_when_public_priors_concordant_with_d4
aayl51,aayl51:0003313:b7ea566ad71d,b7ea566ad71d4dc5733aa37f9fa5ce74832d071f125159ffa72c33c11fe898b3,0.8908697963,if6_consensus_when_public_priors_concordant_with_d4
aayl51,aayl51:0003314:74442dc0cfda,74442dc0cfda9f701c1602b5fdec8fda8b5aac21aa8f37e4d745b3964bf5c48b,0.7734815478,if6_consensus_when_public_priors_concordant_with_d4
aayl51,aayl51:0003315:9edc1fc20d5d,9edc1fc20d5d156aaf47d9ab3c3b1be8a68d6af758549bdd48008dee5304ac0a,0.6579455137,if6_consensus_when_public_priors_concordant_with_d4
aayl51,aayl51:0003316:1dd951cf94ab,1dd951cf94ab2f5e0b8f1114551255971051b96bc885bac2b8091f7ed2c43670,0.9209693074,if6_consensus_when_public_priors_concordant_with_d4
aayl51,aayl51:0003317:896c45ce461c,896c45ce461c5f87b13f2d3a1be09b9fb3b729c27d010e214d8e810d5bbcc812,0.7239330411,if6_consensus_when_public_priors_concordant_with_d4
aayl51,aayl51:0003318:e306b9287904,e306b9287904e1736484b5b114e52ec0ec936f648d0d0e8ef09113be3f972616,0.6297754049,if6_consensus_when_public_priors_concordant_with_d4
aayl51,aayl51:0003319:b689eb22f8fa,b689eb22f8faff47ace3b12c6b4bc2e1a04de0c28acd8ea4bcf5bd938a3d210b,0.5258161426,if6_consensus_when_public_priors_concordant_with_d4
aayl51,aayl51:0003320:90bfebd35633,90bfebd356330753babc5c999d4ff25b8af81c4ab1646d2c0dbfd47b2de15dd1,0.8065910339,if6_consensus_when_public_priors_concordant_with_d4
aayl51,aayl51:0003321:29db301d8057,29db301d8057067307b823ce18024723c7b9ca2be76c0e15c9a606cafdf1349a,0.7532607913,if6_consensus_when_public_priors_concordant_with_d4
aayl51,aayl51:0003322:2eb9754db66f,2eb9754db66fa983456af041bea7b4b32a3622431ac9cd9d07689c5e80d416ed,0.6728408933,if6_consensus_when_public_priors_concordant_with_d4
aayl51,aayl51:0003323:6b94fd391553,6b94fd391553c5fa2ebb02b65f74ace7f3551556351ceca1507bee73c7f9fdb9,0.6055414081,if6_consensus_when_public_priors_concordant_with_d4
aayl51,aayl51:0003324:5a2e316f4b91,5a2e316f4b91282a1210cf9183df5c1e214085b309498657a2f1a522c328c0de,0.9844099879,if6_consensus_when_public_priors_concordant_with_d4
aayl51,aayl51:0003325:6ea6d298b121,6ea6d298b12137a225165878b5b2ed6d94269e64be1d0e4f42d3d2f80cdcd935,0.8018059731,if6_consensus_when_public_priors_concordant_with_d4
aayl51,aayl51:0003326:ec0500b3ebf3,ec0500b3ebf3a99eba076bab22b318ee3b83a5ed02c311eb0d99818995a5cef1,0.9340896606,if6_consensus_when_public_priors_concordant_with_d4
aayl51,aayl51:0003327:d1b274344537,d1b274344537ee291524fc1e78f02bd9f0a245f27875bf616ce1944c80d9cad9,0.7926989198,if6_consensus_when_public_priors_concordant_with_d4
aayl51,aayl51:0003328:9baaa4f85d87,9baaa4f85d8770df707acba8885f6c16138cfefe89f5934bbe76433a1639a9c9,0.8937253952,if6_consensus_when_public_priors_concordant_with_d4
aayl51,aayl51:0003329:b66844c6f570,b66844c6f57087789b38235143ca927f21268f71ab7fd7bd80fc8c2d136ced63,0.4411514997,if6_consensus_when_public_priors_concordant_with_d4
aayl51,aayl51:0003330:54891655cf2d,54891655cf2d44409f7ac5e5f8338405572318c51d622de4484140131cedac47,0.4397622645,if6_consensus_when_public_priors_concordant_with_d4
aayl51,aayl51:0003331:9aa3a111eb1c,9aa3a111eb1c4fe43f3caa329adce3f524b58bff7ccd3a71b0a9327ba52aa757,0.4007872343,if6_consensus_when_public_priors_concordant_with_d4
aayl51,aayl51:0003332:5a96d272eac1,5a96d272eac12379f69dbf01e2207ebe57d6cc584f18737164dfcc26be2c83ea,0.2942039073,if6_consensus_when_public_priors_concordant_with_d4
aayl51,aayl51:0003333:30cc08618dee,30cc08618deeed0d7df7301689d0554917d36ef3f0d4cdf78e35f0ec262702da,0.4555067122,if6_consensus_when_public_priors_concordant_with_d4
aayl51,aayl51:0003334:c8ece43f7a0c,c8ece43f7a0c7ccc7f63f8ebb71a3ee3c34ee96f8f442809c611c25c9876e704,0.547811985,if6_consensus_when_public_priors_concordant_with_d4
aayl51,aayl51:0003335:70d088bc57a9,70d088bc57a991ca45c75f8cbb98a76601a1c40ae520a5429acf2810aadaa355,0.5093771815,if6_consensus_when_public_priors_concordant_with_d4
aayl51,aayl51:0003336:49d51a75614f,49d51a75614fbc9de5282d7f1e9396370ab6351ef6abde6cd6279d72ae3bec93,0.6317048669,if6_consensus_when_public_priors_concordant_with_d4
aayl51,aayl51:0003337:231211bf5a19,231211bf5a19a27d30c164d5afb4bc93a032093fcb7828ecb77e43ac742d0ef1,0.4711739123,if6_consensus_when_public_priors_concordant_with_d4
aayl51,aayl51:0003338:d8d1c0c9afce,d8d1c0c9afce9ba027306bbcfdb05a9cd9f7f37ea95fb8b25ee089231dd36b96,0.8853129745,if6_consensus_when_public_priors_concordant_with_d4
aayl51,aayl51:0003339:20f007aab66a,20f007aab66a78ef37f6469e8f4c9da16753a2573392c2a980cbff51c6831be3,0.7056417465,if6_consensus_when_public_priors_concordant_with_d4
aayl51,aayl51:0003340:ddd34f0a654d,ddd34f0a654d2dd1244ae95f16eb98b9abf77c06a2996fee37d9576c2c0ba406,0.7033264041,if6_consensus_when_public_priors_concordant_with_d4
aayl51,aayl51:0003341:34ebb7fe9d49,34ebb7fe9d492d2ba6635e125b84483210a4d86a3970f8f417979a340813f197,0.6664350629,if6_consensus_when_public_priors_concordant_with_d4
aayl51,aayl51:0003342:92c162ed0166,92c162ed016671ef96ada2c2ab49e17d16450cc85ea9bb73ad24da9113fe0657,0.3415914476,if6_consensus_when_public_priors_concordant_with_d4
aayl51,aayl51:0003343:bad487371e69,bad487371e695672b5ab2738ce36bbd926f2dc1c8542bc195edb94e90a7b3dd0,0.3790229261,if6_consensus_when_public_priors_concordant_with_d4
aayl51,aayl51:0003344:e6fa4914ed52,e6fa4914ed526662cb864db818c1c53d6b4f781be21042d783e0f5e936f883e2,0.4949448109,if6_consensus_when_public_priors_concordant_with_d4
aayl51,aayl51:0003345:787f7ef328ac,787f7ef328acb3aeb633addf8fcb4a0c634ca89b959707a8e83747302b310ea9,0.8401636481,if6_consensus_when_public_priors_concordant_with_d4
aayl51,aayl51:0003346:5129bb5433c6,5129bb5433c6118ab07fb85438cbbab6756faf09759c259d8d40e7bfae0062a1,0.2951686382,if6_consensus_when_public_priors_concordant_with_d4
aayl51,aayl51:0003347:8d875bd743c5,8d875bd743c530acc46cc3016b1f937866a43c5587e490317873c051f3a5b9bd,0.2910395861,if6_consensus_when_public_priors_concordant_with_d4
aayl51,aayl51:0003348:c5f6ff4f0b53,c5f6ff4f0b53b1790f926916c143657adb40b022a4b35e4f817a1a3f83625619,0.3807208538,if6_consensus_when_public_priors_concordant_with_d4
aayl51,aayl51:0003349:e8ea9bb4fbc5,e8ea9bb4fbc5f56d896855a4aebed4115dfa28f219e2c1f6009ea918a32e7880,0.4948676527,if6_consensus_when_public_priors_concordant_with_d4
aayl51,aayl51:0003350:f0052ce2a163,f0052ce2a16329a0d16d80c41b9e4683174f1482622c83e1a1abcd6f8390d9bc,0.7764143348,if6_consensus_when_public_priors_concordant_with_d4
aayl51,aayl51:0003351:efe19b1dedd9,efe19b1dedd97e27f29aeead463876fb167ff6c43d1ca07d115cb3def53ea11f,0.6531605124,if6_consensus_when_public_priors_concordant_with_d4
aayl51,aayl51:0003352:a3813b38cdcc,a3813b38cdcc90e3063d37bedb30d52ac43dc48be02f151d6f560bb120673d37,0.6799027324,if6_consensus_when_public_priors_concordant_with_d4
aayl51,aayl51:0003353:9306749ec655,9306749ec655321adccb7b08ed5ba19835c298b6df514f94b0d45b528f6d7bd5,0.3300918341,if6_consensus_when_public_priors_concordant_with_d4
aayl51,aayl51:0003354:b866a94eeb54,b866a94eeb54ed9d5909e5b4e3aa4b4a8819fb430a354d61ffd3b0aaae169134,0.604306519,if6_consensus_when_public_priors_concordant_with_d4
aayl51,aayl51:0003355:06418df29027,06418df29027f3193bbd1caddfd4a094b3a73b6b70bed723d806eb5a71417f09,0.8947286606,if6_consensus_when_public_priors_concordant_with_d4
aayl51,aayl51:0003356:e0b419a81f56,e0b419a81f565b5a160f383afc83c7ce1f37617319bf5ebe190952625d68a452,0.4370610714,if6_consensus_when_public_priors_concordant_with_d4
aayl51,aayl51:0003357:5ce7bc00361b,5ce7bc00361b3b175a1a3e3b6f4c5f76790ba74f239d960db0fb4bb114a2792d,0.688662529,if6_consensus_when_public_priors_concordant_with_d4
aayl51,aayl51:0003358:8f02b2d7ebf1,8f02b2d7ebf1a476e2e53157d9c0ed4ea54a0c65c1754d337f50ec5a7a6a7a50,0.7659180164,if6_consensus_when_public_priors_concordant_with_d4
aayl51,aayl51:0003359:e19e55d3e309,e19e55d3e3091b874d203014dc5783eec00b5de85fcb3d1d2f0f0af3c28b9847,0.4338195622,if6_consensus_when_public_priors_concordant_with_d4
aayl51,aayl51:0003360:9e9559eb0f24,9e9559eb0f2405d94222e00fcd5e3cdf802959063a28817e599ab29c3835a416,0.7293354869,if6_consensus_when_public_priors_concordant_with_d4
aayl51,aayl51:0003361:3bda4b66770b,3bda4b66770bdcfe8fb4100024b17161274310747a4dc12eb835086d23e6164c,0.7826657295,if6_consensus_when_public_priors_concordant_with_d4
aayl51,aayl51:0003362:6a895499ae84,6a895499ae84368cca7b46ffe2696100c8f42b4a18bd5115896dc0c685a310da,0.9137918353,if6_consensus_when_public_priors_concordant_with_d4
aayl51,aayl51:0003363:42e5c2e1e475,42e5c2e1e475207885b106b167444e6c9b435c74e1660e83da978e773690ae82,0.6673612595,if6_consensus_when_public_priors_concordant_with_d4
aayl51,aayl51:0003364:d9cc1649c9fc,d9cc1649c9fc1d2f22710978b6949d325abbd52218d5d5fee3a26370ce22eb65,0.4033341408,if6_consensus_when_public_priors_concordant_with_d4
aayl51,aayl51:0003365:b3ae9d169e41,b3ae9d169e41b19d7365457d9a2e9972e9c6bb9c14f9db3722ae4c9464275afb,0.8356872201,if6_consensus_when_public_priors_concordant_with_d4
aayl51,aayl51:0003366:eebe5338f53e,eebe5338f53edabec164055fc50ae9b9ba6ea750e73e0bebea63338373fc58e0,0.8772091866,if6_consensus_when_public_priors_concordant_with_d4
aayl51,aayl51:0003367:94e0b609e0d3,94e0b609e0d338be41f144c9373e8d77c6a1ceadf6ac1ccac07fe8a1b4cce497,0.882920444,if6_consensus_when_public_priors_concordant_with_d4
aayl51,aayl51:0003368:26ee76cbac3f,26ee76cbac3f66299ae175a7e5e0c44b53f3506b4df3b77aadf0debb370c076c,0.6227521896,if6_consensus_when_public_priors_concordant_with_d4
aayl51,aayl51:0003369:a0385d5e5022,a0385d5e5022413a00cba688e7836ae9cba76fdbfd09d873b040269259a7d99c,0.7168326378,if6_consensus_when_public_priors_concordant_with_d4
aayl51,aayl51:0003370:1bdf480f2a78,1bdf480f2a78444ff9efd19307f2bf466110cc48230a6e62fd73119c5f37fa51,0.8639345169,if6_consensus_when_public_priors_concordant_with_d4
aayl51,aayl51:0003371:3e0a71640219,3e0a71640219b86cbcc5939ea521ae5fed03f04715ea3eca518cd2c538184046,0.8536698222,if6_consensus_when_public_priors_concordant_with_d4
aayl51,aayl51:0003372:54ee806a2968,54ee806a29680cc54ef5cd990c690e9c75086d14fd5c56a061c1f6c551fa93a6,0.7874507904,if6_consensus_when_public_priors_concordant_with_d4
aayl51,aayl51:0003373:6b5cbe049acd,6b5cbe049acd0ffb59d7012ae2cae5bb7e3a1bacd5f717580addc8a7bf6e880c,0.458902508,if6_consensus_when_public_priors_concordant_with_d4
aayl51,aayl51:0003374:f319e0d16687,f319e0d16687f20abda24259d2a4fb19136afa0188d92410fae80ca9b15516af,0.4924751222,if6_consensus_when_public_priors_concordant_with_d4
aayl51,aayl51:0003375:16f5359d7fb9,16f5359d7fb99593e1211778145ee4fc3278b094367647aef8c4daf59018f2dc,0.8265030384,if6_consensus_when_public_priors_concordant_with_d4
aayl51,aayl51:0003376:4bd5ec6483d2,4bd5ec6483d2e4c947ed1bd5376b081a9158d4635872a86b25e426cc5c44a92b,0.323145777,if6_consensus_when_public_priors_concordant_with_d4
aayl51,aayl51:0003377:1aa61a93a01e,1aa61a93a01e338a41958197f9c31b1d3953e423455431c61c5449d0d92ea44f,0.4436211884,if6_consensus_when_public_priors_concordant_with_d4
aayl51,aayl51:0003378:da4434a23ddc,da4434a23ddcd51764ce02bed585e1c0fb03f949c860f05fcb8c8eda7f047f5d,0.4612178802,if6_consensus_when_public_priors_concordant_with_d4
aayl51,aayl51:0003379:0e38c855aa41,0e38c855aa411f1a8e7bebb83563cf96e5f53f14ee45b27ad2f27a08a1f3989d,0.8373851776,if6_consensus_when_public_priors_concordant_with_d4
aayl51,aayl51:0003380:ea0d83598746,ea0d8359874679b9d88fd119010ffb116a5cd7aa22ac0516c7d58339ddf35d8d,0.782974422,if6_consensus_when_public_priors_concordant_with_d4
aayl51,aayl51:0003381:31ebe1d817e9,31ebe1d817e98a1f6fd26888d080670daefd6629eafdb6f5504c85b37e3ec6c5,0.4454735219,if6_consensus_when_public_priors_concordant_with_d4
aayl51,aayl51:0003382:a4aefeaa3928,a4aefeaa39285a3ecbc655bc0cedbfb33bad8d934c1a91e2af7f12d6438b7f98,0.8320598602,if6_consensus_when_public_priors_concordant_with_d4
aayl51,aayl51:0003383:dd95fdca43c9,dd95fdca43c927ae2bd4cec7504bea6a1d9aef1270515dafffdb13507b707fa1,0.7319595218,if6_consensus_when_public_priors_concordant_with_d4
aayl51,aayl51:0003384:e8ce12b995b1,e8ce12b995b126ca782b37dce05fa19ce755bee2d40d5d5a165bd5f35c900a63,0.7561935782,if6_consensus_when_public_priors_concordant_with_d4
aayl51,aayl51:0003385:ee86db43a04d,ee86db43a04d1728440df76499bdad9d1c5dd82056a2771bf82f75bea782d337,0.5420235991,if6_consensus_when_public_priors_concordant_with_d4
aayl51,aayl51:0003386:f8dd908e57c4,f8dd908e57c4ce0aa1b6d5dcdef84218ed02832fcb6c1a10a7c606a918632453,0.8117620349,if6_consensus_when_public_priors_concordant_with_d4
aayl51,aayl51:0003387:787ea215fd87,787ea215fd876ce0f6988f6e75828661876b1919d7658bd9ac649bb5c584a1a0,0.8870108724,if6_consensus_when_public_priors_concordant_with_d4
aayl51,aayl51:0003388:ca7de3434672,ca7de3434672d0a37ec092f4814bab54ab5672d1405b431c1127711325371220,0.8342980742,if6_consensus_when_public_priors_concordant_with_d4
aayl51,aayl51:0003389:ddf5ac086ad5,ddf5ac086ad56f28062caef93f45c488232e4fedb500d856e0c7694ddc58bd5b,0.7178359032,if6_consensus_when_public_priors_concordant_with_d4
aayl51,aayl51:0003390:dfa8a2b1c056,dfa8a2b1c0560af27c4b790c8c2dd3825ecfb099202cb1d85f7581f7c0421702,0.7306475639,if6_consensus_when_public_priors_concordant_with_d4
aayl51,aayl51:0003391:895f65ba4b66,895f65ba4b66e59ae78104dc9c15a8488d1019e65f244b4507f6bec65cac7e04,0.7828200459,if6_consensus_when_public_priors_concordant_with_d4
aayl51,aayl51:0003392:909f2d6caec4,909f2d6caec4b974301063eea5fe82d7042360032a5ebcbca44ee5a0fed6a1f1,0.6677085757,if6_consensus_when_public_priors_concordant_with_d4
aayl51,aayl51:0003393:6ec06cf8aa14,6ec06cf8aa14b3d43ae6449fc33e3cbe4e41ecc29d93a9e3c64900d79882d0b3,0.9291502833,if6_consensus_when_public_priors_concordant_with_d4
aayl51,aayl51:0003394:9b421abe620b,9b421abe620b0eced67445dede19f9d1a6b8aef23c04afc400cbc9eeb163597c,0.8912556767,if6_consensus_when_public_priors_concordant_with_d4
aayl51,aayl51:0003395:a1ea56627aaf,a1ea56627aafc43436babc085aed7295f9b83a0ddbf39cc263867f95413f914e,0.8971984386,if6_consensus_when_public_priors_concordant_with_d4
aayl51,aayl51:0003396:f0d53c67a6f5,f0d53c67a6f542b916db223b5b2ef0454f4b77aafe97b623a50dd07799cb0716,0.9112448692,if6_consensus_when_public_priors_concordant_with_d4
aayl51,aayl51:0003397:c08a2ed6f582,c08a2ed6f582902c96b6b187fca1537c3f68a02e49364ed28b69e9d645b829df,0.9710581303,if6_consensus_when_public_priors_concordant_with_d4
aayl51,aayl51:0003398:cfa569e6190a,cfa569e6190aab07c2a372be7dce2ce6a29389d0a1ec8d6b88d88ae335ddbeaa,0.818939507,if6_consensus_when_public_priors_concordant_with_d4
aayl51,aayl51:0003399:6765afa2236e,6765afa2236e05a4c158f020d56fdea13d4648c6cabe0e0c81e743796799396a,0.7290653586,if6_consensus_when_public_priors_concordant_with_d4
aayl51,aayl51:0003400:c7f8791f633d,c7f8791f633d0b22916c000c8aefda31c942adf9ca58e0984d7e67dea11dd151,0.8791387081,if6_consensus_when_public_priors_concordant_with_d4
aayl51,aayl51:0003401:737f10b4ce5e,737f10b4ce5e550886ff99ddca92d775511373c1ae7d18d7066db0631a8d753f,0.8454889655,if6_consensus_when_public_priors_concordant_with_d4
aayl51,aayl51:0003402:2cdd88131e96,2cdd88131e966f752696729d2919f6bf6f30906248fabd64e78ad8fb4695d373,0.5401713252,if6_consensus_when_public_priors_concordant_with_d4
aayl51,aayl51:0003403:afc16aa1e7a0,afc16aa1e7a007ddb9d58ff540bcde8fee79518cb9a6f09973a44627eadd5098,0.8650922775,if6_consensus_when_public_priors_concordant_with_d4
aayl51,aayl51:0003404:05e94fd50ee7,05e94fd50ee7a9fbf92b133a0454762ad15caa951bdab541691b2eeec5a2a16b,0.9829435349,if6_consensus_when_public_priors_concordant_with_d4
aayl51,aayl51:0003405:585f0fa00bf4,585f0fa00bf4843d5c716e9f07a97e0202302c47857ebc47d4de1cefc4792da9,0.9164158702,if6_consensus_when_public_priors_concordant_with_d4
aayl51,aayl51:0003406:51359051bac1,51359051bac122f14f1277d877852ee6894bb4cb88458cc129f64421a4aab3ab,0.6569421887,if6_consensus_when_public_priors_concordant_with_d4
aayl51,aayl51:0003407:fabe954c9992,fabe954c9992f20748d4e9d5f0014e9fe8f897ef00f3d20c6e074050c364b6c8,0.5196418762,if6_consensus_when_public_priors_concordant_with_d4
aayl51,aayl51:0003408:e0abaf8823af,e0abaf8823af5b02f58f893743e966bb66bcee8626e73736aeb3dfb35d843c17,0.5760592818,if6_consensus_when_public_priors_concordant_with_d4
aayl51,aayl51:0003409:ea5d9550401f,ea5d9550401fecb7424374a7d328cf971455b99d9abf9d80a2b9c270ebc5cf93,0.6403488517,if6_consensus_when_public_priors_concordant_with_d4
aayl51,aayl51:0003410:ffe994b6e2db,ffe994b6e2db27a54c03e6b13360f7f5a2542cdcd35c6636b1cfa49ae3856a17,0.8024234176,if6_consensus_when_public_priors_concordant_with_d4
aayl51,aayl51:0003411:db56e5b00b74,db56e5b00b74cf15884aae33a239d11c419a1e7e2dd6bc6116c7ed2b7c3e1743,0.7725553513,if6_consensus_when_public_priors_concordant_with_d4
aayl51,aayl51:0003412:19683a5379c8,19683a5379c8c7961a4d64aa11846e0a1f2175891d1b0b8acfea25b76f1218e5,0.862468183,if6_consensus_when_public_priors_concordant_with_d4
aayl51,aayl51:0003413:eda9eb070a7e,eda9eb070a7ec585ec5a8329d7b7e31b644b206560ed39164ae37dd81a4bbd20,0.981400013,if6_consensus_when_public_priors_concordant_with_d4
aayl51,aayl51:0003414:da76a32e12e1,da76a32e12e1e48799887603a615a0c9a880eef4504a3ef170ef583f33281c02,0.963957727,if6_consensus_when_public_priors_concordant_with_d4
aayl51,aayl51:0003415:e8abdb81949e,e8abdb81949e345f7bb8ebfdbc26389002ee281f016d16f4f28d04a9aacf6752,0.6530832648,if6_consensus_when_public_priors_concordant_with_d4
aayl51,aayl51:0003416:9b9214044518,9b92140445185b238720ff466d19eaf5f114c3b25073fbd404e88f2537b6b7c1,0.7444624901,if6_consensus_when_public_priors_concordant_with_d4
aayl51,aayl51:0003417:0d4420ab2f7b,0d4420ab2f7b9cb1c0373eb92dc19a840bc2c45b1f0ab5d3ac6ea6293217c41b,0.9299991727,if6_consensus_when_public_priors_concordant_with_d4
aayl51,aayl51:0003418:b20233032d96,b20233032d960e86f66c9b617c284d68bae481fa9b08f88567b15dd2ca0583cd,0.6939877868,if6_consensus_when_public_priors_concordant_with_d4
aayl51,aayl51:0003419:249f62691189,249f626911894ded04118a4d7215c9fd463c6ddf45a4888a7909685ef046fd20,0.9449718595,if6_consensus_when_public_priors_concordant_with_d4
aayl51,aayl51:0003420:771f332a5325,771f332a53251555b37d50d9afd9ddbd8c5a8044c4d41f5b4c69ea25d2fa5039,0.7249363065,if6_consensus_when_public_priors_concordant_with_d4
aayl51,aayl51:0003421:7967db248a2e,7967db248a2eca20e9b7295f6cce1e8346f71c18950d8708e9f66c5717413d54,0.9519950747,if6_consensus_when_public_priors_concordant_with_d4
aayl51,aayl51:0003422:35a4e141d569,35a4e141d5693819f3b02b63f308dece79cdf3e8abae8dda36a1e6159167779b,0.5921123624,if6_consensus_when_public_priors_concordant_with_d4
aayl51,aayl51:0003423:9605dea10f42,9605dea10f429fd7ebcc0720d33ace6ba5be4ae90283496b0e19530afc060189,0.9295361638,if6_consensus_when_public_priors_concordant_with_d4
aayl51,aayl51:0003424:8ac2ccd83c6e,8ac2ccd83c6e7b41e665c6724b68ab25efa947611e321a272c2c6bffaeaa5cf8,0.8744308352,if6_consensus_when_public_priors_concordant_with_d4
aayl51,aayl51:0003425:843a5a3c4baa,843a5a3c4baad3b690b36b6f06bf8aee78fffbb2c7d74c92555c3e0e38048cf3,0.9357876182,if6_consensus_when_public_priors_concordant_with_d4
aayl51,aayl51:0003426:ef05c5cbbc7f,ef05c5cbbc7fa9be35410d4a526d56f1e3916c79a760754492e389c8692d56e6,0.7332715988,if6_consensus_when_public_priors_concordant_with_d4
aayl51,aayl51:0003427:a7b2cd7f286f,a7b2cd7f286ff0ba8368ae79928365f78c63f5bbd327ad8710bb1cda1929511b,0.9009801745,if6_consensus_when_public_priors_concordant_with_d4
aayl51,aayl51:0003428:4dc1d2030684,4dc1d20306841be8fbd4fc3d67b9bcb1dfcc52e205a140b11f007d54b1a17201,0.8799104691,if6_consensus_when_public_priors_concordant_with_d4
aayl51,aayl51:0003429:507c145afda6,507c145afda6a6a393c1b001533e23f93a6c01d5b06fe624ff247ab90d92ca61,0.9758431911,if6_consensus_when_public_priors_concordant_with_d4
aayl51,aayl51:0003430:b06c67349073,b06c67349073c4b7c257e42588cd52ab248c87c2cd6197e36a24b6c3d437b444,0.5731264949,if6_consensus_when_public_priors_concordant_with_d4
aayl51,aayl51:0003431:e319e0e0d7b0,e319e0e0d7b0de10a387a64ec1ffe61386669a91a7c9af2797a934d4662b1f18,0.7253993154,if6_consensus_when_public_priors_concordant_with_d4
aayl51,aayl51:0003432:31b683ce80fe,31b683ce80fec2fa8b8956dcb769acadb8320343ef13924d735d138eac907550,0.6472949386,if6_consensus_when_public_priors_concordant_with_d4
aayl51,aayl51:0003433:76796af2bcd2,76796af2bcd24580d483a00fe2608fe2621861b29574d83f59d03b9870e4a601,0.7693910599,if6_consensus_when_public_priors_concordant_with_d4
aayl51,aayl51:0003434:3da25c9e9e00,3da25c9e9e00ea92ba70353771140c9ab6aa8d7aa8347894d088ac7b86a7af1d,0.7329629064,if6_consensus_when_public_priors_concordant_with_d4
aayl51,aayl51:0003435:bb61089fa1e4,bb61089fa1e49c8b1edc161dbbff3eeb3ddae7965723de558312730d2e614570,0.7487844825,if6_consensus_when_public_priors_concordant_with_d4
aayl51,aayl51:0003436:885b0cfec672,885b0cfec672e3a948fd7c7a0af0358f299b683d00ececafee49715ea509e722,0.8820714355,if6_consensus_when_public_priors_concordant_with_d4
aayl51,aayl51:0003437:e08299e80f54,e08299e80f54188ffcb49721a2a75d0a0a758949da3a42207bf3be1a8d7f2df3,0.6047696471,if6_consensus_when_public_priors_concordant_with_d4
aayl51,aayl51:0003438:a31be76870db,a31be76870db8fd46cdca9c83ee2ded1e05b2563c46dc48afe3f48f02830c799,0.8693370819,if6_consensus_when_public_priors_concordant_with_d4
aayl51,aayl51:0003439:ff6899e0821d,ff6899e0821db140f7a953572fac7437ba01fed084600cc94f4401cdb2a3b799,0.8525121808,if6_consensus_when_public_priors_concordant_with_d4
aayl51,aayl51:0003440:2bea186353b1,2bea186353b1df9f2d5adb2be8c86c558c0a87a2e4407513d7730e2a5b48627f,0.6986184716,if6_consensus_when_public_priors_concordant_with_d4
aayl51,aayl51:0003441:a31b90a8d569,a31b90a8d569979df9808a4cc92f8828542d09c447e99489a8e2a25748212da3,0.6888168454,if6_consensus_when_public_priors_concordant_with_d4
aayl51,aayl51:0003442:b580b97a02d0,b580b97a02d0841a2667a525a369dcec428c5b87446f948abd0a2c1438d4144d,0.5275912881,if6_consensus_when_public_priors_concordant_with_d4
aayl51,aayl51:0003443:182e51550fc3,182e51550fc333b4db2735eec3e92208e95ce0252fbc77d316cce96b843bc4cc,0.6221347451,if6_consensus_when_public_priors_concordant_with_d4
aayl51,aayl51:0003444:86cbdbcb2bfc,86cbdbcb2bfcce285e6416ad86ba00c940385440d791a618737165688a6f9488,0.7008566856,if6_consensus_when_public_priors_concordant_with_d4
aayl51,aayl51:0003445:6b786fc16d3d,6b786fc16d3d28a32938ea287e54f6343c54578406c1342f2eeeb92c1cb3faf8,0.8236474991,if6_consensus_when_public_priors_concordant_with_d4
aayl51,aayl51:0003446:fe860c6cd5ee,fe860c6cd5ee1df53ee69776807089b2b263ed3646c3ba9da7e9f8ba6eea2e3d,0.5835455656,if6_consensus_when_public_priors_concordant_with_d4
aayl51,aayl51:0003447:63a4e467f4dc,63a4e467f4dc4e44e150c7d3c10dd53250546277e5b61afa8140fcbf946c511a,0.381955713,if6_consensus_when_public_priors_concordant_with_d4
aayl51,aayl51:0003448:1300a3fc12f5,1300a3fc12f5b3ad2e1a01eb8bdb9ad1f33fdf825815c3541990887cbf8a8939,0.9306166768,if6_consensus_when_public_priors_concordant_with_d4
aayl51,aayl51:0003449:8319f61091a1,8319f61091a11731354d3d06a7a1b99e5250611dfd4c190979e05e67a4db029a,0.6008335352,if6_consensus_when_public_priors_concordant_with_d4
aayl51,aayl51:0003450:e4f625e6e1cd,e4f625e6e1cd5f0b62b458573c21e8c2f1587d8ac538f127dd7dc4139f0697d7,0.2782279849,if6_consensus_when_public_priors_concordant_with_d4
aayl51,aayl51:0003451:683043fded92,683043fded92221a5eced593fa171abd04a4a41359d034377a4e17ac260bf1b8,0.3080188334,if6_consensus_when_public_priors_concordant_with_d4
aayl51,aayl51:0003452:2f1b7a14de0e,2f1b7a14de0e29fc4f2cc0fb5e1b76818880a9232c1e42040b39279ffb4b54af,0.4265647829,if6_consensus_when_public_priors_concordant_with_d4
aayl51,aayl51:0003453:81442047b4ce,81442047b4cedff59b6e87a372eb18590587d06ddadfc032137337fec61cbdb1,0.5730878711,if6_consensus_when_public_priors_concordant_with_d4
aayl51,aayl51:0003454:c469925d6f32,c469925d6f329b59f02c9dcd27215cfc3dc68d02cc76e3040fbde046a162910b,0.3954619169,if6_consensus_when_public_priors_concordant_with_d4
aayl51,aayl51:0003455:5623d795b230,5623d795b230982b5c5ab362ee6ae4b66e1d0c29207a952d9c8787edd0c6ec5b,0.5062900186,if6_consensus_when_public_priors_concordant_with_d4
aayl51,aayl51:0003456:2e53b67402bd,2e53b67402bd76214ee6e0ae97b6cd3df5e15c54723995a6f127a3aac88cf5ac,0.4606776237,if6_consensus_when_public_priors_concordant_with_d4
aayl51,aayl51:0003457:98584a800626,98584a800626416b3316edd682019dbac532c82062ac9a2c189f5ddbf5ad3a97,0.7479355335,if6_consensus_when_public_priors_concordant_with_d4
aayl51,aayl51:0003458:a5bf3988f2ef,a5bf3988f2ef8e2b03c391369f289c33c98ba74e71c0b4609dbc9653532174cc,0.6091687679,if6_consensus_when_public_priors_concordant_with_d4
aayl51,aayl51:0003459:167de2d036ba,167de2d036bae5849072e0b7d5b4f86c9c69bec52dc94ad6b780e108ebcb04dd,0.9624140859,if6_consensus_when_public_priors_concordant_with_d4
aayl51,aayl51:0003460:f392b8719269,f392b8719269cc2f9fb27d64b4dafc4298cbe19fcaeb0fd871d133214dd1a979,0.9663502574,if6_consensus_when_public_priors_concordant_with_d4
aayl51,aayl51:0003461:b54b01e8c016,b54b01e8c0166527c2772382824302d6dd75eb1931b714add8cf42944e2931fa,0.8314425349,if6_consensus_when_public_priors_concordant_with_d4
aayl51,aayl51:0003462:58883551d5f6,58883551d5f62ba52577becd4825d0809150adef8d0d405b4d93e5d6bffba61b,0.7610557675,if6_consensus_when_public_priors_concordant_with_d4
aayl51,aayl51:0003463:9961c0a31e59,9961c0a31e59f4f6a81910f94080befdda8e49594cbaf384cd13a23788449831,0.9222814441,if6_consensus_when_public_priors_concordant_with_d4
aayl51,aayl51:0003464:3248240bb60a,3248240bb60ab06a55fd797341a2ad57d398696b857e068fd89348b82a33b3ca,0.5005788207,if6_consensus_when_public_priors_concordant_with_d4
aayl51,aayl51:0003465:a0445c87d392,a0445c87d3928fe8219182f7bbb62323e732245a55dd33c9649902aa26e215d6,0.4244810045,if6_consensus_when_public_priors_concordant_with_d4
aayl51,aayl51:0003466:c2f5579241ae,c2f5579241aec9a03a398188f3dfb6a3a271fa411f11ecf024d437b588dcfc67,0.3824187815,if6_consensus_when_public_priors_concordant_with_d4
aayl51,aayl51:0003467:953cfc259be7,953cfc259be721930c55330aabf5f95cc71977c970ca455114b1b16885045e80,0.5708883405,if6_consensus_when_public_priors_concordant_with_d4
aayl51,aayl51:0003468:f5aff84a1800,f5aff84a1800732c6aec0af077379fa7c754d6f431f16f1dd20b586cfe19f63a,0.9316971302,if6_consensus_when_public_priors_concordant_with_d4
aayl51,aayl51:0003469:d7390e13b4ba,d7390e13b4ba9a0042f95eaba42c99758e530de31ab1641af8000f69081e2c6b,0.5760592818,if6_consensus_when_public_priors_concordant_with_d4
aayl51,aayl51:0003470:cbbf2af1d39b,cbbf2af1d39b71bb9ddf6d4ed90a9b2b7aaa5a79262c4e9421760f6c40b16e2d,0.6190475821,if6_consensus_when_public_priors_concordant_with_d4
aayl51,aayl51:0003471:257ec655608c,257ec655608c9c418b658a038ab713714189f20eacd307065a0ff041d8861741,0.6896657944,if6_consensus_when_public_priors_concordant_with_d4
aayl51,aayl51:0003472:b950923101ba,b950923101ba1a318e1c44482cc51d6707ce0cccb35ad044f685d2f5b8568b1c,0.8211777806,if6_consensus_when_public_priors_concordant_with_d4
aayl51,aayl51:0003473:087f851cfae2,087f851cfae20abd3f4712320018a0cea7386967a8c8382b38f06219ecd7d514,0.7669213414,if6_consensus_when_public_priors_concordant_with_d4
aayl51,aayl51:0003474:3e2b0ffa2007,3e2b0ffa200702e1c07083524490e9023884ab5f728191156b23592799bbd6c5,0.8681793213,if6_consensus_when_public_priors_concordant_with_d4
aayl51,aayl51:0003475:bdcce50dc773,bdcce50dc77307de3aa34e1aa5e4fd33e6527b5ed0cbc2528e905063e6353197,0.8176276088,if6_consensus_when_public_priors_concordant_with_d4
aayl51,aayl51:0003476:b8f45d26ff63,b8f45d26ff6319b30cf52d1a89e944505a1254fe9ca1008665fd30cd03ac2a86,0.7613645196,if6_consensus_when_public_priors_concordant_with_d4
aayl51,aayl51:0003477:820dbd76a773,820dbd76a773f956ff2f6e4ea67da0ee8784df8ba87754987dd09101322c60fb,0.7845951915,if6_consensus_when_public_priors_concordant_with_d4
aayl51,aayl51:0003478:70369e8cf0cf,70369e8cf0cf6311375305e3f94f1d320f7f553c6d4a7b9038110091f3be534a,0.8785212636,if6_consensus_when_public_priors_concordant_with_d4
aayl51,aayl51:0003479:30ac28a5337e,30ac28a5337e80824bc1c1d446acd22ed88a4c96735a76889d4f176d1bf94e3f,0.7805819511,if6_consensus_when_public_priors_concordant_with_d4
aayl51,aayl51:0003480:963f57901a0c,963f57901a0cd1236ac4b7a02e5f8ec0c6c3a591171d922233adc4c5dcc34ac8,0.9458978772,if6_consensus_when_public_priors_concordant_with_d4
aayl51,aayl51:0003481:1ac52294a369,1ac52294a3695374e221922f6ea9262257654e83b02003bbc9d9af58bfdb5ea7,0.6136451364,if6_consensus_when_public_priors_concordant_with_d4
aayl51,aayl51:0003482:52ff30ce6276,52ff30ce627652cec8099e3d21dac2005e58e4696f7fb6116cf31c52f8975b40,0.7494790554,if6_consensus_when_public_priors_concordant_with_d4
aayl51,aayl51:0003483:dd67998bcc2e,dd67998bcc2e05e67d103fbf8858c0964b430b92c18605ad005c539a8bd62e07,0.7087288499,if6_consensus_when_public_priors_concordant_with_d4
aayl51,aayl51:0003484:472562cdd1ff,472562cdd1ff3f0e4ef71c04d23be7caa063d12294c34f02e3382e8367dfd463,0.8486532569,if6_consensus_when_public_priors_concordant_with_d4
aayl51,aayl51:0003485:b48d0d5dc618,b48d0d5dc618d2ca78178383e37fde69128005404aa443f8cc3c1ef2ccbc9ddf,0.858068943,if6_consensus_when_public_priors_concordant_with_d4
aayl51,aayl51:0003486:d22904b5b0f0,d22904b5b0f0df0a40f7564b12ddf0b2797c2022bbe2135ac3ffcc3b1c8fc39b,0.9152581692,if6_consensus_when_public_priors_concordant_with_d4
aayl51,aayl51:0003487:03ea0f125c54,03ea0f125c5422e4208723f85952f01947ec8feeb4a2d3e9cef42f0db7d8f5b7,0.9478273988,if6_consensus_when_public_priors_concordant_with_d4
aayl51,aayl51:0003488:50c83b461378,50c83b461378df6c2fe4a9d2479d0fc2ef4481248394b984ff9dd4ae34843477,0.7220036387,if6_consensus_when_public_priors_concordant_with_d4
aayl51,aayl51:0003489:4ce6e1761c13,4ce6e1761c13c2eb0c2bc32bea5005e580fd78fe4e0cc3a64dad662e11427a58,0.8708034158,if6_consensus_when_public_priors_concordant_with_d4
aayl51,aayl51:0003490:9c6a4901fb35,9c6a4901fb3510b49acde3fac0a2cf154e9fcaab8bf72e0f0d31f0e1bc39e8c1,0.7631395459,if6_consensus_when_public_priors_concordant_with_d4
aayl51,aayl51:0003491:d2e0c7c7e134,d2e0c7c7e13438502e47186ae61ce9cb288d94baff7b05d9c6aa0b2d6e35726b,0.9391062856,if6_consensus_when_public_priors_concordant_with_d4
aayl51,aayl51:0003492:4f7f43a31511,4f7f43a31511fc70bb53a658281aa25a148da1ba30a2acfb09f4740e23670e17,0.6641969681,if6_consensus_when_public_priors_concordant_with_d4
aayl51,aayl51:0003493:56b31af9e827,56b31af9e8270dc7ac9d4c82df0fd76226f601f70cf37590b5389835684745c0,0.7752566338,if6_consensus_when_public_priors_concordant_with_d4
aayl51,aayl51:0003494:67fde5b92e8f,67fde5b92e8ff14c725aa6250c4038b976be0928350671ac5b8f5d71a4b6e092,0.9350929856,if6_consensus_when_public_priors_concordant_with_d4
aayl51,aayl51:0003495:f5847b63b23e,f5847b63b23efa647b32a07b34bb70a9b5400cadd71dc7de12601c7efe484492,0.9067685604,if6_consensus_when_public_priors_concordant_with_d4
aayl51,aayl51:0003496:af72f07c2a51,af72f07c2a51a57fdc40a52e6ef52a51f6016d0042d12349b1fd44a5a245efa9,0.9119394422,if6_consensus_when_public_priors_concordant_with_d4
aayl51,aayl51:0003497:7ca031600b3a,7ca031600b3ac7cdb43e7f4436bc663cab236d28ba3cb8b94d69b48292473564,0.8745851517,if6_consensus_when_public_priors_concordant_with_d4
aayl51,aayl51:0003498:d97824a034b0,d97824a034b0777301ed9019699d5aba90201beb0df3fc25d96e23edc21f8c41,0.3269275129,if6_consensus_when_public_priors_concordant_with_d4
aayl51,aayl51:0003499:5bfca7ddc96e,5bfca7ddc96e85fe12247acf7a9052bd78007fe08e754b1317b35b7a7e2f0884,0.5833140016,if6_consensus_when_public_priors_concordant_with_d4
aayl51,aayl51:0003500:8fb385070327,8fb385070327911895dfdfc52c3c7cb93d1c2c8e305953da01f7444dc7fb6588,0.9528439641,if6_consensus_when_public_priors_concordant_with_d4
aayl51,aayl51:0003501:a5f99b87f85c,a5f99b87f85c0aa140ebab9c05f8853e68d4e10d17c0b39f818906531b3dc95b,0.40217641,if6_consensus_when_public_priors_concordant_with_d4
aayl51,aayl51:0003502:7a8824d6e8c7,7a8824d6e8c76d92596ebf8cb6411bb0c20e98e77813b8d44058ddc3c35d7a98,0.4115149975,if6_consensus_when_public_priors_concordant_with_d4
aayl51,aayl51:0003503:5b1c59c7fc63,5b1c59c7fc63a7cd629b9f0a85611730f7db4654383e1a5cf29414761e5ead7a,0.4115922153,if6_consensus_when_public_priors_concordant_with_d4
aayl51,aayl51:0003504:b251c936429b,b251c936429bbab3394778610b614ecfbaff610eb5d7ca2d64368dea31822335,0.6197422147,if6_consensus_when_public_priors_concordant_with_d4
aayl51,aayl51:0003505:8847371fa7f3,8847371fa7f384bcc2800bac4c6256b3e505730e3ae81f66f80551e34e7a195b,0.8452574611,if6_consensus_when_public_priors_concordant_with_d4
aayl51,aayl51:0003506:13807eaaffc0,13807eaaffc0b468d10aa7dc8bc1bc178f74ea701e369a179e078ee72e31cff1,0.804661572,if6_consensus_when_public_priors_concordant_with_d4
aayl51,aayl51:0003507:634b526b4660,634b526b466093abe3c48cb8180a3bcd97d02468e66b048ead49e9731da6b563,0.8231072426,if6_consensus_when_public_priors_concordant_with_d4
aayl51,aayl51:0003508:e7af9177aabd,e7af9177aabd89780b21a230846030ab83af202687364a9186b3643d44273da5,0.779964447,if6_consensus_when_public_priors_concordant_with_d4
aayl51,aayl51:0003509:e6a71a421376,e6a71a42137638e4dc7999dfc9421f0deeffe358b03b1c03549e70bd89dce1a7,0.9583237171,if6_consensus_when_public_priors_concordant_with_d4
aayl51,aayl51:0003510:e874df7474fa,e874df7474fadbab3c5bfcf4af2d29f2adeca5da1bf87cfc05d4029d20fe544e,0.6923670769,if6_consensus_when_public_priors_concordant_with_d4
aayl51,aayl51:0003511:1d4cdbfd0697,1d4cdbfd06976f81bc6120cd20ecd193a29fa3ae69e848bcd9d7b0e6acdc21fa,0.7274832129,if6_consensus_when_public_priors_concordant_with_d4
aayl51,aayl51:0003512:87548097ab82,87548097ab82422009c7f415fb59cbfd844d15597bb8404f1037e4315890b949,0.7341205478,if6_consensus_when_public_priors_concordant_with_d4
aayl51,aayl51:0003513:81d0ffd6ee37,81d0ffd6ee37396f8463833a137ea27cb3b0a4e718a970e5f8c26ac465688f52,0.5336111784,if6_consensus_when_public_priors_concordant_with_d4
aayl51,aayl51:0003514:581d925ea5f6,581d925ea5f612ca558cb881c34c9f8529e84126b195a6c0c64e2239b223b34f,0.6600293517,if6_consensus_when_public_priors_concordant_with_d4
aayl51,aayl51:0003515:e83aa6bd6d55,e83aa6bd6d55412588e1d835a0487c7e6cd90245c33af56f314f0789ea19608f,0.7593579292,if6_consensus_when_public_priors_concordant_with_d4
aayl51,aayl51:0003516:eb4ca9663f60,eb4ca9663f60522737b0547a433bc81c02c5650efe0bbf5f73c27bff7eac6a08,0.7933935523,if6_consensus_when_public_priors_concordant_with_d4
aayl51,aayl51:0003517:374ee06c2891,374ee06c289195c8786d989535f76ec8545d3fce1c1b74384d5a3e7da181d6f0,0.7824342251,if6_consensus_when_public_priors_concordant_with_d4
aayl51,aayl51:0003518:1f9e3dae3cb6,1f9e3dae3cb6530522b18d8af9a9805a14c0f7cb5dffba4d82f6c02d9d8527b5,0.9757660031,if6_consensus_when_public_priors_concordant_with_d4
aayl51,aayl51:0003519:2d200237e060,2d200237e06025e04b9f4bf4aa9f45951caf81da4df1f24540447b0edb989b73,0.9258316159,if6_consensus_when_public_priors_concordant_with_d4
aayl51,aayl51:0003520:d456c95d8162,d456c95d81623a1c9a68375f2c2b194ebce993744c5b4637b950ede466ac30ff,0.3304005563,if6_consensus_when_public_priors_concordant_with_d4
aayl51,aayl51:0003521:3ce2e7b70ede,3ce2e7b70ede10a20f8b32453f55df3c71da910a5cecb3a8d70410244625dc15,0.6914408803,if6_consensus_when_public_priors_concordant_with_d4
aayl51,aayl51:0003522:967e31bb11cd,967e31bb11cd0bac995bd1f02f6d86266267a57b803a3819dcea3b92a0113840,0.526202023,if6_consensus_when_public_priors_concordant_with_d4
aayl51,aayl51:0003523:7ded003d03af,7ded003d03af81fa503aa8d4a4bab32638dfc58e488a26420546a531dd0ed1f0,0.4154511392,if6_consensus_when_public_priors_concordant_with_d4
aayl51,aayl51:0003524:49ac47e1a7d2,49ac47e1a7d244333a6d73040614315448e7bf4ca09c5d362ee29f4805ee3a2a,0.5051323771,if6_consensus_when_public_priors_concordant_with_d4
aayl51,aayl51:0003525:e6098d1d8b8a,e6098d1d8b8ade0c0413a7c6a231fcd8e6bce00876e540d8ad81d9a9982e0ff0,0.9542332292,if6_consensus_when_public_priors_concordant_with_d4
aayl51,aayl51:0003526:0ae18e4a3399,0ae18e4a3399b4fa824a03b4ead5d885c7c1f2c12e99b057bfca5b840c37940c,0.4453963041,if6_consensus_when_public_priors_concordant_with_d4
aayl51,aayl51:0003527:9915d4e7fa6b,9915d4e7fa6b9d8cac7fbf47bee93e491f85624bf6bd00f4e0cd318c4cdb2c97,0.630006969,if6_consensus_when_public_priors_concordant_with_d4
aayl51,aayl51:0003528:6a26d45de295,6a26d45de295a606e75a9eb1d14d54d5e08cdb47ebf37503ab64ff4e592bb31b,0.5491240025,if6_consensus_when_public_priors_concordant_with_d4
aayl51,aayl51:0003529:f37bfa02bcc1,f37bfa02bcc199f252397435e837521d02998ac3c2cdeaee5b4027935840f9a3,0.4204677045,if6_consensus_when_public_priors_concordant_with_d4
aayl51,aayl51:0003530:24936b446cf1,24936b446cf11b0f7882088ad35ec2befcbc45a8400500b16c3889de57de06a7,0.4958709776,if6_consensus_when_public_priors_concordant_with_d4
aayl51,aayl51:0003531:282c486751ff,282c486751ff27199bc2bc6ecda3bd80db5d63b2f72a17d0e47a43c2c68e30ec,0.3009184301,if6_consensus_when_public_priors_concordant_with_d4
aayl51,aayl51:0003532:077be099f903,077be099f903a4db1b07de34cf329bccfd95b6fe688bd59d8a35b093d6dfcfc7,0.5345373154,if6_consensus_when_public_priors_concordant_with_d4
aayl51,aayl51:0003533:a2dd013e7e88,a2dd013e7e88627de18db01840a6cd0b9e8699f138a8dec53e90ea3f099275b0,0.5377787948,if6_consensus_when_public_priors_concordant_with_d4
aayl51,aayl51:0003534:f9b677a6a7bf,f9b677a6a7bf4c18000df846d548514a595c387648cd43eecf5bf9c166b66fe3,0.442540735,if6_consensus_when_public_priors_concordant_with_d4
aayl51,aayl51:0003535:43b944fbab4c,43b944fbab4c676ea4fecdc8a76b00d6de8b1fa73fe82b029b9a0ed6da4f0353,0.7028633952,if6_consensus_when_public_priors_concordant_with_d4
aayl51,aayl51:0003536:e46ee98da952,e46ee98da95286909e5ef955719cca83ec959ffb01f7909a69ad920682ffa135,0.3964652121,if6_consensus_when_public_priors_concordant_with_d4
aayl51,aayl51:0003537:df4daacafb44,df4daacafb4418e9fb52ef50d274c07c253cc74695d2d62bac6f5ee437246a5c,0.4801265895,if6_consensus_when_public_priors_concordant_with_d4
aayl51,aayl51:0003538:3eed4dc7779f,3eed4dc7779f70c3e23deaf61c2353331802260a9a7fd8c1736c65d335b8cb68,0.4615266025,if6_consensus_when_public_priors_concordant_with_d4
aayl51,aayl51:0003539:cb7bdd1db324,cb7bdd1db32405daf6a34bf86d8f13a4005de90f3999ce82c86f041593522317,0.801728785,if6_consensus_when_public_priors_concordant_with_d4
aayl51,aayl51:0003540:9d99755b2687,9d99755b2687d3fe4fccf0dc15e616c94227358b9ee08843a0e49a0590a6de36,0.4808983803,if6_consensus_when_public_priors_concordant_with_d4
aayl51,aayl51:0003541:806935ae8e12,806935ae8e12eb6c6f867654f6b98ac9c2c6e0b163f9fd12b0922852e74d3505,0.5712742209,if6_consensus_when_public_priors_concordant_with_d4
aayl51,aayl51:0003542:57a8491ca996,57a8491ca99669ac5f60db2334763bbc3fd5df5e5f38d06067f5da22d260b9df,0.6080883145,if6_consensus_when_public_priors_concordant_with_d4
aayl51,aayl51:0003543:8f21e5fe89d2,8f21e5fe89d2617d9238bcdb047020bfd98cae7d35d93752af4c12ec621991d3,0.9775410295,if6_consensus_when_public_priors_concordant_with_d4
aayl51,aayl51:0003544:31f8363bc774,31f8363bc7742f937d3150b0d9158868e7bb1d3928fbeb4ea7b1f97f76fd030a,0.5042833686,if6_consensus_when_public_priors_concordant_with_d4
aayl51,aayl51:0003545:fbd965e6f552,fbd965e6f552fbf9a959361d9dc7c3840a06657213c179df8d85581882b4913f,0.6102492809,if6_consensus_when_public_priors_concordant_with_d4
aayl51,aayl51:0003546:114e2a67dabc,114e2a67dabc5967f64759cd0a0a7ba12b7a3bda4b20efea43726d29a01fe652,0.6641969681,if6_consensus_when_public_priors_concordant_with_d4
aayl51,aayl51:0003547:abf62c08ff2f,abf62c08ff2f0f2e2c2100cdc906caf8f0e5844b2db8d5a94e8519c4fe4a1d19,0.7673072815,if6_consensus_when_public_priors_concordant_with_d4
aayl51,aayl51:0003548:d624b890fba3,d624b890fba33851b74e97dca7f8a622de046d64ba81420be275d225db71916d,0.9184224606,if6_consensus_when_public_priors_concordant_with_d4
aayl51,aayl51:0003549:9fdfc7e68697,9fdfc7e686979dcab5e540fc724895c27bba280437629ca007f29e2728803976,0.7630624771,if6_consensus_when_public_priors_concordant_with_d4
aayl51,aayl51:0003550:a02c409aea45,a02c409aea45f5a480085d7fea0de619ef0890e57dc0e95cbe948928f20bb929,0.7729412913,if6_consensus_when_public_priors_concordant_with_d4
aayl51,aayl51:0003551:dcae8c87f55a,dcae8c87f55a2b2a936a9e4b67b62da01d0184a319147ee65e7cde327c33cee8,0.7936250567,if6_consensus_when_public_priors_concordant_with_d4
aayl51,aayl51:0003552:f088b2ec4c3f,f088b2ec4c3f7269157e8746b449272215fd09e50f25efb74ded26114021bb2b,0.7869877219,if6_consensus_when_public_priors_concordant_with_d4
aayl51,aayl51:0003553:c87e0a50f7f1,c87e0a50f7f1b8a840f95bd7f9cf158be583a53018a4c29ec3e6a0c7e3543706,0.7918499112,if6_consensus_when_public_priors_concordant_with_d4
aayl51,aayl51:0003554:1b8318cf1338,1b8318cf13380c764f7955a4eadda0e29660eb946378c7b875ee06b0c1adbdee,0.9723701477,if6_consensus_when_public_priors_concordant_with_d4
aayl51,aayl51:0003555:5a104d89c4f9,5a104d89c4f9e6264bb174f7a967c5457bfa75ce9f5720c03ef115fcb679864b,0.9582464695,if6_consensus_when_public_priors_concordant_with_d4
aayl51,aayl51:0003556:2f9151013978,2f9151013978f6b57e9462c7c7b500ec4cc7605b8f104723e11328b1ba9277fd,0.8520491123,if6_consensus_when_public_priors_concordant_with_d4
aayl51,aayl51:0003557:3767971a51f8,3767971a51f81c70f0a3d5296fd5c011d6851f01ee3a66396f2de9b2f1415ccd,0.8819942474,if6_consensus_when_public_priors_concordant_with_d4
aayl51,aayl51:0003558:41d410cd330f,41d410cd330fffa1f75e631bacfaded859815bd7baefe99d0cc34d263bed34a0,0.9515319467,if6_consensus_when_public_priors_concordant_with_d4
aayl51,aayl51:0003559:ae64306a865a,ae64306a865a5a48d16cbbead5d2e4f8afe1fa8472581541034e8664f0f4cfdf,0.9244424701,if6_consensus_when_public_priors_concordant_with_d4
aayl51,aayl51:0003560:0b8e5941a160,0b8e5941a1600eb8bd920a75ee7d81dd630ff36e9a27eafcb5f3b2d2cd576d2f,0.6226750016,if6_consensus_when_public_priors_concordant_with_d4
aayl51,aayl51:0003561:bfa6d97ca89c,bfa6d97ca89ca750dab9a12f97fdc635dc5b82a8c6dd4055531e79d0b377a826,0.6491472125,if6_consensus_when_public_priors_concordant_with_d4
aayl51,aayl51:0003562:9aa99ec5d778,9aa99ec5d778190caa3d10717bab399e3855f1021294e320889d6e86b6313ba1,0.8960407376,if6_consensus_when_public_priors_concordant_with_d4
aayl51,aayl51:0003563:7be32a3979b9,7be32a3979b9aa21ec0b054e133db5ec957fc6395a87919c29d3aeda0db9cecd,0.7796557546,if6_consensus_when_public_priors_concordant_with_d4
aayl51,aayl51:0003564:288ac46b7085,288ac46b708591a3cac9cea0b9aa82affada19f8986d59e91f27ba2e21a97c1e,0.7301072478,if6_consensus_when_public_priors_concordant_with_d4
aayl51,aayl51:0003565:8a7967af58e8,8a7967af58e81c7d1f661b5284e0186021d134c769062b42b74b03f946b6b715,0.8510457873,if6_consensus_when_public_priors_concordant_with_d4
aayl51,aayl51:0003566:3c00d4e6c437,3c00d4e6c437d03066952eef08fc1d52882195d1da03c29eab385b9936f82761,0.7284865379,if6_consensus_when_public_priors_concordant_with_d4
aayl51,aayl51:0003567:a9256bac5e21,a9256bac5e21986c4a01f562b0c2d5e7c505dc0afc7e1b099c04342624b7f86a,0.8753569722,if6_consensus_when_public_priors_concordant_with_d4
aayl51,aayl51:0003568:bfe2c514ffe2,bfe2c514ffe2439f3846907a6f56588b630132c4b2c75d6918bbebb30b68853b,0.6381878257,if6_consensus_when_public_priors_concordant_with_d4
aayl51,aayl51:0003569:9700d04321aa,9700d04321aaf72d008f5af3da6d86c6c8324f4f2ae5c9b4de7f7858517caf54,0.9303851128,if6_consensus_when_public_priors_concordant_with_d4
aayl51,aayl51:0003570:a9f4fb80659c,a9f4fb80659c32cb316c257666fad32c1c017edb0275c9177deb1b7a35844207,0.1413135827,if6_consensus_when_public_priors_concordant_with_d4
aayl51,aayl51:0003571:da55b1a8706e,da55b1a8706e322060c5a2d6ee4bc6d7e21b4170fb384ee8d3fd66c0a4a56b9c,0.006560160313,if6_consensus_when_public_priors_concordant_with_d4
aayl51,aayl51:0003572:fc55568d5640,fc55568d56409cc51022527e1e2a543426ebf9aaa6b627b024a190b2c38bba51,0.1724164486,if6_consensus_when_public_priors_concordant_with_d4
aayl51,aayl51:0003573:ea45c08eb32f,ea45c08eb32fe4dd70297c1263832f810b2a690b96c1d8bc51baea7966774df7,0.8762059212,if6_consensus_when_public_priors_concordant_with_d4
aayl51,aayl51:0003574:6d7cdf0a845b,6d7cdf0a845b7f4ff204d94cad64b48016ccd66892805a3063232fb7cf941398,0.07972524315,if6_consensus_when_public_priors_concordant_with_d4
aayl51,aayl51:0003575:192f105e9bf0,192f105e9bf004fed529d5b3d7b1fa507ef79c981aa18cf9d2133f89c766bdc7,0.9496796727,if6_consensus_when_public_priors_concordant_with_d4
aayl51,aayl51:0003576:f18bf245bb76,f18bf245bb7668ce1cbbd7bc980781fea16251e718afca063a2c71611c4d8022,0.1175426468,if6_consensus_when_public_priors_concordant_with_d4
aayl51,aayl51:0003577:88294d032f9b,88294d032f9bb4d856bd9a0cb83afa31f604ef70280a898be33440940021d8b7,0.02500578761,if6_consensus_when_public_priors_concordant_with_d4
aayl51,aayl51:0003578:581d4edd705f,581d4edd705f0e9fac8269c77228e955e7819391eb6223c9cf3504d14b89ba41,0.9113221169,if6_consensus_when_public_priors_concordant_with_d4
aayl51,aayl51:0003579:82bb47a5b6ce,82bb47a5b6cee84d82aa30519b5cfa96aa8763772e754e57619052a83c02dca5,0.0547966361,if6_consensus_when_public_priors_concordant_with_d4
aayl51,aayl51:0003580:8079c7cdbfbf,8079c7cdbfbfd99a8910c4b1af711c328c96b4c6a7388d251c282bcce9d9f50c,0.152272895,if6_consensus_when_public_priors_concordant_with_d4
aayl51,aayl51:0003581:979e67a7abff,979e67a7abff7fbc4bf9f384fbb35f9dedd626cc03f1d2cc30f36cf1e18cea21,0.1264181584,if6_consensus_when_public_priors_concordant_with_d4
aayl51,aayl51:0003582:3e22e82379bc,3e22e82379bcc6989f6da77752eb6926e49641f3087c250109b978636586b525,0.9736049771,if6_consensus_when_public_priors_concordant_with_d4
aayl51,aayl51:0003583:2f3a8b889657,2f3a8b88965735a23205756386e014108843df42a0ad6c414f7653cbb9cebc4f,0.2177973241,if6_consensus_when_public_priors_concordant_with_d4
aayl51,aayl51:0003584:ce9937b7d3e6,ce9937b7d3e642b9c27b1494fd328760d2f7ce078566d47251d81fcc18e1be0f,0.9617967606,if6_consensus_when_public_priors_concordant_with_d4
aayl51,aayl51:0003585:d576b439b7a3,d576b439b7a3483bc17b83bf8c67c075a1c8e8913b5871fb0da8af17d82c4a03,0.006328625605,if6_consensus_when_public_priors_concordant_with_d4
aayl51,aayl51:0003586:98b41c5c1f30,98b41c5c1f30954f9c32b757ce8e183bc5fc5b4959f287f4c5532ba9d4f0cce3,0.07108127326,if6_consensus_when_public_priors_concordant_with_d4
aayl51,aayl51:0003587:52e4132c860c,52e4132c860cfa9ea80fb7df555fd0a34ffd14e0a51e4b0b983b1e9fe5d49be1,0.1048082113,if6_consensus_when_public_priors_concordant_with_d4
aayl51,aayl51:0003588:9fb1edad6c04,9fb1edad6c040db85380063f3851c5601f6d4ca400c196e3f591fc5d52620adf,0.0101103643,if6_consensus_when_public_priors_concordant_with_d4
aayl51,aayl51:0003589:ca1c80e6eb32,ca1c80e6eb32da09c0469289958b8b790240728abe8d49d50c095db6e992b7d5,0.8733503222,if6_consensus_when_public_priors_concordant_with_d4
aayl51,aayl51:0003590:f026839badf2,f026839badf23bb3e036918a98f71d4911bb8f7867f644b7fd3b8cd4df01cb68,0.01821409352,if6_consensus_when_public_priors_concordant_with_d4
aayl51,aayl51:0003591:85a152b1dc4c,85a152b1dc4ce27c2cbdf18464d55d2c0521b00f7a85f0eba569282480bf847c,0.05850119889,if6_consensus_when_public_priors_concordant_with_d4
aayl51,aayl51:0003592:39e12a275c87,39e12a275c87845400e5adc55a285acc2efdb671718d3617d43369598e9d6808,0.08713436127,if6_consensus_when_public_priors_concordant_with_d4
aayl51,aayl51:0003593:3a1b670a3c60,3a1b670a3c60d6bb1ce26ceaac3eeee51ea665a0feb34ca4b38c5824ea5f0343,0.3677549064,if6_consensus_when_public_priors_concordant_with_d4
aayl51,aayl51:0003594:cb727eef7310,cb727eef7310e9fbe954928f8dbcf7543103f9f3bcdc2341deccd015b602db58,0.1321293563,if6_consensus_when_public_priors_concordant_with_d4
aayl51,aayl51:0003595:e1fe13f7169b,e1fe13f7169bea9472dd7ff66a1767dbc66f8f41d5a95f0a30da84b15677feca,0.2736744583,if6_consensus_when_public_priors_concordant_with_d4
aayl51,aayl51:0003596:9b677dbbdb65,9b677dbbdb65ca94343de994d1f26b7ffefd5c983d879ebf3f1914b7b71205f3,0.4371381998,if6_consensus_when_public_priors_concordant_with_d4
aayl51,aayl51:0003597:8763649188b5,8763649188b551d78503f4d0938fb9e8ebca2589355fe45648e076db2bb3da13,0.1784363538,if6_consensus_when_public_priors_concordant_with_d4
aayl51,aayl51:0003598:d2fdd2dfd0de,d2fdd2dfd0de96610f87f19ccdc196b82ddbb713b1f67dae885bbd99a6008478,0.06892027706,if6_consensus_when_public_priors_concordant_with_d4
aayl51,aayl51:0003599:48a8bb938525,48a8bb9385259219acc06c2e382563cd50d91d2ddea528a1fef07c8c9a184716,0.3982403278,if6_consensus_when_public_priors_concordant_with_d4
aayl51,aayl51:0003600:77eb50e3eb29,77eb50e3eb29979bd1faa6a550436f98a469b0e04ceca9eee8eed3fc710d8e1b,0.1643899083,if6_consensus_when_public_priors_concordant_with_d4
aayl51,aayl51:0003601:a3ed40e967dd,a3ed40e967dd1a33b7ca3a8bd8f8dacba2de4e9ed6e3da6185e4f40d18892748,0.3076329529,if6_consensus_when_public_priors_concordant_with_d4
aayl51,aayl51:0003602:c99e4a0b0302,c99e4a0b03026d9cacb54d825b361b30993911f3dfe68ebe2ea0391120937e68,0.283167392,if6_consensus_when_public_priors_concordant_with_d4
aayl51,aayl51:0003603:391b0eac9381,391b0eac9381006aae2b8823a2f54008c4074a077447bff127be1a0ff8888704,0.9365594387,if6_consensus_when_public_priors_concordant_with_d4
aayl51,aayl51:0003604:a0d3b30fbd59,a0d3b30fbd59257e476e1b9ea69dbbefd70c2727fb6d0f0697ca7e6f366d1a87,0.2717449963,if6_consensus_when_public_priors_concordant_with_d4
aayl51,aayl51:0003605:d13ae7181f3c,d13ae7181f3c39dd51a9bbeebf948e107c3e18e665c230a42737718e1d9ec817,0.02708960325,if6_consensus_when_public_priors_concordant_with_d4
aayl51,aayl51:0003606:794854aca544,794854aca544129eb7124bcbf827ee622516b2ef2fa4e3989abf2382549bf4e3,0.9264490604,if6_consensus_when_public_priors_concordant_with_d4
aayl51,aayl51:0003607:06e75233c622,06e75233c622f708fe8a3a44827497ffc6117c850a2cc1d02c3616dc01dd437c,0.2976769507,if6_consensus_when_public_priors_concordant_with_d4
aayl51,aayl51:0003608:9591f5033147,9591f50331475e6dfdce76f9ad66b80b714e3aad87e91d361bd67b865f1edd17,0.1921741217,if6_consensus_when_public_priors_concordant_with_d4
aayl51,aayl51:0003609:f5ddd556ef5f,f5ddd556ef5f64ebc1b9bbf06fd6c5c7bb05a5e4d479a8a189b9aff76db3deac,0.221733436,if6_consensus_when_public_priors_concordant_with_d4
aayl51,aayl51:0003610:36fb905727cd,36fb905727cd768ea84a8e86bd41a1960395a21c9e187a502ddcc18ba077e5d8,0.1260322481,if6_consensus_when_public_priors_concordant_with_d4
aayl51,aayl51:0003611:64489f3dcf25,64489f3dcf25a7a83a327c93e07ff3052a63ed6f9e60e6d421ff66a2ea8216fd,0.9685884118,if6_consensus_when_public_priors_concordant_with_d4
aayl51,aayl51:0003612:b166947b2ba9,b166947b2ba9572638075b353c193dddee957e23e7f0e9bcfcc96fad240e83f7,0.4716369212,if6_consensus_when_public_priors_concordant_with_d4
aayl51,aayl51:0003613:e4bd54769229,e4bd54769229608929cbc2bbc3e0bbd2fd3c0268f14800ff51fd7051611a7f8d,0.1569807976,if6_consensus_when_public_priors_concordant_with_d4
aayl51,aayl51:0003614:69187a8da2ec,69187a8da2eca7d530a443632974e4131cd85a4d56a565b3255f6fd8af8fe4ef,0.4457821846,if6_consensus_when_public_priors_concordant_with_d4
aayl51,aayl51:0003615:bebf42ecde33,bebf42ecde335209704a92b0f6304685e3504c0f108fdbad01b0d5e52625cc72,0.2335417271,if6_consensus_when_public_priors_concordant_with_d4
aayl51,aayl51:0003616:f728d0172d6b,f728d0172d6b9adfc1d9c3824ce1cdb67b2193be442cd91f6992ed3c3c39c345,0.9463610649,if6_consensus_when_public_priors_concordant_with_d4
aayl51,aayl51:0003617:812491e6dc04,812491e6dc040fd44a0816f0af68041cdc382bfcf47255d2fe139c99d1adda4a,0.01450953167,if6_consensus_when_public_priors_concordant_with_d4
aayl51,aayl51:0003618:69d6597d5968,69d6597d596812c08eba08d417c9a0c9598fa4b8fa9815023d02a2e919750da1,0.0112680411,if6_consensus_when_public_priors_concordant_with_d4
aayl51,aayl51:0003619:786663980f94,786663980f94f281f66dac14f6998debec3c9a60ed8ad2c2430210107868b22f,0.9984564185,if6_consensus_when_public_priors_concordant_with_d4
aayl51,aayl51:0003620:5b58fa23d674,5b58fa23d67433b7329d484e5f51e90ca81abb96405f9ffddb02d0c193b8852b,0.9865710139,if6_consensus_when_public_priors_concordant_with_d4
aayl51,aayl51:0003621:3f55d2789a7b,3f55d2789a7b16dbd9b854ad9e8b5001ad875a45026d5579eeda7d3b9e30d7bd,0.03241491318,if6_consensus_when_public_priors_concordant_with_d4
aayl51,aayl51:0003622:95ee90a9072d,95ee90a9072dd4f0be47cd03f5f2d024192f140c446dc8d7547f840d09ffa297,0.02871034853,if6_consensus_when_public_priors_concordant_with_d4
aayl51,aayl51:0003623:baebfc6bd64e,baebfc6bd64eda597ed50d40cf00956f5741724a1a46daa3242c047e3a32890e,0.9705178738,if6_consensus_when_public_priors_concordant_with_d4
aayl51,aayl51:0003624:55c0551b4fdb,55c0551b4fdb2cb9ce9e755a1be636e6c6b1a5110ac633c4636dc776ee96360b,0.902446568,if6_consensus_when_public_priors_concordant_with_d4
aayl51,aayl51:0003625:78d6596b9f05,78d6596b9f05046800b561972f0c52f501566d46f9daa07c781b0fac12fcb30f,0.08998996019,if6_consensus_when_public_priors_concordant_with_d4
aayl51,aayl51:0003626:59a7d5996c06,59a7d5996c067d9f7941c754ce369b4d0f41e41fca3fa1f24e83dcb2a8dceb3d,0.8085976243,if6_consensus_when_public_priors_concordant_with_d4
aayl51,aayl51:0003627:29385dfa646e,29385dfa646e8326eb26931bf85227ffa91d4b1cb2f84f96c74d26794da47fa6,0.8693370819,if6_consensus_when_public_priors_concordant_with_d4
aayl51,aayl51:0003628:c44a3e754b82,c44a3e754b82ed2d9134307249ff3486ceb02732d73b53dd56a0b59ee68db920,0.2758354545,if6_consensus_when_public_priors_concordant_with_d4
aayl51,aayl51:0003629:0846acb1e4bc,0846acb1e4bc9ffd17a73a0a9ab2d1abbb2fd898316fc3eac6a42b35e9d71c56,0.3256154954,if6_consensus_when_public_priors_concordant_with_d4
aayl51,aayl51:0003630:93ccae0d1040,93ccae0d10409cb9905963cff00d4ee1f876d8f8063379ac67c7acab1638bd4e,0.3256926537,if6_consensus_when_public_priors_concordant_with_d4
aayl51,aayl51:0003631:3a86828599ea,3a86828599ea830718148bdb61966785e2b9ec7aa3f7a509398c7c4a71d21574,0.2389441878,if6_consensus_when_public_priors_concordant_with_d4
aayl51,aayl51:0003632:a41c3d427954,a41c3d4279543ece02796f41d9f2dd281732e23644eb862fb3db99c5b3c38a03,0.8967353702,if6_consensus_when_public_priors_concordant_with_d4
aayl51,aayl51:0003633:40e678ee050e,40e678ee050e7b3806e491e10c54fc11e35a261f759d9c93100a9a9874d8893f,0.2028247267,if6_consensus_when_public_priors_concordant_with_d4
aayl51,aayl51:0003634:d075b9f1ab2c,d075b9f1ab2c7d204c4b4c3765461479988f1d234ce74e499bbc958dceecc08f,0.2858686447,if6_consensus_when_public_priors_concordant_with_d4
aayl51,aayl51:0003635:745ef403eaea,745ef403eaeadfc5dd47bde5154cb14824c9d971067f5d2199fee38054fbcc9d,0.7375164032,if6_consensus_when_public_priors_concordant_with_d4
aayl51,aayl51:0003636:9455d59a25d8,9455d59a25d83b2490d3e4ec01fa3c614b9d6dbb61f0577c276fa3553d126e75,0.1259550899,if6_consensus_when_public_priors_concordant_with_d4
aayl51,aayl51:0003637:fa8322242def,fa8322242defead35fb80a56996c58964123d0a342bcb26a2e6ddb5e9a440cb6,0.1010264754,if6_consensus_when_public_priors_concordant_with_d4
aayl51,aayl51:0003638:3c655daac52b,3c655daac52b66a093a12c3b85840ef1718a7fd35ef7320fe9dbd1435cd36a40,0.2026703805,if6_consensus_when_public_priors_concordant_with_d4
aayl51,aayl51:0003639:84b1f8db53d8,84b1f8db53d851112bdb3a266cedfb6b65d47ee1bea2b2dec5520c0daccb5683,0.3474569619,if6_consensus_when_public_priors_concordant_with_d4
aayl51,aayl51:0003640:ed730e9e533c,ed730e9e533c1835c6b23d73bbb9caec8804c9df5abc851a21e8a69a5dc6f816,0.2877209187,if6_consensus_when_public_priors_concordant_with_d4
aayl51,aayl51:0003641:36e8d4308f29,36e8d4308f292506044ab1234afad838b0a378307119acb70b68dc4c4b8e6e9c,0.5511305928,if6_consensus_when_public_priors_concordant_with_d4
aayl51,aayl51:0003642:427772668d4d,427772668d4de4af6ea0ecf4a6f8d6459db4ca3be7a1b2cd54af22d03fece7bb,0.4068071544,if6_consensus_when_public_priors_concordant_with_d4
aayl51,aayl51:0003643:0ef8c8a2f4b9,0ef8c8a2f4b9da4c4ec793518cc56548c964a4e918e9769d5e794425536706b6,0.8938797116,if6_consensus_when_public_priors_concordant_with_d4
aayl51,aayl51:0003644:625cfc1ae760,625cfc1ae7601ec23fe7cb7f57987c6dcac585e69557bc6a355b9640343a7989,0.9739137292,if6_consensus_when_public_priors_concordant_with_d4
aayl51,aayl51:0003645:5a08b0a8c748,5a08b0a8c748af70bff87479bb7289af39298e485c5c6edbea787bbc8c5e4236,0.1020298004,if6_consensus_when_public_priors_concordant_with_d4
aayl51,aayl51:0003646:3a77dec88f86,3a77dec88f864d766007f81bc4bf30d67a0dd5d0f68bbade7075a5ddc9ff5cee,0.8351469636,if6_consensus_when_public_priors_concordant_with_d4
aayl51,aayl51:0003647:11b406e8183c,11b406e8183c47b9de217ac4dbd75f74284308ad2fc545ce8d504bc37330bb98,0.1409276873,if6_consensus_when_public_priors_concordant_with_d4
aayl51,aayl51:0003648:91436104cd7b,91436104cd7b7b96e0c76c4339767fbc4a78317c12d9683fa57707739fdb596b,0.2829358578,if6_consensus_when_public_priors_concordant_with_d4
aayl51,aayl51:0003649:5aaa0e143ea4,5aaa0e143ea406ed74bd86eaf0a669f6643e7e21efa24679647a73e82b5ba385,0.0435285978,if6_consensus_when_public_priors_concordant_with_d4
aayl51,aayl51:0003650:148e99c5695a,148e99c5695ac9c8b52cbdfbe67d1c505f819d4b0a8edfb8a078782213f7b203,0.2455043644,if6_consensus_when_public_priors_concordant_with_d4
aayl51,aayl51:0003651:b2a23a0dde67,b2a23a0dde67816ddbdf72cf42e88372b11201f38da8f300559585bd5e81ad7b,0.03056262992,if6_consensus_when_public_priors_concordant_with_d4
aayl51,aayl51:0003652:f1bf0b336712,f1bf0b336712fade987b65948c22422a32a32cbdada007b062bb7cb3d92e69ce,0.9878058434,if6_consensus_when_public_priors_concordant_with_d4
aayl51,aayl51:0003653:d196d30397a4,d196d30397a4c7157d39f100fa5a6aae81b26ee751f31d5ca572c4c5dd9b07f0,0.1575981975,if6_consensus_when_public_priors_concordant_with_d4
aayl51,aayl51:0003654:a5d39b468d69,a5d39b468d6939b95acc1d1f6fd4ab28853f8f1474e3dc9a2b8f224af64e5f6b,0.2982172072,if6_consensus_when_public_priors_concordant_with_d4
aayl51,aayl51:0003655:275a914a368e,275a914a368e0a09b12e65958c50d06795171acff62d0a469d088a11766fec82,0.9671220183,if6_consensus_when_public_priors_concordant_with_d4
aayl51,aayl51:0003656:8caac658fa32,8caac658fa32a2d69bfc18f1968bd041b568cae17c7996853d45824db61472da,0.09415759891,if6_consensus_when_public_priors_concordant_with_d4
aayl51,aayl51:0003657:ff7450f89108,ff7450f89108359cfde57049b012a6c2ceeaef63bb9350d74af516e0417deb7f,0.9770780206,if6_consensus_when_public_priors_concordant_with_d4
aayl51,aayl51:0003658:b63d2152d18a,b63d2152d18a61176bf65c759d9603ca8bf577d6c59a1108ea755df2786cb450,0.9702863097,if6_consensus_when_public_priors_concordant_with_d4
aayl51,aayl51:0003659:5a1ec6e7b4c8,5a1ec6e7b4c8d9b559a13da5538ec0d8d22c68e08e9709fde67b6b915a5f8a57,0.1722621173,if6_consensus_when_public_priors_concordant_with_d4
aayl51,aayl51:0003660:ba30c60d578a,ba30c60d578a7d1241c85e2bf2b8fdaa7fcd5248689de8f17acbfeceeed005f5,0.9765377641,if6_consensus_when_public_priors_concordant_with_d4
aayl51,aayl51:0003661:669382746b1b,669382746b1b4894e723bb41b6b091579b53d24a23dd84f56b5ff66d1b240bd8,0.957937777,if6_consensus_when_public_priors_concordant_with_d4
aayl51,aayl51:0003662:3594d98f7150,3594d98f7150a35782914bf60289bc588b9ed1301875d12286818c35da2470b2,0.9797792435,if6_consensus_when_public_priors_concordant_with_d4
aayl51,aayl51:0003663:ba3097745e70,ba3097745e7009076793bbf1a31992b65df6acbf95e72eb7f8d14fd21e6c73f1,0.263641268,if6_consensus_when_public_priors_concordant_with_d4
aayl51,aayl51:0003664:afd8527177c1,afd8527177c1cccc995df24ed54c1b2fa6983e6e349e742cf1d5fb1c4ba856b4,0.9874199033,if6_consensus_when_public_priors_concordant_with_d4
aayl51,aayl51:0003665:820bc7d5fb4a,820bc7d5fb4ad468316649355c91835f7ab046841c61c2b0eac938ca974289ff,0.3829590082,if6_consensus_when_public_priors_concordant_with_d4
aayl51,aayl51:0003666:df98625c697b,df98625c697b8125b7eb85af0f890247def2a5cdc34d937cb1a304eac710bafd,0.996990025,if6_consensus_when_public_priors_concordant_with_d4
aayl51,aayl51:0003667:3b863e394e6d,3b863e394e6de027f266cfd7cf2beb4e1fbab23e700fe812bca99745869113c3,0.07308790833,if6_consensus_when_public_priors_concordant_with_d4
aayl51,aayl51:0003668:cc351275ac03,cc351275ac037de5775c6c71dac5354679d35631c8bc56da2e6c740cfb26c53c,0.2113915235,if6_consensus_when_public_priors_concordant_with_d4
aayl51,aayl51:0003669:dfd0ae98c9a4,dfd0ae98c9a42726b46224549e42a3bc10a9008d3e2b90c02ce67ac0ed9ac6c9,0.05788376927,if6_consensus_when_public_priors_concordant_with_d4
aayl51,aayl51:0003670:55c70730de92,55c70730de9283ac09845a562590b1c95c7bc55d4d09fb87ff8d2584b9261a3e,0.1845334619,if6_consensus_when_public_priors_concordant_with_d4
aayl51,aayl51:0003671:48cfbdc037c6,48cfbdc037c653efe68d578756bea6836b37def236eb553b02dab558ff8d4198,0.0607393682,if6_consensus_when_public_priors_concordant_with_d4
aayl51,aayl51:0003672:82b23251c883,82b23251c8832dc905749595f73c4c08777d257ada252c4ba610a03cc43736ca,0.01134521887,if6_consensus_when_public_priors_concordant_with_d4
aayl51,aayl51:0003673:0f35757b5518,0f35757b55186be12397d913847e0b43e836213d5ef70f5e90f92bef885ae6c6,0.9857220054,if6_consensus_when_public_priors_concordant_with_d4
aayl51,aayl51:0003674:dfee7acb76ae,dfee7acb76ae563c555072c715fb1f610c8b211466b95c8712a3378c0bef56a8,0.08234930784,if6_consensus_when_public_priors_concordant_with_d4
aayl51,aayl51:0003675:448fc13a4735,448fc13a47357f62c799a38ac9f01ea0fa508fa575c1c88fbf8b0583ce266082,0.9739136696,if6_consensus_when_public_priors_concordant_with_d4
aayl51,aayl51:0003676:910e041370d1,910e041370d1d382faa445777b4dd806091b8f74857099db36ef419d5377d0ec,0.07324226201,if6_consensus_when_public_priors_concordant_with_d4
aayl51,aayl51:0003677:22d937a9d1b0,22d937a9d1b090e352d68014e737271e6328e8b92f02df621acd65c8b98338f8,0.02006637305,if6_consensus_when_public_priors_concordant_with_d4
aayl51,aayl51:0003678:5c76de153c14,5c76de153c1455b328aa0020837d052e501cbd58c42103a0851495d269830f1c,0.02296056412,if6_consensus_when_public_priors_concordant_with_d4
aayl51,aayl51:0003679:40e00dec7ba7,40e00dec7ba793f2e2394fef7a5df3e421bf660919e41cba62d3e9a9ac1f429b,0.07007794827,if6_consensus_when_public_priors_concordant_with_d4
aayl51,aayl51:0003680:29f68a457caf,29f68a457caf61cd0e100a55251356507c3e214fdc79d2a187c1b1382813abbd,0.05880990624,if6_consensus_when_public_priors_concordant_with_d4
aayl51,aayl51:0003681:d52b96eb0ceb,d52b96eb0ceb25074f4fb74a13b4ede852d25a5df27fd02901ebe126c99360ba,0.110828124,if6_consensus_when_public_priors_concordant_with_d4
aayl51,aayl51:0003682:078f45e3aa17,078f45e3aa17b639a535bde851631623e20276b8d4d3f185cb96f7da661d7e00,0.4350544214,if6_consensus_when_public_priors_concordant_with_d4
aayl51,aayl51:0003683:af67e57c635e,af67e57c635e83ea4acaa0e10f743d4ff863190a747a667d9af13f2d703158a2,0.03372694179,if6_consensus_when_public_priors_concordant_with_d4
aayl51,aayl51:0003684:6b03b6bb74de,6b03b6bb74defc7110c52dc99c1af4477ef57ac3db34053cc5a1614980ad14d8,0.08373851329,if6_consensus_when_public_priors_concordant_with_d4
aayl51,aayl51:0003685:96a73c6b6a03,96a73c6b6a034bf2a701966cd837a6482bf4423ace81138f86ac8c4b215d6b5c,0.1680944711,if6_consensus_when_public_priors_concordant_with_d4
aayl51,aayl51:0003686:82a25ca4b5ad,82a25ca4b5adb906de55e9b179313e4ce7232e0c40a07ca15dcdfb441298acb2,0.07818167657,if6_consensus_when_public_priors_concordant_with_d4
aayl51,aayl51:0003687:3731771d0caa,3731771d0caa9ab38cd290102b5de320c5db6cc6c8b91188e273db2782d9a009,0.07216177136,if6_consensus_when_public_priors_concordant_with_d4
aayl51,aayl51:0003688:c4e4e6fb1093,c4e4e6fb1093a8de572ca28e660f17085b99b6023ba0024e7b07508f76e42212,0.741915524,if6_consensus_when_public_priors_concordant_with_d4
aayl51,aayl51:0003689:c9b34dd71041,c9b34dd710417cf3cda68b25c887a438235f803b23073ca12a9d6c4d6c3e0993,0.745311439,if6_consensus_when_public_priors_concordant_with_d4
aayl51,aayl51:0003690:9d88fa42bd11,9d88fa42bd114bbed586386b79bc8439284a18169db45efdb0fff2034982382e,0.9675078988,if6_consensus_when_public_priors_concordant_with_d4
aayl51,aayl51:0003691:bb003bf528f3,bb003bf528f343a4de7ab3b1e340409ad9055b7cc718dfe61cae578462df4d90,0.1839160323,if6_consensus_when_public_priors_concordant_with_d4
aayl51,aayl51:0003692:b3753f5f5330,b3753f5f5330415f09c082e6581979f6733b57f6b927cb68cee8ea26cf065242,0.1903218478,if6_consensus_when_public_priors_concordant_with_d4
aayl51,aayl51:0003693:39407b0f9793,39407b0f9793feb228f5cf42db91e8e09b5408430f4b79782b32f849e56f4ef8,0.05688045546,if6_consensus_when_public_priors_concordant_with_d4
aayl51,aayl51:0003694:165832b58c9a,165832b58c9ab6204bd979caec683d3610d5bd33034ee400e733d0046a492b0a,0.2150960714,if6_consensus_when_public_priors_concordant_with_d4
aayl51,aayl51:0003695:4655de156170,4655de15617056ebc262598740808126c37c5ebac4f0c36b01d5927ebc155048,0.01258007158,if6_consensus_when_public_priors_concordant_with_d4
aayl51,aayl51:0003696:2a352978af96,2a352978af96eeb911694f73fb0c73b4b64f58cde6136d0997412d14e883745a,0.2029019147,if6_consensus_when_public_priors_concordant_with_d4
aayl51,aayl51:0003697:9fc352b8dbe3,9fc352b8dbe3768905d042b8807fd5af7fed654b55aa5e61ba1d8427b42b72ce,0.1616886556,if6_consensus_when_public_priors_concordant_with_d4
aayl51,aayl51:0003698:d72ee5de08d0,d72ee5de08d099da17fece1efebe5cadc6984029c4420ff363661222acb5c769,0.1109824777,if6_consensus_when_public_priors_concordant_with_d4
aayl51,aayl51:0003699:47d46afeeaed,47d46afeeaed2efcef414484c21ca807ab08cc4f6473495ba9dffb2ae0ade865,0.7682333589,if6_consensus_when_public_priors_concordant_with_d4
aayl51,aayl51:0003700:c85769e63560,c85769e63560769ee28d6082cb2d0a7a923ada06ff7c74765d1c803e4f9b499d,0.8017287254,if6_consensus_when_public_priors_concordant_with_d4
aayl51,aayl51:0003701:c8b4c0c70bbc,c8b4c0c70bbc871371fa063087bff069a30b71d723303583eb11c6399a45bcf6,0.1460214555,if6_consensus_when_public_priors_concordant_with_d4
aayl51,aayl51:0003702:4c5046f3f9a4,4c5046f3f9a4f3f8cc6d76e4721293e91bee844b3714dc216d5d29b882c8fd79,0.1592189521,if6_consensus_when_public_priors_concordant_with_d4
aayl51,aayl51:0003703:602e0e0db416,602e0e0db4161fd13a84d30c2714f90d4beb145119a49b07505dab929345e7c6,0.02863317169,if6_consensus_when_public_priors_concordant_with_d4
aayl51,aayl51:0003704:f724461ff319,f724461ff3195482d523a878cec5b0b4af9c280f3a59630037c6f0d33d9a9cf8,0.8917959332,if6_consensus_when_public_priors_concordant_with_d4
aayl51,aayl51:0003705:0eb542245822,0eb5422458221b7ff8220879562d356c918faa2b4a70f12dc8f305ddb8066b8c,0.3084047139,if6_consensus_when_public_priors_concordant_with_d4
aayl51,aayl51:0003706:393202f0dda2,393202f0dda29dab767d342705e6d262a2b10576a0d095e427f00e10f22b3c1d,0.1843791008,if6_consensus_when_public_priors_concordant_with_d4
aayl51,aayl51:0003707:3e2cc1be5dba,3e2cc1be5dbab4f2d537bb47ceaba4b8943b6c218f6959766985a2997fb8e04e,0.1937948465,if6_consensus_when_public_priors_concordant_with_d4
aayl51,aayl51:0003708:73a86e20ff71,73a86e20ff715d2a5c4a7eff77f58c7710f7a0d463e66798c0c493fc41af7560,0.3567183912,if6_consensus_when_public_priors_concordant_with_d4
aayl51,aayl51:0003709:e7fb956b6f49,e7fb956b6f49c2a00347d1624588986f3f5de81a51ce95210a5e311101fce57d,0.2903449833,if6_consensus_when_public_priors_concordant_with_d4
aayl51,aayl51:0003710:5853b3b2fee7,5853b3b2fee74cd59fd728e39a5380ad6e1b8156148915c96bbf70888e24a09b,0.2265184671,if6_consensus_when_public_priors_concordant_with_d4
aayl51,aayl51:0003711:5125f1300aad,5125f1300aadc7aef530bf57000fa46f9d949950fe1474fa4fa35c6a81e60d64,0.01466388721,if6_consensus_when_public_priors_concordant_with_d4
aayl51,aayl51:0003712:2711a74bca08,2711a74bca085086c951115016f73b962b67ac30ad673a105713b81019cf0d59,0.4031025469,if6_consensus_when_public_priors_concordant_with_d4
aayl51,aayl51:0003713:4f8b74863db6,4f8b74863db697eadc9f644713bcfc02c7684375625ddf0303316ceb11397c7a,0.7039439082,if6_consensus_when_public_priors_concordant_with_d4
aayl51,aayl51:0003714:88e109bb6df0,88e109bb6df03cfba6b4329c7ca664744abe8ee5fd0974e79cdcf6e748372651,0.002392529277,if6_consensus_when_public_priors_concordant_with_d4
aayl51,aayl51:0003715:511f96acfe19,511f96acfe198aaaa7da6780fccbd6212bb1211591f438dcaf0b103f9f181843,0.1227135882,if6_consensus_when_public_priors_concordant_with_d4
aayl51,aayl51:0003716:34f26a311930,34f26a311930f88cc2549e37c339a940760b879db934fd1d1ec9d5d31e09b380,0.02330786549,if6_consensus_when_public_priors_concordant_with_d4
aayl51,aayl51:0003717:63f019f36149,63f019f36149dd88e763f216c1bcc22a4f0018901a1eaabf2d5cdc602b7cfcc0,0.130894497,if6_consensus_when_public_priors_concordant_with_d4
aayl51,aayl51:0003718:5290ed9ef3e3,5290ed9ef3e3b1d948c10f22cac3579b0ebcdb967ba05412781ac8789510cc7e,0.9387204051,if6_consensus_when_public_priors_concordant_with_d4
aayl51,aayl51:0003719:740d3a354eba,740d3a354eba68acceae8b8e0bd6b83baa1f616042ea18b253e8382882277f46,0.04453191161,if6_consensus_when_public_priors_concordant_with_d4
aayl51,aayl51:0003720:0cc4ff3993f2,0cc4ff3993f293f28e37dbb12aeaef8d630f1e4f7b203eb7945105bdb4629f5c,0.6740758419,if6_consensus_when_public_priors_concordant_with_d4
aayl51,aayl51:0003721:d34d8eb9433a,d34d8eb9433ab0f764ae0e894ada891fabd9576309fac7262c1418cda34d9395,0.1264953166,if6_consensus_when_public_priors_concordant_with_d4
aayl51,aayl51:0003722:849b6b33c3bd,849b6b33c3bd362a85725c5573be4f8cdcf31f44f3ede3fef0e4f205c1a906fd,0.6408891082,if6_consensus_when_public_priors_concordant_with_d4
aayl51,aayl51:0003723:d880cb04dea8,d880cb04dea859570fca49a35246a1bf906675f1b7a510c9834148224e1d3286,0.7394458652,if6_consensus_when_public_priors_concordant_with_d4
aayl51,aayl51:0003724:e76a6cce4f77,e76a6cce4f7723a4510b4067ceb1dd221fe370f8d00db376eac33c8de9f9222a,0.04267963395,if6_consensus_when_public_priors_concordant_with_d4
aayl51,aayl51:0003725:ee9a8be99dbe,ee9a8be99dbe3b847564e557ca4244f72d2539db895d539fd5a0fbb23f908337,0.1503434479,if6_consensus_when_public_priors_concordant_with_d4
aayl51,aayl51:0003726:846a7a89d8f8,846a7a89d8f8c81cf708ac9677623f4d9ff54b635e55a3d1d52a98f240444ea0,0.09145635366,if6_consensus_when_public_priors_concordant_with_d4
aayl51,aayl51:0003727:ac4cc8e153b1,ac4cc8e153b17afb1b9e8e7f0becdb56199baad120a1a11038397b5d2d07a94e,0.02508296631,if6_consensus_when_public_priors_concordant_with_d4
aayl51,aayl51:0003728:14e77f64d5bf,14e77f64d5bf35d8f45a4e514f3a89a6b05b9acd0dbb3d2048ffd11de4cc9486,0.08049702644,if6_consensus_when_public_priors_concordant_with_d4
aayl51,aayl51:0003729:a57ee7e916ea,a57ee7e916ea3f7c39b49e27c8974d252246901c824cdbac2c8820f1b24fdf6b,0.03696843609,if6_consensus_when_public_priors_concordant_with_d4
aayl51,aayl51:0003730:77bdfe66aaf4,77bdfe66aaf4664489071d3556775538441fc73c42738606776232b36b24407c,0.03665972129,if6_consensus_when_public_priors_concordant_with_d4
aayl51,aayl51:0003731:2d8288ab22f8,2d8288ab22f8d366407f50c13bf56ad940dbf65fd24eddccf11e574320e4aff8,0.02199583314,if6_consensus_when_public_priors_concordant_with_d4
aayl51,aayl51:0003732:8ee4ba23a7d3,8ee4ba23a7d3064934a0105ef37f82ae0b4b70b01ee2049c545e65e4857f4b86,0.006251446903,if6_consensus_when_public_priors_concordant_with_d4
aayl51,aayl51:0003733:dccb1d0db3cc,dccb1d0db3cc7e4884093ba88410eed6f2633e710e3542eb27c83349dc0cfc08,0.7525661588,if6_consensus_when_public_priors_concordant_with_d4
aayl51,aayl51:0003734:6a89b94657ae,6a89b94657ae9a3769327c05ed4b582e5ff1ff53c5dc48db408d51a3a083d651,0.02863317169,if6_consensus_when_public_priors_concordant_with_d4
aayl51,aayl51:0003735:3e7f7b02ea8c,3e7f7b02ea8c14bc1d4873e0f702d0873012e898fbd602baf9b057a7938101c5,0.03164312616,if6_consensus_when_public_priors_concordant_with_d4
aayl51,aayl51:0003736:7a41308da10c,7a41308da10c2cfa86f096134de43e0148661569e42bb26ce72be92a332aa4ff,0.01597592048,if6_consensus_when_public_priors_concordant_with_d4
aayl51,aayl51:0003737:1da842963037,1da842963037402f5f862d316c591bf49b8c52ce198f8cf70d03abe655a30a4b,0.1010264754,if6_consensus_when_public_priors_concordant_with_d4
aayl51,aayl51:0003738:959e91f1e961,959e91f1e9619487e496eb41441a53687d0acc4bcf183c8f52b2dd2ab75037fe,0.3016130328,if6_consensus_when_public_priors_concordant_with_d4
aayl51,aayl51:0003739:c9312ef56be4,c9312ef56be4d6314be927b0ba12e95ad7ecbd4fb018fd75d064ebd35154ff09,0.05263563991,if6_consensus_when_public_priors_concordant_with_d4
aayl51,aayl51:0003740:4c1d84274ace,4c1d84274aced0cd194d5e3a5c990a14e9fbb767a2dd680ca11a645a0eba0a80,0.7108898163,if6_consensus_when_public_priors_concordant_with_d4
aayl51,aayl51:0003741:4849a1edd92e,4849a1edd92eb897978db949167357e0384e22820479e17e56f9871be68cf690,0.3168171644,if6_consensus_when_public_priors_concordant_with_d4
aayl51,aayl51:0003742:8f8d97254733,8f8d9725473314ae22dca4a073f0239331a3e6124594790611a54a63d6a5a1d3,0.03959250078,if6_consensus_when_public_priors_concordant_with_d4
aayl51,aayl51:0003743:6eae2c1f2884,6eae2c1f2884f57d6f79696ba29ee937ab8dcb116ea9d144ec3450fcb6186da8,0.1084355935,if6_consensus_when_public_priors_concordant_with_d4
aayl51,aayl51:0003744:a3dde6bf36b1,a3dde6bf36b12d7472ff7fd97701c155eadee35b7c05290f33b12e9d5596c964,0.7746391892,if6_consensus_when_public_priors_concordant_with_d4
aayl51,aayl51:0003745:4bb89688d35e,4bb89688d35e7cdc4ffe51c9feef54cc3699a534e10c3a1ac85ff6dbac235dea,0.5264335871,if6_consensus_when_public_priors_concordant_with_d4
aayl51,aayl51:0003746:c8ff0acee8ee,c8ff0acee8eec49357c2860bed02f01bd269d9746c38bb0679506258d69758e5,0.04993439838,if6_consensus_when_public_priors_concordant_with_d4
aayl51,aayl51:0003747:2423c826f26e,2423c826f26ee9f482f6d2e379efd96e23e8cf52f34a4b395e6af4933eb14684,0.1112140119,if6_consensus_when_public_priors_concordant_with_d4
aayl51,aayl51:0003748:0b34078cee15,0b34078cee150db294a17b19972a268069c4d714ae642394a7db9cfa49286189,0.191325143,if6_consensus_when_public_priors_concordant_with_d4
aayl51,aayl51:0003749:e7b558d73615,e7b558d73615ff306f28472b7b4531a600d2e7a3819a17a357d9508ccd67d676,0.880605042,if6_consensus_when_public_priors_concordant_with_d4
aayl51,aayl51:0003750:b6c9958fe2ec,b6c9958fe2ec4c369d1e25af15747e11d074ba169f88bc914f6ffe239923f4a4,0.9343212247,if6_consensus_when_public_priors_concordant_with_d4
aayl51,aayl51:0003751:9eb6bb6e9cda,9eb6bb6e9cda0e86e8002f2589ce30befc16864c58884f6301b5b75c89375dd8,0.09238249063,if6_consensus_when_public_priors_concordant_with_d4
aayl51,aayl51:0003752:ebc7d286c69c,ebc7d286c69cba7f57b2f69d08fb77037edacc6e5a61971b77e7300318339285,0.9265262485,if6_consensus_when_public_priors_concordant_with_d4
aayl51,aayl51:0003753:0c97f6c7acb4,0c97f6c7acb4c46ebdf349684053ab89637af41afb9c61865df0898e772931ad,0.1521957219,if6_consensus_when_public_priors_concordant_with_d4
aayl51,aayl51:0003754:7768d8cf7a37,7768d8cf7a37d19e19e0fbb2199d7130a98bc6cd0e1911396a752a309187cce7,0.1345990598,if6_consensus_when_public_priors_concordant_with_d4
aayl51,aayl51:0003755:bb3ace0afc8f,bb3ace0afc8fd489cc365cb0e399d89b07d2f7c56464fd4865292288c32cd70f,0.8912556767,if6_consensus_when_public_priors_concordant_with_d4
aayl51,aayl51:0003756:47edb290e636,47edb290e6360f8a42862147f868eb4d23ca7e8dff46142b927dd78d0f85d56f,0.3084819019,if6_consensus_when_public_priors_concordant_with_d4
aayl51,aayl51:0003757:854ef27e007a,854ef27e007a72dee82a9dc22978f47909d2b532de64a65fe879be872d3c6409,0.3589565456,if6_consensus_when_public_priors_concordant_with_d4
aayl51,aayl51:0003758:ed1fec66899d,ed1fec66899d01a54c7d29531fb71ea8a6b4ced7c859c0eaef7c5cfa5eaee24d,0.05471945927,if6_consensus_when_public_priors_concordant_with_d4
aayl51,aayl51:0003759:739ae5ae15c1,739ae5ae15c1cba2e09bf523ee0d2a31913818f9090259b6446157cea2d5c077,0.453114152,if6_consensus_when_public_priors_concordant_with_d4
aayl51,aayl51:0003760:2a67617fc5d2,2a67617fc5d2e83fd6aec829f69289b92ab832aa9b0bf53159914db0ffffe51f,0.1339044422,if6_consensus_when_public_priors_concordant_with_d4
aayl51,aayl51:0003761:ba60d76f04df,ba60d76f04dfb2fb36853d4773ab52dcf0115218b1a2417a331ce5c6a35b2d68,0.095160909,if6_consensus_when_public_priors_concordant_with_d4
aayl51,aayl51:0003762:cc9908732e70,cc9908732e7081b35987333aa9d9f0980ea0cda0c5de7c584ea0d8e011f3ee37,0.2611715496,if6_consensus_when_public_priors_concordant_with_d4
aayl51,aayl51:0003763:b2ad86693eb8,b2ad86693eb8c6b70bdf2940cc260c7261a55190fd04b28881f84eaf664694af,0.1139924303,if6_consensus_when_public_priors_concordant_with_d4
aayl51,aayl51:0003764:d93ed284d7d6,d93ed284d7d6fb104629dcbbc3e3a70ecafb4336d3216928f1db4e4fb2ef8c8f,0.04777340591,if6_consensus_when_public_priors_concordant_with_d4
aayl51,aayl51:0003765:345c5ce97737,345c5ce97737b54ce084df4cc0c83af4b34153f8ad4012b9a657cb28ee8d9153,0.2339276075,if6_consensus_when_public_priors_concordant_with_d4
aayl51,aayl51:0003766:0f0e17e0a803,0f0e17e0a803c1e38da37fdd12a72970990c1955875c15790d317b9efd472419,0.3942270577,if6_consensus_when_public_priors_concordant_with_d4
aayl51,aayl51:0003767:a56fc3a25c2b,a56fc3a25c2b2aaaf49ec0681f75428e53a2e6e042afc3ce521a57a023b7900a,0.181716457,if6_consensus_when_public_priors_concordant_with_d4
aayl51,aayl51:0003768:678fc6eb4dff,678fc6eb4dff10c120285d1c2a6906dbae22adc6adb6253c2236d7000ce9ad52,0.9554681182,if6_consensus_when_public_priors_concordant_with_d4
aayl51,aayl51:0003769:f9d77bb864db,f9d77bb864db313b4429556f6ab9f293f328f635aeb9b9118e2799126a6fe747,0.3915258348,if6_consensus_when_public_priors_concordant_with_d4
aayl51,aayl51:0003770:18f4dc00c1d4,18f4dc00c1d4b5bf0084419410c24b4b8fb8a0f67cbf1ee7f02f62ec58589d22,0.23724626,if6_consensus_when_public_priors_concordant_with_d4
aayl51,aayl51:0003771:75e8b0d2269c,75e8b0d2269c44d60d0b22d84ae009d90e8b3e24483dc134e4e27a4fd3f6c91d,0.1745774299,if6_consensus_when_public_priors_concordant_with_d4
aayl51,aayl51:0003772:100f97785c31,100f97785c31fc785213f3690bd03d3a344c2579e4647ee0deae164475fe40ff,0.2578528821,if6_consensus_when_public_priors_concordant_with_d4
aayl51,aayl51:0003773:61c8d444b4c7,61c8d444b4c76eed4b0d9eb8a0a34f1bab3bc7cd2054c8d7954e961779d1f726,0.4037199914,if6_consensus_when_public_priors_concordant_with_d4
aayl51,aayl51:0003774:16cdb4a85aef,16cdb4a85aef1c1a692b65204f7d246115c53eac3f954e785a5e046d9ed7936f,0.03650536388,if6_consensus_when_public_priors_concordant_with_d4
aayl51,aayl51:0003775:ff6047ba28d4,ff6047ba28d463ab12f3f79a1990a56fa9376d36fb8e568c0c443aff247728ff,0.1562090069,if6_consensus_when_public_priors_concordant_with_d4
aayl51,aayl51:0003776:04b2f0261b84,04b2f0261b8417aef5a55fbe70feee935e6fb653b1c798e514e54534b1971e65,0.3060121834,if6_consensus_when_public_priors_concordant_with_d4
aayl51,aayl51:0003777:d4adff4d5436,d4adff4d5436847a623ce845f1ce8ad2541ac772032497e5593a41fd55685a80,0.8853129745,if6_consensus_when_public_priors_concordant_with_d4
aayl51,aayl51:0003778:2cc5062511a2,2cc5062511a2cc0a1dbab066fe871c9df21e1ab9c110a1d7b72c090f2f755ef0,0.982789278,if6_consensus_when_public_priors_concordant_with_d4
aayl51,aayl51:0003779:ac4788ee94b7,ac4788ee94b75e28c77a82b1f7c2055bf42cc0e947c02f5b04615500db405858,0.08180905879,if6_consensus_when_public_priors_concordant_with_d4
aayl51,aayl51:0003780:75f3d5fbf1e7,75f3d5fbf1e76e187e9ed341892819919585dc1733c6463da2e63676e898938e,0.1487998664,if6_consensus_when_public_priors_concordant_with_d4
aayl51,aayl51:0003781:8bdf84a13ab8,8bdf84a13ab86aa4248920caff3799afcdb38bef991e0f014a55a0c43162a297,0.1731110662,if6_consensus_when_public_priors_concordant_with_d4
aayl51,aayl51:0003782:737376dc1c22,737376dc1c227113b8a4d20bc63ec8638eaf90a2b704f034a8391662aff239dc,0.137686193,if6_consensus_when_public_priors_concordant_with_d4
aayl51,aayl51:0003783:139290010240,13929001024020823d02fe6e0d65e42265d3bc20f6ff959ef64c23cdabebb28f,0.03395847976,if6_consensus_when_public_priors_concordant_with_d4
aayl51,aayl51:0003784:f0e48806771a,f0e48806771afe94f60877a53fd6df1fb515f45c36178a49c4d24628fd8f0006,0.0897584334,if6_consensus_when_public_priors_concordant_with_d4
aayl51,aayl51:0003785:cd70cb492c44,cd70cb492c4453ad66bc53066851023f15c5a5fc833dc6ff412c97a68cb5d328,0.1786679029,if6_consensus_when_public_priors_concordant_with_d4
aayl51,aayl51:0003786:6ae9ea7c6b15,6ae9ea7c6b15e8d4012b9c903c054932e4fbb39f500b31db82bc24ac85eb2e42,0.5544493198,if6_consensus_when_public_priors_concordant_with_d4
aayl51,aayl51:0003787:281efb247c2a,281efb247c2a4092e4eb901e93bab06270c72a70891a7ff07b9a49ffeab657ad,0.03627382591,if6_consensus_when_public_priors_concordant_with_d4
aayl51,aayl51:0003788:a731ab4b81de,a731ab4b81de655c36a7ee3a15727bcf5b1eec8206a04c4153c2c5ad04073c87,0.9090838432,if6_consensus_when_public_priors_concordant_with_d4
aayl51,aayl51:0003789:9f296e17a611,9f296e17a611b3a12b9354311802b67be30958519e3372457d8521d8728e31a1,0.1967276335,if6_consensus_when_public_priors_concordant_with_d4
aayl51,aayl51:0003790:3058b8e69a20,3058b8e69a20257e2995c65dd8f86dfbd8a3737cbd8c666e8d24e5a2a1959d1b,0.06745388359,if6_consensus_when_public_priors_concordant_with_d4
aayl51,aayl51:0003791:9bc2232003e9,9bc2232003e93a39c91c9972314ebca1ef0273193e9c6cca04c1b106ec82db38,0.0883692205,if6_consensus_when_public_priors_concordant_with_d4
aayl51,aayl51:0003792:6d31699b3400,6d31699b3400a1ed635b8bbe6eea935e9c31e6f226d73ed13c827cd702db2119,0.8190167546,if6_consensus_when_public_priors_concordant_with_d4
aayl51,aayl51:0003793:c507a3ec4067,c507a3ec406741228f80622b68d77bb8306bba6ef750ff39df0b28989d050d7a,0.2263641357,if6_consensus_when_public_priors_concordant_with_d4
aayl51,aayl51:0003794:451d5c869461,451d5c869461306dd671384ce24347c1bb4c1679e62ada06c459e7cad02e6335,0.9445087314,if6_consensus_when_public_priors_concordant_with_d4
aayl51,aayl51:0003795:cdb778d69d8e,cdb778d69d8e57c0be80483767738d3fc91b01f2daf41bd703ca549bed7db31c,0.1623832732,if6_consensus_when_public_priors_concordant_with_d4
aayl51,aayl51:0003796:2c880951df66,2c880951df66ce87173f84ad638a59ae82c1a4ed2be57b75e30581a8ac122c71,0.9449717999,if6_consensus_when_public_priors_concordant_with_d4
aayl51,aayl51:0003797:400eb92478ce,400eb92478ce3fa8347f0d7cd50bc15c714af0150b6dcd352ff2d6e25cd7369a,0.8698000908,if6_consensus_when_public_priors_concordant_with_d4
aayl51,aayl51:0003798:28357ef644ff,28357ef644ff67bfe11dc133c185bc9f4b5c8ee070d99c8c17948eecd039f802,0.0421393849,if6_consensus_when_public_priors_concordant_with_d4
aayl51,aayl51:0003799:5e904225684e,5e904225684eb2a1767f1b10f5c7cfa3d9447f9342fe0eff1500bd0f788d1ec3,0.7253222466,if6_consensus_when_public_priors_concordant_with_d4
aayl51,aayl51:0003800:78dae4a90c81,78dae4a90c818325d5fe57dca60881efa5e8535b6b6dabc75810fc68f2aac34f,0.1314347386,if6_consensus_when_public_priors_concordant_with_d4
aayl51,aayl51:0003801:769c084723dd,769c084723ddc6284bec80c976cc7d2bdf3ecac2691441f4dcec2c5863e10fd3,0.09500656277,if6_consensus_when_public_priors_concordant_with_d4
aayl51,aayl51:0003802:fc58d985572e,fc58d985572e70c4a1cdd33cc107f2324c38e52f1150b0c44b689f332b6cb3a4,0.2588948011,if6_consensus_when_public_priors_concordant_with_d4
aayl51,aayl51:0003803:56f4d4492dd3,56f4d4492dd3f0fe1de49b3f3de0c864e90e2bbc5bb6ecd0065346a9b94b95fd,0.1562090069,if6_consensus_when_public_priors_concordant_with_d4
aayl51,aayl51:0003804:76b6004c6b1f,76b6004c6b1f9dc5a977dc12bf0a5d49b17f67224cb6e9439419503b8556bb60,0.07933935523,if6_consensus_when_public_priors_concordant_with_d4
aayl51,aayl51:0003805:bc0b111ae6c2,bc0b111ae6c2584713f7be3633fcd57fa3124eff3db5bd5eca512d3ee86bbf38,0.3355714977,if6_consensus_when_public_priors_concordant_with_d4
aayl51,aayl51:0003806:a2b840fbc33f,a2b840fbc33f88e0ab3da0427725737b4dba20c0c101dcf60f552177712d177d,0.1149957553,if6_consensus_when_public_priors_concordant_with_d4
aayl51,aayl51:0003807:b312f59ae50c,b312f59ae50c11a441404f48f09cb3b47816548a693e4c23c5ec1e5f549666f3,0.08852357417,if6_consensus_when_public_priors_concordant_with_d4
aayl51,aayl51:0003808:548406a0f97f,548406a0f97fbc9d5027117196d94296408e04bc747029b3ff7f1ab8d23890ea,0.2942039073,if6_consensus_when_public_priors_concordant_with_d4
aayl51,aayl51:0003809:41b318a97433,41b318a97433138b814a8fde0cd1b19acf19ce281d49162f18581adc31296739,0.2279077023,if6_consensus_when_public_priors_concordant_with_d4
aayl51,aayl51:0003810:08d9e587c231,08d9e587c231a7132e3ca802f58080bcb03b6a67f38ad786f72c8be1628bb909,0.3500810564,if6_consensus_when_public_priors_concordant_with_d4
aayl51,aayl51:0003811:0e9c19b5ab1f,0e9c19b5ab1f3b6898f918408a3f226d5082ad4e391cd35edfc27c6427f0ab45,0.9016747475,if6_consensus_when_public_priors_concordant_with_d4
aayl51,aayl51:0003812:58ab0eb567de,58ab0eb567deb47c4de3e83518cfc4e16fb3c7e227c97168a67113867fde0b12,0.9387204051,if6_consensus_when_public_priors_concordant_with_d4
aayl51,aayl51:0003813:924a3f537b0a,924a3f537b0a2405b0a3efed8aa448bf80ecbf6b19f724dbed2ebfa9c7ab2737,0.2718993723,if6_consensus_when_public_priors_concordant_with_d4
aayl51,aayl51:0003814:ce041e997cc0,ce041e997cc0bcd0abd5764df76d9513cbab2a662696084d2729ad94ebc169a7,0.2254379988,if6_consensus_when_public_priors_concordant_with_d4
aayl51,aayl51:0003815:69aca4026224,69aca402622498b532529e03ed9f0dc8a8a011a32681a9196fd001af6dc0f6d4,0.04445473477,if6_consensus_when_public_priors_concordant_with_d4
aayl51,aayl51:0003816:c46b5b732e12,c46b5b732e129c6e158c8df42c17cd6b8262423defe99afbc165165f283e332d,0.1813691407,if6_consensus_when_public_priors_concordant_with_d4
aayl51,aayl51:0003817:4461de3751ee,4461de3751eef68502955ba8ab7eb4da495716124bd890e22d1d59422ddf78ea,0.09809369594,if6_consensus_when_public_priors_concordant_with_d4
aayl51,aayl51:0003818:575d598452fc,575d598452fc3c5d1a83c50041cdb68a80813ce1614e00df72ecd5741fc29593,0.8685652614,if6_consensus_when_public_priors_concordant_with_d4
aayl51,aayl51:0003819:06508bb4fa38,06508bb4fa388707226bd0c80b249777a62fc6b29c5befde0306f86870dd9109,0.1965732723,if6_consensus_when_public_priors_concordant_with_d4
aayl51,aayl51:0003820:8f2bfa34f745,8f2bfa34f74597faaa06e00fdea15ed2266033bebc606bd44203f155055751ce,0.9912016392,if6_consensus_when_public_priors_concordant_with_d4
aayl51,aayl51:0003821:a6a6d55948f6,a6a6d55948f69676abc2a3e62bfd9e32008344ac20ad0157f5df28d36f5f5389,0.2955931127,if6_consensus_when_public_priors_concordant_with_d4
aayl51,aayl51:0003822:49a5cc971fb1,49a5cc971fb15acb7d0c22ace430985aa9d8ba5a4008e2000733d9b7caf0ff89,0.2357027084,if6_consensus_when_public_priors_concordant_with_d4
aayl51,aayl51:0003823:d0a2cd9f46e8,d0a2cd9f46e8db8cc0d675f02565a47207197fbc888de6ec9af7fdf1c449f574,0.3336420357,if6_consensus_when_public_priors_concordant_with_d4
aayl51,aayl51:0003824:fd8959b4fae1,fd8959b4fae1923067bdabbee6597ab2a21cac858bdee7dbfeefde765efec844,0.9137145877,if6_consensus_when_public_priors_concordant_with_d4
aayl51,aayl51:0003825:f69a93861621,f69a93861621011faa36eba646bca4a7d1af1499327f097ad573f5b1b704cc20,0.1458671093,if6_consensus_when_public_priors_concordant_with_d4
aayl51,aayl51:0003826:ce7d750a0d60,ce7d750a0d60e1423531f8f11fc617153df102ae3f5f774f93416359382004bd,0.1809832603,if6_consensus_when_public_priors_concordant_with_d4
aayl51,aayl51:0003827:647aa9572a96,647aa9572a96d7674026b1706f1f736309cc6afad7c7a9f78a59dc76b10289c8,0.9318515658,if6_consensus_when_public_priors_concordant_with_d4
aayl51,aayl51:0003828:f2161c1c003d,f2161c1c003d08fdff4ac08ff4ce61d078f69cbcd6f35c0dfb6b288b931377ff,0.1501890868,if6_consensus_when_public_priors_concordant_with_d4
aayl51,aayl51:0003829:db6aa0886214,db6aa08862143d934fa8efbd067b03301b5100dbd31a49524c35ad770889975c,0.1595276743,if6_consensus_when_public_priors_concordant_with_d4
aayl51,aayl51:0003830:ddfb7cb71953,ddfb7cb71953317b5edbc4f21c7ca6343ca1367ed254b2d3e5a4b16e08beac93,0.978390038,if6_consensus_when_public_priors_concordant_with_d4
aayl51,aayl51:0003831:0ae901515cb5,0ae901515cb55c2cb7e33e0ee9c5a6b8dee95b5ba650ab22fb29664321877861,0.3563325107,if6_consensus_when_public_priors_concordant_with_d4
aayl51,aayl51:0003832:7ad0497485bb,7ad0497485bbd347ce74408aa8dcf9cc0c6a04e297c0eca830631eed536d3239,0.1157675385,if6_consensus_when_public_priors_concordant_with_d4
aayl51,aayl51:0003833:ff8c0548b106,ff8c0548b1069c84def9458ae4e80883fe2b3dd1f924bef3ba13f74ae8c1fbc1,0.1968819946,if6_consensus_when_public_priors_concordant_with_d4
aayl51,aayl51:0003834:5cde88b7084d,5cde88b7084d069171207c92d941e3df3869c8b8f95338273db3d7470c10402d,0.9886547923,if6_consensus_when_public_priors_concordant_with_d4
aayl51,aayl51:0003835:368c4979eb7d,368c4979eb7d0e26b994e2be599bbbab1cc68640274b88ed4e438d59eb3dbcc0,0.2436521053,if6_consensus_when_public_priors_concordant_with_d4
aayl51,aayl51:0003836:7526c4f23d79,7526c4f23d79e45c46d9cce89cf76f41bd18910f0d3fd34fe930446acabd1e2d,0.9807825685,if6_consensus_when_public_priors_concordant_with_d4
aayl51,aayl51:0003837:190fb202c133,190fb202c1335fe8395de86e1e362608e55856a9a922901c8a7c3478bdafa553,0.5965115428,if6_consensus_when_public_priors_concordant_with_d4
aayl51,aayl51:0003838:c71dd200ccee,c71dd200ccee7c1da9e2068cfe4ad53bce00a7e9b4b8699573d7e5306266dc2a,0.4905456603,if6_consensus_when_public_priors_concordant_with_d4
aayl51,aayl51:0003839:3163d2d802c9,3163d2d802c9bd5b2d10404ce7b1a2f6e66f72db2bb2bcebd5d2158d02e0bfdb,0.05904144421,if6_consensus_when_public_priors_concordant_with_d4
aayl51,aayl51:0003840:25cbbcd647a7,25cbbcd647a75e8cef3ac36bfe1f5581bff77642f6ae1c26ba304a0cef127f75,0.9509145617,if6_consensus_when_public_priors_concordant_with_d4
aayl51,aayl51:0003841:32821a5c7ae8,32821a5c7ae839705bda4c9785050ac637ba720113a313528ba04426221461dc,0.2151732594,if6_consensus_when_public_priors_concordant_with_d4
aayl51,aayl51:0003842:56881f24be05,56881f24be053e145ca12a6e92cbe1f23092e589f06a97a23eeeed6c101544ce,0.09469784051,if6_consensus_when_public_priors_concordant_with_d4
aayl51,aayl51:0003843:27296072d8d3,27296072d8d3fa744a1f591ebefc8cc34b29aa35a0ece496ef47cb142f31b5cd,0.1624604464,if6_consensus_when_public_priors_concordant_with_d4
aayl51,aayl51:0003844:4f1e95c6fe63,4f1e95c6fe633f887bad33fb061bf43666a48c5d47078dbac9e93bd4316d0034,0.1685575396,if6_consensus_when_public_priors_concordant_with_d4
aayl51,aayl51:0003845:ebbb9adcb685,ebbb9adcb685a29d7ff6d793c0e5f87e9092c0b1b17fe718359439824f6195d6,0.1947981864,if6_consensus_when_public_priors_concordant_with_d4
aayl51,aayl51:0003846:79905443f598,79905443f598fff1acce30ffff53cb3ff8f18150d3aea6093cd200a9e83da917,0.2238944173,if6_consensus_when_public_priors_concordant_with_d4
aayl51,aayl51:0003847:a5e4f481c2ae,a5e4f481c2aee81a1c06702466323d46e43ce6eab223a6f5f5c50803e9d12d7d,0.07331944257,if6_consensus_when_public_priors_concordant_with_d4
aayl51,aayl51:0003848:3f4922a8c290,3f4922a8c290a526bf5bb40988726a88d347f5291efb3dbf06dee6ba0aa705e0,0.1851894855,if6_consensus_when_public_priors_concordant_with_d4
aayl51,aayl51:0003849:ce558f066a37,ce558f066a37969ce4904022c6ecc16f876e731906f08c309f7b83541c9b3fb2,0.2562321424,if6_consensus_when_public_priors_concordant_with_d4
aayl51,aayl51:0003850:e4fcb70f77c5,e4fcb70f77c5e1897d9b71a73fa80a0ee377bfe61d519f7e563235d48ffce356,0.3777109087,if6_consensus_when_public_priors_concordant_with_d4
aayl51,aayl51:0003851:b039164a6d3d,b039164a6d3d8d046c50c555398630a083a8d3eb0025942a86a4172abd8ec974,0.3316353858,if6_consensus_when_public_priors_concordant_with_d4
aayl51,aayl51:0003852:8ffc2d778be6,8ffc2d778be6080e2105cd0343f5dc52dd21a6c8827c826deda43df4659a05e4,0.6545496583,if6_consensus_when_public_priors_concordant_with_d4
aayl51,aayl51:0003853:b9af374f6fb3,b9af374f6fb3cb99be23f43f557c48837f9d475b80571ea8977925019a12badf,0.3195955753,if6_consensus_when_public_priors_concordant_with_d4
aayl51,aayl51:0003854:29031c1cbb9d,29031c1cbb9ddc912d3d5c82a8bbb142d928f62b7dbaddf83246ca4b6484b81d,0.3579532206,if6_consensus_when_public_priors_concordant_with_d4
aayl51,aayl51:0003855:20eb96099b1a,20eb96099b1a6be190fa004839996df3e8b4b17fed9acc5955840d1bfc845ec5,0.3451416194,if6_consensus_when_public_priors_concordant_with_d4
aayl51,aayl51:0003856:46893f9302af,46893f9302afe212ed670bddca5ed20aedc1f5ef9cd0c0d0cea873cb6dfd6e59,0.6561703682,if6_consensus_when_public_priors_concordant_with_d4
aayl51,aayl51:0003857:1ce7b4dc184e,1ce7b4dc184eeae0c85c8d67b4f71f229ce245665e98281d541e29678f1528fd,0.509917438,if6_consensus_when_public_priors_concordant_with_d4
aayl51,aayl51:0003858:19155089f52c,19155089f52cf454bed4329310a264b19052e1ed84eb8503442c8f8c2967e906,0.2108898759,if6_consensus_when_public_priors_concordant_with_d4
aayl51,aayl51:0003859:754ff146f41f,754ff146f41f04bcac881cfbd3a16d14c225265c8276d927eb182e9da1e76607,0.1226364076,if6_consensus_when_public_priors_concordant_with_d4
aayl51,aayl51:0003860:e4b77c347a01,e4b77c347a01639f710e9a90b2a35b0988a4c5bd5e1b06d524261a379ee9ff1f,0.2062977552,if6_consensus_when_public_priors_concordant_with_d4
aayl51,aayl51:0003861:dbd2f530d426,dbd2f530d42653dd438ee044b9d61e125d271768b5244db329da70b3a2af9490,0.363278538,if6_consensus_when_public_priors_concordant_with_d4
aayl51,aayl51:0003862:1d9837c3877b,1d9837c3877b6028a72eda76d1d8952e71fa7a16d7790ff7e1259460bba45dc4,0.4409971237,if6_consensus_when_public_priors_concordant_with_d4
aayl51,aayl51:0003863:2499471b5178,2499471b51786b30d18fb22dbe0910cd5666c4340164378c2164ce6151613fa9,0.3656710684,if6_consensus_when_public_priors_concordant_with_d4
aayl51,aayl51:0003864:d49ae53e76aa,d49ae53e76aadfeb2bcf1a9698f620f70ac8087ab0f79d6b77eb80e6e0ae55de,0.3333333433,if6_consensus_when_public_priors_concordant_with_d4
aayl51,aayl51:0003865:eaf00e322a93,eaf00e322a9315dea842267e3340a35cde49630cf493f2df853e4cb719e0a528,0.3269275129,if6_consensus_when_public_priors_concordant_with_d4
aayl51,aayl51:0003866:449e35ef4cf8,449e35ef4cf81448af43782cf7616de375554bba0ddcd4ffe335fddcfcc113e4,0.3922975957,if6_consensus_when_public_priors_concordant_with_d4
aayl51,aayl51:0003867:def62e8303cf,def62e8303cfac13781a6ad5b627415ffa794bf06da1e6feda23304086bb412c,0.2773018479,if6_consensus_when_public_priors_concordant_with_d4
aayl51,aayl51:0003868:87d85af35a74,87d85af35a74e71fa206d4b7a2507401e5719b73c9d38127a1d1250d7b82402f,0.2884927094,if6_consensus_when_public_priors_concordant_with_d4
aayl51,aayl51:0003869:bfdc40d72a7c,bfdc40d72a7cb1518a9d8444f57142495910aad056fbf1ce65572556061b5012,0.4690128863,if6_consensus_when_public_priors_concordant_with_d4
aayl51,aayl51:0003870:945d02c523f7,945d02c523f73682e52dc0faba33a90c0612cd83534768ce30bf6755ea9fd83e,0.6019139886,if6_consensus_when_public_priors_concordant_with_d4
aayl51,aayl51:0003871:64d40f299ea4,64d40f299ea40ff06208cf1afca578c7451cb603b3f8c5a13b7720943a98a4ba,0.5180211663,if6_consensus_when_public_priors_concordant_with_d4
aayl51,aayl51:0003872:f1f8aebbce1b,f1f8aebbce1b19e675184b18e1fea0c80a3b43bafe228b05b43c460032feb332,0.1159218922,if6_consensus_when_public_priors_concordant_with_d4
aayl51,aayl51:0003873:786de041bcb9,786de041bcb997de4d12edb8b0b5d858fd4d8de7032b2e6a54fbb9c5e0d9ea26,0.2572354972,if6_consensus_when_public_priors_concordant_with_d4
aayl51,aayl51:0003874:d116c0ee7fbb,d116c0ee7fbb438f36c592d8cde17bc581f46a5b4d12eab24312329ba375df4f,0.1243343353,if6_consensus_when_public_priors_concordant_with_d4
aayl51,aayl51:0003875:825063520666,825063520666ba8e6ccadce0149dfc8cd8382f5d09ab20d6ad08e9c5668d5293,0.261634618,if6_consensus_when_public_priors_concordant_with_d4
aayl51,aayl51:0003876:0e1f2ef8bacc,0e1f2ef8bacc1b9baa38298665c5d9460269f64b11344fb2c2cc49708947d5b9,0.08775179833,if6_consensus_when_public_priors_concordant_with_d4
aayl51,aayl51:0003877:f548b32159d1,f548b32159d1ef4d95780b8f821f68eea62cd2f06f25e2aa2693ce05635a36ba,0.3469939232,if6_consensus_when_public_priors_concordant_with_d4
aayl51,aayl51:0003878:3215865dd1d8,3215865dd1d81304563e152812bc5985e383d234d167ea6d4d9acf16f6eb24d3,0.5548352599,if6_consensus_when_public_priors_concordant_with_d4
aayl51,aayl51:0003879:024ccbf7aa90,024ccbf7aa90502fe67dcc809c7c5b550e669bd8e77668bfa5e48745b3ca22a9,0.2091533542,if6_consensus_when_public_priors_concordant_with_d4
aayl51,aayl51:0003880:9d6aa36319b3,9d6aa36319b3dec1430b5332ebf486a5d5319aedffdd121f7b66130d589eb1e7,0.4244037867,if6_consensus_when_public_priors_concordant_with_d4
aayl51,aayl51:0003881:c8b7e6febf9f,c8b7e6febf9f30c5eec674b94372a0fd1c3d458899e241703cc962d5e9e14313,0.3136528432,if6_consensus_when_public_priors_concordant_with_d4
aayl51,aayl51:0003882:66e003b27710,66e003b27710f98645e1dca4bfea77e556b77b4fe57c11fb0e263f9f78215c04,0.131820634,if6_consensus_when_public_priors_concordant_with_d4
aayl51,aayl51:0003883:882f71ae5d35,882f71ae5d355928b1f815b390778ba7f5ff9a31d3ecbf241140bf6dd01a7692,0.0371227935,if6_consensus_when_public_priors_concordant_with_d4
aayl51,aayl51:0003884:3973d9d06b5e,3973d9d06b5e95d8b7a7558fab263c2bf29c6af069228911f35408d26402a473,0.2825499773,if6_consensus_when_public_priors_concordant_with_d4
aayl51,aayl51:0003885:a80962290411,a8096229041133d63c8259d9732567a1e5457a799e42100021339004523ebafa,0.0802654922,if6_consensus_when_public_priors_concordant_with_d4
aayl51,aayl51:0003886:f9b608b1c53b,f9b608b1c53bcb7feeb901e784d44f6a17ef62176c18e42cc13f5701b2583f2b,0.1190862134,if6_consensus_when_public_priors_concordant_with_d4
aayl51,aayl51:0003887:d136179e686b,d136179e686bb36cf624c97bbc9593bc21eebfc1781fbb391379333a09b867e5,0.01574438438,if6_consensus_when_public_priors_concordant_with_d4
aayl51,aayl51:0003888:1a04e4e7894c,1a04e4e7894c3e2e236693ae063821072a7e5cfb42a2be202bb19ccf6bd2d362,0.03195184097,if6_consensus_when_public_priors_concordant_with_d4
aayl51,aayl51:0003889:efbdb7169918,efbdb71699186d30ca27c33e2cf09a018d85989398425f37250fd7347a891762,0.0206838008,if6_consensus_when_public_priors_concordant_with_d4
aayl51,aayl51:0003890:f5776bd6317f,f5776bd6317f964a23b25c5c95549a0f6a3f5f88e105c1cfbc674052814a3009,0.5346916318,if6_consensus_when_public_priors_concordant_with_d4
aayl51,aayl51:0003891:8cfd060ca1ee,8cfd060ca1eebf51200ca17ec9e70131435877a33e060b71ce382a78e292ae22,0.4082735479,if6_consensus_when_public_priors_concordant_with_d4
aayl51,aayl51:0003892:eacaea43d029,eacaea43d0297ca7eabdfa475d156c9add771221a85c74e617c851687eba8737,0.005479663145,if6_consensus_when_public_priors_concordant_with_d4
aayl51,aayl51:0003893:05c2ab588a24,05c2ab588a24028c7fdb1154fb3c73c88aed6f6fc29164310e967434d36caf5a,0.1004862189,if6_consensus_when_public_priors_concordant_with_d4
aayl51,aayl51:0003894:16d502bf205d,16d502bf205d8435ac8c4c72452d54fea46a217fbb8d2ee47efa9e1b53998c31,0.09408041835,if6_consensus_when_public_priors_concordant_with_d4
aayl51,aayl51:0003895:61d5fb29734c,61d5fb29734c716e9b2b998bb43c5f99337fff9a3acaa55605e34ced55f551ed,0.1899359375,if6_consensus_when_public_priors_concordant_with_d4
aayl51,aayl51:0003896:ec2b007868c6,ec2b007868c60986fd46aed50843b60fde8275ac04dc6a24a9bc79167d9bbb6c,0.2742919028,if6_consensus_when_public_priors_concordant_with_d4
aayl51,aayl51:0003897:50473ca09a14,50473ca09a146ac984b6b2fb6b2917a7afd445144790ec30e6ace4dae86838fd,0.5647140741,if6_consensus_when_public_priors_concordant_with_d4
aayl51,aayl51:0003898:84deb62c59ef,84deb62c59ef2992389503baf9bb909134a65c8b934beab129c9b0b2b6c16569,0.3524735868,if6_consensus_when_public_priors_concordant_with_d4
aayl51,aayl51:0003899:bfb7dccdffbf,bfb7dccdffbf9f4bcae28ae482132954ecd3285388af211e1855bdf51914e047,0.7049471736,if6_consensus_when_public_priors_concordant_with_d4
aayl51,aayl51:0003900:3c459add8e75,3c459add8e755ee73e7b2210c4113058d2213186aed3385ed22712a9cf0c5f18,0.3871266544,if6_consensus_when_public_priors_concordant_with_d4
aayl51,aayl51:0003901:189f3409d0ea,189f3409d0ea90a07d5cb7e73a5dc1a09d45ccc9c6ba5c24ff1958e6bba20ca7,0.3165084422,if6_consensus_when_public_priors_concordant_with_d4
aayl51,aayl51:0003902:89fdd1bc5f29,89fdd1bc5f291f8b71c92b0cacaeed6a9dbfb3ea68d6b5fe8f4af44b6deb9b31,0.3202901781,if6_consensus_when_public_priors_concordant_with_d4
aayl51,aayl51:0003903:f27a9c378a08,f27a9c378a08fd6212a3b01b5276394fcc8e9a8c89ed42cb861350a83425e85a,0.3456046879,if6_consensus_when_public_priors_concordant_with_d4
aayl51,aayl51:0003904:1f5ad7c1f1fc,1f5ad7c1f1fc3e040c027d7ee4954d08e7b782b3c2210a70fb0654ed14f1d008,0.3145789802,if6_consensus_when_public_priors_concordant_with_d4
aayl51,aayl51:0003905:18d4d5e9cafa,18d4d5e9cafaf05cae3bc8f3659dd877a258789aaab0fa9e7c712dcdfb8e4cb0,0.3218337595,if6_consensus_when_public_priors_concordant_with_d4
aayl51,aayl51:0003906:88dfe4462e69,88dfe4462e69e36362c18dd43e0a1f2da99e005a8d194505c793a535aab530af,0.2315350771,if6_consensus_when_public_priors_concordant_with_d4
aayl51,aayl51:0003907:bc131787b7c5,bc131787b7c5458b269eedc0f1752fff6464c795daf08bfdb257fa5f37b18b16,0.3790229261,if6_consensus_when_public_priors_concordant_with_d4
aayl51,aayl51:0003908:c9ff94511ada,c9ff94511adae4760499d1eaa9629f0af5a00801b17b8461786691bd66d5f94c,0.5186385512,if6_consensus_when_public_priors_concordant_with_d4
aayl51,aayl51:0003909:7174b16d5b24,7174b16d5b24e747645ac96cb30a580e267fa2faf6949617ec4bc8529b313182,0.4822875559,if6_consensus_when_public_priors_concordant_with_d4
aayl51,aayl51:0003910:f4ffd0e41e36,f4ffd0e41e3623022d596c150ca74938d6965e7bbcb0938de67fbce9a9b822a2,0.1567492336,if6_consensus_when_public_priors_concordant_with_d4
aayl51,aayl51:0003911:73774274ec8f,73774274ec8fc970a01e2fad1ed8c36d0a5f907bad0c60685d9b7293982f6b60,0.6736899018,if6_consensus_when_public_priors_concordant_with_d4
aayl51,aayl51:0003912:4bddfa51a994,4bddfa51a994b464b26f1d5bfef5e929fd91f4d2491812a60303830e16e3733d,0.5073705316,if6_consensus_when_public_priors_concordant_with_d4
aayl51,aayl51:0003913:c2d161cb5989,c2d161cb598945282bd2afc5ba87eccc902bd8c2d2839d2b5933948b19a906ef,0.3625839055,if6_consensus_when_public_priors_concordant_with_d4
aayl51,aayl51:0003914:d67d27e40885,d67d27e40885526c6062448322cb85bbe7cb567ea25a640614596864c5e33d70,0.3996295035,if6_consensus_when_public_priors_concordant_with_d4
aayl51,aayl51:0003915:adae083425b4,adae083425b46f71cdfe39a735efba9b82c5cea959ccdb2157a135dc94af0a7c,0.3197499514,if6_consensus_when_public_priors_concordant_with_d4
aayl51,aayl51:0003916:ea185983a2ac,ea185983a2ac55345a9ea8e829e9d3f217e8c58ac0fb9e63b391e3121bd815fd,0.2396388054,if6_consensus_when_public_priors_concordant_with_d4
aayl51,aayl51:0003917:dc65e3344d5d,dc65e3344d5d92808deee9c35794acc2ff2c47645ff92ec4b767d84dc8fe21ed,0.3692984581,if6_consensus_when_public_priors_concordant_with_d4
aayl51,aayl51:0003918:572ed63996b3,572ed63996b380bf0accfc48193fa6f0afb2a0390d01bd9d140dfc834fd20b7f,0.6351779103,if6_consensus_when_public_priors_concordant_with_d4
aayl51,aayl51:0003919:54d68ba9170c,54d68ba9170c331ecde57bd81123795a78c2807b9e4a41a0c2bd8e320ee9d80b,0.8714208603,if6_consensus_when_public_priors_concordant_with_d4
aayl51,aayl51:0003920:e7dcb7050a46,e7dcb7050a46813b8f4991104547a2d01ca519016341fa62c1d5f415582d453b,0.5704252124,if6_consensus_when_public_priors_concordant_with_d4
aayl51,aayl51:0003921:e40b95f8942c,e40b95f8942c77cfc553cd08b7d27b207a9d08bcfc17bb361c6d2d66ccb4e626,0.3062437475,if6_consensus_when_public_priors_concordant_with_d4
aayl51,aayl51:0003922:871f0a6a8c0b,871f0a6a8c0b25e2effde4bf0885d067468a30dba122247f8d0a9925da6b2e4b,0.5340356231,if6_consensus_when_public_priors_concordant_with_d4
aayl51,aayl51:0003923:0aecb627a43c,0aecb627a43cc93d6fcc3dd963aaf49edae71add6ce72426362c521e5da4c35a,0.4668518603,if6_consensus_when_public_priors_concordant_with_d4
aayl51,aayl51:0003924:d42bd3d2cd6d,d42bd3d2cd6d626b24739c08115ba0dab6c211b2a156da75ac43ff7c00ff9658,0.2921972573,if6_consensus_when_public_priors_concordant_with_d4
aayl51,aayl51:0003925:e97963bfb46d,e97963bfb46d5b32320ef1eae6f72848a9dfb596638454a1e292f822c5d51567,0.3197499216,if6_consensus_when_public_priors_concordant_with_d4
aayl51,aayl51:0003926:94c8ba7c1499,94c8ba7c14999d0b2aedc0ff750579fb58730fc9798b8f564b2663ac18ff62c7,0.5510534644,if6_consensus_when_public_priors_concordant_with_d4
aayl51,aayl51:0003927:9910a7aee831,9910a7aee831902493c2f1b82d989e3d5d1706cf2068f0ecc69c48713730bb0b,0.1491085887,if6_consensus_when_public_priors_concordant_with_d4
aayl51,aayl51:0003928:7e7cb14018cd,7e7cb14018cd87de5691f4b137e4e7931bca9c3dbd3787a4db56317cb7efb314,0.254765749,if6_consensus_when_public_priors_concordant_with_d4
aayl51,aayl51:0003929:4b9371555234,4b9371555234511556987e23698d9d3df459bcf9c96111979b1a2333af6edf1f,0.3087134361,if6_consensus_when_public_priors_concordant_with_d4
aayl51,aayl51:0003930:6dfd018d31f6,6dfd018d31f61a6e830b0191388c62b379d3eb967f7e3c0ad2b8c8a8804a9034,0.2675001919,if6_consensus_when_public_priors_concordant_with_d4
aayl51,aayl51:0003931:057e84b1bd69,057e84b1bd690284bc9ea241d049974860034197fc9f060aba762b4680954f49,0.2683491409,if6_consensus_when_public_priors_concordant_with_d4
aayl51,aayl51:0003932:cb4d09d0cdd6,cb4d09d0cdd6c294ec1b206b9bd1a70e3e11ffcaa79e249fc124f3de95268bc0,0.179671213,if6_consensus_when_public_priors_concordant_with_d4
aayl51,aayl51:0003933:876b61ee84de,876b61ee84de3a4a674eb13f1e47a29829f389c417334d741cdebcecd4c9b880,0.1210928485,if6_consensus_when_public_priors_concordant_with_d4
aayl51,aayl51:0003934:6512f7739847,6512f77398477795039a6810365c9bdff8b2b5dda4e504084b54f6c1eab1ace9,0.1444007009,if6_consensus_when_public_priors_concordant_with_d4
aayl51,aayl51:0003935:8c649d7fe31e,8c649d7fe31e3eefc604895c84b025257e37d1df01cab8c6c9d2051b87f9ba6e,0.351470232,if6_consensus_when_public_priors_concordant_with_d4
aayl51,aayl51:0003936:6db209ffbcfa,6db209ffbcfafcbd765bb65290bb989a88a7a58c8288d900213f8b6ed47e41f0,0.5319132209,if6_consensus_when_public_priors_concordant_with_d4
aayl51,aayl51:0003937:082fe5e5d9a5,082fe5e5d9a5817fb82e527b5d064ca3e9e6249ce9f9053dc024c3a1a5f2c61a,0.10596589,if6_consensus_when_public_priors_concordant_with_d4
aayl51,aayl51:0003938:10b961a0d92e,10b961a0d92e2e66ee484d2879b129c917c336ee09b74515e39a220a8233f6d9,0.4775024951,if6_consensus_when_public_priors_concordant_with_d4
aayl51,aayl51:0003939:246d001b0d22,246d001b0d22019a5317162b94b369928c2052afbdeb5347cc8bbd33c1688a53,0.1771243364,if6_consensus_when_public_priors_concordant_with_d4
aayl51,aayl51:0003940:5e8cceefaa29,5e8cceefaa29cd4c6cbded4182be971bfe76981f18a43826f10ea94223ba6b15,0.1487998813,if6_consensus_when_public_priors_concordant_with_d4
aayl51,aayl51:0003941:706847df3425,706847df342539359e43496aea3fc535a7f6762f8c9f79e4e40b03544ceb3eb9,0.02546885796,if6_consensus_when_public_priors_concordant_with_d4
aayl51,aayl51:0003942:4c80e1df6df6,4c80e1df6df6d9d253234af072221db29a7c9085514a0789d95fb7eaa85e4476,0.2416454405,if6_consensus_when_public_priors_concordant_with_d4
aayl51,aayl51:0003943:097388c5a35f,097388c5a35f502956dbce116171feb2b8ed0fb9c165062b746bbe479512f895,0.2928147018,if6_consensus_when_public_priors_concordant_with_d4
aayl51,aayl51:0003944:c1177124c17f,c1177124c17f65acc67bb4906c6ea02611914024bb848b2f58ef0701a1c86384,0.1961873919,if6_consensus_when_public_priors_concordant_with_d4
aayl51,aayl51:0003945:9441701ce01d,9441701ce01dc77f2d8197ab176c96b6f419956be488f7cad67d9872fc4ea212,0.414061904,if6_consensus_when_public_priors_concordant_with_d4
aayl51,aayl51:0003946:abccacc4be1a,abccacc4be1a396d4fdcc0d1d92e3f3d2318917ebf8e410d4c417bd8a6223b25,0.1254148334,if6_consensus_when_public_priors_concordant_with_d4
aayl51,aayl51:0003947:9ca1465d1a66,9ca1465d1a667e405e08f36ca7d480223826f2e193970f9b29499020f4ae77e5,0.237323463,if6_consensus_when_public_priors_concordant_with_d4
aayl51,aayl51:0003948:27dcf6eecca4,27dcf6eecca48ac76c892af7dc1a3282eb39e220e91e5c9c7ed2390ef9277ead,0.2181832194,if6_consensus_when_public_priors_concordant_with_d4
aayl51,aayl51:0003949:198c5bf42ad9,198c5bf42ad9f225999b8e7eeaa033af94f01ceb356ddf07ca4d06bdea762422,0.1298911721,if6_consensus_when_public_priors_concordant_with_d4
aayl51,aayl51:0003950:f9140aa0febf,f9140aa0febf98934c24b76ee9e2f92cf317ab6883138c1e529ba0e6dcce8c4a,0.04553523287,if6_consensus_when_public_priors_concordant_with_d4
aayl51,aayl51:0003951:dbd658eae406,dbd658eae406a1cfc02c8f81f9bb8275fc659815d6fd04b0e090feae904e093c,0.3025391698,if6_consensus_when_public_priors_concordant_with_d4
aayl51,aayl51:0003952:1c74baa311f0,1c74baa311f091249aacee0b9f639281309dc18a30827aba0b43ce01f68de4d8,0.1967276335,if6_consensus_when_public_priors_concordant_with_d4
aayl51,aayl51:0003953:1e7cfb316ce5,1e7cfb316ce592f8fa3686aec175d1f31d66fea7aa4c847eff634eb8453ddaa0,0.1994288713,if6_consensus_when_public_priors_concordant_with_d4
aayl51,aayl51:0003954:d7336cea8f11,d7336cea8f118f8240cec4a8bfbc342d23174bfcadf60c83401b65a4d7df74e0,0.2904221714,if6_consensus_when_public_priors_concordant_with_d4
aayl51,aayl51:0003955:86216e922d37,86216e922d3794e94915bdc9fadc9b9af21a897cdaa9674d177fdb27e848dea1,0.5380103588,if6_consensus_when_public_priors_concordant_with_d4
aayl51,aayl51:0003956:979cd8e09135,979cd8e09135b894fd4c4ea6d56ef482814d120ef168632e4c753e248de9dbc1,0.2097707838,if6_consensus_when_public_priors_concordant_with_d4
aayl51,aayl51:0003957:752858d8f693,752858d8f693d0d51da2a6f5a9e23ac6554cd15f2b6fc2483e49ef432ac1f72a,0.1262637973,if6_consensus_when_public_priors_concordant_with_d4
aayl51,aayl51:0003958:a836e9d02daf,a836e9d02daf0fe511c2688631d4776390d0b02a70e03c545901f71d96128629,0.15327622,if6_consensus_when_public_priors_concordant_with_d4
aayl51,aayl51:0003959:ffae11b6dcf3,ffae11b6dcf34b82a9c32ee65afc8afd7782b4bb1b9dbbf7f50303d363ecaa3e,0.3184765279,if6_consensus_when_public_priors_concordant_with_d4
aayl51,aayl51:0003960:17303f07074b,17303f07074bb8676ba24fce0bc475532e788dac0a73db3d16e4f1de733f4ccd,0.2914254963,if6_consensus_when_public_priors_concordant_with_d4
aayl51,aayl51:0003961:d6393104eb15,d6393104eb15bd0ac621f78eef20ffee9eecd47c46a2ccffbd255b546ba14354,0.4546577036,if6_consensus_when_public_priors_concordant_with_d4
aayl51,aayl51:0003962:79b87e1cdeb2,79b87e1cdeb2742d45d5f6a60ae66c4f2ad3c6318d5f8ac65b54a74fc63100d1,0.552211225,if6_consensus_when_public_priors_concordant_with_d4
aayl51,aayl51:0003963:291810e62433,291810e62433db92c2be2fbcfa47ddd7bb36beb9c30646bba23d9902afa91812,0.5534459949,if6_consensus_when_public_priors_concordant_with_d4
aayl51,aayl51:0003964:e369adc6d715,e369adc6d71558698b722ddac56d30b54814b64251c1d9b40364723b766ae5a7,0.3314810395,if6_consensus_when_public_priors_concordant_with_d4
aayl51,aayl51:0003965:699ff647b574,699ff647b574126c7c521897c54aa0d919338a5ba832e6e62e4e8b7ffc1e20a6,0.1809832454,if6_consensus_when_public_priors_concordant_with_d4
aayl51,aayl51:0003966:fdf3fcf11149,fdf3fcf11149cc09d936e0d5ae961bf9c20fbff4da82ff39f2021f0d07e6cb90,0.1555915624,if6_consensus_when_public_priors_concordant_with_d4
aayl51,aayl51:0003967:d6158b73e054,d6158b73e054f7d7bd225754f4287461f18147867cba91a0bc6e75084cd17135,0.1908621043,if6_consensus_when_public_priors_concordant_with_d4
aayl51,aayl51:0003968:d7335111b45a,d7335111b45a947f93bf1b5baef60fe37a37dee518cd1d79951cbca8bb0dc107,0.116616495,if6_consensus_when_public_priors_concordant_with_d4
aayl51,aayl51:0003969:4e74c90215a5,4e74c90215a55130909aff86a5b02caa74b783ac9bcfc22361cc0f9f642ff32f,0.9421934485,if6_consensus_when_public_priors_concordant_with_d4
aayl51,aayl51:0003970:7a9db8a76fce,7a9db8a76fce03abce84f908a9e9ab5b886a553f02428cfc5dba9af8861b508c,0.2005093843,if6_consensus_when_public_priors_concordant_with_d4
aayl51,aayl51:0003971:f6841aee3c73,f6841aee3c73cd97c2adb1e5946b3706a1f601af6ce797b72425d5ce8d3ef76c,0.2788454294,if6_consensus_when_public_priors_concordant_with_d4
aayl51,aayl51:0003972:d2fc763d7a6b,d2fc763d7a6b5a15661d2bb04e9a246758c7557a30cf4ec3cbcdef2e438462b0,0.06992359459,if6_consensus_when_public_priors_concordant_with_d4
aayl51,aayl51:0003973:63541d13cfcc,63541d13cfcc94748cc5250ff27ea8a9561630b53862dbd58256ea5cb49c77a7,0.4479432106,if6_consensus_when_public_priors_concordant_with_d4
aayl51,aayl51:0003974:2ed592591a70,2ed592591a705ee765468bf8c320b879e943e6fd9718a29de7b7c1c0170f5b34,0.006097089965,if6_consensus_when_public_priors_concordant_with_d4
aayl51,aayl51:0003975:680485547727,6804855477270bf01d8d2a95bfac9b62909330837f4daac6d8cc362823a9b1ab,0.1362198144,if6_consensus_when_public_priors_concordant_with_d4
aayl51,aayl51:0003976:9b8829089e56,9b8829089e567b7493633ddc44ed5c5f4b7c091b1817e257435aa0ee8d536673,0.3229914308,if6_consensus_when_public_priors_concordant_with_d4
aayl51,aayl51:0003977:1f2339fc7942,1f2339fc79422a278868422c7801ca51b3cb2141ea5e90e24813ea29029666bb,0.0764837563,if6_consensus_when_public_priors_concordant_with_d4
aayl51,aayl51:0003978:d9e22eeb13b8,d9e22eeb13b88ecb468aca3f07a95ce8a5bca6f6d64dca1794b0ab17cf1b184b,0.2574670017,if6_consensus_when_public_priors_concordant_with_d4
aayl51,aayl51:0003979:15264b95b5e6,15264b95b5e6918446a72f15992251ee77689bb8703b9ff345e75cb8219fb1a0,0.2123948485,if6_consensus_when_public_priors_concordant_with_d4
aayl51,aayl51:0003980:9d91b75fd588,9d91b75fd588bb998e6dc69619c08574f52b9050ebba41825585195395e1e2bb,0.349463582,if6_consensus_when_public_priors_concordant_with_d4
aayl51,aayl51:0003981:7633e40ac47b,7633e40ac47b52acdac3d5eaad567f9ab2e63204e156289485c37fb4f86afd28,0.4843713939,if6_consensus_when_public_priors_concordant_with_d4
aayl51,aayl51:0003982:6be41d537abd,6be41d537abd08cb21274a352658c55db5dde6b1f6013f826a433ca01a71bc43,0.09546963125,if6_consensus_when_public_priors_concordant_with_d4
aayl51,aayl51:0003983:a5b8083b9a3c,a5b8083b9a3cb2edd5a17b3886532fd2a4285e3a131538ccfa97e8e860e7d318,0.08535926789,if6_consensus_when_public_priors_concordant_with_d4
aayl51,aayl51:0003984:59e015bd6e23,59e015bd6e23bc75313bd34383d55268098493259080ba50c051ee021ef009f0,0.2123948336,if6_consensus_when_public_priors_concordant_with_d4
aayl51,aayl51:0003985:ead9225047a1,ead9225047a1c44baad5aa310b4353da7b768670a63b69953af8531b99ecbe91,0.4495639503,if6_consensus_when_public_priors_concordant_with_d4
aayl51,aayl51:0003986:2dd92e3695c5,2dd92e3695c5acff7467cd93bfe5fd188b33b3ae4e713d8171e65573eadf4d83,0.2941267192,if6_consensus_when_public_priors_concordant_with_d4
aayl51,aayl51:0003987:fdcfc180449f,fdcfc180449f8cacb444fd053e261ed24f8b1282fdd6443b0087a7b461a5e9c1,0.08103727549,if6_consensus_when_public_priors_concordant_with_d4
aayl51,aayl51:0003988:d4edd7a271c1,d4edd7a271c10ce009b18d68b64dda0433b533dd0dfd4f59a5502d86707e14aa,0.03434437141,if6_consensus_when_public_priors_concordant_with_d4
aayl51,aayl51:0003989:976551a95506,976551a955065e11fe9ee404e76d4b3aa0cec8bb1569470dee229cb3064d887e,0.4780427516,if6_consensus_when_public_priors_concordant_with_d4
aayl51,aayl51:0003990:2bd7c038c6bd,2bd7c038c6bd2633cee4f739827c5da784dccb669faf4c050aceffdd7219d0bc,0.07378251106,if6_consensus_when_public_priors_concordant_with_d4
aayl51,aayl51:0003991:6f391e991bff,6f391e991bff11bf63462ae072219c62940c1047655fc654549d176ec600effb,0.1419310123,if6_consensus_when_public_priors_concordant_with_d4
aayl51,aayl51:0003992:f60e6f150847,f60e6f150847240e10b29422724854f2e1eb8fa3173db67aaa924f49aca42cc2,0.1390754133,if6_consensus_when_public_priors_concordant_with_d4
aayl51,aayl51:0003993:af280958eec3,af280958eec36808f8c8a983f0217b63843af473e6004191d293344f9785558c,0.1873890609,if6_consensus_when_public_priors_concordant_with_d4
aayl51,aayl51:0003994:53e0eb45aaa8,53e0eb45aaa81289945208b6835476c9379305590772ecb5e1f7c8ab84da7dbd,0.1155360043,if6_consensus_when_public_priors_concordant_with_d4
aayl51,aayl51:0003995:338ea2d4ec8e,338ea2d4ec8e0bbd6cd38021d818fff09070225afb34e95b7abd00170b3709ea,0.3344910145,if6_consensus_when_public_priors_concordant_with_d4
aayl51,aayl51:0003996:9787fc8ab9b3,9787fc8ab9b3717c461c8fa46cccc89321a66fe502d07c7df3a3e8d449579eb5,0.09199661016,if6_consensus_when_public_priors_concordant_with_d4
aayl51,aayl51:0003997:3698993c7ffa,3698993c7ffab2e841c1e309f64dd103388eb629cb5691fd2b9c17a2820b5368,0.1582156271,if6_consensus_when_public_priors_concordant_with_d4
aayl51,aayl51:0003998:47bdfc805061,47bdfc805061f0b41c7fb68c50c6e86d68c2fdafbb1a6e1615ffad119f711284,0.979238987,if6_consensus_when_public_priors_concordant_with_d4
aayl51,aayl51:0003999:d90578f4ed9e,d90578f4ed9e7c85d72f1b4d0c6cdcef926713f13add930aa0874b73b77d84f8,0.1414679438,if6_consensus_when_public_priors_concordant_with_d4
aayl51,aayl51:0004000:31df95219f02,31df95219f02df7307ae395ca09445a4300c5a5dc8b6626af69851e09a8bbee0,0.54881531,if6_consensus_when_public_priors_concordant_with_d4
aayl51,aayl51:0004001:c7a759cfa5ea,c7a759cfa5ea0987ed0499f0b6bcbca5caf59e9af4393ea819d4b675091ddb60,0.3076329529,if6_consensus_when_public_priors_concordant_with_d4
aayl51,aayl51:0004002:a1166977e330,a1166977e330eaa9903b57992c8a9b7a19f144dda14d55efd47e5dbd9348e1ad,0.4052635729,if6_consensus_when_public_priors_concordant_with_d4
aayl51,aayl51:0004003:28a0f70ec564,28a0f70ec564140f3be93563ff5db53e37918bf27350827cf356c6dbfca5a32e,0.422860235,if6_consensus_when_public_priors_concordant_with_d4
aayl51,aayl51:0004004:6151e2408582,6151e2408582f4e59986c05257c3bc8ab8b62e8a38f060f03ff59a266b47c159,0.4062283039,if6_consensus_when_public_priors_concordant_with_d4
aayl51,aayl51:0004005:9dee437a314e,9dee437a314e9838c45ad1aaf15196ccce19a0591cb0c74915b9205baf41e5dc,0.2431118339,if6_consensus_when_public_priors_concordant_with_d4
aayl51,aayl51:0004006:99b9963a1c8e,99b9963a1c8e29ab0099550c35c4e0965c7084cfcb543a3e4b2ddfe02e14157e,0.3950760067,if6_consensus_when_public_priors_concordant_with_d4
aayl51,aayl51:0004007:bd93ff533d88,bd93ff533d88105bca766614df556474e822c88420dc9905890b5ac0d644765f,0.177664578,if6_consensus_when_public_priors_concordant_with_d4
aayl51,aayl51:0004008:eb84048a5378,eb84048a53781f58151b78e4c68a2c2d911e425843b09acd4375ba28aabcc721,0.2729798555,if6_consensus_when_public_priors_concordant_with_d4
aayl51,aayl51:0004009:6308127d717b,6308127d717b302f4713481d8a5ec222607746e84719788f35efc55756c76096,0.3527822793,if6_consensus_when_public_priors_concordant_with_d4
aayl51,aayl51:0004010:3e185c772596,3e185c7725963857176904f199998c70d774944c28afbb5e5b173a54e9cf9a29,0.5177896023,if6_consensus_when_public_priors_concordant_with_d4
aayl51,aayl51:0004011:013984f0ea32,013984f0ea32fc3aae7493574def7bd7c0d6ad247de8db297e038d776c6db41f,0.4435440302,if6_consensus_when_public_priors_concordant_with_d4
aayl51,aayl51:0004012:52a9f5452967,52a9f5452967e88b0f56c8e4a6ab288971026b3e2852d914aafa6081857de858,0.2018985897,if6_consensus_when_public_priors_concordant_with_d4
aayl51,aayl51:0004013:73bdc7e698cd,73bdc7e698cd8d20fbb9ce971b0159c3906ca75cfc628747c11743b9c72d59bc,0.9319286942,if6_consensus_when_public_priors_concordant_with_d4
aayl51,aayl51:0004014:e5f23a243684,e5f23a24368410f5825d33676eef311b61451867f1ee40bd921a33959c541c0a,0.08065138012,if6_consensus_when_public_priors_concordant_with_d4
aayl51,aayl51:0004015:ac56f6dba903,ac56f6dba90310d45877c6b5aab5dcb1ae3940cdd829227d5177f9dc318d2f91,0.1004090533,if6_consensus_when_public_priors_concordant_with_d4
aayl51,aayl51:0004016:7fe9f4da69fc,7fe9f4da69fc75641b6ccd3bd0505359e05d0d3edde690bce9aa7040f9e37ab8,0.7871420979,if6_consensus_when_public_priors_concordant_with_d4
aayl51,aayl51:0004017:f76f752f6ec6,f76f752f6ec6e9670bd8a7ea41393f6d6525c0e64908dcd7a846e6285642400d,0.497954756,if6_consensus_when_public_priors_concordant_with_d4
aayl51,aayl51:0004018:5b096b814881,5b096b8148811b270386d2f0859990cd7be5c1e899e229afe27356d82a16f780,0.2397931665,if6_consensus_when_public_priors_concordant_with_d4
aayl51,aayl51:0004019:9e2d76111cb8,9e2d76111cb8a2d869b3cf7cb1419e70f767c7766abea4259cf9e32fe70513f2,0.2607856691,if6_consensus_when_public_priors_concordant_with_d4
aayl51,aayl51:0004020:1996dbd72f75,1996dbd72f759220500e80ea92d221531437cecdbb9d5a19680fb95d7da11047,0.08096009493,if6_consensus_when_public_priors_concordant_with_d4
aayl51,aayl51:0004021:97f9cb31b771,97f9cb31b771a48254f632a8f8f274a04a3cc4c27ca147c156ea853bfca1b8a7,0.06861156225,if6_consensus_when_public_priors_concordant_with_d4
aayl51,aayl51:0004022:4763ebc36147,4763ebc361475b4b439e50605af097d0f320ceb48f803a945a708bd7b76a1791,0.2699699104,if6_consensus_when_public_priors_concordant_with_d4
aayl51,aayl51:0004023:90b63610fcfd,90b63610fcfd91bc662358aa0485e8259d66ef0c10f3e68e9090f7885ee5e08e,0.3043914139,if6_consensus_when_public_priors_concordant_with_d4
aayl51,aayl51:0004024:23608df8c515,23608df8c5157c0816fa9e6c6b5cb4ceca6828a77ab928db846d86b795e3dfaf,0.1497260183,if6_consensus_when_public_priors_concordant_with_d4
aayl51,aayl51:0004025:b0aae8e2dfa5,b0aae8e2dfa5272a9a14804f712667eb7599bdd6a24da4be4b864cae93a453d3,0.4790460169,if6_consensus_when_public_priors_concordant_with_d4
aayl51,aayl51:0004026:3a390487704d,3a390487704d6907c8847da4bae217e6e55ba6a4f69eef6b40d8d3f0a6817e9d,0.2369375676,if6_consensus_when_public_priors_concordant_with_d4
aayl51,aayl51:0004027:6284e5a0944c,6284e5a0944c4911cd46412886d8fc8f92ddacb8d5616c2f95e78637f5a27470,0.6989272237,if6_consensus_when_public_priors_concordant_with_d4
aayl51,aayl51:0004028:ec5181f94174,ec5181f94174155be8dc02051ed2c862b7c91d13b25bda3afe5db050f21b278c,0.2433433533,if6_consensus_when_public_priors_concordant_with_d4
aayl51,aayl51:0004029:d06622218791,d0662221879182410cf6c82ce87c2205b3d4d5aa80cc30e8a9b5b13c626f5267,0.1371459365,if6_consensus_when_public_priors_concordant_with_d4
aayl51,aayl51:0004030:3088f72942a5,3088f72942a5e8a7d94b695d87cf59c262d97abffb05e78704c7b793b62a2372,0.2161765844,if6_consensus_when_public_priors_concordant_with_d4
aayl51,aayl51:0004031:23b32d7fe2a7,23b32d7fe2a7de4354adafac240722c0a34d8eada659ea5c6964ad02fb792664,0.03719997033,if6_consensus_when_public_priors_concordant_with_d4
aayl51,aayl51:0004032:b81db15c8f3f,b81db15c8f3f3a70043370f7683c223e73663c7811f64548aac0ba76c2518551,0.1223277077,if6_consensus_when_public_priors_concordant_with_d4
aayl51,aayl51:0004033:db2bbe75a681,db2bbe75a681572e0b5575c37d3b46bf9fb0066b099ef5dbdeeb459209da3a78,0.1687890738,if6_consensus_when_public_priors_concordant_with_d4
aayl51,aayl51:0004034:6f5523c47157,6f5523c4715742fc42489933649727b37a0dadf592a3e20c5649fc665536cb41,0.3234544992,if6_consensus_when_public_priors_concordant_with_d4
aayl51,aayl51:0004035:9e299d95d261,9e299d95d2612373d25cc2dbba1ce5f5060dbc67ac874c99a44aa6d3bc846c47,0.2057574987,if6_consensus_when_public_priors_concordant_with_d4
aayl51,aayl51:0004036:a034535ba4ff,a034535ba4ff76dcdc5ea6cee8ed26b859ae1c890fe9b0751be029cbd1c2029f,0.4679323733,if6_consensus_when_public_priors_concordant_with_d4
aayl51,aayl51:0004037:490fe9eba2bc,490fe9eba2bc237951979c6e2657820cac7bd608612a35f06b27d4a6f85dccfb,0.6855754256,if6_consensus_when_public_priors_concordant_with_d4
aayl51,aayl51:0004038:3d2ed7629d52,3d2ed7629d52b34adf75eebf969a1de91a53344f523bb558c0bae54352f94ab2,0.1285019666,if6_consensus_when_public_priors_concordant_with_d4
aayl51,aayl51:0004039:c3371e157811,c3371e157811670a6f105ad268f9b2bc30e9404c0b85cdde108d5147153a624e,0.9585552216,if6_consensus_when_public_priors_concordant_with_d4
aayl51,aayl51:0004040:148209d495c3,148209d495c3db50417fcc02cd53ea3f77600840ef7e3f22e31417b055192db4,0.0870571956,if6_consensus_when_public_priors_concordant_with_d4
aayl51,aayl51:0004041:32bde665b2ce,32bde665b2ceeb26f37ea61734f6e05c7236bdccdf9c9c676e1d54502107024f,0.2273674458,if6_consensus_when_public_priors_concordant_with_d4
aayl51,aayl51:0004042:808b2517903a,808b2517903ab00ca10df3da8a8e7664b14c057baebb5d1f8adfe2b32eb6ca2b,0.335957408,if6_consensus_when_public_priors_concordant_with_d4
aayl51,aayl51:0004043:f0e45fe689c5,f0e45fe689c543b80af3c4de34ecf2b5dc7e6372eadedd8cdfde3b5d6f43dfdd,0.2707417011,if6_consensus_when_public_priors_concordant_with_d4
aayl51,aayl51:0004044:8efaa1586a27,8efaa1586a2775f9a48b5d6db0c808abcfc7257413433db7f2f31e23691b037f,0.2915026546,if6_consensus_when_public_priors_concordant_with_d4
aayl51,aayl51:0004045:66decc07a604,66decc07a604509dc6c4aec945d792108283fd8a3837c3159b1e5d2765f68b58,0.07733271271,if6_consensus_when_public_priors_concordant_with_d4
aayl51,aayl51:0004046:668794dd5e2f,668794dd5e2f5952a4adb73e43bc108e943ec9cc6ae1e435f449d171190ff08e,0.2066064626,if6_consensus_when_public_priors_concordant_with_d4
aayl51,aayl51:0004047:d0c2359b0f38,d0c2359b0f387e209dba51d9b78f5f4ad301bfc25566f23659e142370ab044bb,0.7229297161,if6_consensus_when_public_priors_concordant_with_d4
aayl51,aayl51:0004048:c6d3d634c9c2,c6d3d634c9c2d51df0b6a09f751a6e39ac19f44587b24a20dc7470940b42f47f,0.88508147,if6_consensus_when_public_priors_concordant_with_d4
aayl51,aayl51:0004049:1388fb39a56b,1388fb39a56bad9956baf516ab5d3620878d287fc0dabf60918d7d844423f692,0.0361966528,if6_consensus_when_public_priors_concordant_with_d4
aayl51,aayl51:0004050:391900cf6f1e,391900cf6f1e0ed1fd9c48850f0f685e820fef75e32bd4ac69d6bf6928a0c7f1,0.06320907921,if6_consensus_when_public_priors_concordant_with_d4
aayl51,aayl51:0004051:d9fd11da479b,d9fd11da479bba418611cf461c2005eb4abe8e287203f5342b1db03ecbb37fee,0.4959481657,if6_consensus_when_public_priors_concordant_with_d4
aayl51,aayl51:0004052:31433aa39033,31433aa39033c2fe4b698d3175a1c2c09effd5a42ead132782c547b3cd5182ae,0.131897822,if6_consensus_when_public_priors_concordant_with_d4
aayl51,aayl51:0004053:ea696bfff4a2,ea696bfff4a263a5c9975712e8f6bb0b88d42b83fe73bcdb756b19a70b5139c5,0.4929381907,if6_consensus_when_public_priors_concordant_with_d4
aayl51,aayl51:0004054:27d9e06d571d,27d9e06d571d1ee200ece560852d52b518192e8eb21ae13fcd9bea142257cecf,0.3660569489,if6_consensus_when_public_priors_concordant_with_d4
aayl51,aayl51:0004055:1c8c6038c219,1c8c6038c2193f900497c5018942e70b975414add7f4becdf0d1b3b7f8e833ea,0.1779732853,if6_consensus_when_public_priors_concordant_with_d4
aayl51,aayl51:0004056:551089de9c3d,551089de9c3d2e110dc73e361a68ed241d7ca28dfab23157f91478bcc96dfd6e,0.1078953445,if6_consensus_when_public_priors_concordant_with_d4
aayl51,aayl51:0004057:c710a3f6888a,c710a3f6888a53a26a88fffb03ab886b2aba69e790caccced37ada05094bf4d6,0.527282536,if6_consensus_when_public_priors_concordant_with_d4
aayl51,aayl51:0004058:027960de5f60,027960de5f60e5ffd0bc2ff0b3365480797104f58806f8ae99d03faa3f942ea2,0.1909392625,if6_consensus_when_public_priors_concordant_with_d4
aayl51,aayl51:0004059:891a18795d52,891a18795d5290c4370c7d9c76f04652fc0fb38f1df6e9dc33a3a3226df64983,0.4986493587,if6_consensus_when_public_priors_concordant_with_d4
aayl51,aayl51:0004060:765f78f3797e,765f78f3797e49d38ec5cafa163aa51a44dbc7179be8db8f81ca8fe9de2af74f,0.3904453218,if6_consensus_when_public_priors_concordant_with_d4
aayl51,aayl51:0004061:e12b2aad8e7a,e12b2aad8e7a81a2e8428464681c3fbd9380e42faf84c5d877735002f71e9a0f,0.07972524315,if6_consensus_when_public_priors_concordant_with_d4
aayl51,aayl51:0004062:96630cd12bbc,96630cd12bbc5056dac90f0e0a6ff4890cbb5f52d238d8842042b11d08727b2a,0.05549123883,if6_consensus_when_public_priors_concordant_with_d4
aayl51,aayl51:0004063:6c86eb3b2995,6c86eb3b29955f5c7c2b8b95dd5e84ac544ef050d110197778573208831e51a7,0.03789457306,if6_consensus_when_public_priors_concordant_with_d4
aayl51,aayl51:0004064:9f0f510d030c,9f0f510d030c12507aa9a8d9125d2af1036bbf4918b7d3ed1e69fd0c224ee9c1,0.03310951591,if6_consensus_when_public_priors_concordant_with_d4
aayl51,aayl51:0004065:61b8382f3fd1,61b8382f3fd19f2990b9643f5ede7d850117a3196596e58d248e1acca91e1f7d,0.09639576823,if6_consensus_when_public_priors_concordant_with_d4
aayl51,aayl51:0004066:f51fdb19fcc3,f51fdb19fcc3005f8a55490f172ac033495096ed91e2a96b58192c17a2c77e07,0.9580149651,if6_consensus_when_public_priors_concordant_with_d4
aayl51,aayl51:0004067:05c35e391a7c,05c35e391a7c120b66290ef1d3b261dab242dc4495ba52929172c0e4253e7336,0.5114609599,if6_consensus_when_public_priors_concordant_with_d4
aayl51,aayl51:0004068:99aeae018e80,99aeae018e803ef27dbfa42d09c3494e8ce06c8e51bf7586b127c57df5d014b0,0.5464999676,if6_consensus_when_public_priors_concordant_with_d4
aayl51,aayl51:0004069:b2e5a73dc70d,b2e5a73dc70dcad333510428aa7245b501d3d6f73d1f91f0e36f0552a28db362,0.1964960843,if6_consensus_when_public_priors_concordant_with_d4
aayl51,aayl51:0004070:6fbbea3060fa,6fbbea3060fa0e16ac8da742bfbf7ebf779ad5bc80b5a8ec705c058278351682,0.1466388851,if6_consensus_when_public_priors_concordant_with_d4
aayl51,aayl51:0004071:620226ff6b60,620226ff6b60647c2ec6917bfee2c2d9880fab8ecda0ca973a1f02782ef8f7c7,0.4884618521,if6_consensus_when_public_priors_concordant_with_d4
aayl51,aayl51:0004072:3881aa574882,3881aa5748820efbb6f776db91f8897e4427cff88fc107b113d0ea9637d2fa1b,0.2317666262,if6_consensus_when_public_priors_concordant_with_d4
aayl51,aayl51:0004073:6620b980830e,6620b980830ea64ed75d3adda4374d5448eb8fb9e4f98dc1b4d0042d281b31a9,0.2018985897,if6_consensus_when_public_priors_concordant_with_d4
aayl51,aayl51:0004074:18dfccc8aa30,18dfccc8aa30b5721586e2ba4b62e1cfd9d5576f838225ccd032b00fcac42832,0.3789457381,if6_consensus_when_public_priors_concordant_with_d4
aayl51,aayl51:0004075:d257c0ff4bed,d257c0ff4bedbbc3506a07c1748561a5e283abc19f5fb2566557d6ceb2c5e8fe,0.2389441878,if6_consensus_when_public_priors_concordant_with_d4
aayl51,aayl51:0004076:560d767a11af,560d767a11af5f56ad21a66c02ac834a0a7c72485344e972fc73101d822577b8,0.1511152387,if6_consensus_when_public_priors_concordant_with_d4
aayl51,aayl51:0004077:558a3682c117,558a3682c1179437b7e6ab0db8e65d7e5a3637b1433f5eb4a3bee614acd6aa1b,0.286100179,if6_consensus_when_public_priors_concordant_with_d4
aayl51,aayl51:0004078:eb54fff4708c,eb54fff4708cda2e87bbd13cd918733928d257e71386f645ff5134ade4994496,0.9181137681,if6_consensus_when_public_priors_concordant_with_d4
aayl51,aayl51:0004079:5dc8bb890f4f,5dc8bb890f4f4174094d81ba2a523ce57b67b9eb4504c1574a63bc474ad208b6,0.400401324,if6_consensus_when_public_priors_concordant_with_d4
aayl51,aayl51:0004080:fc2f4e4db2c3,fc2f4e4db2c331a6d4b2a4d172d65c1a7c725e59abffb1692fe2ef80ef8e1aa4,0.06158833206,if6_consensus_when_public_priors_concordant_with_d4
aayl51,aayl51:0004081:c860b9dc9095,c860b9dc9095ae9f3517c45d1d2b9bd3e2fe4307c0348ee70f1db22f766f5850,0.2233541757,if6_consensus_when_public_priors_concordant_with_d4
aayl51,aayl51:0004082:b65ad02abc0c,b65ad02abc0c295f6769f83ac3304faa1695c966de7e70dad39a182c32a8083c,0.1244887039,if6_consensus_when_public_priors_concordant_with_d4
aayl51,aayl51:0004083:16207d9a070b,16207d9a070b90f30e7a8598e72da40c31bef4a736d4f0fc6f7fbe3cb088a4f6,0.5622443557,if6_consensus_when_public_priors_concordant_with_d4
aayl51,aayl51:0004084:5c72141293cf,5c72141293cfc1ad0a8a20a6272c591a81e04b45650276a4da9f9b9efcc620d3,0.283939153,if6_consensus_when_public_priors_concordant_with_d4
aayl51,aayl51:0004085:25a1c8f07c0c,25a1c8f07c0cce569022fa666c98c487f29a8028f7086d554d144812956a123b,0.9137145877,if6_consensus_when_public_priors_concordant_with_d4
aayl51,aayl51:0004086:744a14f53f74,744a14f53f7429adc516ef81f67b78b47b4e94265cbfddef836bd24b1bcbc9b5,0.07910781354,if6_consensus_when_public_priors_concordant_with_d4
aayl51,aayl51:0004087:60afa53c8dd4,60afa53c8dd4c6b81bc5bb26d42745737016d9316ef27d0a8c85b4c20ba2867a,0.3443697989,if6_consensus_when_public_priors_concordant_with_d4
aayl51,aayl51:0004088:6950f42ce46f,6950f42ce46f6ac5e316cd7ea7a97d7959d681acf56411781e2eeca1d0d4652f,0.301767379,if6_consensus_when_public_priors_concordant_with_d4
aayl51,aayl51:0004089:64a1f3d3cc46,64a1f3d3cc46e5e33edc7ea87f03ff2783907f534d3a0a729859040b733f002e,0.1970363408,if6_consensus_when_public_priors_concordant_with_d4
aayl51,aayl51:0004090:235ad9467678,235ad9467678522192bc1a4f57125dc268fa1f478a646955989ca2f3b58ac417,0.4605232775,if6_consensus_when_public_priors_concordant_with_d4
aayl51,aayl51:0004091:8f47ab7fb366,8f47ab7fb366899fd47f8869cbe3bbf9f9abdcdecfe3f6b1918e59619efec6be,0.5248128772,if6_consensus_when_public_priors_concordant_with_d4
aayl51,aayl51:0004092:07f9d96a1489,07f9d96a14891e7be4b6f82616f8c18e32ab69a01359f8e4f9c7ab4b407cf09c,0.3676776886,if6_consensus_when_public_priors_concordant_with_d4
aayl51,aayl51:0004093:58868393483a,58868393483a7f38af26ec9ded965e12ef2af5dcf97fe2f7ea60bae1f65b4da7,0.4950991869,if6_consensus_when_public_priors_concordant_with_d4
aayl51,aayl51:0004094:f6b405069366,f6b405069366ba1c49f6ca137cab3a9a5b3d6f81ab4540d06788ec8226a39bc2,0.1125260517,if6_consensus_when_public_priors_concordant_with_d4
aayl51,aayl51:0004095:64e98a28dd3b,64e98a28dd3b09819ca83b07dd6f65a29b63e16d14f4ad754a04d16a91338024,0.3160453737,if6_consensus_when_public_priors_concordant_with_d4
aayl51,aayl51:0004096:d30b4c852721,d30b4c852721573281c3654dc90958e9b764a14a33ab37abe088464bb3f39176,0.5420235991,if6_consensus_when_public_priors_concordant_with_d4
aayl51,aayl51:0004097:31f32eacf164,31f32eacf164426f1bc62898e1a8e643915308a8049bb1932a801d781918028f,0.3368835449,if6_consensus_when_public_priors_concordant_with_d4
aayl51,aayl51:0004098:2d1b8125649b,2d1b8125649b666c8e20bd81b5288e954d8ea0bcf338534f470238cf3882f099,0.6892027855,if6_consensus_when_public_priors_concordant_with_d4
aayl51,aayl51:0004099:c49e767b093a,c49e767b093a2659649ad4519cc6328417b5c774d4da1dea8075d0d338db1f22,0.05579994991,if6_consensus_when_public_priors_concordant_with_d4
aayl51,aayl51:0004100:f6f66ef92ec3,f6f66ef92ec3a31d93258b1eeac6dca9961e48357e9b821886cf280d44e37a5d,0.1477193832,if6_consensus_when_public_priors_concordant_with_d4
aayl51,aayl51:0004101:0f6abe1495c2,0f6abe1495c2dbbaf51f7f7baf2353285ab86e27ce5287a50c168e47af28f710,0.195338428,if6_consensus_when_public_priors_concordant_with_d4
aayl51,aayl51:0004102:bf9ea35f8d73,bf9ea35f8d732666aef567ddd8dd30762a30411063be5907a428a7673d602d27,0.254920125,if6_consensus_when_public_priors_concordant_with_d4
aayl51,aayl51:0004103:c5b8c1a954da,c5b8c1a954da6c8f925f1de9d3c6c149ae0e93323b2a1b0550b9ce8698a749fa,0.3102569878,if6_consensus_when_public_priors_concordant_with_d4
aayl51,aayl51:0004104:fc43b1cf0733,fc43b1cf0733a50af0d491593e9e6d559efa44987224bf67382a60d1a42e0a4c,0.363124162,if6_consensus_when_public_priors_concordant_with_d4
aayl51,aayl51:0004105:86fef39778cb,86fef39778cb1c9ee6916bb3a543a0d3e385fa88b61eb6ec7b30a1cb3b13bc90,0.1193949208,if6_consensus_when_public_priors_concordant_with_d4
aayl51,aayl51:0004106:48ed7d18d95e,48ed7d18d95ee1c3d9058743cbad9c2f6de62f7e7326e50ed9cfea6744d38f90,0.4407656193,if6_consensus_when_public_priors_concordant_with_d4
aayl51,aayl51:0004107:40bfcbcc27d5,40bfcbcc27d5acf5487d258fd07979cbc37d62a331fc57918a4ca51098ccc0e4,0.5742070079,if6_consensus_when_public_priors_concordant_with_d4
aayl51,aayl51:0004108:2c288c1d685f,2c288c1d685f86341350934c2d66153e186643aefe1eebf473953fb6814224e2,0.17095007,if6_consensus_when_public_priors_concordant_with_d4
aayl51,aayl51:0004109:ed8dd99ab97e,ed8dd99ab97e66e08e4807607cf8182c43a262a004a08ba033e6a882cf71679d,0.545573771,if6_consensus_when_public_priors_concordant_with_d4
aayl51,aayl51:0004110:ffa875a03dd3,ffa875a03dd365ecc918627cfb74f37d141aca21f7308ba5dd6d223fec73e226,0.5074477196,if6_consensus_when_public_priors_concordant_with_d4
aayl51,aayl51:0004111:eb3df2bc6591,eb3df2bc65917aaa319bcffa28bf0daa5d3633d79e217ceb9b458617e97eb5bc,0.2304545641,if6_consensus_when_public_priors_concordant_with_d4
aayl51,aayl51:0004112:57b7cf3776a0,57b7cf3776a00eec44f777a42a4c7f2521f71e130fb4c95f51128e824a38b6a0,0.4969514608,if6_consensus_when_public_priors_concordant_with_d4
aayl51,aayl51:0004113:9d82511bb735,9d82511bb735058dc61f07cef1057edfc37e2c9a37e4d1535206722b1b14cb3e,0.3620437086,if6_consensus_when_public_priors_concordant_with_d4
aayl51,aayl51:0004114:f8ae67c80634,f8ae67c8063489724536d06aa570b7daefb25a82e36c43a00fed2506f29c1c95,0.1684803516,if6_consensus_when_public_priors_concordant_with_d4
aayl51,aayl51:0004115:b82328ce67ba,b82328ce67ba0b861ea8d2ae931a18de9f3ea9db8021a65e1dd1f97df148755f,0.2025160193,if6_consensus_when_public_priors_concordant_with_d4
aayl51,aayl51:0004116:cf8de84d645f,cf8de84d645fd483b6f2d5c724ffa3069ea1fb9a168c0ea48e81a534f0c3b1ee,0.1828355342,if6_consensus_when_public_priors_concordant_with_d4
aayl51,aayl51:0004117:1347b8dafd81,1347b8dafd81a737fc38ae207b4bfdbca54852e201e088d96475f2c3026aaf29,0.1095932722,if6_consensus_when_public_priors_concordant_with_d4
aayl51,aayl51:0004118:229c18d55326,229c18d55326879f19dca1639329c7089e1180dda03a4062465dc624991ee399,0.4705564678,if6_consensus_when_public_priors_concordant_with_d4
aayl51,aayl51:0004119:daea55d91c5f,daea55d91c5fc85245b10da5ab650d3bcde50bcf2ffe524fc71eb7f6eb8016ed,0.5184841752,if6_consensus_when_public_priors_concordant_with_d4
aayl51,aayl51:0004120:a0f354958d8e,a0f354958d8e547f5e8bc978d42eca607bbe7a4e4e5f77bc6b01f6031b1cc7e2,0.142548427,if6_consensus_when_public_priors_concordant_with_d4
aayl51,aayl51:0004121:bd2774c5dae8,bd2774c5dae8a6ee8c1ace867f53ab5b59c7da19fbccf3a4b0db3c33979f0f9c,0.1881608218,if6_consensus_when_public_priors_concordant_with_d4
aayl51,aayl51:0004122:c0bff3f78191,c0bff3f78191499a57b6e1dd23ba34ae5935be0db2ef44667749034ba26c1a41,0.4761133194,if6_consensus_when_public_priors_concordant_with_d4
aayl51,aayl51:0004123:abdfdf0fcdb5,abdfdf0fcdb5d17ec336f3bb79b301820a96e878121d7e1444c8738858af5fbc,0.5829281211,if6_consensus_when_public_priors_concordant_with_d4
aayl51,aayl51:0004124:17a36a09ee2d,17a36a09ee2da3f6868e25d9bed000c78a88898064060585e8ab239690f46ea7,0.2071467191,if6_consensus_when_public_priors_concordant_with_d4
aayl51,aayl51:0004125:8fa72676ed59,8fa72676ed595918d4766a2c8bb811f89aeb8bb4a162d6a532413a0657a9c045,0.6516168714,if6_consensus_when_public_priors_concordant_with_d4
aayl51,aayl51:0004126:644ca9b8a118,644ca9b8a11881693085e8071ecefeb30c0de0d3e871c1b9b7fea70156a93a90,0.2751408517,if6_consensus_when_public_priors_concordant_with_d4
aayl51,aayl51:0004127:301c073257f1,301c073257f1ad5752841c77c60dc666ae242833bfdfc9196c97b90a01cb38ab,0.3354557455,if6_consensus_when_public_priors_concordant_with_d4
aayl51,aayl51:0004128:7ac037d26f73,7ac037d26f73839ec4f7a17fdbd1787cafb2c9fae7107d1cf3df45e6360a8776,0.70510149,if6_consensus_when_public_priors_concordant_with_d4
aayl51,aayl51:0004129:6f6528eea4b4,6f6528eea4b4b36fe2dfc1dd23f583c29601b6ebb5026631cfef9ff1d66c1d77,0.7304159999,if6_consensus_when_public_priors_concordant_with_d4
aayl51,aayl51:0004130:0c203e35b081,0c203e35b081ed522bd2ab4ec0ad55418c9fd3566cea3ffeac80305496c8a62e,0.5891410112,if6_consensus_when_public_priors_concordant_with_d4
aayl51,aayl51:0004131:94e0cf2fc1c7,94e0cf2fc1c72874e0deae15e064caa4fbb4af4e5e7f831b51fbdbaa1edc8565,0.3637416065,if6_consensus_when_public_priors_concordant_with_d4
aayl51,aayl51:0004132:1b56b74eb3e7,1b56b74eb3e7bd0495aec427dfa98ea08fea21ef499dfca918e7def16c35c3c7,0.6292351484,if6_consensus_when_public_priors_concordant_with_d4
aayl51,aayl51:0004133:a909093d9319,a909093d9319bfb0a7ffcd10fda64665e4fd3e87162c47d830107f8725735fb6,0.6913637519,if6_consensus_when_public_priors_concordant_with_d4
aayl51,aayl51:0004134:fbbe03306aa6,fbbe03306aa67666bba6ca2a63a20e416311e390b58342b66a0c78edcf8e7d61,0.8902523518,if6_consensus_when_public_priors_concordant_with_d4
aayl51,aayl51:0004135:c5e160eb3c64,c5e160eb3c64dd1b65915e129624c72a8c151191c5d60ab4607d20ca164ee9ba,0.6859612465,if6_consensus_when_public_priors_concordant_with_d4
aayl51,aayl51:0004136:fe4079ae08e6,fe4079ae08e66d0f7cc7502b69ce2227751f9986e578560fd53141ce0cdbbb30,0.3541715145,if6_consensus_when_public_priors_concordant_with_d4
aayl51,aayl51:0004137:5acb83b82c88,5acb83b82c88fcb4127f94d473fad838640a2a4fd128c8c64e1ffad6b95d7d65,0.686733067,if6_consensus_when_public_priors_concordant_with_d4
aayl51,aayl51:0004138:a0a8305c3954,a0a8305c395456c1a4e436f15946198816d21a2d4b06edf14dd95b58135fdc0d,0.8312109113,if6_consensus_when_public_priors_concordant_with_d4
aayl51,aayl51:0004139:1ef6a36235ee,1ef6a36235eebe91186cb84072e5fb5635994da6248d6056c107b876d3e81ddd,0.6915952563,if6_consensus_when_public_priors_concordant_with_d4
aayl51,aayl51:0004140:0ba207791abc,0ba207791abccd7415537c3612d3e26e7b5703df55b1d0039eb278d2da2ee5a2,0.5979779363,if6_consensus_when_public_priors_concordant_with_d4
aayl51,aayl51:0004141:bea7c4803fc4,bea7c4803fc43d5434805c43917e159591d485cb254e665879abc79300a55ba6,0.6202053428,if6_consensus_when_public_priors_concordant_with_d4
aayl51,aayl51:0004142:3b546daa3618,3b546daa3618f76e64d39f61b63a444b820437e9e12412159f43ebe0cf05c994,0.8102183938,if6_consensus_when_public_priors_concordant_with_d4
aayl51,aayl51:0004143:b5bdbae90afe,b5bdbae90afeedefd80044fe7fcbf4d83347dbf5f36de77665937060c41189c5,0.8340665698,if6_consensus_when_public_priors_concordant_with_d4
aayl51,aayl51:0004144:343f7beb99ca,343f7beb99caf3cb5b81362984530a5afdd4eefdbfec7c0787e5bea0b6ccb2f5,0.7567338347,if6_consensus_when_public_priors_concordant_with_d4
aayl51,aayl51:0004145:6fcffb54c6fd,6fcffb54c6fde0dc1e3bdea99f5d19e019645ed26698b674a2be7a897344a4b7,0.823261559,if6_consensus_when_public_priors_concordant_with_d4
aayl51,aayl51:0004146:47f014657953,47f0146579533ef73043751ee307fd9033f950acbf57256453724dcf44d4cb27,0.6787837148,if6_consensus_when_public_priors_concordant_with_d4
aayl51,aayl51:0004147:5a36724329b7,5a36724329b7bd1a9a57a06d4e45741e7a80d2d6f2a0551f88cbb1b955c62c8b,0.4039515555,if6_consensus_when_public_priors_concordant_with_d4
aayl51,aayl51:0004148:956fce812863,956fce812863df081b813b760c3900d54380b62a97fb3ed78d3bfbc968252989,0.662884891,if6_consensus_when_public_priors_concordant_with_d4
aayl51,aayl51:0004149:de58e239bb40,de58e239bb40c9fd8b4b87d765e1c40ce755e2da1312887dbfd9ee3f704795bb,0.7964806557,if6_consensus_when_public_priors_concordant_with_d4
aayl51,aayl51:0004150:e051dcbaee29,e051dcbaee29751396a20bef46151e092c0728f4231cf2a8644a17a4de4ccc51,0.7733271718,if6_consensus_when_public_priors_concordant_with_d4
aayl51,aayl51:0004151:36372e92d29d,36372e92d29dfb31169eef006e1b0a176b411ac96048a955d8d7a402d7f068e3,0.8898665309,if6_consensus_when_public_priors_concordant_with_d4
aayl51,aayl51:0004152:1e6c0fef35a1,1e6c0fef35a1d522e3421e8dd147f169e5123a33fa868774488da368d6df918a,0.5446476936,if6_consensus_when_public_priors_concordant_with_d4
aayl51,aayl51:0004153:40e7d3017245,40e7d3017245d75ca677ebdee27758342ae2b030aa3914587ad0cb9ab9b51b82,0.5409431458,if6_consensus_when_public_priors_concordant_with_d4
aayl51,aayl51:0004154:b08e4a5eb249,b08e4a5eb2496e2501529d81490f32f4088e745a68f424cc1f1e0d12c173f0e8,0.4641120732,if6_consensus_when_public_priors_concordant_with_d4
aayl51,aayl51:0004155:838bdd082730,838bdd082730de0c6784a5824d571b6ac122af5c6e97ead59f9361c236f45d76,0.3655166924,if6_consensus_when_public_priors_concordant_with_d4
aayl51,aayl51:0004156:6509bc116f3d,6509bc116f3d21ee0609229061478d13b3c0cf81c2d74098a7c5b974735baaaa,0.8587636352,if6_consensus_when_public_priors_concordant_with_d4
aayl51,aayl51:0004157:8822817ec218,8822817ec2181a2da209ff113bdce4ee6587eb85a6e3c988df25afcb7e91896f,0.7387512326,if6_consensus_when_public_priors_concordant_with_d4
aayl51,aayl51:0004158:fdbc7d6a461a,fdbc7d6a461abf7aa29a7513a41f60b154eff4de0019db5b3c869387892ad13e,0.7074168324,if6_consensus_when_public_priors_concordant_with_d4
aayl51,aayl51:0004159:bb2880bc0d0c,bb2880bc0d0c85d58beeb4610b5d876391be96220261dccf86fdf64f27864fb9,0.883846581,if6_consensus_when_public_priors_concordant_with_d4
aayl51,aayl51:0004160:bb41e4422b90,bb41e4422b906ec3b050d6523466ba6343e75041acc073fab498880854d6a991,0.9597129226,if6_consensus_when_public_priors_concordant_with_d4
aayl51,aayl51:0004161:b036b9c01a73,b036b9c01a734564db89fe13cee38436dbf5f2a5283e1840e312f76933b489c3,0.5391680002,if6_consensus_when_public_priors_concordant_with_d4
aayl51,aayl51:0004162:ae6608d13595,ae6608d13595b7749188749c3f94fccf0ff305409dfb8a6052988b9c5df13d2a,0.4045689404,if6_consensus_when_public_priors_concordant_with_d4
aayl51,aayl51:0004163:e7c933e21167,e7c933e211679e7cc2e31be377975b70a2b56492065c1a307490f9dae43282c3,0.3094080389,if6_consensus_when_public_priors_concordant_with_d4
aayl51,aayl51:0004164:f9aaec5cf163,f9aaec5cf163df204d6553872f8807a0788211303b5dc3b7d17930553b10c1ac,0.434668541,if6_consensus_when_public_priors_concordant_with_d4
aayl51,aayl51:0004165:1e41b38ac7c9,1e41b38ac7c927bbcc853cec97635a69241201ca474e044297a46ef04b93440f,0.5827737451,if6_consensus_when_public_priors_concordant_with_d4
aayl51,aayl51:0004166:8933fd120515,8933fd1205156cb5908c246d32f6edd704c90514aecc58ec0d1ff948fae5d1c0,0.764605999,if6_consensus_when_public_priors_concordant_with_d4
aayl51,aayl51:0004167:5b8bd9858cea,5b8bd9858ceac6f0e7db2dfe51fbfae1de7813e25a4e67224427eeca4b4cfbe1,0.5481207371,if6_consensus_when_public_priors_concordant_with_d4
aayl51,aayl51:0004168:5049da172a5e,5049da172a5ec0004d5dac97b73bff6f5f45fa3e754a0086d758bfd546dd7a4d,0.822335422,if6_consensus_when_public_priors_concordant_with_d4
aayl51,aayl51:0004169:6d18841f4b59,6d18841f4b59e09f2d0f94b5249a08c8eaffbb3621f3d087272833df650de2d8,0.3574901521,if6_consensus_when_public_priors_concordant_with_d4
aayl51,aayl51:0004170:864cd85e94d5,864cd85e94d51e2fac4054ea0085b46ef8cbe114e8b3d3fc547c095718c413f8,0.957629025,if6_consensus_when_public_priors_concordant_with_d4
aayl51,aayl51:0004171:e2aa499aabf9,e2aa499aabf9ea922a8a47cdba2252c993ba5baf0d613bd93cc2299d64e74d4f,0.7954001427,if6_consensus_when_public_priors_concordant_with_d4
aayl51,aayl51:0004172:fc23bc672ea4,fc23bc672ea42ec95009b429634a385220368ea312dfc9028b34ca214e2de6c6,0.7893802524,if6_consensus_when_public_priors_concordant_with_d4
aayl51,aayl51:0004173:3019dd1c4344,3019dd1c4344a1605530c9b6d075bb623779874331500d412e3f86e271a41b58,0.9052249789,if6_consensus_when_public_priors_concordant_with_d4
aayl51,aayl51:0004174:21bd45af0681,21bd45af068125720265f6811988b2649681b9863beb424f3631fa3952d6a05c,0.4714054167,if6_consensus_when_public_priors_concordant_with_d4
aayl51,aayl51:0004175:691500bdfb0e,691500bdfb0ee44156711bfe1093f5b619f86769f6b392c452177d8f0fcc8000,0.5622443557,if6_consensus_when_public_priors_concordant_with_d4
aayl51,aayl51:0004176:f6e4e07087bf,f6e4e07087bfc9f6d229fb051772281b9998a7416d1b323b1f05bc3327697fa7,0.8548274636,if6_consensus_when_public_priors_concordant_with_d4
aayl51,aayl51:0004177:c010e2cb1f7a,c010e2cb1f7afeef3f8f0ca614f7dfe510d07728d006bed6135cb50596e7bacc,0.4666975439,if6_consensus_when_public_priors_concordant_with_d4
aayl51,aayl51:0004178:0b88ff33ac30,0b88ff33ac30919a036251ee5395abf02321956c964e2d7155620090f4a24e1d,0.8021146655,if6_consensus_when_public_priors_concordant_with_d4
aayl51,aayl51:0004179:c226580362dd,c226580362dd19c2407be3df6758a33fc7813018517460eab1dc6acdb71efe9a,0.6729180813,if6_consensus_when_public_priors_concordant_with_d4
aayl51,aayl51:0004180:4d38b642e908,4d38b642e908c07b91b8312ca26c3ebdc488eee994f399281bf1bcf4d2799654,0.7791154981,if6_consensus_when_public_priors_concordant_with_d4
aayl51,aayl51:0004181:ed4d1c0324c4,ed4d1c0324c4dbcb678db1a761b0454448bda5e7836a51f039154329723f884e,0.7287952304,if6_consensus_when_public_priors_concordant_with_d4
aayl51,aayl51:0004182:05e958a66154,05e958a661544c3f22e0e78ce2606b53b70330402a8d0bd627da41edc218e85a,0.704020977,if6_consensus_when_public_priors_concordant_with_d4
aayl51,aayl51:0004183:c58609d3d1f4,c58609d3d1f4f5c9e45ddb25eeb4649f52d1b146c351c63a32cbb85e5424556f,0.8068997264,if6_consensus_when_public_priors_concordant_with_d4
aayl51,aayl51:0004184:c531b95f0b5b,c531b95f0b5b35c6a070238251caa59425ecbb27602e1d9213d4c004ae7cf656,0.7406806946,if6_consensus_when_public_priors_concordant_with_d4
aayl51,aayl51:0004185:a0a47d6b471f,a0a47d6b471ff333bea5829a46f465fa4d0952f774308be62dfd9bcb2e3b70e2,0.4325846732,if6_consensus_when_public_priors_concordant_with_d4
aayl51,aayl51:0004186:4b4421ba9110,4b4421ba91107dbff748adbed27b59a1219f98147d42014ec968f81fdf2daafe,0.6417380571,if6_consensus_when_public_priors_concordant_with_d4
aayl51,aayl51:0004187:53ef77616fd4,53ef77616fd447eccc173826c725770f0445a2585816443761ef4c584699f670,0.5246585011,if6_consensus_when_public_priors_concordant_with_d4
aayl51,aayl51:0004188:9ecaa4b71ef5,9ecaa4b71ef5cbebbbdaa2cc321c527076215fb972d23d72d0ea261f9b002649,0.4518021047,if6_consensus_when_public_priors_concordant_with_d4
aayl51,aayl51:0004189:80967cf8c55b,80967cf8c55bc9a045aeb0804fffdfaab75fa56a0c49e1bd8801a8406b6a7160,0.6600293517,if6_consensus_when_public_priors_concordant_with_d4
aayl51,aayl51:0004190:600e8a411563,600e8a411563f6a9bdf0f3a5b6174cc1552c25a9996682fe5a89502a946ef6cf,0.5134676099,if6_consensus_when_public_priors_concordant_with_d4
aayl51,aayl51:0004191:9ecb488e8b37,9ecb488e8b3796446bb13d791a7c3ee4e00182789cc25c906166e07df0f1fd9d,0.6384580135,if6_consensus_when_public_priors_concordant_with_d4
aayl51,aayl51:0004192:141d6b0f1bce,141d6b0f1bce02d41dc535f33767381962921d50c02a7c67fe702521d731bb8e,0.9630315304,if6_consensus_when_public_priors_concordant_with_d4
aayl51,aayl51:0004193:daa1d256363d,daa1d256363db30b85df4b48dc2a5e62b1c4fd3562e444b136895554c7080eb2,0.9431195855,if6_consensus_when_public_priors_concordant_with_d4
aayl51,aayl51:0004194:289645baab58,289645baab586cd2443e1976609c3452531effb0109af066d3805eccf63824f4,0.6323608756,if6_consensus_when_public_priors_concordant_with_d4
aayl51,aayl51:0004195:9c6bbd4a348b,9c6bbd4a348bca38bdac44bf35daa7bf00dbbd6badff9d235d13feea237273d4,0.6624990106,if6_consensus_when_public_priors_concordant_with_d4
aayl51,aayl51:0004196:4f9c4af62eb6,4f9c4af62eb60a9bc46ee91dc6f70b8a4d8c6fe4f8f78554c144817f1e6da5dd,0.3033109605,if6_consensus_when_public_priors_concordant_with_d4
aayl51,aayl51:0004197:07c82c8590ce,07c82c8590ce17a475aab08173b01756056d82ff47a1b9933dd6c962e0e19884,0.5068302751,if6_consensus_when_public_priors_concordant_with_d4
aayl51,aayl51:0004198:c43d00350783,c43d0035078325ab118bcf464e844bb5528595631fd84fce8405cf10e2cac844,0.7470093369,if6_consensus_when_public_priors_concordant_with_d4
aayl51,aayl51:0004199:041d07a3d31c,041d07a3d31cd66879e99d77160a6dbc680004be6fa4a02937eb707c00ca80c5,0.98471874,if6_consensus_when_public_priors_concordant_with_d4
aayl51,aayl51:0004200:5ff4c762107d,5ff4c762107df841ba3c9236bfa74bc9dc202247ea79ec68b8ce03359cf42e57,0.5333024859,if6_consensus_when_public_priors_concordant_with_d4
aayl51,aayl51:0004201:73acf0c27fd3,73acf0c27fd335de1188011bbc719d64a5d3e82b887c3375a14638ac54862982,0.350544095,if6_consensus_when_public_priors_concordant_with_d4
aayl51,aayl51:0004202:9928db32f7b8,9928db32f7b8c2a5de74f80b58ce7eb7787cecf19316adb69f9b14c7b129b0f3,0.409122467,if6_consensus_when_public_priors_concordant_with_d4
aayl51,aayl51:0004203:acd9da65b756,acd9da65b756b5560c1858e6365fd7b6f6e026f9ccf2a613cd0996095b40a252,0.5169406533,if6_consensus_when_public_priors_concordant_with_d4
aayl51,aayl51:0004204:feeebfba4788,feeebfba4788d75f2ac8ff67c76e8f3557b8bd76738f62f8b0e64dc38f60eeee,0.9466697574,if6_consensus_when_public_priors_concordant_with_d4
aayl51,aayl51:0004205:14fd14c1cfdb,14fd14c1cfdb3664a54efd9dafd51f3d0e04355da030a1c9cd16db8887ef9bbe,0.8062050939,if6_consensus_when_public_priors_concordant_with_d4
aayl51,aayl51:0004206:900c52ec8f78,900c52ec8f786d8f7b950d4c102be676d4afee501eb19598c459b2057b7bcf2a,0.6638110876,if6_consensus_when_public_priors_concordant_with_d4
aayl51,aayl51:0004207:5083b16524e8,5083b16524e83dc60f9a91d30016e6a3936ff996a33d54d3e3c8f3b1fe04829b,0.5454966426,if6_consensus_when_public_priors_concordant_with_d4
aayl51,aayl51:0004208:2e509d2449da,2e509d2449da7d4764b590f2322dd708fbd8e3dc57e0f29c5a9fd9bd50b49a63,0.2996835709,if6_consensus_when_public_priors_concordant_with_d4
aayl51,aayl51:0004209:a38c69220388,a38c69220388d2745f6356ef43b133b7345cfa3c0d3c227af76c6ede1fc78799,0.4691672325,if6_consensus_when_public_priors_concordant_with_d4
aayl51,aayl51:0004210:e45de723807f,e45de723807fef61e67201accde0e67d6b9226c02df21aba8b4aa23e4df492b6,0.6765454412,if6_consensus_when_public_priors_concordant_with_d4
aayl51,aayl51:0004211:0a154b1cc2c1,0a154b1cc2c1a8068fb21393e03eb6deb0dd0d3587e9e9f27886134969c299c2,0.8207146525,if6_consensus_when_public_priors_concordant_with_d4
aayl51,aayl51:0004212:ada20f9ea73c,ada20f9ea73c15ecc40b52591db6d7f2dda435d081d41f685eab95c8eba2a964,0.648606956,if6_consensus_when_public_priors_concordant_with_d4
aayl51,aayl51:0004213:72ff0ea9c8e3,72ff0ea9c8e37ce235a22599617b0eca1be0488433ec531a111ecb8ebb1309e3,0.343983978,if6_consensus_when_public_priors_concordant_with_d4
aayl51,aayl51:0004214:b777c3728001,b777c37280017e5c18cafc805bf255df56497d41e0db82dae5d873d572785e65,0.3622752428,if6_consensus_when_public_priors_concordant_with_d4
aayl51,aayl51:0004215:129c38c8547d,129c38c8547d4957bbeb0ba68cc0285b6c2a662a80139697008c76977ac78515,0.4774253368,if6_consensus_when_public_priors_concordant_with_d4
aayl51,aayl51:0004216:add8d0a46c43,add8d0a46c43c15ab6d77dff00f258cc7edd1df78e9659d9d3f516cba9526224,0.6939105988,if6_consensus_when_public_priors_concordant_with_d4
aayl51,aayl51:0004217:1ff57d2abb3a,1ff57d2abb3acfa998dd2651544f1683841419f6c4d6cb770c181a0ce07a41fb,0.3820328712,if6_consensus_when_public_priors_concordant_with_d4
aayl51,aayl51:0004218:47a5cedc5677,47a5cedc5677286fe5175fb022a5a2edc11d12c01340ebeaf096d4bc5395cad4,0.4284170568,if6_consensus_when_public_priors_concordant_with_d4
aayl51,aayl51:0004219:07f3cb4596a9,07f3cb4596a9365d79f4275e8f18ca54fdef62f6ffa5f2c6db51df03819be4d5,0.4646908939,if6_consensus_when_public_priors_concordant_with_d4
aayl51,aayl51:0004220:e31634d143f2,e31634d143f2c98b41e4fc6f6849c2cb546f72fba3d5b4b3eca62b54eb3393cb,0.5761364102,if6_consensus_when_public_priors_concordant_with_d4
aayl51,aayl51:0004221:7697d6a8b2a3,7697d6a8b2a31d5722f9607af5ac026a63a76a8fe2cdb681053d41630c9eb47f,0.7079570889,if6_consensus_when_public_priors_concordant_with_d4
aayl51,aayl51:0004222:b9076556388c,b9076556388c7abaa054aece066e6a793c510c92842bb80ff87213ed2e2ae196,0.7443852425,if6_consensus_when_public_priors_concordant_with_d4
aayl51,aayl51:0004223:3bb74a05b470,3bb74a05b470aacaea992fd8b16407fae734e3b268fc4ba9ae8ef526cbdb34bd,0.6446707845,if6_consensus_when_public_priors_concordant_with_d4
aayl51,aayl51:0004224:de5cfe279f6a,de5cfe279f6a0bcf3737d42fe7bf760d79fbe89932534c3761739e209050e6ad,0.2620977163,if6_consensus_when_public_priors_concordant_with_d4
aayl51,aayl51:0004225:e444d324489b,e444d324489b41947da4016b2ced57b9acd61210eedb4b95409d295ba506acf2,0.3476885259,if6_consensus_when_public_priors_concordant_with_d4
aayl51,aayl51:0004226:2d16d54ebfce,2d16d54ebfce3aba4a6e738b58f01eacc61b033c2e6a64c36e1601913000d8de,0.1966504604,if6_consensus_when_public_priors_concordant_with_d4
aayl51,aayl51:0004227:42d0a7e993a6,42d0a7e993a6c68e7e0134f2274f197214ac5111a93373f6f0b7bda8b94ddbe4,0.9224357605,if6_consensus_when_public_priors_concordant_with_d4
aayl51,aayl51:0004228:99f08255d511,99f08255d511dd610c68ca0cd7c5c6d46eaf7a6af95ef0a4218e50ea4eb970e0,0.8615419865,if6_consensus_when_public_priors_concordant_with_d4
aayl51,aayl51:0004229:a3354f581b08,a3354f581b08a44bea4c58065741eae3fc09fc01c6498be65991ebb826cbb520,0.2278305143,if6_consensus_when_public_priors_concordant_with_d4
aayl51,aayl51:0004230:cf7adca98129,cf7adca9812992004d4e785e4b8477cd72b606867f919122e7caf95ab6bbf139,0.3551748097,if6_consensus_when_public_priors_concordant_with_d4
aayl51,aayl51:0004231:635946bb1562,635946bb1562bce5bda5a062edfad380f636c1f4d05252981563dc0cffe3b36c,0.5383190513,if6_consensus_when_public_priors_concordant_with_d4
aayl51,aayl51:0004232:2996df86e013,2996df86e0132fdc0255b54e58f739e1288fd5529c5e85d3917014844fef72c2,0.5452651381,if6_consensus_when_public_priors_concordant_with_d4
aayl51,aayl51:0004233:9e2d1824c35d,9e2d1824c35d77589bd7b8cba9eb9b028699e292832b00839333ac84570ed641,0.6300840974,if6_consensus_when_public_priors_concordant_with_d4
aayl51,aayl51:0004234:f8a524479308,f8a52447930894b9071a92e95b1bb6b5dd23114777e1dacd930bd829ffa17261,0.5914177895,if6_consensus_when_public_priors_concordant_with_d4
aayl51,aayl51:0004235:5f1f7ceb7b90,5f1f7ceb7b90ba99dade715e722213f9f07a7fd17e76c4bd21bbf2bc5c43d8cc,0.5962027907,if6_consensus_when_public_priors_concordant_with_d4
aayl51,aayl51:0004236:da8dc2f21d38,da8dc2f21d3848214f1f2498fc90244e08ff9955185cbe25d152ad1d6052d012,0.231303528,if6_consensus_when_public_priors_concordant_with_d4
aayl51,aayl51:0004237:516e7f2f66cb,516e7f2f66cb5ffa4046106ca6f8b15276e5671531a3db54aa07fea697735475,0.711353004,if6_consensus_when_public_priors_concordant_with_d4
aayl51,aayl51:0004238:45356917e777,45356917e7770468d755a8ccc0adf0aeb023d9eea7d0928034d53cb32fb546e0,0.2233541757,if6_consensus_when_public_priors_concordant_with_d4
aayl51,aayl51:0004239:10b85a1d02ce,10b85a1d02cef5c7b220f0b5dbbfadbdf9878b12bc1aab23a489fa52adb166db,0.5765223503,if6_consensus_when_public_priors_concordant_with_d4
aayl51,aayl51:0004240:a53f83e90563,a53f83e9056382b205ae4139d47fcaeab097f9deb822b6fc1c29a7391fae4e7d,0.7617504001,if6_consensus_when_public_priors_concordant_with_d4
aayl51,aayl51:0004241:1465cd0f994a,1465cd0f994ab969cb0e278a4635761beb96777d1a2ee8e9eac75816d071f08d,0.4581307173,if6_consensus_when_public_priors_concordant_with_d4
aayl51,aayl51:0004242:1acf731d0a5d,1acf731d0a5d47cb639331f5e2c5436fe892ee251a688d30b1d6b579f904257e,0.2781507969,if6_consensus_when_public_priors_concordant_with_d4
aayl51,aayl51:0004243:d3c9b02b6262,d3c9b02b6262900ffd4e3c664c469c980ad5713658f42681963980b227651dc4,0.6858069301,if6_consensus_when_public_priors_concordant_with_d4
aayl51,aayl51:0004244:28f2bfefc40c,28f2bfefc40cb5b1065a82072ebbdd137e8f8ee37134b5dc62143852088882c4,0.7010110021,if6_consensus_when_public_priors_concordant_with_d4
aayl51,aayl51:0004245:9101389e727c,9101389e727c40c198469131a5432c9b1e23f78ed2a18d443177d71501e12032,0.6361040473,if6_consensus_when_public_priors_concordant_with_d4
aayl51,aayl51:0004246:8ead51015aad,8ead51015aad0ad38499f491ef7a7ca40abc20fc24fd8897625895953a296c16,0.6311646104,if6_consensus_when_public_priors_concordant_with_d4
aayl51,aayl51:0004247:8e444e296b05,8e444e296b0569d801c41ec5ce66af5aba2fd3ffa99db70a41d1bc71e2f16f3b,0.32422629,if6_consensus_when_public_priors_concordant_with_d4
aayl51,aayl51:0004248:875fc5997675,875fc5997675acbb157a85a5e56102bdb990f635426585ff848ee0e9b9e04855,0.6546268463,if6_consensus_when_public_priors_concordant_with_d4
aayl51,aayl51:0004249:8fc4030cdd0a,8fc4030cdd0ac0a20c776dc234a29118ad58cdd853fc396c512fde4f46c56e06,0.7115845084,if6_consensus_when_public_priors_concordant_with_d4
aayl51,aayl51:0004250:c8edbedf7416,c8edbedf741641087ff887124195b8fdd7a221b168df9e314b9d65229983ebfd,0.5548352003,if6_consensus_when_public_priors_concordant_with_d4
aayl51,aayl51:0004251:00eca93c0997,00eca93c0997f358e32ba2c2f47d6de92e78fb968e8d936f60d1a6730a43483a,0.264798969,if6_consensus_when_public_priors_concordant_with_d4
aayl51,aayl51:0004252:ee857a24deff,ee857a24deff86a0160efbc42982d9b0901fda0fa58c5db76902ce88d54650c5,0.5872501731,if6_consensus_when_public_priors_concordant_with_d4
aayl51,aayl51:0004253:c91b5ad52b65,c91b5ad52b65dc9199f5997c2ecec0b8482d9a49888c5c513ddc4e028128ccb8,0.922898829,if6_consensus_when_public_priors_concordant_with_d4
aayl51,aayl51:0004254:fee154f4a25d,fee154f4a25d82f1b5c526d8a632692dc772e2d4080a6f13bd989c3ebc3138b1,0.5901057124,if6_consensus_when_public_priors_concordant_with_d4
aayl51,aayl51:0004255:5fb58a18a329,5fb58a18a329c25f39e1872876bea88b760c967b49e1c4ea46a74f51547e5943,0.5454194546,if6_consensus_when_public_priors_concordant_with_d4
aayl51,aayl51:0004256:14bdfe4be6e4,14bdfe4be6e471b83ae9ae1ef7e95b9f7b2e0f4de3e39746182b79fb8c2e731d,0.2340047956,if6_consensus_when_public_priors_concordant_with_d4
aayl51,aayl51:0004257:164a6e75e4d1,164a6e75e4d1aa61b8f936182594cccd4be34a1235a8b8b87c2d42db90d3c340,0.4626070559,if6_consensus_when_public_priors_concordant_with_d4
aayl51,aayl51:0004258:61759d5349c1,61759d5349c12786adefc0d7bced34f28c49635ef733ab24f73ae8551c1ecf1c,0.5843173862,if6_consensus_when_public_priors_concordant_with_d4
aayl51,aayl51:0004259:924c8b2f20a3,924c8b2f20a3880409f7b2b70724b470334fb8a74745c1c750aacc49478cefd6,0.3541714847,if6_consensus_when_public_priors_concordant_with_d4
aayl51,aayl51:0004260:e0033e1b2d82,e0033e1b2d824414d2663e2abfd4ae5795ebbf9ad3303cdf641f6113781c0e57,0.7378250957,if6_consensus_when_public_priors_concordant_with_d4
aayl51,aayl51:0004261:674d1fcc2920,674d1fcc2920ff1364d74f561e3f87a21845b03096d5124c0c67a1d0425ceb89,0.9461295009,if6_consensus_when_public_priors_concordant_with_d4
aayl51,aayl51:0004262:f9c0da304b47,f9c0da304b472981b3a4d1b548086d6435c099f5428cf17902f2d143f8733fe9,0.5415605307,if6_consensus_when_public_priors_concordant_with_d4
aayl51,aayl51:0004263:10187e7603d3,10187e7603d37f5c538b207ed61a8b5ad85594edbe4d422d21bbd06c6dcf5747,0.3112603426,if6_consensus_when_public_priors_concordant_with_d4
aayl51,aayl51:0004264:912265f80e43,912265f80e438b1af5753d4440e4f7730c6cc25027ee4d6cb82f938ff3b3200f,0.3577216864,if6_consensus_when_public_priors_concordant_with_d4
aayl51,aayl51:0004265:713e9b61bdcc,713e9b61bdcc52c2cabb506a808941e58936906e7a77d00644a7c511f21a8da0,0.5638650656,if6_consensus_when_public_priors_concordant_with_d4
aayl51,aayl51:0004266:b13e5fc14eea,b13e5fc14eeaf09bb6fe6348d77691a4c72db83e81aec15f2d9f955b15c63604,0.5984409451,if6_consensus_when_public_priors_concordant_with_d4
aayl51,aayl51:0004267:99910b258cca,99910b258ccaca41c8abe3863bdf33410dcbdd0dc7b88bf69ddd6cf9f1d350d7,0.6157289147,if6_consensus_when_public_priors_concordant_with_d4
aayl51,aayl51:0004268:4e5038f9c052,4e5038f9c0525c49d015cfe4d1e7fc1eec2ab049612a389588987ca2069d2be6,0.1690977812,if6_consensus_when_public_priors_concordant_with_d4
aayl51,aayl51:0004269:14d8c2a0dc63,14d8c2a0dc6355e18fbe4433320c630cd515444ca0d3f0fcc13eab9ef38a0ca7,0.1925600022,if6_consensus_when_public_priors_concordant_with_d4
aayl51,aayl51:0004270:118d90cc2e18,118d90cc2e1825538dcbb6b2341c7c11baf703007b3f6ee3afe56531f2e7732e,0.2321525067,if6_consensus_when_public_priors_concordant_with_d4
aayl51,aayl51:0004271:0c0a08b25623,0c0a08b25623d2ecb306eac09bd3e44cb041dfd7228c282685d8633ba2ea0e8e,0.1931774169,if6_consensus_when_public_priors_concordant_with_d4
aayl51,aayl51:0004272:f5b10fe00adb,f5b10fe00adb261b159836c36981131c10b756cec42fcc0d95edee7dd4e3ce10,0.5118469,if6_consensus_when_public_priors_concordant_with_d4
aayl51,aayl51:0004273:7cb6da375d51,7cb6da375d514e8a0f5cb997d21f96b46feac5eafc3fc8583a83908c8c6d71fb,0.7263255119,if6_consensus_when_public_priors_concordant_with_d4
aayl51,aayl51:0004274:324bc5675acf,324bc5675acf6ce319811b6701333eb513d39d324bc4b4650f7045042b535491,0.3431349695,if6_consensus_when_public_priors_concordant_with_d4
aayl51,aayl51:0004275:613161ae3d1e,613161ae3d1eba119b37b751e00eccb5d87e5873e8dd84e74ce3fbb47177df31,0.3128810823,if6_consensus_when_public_priors_concordant_with_d4
aayl51,aayl51:0004276:7dffbd771a5e,7dffbd771a5e524629ccf60553c19c500f5a044b86578abba05deee2c3e86044,0.62475878,if6_consensus_when_public_priors_concordant_with_d4
aayl51,aayl51:0004277:0a302a687e40,0a302a687e4035346ed4406e305fb6bd60caf1ecae88bb6fe7fd766e16367ec9,0.3667515516,if6_consensus_when_public_priors_concordant_with_d4
aayl51,aayl51:0004278:8f2429ff66b8,8f2429ff66b8f883d9ea3a344cd020aacb70347c4ef977c3301e60c5f136c428,0.4250984192,if6_consensus_when_public_priors_concordant_with_d4
aayl51,aayl51:0004279:fa7e79b34eeb,fa7e79b34eeb113f0d470c2ddd81a576cc74d3fcf54217ddd5b129582cb46d4a,0.4867638648,if6_consensus_when_public_priors_concordant_with_d4
aayl51,aayl51:0004280:02580d2b0e8f,02580d2b0e8f4325b44f349da7eff114d5334edb0fadcd94543c2c2a0f7f8fdc,0.3347997367,if6_consensus_when_public_priors_concordant_with_d4
aayl51,aayl51:0004281:061e5ec1a0e9,061e5ec1a0e9767e95ffc4cceb092a6579f0b2a7405be1aedce5abfe2fbe3932,0.6320907474,if6_consensus_when_public_priors_concordant_with_d4
aayl51,aayl51:0004282:d8770e393ad4,d8770e393ad4ae5826cdc54f560ecdfff7600bbc091a9aa9bdec8b4a8c621d3f,0.1161534414,if6_consensus_when_public_priors_concordant_with_d4
aayl51,aayl51:0004283:d285adb43331,d285adb43331d5afcca57f180989c2c0b2f147e66b014a9c56f6fbfec7f95bac,0.442309171,if6_consensus_when_public_priors_concordant_with_d4
aayl51,aayl51:0004284:856d1548563a,856d1548563ac8efc68d7c7176232f5c3d1c25c389ce6682a220f30333ab8711,0.1592961401,if6_consensus_when_public_priors_concordant_with_d4
aayl51,aayl51:0004285:f535af1f964d,f535af1f964d395db6d3536eee8df779ab118f963377441e4632779ae3ef26f5,0.3690669239,if6_consensus_when_public_priors_concordant_with_d4
aayl51,aayl51:0004286:d40a7f13640d,d40a7f13640d538d0a6d478589ea349cbdf05048d9099640a8f9781f997a0775,0.8695685863,if6_consensus_when_public_priors_concordant_with_d4
aayl51,aayl51:0004287:9669836654a6,9669836654a6d20cb4eb1c5f9387012194f1c782fa6a91635e205c77f0b6c203,0.3901365995,if6_consensus_when_public_priors_concordant_with_d4
aayl51,aayl51:0004288:94d1546a7251,94d1546a7251de77571dae0523f72af9f1aeb568ec50c71f11bd754841acf275,0.2816238105,if6_consensus_when_public_priors_concordant_with_d4
aayl51,aayl51:0004289:36e61cc9cac2,36e61cc9cac21eb9daf0ef5269d27417c04afd7b1427cb6d3ec1b3110a3e6d91,0.6510766149,if6_consensus_when_public_priors_concordant_with_d4
aayl51,aayl51:0004290:57b34f155fd2,57b34f155fd2904fcf80039424a314c073aa1982c4d5430cadf80c6de028068b,0.5326078534,if6_consensus_when_public_priors_concordant_with_d4
aayl51,aayl51:0004291:d8765aeb01a8,d8765aeb01a89ed19b65dda17ea27b6ae4fec91f763239210be708c38b46937a,0.7958633304,if6_consensus_when_public_priors_concordant_with_d4
aayl51,aayl51:0004292:3534fce1a5cf,3534fce1a5cf0926a974e07305d92e6a67ddc3610fcba3ae6db06260f0fb466a,0.5981323123,if6_consensus_when_public_priors_concordant_with_d4
aayl51,aayl51:0004293:e164a2ee4480,e164a2ee4480b01a4f33bda7cd87cc78c3f39e32544e205ca02e1d7a872baf6b,0.7716292739,if6_consensus_when_public_priors_concordant_with_d4
aayl51,aayl51:0004294:11a022f74291,11a022f74291e7a4b52ab14cc180114d494cfb583092645d692c9bf8cf7ecff4,0.2997607291,if6_consensus_when_public_priors_concordant_with_d4
aayl51,aayl51:0004295:953e6f745a50,953e6f745a50401a5c8876365c2d9bddf26d96988ffef3223117a844e57b40f4,0.8359959722,if6_consensus_when_public_priors_concordant_with_d4
aayl51,aayl51:0004296:298492332f78,298492332f7883076d49d9bcfdba27b25b5f88c42ab67275f1e8389453fd352c,0.3380412161,if6_consensus_when_public_priors_concordant_with_d4
aayl51,aayl51:0004297:1c51145d6b9d,1c51145d6b9d72a7002e823f70f7a2011823a40a8368fc7cbb7b376448f703a4,0.5701165199,if6_consensus_when_public_priors_concordant_with_d4
aayl51,aayl51:0004298:9f0fd371c61b,9f0fd371c61b903641819b41e799264df5dc4363118ebad82d72ff3eedeb8c1c,0.3776337206,if6_consensus_when_public_priors_concordant_with_d4
aayl51,aayl51:0004299:537b429bb458,537b429bb4587965a37a0347db1fbe0ecc8e4702baa9bd909a34c7d2293628a4,0.6713745594,if6_consensus_when_public_priors_concordant_with_d4
aayl51,aayl51:0004300:6aa0d692a849,6aa0d692a8499a34474387b77b3111685a56e91a1c827fa8d0f73104d384612a,0.5551438928,if6_consensus_when_public_priors_concordant_with_d4
aayl51,aayl51:0004301:295374ce46f4,295374ce46f4696160fb6f9a46aaa97f0739616769fe69286c4889f8eda650f9,0.5779115558,if6_consensus_when_public_priors_concordant_with_d4
aayl51,aayl51:0004302:fdbcd074941d,fdbcd074941d812fb52a03904ba900e3c3cee3ff82376808eecafb7081ea4f46,0.6448252201,if6_consensus_when_public_priors_concordant_with_d4
aayl51,aayl51:0004303:8a197513a754,8a197513a754749b1ea9d43031eecd1a4eae3c6c0b5d92c02e512d3c05707fe1,0.4303465188,if6_consensus_when_public_priors_concordant_with_d4
aayl51,aayl51:0004304:7257edad8018,7257edad80182eca9f9004611bccfff0c97294e688ead04787047823602147c3,0.9269893169,if6_consensus_when_public_priors_concordant_with_d4
aayl51,aayl51:0004305:240c5899ba4e,240c5899ba4e159c2e2831a8034ea2a64fb0692a233ec3aa1b587895762cb59f,0.511924088,if6_consensus_when_public_priors_concordant_with_d4
aayl51,aayl51:0004306:ac409481c9b1,ac409481c9b13b8308648bdbd0f29a1c5e4dbb2384c1fb2599609efd147cd350,0.5471174121,if6_consensus_when_public_priors_concordant_with_d4
aayl51,aayl51:0004307:1eabaf2df33c,1eabaf2df33c2260065ef175af44a66ae2e05f17a5f5fb818762a9bb9abd905a,0.249980703,if6_consensus_when_public_priors_concordant_with_d4
aayl51,aayl51:0004308:29a13cc924a9,29a13cc924a9d4e43682f68386760aa1351761fadf188e45f9477eb43d99aaa0,0.6242185831,if6_consensus_when_public_priors_concordant_with_d4
aayl51,aayl51:0004309:5b6864a1c6b7,5b6864a1c6b73fdae32c1e5ea8662a5d41029b0793f5be998eda9de390434ff8,0.6031488776,if6_consensus_when_public_priors_concordant_with_d4
aayl51,aayl51:0004310:6af3aa54fb8f,6af3aa54fb8f27afb04359989e17ceac05a77d453685af27ba49d4023c145a2d,0.4604460895,if6_consensus_when_public_priors_concordant_with_d4
aayl51,aayl51:0004311:35a4a33c9bef,35a4a33c9befe149d510d40453e49ed777a9b521f21e1b2a86f2d4eb0891e13b,0.7107354999,if6_consensus_when_public_priors_concordant_with_d4
aayl51,aayl51:0004312:fcdc0617d111,fcdc0617d1116bca7f93a436a5d5cb9e049f313044d11603eaff61d6e63374be,0.3729258478,if6_consensus_when_public_priors_concordant_with_d4
aayl51,aayl51:0004313:28c1023a3d52,28c1023a3d52e1540576b91d5b762eafa7f8774ee661233f2979cd7357020c5e,0.4860693216,if6_consensus_when_public_priors_concordant_with_d4
aayl51,aayl51:0004314:fb73e87c4fdb,fb73e87c4fdb4c0a0eeaa5dc4ed8c186d8461e0441ead98a68f579d40c7ac7d6,0.254688561,if6_consensus_when_public_priors_concordant_with_d4
aayl51,aayl51:0004315:efa8537d7fec,efa8537d7feceb9208fb5e8620ea0b8222427652ab398e3e56bf3c971b881dac,0.8336034417,if6_consensus_when_public_priors_concordant_with_d4
aayl51,aayl51:0004316:1cee6c2876bf,1cee6c2876bf68237c9889efb24d63ee9cc2daead6ffeee0e2f5f2ce58f9848e,0.8880913854,if6_consensus_when_public_priors_concordant_with_d4
aayl51,aayl51:0004317:10a3491783bb,10a3491783bbdf4239bdc7561e79446311f89d350f0ba00044fb5c21f2343115,0.4078104496,if6_consensus_when_public_priors_concordant_with_d4
aayl51,aayl51:0004318:17401a6bf91e,17401a6bf91e7a5dc3d07c6ed5687e62825e017bea78759a3baf7ef66d38acbf,0.2607084811,if6_consensus_when_public_priors_concordant_with_d4
aayl51,aayl51:0004319:f0bc81972289,f0bc819722897ee1bdb1be9dc67f7765087d06775ed3efa96b4432f0e1bc5543,0.8957319856,if6_consensus_when_public_priors_concordant_with_d4
