row_id,sequence_sha256,log-likelihood,d4_par1_if10_policy
1mlc:0000000:78e0688816bd,78e0688816bdd644179894e684f782c4944df254f310d059ef6cb4459b7f130f,0.5024430156,d4_component_default_guard
1mlc:0000001:b38597094e1c,b38597094e1cd5edad3dbfb362820b2c1cf877bf2dd15384accda3e81561bd90,0.9242671132,d4_component_default_guard
1mlc:0000002:8e3922de80b6,8e3922de80b665362412d12f61875d121cee44627408a5c2f438d32042ebcd70,0.5700325966,d4_component_default_guard
1mlc:0000003:f7ad931bd0c0,f7ad931bd0c03bf2c17604c735ea1f160394fea1aee20ee26f52055a7ee4b4a9,0.176710099,d4_component_default_guard
1mlc:0000004:f174f9df4203,f174f9df4203d4f05c25051aa620a5c91f1e0604134809180d650a764b8a2983,0.9381107688,d4_component_default_guard
1mlc:0000005:36859504ac51,36859504ac51409b38a0f0ffddc9fa89ce9a65b5b2f934fd61612b125e932570,0.09690553695,d4_component_default_guard
1mlc:0000006:eab4af576c9a,eab4af576c9a7453120528a2912dd103145d05b2962d49b076e76fac8bf5856e,0.5382736325,d4_component_default_guard
1mlc:0000007:45814eb5c6f6,45814eb5c6f6d36ae174fbd9c1755680151ce8d5209a2f254f0ec3b9f2b0ee70,0.1653094441,d4_component_default_guard
1mlc:0000008:13371b144589,13371b14458969dc4fd4fb07fd128fe3c9176887e646220e9ef3ceeb52b681ea,0.09120520949,d4_component_default_guard
1mlc:0000009:4a119c7545e2,4a119c7545e27cc69f523deab3c8448a7ae4c3ac3e7a4d09d20f4e3a0bac6125,0.7353420258,d4_component_default_guard
1mlc:0000010:fc7856ddfc1e,fc7856ddfc1e2e0461720e1a054c524d29b139a368184c9b6c6afa65179cc837,0.9307817817,d4_component_default_guard
1mlc:0000011:b969e604a3e0,b969e604a3e0457db4f415be4d22903732fcab2510c4d8cc75795d6368b068fa,0.09446254373,d4_component_default_guard
1mlc:0000012:2526c07c9bd5,2526c07c9bd5bd497197b40bef9fdaff103d777c5bc4d2addd75ff693baa5e4a,0.2043973953,d4_component_default_guard
1mlc:0000013:a10863f4d9a8,a10863f4d9a89337301348abd4c8b99c850824478db14f7e5bbbddb0cabf29f3,0.4462540746,d4_component_default_guard
1mlc:0000014:621edac5d3b6,621edac5d3b66c88837e6471d1f334470e50c8a4d64f93a3f8ceda6168e2bf7e,0.8151465654,d4_component_default_guard
1mlc:0000015:93be59e90f89,93be59e90f899bf0105bb6461936b8d3751e00bc9cae04d1a2e319a9e82f1531,0.6718240976,d4_component_default_guard
1mlc:0000016:5bc93c34489b,5bc93c34489bdfbe6c50b126fb3f569682cec27b612ae39f732d26a68c203b0f,0.4894136786,d4_component_default_guard
1mlc:0000017:64073ff97aa4,64073ff97aa4c4aa4bc1f6ad55b04786cdec7e2a34fc7158d35eb7b6a7e386c9,0.1726384312,d4_component_default_guard
1mlc:0000018:227b10b41f5c,227b10b41f5cebbb88ea2b6c90a65225e39c7a2764650bf29bbf048bf0342c8a,0.05537459254,d4_component_default_guard
1mlc:0000019:714cf1fa8ac6,714cf1fa8ac6235971e1d8a00a5cac6025ee921b396b7201da403e68868a64f3,0.4714983702,d4_component_default_guard
1mlc:0000020:222f49d29f3a,222f49d29f3a1cfea591973d1b0bffd088643153d3891f19af4fe24a2952e492,0.9934853315,d4_component_default_guard
1mlc:0000021:f139cf612e1e,f139cf612e1e87ce2eb8cbbff0871396697ff41ff59399168f5f99573560331b,0.5887622237,d4_component_default_guard
1mlc:0000022:1dbe3ffeea57,1dbe3ffeea57412f4c97064a87f078df0e3332cc630574193479966a8fe91bad,0.6172638535,d4_component_default_guard
1mlc:0000023:54dd9859707a,54dd9859707af52c90fdd86b00c3fe0afc75c834909e69172b4e302f3fc6658a,0.7964169383,d4_component_default_guard
1mlc:0000024:fbdbe70cdf6f,fbdbe70cdf6f3537ebdd520404117d2cd4559919cdf3592a94a3982aa2962d5e,0.6685667634,d4_component_default_guard
1mlc:0000025:cce4d9a46cf4,cce4d9a46cf43a404aff9df8027a9737d7698b3986cf8ef930f863effbc7a3ee,0.4617263973,d4_component_default_guard
1mlc:0000026:5e6c0953def1,5e6c0953def10990e1e2e790c313edaeb746e7492c1b819b36dac2192f0fcf4f,0.5236156583,d4_component_default_guard
1mlc:0000027:4c9bc3f99f48,4c9bc3f99f4888fbb622fc653095ff31b09deffbb86424a3427a9a64905228d1,0.7817589641,d4_component_default_guard
1mlc:0000028:1eb4f10fb53c,1eb4f10fb53c018fcd51915a1ad106909b0fa8020d78612d2688081969a717e0,0.5,d4_component_default_guard
1mlc:0000029:54588e85bcf6,54588e85bcf6abfb0936bbe2dfb84d8c1e63eed3e9a374d67770501149037884,0.646579802,d4_component_default_guard
1mlc:0000030:47d71c8a6bec,47d71c8a6bec2249afacf0dbd93207acc9d05bd3b9bc8bd4c72add4d43a8ac0f,0.6604234576,d4_component_default_guard
1mlc:0000031:c4bed18b6054,c4bed18b6054fe988e3d6d06bda665b9c6bcdcfdfd36faf04d121624f66239f2,0.4682410359,d4_component_default_guard
1mlc:0000032:0b119ac766a3,0b119ac766a395df360e4a06d85daade00636932e10cdfe16b572c059d2f06ce,0.4951139987,d4_component_default_guard
1mlc:0000033:e459bba012de,e459bba012decfe4724921cc882dca7d0abfa0c404d1353fc4331b9051e258e1,0.907980442,d4_component_default_guard
1mlc:0000034:6f853ab733e2,6f853ab733e27206f7ebd31022c666a9c56cf768edfa120ac9d8ccca955f9c1a,0.1009771973,d4_component_default_guard
1mlc:0000035:45b86ddaa981,45b86ddaa981920e0577244b72b81859e843103597363e1506b01e1a0504062d,0.163680777,d4_component_default_guard
1mlc:0000036:d2376e46a9d5,d2376e46a9d5ae7b1e66d4e37afd6c2be1ed8e500ce6facecb08e85cb305d44d,0.1970684081,d4_component_default_guard
1mlc:0000037:95dd8d1291ae,95dd8d1291ae7e3cf42a5b2f95213cd0dbd24d0ef143176dfebac86627624db8,0.5048859715,d4_component_default_guard
1mlc:0000038:685369a6f88e,685369a6f88e3ce65566f63dc0a2587d9208f3a560ce79e04680d705e3a606f5,0.8224755526,d4_component_default_guard
1mlc:0000039:70c46778c660,70c46778c66074bd7a643f855b6291b3cbbf39441c63f36d442c4b1e5ad30d7f,0.1840390861,d4_component_default_guard
1mlc:0000040:9d2ab1e0b1b6,9d2ab1e0b1b6dfa25dbaa6f7a6f0b848ef9c4addd42eafe78d68217402179a7b,0.7109120488,d4_component_default_guard
1mlc:0000041:df45474d462b,df45474d462b8f30f1896c3dab262e0374b3550c6bded1948c2c0d0d1b259229,0.1742670983,d4_component_default_guard
1mlc:0000042:bb35d11a9fa3,bb35d11a9fa34a73321c24df7b25ee2899e218e5f70aab9f8fd5d9a204a3d5e8,0.5651465654,d4_component_default_guard
1mlc:0000043:07b505297c29,07b505297c298d4ace0d27b75021eb76640ca3984a68060b73cf522ce30ee02d,0.1677524447,d4_component_default_guard
1mlc:0000044:0ba0091deea2,0ba0091deea23bf0fa5bddcdf349a71788ba8094e5375851955681106026b7e4,0.9315961003,d4_component_default_guard
1mlc:0000045:caaaa0a10300,caaaa0a103000e948f605608aa09070d26559b6678dc20661d02eed987a7fa4b,0.08794788271,d4_component_default_guard
1mlc:0000046:9a3b8e2e64de,9a3b8e2e64ded842635dbf1018d6861ec3ce36dec7843342aab3d510453b6cb2,0.6872963905,d4_component_default_guard
1mlc:0000047:d4808cb68821,d4808cb68821633d4de7263f9a27d43dffb716ff66d0c24146f90108f03b3f16,0.08306188881,d4_component_default_guard
1mlc:0000048:ebdd280d62e2,ebdd280d62e24a877cc28fd69bb80cf14868f3cfb21c114059a9b40441b4dc4d,0.9291530848,d4_component_default_guard
1mlc:0000049:5e9fd69c0e1a,5e9fd69c0e1a8679e5f810be0ee255edb0b7d7ea0e8ccfb93cbf99206356e2ec,0.5537459254,d4_component_default_guard
1mlc:0000050:e178a6637031,e178a6637031cbfc81006c1fa1e64a0a04ebb6fe507e333aa8164404fdd520ac,0.09283387661,d4_component_default_guard
1mlc:0000051:516213d3edb5,516213d3edb53e2234252e03ab3f2652b9b70339b294c62cb57cd597f8ef7cba,0.9250814319,d4_component_default_guard
1mlc:0000052:540c0fa3733f,540c0fa3733f8fe40af006998adcb9b844fe70b6e39a5013b37e8d815d4b714d,0.9234527946,d4_component_default_guard
1mlc:0000053:f725bedd2195,f725bedd21955abfad54457c2ad792168b2a48e93f9675d24d1ef96ddacb7a91,0.2003257275,d4_component_default_guard
1mlc:0000054:130c08ea149f,130c08ea149fa45b76da64693ecee579014ac56741ff10cfea45547d08093827,0.195439741,d4_component_default_guard
1mlc:0000055:f0eda41e9d0e,f0eda41e9d0e02dee243026ffb6b928daa4955f3abaf2ba6dfed55b2e55dab26,0.5773615837,d4_component_default_guard
1mlc:0000056:36e2e94440fe,36e2e94440fee63c25c678264428970969d72cf491be62160238c2e219bc0487,0.5081433058,d4_component_default_guard
1mlc:0000057:7018fe7f4418,7018fe7f441820f933ae90273a3c5eed180162ac47c2f5e56e555f0576e9863b,0.52280128,d4_component_default_guard
1mlc:0000058:1060622bfd2c,1060622bfd2ccbc09230c567ca579a03f9bb8aa9c0bdc4cf3d68d0673a91d659,0.5578175783,d4_component_default_guard
1mlc:0000059:76cca6105ddb,76cca6105ddb85f5df119dc337ad67ddae9f87f2c7ce5de3b7d1f9260c8a26ab,0.189739421,d4_component_default_guard
1mlc:0000060:fcc1eaccdf78,fcc1eaccdf789ffe1f1b5c1b98b534ca21bf33aa0a4618c8ded34d9662f4fd0d,0.5317589641,d4_component_default_guard
1mlc:0000061:8b93ed07b0db,8b93ed07b0dbcc90b7317add80c9963bf774848962ad44b8b58dcc75482c3113,0.1921824068,d4_component_default_guard
1mlc:0000062:db7c2b02dd4f,db7c2b02dd4f1aa4db572a5660b152409c93d5ab7aca0c1866a478705c8c9e14,0.6514657736,d4_component_default_guard
1mlc:0000063:4d3165639ec7,4d3165639ec77110a83431f8cfcc3aacc190b5f945c82994ad4f46e657a3f6e3,0.5130293369,d4_component_default_guard
1mlc:0000064:2cf1e7f571e9,2cf1e7f571e9fdaba3b95a8bc661e459cd3971857182baa1abcfa091c93a3910,0.05374592915,d4_component_default_guard
1mlc:0000065:73818cf6df7b,73818cf6df7bf1f3ed159ab10fd7b90613479ec1c6764503e282e0f01b7c8f25,0.5187296271,d4_component_default_guard
1mlc:0000066:0677e8115ead,0677e8115eadff4e6d560460536a0aa8fd77d7db9fe4cb555b0a20f14a52c6a6,0.08550488949,d4_component_default_guard
1mlc:0000067:b5e12f7f6409,b5e12f7f6409de3f6f9265994047f567cfed7206c0ac15b615eec4b82ea14466,0.3729641736,d4_component_default_guard
1mlc:0000068:30d7d0ffee71,30d7d0ffee71dec353576ca1c749c04494fa256e73bec6991352d260ba5e8aff,0.9470683932,d4_component_default_guard
1mlc:0000069:6837c5bb9406,6837c5bb9406a0454e1eb66cc77b8da63fb950459866ed5842237ddc91a1f78b,0.3583061993,d4_component_default_guard
1mlc:0000070:71d08d23f699,71d08d23f6998aac39f66a550a2be13f5d7b840abb49a8fc13c409369e89490c,0.9837133288,d4_component_default_guard
1mlc:0000071:95dffab52c24,95dffab52c2422708f94f8bac82544d058058a4d36bbf21dfba070ac1be193a5,0.1571661234,d4_component_default_guard
1mlc:0000072:a7b5c5ffbf80,a7b5c5ffbf803fcf6c8b8d3004f1f32b307f004cd2b3c914b045c0839921f0e9,0.4193811119,d4_component_default_guard
1mlc:0000073:9134458c2eac,9134458c2eac8605680160694c934cb337d19a5eb09a232dbe84395ffc99609a,0.3550488651,d4_component_default_guard
1mlc:0000074:a628436be585,a628436be585d7edc925c8bf287b754609a4471b3fc3b4434d3b990e7a87f993,0.1693811119,d4_component_default_guard
1mlc:0000075:c0c1a739feee,c0c1a739feee02c5c4718a44334e6578b3c52a436eee97ca127ef9b84968d044,0.7524430156,d4_component_default_guard
1mlc:0000076:841b674c668b,841b674c668b376f5f3e265569ea04d3c4089d6e818a8caa099e1fb1bb772b5f,0.9446253777,d4_component_default_guard
1mlc:0000077:afe6b6dfebe1,afe6b6dfebe19b6e19c58b034dbcde3ab33dd6327814d36fcc348e78d7195d29,0.1490228027,d4_component_default_guard
1mlc:0000078:4d6ad24db0f2,4d6ad24db0f232f0aaf17bd6fd4967671b2cd1a3fb77d49e67675182a2613877,0.3737784922,d4_component_default_guard
1mlc:0000079:6343f97123a5,6343f97123a527c57c35a16ab67b5805a010dd40714edc6474d364ab1aaff688,0.3485341966,d4_component_default_guard
1mlc:0000080:3eb69b33b9e2,3eb69b33b9e2500e6411f6daae252d95376c35c30f60171f63e512ecacc9d78a,0.5171009898,d4_component_default_guard
1mlc:0000081:04ce46a88200,04ce46a8820093283fa69da09d53fd98abb26064bce56430a84d3666c4040714,0.8558632135,d4_component_default_guard
1mlc:0000082:7dbf1e4d0cad,7dbf1e4d0cad03f37b7feb063d7685e01593fb0ed5cf08c8b857bc9562fa2c58,0.3680781722,d4_component_default_guard
1mlc:0000083:14b5ae06ef39,14b5ae06ef395253b870c15067cd474f8b31cce7307307d8016864c6cf2a81d7,0.07817589492,d4_component_default_guard
1mlc:0000084:79b553e3283b,79b553e3283b88c84cd2c10a3c581f2eff8468f2cbf079b6d323b90ee958c99e,0.3599348664,d4_component_default_guard
1mlc:0000085:66e0401a0da8,66e0401a0da83c54c09d318e58963bf09a0c3597b062d544c830691f02543e74,1.0,d4_component_default_guard
1mlc:0000086:30471eeccb21,30471eeccb21fc7491d6e5bcd43d590da838553d7186ec345ee182de6912093a,0.4478827417,d4_component_default_guard
1mlc:0000087:a9705ca26bdf,a9705ca26bdf3bebe0748088d3bf181881b6f5e408092694249ed70d2cf0cea9,0.7166123986,d4_component_default_guard
1mlc:0000088:55aadcc148c1,55aadcc148c16737797abd52463368b229e4451ba393d77e86ee56488b24b56e,0.4625407159,d4_component_default_guard
1mlc:0000089:fe3a93aa10b4,fe3a93aa10b464192181a301aba33d6f49b318dca02dc36afc82612bed42b757,0.864820838,d4_component_default_guard
1mlc:0000090:979dcf20ec2b,979dcf20ec2bd010465f10fe326cc5dcbb89183674191cfffcbd2262770ee208,0.3526058495,d4_component_default_guard
1mlc:0000091:e85047100377,e85047100377a1b29afd5ba8152c9350e001c8cbf20f040202874449ce9c1b79,0.432410419,d4_component_default_guard
1mlc:0000092:7f88d81a90f1,7f88d81a90f1fbae2fbb612d84c59e4b2c9db3a623ef79679cc47af88b94b015,0.4755700231,d4_component_default_guard
1mlc:0000093:f2cfa5e6947b,f2cfa5e6947b191739c1b1280849c49eaa1be1f8282d371660f2fefe5227de6c,0.4413680732,d4_component_default_guard
1mlc:0000094:43926a187587,43926a187587d71a49c3c742aeae40833909c413ca1a06dc78f15f1519eca98b,0.7638436556,d4_component_default_guard
1mlc:0000095:945a82d15215,945a82d152151de127263228badb3b57c32db229de493397e6d66356768e2998,0.8029316068,d4_component_default_guard
1mlc:0000096:9b385e3491e8,9b385e3491e8d36d167d18a5e2663258a102f4d85218a0664ab357f7c0095082,0.4014658034,d4_component_default_guard
1mlc:0000097:a994ef7d4f4c,a994ef7d4f4c59fc673523378b9cd4a3f3968f6186d3a50a4bd5846c0e2b788f,0.4405537546,d4_component_default_guard
1mlc:0000098:50c1ea2633f1,50c1ea2633f14852c3f3b9d50eb7454d9495e9ffef3013c3abe345f525ba63c7,0.9372963905,d4_component_default_guard
1mlc:0000099:e018f63bc4a1,e018f63bc4a1f007100f2b43dbeb0bb8467ee8a7ab62c4030f45a56be013a81c,0.1807817519,d4_component_default_guard
1mlc:0000100:42359afc80aa,42359afc80aadd94c3e7fed92d514d2710eb2292445e9e848d01b795aef1e5a8,0.3802931607,d4_component_default_guard
1mlc:0000101:c91cc670903c,c91cc670903c5d56603cbe26cd103f938b7009a0d1c8e332af2cbcb6750b66e3,0.3770358264,d4_component_default_guard
1mlc:0000102:0761069b6f9e,0761069b6f9e2123eaad9c7a7603b13c1582c374ab09f692ba33d5e15c9a3120,0.7345277071,d4_component_default_guard
1mlc:0000103:8a85cdd96ab5,8a85cdd96ab59108555ed9c0b4e09453175cf85136c3dba43704cbbc1c612460,0.5399022698,d4_component_default_guard
1mlc:0000104:fe5af94e3b6c,fe5af94e3b6c11ad597d001089edfea4f3510a3368f388d46582d7ebfa493b9b,0.7516286373,d4_component_default_guard
1mlc:0000105:57a136e61d7d,57a136e61d7d83f2f67fb972f45ca8756d97880eaaa0e7607949198f204492fa,0.4804560244,d4_component_default_guard
1mlc:0000106:a92ee45918de,a92ee45918de6628a4ef2cf68983e34251f5e700c7c0cd6e5b674bb4061058cd,0.9804560542,d4_component_default_guard
1mlc:0000107:374075ac170a,374075ac170a823293a7852f4772e507a5caa7d6427b822c9454222816179342,0.1734527647,d4_component_default_guard
1mlc:0000108:6205a9352e65,6205a9352e6512b795825be083e1cd988f9bc72a8940c8075e3029ac1f05fa76,0.7418566942,d4_component_default_guard
1mlc:0000109:2115fe298f21,2115fe298f21b937c0a742a63b47e762d04e2ac0cf1e888401027c3b4c0ef6fe,0.9820846915,d4_component_default_guard
1mlc:0000110:de4907f0fd00,de4907f0fd00f45b9b91b63caff2f11d9adc49e87cd87daf9cf96dcf1f714602,0.452768743,d4_component_default_guard
1mlc:0000111:66fccb1f4eeb,66fccb1f4eeb49047125d6b93a21e7f76181fe5eb953893ebfb109ee878bd649,0.1856677532,d4_component_default_guard
1mlc:0000112:d035094775df,d035094775dfda1fd9204b903cecc43182aef5eaa02a866281e2da7f711bc985,0.9503257275,d4_component_default_guard
1mlc:0000113:799e19e780fc,799e19e780fc2fe2393e0cf95f92373cb0baf5a04be2f0e4c562076ff46e8e6b,0.9454397559,d4_component_default_guard
1mlc:0000114:b08e3d032ee7,b08e3d032ee7306e23914dcb4b2106fe4ac89422705a7b30052c496c535386fb,0.3697068393,d4_component_default_guard
1mlc:0000115:ea128f7ff51e,ea128f7ff51eb1a7d1f7eb5021f2c7e01fbbb2b6139ee1dabbd8de8367a0e49d,0.3363192081,d4_component_default_guard
1mlc:0000116:7132833dd879,7132833dd879bad8e9f293e2898381e69999dac822a98fc753b139933e5243f9,0.1620521098,d4_component_default_guard
1mlc:0000117:39692bd1da20,39692bd1da20c1ef1b24d0e21de84ec18b9a5190181cfbeb6f6393fe8152a6fa,0.4120521247,d4_component_default_guard
1mlc:0000118:c1adb275151a,c1adb275151a853fdc2fbe4ccc143aaa6ee332e23b41f98f4d50951b0d6b5424,0.4698697031,d4_component_default_guard
1mlc:0000119:ab966e69b692,ab966e69b692bb0067fc15e6b81bf6f275c0f8e45ec0c438a44b4c0a9157ec26,0.7426710129,d4_component_default_guard
1mlc:0000120:27d61ef4c0a2,27d61ef4c0a22f9696f9b7cabdbadf96e77a97791ef2f8cd58c839d6267a7208,0.3656351864,d4_component_default_guard
1mlc:0000121:002684c57a29,002684c57a29926b7d038f7169c847666856456f0cea26cdadeea3d2752771be,0.4902280271,d4_component_default_guard
1mlc:0000122:7eebba570e97,7eebba570e97dab8949d2403c262e867b70935541202058cfece912b367e74b6,0.370521158,d4_component_default_guard
1mlc:0000123:aeae2acd2c68,aeae2acd2c686c92c9ff86ee6978fb32d0f690a1dad147657c3362d1396f77fb,0.8591205478,d4_component_default_guard
1mlc:0000124:2620dd770d66,2620dd770d66b111a5dcceb079b315cd3919c3b9d76814a205f537a9b7ae3fde,0.4723126888,d4_component_default_guard
1mlc:0000125:5a4b657832b3,5a4b657832b31d163db086f9acb429ef843a91304828d4d526ccbafa1f811a2b,0.08469055593,d4_component_default_guard
1mlc:0000126:b8967973745f,b8967973745f5ba0f2fd4f175923948a2068e27da667ca66a1e79c407bb61265,0.4495114088,d4_component_default_guard
1mlc:0000127:cdddbcb5a203,cdddbcb5a203a4673549b3e66e7767769fd02b1f492e4e0e3c0cf0a5bb9eb0a9,0.2540716529,d4_component_default_guard
1mlc:0000128:8091f666b410,8091f666b410e77611dfd9055f423e3354dd7a70a062810e1be3d5563370b0c8,0.705211699,d4_component_default_guard
1mlc:0000129:9309a55a7904,9309a55a790454c89da4392848a3b0b002bf17a5f84b67ef732f66d0952f8049,0.04967426881,d4_component_default_guard
1mlc:0000130:4a440a16533c,4a440a16533c92a659602514792618c7e5bf705610a7e782a2533b5dd3003b0c,0.06840390712,d4_component_default_guard
1mlc:0000131:35859678ee82,35859678ee82df0de57e56a6f0e375c6f4a5edbffde5c534a38dfb06026c9cc2,0.7361563444,d4_component_default_guard
1mlc:0000132:3bccb92a3a7d,3bccb92a3a7d28cf445fe93fab4142e21080b377471c84ab2f437fd8342d7696,0.2589576542,d4_component_default_guard
1mlc:0000133:f543fb4d1201,f543fb4d120129f0c737d74b3d53d3c87cadb5471556cac078b90ca370b95fdc,0.291530937,d4_component_default_guard
1mlc:0000134:221f8938542f,221f8938542f29590b0c359223164ff979956b5add776ae010d7d4d910cd1185,0.07491856813,d4_component_default_guard
1mlc:0000135:001dd2e5c7b5,001dd2e5c7b5877a147c4b7a5c6a9975104db10038c14320ad780cdcc1fe341c,0.5366449356,d4_component_default_guard
1mlc:0000136:29e22db9d272,29e22db9d27249bff8a275b7e033a4d9a0f5c0087bda92a169fed93c1bace3e1,0.7117263675,d4_component_default_guard
1mlc:0000137:0a6ab06df26b,0a6ab06df26b456d7a6718bcefa33b94a47be7683716593060654f3de384f59f,0.06758957356,d4_component_default_guard
1mlc:0000138:5cbe714aef68,5cbe714aef688f93cfec0814dba89a1f6d26d6815496dde3a877232f9d959822,0.3623778522,d4_component_default_guard
1mlc:0000139:b191b735f486,b191b735f486a03173fe7662f5b6d42f6bbfc9a7447b474194db394a30b25e39,0.2776873112,d4_component_default_guard
1mlc:0000140:d2c90fba98a1,d2c90fba98a19256b2c26396f54bba2b4426fa44573391bcdd70117b42a687b1,0.3241042197,d4_component_default_guard
1mlc:0000141:ce72f69d57ae,ce72f69d57ae81cef9705b95babee9dbf3dd6c2ca3b39f858eca6d11e306c24c,0.3973941505,d4_component_default_guard
1mlc:0000142:413e160f0e64,413e160f0e641cfdad211ceecca2b350a406e0d49bf85b93e97916f59755f7db,0.2524429858,d4_component_default_guard
1mlc:0000143:c99e00157477,c99e00157477dd7f0baa8e978e27a0e6c82171d075a37151ead3e98e6551eb69,0.06677524745,d4_component_default_guard
1mlc:0000144:231553d093da,231553d093dafe963175342bbe2fb68fa637918e98753f33c10f9a09774f9e02,0.01221498381,d4_component_default_guard
1mlc:0000145:80bacd5769ce,80bacd5769cea98ccc639869aff84237b7c33d7dba076626bc60843595fff41f,0.2068403959,d4_component_default_guard
1mlc:0000146:5f3e33961ec4,5f3e33961ec49b6a5c241f67b27d2f39cd57d206365647e219d4750222a0ea3c,0.9877850413,d4_component_default_guard
1mlc:0000147:d554632812fe,d554632812fe4fcf8a250abc0587e26a87962249266e6d3e498a7aa80f957614,0.3061889112,d4_component_default_guard
1mlc:0000148:3afe406f9fa5,3afe406f9fa5c56e31cee3c031f1556b5d52b9691aafb28bf6b266d033b18d1c,0.635179162,d4_component_default_guard
1mlc:0000149:c7dd0c533154,c7dd0c53315400aab10a524ee95022208d434c171164879e6ac6c3a99a500e78,0.297231257,d4_component_default_guard
1mlc:0000150:7b5648514299,7b564851429916c2e1632ad64e4e29f6120fc6605c8653a9c11b37a955d07176,0.3868078291,d4_component_default_guard
1mlc:0000151:a1dde547c6fd,a1dde547c6fdf17b33c383a18e8863bf3ee9e5c84b6ce4ed9c1a1c1783ed4e38,0.2768729627,d4_component_default_guard
1mlc:0000152:bc75ee126760,bc75ee12676076bad3ade480e8e5ecda9c7660a2518b41f08c1c1226f70aead4,0.2890879512,d4_component_default_guard
1mlc:0000153:55df7c16fecd,55df7c16fecdc94dad2b2ef22c5563615c5dbb16deb38f8dffc80c057810eca2,0.2842019498,d4_component_default_guard
1mlc:0000154:fb6fa8f6bc3e,fb6fa8f6bc3e2353d380693f738c45cc4b97b0807fec93c428b0f8b7bdeea243,0.2752442956,d4_component_default_guard
1mlc:0000155:d67473974601,d6747397460146ef3c67b213fbcdb666068da72961f2131190bfd3bb4e87c512,0.714169383,d4_component_default_guard
1mlc:0000156:c419229f2263,c419229f2263d8eef8bfdf3e5c400b5ed379e8f5cbf3a9151aa9abd49c6730dd,0.2711726427,d4_component_default_guard
1mlc:0000157:89761483872d,89761483872d64d1111bce18d73ba2c423e0de75a7597d6d3c7bf0f6d1e2acc9,0.2565146685,d4_component_default_guard
1mlc:0000158:9fb8a404f86e,9fb8a404f86eac5390078837015b7d7e0a418093a2b7e25ea30906b944a7bcf0,0.6571661234,d4_component_default_guard
1mlc:0000159:f274d1cd6ad8,f274d1cd6ad8f2c7b84e428cb03608164b27e8d67031ca76518be206a4468e54,0.3640065193,d4_component_default_guard
1mlc:0000160:d1c889b6f61f,d1c889b6f61feffa424a65887811891c38e6564ab46287db4ba1e8394e375955,0.3355048895,d4_component_default_guard
1mlc:0000161:2f037980c7ee,2f037980c7ee7d66f734f6a6ea942c2c0fbc98dab1e1f7f0f68bd61443efa04a,0.3167752326,d4_component_default_guard
1mlc:0000162:e4edaf63608d,e4edaf63608db0d5392e2b771d34a4247c2f2c3c5761440666ca1e7fd1ab00d3,0.05048859864,d4_component_default_guard
1mlc:0000163:d58749b13ab2,d58749b13ab26c5cce0ef64e11cf002a1fa22b6107296280a2262b9aa6dd13c3,0.5105863214,d4_component_default_guard
1mlc:0000164:7fb8361700f8,7fb8361700f85915874fcad2c3bad853294f17bc74991db0753fad3d1892e8bd,0.2785016298,d4_component_default_guard
1mlc:0000165:d8a45e04145e,d8a45e04145ef2dbf8bb3de255d26983496f550d9d9f07ec5dbe08e117bb7f15,0.73859936,d4_component_default_guard
1mlc:0000166:a458751e34f5,a458751e34f58d5cb54e251fc47bc4e32d7e47c06f0324d5152ae16f6d6d9cef,0.0765472278,d4_component_default_guard
1mlc:0000167:33d273f49d84,33d273f49d848ea32fba6ae3015b5a65bdbde828f6c7999057e9cd5902d2bb10,0.535830617,d4_component_default_guard
1mlc:0000168:f9fb7c90b086,f9fb7c90b086d4f82b2e18203e7924bdfe29db9c4ec2aa3bb00b9b92a29dbe21,0.07573290169,d4_component_default_guard
1mlc:0000169:5972cf5ca7da,5972cf5ca7daccd62c5a96ec899ad2219c7c321bed798c931c2946cf6d7a3456,0.741042316,d4_component_default_guard
1mlc:0000170:df6faa368cfb,df6faa368cfb0eef320c9da5e4859fe6551829a4520127ed5c9a5f91cb761829,0.08387622237,d4_component_default_guard
1mlc:0000171:4c7beb88e0b7,4c7beb88e0b7fdc3fdb0550496efcd8378ee58cd6ce4f317b77ab765075f98ac,0.6815961003,d4_component_default_guard
1mlc:0000172:d064f59fd409,d064f59fd40944b5cee316def899248e2bda24cd67f1d1b7ef079eca4ee8d387,0.6742671132,d4_component_default_guard
1mlc:0000173:0e4f1fbdfbba,0e4f1fbdfbba80d05e5c1dd4d6725be6cbe90e3db678825fee2e291388b3ee02,0.2809446156,d4_component_default_guard
1mlc:0000174:c7f44607904d,c7f44607904d93c96d111e8a6f318163985ebb70a2361ff751913218c8b753d6,0.2850162983,d4_component_default_guard
1mlc:0000175:e3df4ada9e5c,e3df4ada9e5c124d170533d31b3bc437dc00f8e421464b0e2b0d105b2aec61f8,0.05293159559,d4_component_default_guard
1mlc:0000176:458d660a48d4,458d660a48d4ab83fe2f4689e7936e244272bcb73d488d311f9e5d9cba3c4796,0.05700325593,d4_component_default_guard
1mlc:0000177:21fd7ff0249e,21fd7ff0249e8984159483b5ce78b542ce5b663f6a6563ca64f83041cf30070e,0.2874592841,d4_component_default_guard
1mlc:0000178:3f9812af7c70,3f9812af7c7072714d6ec4dfdbc127cc2c6c34404e357717f3276877b9a774ba,0.2923452854,d4_component_default_guard
1mlc:0000179:ea83d79a6085,ea83d79a6085f2b6085c7734f6096c71cd672e661f302313b0c6edcb97610f41,0.1563517898,d4_component_default_guard
1mlc:0000180:e78db363d02b,e78db363d02bbb90be93895060791515ac19ce7315fccfb88d4a6066de4a1e5f,0.323289901,d4_component_default_guard
1mlc:0000181:ad4b0765d049,ad4b0765d049b9e187efa3e17084cfb89b01b54cf141075f036a0fb3b00b64f6,0.3070032597,d4_component_default_guard
1mlc:0000182:c81e06ddcf4f,c81e06ddcf4f80a8ff019a1bfa636967893e7f7ada53fa7f278ad2c333fa5539,0.3224755824,d4_component_default_guard
1mlc:0000183:ce9f50290813,ce9f50290813cb71a24cd5c9a7f8b3f8eaea1dabd68288df0a1e6dd603438956,0.3892508149,d4_component_default_guard
1mlc:0000184:e95620da5244,e95620da52445679bc78749ab3409d219c603ce6c6eb91c449ae9f180d8f0556,0.2662866414,d4_component_default_guard
1mlc:0000185:3ee5e3b59f3f,3ee5e3b59f3f472aa5a313d4af867dad5a3d4fca12959ac9405307c97b257095,0.01547231246,d4_component_default_guard
1mlc:0000186:5f67357bd135,5f67357bd135a9045f8457459357a7f32eb95b742a0c78c275fb28be5257497f,0.2825732827,d4_component_default_guard
1mlc:0000187:dca9a35bb7da,dca9a35bb7dac90b0bae422fbdf07373006e6af65fb482ccc590762f81b3667f,0.3135179281,d4_component_default_guard
1mlc:0000188:303d88022012,303d880220125dec2c4b4a376659bae31464bda0fb3a173cbddee9605019fe62,0.873778522,d4_component_default_guard
1mlc:0000189:a62973a79800,a62973a79800e9308208bbab568fc4f3fca99a7bfba281eab544a4ac50737463,0.4250814319,d4_component_default_guard
1mlc:0000190:771b3be2bcf5,771b3be2bcf5ea20ed236769dd7db60a09f497369fb5e75acfc4a483846cea11,0.1123778522,d4_component_default_guard
1mlc:0000191:69b0d3498b85,69b0d3498b85f60f137093b3ed1b888a230e3af030c9b80185333e6336dbb480,0.9486970901,d4_component_default_guard
1mlc:0000192:f4b18b409d57,f4b18b409d571a3371a606274456c9ddf460777d4a596b70349d3ba3353b87a3,0.2410423458,d4_component_default_guard
1mlc:0000193:52556e0670de,52556e0670defe74b6648418521cb8bf66392e1c226c013fa9f3695c066d0ef0,0.4096091092,d4_component_default_guard
1mlc:0000194:12b293c398bf,12b293c398bf3a8f021e8770fb80baff3f9d1d115177ce6631ec5376b1d87d81,0.4047231376,d4_component_default_guard
1mlc:0000195:f9d7adcaaf06,f9d7adcaaf061cad441c1cba49a85c825504a597f7ca3812aa6a432fe62953fc,0.2622149885,d4_component_default_guard
1mlc:0000196:cdecd443371b,cdecd443371b7d950f9592602c2d799fa06dc56c590b400e1d87227e9dc40d93,0.7394136786,d4_component_default_guard
1mlc:0000197:e421789ec6e7,e421789ec6e7e949238c72564394c95ea5e181e005488c4fa56c359a3815130c,0.8729641438,d4_component_default_guard
1mlc:0000198:d994595bbbad,d994595bbbad65e05df89fd07258bff995717255610b646051981c2843a4160f,0.1799674332,d4_component_default_guard
1mlc:0000199:d52b4362d0c1,d52b4362d0c12d3adb494ca3fe134fc0c5d8e3b95a9e3f28eacff6d96eb9cb78,0.353420198,d4_component_default_guard
1mlc:0000200:1190af2ca4c4,1190af2ca4c4839f28ec591508daa6953b669adebd096a4463c02fe4a155d94f,0.5162866712,d4_component_default_guard
1mlc:0000201:19ed12858abf,19ed12858abf795f45771563f0a0de1031b7e3c8db7534b299af6aff1e8fac8c,0.7508143187,d4_component_default_guard
1mlc:0000202:21eb3f90c59e,21eb3f90c59eea0facde807211154cf382c80011705613a3de7c356e09344434,0.311889261,d4_component_default_guard
1mlc:0000203:b1d7d31edda2,b1d7d31edda2fe81159a23b79fd661edf19ebd596db0d932c605dab0830dfe81,0.12214984,d4_component_default_guard
1mlc:0000204:c378ad6c2ebb,c378ad6c2ebbf69a7372910641eece6893f13c22fbb107b9d9457d3418d7b511,0.01872964203,d4_component_default_guard
1mlc:0000205:7d85d6d8dbb2,7d85d6d8dbb22d334a60ab43d81fc981ca3650cce7ac898e386110f73baa56fd,0.3884364963,d4_component_default_guard
1mlc:0000206:e8fb34c0f78c,e8fb34c0f78c22bbca19c7da9c9f0f902b17783547d615ee43167f34b7fab1c7,0.9959283471,d4_component_default_guard
1mlc:0000207:ecfab7295a2e,ecfab7295a2e5f4ffc7cf1a6a0cf33e7f3d7868fea1c9405b6729ac52a77d866,0.4560260475,d4_component_default_guard
1mlc:0000208:a1f39933ebe2,a1f39933ebe2e6c5a50249d12f6755d004c82fa96cfae457a3923d6947c0c892,0.7312703729,d4_component_default_guard
1mlc:0000209:6a66976e7d12,6a66976e7d127f9cb2eb14018345e179ede3a2f9f078ed1046a87f4a2b68624b,0.7825732827,d4_component_default_guard
1mlc:0000210:bb44def02ab9,bb44def02ab9e76172b239b1e7f3ea2227b2570c4ab3b17476b3ed9625e5444f,0.4967426658,d4_component_default_guard
1mlc:0000211:104b4a45c03d,104b4a45c03d5ff7bd04b4ad56564bbd051ad616adac3a5821380dfaf051a827,0.3859934807,d4_component_default_guard
1mlc:0000212:90b26f2e0574,90b26f2e0574fbf8274e7f3b3aa98e4b48d285a00959a05f4f0107a135353a62,0.5838761926,d4_component_default_guard
1mlc:0000213:5ff18436b574,5ff18436b57406bcb0e9af25265df80e8abe808c743b827f58743de711158a4a,0.6791530848,d4_component_default_guard
1mlc:0000214:060607800988,06060780098827a51e3760468472c01210183d0c76817e93e90caeb9f0e27fe0,0.6099348664,d4_component_default_guard
1mlc:0000215:a68d77e2072a,a68d77e2072a6e471412c7948c1c53ef68d017dd8392e66f9f646857e4276041,0.3688925207,d4_component_default_guard
1mlc:0000216:e4208304affa,e4208304affaf8a8648940b46b1f798ce4f0d4f3790c710a1201e9ce63794418,0.3900651336,d4_component_default_guard
1mlc:0000217:ed57abc29ed9,ed57abc29ed9c84f3269603208db4c895ff33a68f75d9fb4f11dd84f01e4804a,0.8493485451,d4_component_default_guard
1mlc:0000218:5d5107e84103,5d5107e84103673176ef60e6b3f89ea097fdf7c353a0d6e95e2b0c509f087d76,0.2117263824,d4_component_default_guard
1mlc:0000219:2db4e49c22ba,2db4e49c22ba0b2fcf634fb747bdc5e8969b707a8137ed974fcaddf5d450061b,0.390879482,d4_component_default_guard
1mlc:0000220:aab0d323d71f,aab0d323d71fa6449e3940be45810c0b313f0fb4476f12fba52fc753c1f37ad9,0.3827361465,d4_component_default_guard
1mlc:0000221:cc5d7cb0f328,cc5d7cb0f328e2492179732eb851b77b9740b0a142026389683fcbfcf353e13a,0.3143322468,d4_component_default_guard
1mlc:0000222:3add31ea290b,3add31ea290b7ad41af8bf125d005330988effca2602f4088e8504c7c4eb1782,0.1205211729,d4_component_default_guard
1mlc:0000223:81d4d2645aaf,81d4d2645aaf321ada6d75a4e2235cc7450cdc2aa4c7c0dd5bcbef3900625eec,0.7174267173,d4_component_default_guard
1mlc:0000224:9187cb144f7f,9187cb144f7f04ce31800767748cb13d5cbf61605c4c47810ad1f9a51be1480e,0.1245928332,d4_component_default_guard
1mlc:0000225:40ba95e9e6a4,40ba95e9e6a4b713197abda290cf68d88d168c4d1364ae42fe65bc98fd47aeb3,0.3876221478,d4_component_default_guard
1mlc:0000226:480e00ac106f,480e00ac106f2a7854fc63c203c6b5407f50d632bbdfaaa808d54f04d07add1e,0.1262214929,d4_component_default_guard
1mlc:0000227:bb71dbbffba8,bb71dbbffba8cf915c75240df91bd38a2dac8a10d8d4d97785cf959ebaeabbb3,0.9478827119,d4_component_default_guard
1mlc:0000228:4bd30919285e,4bd30919285e3c7dd6665ab824a05b5d7d20b63c248aaa3e576de9e970e3be86,0.26140064,d4_component_default_guard
1mlc:0000229:3934e949bf98,3934e949bf9893f00d32002cf85275d756c8a97a3a45466a9f1f3c14261c7dbc,0.7467426658,d4_component_default_guard
1mlc:0000230:8280e2789ee3,8280e2789ee3b76198768bc1ab4b4f77e32b3e20f5a276d054db098b5891f5f7,0.2402280122,d4_component_default_guard
1mlc:0000231:e14cb7ab8e47,e14cb7ab8e470bbd4f04c840c8ec5916555b4b9e6c9069d3efc082536992faa4,0.943811059,d4_component_default_guard
1mlc:0000232:366f92e9429e,366f92e9429ea3cf69ede20d64e0be36ec70c45a0538528112cceb7d4775a67c,0.544788301,d4_component_default_guard
1mlc:0000233:a1fdbeabf611,a1fdbeabf6117481bc5ae050ef5f5be8c1e1a3b265a10a7be75f76f6d5dc2c0e,0.2231270373,d4_component_default_guard
1mlc:0000234:282661c74af5,282661c74af5654ed4b1758103a51a238c6856a8501541ba92dbc76623297a69,0.8672638535,d4_component_default_guard
1mlc:0000235:8e0f4056d5e8,8e0f4056d5e87094e22700b16bfeab0d977d491e662ee6b474aa883f81f09345,0.8713355064,d4_component_default_guard
1mlc:0000236:4b5f459610fa,4b5f459610fa6119629f0aeeff04b618afef5d07fcc8dec2579305f867fad68f,0.3249185681,d4_component_default_guard
1mlc:0000237:822aa73f1971,822aa73f1971eb581ea7c49b9e61fcffc42fb7a65e5e04afcc8774da1f95663b,0.3428338766,d4_component_default_guard
1mlc:0000238:54acaccb050d,54acaccb050d67b8e5c7cc756055ee458d1152932cba4ef50da8d38ea71b895d,0.379478842,d4_component_default_guard
1mlc:0000239:6f8bea7a0612,6f8bea7a0612335ef6c722925c018ab90dd18818e93217a8267ef8fcf01acc6a,0.2980456054,d4_component_default_guard
1mlc:0000240:3bd1c4403eb9,3bd1c4403eb9b500cb3c2f1ce3b7a6a62722d9ab5c5dcf114549bc9f73f77dc3,0.3762215078,d4_component_default_guard
1mlc:0000241:0e9d3f53070c,0e9d3f53070ce4d766d5c05567742b2be5977d2c973384056a08ea2aa3e7c1a8,0.4169380963,d4_component_default_guard
1mlc:0000242:48a2200fb7a0,48a2200fb7a0cac34c15ea6c65ab19ac153953ad8d1196231f25ba52f96f742b,0.347719878,d4_component_default_guard
1mlc:0000243:6f65ca090ded,6f65ca090ded15f0e49ceb182bb45589463546f9f8e9e5ee69411842b3067ae8,0.3460912108,d4_component_default_guard
1mlc:0000244:cbfa64ca1b94,cbfa64ca1b940bd726edac3eebfc7239f02f8b0d094b89d2f1c3365e64129e45,0.4144951105,d4_component_default_guard
1mlc:0000245:161072e2d290,161072e2d2904fd7cb454f0ba8bb480cb739f0610f789b70d80af7f11adfd1b7,0.3436481953,d4_component_default_guard
1mlc:0000246:5a48db50b88d,5a48db50b88d255bec3c21eda31c659868ea2c69f2fa4db5bca04e6c1df77493,0.7565146685,d4_component_default_guard
1mlc:0000247:4319d8eb51af,4319d8eb51af7e17efdb4f2b453190df9c95f2adfc1c598b9a645286b8ac615e,0.426710099,d4_component_default_guard
1mlc:0000248:67e4c5f0168a,67e4c5f0168a978cca3a4f64b787d8ce21330f657891c884e6a69e60574310d8,0.02198697068,d4_component_default_guard
1mlc:0000249:3b742134dcef,3b742134dcefcfd2e34908c2e53a950b95ef9642a960019f20724c39126b5e12,0.4006514549,d4_component_default_guard
1mlc:0000250:89292601f63f,89292601f63fc5c97fe6aaff8591012d31eaf2f5de2e27d1ec6a4a89b78fa2f1,0.8021172881,d4_component_default_guard
1mlc:0000251:2326cb0b672e,2326cb0b672eb3f580bf1320fdb7ea769e835871307e4de777bc8241668d72a3,0.9609120488,d4_component_default_guard
1mlc:0000252:7bf6cf7ae79b,7bf6cf7ae79b4abab244b55b5b46f31c2dbbccb34281e527307197754f6b633b,0.6921824217,d4_component_default_guard
1mlc:0000253:ef2d7e5e5072,ef2d7e5e5072f850bc8d4517aee63990af594298a4fc0959193f6d35fdc0e969,0.9861563444,d4_component_default_guard
1mlc:0000254:659b10a6eda6,659b10a6eda624339a4d148d02ba69475966d6e5db6b742e7db1a65ff46eeeb9,0.6131922007,d4_component_default_guard
1mlc:0000255:9186c3351aa0,9186c3351aa0935fd5f2660757b95e33110367c30b7c510043c12a2c49de5c2d,0.8876221776,d4_component_default_guard
1mlc:0000256:7e594e3080c2,7e594e3080c2774b4c9d3e0513a918fec4fb9e59918a7a328b14b55fa6af84cc,0.6213355064,d4_component_default_guard
1mlc:0000257:0a370431c7c3,0a370431c7c32fa2ece640d809dd42f2e57a1c8ce64e9202b0ed7375dbb06276,0.6449511647,d4_component_default_guard
1mlc:0000258:fb8e92b5d9c9,fb8e92b5d9c91f606fa5717cfb959aea14acfd93b63d63818aff78b8fb7ef4e4,0.828990221,d4_component_default_guard
1mlc:0000259:f8cd6bf0b69c,f8cd6bf0b69c72a3d2399d7ccf996d3f43825311ac932a591255c2a235e5b496,0.9657980204,d4_component_default_guard
1mlc:0000260:6ef57ed7049d,6ef57ed7049db374c1da47f10218c4c0877d5d5c4cb10bf854446bed60f1abe9,0.6473941207,d4_component_default_guard
1mlc:0000261:111ef5c69709,111ef5c697095ebc2678e268e9771fb89fb42c309a045c448194c66fe40edd0e,0.6009771824,d4_component_default_guard
1mlc:0000262:d2af23aee6be,d2af23aee6be486efb694e712a1de8a719b1e748e5ddfcea9043d4b26b48b70b,0.7842019796,d4_component_default_guard
1mlc:0000263:ad26d387dafc,ad26d387dafcb8382c935371b2a6e0143517c1483efc5df179406866560a063e,0.9226384163,d4_component_default_guard
1mlc:0000264:30f24d62373b,30f24d62373b0e6d9a1113b50c4cf3811e7ad7acb1acbbcf5c7bade590ced7b2,0.9706840515,d4_component_default_guard
1mlc:0000265:b58815050c5c,b58815050c5c6630a6b17aee7d60c4e11176a461f2b615f7a9f5b164fa93c817,0.7671009898,d4_component_default_guard
1mlc:0000266:226bfd2ea2d4,226bfd2ea2d40c2f830364fd968f1cdbf554b394542973155e8d221ad74cf77a,0.6734527946,d4_component_default_guard
1mlc:0000267:730c21d6fcca,730c21d6fccab3c02f6c17ab5b5ed24864baa6c351a403718fe6a9217a7229bb,0.3387622237,d4_component_default_guard
1mlc:0000268:fc15572907d4,fc15572907d4503d5876a272a0bcd3d26098acb1d9e76804200bd0720d55cc78,0.8469055295,d4_component_default_guard
1mlc:0000269:ed2f9ea8c584,ed2f9ea8c5840163549c37ebbaee5e06101d5eb1cabf8146e2010127c97f35b8,0.8517915606,d4_component_default_guard
1mlc:0000270:33b75669fcec,33b75669fcec50de7f5219f22f0132d71b408f50708111176e5ad21bb27bddc1,0.8908794522,d4_component_default_guard
1mlc:0000271:3df3e8feb7d4,3df3e8feb7d4158d35b9932756d6c2ac8dd2501f89e161b44fa6d23baf8b726a,0.9087947607,d4_component_default_guard
1mlc:0000272:9fcd86603d73,9fcd86603d733a3714dff47534c39d9ce9919058b7e536b608e8a9ba21d9a2c4,0.9592834115,d4_component_default_guard
1mlc:0000273:2a30bc50f6af,2a30bc50f6aff4d2545ec20efdb6b9ba299c256c9d1bf02ca39def87c1faca5d,0.7760586143,d4_component_default_guard
1mlc:0000274:66df6beae2c7,66df6beae2c7e5a4e4808df6906d5f6d8d2b76890bf7f1a1a25e11b059cfd31b,0.8786644936,d4_component_default_guard
1mlc:0000275:5cdbdc9f1432,5cdbdc9f143277cc1df925f53ecc767c371c0512c039f9c2c4b5aa56b0d42d8a,0.7654722929,d4_component_default_guard
1mlc:0000276:628de3bb6a8d,628de3bb6a8dbe30cd9bbb98507fa987bb34ac412de11da04b49b7064358b168,0.8990228176,d4_component_default_guard
1mlc:0000277:f054353896c7,f054353896c7fce2e3b76a7bef8b169f57a69ca1a8eb7436fb30c9a36f220947,0.9674267173,d4_component_default_guard
1mlc:0000278:bb3e5dcc3bcd,bb3e5dcc3bcd4b0dd941407cc45524614ceaaeb2a7caf09eb3f2c73004ab999e,0.8745928407,d4_component_default_guard
1mlc:0000279:cce3ccc4b3bd,cce3ccc4b3bd305d86fda38f8de0f81871936c7d668e5f355add5f73766d2652,0.955211699,d4_component_default_guard
1mlc:0000280:9683879e25ca,9683879e25ca3a2d17a1f0f2245769119fcf68e8a3007a205a817a8c240c0c35,0.6726384163,d4_component_default_guard
1mlc:0000281:bb53bfe47960,bb53bfe47960f6c35511cd1ae6c80ad0d87dadb0d442727a09360782197eb8ba,0.7483713627,d4_component_default_guard
1mlc:0000282:745f4c1ab2a3,745f4c1ab2a378dbe590f60a7396bbafc897fedd5a0ad11f3456cb424cd11928,0.623778522,d4_component_default_guard
1mlc:0000283:d4af566ee53e,d4af566ee53efe706d8d3d1b660a39d05350b4c2be7b012ccd38677b16ccfd5e,0.8477198482,d4_component_default_guard
1mlc:0000284:2a07dd42c003,2a07dd42c003e6e5006b549f522396c00b8cf020b8c833d661a96fd61324e65c,0.9055374861,d4_component_default_guard
1mlc:0000285:3913dbf2baac,3913dbf2baac67b81fa5643e85db4bf55440415cde48d7374505a26d3aeda80f,0.6620520949,d4_component_default_guard
1mlc:0000286:11376db34e35,11376db34e35fe67071ac4c5db892ce4ebe4eb2ee1418f1608cab96a6a034cbe,0.8013029099,d4_component_default_guard
1mlc:0000287:eb846c388aac,eb846c388aac186463bbe9df92caa10f807f8c4a6b9fcc27e4af0cd9a5cf45b7,0.7060260773,d4_component_default_guard
1mlc:0000288:277991025ac9,277991025ac9ecb91d49ab45047c3aa0977ff76f561a70897bfb2e85085a82c8,0.8664495349,d4_component_default_guard
1mlc:0000289:a73532d7d993,a73532d7d993dfe7fb9a510ab4647a4b16e8949f6fda0d210875cc8531848aef,0.6995114088,d4_component_default_guard
1mlc:0000290:2aa6979375b0,2aa6979375b0f17c0398bea8d04b5a25f4d7fc690bf1bae05975c6f2f8f18baa,0.9845277071,d4_component_default_guard
1mlc:0000291:207bf32a5fce,207bf32a5fce7d30a884da42b4628d85f128c1295f8587137310fc19337bdf65,0.614820838,d4_component_default_guard
1mlc:0000292:e3c549c89fdc,e3c549c89fdc978b31f192b4c819ebcfdd6fb5a7af7b28502183dc212bf02f69,0.7882736325,d4_component_default_guard
1mlc:0000293:9a4d1688f392,9a4d1688f392b9e9e8310302ac246d536de9962d12fa547415c70d151a5bb462,0.6327361465,d4_component_default_guard
1mlc:0000294:3bbd266950ee,3bbd266950eef4be27ef8da976ad607ce7b2e48e0ca2aed5ff2c87b4266fe376,0.9853420258,d4_component_default_guard
1mlc:0000295:502b5f6c4794,502b5f6c4794f014668f9db74219a97130927f991d1c684416d86ef21aac5aa6,0.9112377763,d4_component_default_guard
1mlc:0000296:3f9fd0d14298,3f9fd0d14298da4d91af68cdd470192f2aaa68987714b6aeb4d0b9ef7a562511,0.6254071593,d4_component_default_guard
1mlc:0000297:05e5d26dad77,05e5d26dad776bdb96106b4401c258b41882f50afd0c9bafe35542851db5bbb5,0.9421824217,d4_component_default_guard
1mlc:0000298:d781ebb7e61c,d781ebb7e61c702c7fd5d2ae1dd14eba2940e942dc449ed1d31e470e1a476c0a,0.9535830617,d4_component_default_guard
1mlc:0000299:b9b37aae352d,b9b37aae352d481c82f71bad9d42048ddc2c560dda282bb59286856c2d366826,0.5268729925,d4_component_default_guard
1mlc:0000300:f974c2f70476,f974c2f70476fb1cd7953073fefbc1b5a8233fd8c5846712b8c4015348f9baf5,0.5423452854,d4_component_default_guard
1mlc:0000301:fe2bef5287da,fe2bef5287dadcd819e802d8aecb396ada53e2e60eec3e86b5849ec2fd5f0586,0.7043973804,d4_component_default_guard
1mlc:0000302:b45c86053670,b45c86053670af485183728eb4296a0ef7201a5d29607cf554ae43f2f4ffc80b,0.7548859715,d4_component_default_guard
1mlc:0000303:73e8dcc9dee1,73e8dcc9dee11bffc609536d9e969fd82bb906014eb0b845995a634444ab9268,0.8509771824,d4_component_default_guard
1mlc:0000304:ebb9a90e2c5a,ebb9a90e2c5a4368e41afa1a3a4ec037b99779f24cd2d9a83178dc8436a12bd1,0.8623778224,d4_component_default_guard
1mlc:0000305:8059df422751,8059df422751b5f2b40b53c88952ddf18b9415fee33c23c05428c3f44cfeeaf3,0.8436481953,d4_component_default_guard
1mlc:0000306:862a1d8ff534,862a1d8ff5343a7d5725679338b76f194bcd309ecc0abbb844cd1f96ba06c470,0.5276873112,d4_component_default_guard
1mlc:0000307:0908d9717ad4,0908d9717ad4782b656b0ceb6db7cb34164b6093ee54bca316138e6b5e5c68ad,0.8615635037,d4_component_default_guard
1mlc:0000308:72f7a9fc9990,72f7a9fc99907a95c8725b732057ce28a87125f2d4029a0475963132bef6c541,0.5097720027,d4_component_default_guard
1mlc:0000309:a192d024c225,a192d024c2250ea67a9f1046014e971faf7dbf69daba9611ebdd5fde1fb331d4,0.9649837017,d4_component_default_guard
1mlc:0000310:3b5f51a15a51,3b5f51a15a511c5a60bfc1ef5d968fb86e616d3d0c1bb95bff1d3400cee41da1,0.853420198,d4_component_default_guard
1mlc:0000311:836304bca5e0,836304bca5e01de2be6fe836e644ba1a7a07f26a5e4c1418e68b11e770ee7804,0.3306188881,d4_component_default_guard
1mlc:0000312:49530fcaf38c,49530fcaf38cb6ac245d1562a0cceff8436c518e559ca0a4ce855c74af29a4a1,0.8599348664,d4_component_default_guard
1mlc:0000313:ad1e8245cad4,ad1e8245cad4ae4f2fd2ae8d04d554d64aa7518ac5dfe0361982c72d2f4c1823,0.6042345166,d4_component_default_guard
1mlc:0000314:e66e150bc93a,e66e150bc93a1ab4b5400c81bd20c893609612fb190886538cd92b739ee4bb49,0.4869706929,d4_component_default_guard
1mlc:0000315:a4eb828a094c,a4eb828a094c512447e5ccaea1e5bfe1cf1b5075289a2b2812e22cf13cf9355e,0.9299674034,d4_component_default_guard
1mlc:0000316:32af89c58ddc,32af89c58ddc69038f1a7276490c23aaa0f9ea8a2f88ad23ffccb7337026379d,0.6832247376,d4_component_default_guard
1mlc:0000317:7843af71762b,7843af71762b7ce0c6339b47b66752becc7ad202e5d5e04ac1ab50ce64dcfe5c,0.6302931309,d4_component_default_guard
1mlc:0000318:4479c98ca1de,4479c98ca1def780886167443f4a150383092f18635ee6ed764ca768e5ecf37a,0.9185667634,d4_component_default_guard
1mlc:0000319:0d728d467f0f,0d728d467f0f2a0906cd73d293fccf95adb402c8f3c79e0c951fa785e322ce84,0.4690553844,d4_component_default_guard
1mlc:0000320:15e7f50bca50,15e7f50bca5075744c90763511c0bf57623a669baeaaa6dce3d74ea89dd66529,0.6848534346,d4_component_default_guard
1mlc:0000321:16f68e81ed23,16f68e81ed23cb73fcf75fc32194095c437bc66d802b39382c419826696ea38d,0.4454397261,d4_component_default_guard
1mlc:0000322:1e9dfc72715b,1e9dfc72715b14bcc1debb5959e0c3d57eb51f787022e092d16598b808f518b0,0.4275244176,d4_component_default_guard
1mlc:0000323:44a0a98bc7e7,44a0a98bc7e77f40529df96ad4f57a1911dbfc7b2e9be7e5fdf9bd4fce7d6a18,0.8200325966,d4_component_default_guard
1mlc:0000324:72af8ed933bc,72af8ed933bc24dbf31a2c5e82b47f0446713bc4c95c9b730a47170f14db8346,0.9128664732,d4_component_default_guard
1mlc:0000325:d3474a368883,d3474a368883d8f9691c5165d556348a1374effc5c0381dd50fd048a7af1d0b9,0.3916938007,d4_component_default_guard
1mlc:0000326:11f251fa4311,11f251fa43110a4b3cdc302a58475b790a3511f0b990777b90bfe5c6840c4c07,0.4389250875,d4_component_default_guard
1mlc:0000327:97ed37e43747,97ed37e43747c5ceeeddfc98bfef7ac5ef048503875f6955447c49de6f75da67,0.5570032597,d4_component_default_guard
1mlc:0000328:7e3412628ce3,7e3412628ce3b400bd59c41965cea5b80826a8d9a5e6049ffbe7937015ffcae8,0.8298045397,d4_component_default_guard
1mlc:0000329:730dd862e1b1,730dd862e1b18a71e66e38a1bedf9a7d9575dc39d0fafe66d91729aea78fac20,0.8355048895,d4_component_default_guard
1mlc:0000330:7f97d1e8aa32,7f97d1e8aa32bb075cae54082caf174bb1310ff0db9232cfe32e8457dbc441dd,0.6368077993,d4_component_default_guard
1mlc:0000331:3643fa8364e1,3643fa8364e1531e7882c600c667850a3122f4f849d59d4d1eb8f0ed2e886d72,0.1164495125,d4_component_default_guard
1mlc:0000332:1a6f212bcee8,1a6f212bcee8f37eed5f01dde21f51a8970e06cb1fd977efac5c4d9e5e2a8afe,0.5855048895,d4_component_default_guard
1mlc:0000333:31873fffaff1,31873fffaff133c4cba6f35f36d4b5f4013bca3e10af0eeb4d36615a68dcd826,0.9926710129,d4_component_default_guard
1mlc:0000334:4a34e009c2e1,4a34e009c2e1f7cc9c08f69f36d69e343a803b2861e321ff62298b190e2ee5e7,0.6978827119,d4_component_default_guard
1mlc:0000335:ddf0515d1803,ddf0515d1803860fcb29fc9d602deaaf02bc6398674adf3aa4a26b5d861559ea,0.6245928407,d4_component_default_guard
1mlc:0000336:a64fb0e7196f,a64fb0e7196fdd97b9cf9df680a4c8f8849e9d8fa92aad1a4b1ab009c43ea232,0.7899022698,d4_component_default_guard
1mlc:0000337:e20bdd48b148,e20bdd48b148b19b403656602bfe8e37c95fb72e18d45e2f657118784ff50db8,0.7988599539,d4_component_default_guard
1mlc:0000338:2d621411f4e5,2d621411f4e575edefdb9c99ee97ea007f88401e47c97a183665a8f625fd77c4,0.5333876014,d4_component_default_guard
1mlc:0000339:0bf9b9b18a03,0bf9b9b18a03d03d14b0a4a27cafb912103b4086e8f5bf638b3dd154d86d9b1c,0.6758957505,d4_component_default_guard
1mlc:0000340:b9bf86cbf2a6,b9bf86cbf2a6a3b3a38d102031f7bace20a4ec994dac19fa8608afe835ae13f2,0.7874592543,d4_component_default_guard
1mlc:0000341:0904375c2116,0904375c21161e5b6ddb0dc357a456661c3c68a8e9dc780d23ea9c4e3f876483,0.6017915606,d4_component_default_guard
1mlc:0000342:92b625b26c79,92b625b26c79a1a5b2c81b4820aacd19a16fab8e2c61af8530033e92bbbf127f,0.5977198482,d4_component_default_guard
1mlc:0000343:e57d124ff9cb,e57d124ff9cbd6ada16e5ccf1afa4717fe96242e543e59e54f460fc8ec715c44,0.785830617,d4_component_default_guard
1mlc:0000344:8e04e4c1e475,8e04e4c1e47513a2860427aa07c447cdb8c87ec878af9ccae842ccddb290c0c9,0.6115635037,d4_component_default_guard
1mlc:0000345:a5a203b94b47,a5a203b94b47364c1e314037517c13a9154ca5260d90a397ee6b041ce8896de9,0.6270358562,d4_component_default_guard
1mlc:0000346:ba782053da04,ba782053da04d2bb99ffa24fd78657a822ac71bb81a9f3672246492c21b1bdd0,0.8933224678,d4_component_default_guard
1mlc:0000347:4eda5cf3baeb,4eda5cf3baeb1ea343d9d3f30310fa0bfb37d5d24a749536c2788dcf6ba9d086,0.4568403959,d4_component_default_guard
1mlc:0000348:bb7fe164f53e,bb7fe164f53e27585475bf51f45329cd6ce6f320edc53962159977f90badc904,0.4421824217,d4_component_default_guard
1mlc:0000349:1d45d82c525a,1d45d82c525a4e440e116176845a658dc498ae9cba58da19e69a8e837dab9b09,0.4226384461,d4_component_default_guard
1mlc:0000350:6880d45de02d,6880d45de02d465e1a2bf5e1c492468d9e9c996edab1c8924bcd07b304db5b94,0.8053746223,d4_component_default_guard
1mlc:0000351:64325b473448,64325b47344877283e422eafd5b60279a5d562e385b4bd075f56e9021e173664,0.6188924909,d4_component_default_guard
1mlc:0000352:4ea44d0a8964,4ea44d0a8964a7b026d51222d808847abb203b783f649a3a83f9479b7745c733,0.8314332366,d4_component_default_guard
1mlc:0000353:029501dd12dc,029501dd12dc7f6beea515197e59aa98badd7986a4cf29efb07a27aef4d6ca7e,0.6229641438,d4_component_default_guard
1mlc:0000354:a0b80a574492,a0b80a574492ce79788fafcc8274abc42eccf1aeec7a8fab97c9e92cab85924a,0.6653094292,d4_component_default_guard
1mlc:0000355:de7d44d16e36,de7d44d16e360dbde0b8c0919e2a8d1931bc5c25aee0585d0d710f0906e08947,0.6294788122,d4_component_default_guard
1mlc:0000356:8bc4c620b093,8bc4c620b09350666c7c8a3c66b3f37eec0c456912487fd7e4dab1b74adc7d55,0.9332247376,d4_component_default_guard
1mlc:0000357:45591678e162,45591678e16246424bd8a34814347a233856985f0bc4c8f5312a6d18823421cb,0.4283387661,d4_component_default_guard
1mlc:0000358:aeda8d654c38,aeda8d654c38f105859e0e8cb610a245833f7f85092f96bbdda79938ecf63a9e,0.8306189179,d4_component_default_guard
1mlc:0000359:0065ecc19e94,0065ecc19e94ed18255dc0a4334396bc81750e37928c7ccd106247110f45f71f,0.3566775322,d4_component_default_guard
1mlc:0000360:950029d16221,950029d162212bca5c69906d5811a632dd46ced35c3b6b276226364877ba3bd5,0.9348534346,d4_component_default_guard
1mlc:0000361:07d0f9f0c07f,07d0f9f0c07fa876ee3dc81970d32370e0d73587f78922c4525e3c5bcda17669,0.7850162983,d4_component_default_guard
1mlc:0000362:a1235d55638f,a1235d55638f651555137d5df77fdf2f4aecbe1532923ecf24cb3d51cbd5d364,0.3843648136,d4_component_default_guard
1mlc:0000363:c1cffbaf2322,c1cffbaf23220b889fc474690d5e5812b691c4a3782a90a11134d22d1728bc49,0.9006514549,d4_component_default_guard
1mlc:0000364:a739cba49738,a739cba497389cf21aa9c6bc632453efee6bade8e537c3e3c1d9fff37ca0e64d,0.9153094292,d4_component_default_guard
1mlc:0000365:243856cdd1e9,243856cdd1e9d90e3687fa4e097dfcf5f87e997c58de10280dbbd0c4ecb2f5fc,0.4429967403,d4_component_default_guard
1mlc:0000366:3ba05f0125b6,3ba05f0125b64b77c85e058622d08c1e05b2509d911d9ca587a2d2619e34fc95,0.7092834115,d4_component_default_guard
1mlc:0000367:1d5a6f7a8b0f,1d5a6f7a8b0fdda8d7e920fc94a5e40dced248fa22bf0a97eeb07057fdff47bf,0.6628664732,d4_component_default_guard
1mlc:0000368:250011f82965,250011f82965602f7f15f7ee7ffc4ae91bf9a27f83473d72fbbf05c29af155dc,0.702768743,d4_component_default_guard
1mlc:0000369:9fb0ec9047f9,9fb0ec9047f9de1ee475be52fbf764ef55b447bcc52e5571e8d3c017dded99ed,0.4796417058,d4_component_default_guard
1mlc:0000370:2b90f7f6eeb2,2b90f7f6eeb24e1d4269434610e022924a489f5bf6cc97102e09e048f016d3ec,0.6750814319,d4_component_default_guard
1mlc:0000371:83f3a13a7fbc,83f3a13a7fbc8233f593e5ce3ec938ea0769756b76da1afff238bb06bfbc35e2,0.4592833817,d4_component_default_guard
1mlc:0000372:a91fab3866ab,a91fab3866abc397d50f8311d3db9658e3606749a8d125bc907947ce45ba5eef,0.8460912108,d4_component_default_guard
1mlc:0000373:8362a23394d2,8362a23394d2b74b7f3b06a588dd1589dc685e13827f441f2569b0f438b9ce91,0.6669381261,d4_component_default_guard
1mlc:0000374:bcaadbdc4041,bcaadbdc4041d66580d052f04d71714ea264118f9d0e46aa94042d911d9de33b,0.09853420407,d4_component_default_guard
1mlc:0000375:67aeef62bf9e,67aeef62bf9eaefdbbf0dfd2ed395ee4885e7dec77cd0bc9b98f33e2027b91a5,0.3664495051,d4_component_default_guard
1mlc:0000376:9f71e7894632,9f71e7894632a7f2ae86fe45d2a0582f8f16021648faff5eaee699d52f62c72c,0.8998371363,d4_component_default_guard
1mlc:0000377:7ab28f7a49af,7ab28f7a49af2b4ac6cff7879a814a4161d5e298f0b77a91b8069b17e87f52e4,0.9063518047,d4_component_default_guard
1mlc:0000378:9d8d078b9fc6,9d8d078b9fc635a3480ad08410813865d7f47a45131157d10c58156ec3408854,0.5065146685,d4_component_default_guard
1mlc:0000379:ebb8dfc08305,ebb8dfc08305af856cf73be9d030fe897ee30a4c246d1a16d3c83933bc15e74f,0.4820846915,d4_component_default_guard
1mlc:0000380:36df7f45dd42,36df7f45dd423a5c01f12dc2c2df47c703e36f0c49cc3a26dabdfd426e88e044,0.9682410359,d4_component_default_guard
1mlc:0000381:1a51ea8f999f,1a51ea8f999f7a8e34d97ef47faa7391a6682692ccab49227ee30e549a7a8482,0.8819218278,d4_component_default_guard
1mlc:0000382:2575f711c709,2575f711c709c36aa936cb1fba386bb234dea5a4edc51ebb29a2ef8f1e5efa72,0.6767100692,d4_component_default_guard
1mlc:0000383:eb8f4f5f6040,eb8f4f5f604094c8e10163a74540ceb2f5f7de993ed79463515f889b44f840a4,0.3990227878,d4_component_default_guard
1mlc:0000384:387db446bc9d,387db446bc9dc5076acef7de4ecc718dc87f3efdd46a9bc1ed62f310f93f3aca,0.8631922007,d4_component_default_guard
1mlc:0000385:9a4d30b6a77d,9a4d30b6a77dce708dde313c854c4f6c6105d95c7711e47311e614433cc2e3e4,0.9283387661,d4_component_default_guard
1mlc:0000386:7e694f96bb61,7e694f96bb6164434d3f73716cbdea04078f0792358415445d26845bde394b7d,0.7475569844,d4_component_default_guard
1mlc:0000387:09f98f42fbc0,09f98f42fbc0759ef631c90c1dc3e46821eadb58e4f2c74e2bda9a742503e739,0.7776873112,d4_component_default_guard
1mlc:0000388:0ebd1ecea9c9,0ebd1ecea9c982a615643be08f60b72d41b00416e4e9a9b728a7ee22a5245854,0.817589581,d4_component_default_guard
1mlc:0000389:82ade7416afa,82ade7416afa2465308a65f1a0c39526bfe35a4004e51ad1e022edf625639b6a,0.8680781722,d4_component_default_guard
1mlc:0000390:97f81155210d,97f81155210daa2063fd2737874dfb22c1f22904a89cc7ffa230d8aed7da444d,0.8827361465,d4_component_default_guard
1mlc:0000391:65d56a32c799,65d56a32c7995052b24c9e28edf3e188aaf85be715d93539075e114bf9d856a2,0.5179153085,d4_component_default_guard
1mlc:0000392:550ba88fb982,550ba88fb9826c27276ce00e7aad05c427fbe75a0d22ebe0e5752c0efa955452,0.8542345166,d4_component_default_guard
1mlc:0000393:b715205073b6,b715205073b69a3d2fcb0cfe5b52cfd0b80248a8fc988525917a9b6bae2cc4b1,0.9975569844,d4_component_default_guard
1mlc:0000394:81930108bc5e,81930108bc5e5bc2cc7a81c2300c209d031db6f8845a9ff14ff9f1cbac158656,0.8925081491,d4_component_default_guard
1mlc:0000395:c063d1671c92,c063d1671c923216bf40ff4b415891e07174714e2756bdc8ab71acc3990ce22e,0.896579802,d4_component_default_guard
1mlc:0000396:9600edee23b6,9600edee23b6d2d1ca438c2403dcdd201a7ea14245ae30ca54bf730ab62c5677,0.7736156583,d4_component_default_guard
1mlc:0000397:268f8629464d,268f8629464d63ea93a7889fbd540a2004f769fca5c908baea901122efa8f0e9,0.8973941207,d4_component_default_guard
1mlc:0000398:36028e4591a8,36028e4591a8a7fe1017f9a5cdad60ad27b31b6ffa7720b5ef014e52f1898efb,0.7809446454,d4_component_default_guard
1mlc:0000399:c4c16e8b1f4e,c4c16e8b1f4e449bbacde3055909b1f99d141ac764dd4ce118862ed8699ff738,0.7280130386,d4_component_default_guard
1mlc:0000400:7911c050db0e,7911c050db0e000621b81274967cff6ac71b2aed755381362226013cf53d7329,0.8159608841,d4_component_default_guard
1mlc:0000401:703e91553219,703e915532192e754fe7042377635ba13f566d84e38196d23ae5e8e3dc7f72f8,0.8949511647,d4_component_default_guard
1mlc:0000402:de239f880671,de239f88067174e09376ba09ad62482ccfee3e074e939899553e12d0664d64f5,0.8216612339,d4_component_default_guard
1mlc:0000403:208735a05869,208735a05869b2c9c0cb479422090ed3af3ad17b8ce0baec44f479e621cb4419,0.8583061695,d4_component_default_guard
1mlc:0000404:9830f1d7c97b,9830f1d7c97bbfef3b89e96e6cdbba5ece56aa987a640952ce5e62c781390d73,0.8778501749,d4_component_default_guard
1mlc:0000405:fd7dcb877bb6,fd7dcb877bb6a6d0cb3ada7ba219ab4bb55cd373b4cc0f618381370498d5d884,0.9104234576,d4_component_default_guard
1mlc:0000406:d9f3d1bc6b1f,d9f3d1bc6b1f0d7ac75fe5e929742fbc8db95f54709cdbd597d9a0e7a863dd94,0.7557003498,d4_component_default_guard
1mlc:0000407:9128f95f7f10,9128f95f7f10e03a17e3c58e90febe3b40ded445c1388f4b8b8a6bafd094a59d,0.7125407457,d4_component_default_guard
1mlc:0000408:7739302dd602,7739302dd602ce0ee0599404b22ca168109b6ee86ad33ffe245d6e127e7a655d,0.7890879512,d4_component_default_guard
1mlc:0000409:c2e06fab4d3d,c2e06fab4d3d39907f1ca7a805de480bfc7908f035baa2e28f49519252ebdf5e,0.4649837017,d4_component_default_guard
1mlc:0000410:b0bcd23fe302,b0bcd23fe302871b543b54ba9eca622880fef9e5ec6c89f67a73614c2966c344,0.8688924909,d4_component_default_guard
1mlc:0000411:0c1def4dbaec,0c1def4dbaeca4fa0d63ef228254a83d0498a2372f735c5e412ed52534f3e0f6,0.4845276773,d4_component_default_guard
1mlc:0000412:199e54e05633,199e54e0563302017b85bc6344a7db7f0897763ecff9b740c816bb7f0764e9b3,0.8802931309,d4_component_default_guard
1mlc:0000413:23a85f2da62f,23a85f2da62f0a5e7fa2df4d2a677931c27a743bd83f976b10395d19456e58f3,0.4674267173,d4_component_default_guard
1mlc:0000414:780c9eeef77c,780c9eeef77c6f165dc78528007d3b91183ed04be8ab9255c00eef46bef2d2d0,0.9666123986,d4_component_default_guard
1mlc:0000415:9aae51518449,9aae51518449082b048bb46a40ce4bdd97b60171367cbb8f7fc4a5ff61742669,0.4234527647,d4_component_default_guard
1mlc:0000416:e3c73b821c09,e3c73b821c09a20685c6e11634c559f82413af0e52b5b1c1d5638410c18adeb6,0.8574918509,d4_component_default_guard
1mlc:0000417:78773b1b0b95,78773b1b0b95ab7ef407581f88828edc5e7ddf22da6d0f4e199f8a6e485c335b,0.9698697329,d4_component_default_guard
1mlc:0000418:12c778c3e761,12c778c3e7611d4e31df67504c185835002d720b890ff5b1a09fb425a9b99c5b,0.876221478,d4_component_default_guard
1mlc:0000419:a7fd186b631c,a7fd186b631cb25f4bd35cc477a5a96d3878cd0921dbfc91682bae3dacd7e83d,0.407980442,d4_component_default_guard
1mlc:0000420:7315b6438e8b,7315b6438e8bc1ab021f4bb737add6d5f6662b6b1858f7c2154186a4f134c8e3,0.9120520949,d4_component_default_guard
1mlc:0000421:a5ca09a15209,a5ca09a152094a43d0b20e45fb33549630c51acc20b61765378be80c06f3ae90,0.9161238074,d4_component_default_guard
1mlc:0000422:503355957240,50335595724075298c285138eb74f6cf79552a0e6755afe051d94a8205d22799,0.6986970901,d4_component_default_guard
1mlc:0000423:7a02403284f4,7a02403284f419df43bfc5bea10013a41dc0107936fde6e98b2ec55044c99cb6,0.7223126888,d4_component_default_guard
1mlc:0000424:87e2b6463b3e,87e2b6463b3e71941be73974dc98f8af3fef1509ca750f210014675cbee0492f,0.4837133586,d4_component_default_guard
1mlc:0000425:a60fc60adea0,a60fc60adea0de8a9bd08234a38b1fbb0aa544020c73dbe5b9b681afe6e7d130,0.4055374563,d4_component_default_guard
1mlc:0000426:d790e1ac19ba,d790e1ac19badfbe11c69a718200f1aac44e63294cc5c7bb056dcb3569b07fe3,0.8697068691,d4_component_default_guard
1mlc:0000427:6e7683e8e10b,6e7683e8e10bfac4f141030f7e844a06cb7ade4004971145629f99f09e4cacff,0.8892508149,d4_component_default_guard
1mlc:0000428:e2c02aa9b7bc,e2c02aa9b7bc8fa171f315d9f26bebec323f5bfc4468a20238bea640d35ca74a,0.7288273573,d4_component_default_guard
1mlc:0000429:d0da6a819be6,d0da6a819be64b0454b5370e448f63ea9e29e56f287aeef3752f8a0688963079,0.75,d4_component_default_guard
1mlc:0000430:c971e57523aa,c971e57523aa484345481f1aaa97394dd033da67131b58af523d106ac828741f,0.8859934807,d4_component_default_guard
1mlc:0000431:26a40e5fc15b,26a40e5fc15bfcf648496a089146d030f62faa8bca5a52e84cc4bf1cf765aa74,0.7402279973,d4_component_default_guard
1mlc:0000432:f536329d7a96,f536329d7a96ac4aa660b3fd09faf0b5f9d6a26befffaea0deb3e18d4a9188c7,0.8754071593,d4_component_default_guard
1mlc:0000433:11cc358fea85,11cc358fea857f617a1ac9241b384f8c014404329f36a57b9920a9f5a0cd349a,0.8916938305,d4_component_default_guard
1mlc:0000434:4d46760674a8,4d46760674a810aec261d05ccfa8c399b26fbe9aa64fc9c25c91a68b22afa79a,0.8835504651,d4_component_default_guard
1mlc:0000435:540cdf906c83,540cdf906c83d8e0bac9c5459ba0a1043f5c80fb328ab4662b08e6c318926fd2,0.415309459,d4_component_default_guard
1mlc:0000436:68502276e6ed,68502276e6ed73416e227292220e61c8cbe17c87ccd4735ce60ba4fc0fc73847,0.1148208454,d4_component_default_guard
1mlc:0000437:13a769e417b6,13a769e417b6bc206a782a8555f3bbd3716570cb64efefde6ee710f8c859517a,0.24429968,d4_component_default_guard
1mlc:0000438:90a161d1c189,90a161d1c189950190d1b1f3b4faf4af8e79e25cdb11d9537eb211fe7c8d5ae7,0.7206840515,d4_component_default_guard
1mlc:0000439:57800fb1251d,57800fb1251da4550884cd003e4e4094a0aba950a58f3324bd83d5c10473467b,0.1498371363,d4_component_default_guard
1mlc:0000440:ec33d644f770,ec33d644f77039eb1b2837d64a429f2fcdf50f094bb81fb4425f2c1522c7465e,0.359120518,d4_component_default_guard
1mlc:0000441:2d314edae301,2d314edae301870fb797ea9547b2873ce3cb347e5c090c70af7e8be9466c575a,0.1881107539,d4_component_default_guard
1mlc:0000442:059395ec84c0,059395ec84c02358a1ac04c74acf113cdf3ab451ae78ac061c8b0deb754a9f27,0.140879482,d4_component_default_guard
1mlc:0000443:50e6ffb66395,50e6ffb6639583ad1c1bcc46ec283944f520e65ece9e6b089b981da219a32405,0.1905537397,d4_component_default_guard
1mlc:0000444:e9b58d830034,e9b58d830034333569d8c230ee48f4197497da2525958ca631bda7512bc2d922,0.1180781722,d4_component_default_guard
1mlc:0000445:ad2bc78656f3,ad2bc78656f3bb0f562fa54022a0f21f4f813109eaa46c634b63c63a93a40f9c,0.236970678,d4_component_default_guard
1mlc:0000446:c8e082f7b70a,c8e082f7b70a439af5c7eacbf42e638bda5630e581b7c48c31770e390a54de8a,0.2833876312,d4_component_default_guard
1mlc:0000447:cd1bfa3eb4c1,cd1bfa3eb4c1d276192c8d6f95f8387314cbb49321a4c7bf3556e01e54a8c4ea,0.48859936,d4_component_default_guard
1mlc:0000448:96fec7ea6812,96fec7ea6812aaeed446ff55fb2bc0db3ae6fa3681b9b8aa8e7ee560c29e9e4a,0.2679153085,d4_component_default_guard
1mlc:0000449:6f4eb171281d,6f4eb171281db490cb31659b1d708fb48ae0daadcea3944a53d9549f6a14b9d3,0.334690541,d4_component_default_guard
1mlc:0000450:72c0fdde4166,72c0fdde4166edec6b2fc760e8659cd7e708da93fd7d2cc4c7b05998d551a35a,0.2491856664,d4_component_default_guard
1mlc:0000451:879b558478a7,879b558478a70415cf5c18082080db59c2c0075992035808419352beef8a5534,0.01302931551,d4_component_default_guard
1mlc:0000452:5d4d3f9781ac,5d4d3f9781ac4a7b90371d5e3b8408ff3de470a4e13ca41c897742821d996f8e,0.285830617,d4_component_default_guard
1mlc:0000453:4c725e2e279d,4c725e2e279d0dfd6109eeec0b59f24f09629f889f32daaaa9c99ed8ad7d5e23,0.98859936,d4_component_default_guard
1mlc:0000454:f05d843b3940,f05d843b3940b7cb8b47557e0a0655c7a6e6b2bf782fe387a16969d2f480a134,0.4291530848,d4_component_default_guard
1mlc:0000455:b5da3d81b523,b5da3d81b523d68e705e8053a1c343dc5392dbf671ca4fbd72b8d33fb4e270f7,0.556188941,d4_component_default_guard
1mlc:0000456:cbd97ee82a06,cbd97ee82a06de88c2549d17c924dca7041f3afa5ad2da95d755176ee980e82c,0.4926710129,d4_component_default_guard
1mlc:0000457:37c7559508ac,37c7559508ac47bb0b8c080eb3d20fb71491d66d931a38972c1204831833db80,0.2931596041,d4_component_default_guard
1mlc:0000458:8492007b0737,8492007b07377c18f0d73ba17294233233721f071b0b81dab293ca200a681f1d,0.2630293071,d4_component_default_guard
1mlc:0000459:50fcf1c8aecc,50fcf1c8aecc895c777664c5ef00eacaf47bf88f0683b8d9965f0a912e23b34f,0.4201954305,d4_component_default_guard
1mlc:0000460:ed19b7a44d0c,ed19b7a44d0ceb96e00e4f7589a1e0d0f6d07a9efb91ac7348ebd2d9bc66ea22,0.4438110888,d4_component_default_guard
1mlc:0000461:7c9f5a4f0396,7c9f5a4f039622c20b0e6c64905d3247ae9e344d349781a7ed51fff6a285aa07,0.2793159485,d4_component_default_guard
1mlc:0000462:b205e0527171,b205e05271714e79e898d57eca9bac565b92fa2936569f07ddaac710bea41e92,0.4991856813,d4_component_default_guard
1mlc:0000463:326d646075e9,326d646075e9992db1ae157d5303dd8563ad0e330f74372279ce59717076ee87,0.4731270373,d4_component_default_guard
1mlc:0000464:d48b0f930949,d48b0f93094998da05a900918c87c9d6756d13c882b3c0097d87e03d997d7f6a,0.3754071593,d4_component_default_guard
1mlc:0000465:26dfa988bbce,26dfa988bbcec0afd0429fe2c05b7cb7a019659812c44387cba22f03903510fb,0.3933224678,d4_component_default_guard
1mlc:0000466:c46e7f44a702,c46e7f44a702507216da2cd15aa51dec6f26ee3ee8eacb18463fe91c6a9d4225,0.1416938156,d4_component_default_guard
1mlc:0000467:bc4060c3d53d,bc4060c3d53d615d31684e50621c1a6a28a36686d3577c35942799c45fe3a35c,0.2190553695,d4_component_default_guard
1mlc:0000468:7af261624ab5,7af261624ab55e2f78a302b3ecf842828d105b104ae29598b47e4290085c4b6d,0.2149837166,d4_component_default_guard
1mlc:0000469:dd7386035762,dd7386035762c48acc956a9804cd158dd823078b67560307c8f5c73b0ccaaf61,0.1449511349,d4_component_default_guard
1mlc:0000470:a02e28a5751c,a02e28a5751c9fefdee339789d6f61db8cd7442fd1468acf6914c05a35fd6557,0.4788273573,d4_component_default_guard
1mlc:0000471:d2951bd00201,d2951bd002015d284c60fd6434655f39e2111e640ead11618ab291dc8fafe0df,0.2361563444,d4_component_default_guard
1mlc:0000472:dee9e8d4ad0e,dee9e8d4ad0e496778f2e5f4a2cb3b19b19be456172008491545a0b5b10aaebe,0.2247557044,d4_component_default_guard
1mlc:0000473:2929c7bf9603,2929c7bf96038a71d2f417989b149e96c6b18cbd1d7201fbe53f944e0593d015,0.2654723227,d4_component_default_guard
1mlc:0000474:202306108e0b,202306108e0b8f1d889cb983bbbb622c7495d9d74337d5ce01f54af260cf3b00,0.4315961003,d4_component_default_guard
1mlc:0000475:768a50d69da8,768a50d69da859ebe75c7d2f7be6020150edbbbc5f17194578fc31e0ce520aee,0.2296416909,d4_component_default_guard
1mlc:0000476:804bf9aa782d,804bf9aa782d8971bdc88f4f3a5b2ec7c67841490358657fe21e7dd0496a9845,0.7646579742,d4_component_default_guard
1mlc:0000477:e5acf4bfd7ae,e5acf4bfd7ae36f7527a5ff006d3224a4c4b98b9fc8e7d6d655841cf242b9573,0.1473941356,d4_component_default_guard
1mlc:0000478:9f8615f4f61d,9f8615f4f61d81d9b4d748a642f26432df99270aac49db9d531c02c87648fda1,0.1913680732,d4_component_default_guard
1mlc:0000479:d33b04b97e8f,d33b04b97e8f241efda3b4e5edc353ded5bd47d0d83bd3cee18597e40c8b7df0,0.146579802,d4_component_default_guard
1mlc:0000480:10f03875e0c5,10f03875e0c57126234003f9ec5ed627ca20bb07e9ec5383efc79ed29cdd7d66,0.7679153085,d4_component_default_guard
1mlc:0000481:c61927ed1a59,c61927ed1a59a3ad971a3f637858403325aabaa2df0f8cc04f0cb869d2354d59,0.385179162,d4_component_default_guard
1mlc:0000482:b3206b2a3718,b3206b2a371891f732534655a3fea515df3bd4c3ce3874a034e04b043ff7fa4e,0.1596091241,d4_component_default_guard
1mlc:0000483:b9b333fbfcd5,b9b333fbfcd5595034f21f94531688b58d39d4a9ad0ea1250f2b86c092e9683b,0.1669381112,d4_component_default_guard
1mlc:0000484:1c2fe2aa635f,1c2fe2aa635f4de15de1b88d18558b8cc9083a986dd06d34c522380f553c703c,0.2019543946,d4_component_default_guard
1mlc:0000485:3cffdfabfe99,3cffdfabfe997775f74a82b0272502035ffc64c4c9fb95f894d91a8235870d65,0.1131921858,d4_component_default_guard
1mlc:0000486:9f316d6d1aa1,9f316d6d1aa113fb5fbb7615fa14bd5f13cf6e8db7dd4a4925f82a1307b4f1d4,0.1482084692,d4_component_default_guard
1mlc:0000487:3faef60fa553,3faef60fa5530735883dc9c77d60278f07ecf9c452e3dfd68849df563c480559,0.3811074793,d4_component_default_guard
1mlc:0000488:ce083f22829b,ce083f22829bc9be967f059198a1360ffb2f6e4c35d92750eabefe25937cac7f,0.3925081491,d4_component_default_guard
1mlc:0000489:06e23305b40e,06e23305b40e686a545029b0a41fb1728a6f6e20599b64161bf923e2fd9734e5,0.1522801369,d4_component_default_guard
1mlc:0000490:1d90d5669fc4,1d90d5669fc4799c3e4f9713e6af7bc6e84c95688321374992b51d4b016b066b,0.2182410359,d4_component_default_guard
1mlc:0000491:a8a26fccb0ea,a8a26fccb0eabf80fdf1ccd4d34ccbe4c3ccf0f510201e87ef62f5583967dca1,0.4185667634,d4_component_default_guard
1mlc:0000492:52a27630f074,52a27630f074c0ace8d28cad2bcfad107c9e30947efcff70251e7f3b9aa44a46,0.225570038,d4_component_default_guard
1mlc:0000493:8275a3113811,8275a3113811f384714f1fa0fad4a3764b8cc626dedb156a61777464ea8443f6,0.2597719729,d4_component_default_guard
1mlc:0000494:0cbfee83492f,0cbfee83492f8c02f5f04da84906db7eaa3ba89e5c544a4a53231bf72e60b65f,0.4063518047,d4_component_default_guard
1mlc:0000495:c9221fe289dd,c9221fe289dde36877717066faf0141748c923f3c84b810ac9d156bc98884fc1,0.03745928407,d4_component_default_guard
1mlc:0000496:9340effb4e83,9340effb4e83a6b638ce7a67347c20a2a9072f3c2332054b116a9a805961f6da,0.396579802,d4_component_default_guard
1mlc:0000497:0ff5cbb6a225,0ff5cbb6a2251ca9dc85841ff472d630cf845185f00a20c62c38f595d410e9df,0.1384364814,d4_component_default_guard
1mlc:0000498:449eff70d238,449eff70d238fff923ec59b48486164b18af12daacac20f60b863c71f04f82f0,0.7434853315,d4_component_default_guard
1mlc:0000499:6eedf5c39241,6eedf5c39241ddf8f88b4eaf2812b56466177f67a385188fe4865dfed717a0fa,0.9714983702,d4_component_default_guard
1mlc:0000500:c5df4a0cf5e9,c5df4a0cf5e927336dcced3c0ff3de54d7d50d572ee9ddfc7b2e1393d3d7d72e,0.6107491851,d4_component_default_guard
1mlc:0000501:edce2f1a5a10,edce2f1a5a1009df6b841de43b6f6f022e17a41f59238038dca3268d601bc5c3,0.3379478753,d4_component_default_guard
1mlc:0000502:258f4d31b637,258f4d31b63748c83e2b1cab40b6adef41dfffc3bfbbec3aed5c8af21aeb37e4,0.9633550644,d4_component_default_guard
1mlc:0000503:05a6ae3ba57f,05a6ae3ba57fcc202bd2094a756bf47e8637237df95fdb39d8d9e5486b805592,0.6807817817,d4_component_default_guard
1mlc:0000504:36b41ebbe254,36b41ebbe2542c04b238d45b03674bbfff452f6d719566c70d812d49eacde8c6,0.6123778224,d4_component_default_guard
1mlc:0000505:74c10b8c82bb,74c10b8c82bbeaf70b0e7f13929bf3a30d708f351dbde15330f7843196ad457a,0.8078175783,d4_component_default_guard
1mlc:0000506:ddc54a9c7e11,ddc54a9c7e11f41b25d375911b1b21dcf3bd53131701384f8db49d1342fe2938,0.9731270075,d4_component_default_guard
1mlc:0000507:aa56a19bc9df,aa56a19bc9dfaac60334c70b7c3c5d16e9e0a4ef0b62da83358113eab14a574d,0.6311075091,d4_component_default_guard
1mlc:0000508:6a7a3f29eb82,6a7a3f29eb82f8c1a13bdc034e8c6fca09a5fa36296f79b0303b2d6ca0f59ba8,0.4975570142,d4_component_default_guard
1mlc:0000509:cb5b6e8d821b,cb5b6e8d821b4ac22884e51eb979be547fb28c210180e5c0b5c80bc7031c8cc4,0.8363192081,d4_component_default_guard
1mlc:0000510:0b7e801d1f7d,0b7e801d1f7d40a0600bad2a9b52ed7f7eaca11106903157abecb2b5abc200da,0.885179162,d4_component_default_guard
1mlc:0000511:4a118dc575d0,4a118dc575d0fc3750e2bdbc5fedb9079eef3838288599fbe42bc75b1383e985,0.7369706631,d4_component_default_guard
1mlc:0000512:0f7612fa78fc,0f7612fa78fca4bf4bfdd27125eab54ee26e000774b55efc87ba35bec7d13cfa,0.3021172583,d4_component_default_guard
1mlc:0000513:8c32e62b4d28,8c32e62b4d280a91bb1573c288498d83bddd85644736946d702dabcee6758afd,0.1286644936,d4_component_default_guard
1mlc:0000514:243ffda8f224,243ffda8f224340e66bfffad5b5ec19b1a0337b51bd0ab1d4a3ba8dc538a3e13,0.6164495349,d4_component_default_guard
1mlc:0000515:8e062b8a99fe,8e062b8a99fe9f6953495e1dfba7823df199c22848442aa2192b804ed51fef2c,0.9951140285,d4_component_default_guard
1mlc:0000516:3cc72f605774,3cc72f605774f506aa4eda5f3731662d55a1509ca2b2dbfa87ce0284b95f31f1,0.7003257275,d4_component_default_guard
1mlc:0000517:db7372fbdce5,db7372fbdce593351b2e8372cff7b91f448b05774e197e38328e326ed9460ffb,0.8004885912,d4_component_default_guard
1mlc:0000518:7d02820ff191,7d02820ff191c1e5d1bb5f615c895cb3560c29362fa07bff7fdc33654cb14221,0.8045602441,d4_component_default_guard
1mlc:0000519:577927a26659,577927a266597ecb15cac75584ce5f54b9540280d0a17f27471b7909e6e07c61,0.9022801518,d4_component_default_guard
1mlc:0000520:acdaf8e35a5f,acdaf8e35a5f5fa8b6fd5e8f7ca18f91ec6eced5e8a5c705146f900cef0a784a,0.5146579742,d4_component_default_guard
1mlc:0000521:e8cdae3edecf,e8cdae3edecfbc49081c98071ce3210f6ebd622a85baaba4ba3e015cf552a1f5,0.691368103,d4_component_default_guard
1mlc:0000522:4bce4ad1c923,4bce4ad1c923a24ab5c3409dfe30157764223f19061b02a5989afbf1d2b2fc73,0.8102605939,d4_component_default_guard
1mlc:0000523:a22c7f0453aa,a22c7f0453aa8c029290bc2c821bc47a3d0a5dcba9af303072cb62575d76add5,0.5798045397,d4_component_default_guard
1mlc:0000524:6404dd961a09,6404dd961a09a1f105e19ef0072853a456c4c8a80bf7dd7f8adb76c7ffda58f1,0.808631897,d4_component_default_guard
1mlc:0000525:a41b11c88b4b,a41b11c88b4b35c40f529766f73dca1d143741bc93d84b9e3dfb47abf1b93808,0.6970683932,d4_component_default_guard
1mlc:0000526:79d41be488e5,79d41be488e589c385beb71b0932d965c987e64ac019da30da9512f198d159e6,0.6530944705,d4_component_default_guard
1mlc:0000527:5932e99f5c1b,5932e99f5c1b5888f34c0150fe2c620bc30862c89d5c32e8965389493ae763c4,0.6587947607,d4_component_default_guard
1mlc:0000528:fd9d951f0dc3,fd9d951f0dc39754240fa1b4a3be5c3715affb78446a66de32beba2592570673,0.9625407457,d4_component_default_guard
1mlc:0000529:4d02af577652,4d02af577652dd6b3f79445d0227ac5f46cc480978e1812633dc9798948784dd,0.6783387661,d4_component_default_guard
1mlc:0000530:161d9446e2fc,161d9446e2fc186aa5a01df8ebafcf4093d9ad4f91fd57bc38d6905c5f4f6bbb,0.6482084394,d4_component_default_guard
1mlc:0000531:e65a85d0af69,e65a85d0af6957f317271e9005806087c97532819e0d66dd9f2725ac7c532f2a,0.7540716529,d4_component_default_guard
1mlc:0000532:05fc812d56e4,05fc812d56e455c1453093ffa797e770e9aec12e07fb4db977659776d2fe77a7,0.8257328868,d4_component_default_guard
1mlc:0000533:afb01841f800,afb01841f8001e242bc2fe0c3f3ec1ce07eb03d0c8b1249ca87eb2f0b7704e72,0.3257328868,d4_component_default_guard
1mlc:0000534:f9e1c7af56a5,f9e1c7af56a5fb0c4edc632caaa6f1ccca084b4d0e4cffbdecc3723ec5e69339,0.8241042495,d4_component_default_guard
1mlc:0000535:a51f4f334778,a51f4f334778bd75ab92c4bce0ac0b1fee27ea329032761a736a2ce24f68792b,0.3469055295,d4_component_default_guard
1mlc:0000536:3270cfdcc1e9,3270cfdcc1e9bc578204a69544f9354ae8ae43ff3bebafb67756837cda584294,0.7255700231,d4_component_default_guard
1mlc:0000537:137493b5990a,137493b5990ae2c18e0c6b5eff7d89c54e119569b6649c38a5c920d7ec2ce729,0.3542345166,d4_component_default_guard
1mlc:0000538:d8472f4e54e3,d8472f4e54e3dc603f5c7a5fcec1ea9c58aee10351e7526ddc45b8f83f53021c,0.9600977302,d4_component_default_guard
1mlc:0000539:de1e68df611d,de1e68df611dc28fad172acf0dcfbead1aab7b6157873b35ae7b6bcad622c48b,0.8192182183,d4_component_default_guard
1mlc:0000540:b87bd5414c1c,b87bd5414c1ccd215b909911cddc08fb424391cb52a2fc8a295bbd341cb77bd8,0.9617263675,d4_component_default_guard
1mlc:0000541:8fcd1781bef9,8fcd1781bef9460c1edc3e9825df6c25fa205d75033607084ff6103e758ef156,0.7939739227,d4_component_default_guard
1mlc:0000542:2bc676c28563,2bc676c28563194f44a8fdc92a7325d6a3e47a76177c829a95973b341e833136,0.964169383,d4_component_default_guard
1mlc:0000543:6d5c1783f4fc,6d5c1783f4fc7c7a886ce05a8c63735b1762018c5765a883ad082b6f6fb43b69,0.9723126888,d4_component_default_guard
1mlc:0000544:d2ca74e13e52,d2ca74e13e52f80266a68f727aecc6fc1420359aef98445f81c2d416ab556ea0,0.5944625139,d4_component_default_guard
1mlc:0000545:81b2786384e3,81b2786384e3d3ba68304626d691c94df42ef909e2ee35d0522200909c1fb9aa,0.6074918509,d4_component_default_guard
1mlc:0000546:6712dae77195,6712dae77195942b2544f7beeb4156fb35475a5a0e14bf5f97943dbecddb5be1,0.5627036095,d4_component_default_guard
1mlc:0000547:74ba09554235,74ba0955423591b69e68645d917b016d277961a087d45f1493cc530999d741c7,0.2385993451,d4_component_default_guard
1mlc:0000548:ac7824037bf0,ac7824037bf01247453003efd8734c0408e85e7fbf6851020987db77fdec0cc9,0.682410419,d4_component_default_guard
1mlc:0000549:92396d0e1d29,92396d0e1d2976776a215061ecd826e475e493fc72889ef8e5df1b34a49c908e,0.6905537248,d4_component_default_guard
1mlc:0000550:1d3917d9b7d2,1d3917d9b7d200475794ed5161aa049cb6dba6ce684c88422ba4fdc55dc2b22c,0.7703583241,d4_component_default_guard
1mlc:0000551:5562ccb45210,5562ccb45210dd03f27e8a7cfd1ece434efbbdf585800b0936e09ceb850fdd8f,0.6441367865,d4_component_default_guard
1mlc:0000552:c3ebc15534b3,c3ebc15534b36f24f4af7659e96f7413950575e1c957a89d781c94875d59d7c3,0.7084690332,d4_component_default_guard
1mlc:0000553:9efee2a9a78e,9efee2a9a78ebade61b94f73aedf70bb814b4d80b9df0b4c73f7dbcebce82b15,0.6384364963,d4_component_default_guard
1mlc:0000554:26bcd0437122,26bcd04371225a08a7b1b648ae1ed3a2240114ce2a2023cdab7c63cea9e05ffc,0.8811075091,d4_component_default_guard
1mlc:0000555:a5d55711fb35,a5d55711fb35f28365cacdcb61dbc135fde8cedb6bf13179a2957ad2e10a9052,0.6856677532,d4_component_default_guard
1mlc:0000556:99e031971b19,99e031971b19ef7b999b4de5b2680b98fd3e44f6b9c580fcebd28f82aa61d31d,0.1188925058,d4_component_default_guard
1mlc:0000557:e11eb23eb5ed,e11eb23eb5ed4e28c6deae50ffa99d22deb65897d2ed3c8cfc3a0189ac318468,0.7190553546,d4_component_default_guard
1mlc:0000558:a302341281aa,a302341281aada0f55e23145d4689edb36e4a79d40d7fbe4427559c13c03035c,0.3184038997,d4_component_default_guard
1mlc:0000559:c58c2a833240,c58c2a833240e992fbee7347a61696f92545ce7aac1af82c1ea9f6afe3e1c529,0.8208469152,d4_component_default_guard
1mlc:0000560:39dd6dce4ba7,39dd6dce4ba72d72f42add0a7dade8a36be76b55907773bdfdaf1898b68e9b23,0.1514658034,d4_component_default_guard
1mlc:0000561:0208f0f14ada,0208f0f14adac1dc30c88c2ece269e8249b0f662913053bd2aa749a9f43c8106,0.2328990251,d4_component_default_guard
1mlc:0000562:191a8a44864f,191a8a44864f555d9f5c540d5a0c49964f59af99282e8ddca5c944c2dc0c6730,0.8167752624,d4_component_default_guard
1mlc:0000563:cc1ea3ac8944,cc1ea3ac894480245fdd0b1a57826be962e98efe76c31bdbd090e3c606ba3d28,0.0464169383,d4_component_default_guard
1mlc:0000564:149cca874033,149cca874033ec966fd2081db85d53fedb666dc238147842cfc6d90f480eaa11,0.5765472054,d4_component_default_guard
1mlc:0000565:9938f2cb627f,9938f2cb627f3ce3a64e1e2bdd6059a757b9b855c5bf98151b2e934696043900,0.2671009898,d4_component_default_guard
1mlc:0000566:0a5372c45b05,0a5372c45b05d35684c18ae9932b8437e14e6b338ea6f79f1994fd7c0552a010,0.04560260475,d4_component_default_guard
1mlc:0000567:3946d48f33f5,3946d48f33f5fb438f324e28e2cf54becae47c222230da0d70c807a4c45feb40,0.5211726427,d4_component_default_guard
1mlc:0000568:35891def61ca,35891def61ca3399db2825d3539f20423d2ca3467123eb5c5475d2e722d32058,0.8184038997,d4_component_default_guard
1mlc:0000569:f5fb6aaeb7f2,f5fb6aaeb7f258671591eaff59206704b90a2eb2a98e0b89754c8b67a7853b93,0.04153094441,d4_component_default_guard
1mlc:0000570:c8bf374b3502,c8bf374b35028a448527bc8834a19be5a85ec3f3ef43805121a2fe57220cd8ae,0.2703582942,d4_component_default_guard
1mlc:0000571:e870d61f4177,e870d61f4177c5982d38b2023e7bddd6d24fa2d33afc6fc42daab62611c7546d,0.1555374563,d4_component_default_guard
1mlc:0000572:2448605f12f4,2448605f12f4113e9cb0b3faec063d230061f059844a5a522bd1959e7792f6b8,0.4861563444,d4_component_default_guard
1mlc:0000573:1cf3f33e5c97,1cf3f33e5c97332e7883798b5aef391421703dee814f374f7b4da63a199c2707,0.5032573342,d4_component_default_guard
1mlc:0000574:3635c8334192,3635c8334192bef0caeb766aa3445f558dd46f86a7d52ed8ce9f0017f66d1a08,0.3029316068,d4_component_default_guard
1mlc:0000575:c28fa919637c,c28fa919637c8f68c042d4518039b8befbf1bb65951a115b45a16fb3d26be9db,0.2377850115,d4_component_default_guard
1mlc:0000576:050052fc0bdb,050052fc0bdbb45ba123762c59c0fa54def72903d8e8e3c247a3e85a44b56718,0.02687296458,d4_component_default_guard
1mlc:0000577:1b150a02a13e,1b150a02a13e7f73bd21e143bd4aaba662652b61106ca6fba5fbd4f4c2eff627,0.5724755526,d4_component_default_guard
1mlc:0000578:d7cc10305939,d7cc103059399803344605506d8902c6b3e6af1d65fa80df21a4c4b7febd59c0,0.9894136786,d4_component_default_guard
1mlc:0000579:06ff4adb3945,06ff4adb3945396ea8211cd1f704d49e992c64ce8182051d411c64aa049aebcc,0.5659608841,d4_component_default_guard
1mlc:0000580:e9b9070ee428,e9b9070ee4280bad2a960f95e67d7a7348b1eccee7137b4ec38b153799c814d1,0.1701954454,d4_component_default_guard
1mlc:0000581:0a3dcb1b859a,0a3dcb1b859a375913b4e7b021bb2a65dcd15d572992cfb85a623646079c1ff3,0.438110739,d4_component_default_guard
1mlc:0000582:2a8bdf117747,2a8bdf117747d066dcf97494b0fe65b609a6071b4bcccd85a7a08fabdcbff329,0.5692182183,d4_component_default_guard
1mlc:0000583:44a32e7654e9,44a32e7654e93ace8065b7555a895f112ac6881aca542a3e2c3f7c02a45c8228,0.1539087892,d4_component_default_guard
1mlc:0000584:5515a7f9cdb9,5515a7f9cdb914cd20d29bb917634bc4fe006caa600b896762861d9a54baaf39,0.5635179281,d4_component_default_guard
1mlc:0000585:6a0ddd67a38a,6a0ddd67a38ab1393b8561e44ad4fda0d2b47944c7467bf5c13f1ace0331f665,0.402280122,d4_component_default_guard
1mlc:0000586:11b8d001128a,11b8d001128acccfa52b48fffc561507504ff572a185d4ce7b5d6ed38981ed78,0.1197068393,d4_component_default_guard
1mlc:0000587:51d14c33faa0,51d14c33faa00fec1a63748f7a6114dd0c08abb74155a3afc9cf5d229564e734,0.2125407159,d4_component_default_guard
1mlc:0000588:50ee52bc96f0,50ee52bc96f0b77ac84a883f753acd6b5b3950a58279c0348a48f20c0d10fffd,0.5122149587,d4_component_default_guard
1mlc:0000589:134d9d5cbbc6,134d9d5cbbc6ba8db2425323191f4ec39bf3fdbb8ce9a44aab451c2032a73a75,0.5073289871,d4_component_default_guard
1mlc:0000590:a3ed660441fd,a3ed660441fd7d775332e28242002a32c0462070ad367b9dad58bc643f3901b6,0.7744299769,d4_component_default_guard
1mlc:0000591:a300a13ab935,a300a13ab9357e7eef1e4cb4c408c137f3fb7b9768d652ef6347d0851506a543,0.04478827491,d4_component_default_guard
1mlc:0000592:6d7d9dfb373e,6d7d9dfb373e5ab7f28325364846e78ead1c172981f1a596ad5bf8d6b5cd93c3,0.2760586441,d4_component_default_guard
1mlc:0000593:1bc48bf67466,1bc48bf67466bc50762814b3a846b0526dfa1f5301b82e9f0f22fb26b565a019,0.3094462454,d4_component_default_guard
1mlc:0000594:31bd3a46fd34,31bd3a46fd34134a41ff2f3db3e880c48f8c105f103b24e61fc328c6c5218081,0.214169383,d4_component_default_guard
1mlc:0000595:1e2b01badf94,1e2b01badf94c2daf2919bbfcbc0f033b494d17a66def1975eeb2eced9f3e678,0.4763843715,d4_component_default_guard
1mlc:0000596:40e3b20d4e8c,40e3b20d4e8cb5340858779a6b6ee6cad30007dfa474919833ed13ba7d650864,0.2304560244,d4_component_default_guard
1mlc:0000597:a69894d4ddc0,a69894d4ddc0813d999546e67e8ccd2ef54e8f01a78e93fdaf35935c510a8059,0.4535830617,d4_component_default_guard
1mlc:0000598:f1ab3173499a,f1ab3173499a846a0f124a8b1082d0e2a8f2ed98786fa5fdda61c56bef2719c8,0.2459283322,d4_component_default_guard
1mlc:0000599:f94113bf3f87,f94113bf3f87ce1355ed1e0554ceea80961c73be5f3bc14a251a00a9e96327a3,0.567589581,d4_component_default_guard
1mlc:0000600:3ae10c596431,3ae10c59643186e73fc5766253a551d2639558ecbdf4fcd89e64091fcfa4cf96,0.25,d4_component_default_guard
1mlc:0000601:7db003fb0bdf,7db003fb0bdf63c3d8e2af1deaec1165658684dd428cf84ff536ee65e752db08,0.8094462752,d4_component_default_guard
1mlc:0000602:61b99a41053e,61b99a41053ec094b61e6afed3f251f41d3fcb6a2493ed0c59b7b21a9b57ae14,0.03908794746,d4_component_default_guard
1mlc:0000603:bafc25cc1a55,bafc25cc1a55f763d27c8a3696c8d10cb014c1ea44702d0bb5a06a7db0948cf5,0.4104234576,d4_component_default_guard
1mlc:0000604:0cb836119931,0cb836119931b9862a9e7947aadea093a25897c277e3449786e93d7947da3f2c,0.04234527797,d4_component_default_guard
1mlc:0000605:4d1e674cfa47,4d1e674cfa47131afb71c03980eff14f7234531e3c49ebc38b4a238b96e18d0e,0.8135179281,d4_component_default_guard
1mlc:0000606:81667bf32a19,81667bf32a19e60c7c3963126c406673517029ccb8693ca3ce59fcd4a9c3e311,0.5504885912,d4_component_default_guard
1mlc:0000607:2c8b5491e1fa,2c8b5491e1fa21de48f70048f0e5151a7f2a4863adf1bbea2051b78f932163f3,0.04397394136,d4_component_default_guard
1mlc:0000608:b437a386ffa5,b437a386ffa5c31f16d268cae3c6e540e7a88db41b42de74b07584f945244cdb,0.8232899308,d4_component_default_guard
1mlc:0000609:66fe95aaacf4,66fe95aaacf457cc37958f56e616d566b8d7c3d3000cf4e610c9a00ea8f594dc,0.8110749125,d4_component_default_guard
1mlc:0000610:2c4ff5e8f58a,2c4ff5e8f58a4e24e30c7702f026d930fdfe5da05a0f5b0acdc3273f62f15bb0,0.2174267173,d4_component_default_guard
1mlc:0000611:2b594807ed77,2b594807ed7781514a4c082e97ebcde3b9d98b47fdcba187401f1e905450f8e8,0.2345276922,d4_component_default_guard
1mlc:0000612:d2fa2bbf95e2,d2fa2bbf95e281b220c1402ec190001e5ae7439ae345a752125afc78f3e65e41,0.1368078142,d4_component_default_guard
1mlc:0000613:e3d97c0708e5,e3d97c0708e504051ed7ebf9b91643f085c29ecb22f14c720ee48e9cf3de3129,0.08876221627,d4_component_default_guard
1mlc:0000614:96ce1fb9d111,96ce1fb9d111bcae96cb432ecdfd6d9e58ab8e0ffec27604f165ac76af90e246,0.5407165885,d4_component_default_guard
1mlc:0000615:9b96b1d7c746,9b96b1d7c746e618a2fbda19002789dfd0d615c17ab7089b5b4339ce8e2f49c3,0.5806189179,d4_component_default_guard
1mlc:0000616:5b3b1cfb94a2,5b3b1cfb94a293a36ce5726e17988e263af4c09a9f7dc6c33821a315646a24c1,0.2451140136,d4_component_default_guard
1mlc:0000617:250437626949,250437626949a167a2487d5a33b755985f5bdafb52e53a1e7a4b3625a275aefa,0.3151465654,d4_component_default_guard
1mlc:0000618:ee9e4120fe60,ee9e4120fe60b1de407639f813124df2d8836b5a5d0778c19322c67c64d36833,0.578990221,d4_component_default_guard
1mlc:0000619:82926bc268a8,82926bc268a8856071b4f947dd3752dfd9b3fec32a2485ae72743d66e25d432c,0.3013029397,d4_component_default_guard
1mlc:0000620:bbeebd6a3363,bbeebd6a3363e379f728b6a6cfb176c9cc7934956c9fc88a129b21804da64251,0.5431596041,d4_component_default_guard
1mlc:0000621:e4e084cfcfd9,e4e084cfcfd97531c3ab4d3974608c0b0bf79ab7dab2c2d8c45ffd7c5a0b2748,0.5602605939,d4_component_default_guard
1mlc:0000622:bc20ead308ac,bc20ead308acca489c3633716c836265713a8eba5f0fb1b5bb5a511bf495d389,0.02035830542,d4_component_default_guard
1mlc:0000623:8b2c63b32ba2,8b2c63b32ba2ae7612ec21c373ed397e6caa34dd87dc1339ea661753a414e70c,0.5708469152,d4_component_default_guard
1mlc:0000624:ab2384bb9899,ab2384bb9899429d89b2ca2ad5671bf2f9618c3edb525f5c3a2dfff0b55a8a7c,0.0431596078,d4_component_default_guard
1mlc:0000625:06943e6355b6,06943e6355b6851c250a160156a52f181cfe8a95bbfbd15087b57405cafea5d5,0.7597720027,d4_component_default_guard
1mlc:0000626:4d011f82671f,4d011f82671f3a83b1f0c0289e7e705f09b90b207d8920bed88f667a5a558d0b,0.9201954603,d4_component_default_guard
1mlc:0000627:22ea68f72f99,22ea68f72f993b7f81d340aae7895d6d9eb0d806be56ab7075cd257070f9e5d1,0.3192182481,d4_component_default_guard
1mlc:0000628:f47698385123,f4769838512357e67000d422df7412faffa90a78a76a81b05990c94cbdffb4db,0.9690553546,d4_component_default_guard
1mlc:0000629:390a3e861f8d,390a3e861f8d3cb7ca7f6a3288870fea688f48bbe5fd2e3b9e792d3e661497d1,0.3127035797,d4_component_default_guard
1mlc:0000630:cbf27265b0da,cbf27265b0da96f094188bae32f10bc853036fe8ea8f00e77c3aee4efb251dc6,0.7866449356,d4_component_default_guard
1mlc:0000631:ccb4a812703e,ccb4a812703e72c0dcaa4de36f084d7e472d6dab68572c929f2062eacb52b731,0.2964169383,d4_component_default_guard
1mlc:0000632:b984f2e9feda,b984f2e9fedadf966c84673aa6c7494b471f2413604bb73f6a9a9da80583a2df,0.342019558,d4_component_default_guard
1mlc:0000633:0c79b5a38261,0c79b5a38261f37e013c2fd05452f4be12cb0bac5964b91894baec37cb1892b0,0.6498371363,d4_component_default_guard
1mlc:0000634:a4567eec549b,a4567eec549bcf6cb5c82b0cd061d01e927e3146bcce23612884536ac7ad9682,0.9267100692,d4_component_default_guard
1mlc:0000635:252e0dbb5b4b,252e0dbb5b4b8a9f1e78136946fc6d0f9671de19d0dd064bb725f074ad72f1c6,0.2996742725,d4_component_default_guard
1mlc:0000636:7b01712cd44d,7b01712cd44d14fb64eac1c4c18e8a2b953c7d231a69ddb2d98dcc1b963126ba,0.3713355064,d4_component_default_guard
1mlc:0000637:8ece84fcef5e,8ece84fcef5eb613f60de326b471f2a14020464c44d41b4a6b07e3711ce095ab,0.2956026196,d4_component_default_guard
1mlc:0000638:4c66c7244a50,4c66c7244a50c6ac11b6af287aca5851ec5ccdc6edfe92ee409b5376250570fc,0.8900651336,d4_component_default_guard
1mlc:0000639:63402cf94e10,63402cf94e10a44e588e07c16eb00f4e104a00dbfe59622a067e098cd5a41adf,0.8330618739,d4_component_default_guard
1mlc:0000640:977ea4263530,977ea4263530cabb4d2f542b16f54e8e86ed354eefebbe763bd4574a7b14fb38,0.6897394061,d4_component_default_guard
1mlc:0000641:d105aed0ab61,d105aed0ab61d826e94125fbb5512ecbd9c73d3f2faed8a9bb39a51d26a20924,0.3444625437,d4_component_default_guard
1mlc:0000642:824827f6841f,824827f6841fb9b251598c3e1f83825646d4ec359e49400a08c17198e0907d96,0.103420198,d4_component_default_guard
1mlc:0000643:5326b1dac276,5326b1dac2767a6bd703d29a58135bff979d8bc87092ef3380c5d84a7354ca23,0.7377850413,d4_component_default_guard
1mlc:0000644:5fb04a56aed4,5fb04a56aed4a2c631fe7d4cdc1dd99d41b004e83222c870a9d8af274af94c15,0.9942996502,d4_component_default_guard
1mlc:0000645:6a00023f8d63,6a00023f8d634b2a8c9d9a1bdfee442d934cbe74b9af4df23e2a1acfc016e5c6,0.7630293369,d4_component_default_guard
1mlc:0000646:7b5809bb3ffe,7b5809bb3ffe48c8342831b56b188c64d47316511b0ca3bef52df4424c9f8b25,0.8843648434,d4_component_default_guard
1mlc:0000647:f9b13e043be9,f9b13e043be99cf6a6e148bed2e81af7aa171060c9d7163ed01eef1999ada715,0.8607491851,d4_component_default_guard
1mlc:0000648:a3060983e69f,a3060983e69fe8eb34177cfb4cacf49c30e702cafc6b750a6d44faadcd3e5a6e,0.8322475553,d4_component_default_guard
1mlc:0000649:a9c31a5ea8d9,a9c31a5ea8d949196f935c8d14ac821bf013a51ce0e84326eeacdb4b28ea50f7,0.2866449654,d4_component_default_guard
1mlc:0000650:7159b913dec0,7159b913dec0fea4a45523c660efae6b7f6b2428d83bae8d5fb1b884fe366228,0.7785016298,d4_component_default_guard
1mlc:0000651:5742b3ed61cd,5742b3ed61cd407ec915c395ac232a77bbf475eabb424686ec0d7ce74b7fe4eb,0.8705211878,d4_component_default_guard
1mlc:0000652:0751e3d417a8,0751e3d417a8efa9017be1ad7e4687563d0c6e0b6895b7b326bdfa0637321ce1,0.2939739525,d4_component_default_guard
1mlc:0000653:1156d04f1215,1156d04f12157adb2ad4647e24ada9e0f84bbbc5666bded4cbeeb8bba385adf0,0.7296416759,d4_component_default_guard
1mlc:0000654:2f9ada9cea3b,2f9ada9cea3b90595bd8f108efce82b0103f1fc90fcf1106cb5b02436b7af8cb,0.7768729925,d4_component_default_guard
1mlc:0000655:bf168bd7a085,bf168bd7a0856d10df4aa2059359614fe42995fdc0f57873cf064729843043cd,0.7451140285,d4_component_default_guard
1mlc:0000656:667d3a497367,667d3a497367176c0443341e50f06df082bc6b5c1d9b041aee91216245ab2854,0.9014657736,d4_component_default_guard
1mlc:0000657:1dae99607883,1dae996078836661579b82655760dcc5d5b727d782ecba3132ac5e343a75c782,0.3957654834,d4_component_default_guard
1mlc:0000658:419fea739045,419fea73904515155f8215e2b61166a3cb7286d6c9cf73ccdafeef56cb900198,0.3786644936,d4_component_default_guard
1mlc:0000659:d4979e710fc9,d4979e710fc9f521a061c26d3d691ad47ba100c763276265d149effa7b1dafe1,0.8770358562,d4_component_default_guard
1mlc:0000660:acbb31daebd7,acbb31daebd7e84f3f05f591fa5809addb07dc97ff82dd4065a158e6d8c9b8e8,0.3078175783,d4_component_default_guard
1mlc:0000661:26dd1726cb9e,26dd1726cb9e685528a9e594c6be6ef399c1fb91a44daea34fe795318ee3ab8a,0.6335504651,d4_component_default_guard
1mlc:0000662:e60df2172584,e60df2172584b0e0d7b474c364f7a1b2727f0f5bac9d396756734636c9c1d312,0.3208469152,d4_component_default_guard
1mlc:0000663:a224fdbc6786,a224fdbc6786d70ef85c78eef87969cc7e729645154186a13714092a2dda9a72,0.7931596041,d4_component_default_guard
1mlc:0000664:5509758211e8,5509758211e89c94f490d8ae6a7a22256111948bdec12309f49f12a0d9291f91,0.3045602739,d4_component_default_guard
1mlc:0000665:6e01a51a9ee9,6e01a51a9ee9cdd9220c2e30692afd24ff5a7322703313e83af0d69bb22282d7,0.3110749125,d4_component_default_guard
1mlc:0000666:b52044e499da,b52044e499dae87a8f861cf5f6054b379f5e8ccca7f9549b38641fa3009cc82a,0.6286644936,d4_component_default_guard
1mlc:0000667:2f1cd9e5bd6c,2f1cd9e5bd6c78443e32222930026d21ee426d7cbc64586cbbaeee12d2c992c5,0.3159609139,d4_component_default_guard
1mlc:0000668:d1896e172e66,d1896e172e667b45fa8b98303705269a3ab3ca22ac3f9669ed6a6315610c19b8,0.9747557044,d4_component_default_guard
1mlc:0000669:c95af917f612,c95af917f612fdfd496e4936d73b49ba548e4c45046489c2a8dc1690e67c799b,0.4218240976,d4_component_default_guard
1mlc:0000670:dce98eb14c34,dce98eb14c34170f319279ecdb63c7caa9783c1e87f5c11072ef49bbe8d379ce,0.328990221,d4_component_default_guard
1mlc:0000671:1cd9d5a73227,1cd9d5a73227e7e01684b0bf524b6d15cbf19c65a52c9f046e7ea3e98b519bec,0.909609139,d4_component_default_guard
1mlc:0000672:2e5e417eccc1,2e5e417eccc122ea9340e9a3ef12a867290a0e58e8c955397124264c2777e3b0,0.921009779,d4_component_default_guard
1mlc:0000673:cb71a3bd4515,cb71a3bd4515199b5a05dae5ef90315b4aab5944d639e41e28d4668207edf825,0.3216612339,d4_component_default_guard
1mlc:0000674:4d1e64b8946f,4d1e64b8946fd07bb0f15cadd07098abc3502811bffc4285ab1c6c7cc1d97c09,0.3509772122,d4_component_default_guard
1mlc:0000675:9f65ca856efe,9f65ca856efea37dbb0a2e039f7a3a291a1f996467b348996449e6f7a827b190,0.626221478,d4_component_default_guard
1mlc:0000676:035abf1b7ec7,035abf1b7ec735c9bd47f909578bcda9a3f66ea79139fe37703f8983560b6cb8,0.7687296271,d4_component_default_guard
1mlc:0000677:4d492cef417c,4d492cef417c98bfb89ccf9a3e23d3dc90f5587f54912eb1b3725178736cfe15,0.794788301,d4_component_default_guard
1mlc:0000678:6fcb3881886c,6fcb3881886cfb7f25e979c252954e24646d3a357876eff49b2c9ee20fb61cb4,0.7915309668,d4_component_default_guard
1mlc:0000679:59646def1000,59646def1000fa321a06c00f17182ed0ed362bd47ae53f88d54796d48ec3cf27,0.3607491851,d4_component_default_guard
1mlc:0000680:28da2202c893,28da2202c8933aa2d4661e3c378eeb8ce48d6fc5119c359c265230a986b1c266,0.7980455756,d4_component_default_guard
1mlc:0000681:3b1df5f0338d,3b1df5f0338d66fa6500192d2a25ccb813474646ef00783f9102f873f9029b38,0.3574918509,d4_component_default_guard
1mlc:0000682:6706a8ee0162,6706a8ee01626f0c268b0d4d05ade606a866459f77b8c13a95e0aa4c0e76f2f0,0.7996742725,d4_component_default_guard
1mlc:0000683:4083bbbcb2ba,4083bbbcb2ba07ed653b4afe57ebb957f5f72cb5fac9c3744c6dda8ab3cc7c0d,0.7907165885,d4_component_default_guard
1mlc:0000684:2c034dbdc877,2c034dbdc877fb7b8ab5ca1263dd75688bc8246444612c7d37014986183203d1,0.1058631912,d4_component_default_guard
1mlc:0000685:dd9cf347445b,dd9cf347445b99a80c1d4a98f26b24e84bedbbd7e898d0897df5642f48ada351,0.7923452854,d4_component_default_guard
1mlc:0000686:4b8594119602,4b85941196021aeb35070cd33767cb5da8af9b5c3f4763358cef8165dfdabd6d,0.5879479051,d4_component_default_guard
1mlc:0000687:2202d19b731a,2202d19b731a1d4990bdec2604b630dbc580fc636643e0fd610acab6b3bfd765,0.9519544244,d4_component_default_guard
1mlc:0000688:50a43d760e1c,50a43d760e1c64e517108ee06f5655c92d6f7d818c4fc4fa7e249e1b7cc65850,0.558631897,d4_component_default_guard
1mlc:0000689:13d124773166,13d124773166ace12a90709692bc47e2e9058eb7687afc6823ced9ed9673fcd3,0.2263843715,d4_component_default_guard
1mlc:0000690:ad3011650ac7,ad3011650ac7bd1b1c8bdf55fc0d8fec3e68d5f14f6ed6760cd30d7ad9fceafe,0.9136807919,d4_component_default_guard
1mlc:0000691:be228387d987,be228387d9878204eb56510e905eb16e2c654a3e4158b7a82eff63195c0e416d,0.2223127037,d4_component_default_guard
1mlc:0000692:cd05462fd098,cd05462fd098b81d853441014ce8a5394787e802df21031237d880221a8687aa,0.4552117288,d4_component_default_guard
1mlc:0000693:06a028a94bd0,06a028a94bd056096a5501b9198fcdae93bebc5f0e23eefa356a53e5a24a843c,0.2475569993,d4_component_default_guard
1mlc:0000694:e927ee1f65e1,e927ee1f65e131ee67c00659963748d12335f683e514f5e052a477dcabe01a19,0.8371335268,d4_component_default_guard
1mlc:0000695:2797ccc3e037,2797ccc3e0375355a70b70b9ea3c6a34be4b10d6e96a51ee9432084c220425de,0.9462540746,d4_component_default_guard
1mlc:0000696:6eb94b1e8e70,6eb94b1e8e70957bd0f6cbc511a05626af246309793f6bcb42903eb3e4111991,0.1889250875,d4_component_default_guard
1mlc:0000697:74752930a836,74752930a836dd2e744abdf19bbb7fda6f7967de2d53e1dad0023146a5eaf7a7,0.4910423458,d4_component_default_guard
1mlc:0000698:0e2433efc7af,0e2433efc7af9b42c33b8018e15b0b6b21c3d63ea19abbec2fb3229beaa69835,0.8379479051,d4_component_default_guard
1mlc:0000699:c0f5973ceda7,c0f5973ceda7d3cb87574785bbcf7cacad0820556cf25c3a0b721c138937697d,0.5488599539,d4_component_default_guard
1mlc:0000700:f1f663da8c57,f1f663da8c576ef8284cbd4ea20d66e281633f1ef5609707682805c1933e149b,0.8412052393,d4_component_default_guard
1mlc:0000701:3562c3df952c,3562c3df952ca13aee5f58fef08e6407c05488917ec6f8d346639ccd8cdacda5,0.4853420258,d4_component_default_guard
1mlc:0000702:33b773bb8bcd,33b773bb8bcd796584231c812acfa41f82fb5dee898426e473cbcd0b22744991,0.2394136786,d4_component_default_guard
1mlc:0000703:1378877c6248,1378877c6248c0426f17686f91cec2b1ae45e52b2e24e07ce164abf81486c561,0.2736156285,d4_component_default_guard
1mlc:0000704:90afd90a1327,90afd90a13272dfaf07af700d005ec86c5b3570590d1fb84bbc66ba4ea455bf0,0.9967426658,d4_component_default_guard
1mlc:0000705:f34a898b626b,f34a898b626b1215872e802b6e773c2880420cf2a5b95f47f74fbd3877b12a31,0.7833876014,d4_component_default_guard
1mlc:0000706:78eba6dd1e30,78eba6dd1e309db6e2c19354ded1fa5593a472b33373ee87e3b594ab80a7b6b1,0.5480455756,d4_component_default_guard
1mlc:0000707:2646fb755b1b,2646fb755b1b17059b2b46058153942a2bd8014bd544f537439b4c5ef1206ae5,0.8526058793,d4_component_default_guard
1mlc:0000708:f85d76990bf2,f85d76990bf2bd634c89e92345cd4e5a55b027584455a322b7c9a99a316180a6,0.806188941,d4_component_default_guard
1mlc:0000709:0af1277bb756,0af1277bb7563ecff21fda6bbef418b7a9f6432bfd9574a021b026c78cd4bcbd,0.5667752624,d4_component_default_guard
1mlc:0000710:afa194de8972,afa194de89721278d1c9f6c297fc0f5701bdb544f5d229ac4343acf857982b11,0.8428338766,d4_component_default_guard
1mlc:0000711:767fb733665d,767fb733665d4e5f9cf721390a60b4f0a0d923a2548f3b2ce3a1b4948ef338c5,0.7956026196,d4_component_default_guard
1mlc:0000712:b8394a85b255,b8394a85b255220ea99cb2753ea7be49b5eeda7d58c3a829942b4a81b20be2a6,0.8656351566,d4_component_default_guard
1mlc:0000713:4fbf0390af94,4fbf0390af94ceb57933b91c28e2da951a4d506d25110cf73d72f64d8fd52b8f,0.9340391159,d4_component_default_guard
1mlc:0000714:faa8251364b8,faa8251364b85a2ac85848c48997f6c8347af3fd0d60d0a3f2e36e45488d0ff7,0.2035830617,d4_component_default_guard
1mlc:0000715:616c0653546e,616c0653546e093beb8b75e9ebfa419523c7fa5bbcb884662860dbc4a630a638,0.5008143187,d4_component_default_guard
1mlc:0000716:53dea7f614aa,53dea7f614aa8dc30c83d772ab599f58c94b60b504d8b157faf4196926cd325a,0.4706840515,d4_component_default_guard
1mlc:0000717:f891e182d662,f891e182d6627c6823e90350182f24a2e37751486f9bdf1d575cdef237c4ab02,0.6400651336,d4_component_default_guard
1mlc:0000718:38181330df3c,38181330df3c1dd6746506e1ba803612bdab9570b733e626535ca1eae0a1646c,0.6001628637,d4_component_default_guard
1mlc:0000719:042e04ab9eaa,042e04ab9eaae048a01b5f433cbd10db3c4c8affb65812d200efb3a1707fc5ee,0.2288273573,d4_component_default_guard
1mlc:0000720:54d00d0045ae,54d00d0045ae07a3839f747ae987d02886c5e63fa4d3463af8c4bf9ac79d0993,0.8395765424,d4_component_default_guard
1mlc:0000721:13c2b8082474,13c2b808247480e26d7c41664a242c6b30ee5f2f1e61d501dba0255bdba1a615,0.2516286671,d4_component_default_guard
1mlc:0000722:aa3862243a7e,aa3862243a7e05bf4ef4eb0a3f159a4884a4d395738fceb963a98416e738ded8,0.2060260624,d4_component_default_guard
1mlc:0000723:0e7755b7de04,0e7755b7de04cf4b635314779b6911e6e10dc9de39f66a8c1344d892dfc78f13,0.8884364963,d4_component_default_guard
1mlc:0000724:55be81cf55d0,55be81cf55d028f3d706b5948e0858744a13471edeee70df4c1b0bbac25451e0,0.2027687281,d4_component_default_guard
1mlc:0000725:1b20615aac18,1b20615aac181a8815c675f5e3dac7ab8b5a89e4b62e9a0feb1f5fc6662f6c55,0.8265472054,d4_component_default_guard
1mlc:0000726:e7a5201c78d3,e7a5201c78d34c713333d6e2beda32abfd4ff78832fbe7afa04912e3f89f508e,0.1995113939,d4_component_default_guard
1mlc:0000727:6a65f7c234b3,6a65f7c234b34601746e5569c7cd5223a0aaa7eb75113da69c3cfa7a52e270cd,0.9030944705,d4_component_default_guard
1mlc:0000728:a055d52f9b05,a055d52f9b05de4c52ce02473bbf03a79c24a4d65584aad8305b1c79b7c1b184,0.7662866712,d4_component_default_guard
1mlc:0000729:db0659e67640,db0659e67640d1436219377bce29701c802a5cd3d683791f540b173dea1e6407,0.2157980502,d4_component_default_guard
1mlc:0000730:2d90993b2f16,2d90993b2f16bf244c632f8ec8686a135a70f7255d157e6b60e59ab27e8822be,0.9511400461,d4_component_default_guard
1mlc:0000731:2d5c3c77a1e2,2d5c3c77a1e26bd0c100d5c88fd75d6ef59cfbff01142cf2b77d0d6ca5d35971,0.952768743,d4_component_default_guard
1mlc:0000732:2d43396cd003,2d43396cd003ba38b0fa7a24ecf9ad13b74cdd95e56591462f47e013d9addad0,0.4519543946,d4_component_default_guard
1mlc:0000733:6e609d18bc89,6e609d18bc89eac12deb59b6c7cf49d47f33d368ff0e98576df95c2949f4cd61,0.4543973804,d4_component_default_guard
1mlc:0000734:2a5226093384,2a522609338434e1141a85c94ce890e730daafe6d6015cf41df647a8c4151c96,0.5846905708,d4_component_default_guard
1mlc:0000735:e8a8234062f9,e8a8234062f9bae24f0fb78c5b859f13fbc72c2aa139ee9699a51672f69cbb51,0.2695439756,d4_component_default_guard
1mlc:0000736:67a2d0756ef5,67a2d0756ef58f1426b31621c72ffe013897cb376d9a81ae54072e927877a9b9,0.6416938305,d4_component_default_guard
1mlc:0000737:f601bd4298e7,f601bd4298e7565060aec3548b34fa9eea55c84ba050c0240922d1145c3749bd,0.458469063,d4_component_default_guard
1mlc:0000738:e6ab06764c3c,e6ab06764c3c1955a807493297061c7ea47df7af413a09ea7d06d4a79e174768,0.4470683932,d4_component_default_guard
1mlc:0000739:7ef9067a3a74,7ef9067a3a7459b5a36e085b22348c50045ac2b11517a4fdebf3b193da375963,0.8249185681,d4_component_default_guard
1mlc:0000740:e70572b0852d,e70572b0852d66deafdc836dab025eacc85a61ee8cdbc3c8e55325a4d95d4821,0.2573289871,d4_component_default_guard
1mlc:0000741:efde607d7b02,efde607d7b028c9753c61e4056c91f01ffb404ff2004306150a4552784aa85dc,0.2084690481,d4_component_default_guard
1mlc:0000742:0b276052fbef,0b276052fbefde502b439642268f27166f60c717573c640caea1659961d42a06,0.0382736139,d4_component_default_guard
1mlc:0000743:5b88e25e4c8f,5b88e25e4c8f529a0274215a566c13333bce5dc6feefdcc97c42b2fd70b59579,0.1270358264,d4_component_default_guard
1mlc:0000744:47d7cd07ba7b,47d7cd07ba7ba67ce24e743ad8ef41efca23727b766c26694e40e33c77fc2bef,0.02850162797,d4_component_default_guard
1mlc:0000745:d396be426782,d396be42678244af24a22409de8df90edb025dabe8bf3a64c994151f90c0d814,0.07003257424,d4_component_default_guard
1mlc:0000746:22d4916619dd,22d4916619dd9953e19e814ebc2ff82a112b407aecfa0f45b985dfb3bee2761e,0.008957655169,d4_component_default_guard
1mlc:0000747:23c4d0633fc9,23c4d0633fc90a3bbe57c3042850fb66e04c214e1c6fa0bf2ebe55167af504d1,0.02768729627,d4_component_default_guard
1mlc:0000748:cbc2fb4947cd,cbc2fb4947cd9260a17183ab7493f1b99e64f6d13bb1e8be1e8b2c13d1466ba9,0.01058631949,d4_component_default_guard
1mlc:0000749:a5f7156a43ed,a5f7156a43eda5afd7046aa4117b212001604c2cc9a117eb5e69ba62148c0b2f,0.008143322542,d4_component_default_guard
1mlc:0000750:1f3ec12bbd39,1f3ec12bbd39181d959d662216565aacbca0e4f5c5822396c4fdf88d380177ed,0.1140065119,d4_component_default_guard
1mlc:0000751:659262c9544e,659262c9544e3524568409cba79e493a846edcb742ad18dde59163d986172820,0.1506514698,d4_component_default_guard
1mlc:0000752:2e84a9a08a85,2e84a9a08a85be15c0a46de76c253e9c0a2514d7bbf8909561b5904fe33b18ad,0.003257328877,d4_component_default_guard
1mlc:0000753:65be09c62d7f,65be09c62d7f44789b7793839eb6e3a997e5095a95cb620941a836af6dbda90a,0.01954397373,d4_component_default_guard
1mlc:0000754:22904865d6c3,22904865d6c38970816d84887ba69f3267981b33877753f6cda266e68a8383cc,0.02605863102,d4_component_default_guard
1mlc:0000755:f487f62e18a9,f487f62e18a9da6f0789d24e3950e9cf1d78139c0c3cad0574451e75b69276c9,0.1661237776,d4_component_default_guard
1mlc:0000756:5cec7a7eef38,5cec7a7eef380aaacfa8bb715bbe113821531ec4e25f2b9ecdf0fa0c65682b53,0.0480456017,d4_component_default_guard
1mlc:0000757:4c52efe39950,4c52efe39950dce62dd2de16fd12dd7a62325485229abea2d9c5b70a854c8504,0.02280130237,d4_component_default_guard
1mlc:0000758:db25cf475d39,db25cf475d39445c09613b35e6412d43b14e63107b2839fed92bd23b6df44b1c,0.05456025898,d4_component_default_guard
1mlc:0000759:165f2f7e9b25,165f2f7e9b25c4567bcd018aef9e081c5c3549bb51f188e9d36c3db74f3d998e,0.0008143322193,d4_component_default_guard
1mlc:0000760:b084029e31b7,b084029e31b77df842f8e9610f64a21db78689fcf0c2d816fae24abb7d6ed975,0.01628664508,d4_component_default_guard
1mlc:0000761:4adbaf3bd6ee,4adbaf3bd6eee246ed0b745c4530856949b2fc694a431b472dc6a1470724f222,0.0,d4_component_default_guard
1mlc:0000762:38da59c8b426,38da59c8b426663b428998757157592a4224068cfe0ff447eef164603bc6a93d,0.03990228102,d4_component_default_guard
1mlc:0000763:42af046d5e13,42af046d5e13455e53dd7f259761eb85fa5eff7e00ae0ce7b5d78e0fe8e9564a,0.1775244325,d4_component_default_guard
1mlc:0000764:c185900a57a2,c185900a57a252f577602142b56e1bc31696b7a0b6607d5332aba3b7c38f3533,0.1351791471,d4_component_default_guard
1mlc:0000765:1f3ab7fbcd87,1f3ab7fbcd8784ed0c5b9605cb4960b8a9b5909c9bd8ad4d5d110f5b4246a743,0.04723127186,d4_component_default_guard
1mlc:0000766:cd2eaffc1b38,cd2eaffc1b38a997dcc9902984fc3c7368e16889c65150c07c8ded013f2f3955,0.02524429932,d4_component_default_guard
1mlc:0000767:b67b714521ec,b67b714521ec9f73ef1b2bdb44e9e7f8b7a540db048284812b2b408fd2685576,0.03501628712,d4_component_default_guard
1mlc:0000768:3d24f28283bc,3d24f28283bcbd899d761539a24110ce2603764f6d54d9c58565a1c8ba06424d,0.1302931607,d4_component_default_guard
1mlc:0000769:669d663b2965,669d663b29658c102124f0d367c89ad44154c6b6503154c0b46a140d915442b9,0.03257329017,d4_component_default_guard
1mlc:0000770:87842ff546a3,87842ff546a3ab31d3afae78af76ade325eec99848a587273acc4d94378aa6ea,0.1433224827,d4_component_default_guard
1mlc:0000771:d4bdba9f1307,d4bdba9f1307cd45ca9a632149a1a0651676f4e0d770c6472833d2a9e9e6a71e,0.05211726204,d4_component_default_guard
1mlc:0000772:ab8711cd9055,ab8711cd90553de2ebd3c9f60d6383911d344fe8c8e27d8b37a02978c09b7e13,0.02442996763,d4_component_default_guard
1mlc:0000773:da4d23445002,da4d2344500281293967c8d7520cf4a863533125c1a0da96e92c2a13745be521,0.01791531034,d4_component_default_guard
1mlc:0000774:542b6576266e,542b6576266ea34249721a6d84c03462f8492b76298450c94747e93c00cfdd06,0.1319218278,d4_component_default_guard
1mlc:0000775:6d64a26dbc34,6d64a26dbc3438e72528ac978414611bf6c51d26777652cdf5e1f1a95af45fe4,0.006514657754,d4_component_default_guard
1mlc:0000776:e9cd4932d23e,e9cd4932d23e049122f62fe925e777ae599fabe32bcb336b7b5737e52a750eaa,0.02117263898,d4_component_default_guard
1mlc:0000777:ea99a5422841,ea99a5422841c81e32de5debf53378aaf2db618557343f996e186e1785df2637,0.01710097678,d4_component_default_guard
1mlc:0000778:9e930ac6fc06,9e930ac6fc06c74578a4964ff3b7c59d9f7e92d6418be94d187317917fccbc0e,0.02361563593,d4_component_default_guard
1mlc:0000779:326d449ae05c,326d449ae05cf7605abd66c030af8920efeef59aea59b5ed5fd87d08189b0e1d,0.1750814319,d4_component_default_guard
1mlc:0000780:9a3ccc32971f,9a3ccc32971f4fc66da39fc820507e81372b7d77722ac0fa983e61d6846e5a11,0.06188924983,d4_component_default_guard
1mlc:0000781:ea8a12a65400,ea8a12a65400999566adc5396606bc7e2bba9c63f59adf16f5d1f2106b636eba,0.1017915308,d4_component_default_guard
1mlc:0000782:6c692c815531,6c692c8155319826d7a2048ea8d8ab33a84ed9f0cc09cf065096948d773861b9,0.07410423458,d4_component_default_guard
1mlc:0000783:188c8de3d8a2,188c8de3d8a276f35d6a5f25561b68179550320ee60c6311bcd8d8d22d34524a,0.03338762373,d4_component_default_guard
1mlc:0000784:39b7eaa08b19,39b7eaa08b194cc833cf5f143e9c4419642b7a41fae9f8d469b6e913d44ed807,0.07328990102,d4_component_default_guard
1mlc:0000785:c9c3c23abe26,c9c3c23abe2684c8cf313de353665ccc14500de53406229e6107521cdd3670d5,0.004885993432,d4_component_default_guard
1mlc:0000786:f205eedd4e6c,f205eedd4e6c061688de00f6752d847c2f7ed049bb41f558aec3e27672ffe7fc,0.1001628637,d4_component_default_guard
1mlc:0000787:74b4405ec18f,74b4405ec18fd5a9bdfe4e3bbbc68bdf693c9d5f98bcfaf90f08dd21071ad3dc,0.005700325593,d4_component_default_guard
1mlc:0000788:63ec554c77a0,63ec554c77a0b5dcafe0fb8dd96ce43ea2be78783d5793a7bd621438814a965b,0.04071661085,d4_component_default_guard
1mlc:0000789:ff952867abba,ff952867abba17edd6a028b128f5444909f657e8f579d1764bbcac245ca31b64,0.004071661271,d4_component_default_guard
1mlc:0000790:e74a93e2122d,e74a93e2122d00e3af6d5088af627f0453b99b29ad3ceca6663de0ca59a1f2f1,0.1343648136,d4_component_default_guard
1mlc:0000791:60d3d36f6b52,60d3d36f6b524b48c8f7f8cf26c5829e181845cc17c9fa3cd476e84df1d56861,0.1359934807,d4_component_default_guard
1mlc:0000792:8d24bc39368f,8d24bc39368f3852905c8697e52769553090f68e6e5835adbab4f639628b32f2,0.01140065119,d4_component_default_guard
1mlc:0000793:7fcefb5f1bf6,7fcefb5f1bf65284e24683158da45adb83bc854abaa05c08203a544ea38f50c0,0.009771986865,d4_component_default_guard
1mlc:0000794:3a60388006df,3a60388006df0ac5d4a55a1850213f8bc648c9ab63d09be1be263a1e9b61f82f,0.03420195356,d4_component_default_guard
1mlc:0000795:22030a305039,22030a305039faf794ddd6fcb95e2d5ee38c4d61fc3fc8b9fa7777f0832c6078,0.002442996716,d4_component_default_guard
1mlc:0000796:a8b42deeca27,a8b42deeca272e42fdf063437d5a7aa861e6b5b46758d3c093127190083f53c1,0.03094462492,d4_component_default_guard
1mlc:0000797:ece5196d2d77,ece5196d2d77a97bfc3029c71cd97802c37235688e99c25caebecdd220909282,0.03013029322,d4_component_default_guard
1mlc:0000798:bc2114166325,bc2114166325bfa1235e5b111cd2b71228ef5233b7cb08fd077b3250cad3dbea,0.02931596152,d4_component_default_guard
1mlc:0000799:b5061dd439a1,b5061dd439a1a81d149be04a59a512276d690f8984564868c39547aeb161618f,0.01465798076,d4_component_default_guard
1mlc:0000800:e7cf047acc15,e7cf047acc158fe3ef5b4e5516737463bfa41dc90de6938cecc46f9399286349,0.03664495051,d4_component_default_guard
1mlc:0000801:8da056007ee7,8da056007ee72314c39a8e5aad281665c6babe8c389caa3e4393c364ef209fb2,0.01384364814,d4_component_default_guard
1mlc:0000802:3da5bf26e7fb,3da5bf26e7fbdea23ab78fb305b93102c4386cbaf3daf4b594d0bd7cfe0d4367,0.04885993525,d4_component_default_guard
1mlc:0000803:2d557f0f9d3d,2d557f0f9d3d12ad84592166531d4165e82c6322c49056ba6b295e858af25c90,0.03583062068,d4_component_default_guard
1mlc:0000804:98fe92b7718d,98fe92b7718d56976efc51b5f19338464b00a4071aee35f6d3fe96c6da88bf08,0.001628664439,d4_component_default_guard
1mlc:0000805:50843637802b,50843637802b5ad5b14020869ac31151bf536fcac0833a8f2d8239bcb00ce456,0.03175895661,d4_component_default_guard
1mlc:0000806:11c0d4ea4190,11c0d4ea4190e419fdb06ba8fe76aea0a59eed13fde5ccfd52c57818d4c614e3,0.007328990381,d4_component_default_guard
1mlc:0000807:0e62f2cd4d55,0e62f2cd4d556ac0be3ffc1b704483471590f9197aa098775f56e7f6642e1010,0.9828990102,d4_component_default_guard
1mlc:0000808:8611174ff54b,8611174ff54bbbe96290a65f1b7b2d71b1c51601847908f606100d1734ddb6e3,0.6555374861,d4_component_default_guard
1mlc:0000809:da923029aef1,da923029aef10a394ab7e5bc823443e3cdd6821d559835aabc072e0184c38532,0.4609120488,d4_component_default_guard
1mlc:0000810:56c2b34277f8,56c2b34277f8cf5d14b965f6e3a7d760d917ee3389c3241aa6b8bfb4782157c8,0.97719872,d4_component_default_guard
1mlc:0000811:b2195b1891f3,b2195b1891f3e27a126d25710dd332b957ac9bb71e009b917ff1e969ce06033e,0.590390861,d4_component_default_guard
1mlc:0000812:5d8d6a8b45e9,5d8d6a8b45e914d404deebeef3bfd10d08590cf15860e08a96f8eeabcce1afea,0.7133550644,d4_component_default_guard
1mlc:0000813:e7d607b816e5,e7d607b816e5989db374ebdc1175f6e714b9e98853d48f69702a96da022de360,0.3745928407,d4_component_default_guard
1mlc:0000814:467597e4de9a,467597e4de9a437b35044a3f2e0887986480a127dd039a552afd01daa6a36aeb,0.5684038997,d4_component_default_guard
1mlc:0000815:19747d3afc1a,19747d3afc1a524939ea1358923cbfc35a41fa156cf1c37419dbf8714f8fae4a,0.842019558,d4_component_default_guard
1mlc:0000816:3c5452302068,3c5452302068eea20e88bd2fbe42004d41286a507b48990ea38e90b983359a16,0.9812703729,d4_component_default_guard
1mlc:0000817:75cab31258c9,75cab31258c9926ecde69aba62f14911da43f63dc9cbdbde8ae079bc3bbac666,0.5415309668,d4_component_default_guard
1mlc:0000818:d58d87e3bee5,d58d87e3bee52a4145039fb109607c8caacba0c4f71005b2d5e0d7c7dacb1224,0.3371335566,d4_component_default_guard
1mlc:0000819:81231eec0e25,81231eec0e2550d27b7b538d0e23e8294b8560d6a8c933a5213ed53d764fbe64,0.7752442956,d4_component_default_guard
1mlc:0000820:b0312ef022c3,b0312ef022c35ca25da1903ba320dda6b9741d82c599165de61802051de51f0a,0.8281759024,d4_component_default_guard
1mlc:0000821:041c77674f63,041c77674f63e9d95f53f40921934086f638a429b57ac4178fcf0d0f2ea4c613,0.9169381261,d4_component_default_guard
1mlc:0000822:8db75824a717,8db75824a7174a5fdb423092024c276448368d795c968d698890a8909f0117b0,0.4739413559,d4_component_default_guard
1mlc:0000823:1130af4de346,1130af4de3465751093e25658357dc24006ac678320594cce1d25c1fe6e907c4,0.4128664434,d4_component_default_guard
1mlc:0000824:a78f941b3718,a78f941b3718d6d0e2317eae8d83ad9379e6d379b58c39218021d1adc82005b0,0.7011400461,d4_component_default_guard
1mlc:0000825:81a87c55718d,81a87c55718d2b363a1a1e2e3b9405c90ade6ffee9c8fdfcf7573125a9eec532,0.9983713627,d4_component_default_guard
1mlc:0000826:7db73c8d41c8,7db73c8d41c8b93d0a3b6100d06e46a7edf35b1fb2352d0a33cb6ca4f54e2c59,0.7622149587,d4_component_default_guard
1mlc:0000827:fbda259ed85d,fbda259ed85d3d4fb9d5ed8dc70d72ad3b5385ae995834e361ca2fe53e5de6a2,0.6376221776,d4_component_default_guard
1mlc:0000828:0d6fabd4fc63,0d6fabd4fc6354fd97bb5af4835ff6a64980db23ee6c6b4f396efbd088e8c237,0.76140064,d4_component_default_guard
1mlc:0000829:56d3a1d883ae,56d3a1d883ae162030c18d6dba2cd836eafa3b08f20298855ad19594055bc6a4,0.9071661234,d4_component_default_guard
1mlc:0000830:316cd1e487a5,316cd1e487a5aa67c5130507202d3a1f89a359aa0aa33a72591d422638b8b276,0.7801302671,d4_component_default_guard
1mlc:0000831:dc15ca52548b,dc15ca52548bd0e12238b463de2d6917d3a46ea51cb51bb2df4445a66414e2db,0.7337133288,d4_component_default_guard
1mlc:0000832:357c4062103c,357c4062103c209eacb97b92c4bcec10c08bb4512db32c068274fbeb885fd87d,0.8037459254,d4_component_default_guard
1mlc:0000833:7f9dd02319c1,7f9dd02319c1c1f33409b18d6628ed038154753ba025a249637988600b6462fb,0.8143322468,d4_component_default_guard
1mlc:0000834:fbc91ccf2fec,fbc91ccf2fecd9ca0036e0c6a15a810894f2c22d388b7f7a75ae5b968704823d,0.7711726427,d4_component_default_guard
1mlc:0000835:2c456085223b,2c456085223b4da670ab090e97f27851b2c0ef7a610b730c1536d94170bb0070,0.8721498251,d4_component_default_guard
1mlc:0000836:67ba1ef38f88,67ba1ef38f88655f25df69251dd301a808f605afa812bd3d20893701ba983d53,0.7198697329,d4_component_default_guard
1mlc:0000837:8a8e05df34a3,8a8e05df34a3a0020e98ff0d3ffcee759de821bef4886bc0bce94961134c4bf2,0.7573289871,d4_component_default_guard
1mlc:0000838:d530e9ffbb6e,d530e9ffbb6e4211596f6e6e97689569d5968ec208668fe00694354230573414,0.9780130386,d4_component_default_guard
1mlc:0000839:12eb16fbb8c4,12eb16fbb8c4e17cd69224a3252b2cd0e4e8ffe4b048dc9a4eb35477c26229af,0.5749185681,d4_component_default_guard
1mlc:0000840:03d7dc6843fd,03d7dc6843fddeb9dc2fc104895fb7231529053b63bc42064104851fab20bdb3,0.3721498251,d4_component_default_guard
1mlc:0000841:ef4f605a658d,ef4f605a658ddd1c8b32b69e288b8d877f5a592059a4af675840ceedad1bc436,0.3615635037,d4_component_default_guard
1mlc:0000842:04bb258872c7,04bb258872c7350287dc838f317440d7439556856974e0efedbf6d9d72bb65e1,0.5342019796,d4_component_default_guard
1mlc:0000843:07ef5674a31c,07ef5674a31ce143b550b16f7b5d8e415feb2fc9dc732268d3d182bf45b62b86,0.7605863214,d4_component_default_guard
1mlc:0000844:9d32224ccfe7,9d32224ccfe76607ac174bcb62df80437972fd2024fd204515edfa1c73b16f5d,0.4039087892,d4_component_default_guard
1mlc:0000845:639eef53bc7b,639eef53bc7b40e9f897e07063b412fcfcbc125308c2719398f65f940b797d31,0.8273615837,d4_component_default_guard
1mlc:0000846:0a6898aba85a,0a6898aba85a756a2568dfb2b656a5ffc1f55bf3cd6de9761ed139795e4f7d53,0.4161237776,d4_component_default_guard
1mlc:0000847:d7687285f8df,d7687285f8df9ac08b97ff19b859fcfa8dffcf2b3a27ea4e5f9e19bc6d899081,0.7247557044,d4_component_default_guard
1mlc:0000848:94943545610c,94943545610c619a2b665b85c10abc25b40ffc2a9e7ec6bb394ada3254c31b4e,0.4307817519,d4_component_default_guard
1mlc:0000849:193f862d7a9e,193f862d7a9e809a8ee3897c20770f3cbeafe246bcd64f1a166bc4b197570d94,0.9763843417,d4_component_default_guard
1mlc:0000850:235d1d295ab1,235d1d295ab1ca7d372af6719a7aae3843e9e597733817bf23c54fc2133f7df7,0.5618892312,d4_component_default_guard
1mlc:0000851:a947bc499503,a947bc49950328a8e898d18e2461bfb271a24a9493af7482296ee272eada06d4,0.8346905708,d4_component_default_guard
1mlc:0000852:65336a251166,65336a251166d32c48cd1aff8838a0c8cca6bec24d75c4871f1208625d272a57,0.5390879512,d4_component_default_guard
1mlc:0000853:8329e2f6785e,8329e2f6785e53334395b91af45905ec621dce2fba9c922db36690be25f768d1,0.9755700231,d4_component_default_guard
1mlc:0000854:8dfb12286db7,8dfb12286db73135e84fc2c19c607572f825cf214f3cd4f454dddfcf2f15bfdc,0.8550488353,d4_component_default_guard
1mlc:0000855:4c28ecc3586c,4c28ecc3586c4c5878006723648f2d7caf0fdc5887337b96e2a74054c1dc9190,0.5350162983,d4_component_default_guard
1mlc:0000856:5d2537444bcb,5d2537444bcbb9cd5dbb2286b8b37b8e2266befd308fe60ddb1b07bb613577a5,0.9788273573,d4_component_default_guard
1mlc:0000857:661dbf7e5b35,661dbf7e5b35f19366f7006be343e5f66e3c890a49fe8e01083253afe452f355,0.9796416759,d4_component_default_guard
1mlc:0000858:65b5e8be786f,65b5e8be786fcbf91b723bc564326cc11b17f6fb32131b7c496bae4bcbe4d4d2,0.3281759024,d4_component_default_guard
1mlc:0000859:a10f91e72108,a10f91e72108cc9b05f820f1a60e9493da1d7635a037a26dfe380747cf7270e9,0.3517915308,d4_component_default_guard
1mlc:0000860:f37cb993c75c,f37cb993c75cb4541d73e24706ea9c321bd379f07667fca943826b425aceaa47,0.6644951105,d4_component_default_guard
1mlc:0000861:ac81e687cb5b,ac81e687cb5ba481138681ec6c23d651648574157d0fc6f56b9f6a432b8ab550,0.3949511349,d4_component_default_guard
1mlc:0000862:daa622e1f26c,daa622e1f26ce19d9ecca1139770eac49df1d5957d139249c6d94075b7551903,0.7019544244,d4_component_default_guard
1mlc:0000863:876f9c8fdba7,876f9c8fdba74bc36e8931ed5d0478182984eb1a7adf11312aed31b7d8105f28,0.7328990102,d4_component_default_guard
1mlc:0000864:1ada75b9b414,1ada75b9b414541a248856317f06851f30fe4636046f1436c4d7bbe260687732,0.603420198,d4_component_default_guard
1mlc:0000865:e9abbb309a42,e9abbb309a42b59975ed13dfa89878c5f2542a4dc22be5225de24dfa9a710665,0.3412052095,d4_component_default_guard
1mlc:0000866:392f37f7cf7f,392f37f7cf7f55947b8a6318c47ff3bdae1906f379ff23b9b3305d1c2933fb6a,0.7239413857,d4_component_default_guard
1mlc:0000867:29e5e7da3097,29e5e7da309725db0ff9310b4a9febe369e339c7bda205e50203caa7bacdc56f,0.3273615539,d4_component_default_guard
1mlc:0000868:fb681069751c,fb681069751c6225105eac151567dbc3a9be07cdbf85d6307d90ee90395e4312,0.9218240976,d4_component_default_guard
1mlc:0000869:3d9657409aa0,3d9657409aa0b2edf86ba73c23164d894e0e63fe6b65a5b09419207caa2a1d66,0.7231270075,d4_component_default_guard
1mlc:0000870:b30e08f80526,b30e08f8052610b1648e29bce22459c3eb8f24da3327d442bb2599cf0e1fa28d,0.4446254075,d4_component_default_guard
1mlc:0000871:8b411039e52d,8b411039e52da1fffdefec07b52a8479a16fa1d9bfb50faf6255aeb1ef95c18e,0.7157980204,d4_component_default_guard
1mlc:0000872:5fd34b7b4b2d,5fd34b7b4b2d1eac2f1498dd9149cc911a41c5f8dc0e554b61114914c15d95ff,0.3452768624,d4_component_default_guard
1mlc:0000873:21ade0c334a8,21ade0c334a8ce13d536eb63ffc71d6ce407ce59b5e9cd3b972a8caca3176b52,0.09527686983,d4_component_default_guard
1mlc:0000874:88cfb7e86528,88cfb7e86528b1a9d64d2033ad0e9aeda8c5c6299524bc165a8959dc188af223,0.09364821017,d4_component_default_guard
1mlc:0000875:1c14091da022,1c14091da0221ccc78678d10c02b4797e1fdeb671bac4c025c940c455611217f,0.8485342264,d4_component_default_guard
1mlc:0000876:dea94d6aa7ad,dea94d6aa7adeadd29bee9443938b380b4f2bccccb8375594f50d31d55f69b2d,0.0659609139,d4_component_default_guard
1mlc:0000877:66dbd26b9806,66dbd26b98060e752a642f8d6bef235157fe90b09fb755cec94c51da0b793488,0.5195439458,d4_component_default_guard
1mlc:0000878:fb6d0eeb53a3,fb6d0eeb53a351cb5671e70bf490f5f68901965d47cf9e6517e74435272eeae5,0.09201954305,d4_component_default_guard
1mlc:0000879:a9f746825573,a9f7468255739809182d9848fc5112fe3b499b35482735ac2950b47831cda4e0,0.06514658034,d4_component_default_guard
1mlc:0000880:be4fef32a1d3,be4fef32a1d39da71cea5ac7e1c38cdad7347a905d7f0b5441c1abde0303aa84,0.4258957803,d4_component_default_guard
1mlc:0000881:ac7d2c28a3e0,ac7d2c28a3e0b8d88ba2d21540e9895168d622f3b83407af56e51fbdb1dfb8bc,0.8640065193,d4_component_default_guard
1mlc:0000882:e833fc288bbd,e833fc288bbd4d010d372a712049542243475b9e453f73d643d1096863237d97,0.06026058644,d4_component_default_guard
1mlc:0000883:1ae405a56bae,1ae405a56bae8ccae3cf79ea6aa604d03618379f064b34632225a84670b0d9f2,0.1050488576,d4_component_default_guard
1mlc:0000884:82978f170a1d,82978f170a1dffb32d1ee9999aeae5f7c2527f45dbb11ce99fbd0a55b9c7e975,0.7068403959,d4_component_default_guard
1mlc:0000885:46b7a5c25758,46b7a5c25758a904e665d03e95c1d59a4e6658dba8d9c01a0fb012e655dc77e8,0.6066775322,d4_component_default_guard
1mlc:0000886:338ea1f0eff8,338ea1f0eff897d8dbf2674a0bbddfac34f17c8058bb8d197b001d2aec29323f,0.2728013098,d4_component_default_guard
1mlc:0000887:c2fd6c5c101b,c2fd6c5c101b8e6008454dd2065cba649e325a72fb02a40a3f87fe60ad9df553,0.07980456203,d4_component_default_guard
1mlc:0000888:04702d7c3265,04702d7c3265f72637bfbc4cf9a373f3b60e8b4baa3243903aa8164d694f2e3d,0.08061889559,d4_component_default_guard
1mlc:0000889:1f2462ba9151,1f2462ba915197aa5a1b7299a24c9514f1a124615dbcc869f1d2c484287820a4,0.9869706631,d4_component_default_guard
1mlc:0000890:3716bb85c78d,3716bb85c78d80dcedf4323ae25f50df75a81283d86b325d85707e94f1108330,0.1938110739,d4_component_default_guard
1mlc:0000891:2996fdc5268c,2996fdc5268c52971805c523d72f9af3f4e6dd2da91ad197b6c1c27a818a0662,0.6433224678,d4_component_default_guard
1mlc:0000892:fd39143a252c,fd39143a252c58d8ad52a96c348c2f817f665c15e53ddf5d92ea563a5eab7ea0,0.6050488353,d4_component_default_guard
1mlc:0000893:e394a96c269c,e394a96c269cc4860946cfac9993647add5c146c711cc677d2ef7d6dd356693e,0.4983713329,d4_component_default_guard
1mlc:0000894:24d58973f839,24d58973f839f9233c3d8ddc3396445a2d3cc1d15390e1cef91e0fc5cc61d51e,0.6522801518,d4_component_default_guard
1mlc:0000895:c8e79ab688a4,c8e79ab688a446dea21744728e8602854b018331b1989be8298ffbadea9f676e,0.3672638535,d4_component_default_guard
1mlc:0000896:2e158bb5d04c,2e158bb5d04c18b79e0fb46fd51053efcb658328ca81f96325e4f4e5f92769fc,0.4633550346,d4_component_default_guard
1mlc:0000897:d8217422f99d,d8217422f99d0eab05f4ddc37033292daa2c02f0fbcba1f86e7596d9c53a48bd,0.4877850115,d4_component_default_guard
1mlc:0000898:098b29bbffc6,098b29bbffc683fe0a6ffcaf0afe9b9aa5c7a6389092a8b198ac16290ba95d8e,0.840390861,d4_component_default_guard
1mlc:0000899:717de033f82d,717de033f82dc1d47d38630e5285acf82ffb762d5ba6a8e82c930929a0b2e29e,0.1107491851,d4_component_default_guard
1mlc:0000900:6b2557a71496,6b2557a714964f5242e642fae563cfda0d268f62de048c3bf63ecaa9e4490b61,0.1066775247,d4_component_default_guard
1mlc:0000901:a6f31ea482f9,a6f31ea482f9f5f8960a01b5497f455bdf68791b8d529dc0b92bcc19eb43b2be,0.2817589641,d4_component_default_guard
1mlc:0000902:ed9057b2cdb0,ed9057b2cdb0376f1a9de04745686edd33acb7fb398413e10231350991c164da,0.6962540746,d4_component_default_guard
1mlc:0000903:ea2190a8ffe5,ea2190a8ffe55545d9b80a4e0be8597a2be055c9cc7d7a2d5b885363d5960b1a,0.08957654983,d4_component_default_guard
1mlc:0000904:65649f93bbd9,65649f93bbd91e86db6e3974999d37ca4792cf3dfd0af43d2ef0a41573e613a7,0.4242671132,d4_component_default_guard
1mlc:0000905:e2c77938e8f0,e2c77938e8f07222165518403ea400b449aa66c322aeee6e03c4031afa942755,0.0863192156,d4_component_default_guard
1mlc:0000906:ea92da221baa,ea92da221baa85a8fa7d9e458fc0c5903204d88e43599d88059a1ba3cb0265ca,0.5057003498,d4_component_default_guard
1mlc:0000907:9872613b5514,9872613b55149b5eec405bf22b5931554867c3cbbd05279c0ec086eab3c6dfeb,0.08713354915,d4_component_default_guard
1mlc:0000908:633cbda182b4,633cbda182b4cf6c99a83df224cf690e62af32ce54206116fad6b50119ae3617,0.05944625288,d4_component_default_guard
1mlc:0000909:b5c9f0e50703,b5c9f0e5070397f94ed5ffd07ffa5e9d941ca973a9aa77a7e850014e1701adf9,0.3835504949,d4_component_default_guard
1mlc:0000910:7ba2b32076ee,7ba2b32076ee2e6973ba7fa50faf148b610f4fa0bb518921dbdc1199c464f4af,0.05863192305,d4_component_default_guard
1mlc:0000911:38bb06bc7e36,38bb06bc7e36dcdf7332bf2287897133fb957b722f05b63d71a715eb39c7bc18,0.8387622237,d4_component_default_guard
1mlc:0000912:84600f8ab917,84600f8ab917afa348be529e97d3deadfc54332bc313d306cd31bb7f676eaf8e,0.5863192081,d4_component_default_guard
1mlc:0000913:42e9eadfc651,42e9eadfc651c9e97676eaa75c47c8441db07d2decf760d64fb5286662b7c6e5,0.06351791322,d4_component_default_guard
1mlc:0000914:3ec1c3f7c5d4,3ec1c3f7c5d47f894df39416449c8b017e9f0a2fa2d4dff77aa7325db6e48145,0.8501628637,d4_component_default_guard
1mlc:0000915:87cc934af94f,87cc934af94f2bf2cf53afbe09d1b392486455ce069be9b4f34253f4e4a3906d,0.8566775322,d4_component_default_guard
1mlc:0000916:d26b6dc3f732,d26b6dc3f732c173b8db18b73a42aab59e25253830c26aabd3783ec5ef8f8d48,0.09609120339,d4_component_default_guard
1mlc:0000917:3e2afd51a69a,3e2afd51a69a94b87f10eeea320798723d20f4305dc5c65fddc27e2598fcf2ad,0.09934853762,d4_component_default_guard
1mlc:0000918:78fbba73f4c6,78fbba73f4c6c1e643dbea1680d676de8ca3dbae9cf6fd15d938dc9e7b64ac8e,0.1042345241,d4_component_default_guard
1mlc:0000919:8709abec6a4b,8709abec6a4bda22b72218f97b455b93f21f363bca86e9b6c37496ccc4e060d5,0.182410419,d4_component_default_guard
1mlc:0000920:03fab2339fbb,03fab2339fbbe0a7947111830088bfd4aea5ed74b73b6f57be05a9592e6f519c,0.5285016298,d4_component_default_guard
1mlc:0000921:0d19562174c0,0d19562174c0bb6bfc7e2e656e439d9ca133323b8f1f15fe7a91d3b826325066,0.5309446454,d4_component_default_guard
1mlc:0000922:df3ac5b9b7cd,df3ac5b9b7cd643fcce269c09d9d31aa0f7292e52538314512688295809a30e1,0.3086319268,d4_component_default_guard
1mlc:0000923:a7c357232f39,a7c357232f3991d205c63d79d9b06be61b23a3b606acf8d58b62ffe2482392f0,0.09771987051,d4_component_default_guard
1mlc:0000924:7e44150e3273,7e44150e3273a4f5b9002a4b83fb7aa22eb854625d49703cbd90c8d898e683f0,0.5301302671,d4_component_default_guard
1mlc:0000925:10c415ac83b2,10c415ac83b225913b991f344eceaebb450327b04efd8a1f24ece98152dc8113,0.1026058644,d4_component_default_guard
1mlc:0000926:c5e1cb112393,c5e1cb112393da3c882ec601cc39dce9f39337e4486d6fe8ffddd4283d650d88,0.5912052393,d4_component_default_guard
1mlc:0000927:e2f990d021cc,e2f990d021cc39843f65fcacf7cdc6976e516f6e7e6354915ac85dc7db5e3023,0.5464169383,d4_component_default_guard
1mlc:0000928:667583f03202,667583f032025b4cc3c72052d0efee724e803230084026b4bb1f2f397ce4aec2,0.0814332217,d4_component_default_guard
1mlc:0000929:0d749ef1c108,0d749ef1c108a8717950ee090efbd5c991aaed22784063c347eda89880f4a82c,0.5260586143,d4_component_default_guard
1mlc:0000930:bf058b0c1817,bf058b0c181755ccb7882ef63e4e9ec06d6b79268112c5a3b5f145f995b73f9f,0.3403908908,d4_component_default_guard
1mlc:0000931:c36034194d2e,c36034194d2ebeecf2c21dc0d2fecdece0d9f2aa06c9baeba79ca617112f791a,0.9397394061,d4_component_default_guard
1mlc:0000932:cfef4933c3a0,cfef4933c3a0c7889c282e0f9360f79cb211c4059c603f8cf8076ddffa267581,0.72719872,d4_component_default_guard
1mlc:0000933:dbbe63bcf825,dbbe63bcf825611067eab1564482e897946ca0c32ccb25d922040c7cf7de63c3,0.4177524447,d4_component_default_guard
1mlc:0000934:02422cf03667,02422cf03667f11b92fddb68b3e6b8eab2551332179555d9e0ae326efd2bbb08,0.9576547146,d4_component_default_guard
1mlc:0000935:9432f438a2e8,9432f438a2e8e2443552d58a8671f9c5348835982e92dcdef1ec27647f16e908,0.2907166183,d4_component_default_guard
1mlc:0000936:78894ef7f39a,78894ef7f39a78fb899517ad50b0dd6d1f81c2cfab9ac2532cc1559554f1ce6f,0.6929967403,d4_component_default_guard
1mlc:0000937:2e264042f9db,2e264042f9db6b1ec273b8bad0d587c57e531a19be08314b28b5738e7cca1b95,0.3314332366,d4_component_default_guard
1mlc:0000938:8f8c9ac3f48c,8f8c9ac3f48c6b719acf6a9393a433bb004a46bc9170975a4ff5cf6588253084,0.25570032,d4_component_default_guard
1mlc:0000939:9df5b5d008c4,9df5b5d008c40ce6f9caab42f93771d7cef31d261e0d112442f4b38aecb02fb4,0.5716612339,d4_component_default_guard
1mlc:0000940:dd0deb2ab240,dd0deb2ab2408250d2010cde92a9ed13432855ab05f721d78838a496375c4167,0.932410419,d4_component_default_guard
1mlc:0000941:13b52f5b8132,13b52f5b8132839e1e14c76a6f6b3c545ecf2c51a6836d5d56f642dfbc40d247,0.2508143187,d4_component_default_guard
1mlc:0000942:c8092b718952,c8092b7189522ba02022e9329869da0627cbeccd08da47f47d9f032ed7365f4c,0.3298045695,d4_component_default_guard
1mlc:0000943:7419f918ec93,7419f918ec9379968f74b5299b1e2684539218dd5ef4af496601bf1059d20868,0.2719869614,d4_component_default_guard
1mlc:0000944:8e2617ef63b8,8e2617ef63b8dc78db32cbc80cd47c819dfa1492a57517cb01c5bf38fd31d247,0.7793159485,d4_component_default_guard
1mlc:0000945:59c65185e11b,59c65185e11b5ed31d7c1121d3e9dd11f6310d786e7bbf893cf9a155c21fea65,0.8957654834,d4_component_default_guard
1mlc:0000946:5c0bc2718bfd,5c0bc2718bfd8e160a3debc60b51384fc5e80861ccb7f1507aa9e14a83c2a251,0.2548860013,d4_component_default_guard
1mlc:0000947:2d998c0d77c0,2d998c0d77c01cba928dc2c5540231e7085b9741caf7f50573618a3535488537,0.421009779,d4_component_default_guard
1mlc:0000948:ef3304f34e6f,ef3304f34e6f88bfa453b6dcd360f707286f727174d921896bce118c385c98ac,0.2052117288,d4_component_default_guard
1mlc:0000949:7c2cac285f73,7c2cac285f73a7c84c1e5f8b35029596e48b28fdd98147cbd9dbcc91e114f755,0.6091205478,d4_component_default_guard
1mlc:0000950:3f4af39639b5,3f4af39639b5b3df00e73bfeb2b8f55facd8f35adaa7b20bf70fed5c19d4bf91,0.9991856813,d4_component_default_guard
1mlc:0000951:13d63b3d504a,13d63b3d504a220e7bf23fe3a7f094b936d93779e3b3940353ca26efc1a39e2a,0.7263843417,d4_component_default_guard
1mlc:0000952:9084c74c4717,9084c74c471706e7c3eaf606881ec508983fb70b3aea1e614c20f7030280a8e2,0.7100977302,d4_component_default_guard
1mlc:0000953:346607a512d4,346607a512d4587cd81f91160c56873967d4be75c14b3547aec18104fa169e56,0.8941367865,d4_component_default_guard
1mlc:0000954:68956c2b6101,68956c2b6101c774711fc34d9cd82c599754f2f17960d2cf94f06a98e516402b,0.3053745925,d4_component_default_guard
1mlc:0000955:3880ad490d57,3880ad490d57caa7cf7789e1fecd339b8a1101940a06caf56e55656c4e1f917d,0.7214983702,d4_component_default_guard
1mlc:0000956:3f6b16ec069a,3f6b16ec069a03d2159b8b6230d3d538768890962d494544e00750cb12609378,0.7149837017,d4_component_default_guard
1mlc:0000957:1925984306b8,1925984306b84239ec3a1d8be153d273d6c4e6e608e71ac167cd73a1253e8e29,0.2947882712,d4_component_default_guard
1mlc:0000958:8b13686811c1,8b13686811c1cd0194399354c5ca608c9a03acd33f8c57a10c43af13a8223cb7,0.4666123688,d4_component_default_guard
1mlc:0000959:ce4003cebc8d,ce4003cebc8dd8b78eab1f89abc805f16223f1f0bdeaf9f4e64343b5ec25fe8f,0.6799674034,d4_component_default_guard
1mlc:0000960:de4c9a039a88,de4c9a039a88034cb88651daa740701dd91010eba654d44d70790db850997ac1,0.6661238074,d4_component_default_guard
1mlc:0000961:c5bef4bee376,c5bef4bee3762463d4617e6d225b9fa68f325b1c60a32f327caf15dd9350a2dd,0.9177524447,d4_component_default_guard
1mlc:0000962:02e255fa5e47,02e255fa5e47e5722ae49b3f693b7f8ed1f66ea0d6f7c6e53c1e0fa5f8e05507,0.3004885912,d4_component_default_guard
1mlc:0000963:3b066cb9cf48,3b066cb9cf48a9a13dd4bcaecbdfa6dc815924cdb0c3fe10fc6782a83776ac00,0.3102605939,d4_component_default_guard
1mlc:0000964:13b0d4429c6d,13b0d4429c6d0e16f59e99f5832335df404a9cfcb17f829c9ac104688a0a7f41,0.364820838,d4_component_default_guard
1mlc:0000965:41868f09d60a,41868f09d60a71fe4ba44c4b44e7d47b606490a62b00be0cdbfed414c2a4b953,0.2198697031,d4_component_default_guard
1mlc:0000966:a2a6d3a033aa,a2a6d3a033aa9868fb191405431d198062d26fc7baa4b9968dc7cfc29396185e,0.7695439458,d4_component_default_guard
1mlc:0000967:3b0bf106332d,3b0bf106332d04c0da289f742dca17e12fd72eb8b5df8344b75a79d69768b7c5,0.3982084692,d4_component_default_guard
1mlc:0000968:9166d5f77b5b,9166d5f77b5b8f2552903680266e67ebe1d7ed3aca6ab36923a1d765a43d7664,0.5985342264,d4_component_default_guard
1mlc:0000969:a3a89cfcfe91,a3a89cfcfe911dbe987bfd4086c277060a2431da3b55bf9c99e6ee3fe0693942,0.464169383,d4_component_default_guard
1mlc:0000970:1a8a504ea9f7,1a8a504ea9f789e0eaf5124e3da9aa04c04c0dffebbae892a136bcd54cc1d1d7,0.7304560542,d4_component_default_guard
1mlc:0000971:6641042a166a,6641042a166af0cd7b73777d0d625248d769cef257593109132e09590e69f38b,0.4112377763,d4_component_default_guard
1mlc:0000972:ee1556183c8a,ee1556183c8aa28cee4920053eee9c86e8b142331f98f268b0afb22c756f8b05,0.9568403959,d4_component_default_guard
1mlc:0000973:a57ce458e3ba,a57ce458e3ba42374c0dc181b6d6272b3ab4d25e6056fdda79788cf387127c5b,0.2581433356,d4_component_default_guard
1mlc:0000974:6a7536b7ba42,6a7536b7ba429161ac817801876c9f7e6d2c06c8eea4682fb6e16c8a4406d300,0.5936481953,d4_component_default_guard
1mlc:0000975:722b1c0a128c,722b1c0a128cc98f39134e9075aba2d39a3d011995d1196e71060510b4a75cdc,0.231270358,d4_component_default_guard
1mlc:0000976:cce23b46032b,cce23b46032b3fa53d4631fe76443e48806470a3c17255d9bec27cdc0772fb91,0.9543973804,d4_component_default_guard
1mlc:0000977:4220b8cdd873,4220b8cdd8734dd9e4157a6242c3e586e914f924666a664cc66e947fd49aa634,0.8452768922,d4_component_default_guard
1mlc:0000978:7b5128122986,7b51281229866a16211959d1b2b60b85a4159ba3d6cb70765454f6336be0193e,0.2483713329,d4_component_default_guard
1mlc:0000979:fba1c5c7f9cc,fba1c5c7f9cccbe959f37095f14b55d33f3dcdac3da0e7eb442c8b544612dac5,0.9364820719,d4_component_default_guard
1mlc:0000980:418b30667123,418b30667123ef91089aeaba42916aef55897a5bde86873f2627985e316a0114,0.9356677532,d4_component_default_guard
1mlc:0000981:7cba9f29335b,7cba9f29335bbc75c31d8d01658c1a4fffa2a6bc656ec8e74b87aac73d2e116a,0.3501628637,d4_component_default_guard
1mlc:0000982:c0f236234128,c0f236234128392f5d6ce6a08e2b6ed593d6bd330cd5b20fc60102667c32d9cd,0.3395765424,d4_component_default_guard
1mlc:0000983:403b6f30a860,403b6f30a86046b1d6b7d273167576c059aa75ba327e1ac32b2b9c14980669bf,0.671009779,d4_component_default_guard
1mlc:0000984:df17a69c6773,df17a69c67735c512056e62133f5945a2be76fc34d3ef35007ea4c8b3633fdfa,0.201140061,d4_component_default_guard
1mlc:0000985:6a05f821b7a0,6a05f821b7a06adbaa39c6f55b6121cdda28542938ede30c840678385e188561,0.6343648434,d4_component_default_guard
1mlc:0000986:d9e7e3a96265,d9e7e3a96265c4473d1bc0584b373e2820688dcbb09d9eab5f46fd3e81b02a04,0.6775244474,d4_component_default_guard
1mlc:0000987:de50ae63b7d2,de50ae63b7d2760f326ba6175c39e2c3487fe0a8e717bbbe32fa20e22a30fd80,0.2467426658,d4_component_default_guard
1mlc:0000988:74ce2b5f4aec,74ce2b5f4aec3e421786c33ff786013c8ab506bcf74c2ddd723bea61f8e46a2a,0.3493485451,d4_component_default_guard
1mlc:0000989:734c4963b730,734c4963b7302b76c5da35b29c9a8763e579fe0fac77fae74c90e7a2d7ca4298,0.6677524447,d4_component_default_guard
1mlc:0000990:e2ff1336d203,e2ff1336d2036ecdee752c526d8394aa197519c47994461db10b87934a6c0553,0.3558631837,d4_component_default_guard
1mlc:0000991:a6656268223b,a6656268223bbb72ae5ad03726cb3d92ad9b4ff6c07b565d2fb1d26e904bd0a7,0.8868077993,d4_component_default_guard
1mlc:0000992:78c0da6b0bb9,78c0da6b0bb90925e4cb38562adaa488bb55e8febde0d3bc39f0ee9dd2eea9b6,0.6889250875,d4_component_default_guard
1mlc:0000993:7326ac70ca03,7326ac70ca03c011a2301d328f20c25a2a8fa134e5fa88bbe92b2c416ebdf924,0.1628664434,d4_component_default_guard
1mlc:0000994:c57c2ff88f9c,c57c2ff88f9c9c5d7d812e5bfd3fdb95500db7136ae79922d785d4710373b5fc,0.6864820719,d4_component_default_guard
1mlc:0000995:b733f51ccdc9,b733f51ccdc9cb13b48ba6e18e85581c373ba69b6b9edc2ba7900947b81f2971,0.2320846915,d4_component_default_guard
1mlc:0000996:05d715e1d7bf,05d715e1d7bf9cf56afa8c24f972eaa365a4a296a04d41f0ba4ee765eb08d6cd,0.2744299769,d4_component_default_guard
1mlc:0000997:60544158cd2f,60544158cd2f5d91454e3cdc84b957dd6704f80e0be78a5e0ae449a7d6039c2c,0.8982084394,d4_component_default_guard
1mlc:0000998:6d9cc8571abd,6d9cc8571abd1e48bfb825d3cfe0b2b41eff3ec11ba7a2959fa5110b34c93ba4,0.7719869614,d4_component_default_guard
1mlc:0000999:69bb1051677d,69bb1051677d39fb0fd4becf90bc772b04d7502766f1d9d445bcbd46759e367f,0.2605863214,d4_component_default_guard
1mlc:0001000:df9f69296bb6,df9f69296bb63d4c5c1b9693096a6312ee77c4af8c6dd1ecd68497b3fc364445,0.9739413857,d4_component_default_guard
1mlc:0001001:6bab22d25bdf,6bab22d25bdffe20a62062fa7d42569f0f8b0f821bdd8c4e7e8f009359943313,0.4071661234,d4_component_default_guard
1mlc:0001002:ec86a94a5e2c,ec86a94a5e2c7b0925919fe87a94d131ccec57bc05b3d5fac7896f7b04b8894b,0.6506514549,d4_component_default_guard
1mlc:0001003:a3ccef4511d1,a3ccef4511d14b4c9aa35c442d461457b3470a15f574790f216856b484df3a8b,0.2646579742,d4_component_default_guard
1mlc:0001004:08b32ba1ddf4,08b32ba1ddf4cd43dbcb7a15321b7c957cda76aa0238620a9ad2c2e0b8749691,0.4356677532,d4_component_default_guard
1mlc:0001005:30011e4cafb1,30011e4cafb19c308ef9b6a9e085588c47feb8cea92783657831793f941291ba,0.6954397559,d4_component_default_guard
1mlc:0001006:78b6a333028b,78b6a333028b38c620f17957646537a9bacc537f461993245cf58f68533981ad,0.9389250875,d4_component_default_guard
1mlc:0001007:484635bc2c97,484635bc2c97e21562dd7cdb83fbb6ab429ddb67b1afb2c98fcbe98a2b02df00,0.4372964203,d4_component_default_guard
1mlc:0001008:ddaf1b0b183b,ddaf1b0b183bc5a5d9826f08a0c6ce2bbbcfa0f7d8855a10419f5cd70232cbe5,0.1612377912,d4_component_default_guard
1mlc:0001009:680144522a63,680144522a63b13ff0452bc3e487692b9302e4722d259f7517b96669dc719363,0.5871335268,d4_component_default_guard
1mlc:0001010:77a058fd0978,77a058fd0978a8ccef944a5c283714bb6e34b75cdd4a35937f9cce48887be024,0.5895765424,d4_component_default_guard
1mlc:0001011:c02c27324c6a,c02c27324c6a16ff5b2087d7a0dedc053ec1fc29fd3ea3046d3f4c552ad64042,0.8070032597,d4_component_default_guard
1mlc:0001012:e0bf1d832bc6,e0bf1d832bc6daaaa87061a6345db11d482c9f5accf88938620b526fd6181b13,0.2638436556,d4_component_default_guard
1mlc:0001013:c8b69001689c,c8b69001689c843c1a86b17c703b426439849ea7a9ae97e47548b50f95031074,0.2166123837,d4_component_default_guard
1mlc:0001014:b5851688ed12,b5851688ed128f2eb14f247925d948589d734e058f8f768670c976274eb9fa3e,0.12785016,d4_component_default_guard
1mlc:0001015:70048e4982ed,70048e4982ed07a8216046d0612ad55f424606118802e40be44dbcbb51912a55,0.592019558,d4_component_default_guard
1mlc:0001016:412f3ab3e805,412f3ab3e8053095f44e1a4c9a22f688f84e1ec6b4e1acaba0766a3f07da4753,0.3941368163,d4_component_default_guard
1mlc:0001017:8ea0cc542bf5,8ea0cc542bf55dcd3423f1835462497e22b6fda13acb35b1691ea4531362e7b9,0.3998371363,d4_component_default_guard
1mlc:0001018:54a6ba63a697,54a6ba63a69709c4b762e035e38515159ed710555ed7bf50173e6d464e73ff72,0.7459283471,d4_component_default_guard
1mlc:0001019:b3c41b3c9a80,b3c41b3c9a80dcda3ecd6fa0d56ca0547bd8ffa8687bad506c955e9b9fe8069e,0.4486970603,d4_component_default_guard
1mlc:0001020:6ad391a6e623,6ad391a6e623ff5e57d44ccf1e33e8eab997be18470f2a6bd24b9cc2467ae672,0.4780130386,d4_component_default_guard
1mlc:0001021:5bcf36bbce4a,5bcf36bbce4a3ab9a24311b8e0632583d998e38e68900ea64c9564c437129b50,0.4136807919,d4_component_default_guard
1mlc:0001022:dee85309b0c1,dee85309b0c1576968d0c006a9e9e257481f005b929d969ce81fbc626cfbf0f1,0.4959283471,d4_component_default_guard
1mlc:0001023:9fefd44fc956,9fefd44fc956d09933a10c314d536f1024806c90f72625a0d317e58ff4d6c602,0.5830618739,d4_component_default_guard
1mlc:0001024:a194aa977ac3,a194aa977ac3a764340474c6462c471ce37763b6adc30e5c6d50984062b5be9f,0.7182410359,d4_component_default_guard
1mlc:0001025:d237ccd592ed,d237ccd592ed03ec8cddadb20aa68614d64ce438dda8352833f3731b4c96287b,0.5219869614,d4_component_default_guard
1mlc:0001026:9e75416b7ed2,9e75416b7ed27a26595436c5549a25ebf3c5b06358f1e40a268591aaf914bc83,0.693811059,d4_component_default_guard
1mlc:0001027:fcdf74ad3613,fcdf74ad3613adaf60e61bb5291510cd493b1c0ac7d5cf75ef43bc2dfd900930,0.9047231078,d4_component_default_guard
1mlc:0001028:a3b705ff156f,a3b705ff156f20a869b3849e7f1314879ee9b1ed5db7b06821234e131f0d5c12,0.4503257275,d4_component_default_guard
1mlc:0001029:fc9cb299423d,fc9cb299423d2cfb74879c7618170c99052df75d0ea7538842b436874cbd049a,0.2239413708,d4_component_default_guard
1mlc:0001030:323ddc056a8c,323ddc056a8c10523719b0b4bd6258f9fc2bc86d57475dc333e724b64b53da75,0.2418566793,d4_component_default_guard
1mlc:0001031:74fadec2f3b4,74fadec2f3b473cb110d57e499df080ad4963ce6d474ab6c120d39ea1e265ca2,0.7581433058,d4_component_default_guard
1mlc:0001032:0b965757dded,0b965757ddedc553dd2baf8c82c0288b3ef43f28b096344f8a7165b4b6bef50f,0.5610749125,d4_component_default_guard
1mlc:0001033:b31a23c266af,b31a23c266af2b1ac69f8e2799110b6fffcb44d0b768b4f5ace51e3b5a536ce8,0.2353420258,d4_component_default_guard
1mlc:0001034:71e90b8604f0,71e90b8604f06bf2056ec98f633ca98751220b537d7c826fe1fa82f1241ee9df,0.5643322468,d4_component_default_guard
1mlc:0001035:c169b42bbcc8,c169b42bbcc8d4b04ecc8bdb99c5414dacf7638ba331f0126cc91b7b4aa7a3c8,0.2882736027,d4_component_default_guard
1mlc:0001036:6a407a22e0d8,6a407a22e0d8f7cfd7d0c57bd03fdad19db606b9cc96a8122dacde50e7d1360f,0.9560260773,d4_component_default_guard
1mlc:0001037:10490ce1e416,10490ce1e41652c6466a85ea9b5e01ff9ed03cbb4c770e0ccd2291619edeb407,0.3265472353,d4_component_default_guard
1mlc:0001038:057dc9324f56,057dc9324f563b8d14dc8fb91dbb25dcae7458e38dcc5b289c77d7d4819a36c3,0.4771986902,d4_component_default_guard
1mlc:0001039:b8ab876d00da,b8ab876d00da8399d5249e59f37f8995d63707c8a652d5b63fd3fbe1c0a60900,0.3200325668,d4_component_default_guard
1mlc:0001040:957219c80cc8,957219c80cc82b742674681110a45aa467f3eb8ad8d5f1b370d24b8f0d485940,0.9584690332,d4_component_default_guard
1mlc:0001041:5b12aec581c2,5b12aec581c20643b317167971f6202337533a471706e1cc18c5046f93178f20,0.8118892312,d4_component_default_guard
1mlc:0001042:c6b502293238,c6b5022932384571544ef0a385d164203c5594df0929eb165e03b332df95c5e5,0.3338762224,d4_component_default_guard
1mlc:0001043:a2ddd513f2e0,a2ddd513f2e013ba19c9bebeed9639a2a5f0074a2ea1a4efe8824fb62c437429,0.8794788122,d4_component_default_guard
1mlc:0001044:9c176973fb22,9c176973fb229f8a17e17abe5288b511511a814c55d431fb03838dab6617f3ab,0.1425081491,d4_component_default_guard
1mlc:0001045:c4119e7f7cee,c4119e7f7cee159404a1665277308772c6ed508ba7a6aba0b71b36a85ca2d103,0.77280128,d4_component_default_guard
1mlc:0001046:d495115c09bb,d495115c09bb67b41cf30fe52a0a310bd59c2c7a28d8dee44e9487cf5b7ff1ff,0.2337133586,d4_component_default_guard
1mlc:0001047:2859465f8c23,2859465f8c230dfe698ac3e44def2f4926eb741b2298d6a342ea4f79358ecdb3,0.5138436556,d4_component_default_guard
1mlc:0001048:76f324a23b63,76f324a23b63bbf7658230bbbd496c83a66d36e95fed02289a60a0b627cc0f0a,0.5545602441,d4_component_default_guard
1mlc:0001049:537f3c863e33,537f3c863e33cb2f1950e17f7f18a17b0335d4b1732c672141d40c16db07866d,0.7076547146,d4_component_default_guard
1mlc:0001050:ce4906d30b98,ce4906d30b98f37b9a1ba083e36292a1936e994084444a118df39f15c861ed6e,0.1644951105,d4_component_default_guard
1mlc:0001051:9ba5f4aae292,9ba5f4aae29260d33823902a316f39fd62b649c9ab4aae595c168e7456c56307,0.51140064,d4_component_default_guard
1mlc:0001052:5ef40c70049d,5ef40c70049d7d96b7763522385da65e65d7ab1d065e845b278793c840bb6d3c,0.1441368014,d4_component_default_guard
1mlc:0001053:af03f4ef30bd,af03f4ef30bd8451bad8cbcc4305845fe49a68f4b1872caaaf094c608afd72e5,0.7442996502,d4_component_default_guard
1mlc:0001054:2d4325ef3189,2d4325ef318929d5e93e01c822feb502914e47839dec0bd153c7d3feb1e6ce8a,0.5594462752,d4_component_default_guard
1mlc:0001055:513e0715f7fa,513e0715f7faafa4c7f71435a6404bc0f619b40ba013ce4bc22b5d94cef08a56,0.1457654685,d4_component_default_guard
1mlc:0001056:324fe9c9b6ae,324fe9c9b6aeb428ece0ea163ddf83f72572a4ec3ab347f4679fc9d3ae4cbe47,0.5969055295,d4_component_default_guard
1mlc:0001057:a9ced9ba3841,a9ced9ba38415348d5bdb464516db884d15bbddfc0f203c58ae91c810e09a022,0.3631921709,d4_component_default_guard
1mlc:0001058:5e9c7c263317,5e9c7c26331729c589e6031521efa250fb69a9b0de07f1289228e1b8ccc44a62,0.6026058793,d4_component_default_guard
1mlc:0001059:ee160f4eb897,ee160f4eb897b7dcb4292f9eba65a3c1a1be58b6ecd05a4969d05641afd4cd93,0.09039087594,d4_component_default_guard
1mlc:0001060:f1d62a149923,f1d62a14992350403e603823ba2e3303c544301bafac5e22a6a4f593fae8efab,0.2092833817,d4_component_default_guard
1mlc:0001061:b64f5d5e8867,b64f5d5e886784ff5ff1c521dfe660b5e26ea5ce99a7428f0b79dc93e9551d57,0.9039087892,d4_component_default_guard
1mlc:0001062:16a06e7bc194,16a06e7bc1941188852e858c76a6439ae69c210f4d850b8dcd8d79efbae2c03e,0.1237784997,d4_component_default_guard
1mlc:0001063:747af1756a5d,747af1756a5dde730a1816bef35624fa4bc945ee296df9ad02c64633832fb1d6,0.6221498251,d4_component_default_guard
1mlc:0001064:099bb2cafe14,099bb2cafe140db24bb2752f67e722886831ed0d4e5a9e6ecfc0dedb69f91b33,0.07084690779,d4_component_default_guard
1mlc:0001065:2761279b96d0,2761279b96d0635161a227719fe75374324e567af27f2ebe751573f3f0847677,0.1311074942,d4_component_default_guard
1mlc:0001066:6a4bbce22ff0,6a4bbce22ff062269f07c81f465a8125f9622ac13b607328262070d7779efb5a,0.6359934807,d4_component_default_guard
1mlc:0001067:7130006835e2,7130006835e239462a7b0a8080598d2e9f2cb5a133167ec0e9da34be1cfecc78,0.115635179,d4_component_default_guard
1mlc:0001068:633ffdea7ba3,633ffdea7ba3e24190d55a88ca47194c2df184569f66629c312e1b078c9c5b83,0.07166124135,d4_component_default_guard
1mlc:0001069:0dceaf60adc4,0dceaf60adc4b54c0c459d4654ed2145f0879069ec074e70647163e7ae2bc97f,0.1962540746,d4_component_default_guard
1mlc:0001070:70bec108e05e,70bec108e05e52540f0f8c8d317695c8a9f566e52fe0f8e22630b124dd2bba1c,0.6701954603,d4_component_default_guard
1mlc:0001071:468f72b3a7ae,468f72b3a7aedf3197ba7b5d3f5bafee5bd28077327edaad36fd704944be6f26,0.659609139,d4_component_default_guard
1mlc:0001072:190145c1e5bb,190145c1e5bb955f332ad74682fd2400d837f45af2f30d9620705f42e4a4c410,0.3037459254,d4_component_default_guard
1mlc:0001073:d50336e6dc49,d50336e6dc493e6b4f5af15adc3560ee872c0a297329433444b7ab74a50f0a05,0.1986970752,d4_component_default_guard
1mlc:0001074:cfb2453fb5d4,cfb2453fb5d413262c3487588ae0046cf94537eb39c4830b7a64a307b41b4835,0.07247556746,d4_component_default_guard
1mlc:0001075:9d260935fb9f,9d260935fb9f5194ab41fd2599889aee89ba1d7c3537b6f2604e027d4e17fcec,0.5814332366,d4_component_default_guard
1mlc:0001076:0e3da704abd5,0e3da704abd5e731191908a34f8a5c9e5f123ca58a80ab934a899ad453bdca1c,0.9918566942,d4_component_default_guard
1mlc:0001077:94af0b714f0f,94af0b714f0f2bf15d9ebfefb77e38ca354a84b741df4d4018d13bbb2943ecf5,0.6180781722,d4_component_default_guard
1mlc:0001078:1eaa44b4a8f8,1eaa44b4a8f8fe17430594877cfb3be6dcbba63e865f2bd1befd73bdb105f8ba,0.3330619037,d4_component_default_guard
1mlc:0001079:63b33f86bc02,63b33f86bc02848dc652cd069e38a7dd719b8c2dfaa5e39060fe58554cce34d8,0.6392508149,d4_component_default_guard
1mlc:0001080:62d9a91b7531,62d9a91b75310f33b8ad4cd6797012f941a0aca695a4a03f4faf86a9c393dab9,0.6693810821,d4_component_default_guard
1mlc:0001081:e8bcbabfe4c8,e8bcbabfe4c8881906014fed05d45501974c5ed8ac913ddf8f6af43cb1ae75d3,0.1718240976,d4_component_default_guard
1mlc:0001082:0f8aeb96ba22,0f8aeb96ba2271ab8a0e45313b6439139a006ffc31890e1689c2c0e2641cde39,0.6083061695,d4_component_default_guard
1mlc:0001083:f6425675281b,f6425675281bd7ffa271132a831fc4603fe3e7c2ec6cb957560acd9d70dfae89,0.6278501749,d4_component_default_guard
1mlc:0001084:9819e0b6c966,9819e0b6c9666aff78a826c89d5f93ee0387b08503c7eeb3bbdcd672fcb6c5fb,0.2109120488,d4_component_default_guard
1mlc:0001085:e11e606e3a6d,e11e606e3a6dd376943ec900a847f4b0685e42018ba7ff468b3b0a51af49594c,0.4087947905,d4_component_default_guard
1mlc:0001086:36987597c2f9,36987597c2f969526e748ce39164cf65a5f6a4436df73d1ef65ff28def890044,0.5016286373,d4_component_default_guard
1mlc:0001087:5cacba0a8415,5cacba0a8415c568df0a9372c1e53e564f39e0c10c0645b15f73e966c01961c5,0.6636807919,d4_component_default_guard
1mlc:0001088:8b6bfb66dc85,8b6bfb66dc856ae72ec9792b6b2618c04121485160667f5a890ab7d2c8494ffe,0.7320846915,d4_component_default_guard
1mlc:0001089:b685b8b59592,b685b8b59592c943a9473400cc6b20f3e7c1d7c010af7a404083a0b0b444fe11,0.5456026196,d4_component_default_guard
1mlc:0001090:30e172c2302e,30e172c2302edf68fcdb683c1e4c01100bdf0dd7e6f359d584873920e4be9ef5,0.06921824068,d4_component_default_guard
1mlc:0001091:6da705022c33,6da705022c3307565dad73fd6a8b44808c9b72325e346815af1b3b167c0208d9,0.06270357966,d4_component_default_guard
1mlc:0001092:2e36acbd50c7,2e36acbd50c751ed22aa5bb691f2e46a0a762199dd39000049731cbf950c1444,0.6457654834,d4_component_default_guard
1mlc:0001093:a2a2830a1e75,a2a2830a1e751fb63031f06dfa205bfb8534b3b107f811080ebe19613631db7c,0.6490228176,d4_component_default_guard
1mlc:0001094:3df390643987,3df390643987fedab309a7d1d4f879087267fef29fdf95bd3e13a86448f95518,0.1783387661,d4_component_default_guard
1mlc:0001095:51df29572704,51df29572704c917daee9c0378613abd812850e27ab33d09213957491b160a6e,0.1294788271,d4_component_default_guard
1mlc:0001096:df7df478ee19,df7df478ee19a4ca8af794c0514c4cb1f2680dc26a28c405ab160b98f974f0e1,0.1254071593,d4_component_default_guard
1mlc:0001097:0f1dc96b220b,0f1dc96b220b16fec41801e7322459eda49daab4daed9c0153d0fadcf51249f4,0.9144951105,d4_component_default_guard
1mlc:0001098:e72e600441f5,e72e600441f5ac0ffc37f1db3e40e18010ada2410b13edc720f9a55af2b1e113,0.5374592543,d4_component_default_guard
1mlc:0001099:89bb6028d819,89bb6028d8198c284f453ff9e2327d8f688c6cdbc07b17d672faa044972f84a0,0.1335504949,d4_component_default_guard
1mlc:0001100:25ce65e0a45a,25ce65e0a45a5765a08eded17e2e69cf671af55f73dd307511d4ea9a0e203dfc,0.5822475553,d4_component_default_guard
1mlc:0001101:abb28c36e8c6,abb28c36e8c6c14aaa08917dbaa77ce407a0f100de46aa8b295f5a9175f45260,0.5960912108,d4_component_default_guard
1mlc:0001102:4dbf87080729,4dbf87080729b8ad544907edc13e3379ad244dce707e31d3a837fd58e3fb122d,0.06107492,d4_component_default_guard
1mlc:0001103:cefa89437248,cefa89437248e80d164512e368f2a81887130bb7437e0dd67e875bc72d325406,0.0513029322,d4_component_default_guard
1mlc:0001104:940cf239e1de,940cf239e1deb5dc3a1d70fe2fdb4baaa6070bc0af1fa919e7c871306f609ef3,0.07899022847,d4_component_default_guard
1mlc:0001105:d7c63c566b98,d7c63c566b98116bd14fd1360562ad8d0be19026206414a4bd050cbf07179d33,0.2076547295,d4_component_default_guard
1mlc:0001106:58ba5db596b6,58ba5db596b6f3cfd5650b21275ec342c6d1ef8deab156d90228232aa88286a8,0.5529316068,d4_component_default_guard
1mlc:0001107:aadf6ef32f9d,aadf6ef32f9d879c1c1362758d1c13e54b5245ebc4714fce3164fd940398bffa,0.5732899308,d4_component_default_guard
1mlc:0001108:05e024cf25af,05e024cf25afb38d910e790176739f3fddde4728e935bb6e5f16bbdcb88f070d,0.4397394061,d4_component_default_guard
1mlc:0001109:a1262b6a362c,a1262b6a362c639383a1c6d10945a6a213e7240aec5bbcadf2bec199b22df605,0.05781758949,d4_component_default_guard
1mlc:0001110:302d4efcaa6a,302d4efcaa6a5cf8814e9e1ab075154d2e91ee1d33e06ccef5d261c467d51467,0.6140065193,d4_component_default_guard
1mlc:0001111:cbcd585e3fb5,cbcd585e3fb5b28f33ace68467432e16377989bc7c626b08103bc2c8695d37ed,0.0561889261,d4_component_default_guard
1mlc:0001112:c45ac6414661,c45ac6414661abf41eab1d2bfc7d9d3bfb4a5ae68d9d47535f3bb4507f697463,0.6058632135,d4_component_default_guard
1mlc:0001113:39dc64dac349,39dc64dac349d49f0a729fdcb01d66c5ba7463b82c33291ede62c1d2e7ca7aef,0.6156351566,d4_component_default_guard
1mlc:0001114:0d9b5adb00b0,0d9b5adb00b02771dec0ff997cf4041376f52006e01d848b42aeac9ca519adc0,0.06433224678,d4_component_default_guard
1mlc:0001115:b62de30f1f26,b62de30f1f2688004a02731cd869f873c2e0e58536ad10d3902a7f7e90ab3fdf,0.5928338766,d4_component_default_guard
1mlc:0001116:9d8f0df2c281,9d8f0df2c281557229d21b1838eaa1453ea5f046317a8512eb3cb01812ec20a1,0.9429967403,d4_component_default_guard
1mlc:0001117:3c02dc7d4430,3c02dc7d4430b043b6a2ae8a474a5ba239d29615367aabdb9ce71eb364c3c6b1,0.2133550495,d4_component_default_guard
1mlc:0001118:b54a109d25b8,b54a109d25b8d38e9cc05a575a548d79a2ca25be7fc7c27867e7cbd69c2ea6cb,0.1604234576,d4_component_default_guard
1mlc:0001119:d8f55f7309de,d8f55f7309dee2618fdb1bf4b206d0495b2843174c0698c7ecbf57880601e40a,0.9275244474,d4_component_default_guard
1mlc:0001120:de1f7ac8e81e,de1f7ac8e81ecf5af703331d556bc4be51de88b282b1e802fafaf63b02cf76c3,0.2532573342,d4_component_default_guard
1mlc:0001121:138e6e267555,138e6e267555fd4591220cfb4937ae756dd76f38fe6fcb1be22388b999debc6e,0.5496742725,d4_component_default_guard
1mlc:0001122:57e242c3b81b,57e242c3b81b1690e6200302679223c22c35183abb26a07a460f121e88f9f938,0.2426710129,d4_component_default_guard
1mlc:0001123:1d16a9163d9c,1d16a9163d9cb2e92ced4e4c6b1cff3d71e073668afc3a8575e15c8db744558d,0.2206840366,d4_component_default_guard
1mlc:0001124:a60267150582,a602671505827d61de5e3393624f8039529fa91a5d21be5b2bbcaef7dec4f7a0,0.9495114088,d4_component_default_guard
1mlc:0001125:d145b779356e,d145b779356ec243a4ed07a1b93ab53f56f8f6d99337d529d25e55276a81957f,0.2271986902,d4_component_default_guard
1mlc:0001126:bbc3c397f844,bbc3c397f8441da53b7c1c3eb6ae89887fcc9834ad28feb1985f89ab10ccb1e3,0.1929967403,d4_component_default_guard
1mlc:0001127:2ca1a31de149,2ca1a31de149ed5c5a4ea5d157bce55257d405a76f8f8ebfc5de9d3a3e9a062f,0.7491856813,d4_component_default_guard
1mlc:0001128:a24357e0a804,a24357e0a804d6321bf8b6bded13db9d13f669692da7667c24b16a7fb3226b99,0.5741042495,d4_component_default_guard
1mlc:0001129:cc04d43f154e,cc04d43f154ed3757cb925ff6bf43601d8bfd19c584c038eb4a87e6bfeaf8775,0.1872964203,d4_component_default_guard
1mlc:0001130:1b308c90d6de,1b308c90d6de3e74c153c896e5e044ae9dfb7827e15d23071276e26ac138f4ac,0.1530944556,d4_component_default_guard
1mlc:0001131:2a1243b2f3d8,2a1243b2f3d8628f9ea3566488cfb30af81427bfa8c9079f9fdec7780685470c,0.1400651485,d4_component_default_guard
1mlc:0001132:4f1461464b01,4f1461464b01ca7f2cd2a2df33a94dd26103c4d4a67edeb77023680989119e57,0.4299674332,d4_component_default_guard
1mlc:0001133:ef13d54278ac,ef13d54278ac4e102fa063b38fd4045d6df4d2a253dde14b72ffa15ed8118ba2,0.991042316,d4_component_default_guard
1mlc:0001134:b2e97be1e702,b2e97be1e7022bebe13eb0604905c5a601ee71cd6a37074a80fb664adbea33ca,0.4747557044,d4_component_default_guard
1mlc:0001135:240a6be97b30,240a6be97b30716eff79d6571c46212beff122f874b8cae89fc803446d74b46b,0.7035830617,d4_component_default_guard
1mlc:0001136:bf6aa743d267,bf6aa743d2676d98c2eb390b1dd5ca70a486f370003e493714f6b0ba6ca9391b,0.5252442956,d4_component_default_guard
1mlc:0001137:64daaea008e0,64daaea008e072ed1eadc1f74e5a16e50f732fc650a3931860db5dac605a1483,0.1946254075,d4_component_default_guard
1mlc:0001138:a0b5600ab213,a0b5600ab2133faeb273bcb86fdb8e8485e07aeb3f3a68a07846dc7244701660,0.547231257,d4_component_default_guard
1mlc:0001139:cbdb126b7999,cbdb126b7999de7a53ef1ac2992a0192ee5f21ebc87d39f850fe1e5d870e1787,0.6840391159,d4_component_default_guard
1mlc:0001140:831466d0ae47,831466d0ae47336bd8ba682a3b59d4ebe9c79829f20f1b03d20133713f5dc150,0.1978827417,d4_component_default_guard
1mlc:0001141:cd7fc1c7b475,cd7fc1c7b475f59e233aa46643bc50f4052a3a972b48fd0f9eecf6550a8be8b4,0.6881107688,d4_component_default_guard
1mlc:0001142:bf0573adefe2,bf0573adefe27cee2221c5e67908d636d938ecc1fead5c8006972028766ac12a,0.5513029099,d4_component_default_guard
1mlc:0001143:5428ccc5b698,5428ccc5b698ff45d28de28c87cd37ddacc682fc7fc1a0d6bd432b85507695c5,0.5993485451,d4_component_default_guard
1mlc:0001144:bb0ead780bab,bb0ead780bababb2566908ba0b0040f82b0c2c8ec4daabec8c7bf4fc732232cf,0.4600977302,d4_component_default_guard
1mlc:0001145:9dc21c38b604,9dc21c38b6042cd4452cacd8341110af12fb61882468e46372dee540710ce2ad,0.758957684,d4_component_default_guard
1mlc:0001146:a3b621898772,a3b621898772e0fa269ecdd3bf1ae62c5d2f484e48da3d63f28b4035cf3d3e67,0.1547231227,d4_component_default_guard
1mlc:0001147:38a6e6cf0d8a,38a6e6cf0d8ab7a96d49e7caf71117b71e15bae87ae00a1d8d62bea79b4cba8c,0.1791530997,d4_component_default_guard
1mlc:0001148:5a2bcfe05177,5a2bcfe05177eb50382d5d23049bc272d2b77c1f2e8cff8af58f0a6fb0ccfd39,0.1832247525,d4_component_default_guard
1mlc:0001149:380916636c6e,380916636c6ee977a83d7f5fc6ed4d76a36dfce6efb3d1f8209b2984c9ff23fb,0.5781759024,d4_component_default_guard
1mlc:0001150:4ea6da0e0227,4ea6da0e0227b7def92105bf89f1eff857d142c8c7cb8786ddc14065850d120d,0.1587947905,d4_component_default_guard
1mlc:0001151:50f1a7bfebee,50f1a7bfebeec63d5b052d66720167eefd18e228303cc358f7714966f4b71495,0.9193810821,d4_component_default_guard
1mlc:0001152:c7446a212e52,c7446a212e522f86e6dfd9dcea410315e1597cc0bc92ffe3a1f60818b8e9d29c,0.2280130237,d4_component_default_guard
1mlc:0001153:23394f0711dc,23394f0711dcac0bfbc9e6fa98b0bb98ed301fd719bddae8052c6022da0ecd58,0.1815960854,d4_component_default_guard
1mlc:0001154:181331c98010,181331c98010c17ce6d5da33c97c3eccf2245ce4421b0ea829408009f9615302,0.9258957505,d4_component_default_guard
1mlc:0001155:09581eed1706,09581eed1706607e5fc8306deea851a32374ee66cd2c837d5dca50dec082be90,0.7532573342,d4_component_default_guard
1mlc:0001156:fd4d8eea4337,fd4d8eea43372d5c933a687032d6ca193a1f3e11cbc2bba285d17246c8c95149,0.2434853464,d4_component_default_guard
1mlc:0001157:47e0a8cc27d7,47e0a8cc27d7b5e295ddc7cf203c0d6db2878087f64704a1522fb32c5e56c1c7,0.941368103,d4_component_default_guard
1mlc:0001158:7833fba7c3fc,7833fba7c3fc92c5179ed71e9fdf93c2e9e7727bfb2e5ce1aaaf180ac2bc6949,0.9405537248,d4_component_default_guard
1mlc:0001159:1075838635f9,1075838635f9ced2f58b17eeb442edb7db1201cb6d5e134c7faf5295ed93ddaf,0.1848534197,d4_component_default_guard
1mlc:0001160:e51739465067,e5173946506717df2564ab8bd7d091d297ffaf3a26bda0ec2f2164d8004fd922,0.1376221478,d4_component_default_guard
1mlc:0001161:47155a749fe9,47155a749fe9c64f4ba9dd796175ffefbee8083e9ac5e40eb16aa90f33566756,0.5040716529,d4_component_default_guard
1mlc:0001162:67b35876d210,67b35876d210ae1a1d2a08af5ce9d2d65961f1289b792b402b07da124e6dc566,0.5244299769,d4_component_default_guard
1mlc:0001163:76fb01b71f8e,76fb01b71f8e05db760b69e8e85aa7ea580a31a79f5995ea42e5c945e82a159d,0.4812703729,d4_component_default_guard
1mlc:0001164:30fa9890fb98,30fa9890fb98ef5522c32a6f378621fce1fc8a3f424852956ee44dc3ec6e3990,0.5325732827,d4_component_default_guard
1mlc:0001165:73c80f4220bc,73c80f4220bc26a8a0dc7ae65d2eaa3f890dfde0c7c3c63d032f6488113bee4e,0.5154722929,d4_component_default_guard
1mlc:0001166:f63f67cb59df,f63f67cb59df9990c3b6bffddd355646cc9eb6ceecc0c749859f92cb88a7ab67,0.5439739227,d4_component_default_guard
1mlc:0001167:32d885d0ae21,32d885d0ae21da06e0a63384446029d945b9cbcfcb709b380aef9205e9c7c00e,0.1392508149,d4_component_default_guard
1mlc:0001168:aef3bcecb13e,aef3bcecb13e17dc974958e29a275a73eedd8902b194b166aa5bd0bbb790ad25,0.5521172881,d4_component_default_guard
1mlc:0001169:f92cd834e5b4,f92cd834e5b49683508b6d00e6bebd3ecf24d76e8d04c6bdbf08357e9ca806ea,0.5553746223,d4_component_default_guard
1mlc:0001170:be67426866de,be67426866def1a75f5169097f8c94a654cc96dd3d0bfe6f64173585567856d8,0.6319218278,d4_component_default_guard
1mlc:0001171:ee5b70d47e1a,ee5b70d47e1a2afa7a4d2b32faa03cede978cdc89adf0879e31471270edb4243,0.2687296271,d4_component_default_guard
1mlc:0001172:d1f486e1ff92,d1f486e1ff92e3ad64ad35727ff710f6c81a7edfc9ac7c4557ef42874b7b85a5,0.4332247674,d4_component_default_guard
1mlc:0001173:e543c5813d9f,e543c5813d9f0dc7f852d0f170f405c0bf701c190269cb4ad9a40149cb12cd02,0.8338761926,d4_component_default_guard
1mlc:0001174:cb9a7599a736,cb9a7599a736df5df369fd62058a2cc1537a34c1e8cb8b8cb11c324325c980bf,0.2100977153,d4_component_default_guard
1mlc:0001175:9379eb271ada,9379eb271ada615c619fafd69103b9de93db91cf7d8e455d281459d792026aeb,0.508957684,d4_component_default_guard
1mlc:0001176:5f440d3bb108,5f440d3bb10886ba095af3cc38cf423b664774675d5a4f549c305520f0675cb0,0.1213355064,d4_component_default_guard
1mlc:0001177:4bd22791a434,4bd22791a43418ddd7c1d7051421ab047d9b993e63c811f944183411e01d2677,0.1758957654,d4_component_default_guard
1mlc:0001178:0dcb07d11904,0dcb07d1190475e6c9c709b0eedd9e57c23bb9dd3b13d2f1e441c00aa3c925d0,0.6539087892,d4_component_default_guard
1mlc:0001179:f0afc64a9377,f0afc64a9377168b937ca9897665bc7fd21add019df4f6f9ced5d4872cb1bc8e,0.657980442,d4_component_default_guard
1mlc:0001180:d850510872bb,d850510872bb72531aaf7744767916a36a53fceed4b4546fb0019b0923226d9b,0.1579804569,d4_component_default_guard
1mlc:0001181:9b66a6e85ef7,9b66a6e85ef73388c3275a9753c0aebdfa78a18112f7dc18726c8117ea72c0cc,0.1115635186,d4_component_default_guard
1mlc:0001182:40f115aa5646,40f115aa56462459a7e4a98f7b3961ec6e11cd72217a5e2eafe71306cd3a8868,0.2899022698,d4_component_default_guard
1mlc:0001183:5725be617ad0,5725be617ad0a1910b7af41356c60abb5f9862faaef84f169f78046d2e4a4524,0.6946253777,d4_component_default_guard
1mlc:0001184:4a4eed3468c7,4a4eed3468c7b8861630a3b175e7703a13f922d7c2579b44b2fb2caefbfc076b,0.4340390861,d4_component_default_guard
1mlc:0001185:0467cb38182f,0467cb38182f0634e1d2da3c3fa60ee4ba49a6cb3011a19d16c61764c6721a07,0.4030944705,d4_component_default_guard
1mlc:0001186:20b1dd23feed,20b1dd23feed5a373ba1ba626a5858d8cdc3ead3ee90c7db8a5899de22d814b5,0.08224755526,d4_component_default_guard
1mlc:0001187:a6de9b75b117,a6de9b75b1179034c05e8a3773f8d6e60d9082b3b064e62a8921be8703b0be57,0.3819218278,d4_component_default_guard
1mlc:0001188:9a1c5daa0d67,9a1c5daa0d67f5ad7d52fa74606a2457c965b4ce22c1f033e5a90142a434011b,0.9902279973,d4_component_default_guard
1mlc:0001189:f1cded7743c6,f1cded7743c6839b663c18f6eb31bb61fceb52919d3ce9bbd907831b95c15028,0.5293159485,d4_component_default_guard
1mlc:0001190:595887e2858d,595887e2858d410a4279459b67ae1486576b565205abf1229e2f33d6408c2b3d,0.8127036095,d4_component_default_guard
1mlc:0001191:41aae829ddee,41aae829ddee5591d00d728b51502134c8729a9ee040c1a978104146eb03ef90,0.6612377763,d4_component_default_guard
1mlc:0001192:059dcf7f28b5,059dcf7f28b599d8e59aaaf08f031acabcd9a1caa4f9945b5f627e579a7894cb,0.2988599241,d4_component_default_guard
1mlc:0001193:4046860be40e,4046860be40e3ed471820dc1a383a241835ff7fcfff5eb19973a374df548f3a3,0.4576547146,d4_component_default_guard
1mlc:0001194:55a52b522ce3,55a52b522ce37f2af16416f9fd61da8e6b0be9a5822d93f15d15c27cf875d182,0.6547231078,d4_component_default_guard
1mlc:0001195:b4dcfd1427bf,b4dcfd1427bf0d4764620b676f755b4a72b6f5d6524b51d513c61df601d116de,0.3322475553,d4_component_default_guard
1mlc:0001196:c0dbaaf3b726,c0dbaaf3b7261e4ccaa2e87c4afd874ea3ec4e99eb8c307f0a55c21f7b8321ab,0.797231257,d4_component_default_guard
1mlc:0001197:9bfef9aeeef3,9bfef9aeeef39e92775b651c4dec94912c8fab904590303b2a5a700ae7380490,0.5952768922,d4_component_default_guard
1mlc:0001198:8754d8a1b0cd,8754d8a1b0cd4d5a52adb1de0efae268df60906fea96db273bd537e560e2a21f,0.4364820719,d4_component_default_guard
1mlc:0001199:ed29856638e0,ed29856638e057010f616bda11e847a1bfcc1f456612156a3a7d6621fb32cf3c,0.4348534346,d4_component_default_guard
1mlc:0001200:089187c9f325,089187c9f325e4e953658d5d3a0ff079d14e20e109ec6e92917747b7ce223d45,0.5757328868,d4_component_default_guard
1mlc:0001201:fb82ac71b465,fb82ac71b465f2ee9e222eeaa36fbf2def23cbc7f97e519d74da48660db2460b,0.1685667783,d4_component_default_guard
1mlc:0001202:c68fb175fe0c,c68fb175fe0ce049a2a0d0588396dacbaf06a0696831742289749dc8a86bf9f1,0.1172638461,d4_component_default_guard
1mlc:0001203:f8116c61003c,f8116c61003c7f2b7e5d957f1822fb9a7f85a0e9eacc36453af32f3519011b61,0.1327361614,d4_component_default_guard
1mlc:0001204:7f89c27932ed,7f89c27932ed7eb7a156c6851dfb8a1bb90107df74a9a8b85213a98cf468a594,0.317589581,d4_component_default_guard
1mlc:0001205:e8b2a08a1096,e8b2a08a1096d522f331a9e1a9fa16f8bbe59d651cd28fa6a2488599dfa67730,0.6563518047,d4_component_default_guard
1mlc:0001206:611fb7f56730,611fb7f56730d6769abdccb20d158196fe13aa88431eabda2ef8445e5d740ce5,0.4828990102,d4_component_default_guard
1mlc:0001207:6e353760873e,6e353760873ec51d71fd5f1295cb3a3493cb7a79293bd4cea673087e48ecd4b9,0.4511400759,d4_component_default_guard
1mlc:0001208:e86f2f4a93bc,e86f2f4a93bc946b45407c4deae012668e896cf6477504c2f23fd4c77b165635,0.2214983702,d4_component_default_guard
1mlc:0001209:7a3664bc0007,7a3664bc0007557ff64ac8d5b0180b371f3048a4c386adccc0f1fe6994a581b7,0.6205211878,d4_component_default_guard
1mlc:0001210:0f2475add978,0f2475add978419fbebdf98425e001a848a4cfcac3a1cd063ee6714747ba72e2,0.1864820868,d4_component_default_guard
1mlc:0001211:5c2df4b7e827,5c2df4b7e827e0e90bf411ec62898f668c45063426a3bc10e1f4d514bd9ffcca,0.8444625139,d4_component_default_guard
1mlc:0001212:3292ef79c255,3292ef79c25539a60c36ccbcc53bc43feae5e35c122b4e4e2c478d3f162c55fc,0.6197068691,d4_component_default_guard
1mlc:0001213:082eab68fcb0,082eab68fcb0588f32b4465ad5e67e8d280792c68b554ce72a749d1d00351438,0.171009779,d4_component_default_guard
1mlc:0001214:9197fe418e34,9197fe418e34a00b659dee7c1528d3c08cf754ebc5dd1af07b42db0e33d69806,0.6425081491,d4_component_default_guard
1mlc:0001215:979a00d5eba4,979a00d5eba4db91922b7580fd1ec7fd12345eaf3633e029cb487366303e068f,0.6408794522,d4_component_default_guard
1mlc:0001216:c0419ca82e8c,c0419ca82e8c7941da828a6e42f463dc97b4e67d99a52ccf38126aaf24364246,0.1099348515,d4_component_default_guard
1mlc:0001217:95e7256e467d,95e7256e467d10343beb34c31a0f05ee8e88d5fae536289ba5eaad74a89c26ea,0.1083061919,d4_component_default_guard
1mlc:0001218:675b9d8178d1,675b9d8178d1d092c9e26f440bc511c1bed4caeb1ff446136e074148d2df5ad7,0.2801302969,d4_component_default_guard
1mlc:0001219:be326d2645f6,be326d2645f695d219bc58d7d87db1a94818ccfba4b3319cf622a2228e989a8f,0.1229641661,d4_component_default_guard
1mlc:0001220:be04dfb16470,be04dfb16470642f9081b1cea2c7f6ed7fa0e00e4fb3f4cfa1a0aec0e91b25c7,0.4657980502,d4_component_default_guard
1mlc:0001221:f7bd01b0e203,f7bd01b0e203592ece598ab28af3f9349f9e851c3c9eb9d33228e33910cbbd87,0.4918566644,d4_component_default_guard
1mlc:0001222:1496c13dbe92,1496c13dbe924fd638e4a4ec8e9faa7c1f4a233b56a84eb6f7adc67cf1df73f2,0.3778501749,d4_component_default_guard
1mlc:0001223:d79efc94e96b,d79efc94e96bf686076ab638c12514b778424878d91891103636d4ee99b16a96,0.109120518,d4_component_default_guard
1mlc:0001224:3fc6b8178944,3fc6b81789440a31adfdf9f1d542c1f8df17dc91e994c571c763f2b4e0eaa50e,0.49429968,d4_component_default_guard
1mlc:0001225:b7d96758c8e9,b7d96758c8e943d71d8320dfc08890373a89281e421c4031a2c46dca762ceb43,0.1074918583,d4_component_default_guard
1mlc:0001226:532cb66d31ef,532cb66d31ef6f22ab22b78be4cc890ae742728fbe5fb16ec2bde0c1c416c431,0.5203583241,d4_component_default_guard
1mlc:0001227:e4c48537e4c5,e4c48537e4c5651f3c2274f2883d13c1a1cf45d1c5cba5bb25c494286ff7e66f,0.07736156136,d4_component_default_guard
1mlc:0001228:568f346e734a,568f346e734ab6ceeca2aa00cc3bed1ebef88160a7178d93cabce2dbe0882290,0.4934853315,d4_component_default_guard
