row_id,sequence_sha256,log-likelihood,d4_par1_if10_policy
1mlc_LC:0000000:8e3922de80b6,8e3922de80b665362412d12f61875d121cee44627408a5c2f438d32042ebcd70,0.7650933266,d4_component_default_guard
1mlc_LC:0000001:f7ad931bd0c0,f7ad931bd0c03bf2c17604c735ea1f160394fea1aee20ee26f52055a7ee4b4a9,0.3402853906,d4_component_default_guard
1mlc_LC:0000002:f174f9df4203,f174f9df4203d4f05c25051aa620a5c91f1e0604134809180d650a764b8a2983,0.6619099975,d4_component_default_guard
1mlc_LC:0000003:36859504ac51,36859504ac51409b38a0f0ffddc9fa89ce9a65b5b2f934fd61612b125e932570,0.1580680609,d4_component_default_guard
1mlc_LC:0000004:eab4af576c9a,eab4af576c9a7453120528a2912dd103145d05b2962d49b076e76fac8bf5856e,0.4138309658,d4_component_default_guard
1mlc_LC:0000005:45814eb5c6f6,45814eb5c6f6d36ae174fbd9c1755680151ce8d5209a2f254f0ec3b9f2b0ee70,0.2689352334,d4_component_default_guard
1mlc_LC:0000006:13371b144589,13371b14458969dc4fd4fb07fd128fe3c9176887e646220e9ef3ceeb52b681ea,0.1459934115,d4_component_default_guard
1mlc_LC:0000007:4a119c7545e2,4a119c7545e27cc69f523deab3c8448a7ae4c3ac3e7a4d09d20f4e3a0bac6125,0.9012074471,d4_component_default_guard
1mlc_LC:0000008:b969e604a3e0,b969e604a3e0457db4f415be4d22903732fcab2510c4d8cc75795d6368b068fa,0.1492864937,d4_component_default_guard
1mlc_LC:0000009:2526c07c9bd5,2526c07c9bd5bd497197b40bef9fdaff103d777c5bc4d2addd75ff693baa5e4a,0.257958293,d4_component_default_guard
1mlc_LC:0000010:15e0fd8a10e1,15e0fd8a10e1b499a1ec087c1087c3db05a9c33908d4509198b845130c94baca,0.5290889144,d4_component_default_guard
1mlc_LC:0000011:a10863f4d9a8,a10863f4d9a89337301348abd4c8b99c850824478db14f7e5bbbddb0cabf29f3,0.6201975942,d4_component_default_guard
1mlc_LC:0000012:93be59e90f89,93be59e90f899bf0105bb6461936b8d3751e00bc9cae04d1a2e319a9e82f1531,0.57958287,d4_component_default_guard
1mlc_LC:0000013:5bc93c34489b,5bc93c34489bdfbe6c50b126fb3f569682cec27b612ae39f732d26a68c203b0f,0.5378704667,d4_component_default_guard
1mlc_LC:0000014:227b10b41f5c,227b10b41f5cebbb88ea2b6c90a65225e39c7a2764650bf29bbf048bf0342c8a,0.09769484401,d4_component_default_guard
1mlc_LC:0000015:8d95de5a1de0,8d95de5a1de0dfdd7c5ad591b0e5ca9fd0530971a41964874ba5cdd3ea9e805a,0.02085620165,d4_component_default_guard
1mlc_LC:0000016:222f49d29f3a,222f49d29f3a1cfea591973d1b0bffd088643153d3891f19af4fe24a2952e492,0.8166849613,d4_component_default_guard
1mlc_LC:0000017:f139cf612e1e,f139cf612e1e87ce2eb8cbbff0871396697ff41ff59399168f5f99573560331b,0.4226125181,d4_component_default_guard
1mlc_LC:0000018:1dbe3ffeea57,1dbe3ffeea57412f4c97064a87f078df0e3332cc630574193479966a8fe91bad,0.7815587521,d4_component_default_guard
1mlc_LC:0000019:54dd9859707a,54dd9859707af52c90fdd86b00c3fe0afc75c834909e69172b4e302f3fc6658a,0.844127357,d4_component_default_guard
1mlc_LC:0000020:fbdbe70cdf6f,fbdbe70cdf6f3537ebdd520404117d2cd4559919cdf3592a94a3982aa2962d5e,0.5543358922,d4_component_default_guard
1mlc_LC:0000021:cce4d9a46cf4,cce4d9a46cf43a404aff9df8027a9737d7698b3986cf8ef930f863effbc7a3ee,0.6300768256,d4_component_default_guard
1mlc_LC:0000022:5e6c0953def1,5e6c0953def10990e1e2e790c313edaeb746e7492c1b819b36dac2192f0fcf4f,0.3852908909,d4_component_default_guard
1mlc_LC:0000023:4c9bc3f99f48,4c9bc3f99f4888fbb622fc653095ff31b09deffbb86424a3427a9a64905228d1,0.8364434838,d4_component_default_guard
1mlc_LC:0000024:1eb4f10fb53c,1eb4f10fb53c018fcd51915a1ad106909b0fa8020d78612d2688081969a717e0,0.6333699226,d4_component_default_guard
1mlc_LC:0000025:54588e85bcf6,54588e85bcf6abfb0936bbe2dfb84d8c1e63eed3e9a374d67770501149037884,0.7574094534,d4_component_default_guard
1mlc_LC:0000026:47d71c8a6bec,47d71c8a6bec2249afacf0dbd93207acc9d05bd3b9bc8bd4c72add4d43a8ac0f,0.5883644223,d4_component_default_guard
1mlc_LC:0000027:c4bed18b6054,c4bed18b6054fe988e3d6d06bda665b9c6bcdcfdfd36faf04d121624f66239f2,0.3633369803,d4_component_default_guard
1mlc_LC:0000028:6e6d06baadc2,6e6d06baadc22f9fb65d722c086c506d9a848fed97974e8644b51e86f3cb465d,0.963776052,d4_component_default_guard
1mlc_LC:0000029:d4808cb68821,d4808cb68821633d4de7263f9a27d43dffb716ff66d0c24146f90108f03b3f16,0.1306256801,d4_component_default_guard
1mlc_LC:0000030:5af9a4b8dd38,5af9a4b8dd3813651326b5ef8d279dff771c6705a56d0268f2cb385a147fff5e,0.9560921788,d4_component_default_guard
1mlc_LC:0000031:c72373ab2dcf,c72373ab2dcf7551f1bd42134520b494be39fc326de636e9ccd9175ec8fb9d50,0.9571899176,d4_component_default_guard
1mlc_LC:0000032:04cb7609b573,04cb7609b573c3e956dc6b571e64e4cc7baa7eb0e1e3e5a58d952bbb55467806,0.7310647368,d4_component_default_guard
1mlc_LC:0000033:a32951d3c6a9,a32951d3c6a9f37d06be939682b807fa84fda307d48867b510dbf241ba4827ad,0.9549944997,d4_component_default_guard
1mlc_LC:0000034:6834b068a181,6834b068a181296ae0f3378a3c6766d29f764d271b6b8532ade1c1e876399d2d,0.8221734166,d4_component_default_guard
1mlc_LC:0000035:f47275f61c01,f47275f61c01e50fca07b9b33af22e37c95d5770db5d2b954ad73744ce8fe1f0,0.4335894585,d4_component_default_guard
1mlc_LC:0000036:644aef558490,644aef558490b826021ba4366de5a2d3480d5ffb3323c6540f8e086a4ae6c95f,0.9692645669,d4_component_default_guard
1mlc_LC:0000037:72c57f09c8a5,72c57f09c8a55d030d64075d480776a4a76414075c2c591c91806818953c5b92,0.6608123183,d4_component_default_guard
1mlc_LC:0000038:b613c4a99b72,b613c4a99b728a491a51b308228bfb159c38b55ba63b685c53a75d1f01e419bb,0.4785949588,d4_component_default_guard
1mlc_LC:0000039:130c08ea149f,130c08ea149fa45b76da64693ecee579014ac56741ff10cfea45547d08093827,0.2283205241,d4_component_default_guard
1mlc_LC:0000040:2a3c19ba3a55,2a3c19ba3a55f26caf74a3b3096415d23f7cf6480600fddd4dfab27ff9a96890,0.2162458897,d4_component_default_guard
1mlc_LC:0000041:f0eda41e9d0e,f0eda41e9d0e02dee243026ffb6b928daa4955f3abaf2ba6dfed55b2e55dab26,0.7892425656,d4_component_default_guard
1mlc_LC:0000042:3a66f1b8d8ab,3a66f1b8d8ab599f083d6b24202d019d2ad4b90492f68716414ec1e0c2b643e2,0.6267837286,d4_component_default_guard
1mlc_LC:0000043:8d95de5a1de0,8d95de5a1de0dfdd7c5ad591b0e5ca9fd0530971a41964874ba5cdd3ea9e805a,0.02085620165,d4_component_default_guard
1mlc_LC:0000044:36e2e94440fe,36e2e94440fee63c25c678264428970969d72cf491be62160238c2e219bc0487,0.3721185625,d4_component_default_guard
1mlc_LC:0000045:1060622bfd2c,1060622bfd2ccbc09230c567ca579a03f9bb8aa9c0bdc4cf3d68d0673a91d659,0.5082327127,d4_component_default_guard
1mlc_LC:0000046:6837c5bb9406,6837c5bb9406a0454e1eb66cc77b8da63fb950459866ed5842237ddc91a1f78b,0.192096591,d4_component_default_guard
1mlc_LC:0000047:8d95de5a1de0,8d95de5a1de0dfdd7c5ad591b0e5ca9fd0530971a41964874ba5cdd3ea9e805a,0.02085620165,d4_component_default_guard
1mlc_LC:0000048:71d08d23f699,71d08d23f6998aac39f66a550a2be13f5d7b840abb49a8fc13c409369e89490c,0.8583973646,d4_component_default_guard
1mlc_LC:0000049:95dffab52c24,95dffab52c2422708f94f8bac82544d058058a4d36bbf21dfba070ac1be193a5,0.1394072473,d4_component_default_guard
1mlc_LC:0000050:a7b5c5ffbf80,a7b5c5ffbf803fcf6c8b8d3004f1f32b307f004cd2b3c914b045c0839921f0e9,0.2140504867,d4_component_default_guard
1mlc_LC:0000051:9134458c2eac,9134458c2eac8605680160694c934cb337d19a5eb09a232dbe84395ffc99609a,0.2557629049,d4_component_default_guard
1mlc_LC:0000052:a628436be585,a628436be585d7edc925c8bf287b754609a4471b3fc3b4434d3b990e7a87f993,0.1416026354,d4_component_default_guard
1mlc_LC:0000053:c0c1a739feee,c0c1a739feee02c5c4718a44334e6578b3c52a436eee97ca127ef9b84968d044,0.7870472074,d4_component_default_guard
1mlc_LC:0000054:afe6b6dfebe1,afe6b6dfebe19b6e19c58b034dbcde3ab33dd6327814d36fcc348e78d7195d29,0.1361141652,d4_component_default_guard
1mlc_LC:0000055:4d6ad24db0f2,4d6ad24db0f232f0aaf17bd6fd4967671b2cd1a3fb77d49e67675182a2613877,0.2469813377,d4_component_default_guard
1mlc_LC:0000056:40dd45f7646e,40dd45f7646ebee3886d5bbf24fb7600bc6ba953bb6b9a91d1f57d8ef8be712e,0.8287596107,d4_component_default_guard
1mlc_LC:0000057:6343f97123a5,6343f97123a527c57c35a16ab67b5805a010dd40714edc6474d364ab1aaff688,0.2414928675,d4_component_default_guard
1mlc_LC:0000058:04ce46a88200,04ce46a8820093283fa69da09d53fd98abb26064bce56430a84d3666c4040714,0.8419319391,d4_component_default_guard
1mlc_LC:0000059:7dbf1e4d0cad,7dbf1e4d0cad03f37b7feb063d7685e01593fb0ed5cf08c8b857bc9562fa2c58,0.3238199651,d4_component_default_guard
1mlc_LC:0000060:14b5ae06ef39,14b5ae06ef395253b870c15067cd474f8b31cce7307307d8016864c6cf2a81d7,0.06037321687,d4_component_default_guard
1mlc_LC:0000061:cf150999492e,cf150999492eb5c516ce0cbee05a101073ec09a5cabef5aa37f93a035aa2418e,0.1042810082,d4_component_default_guard
1mlc_LC:0000062:66e0401a0da8,66e0401a0da83c54c09d318e58963bf09a0c3597b062d544c830691f02543e74,0.5312843323,d4_component_default_guard
1mlc_LC:0000063:30471eeccb21,30471eeccb21fc7491d6e5bcd43d590da838553d7186ec345ee182de6912093a,0.2085620165,d4_component_default_guard
1mlc_LC:0000064:a9705ca26bdf,a9705ca26bdf3bebe0748088d3bf181881b6f5e408092694249ed70d2cf0cea9,0.7453348041,d4_component_default_guard
1mlc_LC:0000065:55aadcc148c1,55aadcc148c16737797abd52463368b229e4451ba393d77e86ee56488b24b56e,0.3567508161,d4_component_default_guard
1mlc_LC:0000066:fe3a93aa10b4,fe3a93aa10b464192181a301aba33d6f49b318dca02dc36afc82612bed42b757,0.837541163,d4_component_default_guard
1mlc_LC:0000067:979dcf20ec2b,979dcf20ec2bd010465f10fe326cc5dcbb89183674191cfffcbd2262770ee208,0.2447859496,d4_component_default_guard
1mlc_LC:0000068:e85047100377,e85047100377a1b29afd5ba8152c9350e001c8cbf20f040202874449ce9c1b79,0.2349067032,d4_component_default_guard
1mlc_LC:0000069:7f88d81a90f1,7f88d81a90f1fbae2fbb612d84c59e4b2c9db3a623ef79679cc47af88b94b015,0.3809001148,d4_component_default_guard
1mlc_LC:0000070:f2cfa5e6947b,f2cfa5e6947b191739c1b1280849c49eaa1be1f8282d371660f2fefe5227de6c,0.2656421661,d4_component_default_guard
1mlc_LC:0000071:43926a187587,43926a187587d71a49c3c742aeae40833909c413ca1a06dc78f15f1519eca98b,0.7508232594,d4_component_default_guard
1mlc_LC:0000072:945a82d15215,945a82d152151de127263228badb3b57c32db229de493397e6d66356768e2998,0.6948408484,d4_component_default_guard
1mlc_LC:0000073:9b385e3491e8,9b385e3491e8d36d167d18a5e2663258a102f4d85218a0664ab357f7c0095082,0.2030735463,d4_component_default_guard
1mlc_LC:0000074:6dee0d9d4a4a,6dee0d9d4a4a854413f140b376f645b8ba3bb27fcc508d725937a738e0322c8b,0.9747530222,d4_component_default_guard
1mlc_LC:0000075:3c16e4b89c23,3c16e4b89c23255b79b65e02eb7002950516a5639b8eace887bbd8b994b57667,0.1448957175,d4_component_default_guard
1mlc_LC:0000076:15af7d787207,15af7d787207672d6a68120f07338ac51509043b10776ac06688afeb30430333,0.9780461192,d4_component_default_guard
1mlc_LC:0000077:6eb28fb06ee6,6eb28fb06ee68afa03aa1cdae4228b02f2cf625348d45dc3311a7d1f8100e61c,0.7475301623,d4_component_default_guard
1mlc_LC:0000078:dd67790a1f5d,dd67790a1f5debc6bd7e87868f94b1a8bed2d36ce4765457308509903872449c,0.9758507013,d4_component_default_guard
1mlc_LC:0000079:4ad378fe46d7,4ad378fe46d7b5c40b73efee6ca095ae6c3ea0d79c0a13a5d5ffc277b2e8a95c,0.3743139505,d4_component_default_guard
1mlc_LC:0000080:fcdb7a69302b,fcdb7a69302bc3c1f64f18b31769bb18cf371d39a9d8a21099e575034e7d5f8f,0.2919868231,d4_component_default_guard
1mlc_LC:0000081:b3899ca2596c,b3899ca2596cc9c1f6d65873b24ec6dadcc076d0d0d62f7ae008b4b0b1647536,0.9791437984,d4_component_default_guard
1mlc_LC:0000082:95dea77d5d5c,95dea77d5d5cb211105543d2cbb877d550f5c60ebcef39e800dfdbe7756bfdce,0.8474203944,d4_component_default_guard
1mlc_LC:0000083:b869521dd364,b869521dd36465e2688a24e4b16447dc2c33cd07f15bd447adccf59ab4759de5,0.3336992264,d4_component_default_guard
1mlc_LC:0000084:b08e3d032ee7,b08e3d032ee7306e23914dcb4b2106fe4ac89422705a7b30052c496c535386fb,0.2436882555,d4_component_default_guard
1mlc_LC:0000085:fc56998b0829,fc56998b08294a81c5fb3329e2297b4aabbad65784230ce5a7e9f3e067251743,0.226125136,d4_component_default_guard
1mlc_LC:0000086:ea128f7ff51e,ea128f7ff51eb1a7d1f7eb5021f2c7e01fbbb2b6139ee1dabbd8de8367a0e49d,0.1778265685,d4_component_default_guard
1mlc_LC:0000087:5ab154f12eec,5ab154f12eecccded78be8d2bffb2e6cdbc2df3582050c5a7d9f2da63dc22337,0.8188803792,d4_component_default_guard
1mlc_LC:0000088:7132833dd879,7132833dd879bad8e9f293e2898381e69999dac822a98fc753b139933e5243f9,0.1086717919,d4_component_default_guard
1mlc_LC:0000089:39692bd1da20,39692bd1da20c1ef1b24d0e21de84ec18b9a5190181cfbeb6f6393fe8152a6fa,0.2118550986,d4_component_default_guard
1mlc_LC:0000090:ab966e69b692,ab966e69b692bb0067fc15e6b81bf6f275c0f8e45ec0c438a44b4c0a9157ec26,0.6355653405,d4_component_default_guard
1mlc_LC:0000091:9309a55a7904,9309a55a790454c89da4392848a3b0b002bf17a5f84b67ef732f66d0952f8049,0.09001097828,d4_component_default_guard
1mlc_LC:0000092:4a440a16533c,4a440a16533c92a659602514792618c7e5bf705610a7e782a2533b5dd3003b0c,0.193194285,d4_component_default_guard
1mlc_LC:0000093:35859678ee82,35859678ee82df0de57e56a6f0e375c6f4a5edbffde5c534a38dfb06026c9cc2,0.2908891439,d4_component_default_guard
1mlc_LC:0000094:e78a59b2ec6f,e78a59b2ec6fbe069d55380d1f11b8be09c038c40705c2c25de250a1ca8fed6a,0.1712403893,d4_component_default_guard
1mlc_LC:0000095:3bccb92a3a7d,3bccb92a3a7d28cf445fe93fab4142e21080b377471c84ab2f437fd8342d7696,0.3765093386,d4_component_default_guard
1mlc_LC:0000096:f543fb4d1201,f543fb4d120129f0c737d74b3d53d3c87cadb5471556cac078b90ca370b95fdc,0.5565313101,d4_component_default_guard
1mlc_LC:0000097:221f8938542f,221f8938542f29590b0c359223164ff979956b5add776ae010d7d4d910cd1185,0.1679473072,d4_component_default_guard
1mlc_LC:0000098:001dd2e5c7b5,001dd2e5c7b5877a147c4b7a5c6a9975104db10038c14320ad780cdcc1fe341c,0.8968166709,d4_component_default_guard
1mlc_LC:0000099:0a6ab06df26b,0a6ab06df26b456d7a6718bcefa33b94a47be7683716593060654f3de384f59f,0.1734357774,d4_component_default_guard
1mlc_LC:0000100:5cbe714aef68,5cbe714aef688f93cfec0814dba89a1f6d26d6815496dde3a877232f9d959822,0.5927551985,d4_component_default_guard
1mlc_LC:0000101:8c4f32e71379,8c4f32e7137927ef8ca6ab480f5fd0f045744333247665277ad7c37f65f11a73,0.4599341452,d4_component_default_guard
1mlc_LC:0000102:b191b735f486,b191b735f486a03173fe7662f5b6d42f6bbfc9a7447b474194db394a30b25e39,0.5126234889,d4_component_default_guard
1mlc_LC:0000103:ce72f69d57ae,ce72f69d57ae81cef9705b95babee9dbf3dd6c2ca3b39f858eca6d11e306c24c,0.4840834141,d4_component_default_guard
1mlc_LC:0000104:413e160f0e64,413e160f0e641cfdad211ceecca2b350a406e0d49bf85b93e97916f59755f7db,0.4544456601,d4_component_default_guard
1mlc_LC:0000105:231553d093da,231553d093dafe963175342bbe2fb68fa637918e98753f33c10f9a09774f9e02,0.06586168706,d4_component_default_guard
1mlc_LC:0000106:5c2cfe458395,5c2cfe4583958e06c263415a293cc2d258c0604abe6f135db592775178823de8,0.08671788871,d4_component_default_guard
1mlc_LC:0000107:5f3e33961ec4,5f3e33961ec49b6a5c241f67b27d2f39cd57d206365647e219d4750222a0ea3c,0.5982437134,d4_component_default_guard
1mlc_LC:0000108:d554632812fe,d554632812fe4fcf8a250abc0587e26a87962249266e6d3e498a7aa80f957614,0.3732162416,d4_component_default_guard
1mlc_LC:0000109:3afe406f9fa5,3afe406f9fa5c56e31cee3c031f1556b5d52b9691aafb28bf6b266d033b18d1c,0.9143797755,d4_component_default_guard
1mlc_LC:0000110:c7dd0c533154,c7dd0c53315400aab10a524ee95022208d434c171164879e6ac6c3a99a500e78,0.5609220862,d4_component_default_guard
1mlc_LC:0000111:7b5648514299,7b564851429916c2e1632ad64e4e29f6120fc6605c8653a9c11b37a955d07176,0.4588364363,d4_component_default_guard
1mlc_LC:0000112:a1dde547c6fd,a1dde547c6fdf17b33c383a18e8863bf3ee9e5c84b6ce4ed9c1a1c1783ed4e38,0.5214050412,d4_component_default_guard
1mlc_LC:0000113:bc75ee126760,bc75ee12676076bad3ade480e8e5ecda9c7660a2518b41f08c1c1226f70aead4,0.4017563164,d4_component_default_guard
1mlc_LC:0000114:55df7c16fecd,55df7c16fecdc94dad2b2ef22c5563615c5dbb16deb38f8dffc80c057810eca2,0.5905598402,d4_component_default_guard
1mlc_LC:0000115:fb6fa8f6bc3e,fb6fa8f6bc3e2353d380693f738c45cc4b97b0807fec93c428b0f8b7bdeea243,0.4654226005,d4_component_default_guard
1mlc_LC:0000116:d67473974601,d6747397460146ef3c67b213fbcdb666068da72961f2131190bfd3bb4e87c512,0.9110867381,d4_component_default_guard
1mlc_LC:0000117:e378b9067695,e378b9067695dd08b4bbf34355e10b10e027339f3fa255ea8f1fb41600bdd38a,0.7486279011,d4_component_default_guard
1mlc_LC:0000118:c419229f2263,c419229f2263d8eef8bfdf3e5c400b5ed379e8f5cbf3a9151aa9abd49c6730dd,0.390779376,d4_component_default_guard
1mlc_LC:0000119:6c978d11f5a5,6c978d11f5a5fee7b9bcfde6fc3ae56b59af55bed0cbce8946625236991b2033,0.8616904616,d4_component_default_guard
1mlc_LC:0000120:f9fb7c90b086,f9fb7c90b086d4f82b2e18203e7924bdfe29db9c4ec2aa3bb00b9b92a29dbe21,0.1690450013,d4_component_default_guard
1mlc_LC:0000121:db3dcd975f80,db3dcd975f80c50307fc85e25318a1291b685c43d6b6e609d61966ee74484228,0.8551042676,d4_component_default_guard
1mlc_LC:0000122:a3fa7e055b05,a3fa7e055b05f09e67fb42070a170aae43c01eef76947db90179519f0647e189,0.8594950438,d4_component_default_guard
1mlc_LC:0000123:82fede605b5f,82fede605b5f4a82bda3f1963795416990fb14b47b61db6cf1a0d8a3396dbca6,0.9034028649,d4_component_default_guard
1mlc_LC:0000124:da097431250d,da097431250dae1c61c003987137515c9749d24da9342e3eabb1823ba581a4c3,0.8540065885,d4_component_default_guard
1mlc_LC:0000125:d13bc4c5a2a3,d13bc4c5a2a3d0fc56357568d70923a57726622481e2c371c04079633b435dd5,0.5444566607,d4_component_default_guard
1mlc_LC:0000126:8d95de5a1de0,8d95de5a1de0dfdd7c5ad591b0e5ca9fd0530971a41964874ba5cdd3ea9e805a,0.02085620165,d4_component_default_guard
1mlc_LC:0000127:835992002903,835992002903ad5b9fb02effd2947fd3ad7ff788f36e5d5fb800668a64e0408b,0.8562019467,d4_component_default_guard
1mlc_LC:0000128:64c31b86cfe5,64c31b86cfe596bfb66571d6de3371b5d9c89452ac2c33f5611f07bb49555d90,0.3007683754,d4_component_default_guard
1mlc_LC:0000129:c90588d906e0,c90588d906e0171ccce55564a7976e5191f7698a29ec68846ec66c3177bb5cfd,0.4742041826,d4_component_default_guard
1mlc_LC:0000130:c7f44607904d,c7f44607904d93c96d111e8a6f318163985ebb70a2361ff751913218c8b753d6,0.4774972498,d4_component_default_guard
1mlc_LC:0000131:5bb427b28cd5,5bb427b28cd5288935b3c1ea387d981c450778605e4d6f6f60de39526f3e4557,0.4632272124,d4_component_default_guard
1mlc_LC:0000132:e3df4ada9e5c,e3df4ada9e5c124d170533d31b3bc437dc00f8e421464b0e2b0d105b2aec61f8,0.08891328424,d4_component_default_guard
1mlc_LC:0000133:5279b0039e52,5279b0039e52259617c6aed930692ddc0cd831e748075e0d99898ae636cb6c7e,0.2744237185,d4_component_default_guard
1mlc_LC:0000134:458d660a48d4,458d660a48d4ab83fe2f4689e7936e244272bcb73d488d311f9e5d9cba3c4796,0.1064763963,d4_component_default_guard
1mlc_LC:0000135:21fd7ff0249e,21fd7ff0249e8984159483b5ce78b542ce5b663f6a6563ca64f83041cf30070e,0.4160263538,d4_component_default_guard
1mlc_LC:0000136:ea83d79a6085,ea83d79a6085f2b6085c7734f6096c71cd672e661f302313b0c6edcb97610f41,0.3347969353,d4_component_default_guard
1mlc_LC:0000137:a62973a79800,a62973a79800e9308208bbab568fc4f3fca99a7bfba281eab544a4ac50737463,0.5049396157,d4_component_default_guard
1mlc_LC:0000138:771b3be2bcf5,771b3be2bcf5ea20ed236769dd7db60a09f497369fb5e75acfc4a483846cea11,0.1514818817,d4_component_default_guard
1mlc_LC:0000139:69b0d3498b85,69b0d3498b85f60f137093b3ed1b888a230e3af030c9b80185333e6336dbb480,0.7563117743,d4_component_default_guard
1mlc_LC:0000140:f4b18b409d57,f4b18b409d571a3371a606274456c9ddf460777d4a596b70349d3ba3353b87a3,0.2513721287,d4_component_default_guard
1mlc_LC:0000141:52556e0670de,52556e0670defe74b6648418521cb8bf66392e1c226c013fa9f3695c066d0ef0,0.2535675168,d4_component_default_guard
1mlc_LC:0000142:12b293c398bf,12b293c398bf3a8f021e8770fb80baff3f9d1d115177ce6631ec5376b1d87d81,0.4511525929,d4_component_default_guard
1mlc_LC:0000143:cdecd443371b,cdecd443371b7d950f9592602c2d799fa06dc56c590b400e1d87227e9dc40d93,0.8309549689,d4_component_default_guard
1mlc_LC:0000144:d994595bbbad,d994595bbbad65e05df89fd07258bff995717255610b646051981c2843a4160f,0.2272228301,d4_component_default_guard
1mlc_LC:0000145:d52b4362d0c1,d52b4362d0c12d3adb494ca3fe134fc0c5d8e3b95a9e3f28eacff6d96eb9cb78,0.4434687197,d4_component_default_guard
1mlc_LC:0000146:833d763cd11e,833d763cd11e1b93cf77fc1a8c3444db0ee70bb13fdbf0f1e7a4d0a956af273b,0.6717892289,d4_component_default_guard
1mlc_LC:0000147:1190af2ca4c4,1190af2ca4c4839f28ec591508daa6953b669adebd096a4463c02fe4a155d94f,0.4753018618,d4_component_default_guard
1mlc_LC:0000148:19ed12858abf,19ed12858abf795f45771563f0a0de1031b7e3c8db7534b299af6aff1e8fac8c,0.6739846468,d4_component_default_guard
1mlc_LC:0000149:21eb3f90c59e,21eb3f90c59eea0facde807211154cf382c80011705613a3de7c356e09344434,0.3249176741,d4_component_default_guard
1mlc_LC:0000150:c378ad6c2ebb,c378ad6c2ebbf69a7372910641eece6893f13c22fbb107b9d9457d3418d7b511,0.05378704891,d4_component_default_guard
1mlc_LC:0000151:0370fbd1e305,0370fbd1e305e4951c836ba90d31e6cc6a931e544198a978eed18e598b86043c,0.2041712403,d4_component_default_guard
1mlc_LC:0000152:e8fb34c0f78c,e8fb34c0f78c22bbca19c7da9c9f0f902b17783547d615ee43167f34b7fab1c7,0.6695938706,d4_component_default_guard
1mlc_LC:0000153:ecfab7295a2e,ecfab7295a2e5f4ffc7cf1a6a0cf33e7f3d7868fea1c9405b6729ac52a77d866,0.2425905615,d4_component_default_guard
1mlc_LC:0000154:a1f39933ebe2,a1f39933ebe2e6c5a50249d12f6755d004c82fa96cfae457a3923d6947c0c892,0.8024149537,d4_component_default_guard
1mlc_LC:0000155:8d95de5a1de0,8d95de5a1de0dfdd7c5ad591b0e5ca9fd0530971a41964874ba5cdd3ea9e805a,0.02085620165,d4_component_default_guard
1mlc_LC:0000156:6a66976e7d12,6a66976e7d127f9cb2eb14018345e179ede3a2f9f078ed1046a87f4a2b68624b,0.6630076766,d4_component_default_guard
1mlc_LC:0000157:bb44def02ab9,bb44def02ab9e76172b239b1e7f3ea2227b2570c4ab3b17476b3ed9625e5444f,0.485181123,d4_component_default_guard
1mlc_LC:0000158:104b4a45c03d,104b4a45c03d5ff7bd04b4ad56564bbd051ad616adac3a5821380dfaf051a827,0.2294182181,d4_component_default_guard
1mlc_LC:0000159:8d95de5a1de0,8d95de5a1de0dfdd7c5ad591b0e5ca9fd0530971a41964874ba5cdd3ea9e805a,0.02085620165,d4_component_default_guard
1mlc_LC:0000160:90b26f2e0574,90b26f2e0574fbf8274e7f3b3aa98e4b48d285a00959a05f4f0107a135353a62,0.5027442575,d4_component_default_guard
1mlc_LC:0000161:5ff18436b574,5ff18436b57406bcb0e9af25265df80e8abe808c743b827f58743de711158a4a,0.7694841027,d4_component_default_guard
1mlc_LC:0000162:060607800988,06060780098827a51e3760468472c01210183d0c76817e93e90caeb9f0e27fe0,0.453347981,d4_component_default_guard
1mlc_LC:0000163:a68d77e2072a,a68d77e2072a6e471412c7948c1c53ef68d017dd8392e66f9f646857e4276041,0.2316136062,d4_component_default_guard
1mlc_LC:0000164:fa50a24f13d8,fa50a24f13d83cccfb7d2fea6c43c79c58637b272cd0e7ed7ac8dae79e4b8441,0.9363337159,d4_component_default_guard
1mlc_LC:0000165:8280e2789ee3,8280e2789ee3b76198768bc1ab4b4f77e32b3e20f5a276d054db098b5891f5f7,0.2700329423,d4_component_default_guard
1mlc_LC:0000166:93248604c65d,93248604c65de9361e804a9f2b4f4c1a2ef5251f16d36338447a35bb76af4c93,0.9418221712,d4_component_default_guard
1mlc_LC:0000167:28a2486c3144,28a2486c31449218a7fdbad13d13ed8938d875c878cfb9a8cafd293277379978,0.7442371249,d4_component_default_guard
1mlc_LC:0000168:c9f9bdfc0580,c9f9bdfc0580b3ef8d5971605f2428ae028fa293ffe47efa63ea97b8b050309e,0.9297475219,d4_component_default_guard
1mlc_LC:0000169:8d95de5a1de0,8d95de5a1de0dfdd7c5ad591b0e5ca9fd0530971a41964874ba5cdd3ea9e805a,0.02085620165,d4_component_default_guard
1mlc_LC:0000170:a146cc3f512a,a146cc3f512a455eb8eab005f8378036789afcf6f966a33ba1f2e4081cdea3ef,0.3666300774,d4_component_default_guard
1mlc_LC:0000171:3aec641c2ebc,3aec641c2ebcb11bb0a6ab0eead53fc94bbf42ac7679554a00b353bc156b6bff,0.9429198503,d4_component_default_guard
1mlc_LC:0000172:8726e2acb7f3,8726e2acb7f3fdd68086aac01b4c436e79a3d106f2da74309262818cc5c8ac0a,0.7299670577,d4_component_default_guard
1mlc_LC:0000173:e452953cb99d,e452953cb99dd1120d320b9053a2021c71e1ab09d63b2ef50018aeaec9353139,0.2952799201,d4_component_default_guard
1mlc_LC:0000174:822aa73f1971,822aa73f1971eb581ea7c49b9e61fcffc42fb7a65e5e04afcc8774da1f95663b,0.4215148091,d4_component_default_guard
1mlc_LC:0000175:89e3b961d409,89e3b961d409f6623c83a4438656d252baa2eae345855d6fa20670685ad24b9d,0.3863885701,d4_component_default_guard
1mlc_LC:0000176:54acaccb050d,54acaccb050d67b8e5c7cc756055ee458d1152932cba4ef50da8d38ea71b895d,0.4610318244,d4_component_default_guard
1mlc_LC:0000177:4e3ba75ce313,4e3ba75ce313c7a5e1d5ec44a1cd30f263565d63a81468ce9b8bf49a61c4d294,0.7277716994,d4_component_default_guard
1mlc_LC:0000178:6f8bea7a0612,6f8bea7a0612335ef6c722925c018ab90dd18818e93217a8267ef8fcf01acc6a,0.2228320539,d4_component_default_guard
1mlc_LC:0000179:3bd1c4403eb9,3bd1c4403eb9b500cb3c2f1ce3b7a6a62722d9ab5c5dcf114549bc9f73f77dc3,0.2338089943,d4_component_default_guard
1mlc_LC:0000180:48a2200fb7a0,48a2200fb7a0cac34c15ea6c65ab19ac153953ad8d1196231f25ba52f96f742b,0.3413830996,d4_component_default_guard
1mlc_LC:0000181:af3723f12d4d,af3723f12d4d94d42e014e1db6f8068557b93b7342ae67be40934648ab8b00ba,0.1811196506,d4_component_default_guard
1mlc_LC:0000182:7bf6cf7ae79b,7bf6cf7ae79b4abab244b55b5b46f31c2dbbccb34281e527307197754f6b633b,0.2173435837,d4_component_default_guard
1mlc_LC:0000183:ef2d7e5e5072,ef2d7e5e5072f850bc8d4517aee63990af594298a4fc0959193f6d35fdc0e969,0.3293084502,d4_component_default_guard
1mlc_LC:0000184:659b10a6eda6,659b10a6eda624339a4d148d02ba69475966d6e5db6b742e7db1a65ff46eeeb9,0.1405049413,d4_component_default_guard
1mlc_LC:0000185:9186c3351aa0,9186c3351aa0935fd5f2660757b95e33110367c30b7c510043c12a2c49de5c2d,0.4676179886,d4_component_default_guard
1mlc_LC:0000186:7e594e3080c2,7e594e3080c2774b4c9d3e0513a918fec4fb9e59918a7a328b14b55fa6af84cc,0.1009879261,d4_component_default_guard
1mlc_LC:0000187:0a370431c7c3,0a370431c7c32fa2ece640d809dd42f2e57a1c8ce64e9202b0ed7375dbb06276,0.1470911056,d4_component_default_guard
1mlc_LC:0000188:fb8e92b5d9c9,fb8e92b5d9c91f606fa5717cfb959aea14acfd93b63d63818aff78b8fb7ef4e4,0.4182217419,d4_component_default_guard
1mlc_LC:0000189:6ef57ed7049d,6ef57ed7049db374c1da47f10218c4c0877d5d5c4cb10bf854446bed60f1abe9,0.1536772847,d4_component_default_guard
1mlc_LC:0000190:111ef5c69709,111ef5c697095ebc2678e268e9771fb89fb42c309a045c448194c66fe40edd0e,0.1108671799,d4_component_default_guard
1mlc_LC:0000191:24ea6c15611a,24ea6c15611a4a7747f2aa29ac924485b418d1c63692c8564bce5aedb3a11deb,0.6663007736,d4_component_default_guard
1mlc_LC:0000192:d2af23aee6be,d2af23aee6be486efb694e712a1de8a719b1e748e5ddfcea9043d4b26b48b70b,0.2360043973,d4_component_default_guard
1mlc_LC:0000193:30f24d62373b,30f24d62373b0e6d9a1113b50c4cf3811e7ad7acb1acbbcf5c7bade590ced7b2,0.6684961319,d4_component_default_guard
1mlc_LC:0000194:b58815050c5c,b58815050c5c6630a6b17aee7d60c4e11176a461f2b615f7a9f5b164fa93c817,0.2217343599,d4_component_default_guard
1mlc_LC:0000195:730c21d6fcca,730c21d6fccab3c02f6c17ab5b5ed24864baa6c351a403718fe6a9217a7229bb,0.06147091091,d4_component_default_guard
1mlc_LC:0000196:41397699a2c1,41397699a2c13d6568bd3edfc6e10d4efa560912d5cc473d826a549bcd538dfe,0.1635565311,d4_component_default_guard
1mlc_LC:0000197:8d95de5a1de0,8d95de5a1de0dfdd7c5ad591b0e5ca9fd0530971a41964874ba5cdd3ea9e805a,0.02085620165,d4_component_default_guard
1mlc_LC:0000198:ed2f9ea8c584,ed2f9ea8c5840163549c37ebbaee5e06101d5eb1cabf8146e2010127c97f35b8,0.388583988,d4_component_default_guard
1mlc_LC:0000199:33b75669fcec,33b75669fcec50de7f5219f22f0132d71b408f50708111176e5ad21bb27bddc1,0.6180021763,d4_component_default_guard
1mlc_LC:0000200:3df3e8feb7d4,3df3e8feb7d4158d35b9932756d6c2ac8dd2501f89e161b44fa6d23baf8b726a,0.6245883703,d4_component_default_guard
1mlc_LC:0000201:9fcd86603d73,9fcd86603d733a3714dff47534c39d9ce9919058b7e536b608e8a9ba21d9a2c4,0.6564215422,d4_component_default_guard
1mlc_LC:0000202:2a30bc50f6af,2a30bc50f6aff4d2545ec20efdb6b9ba299c256c9d1bf02ca39def87c1faca5d,0.1986827701,d4_component_default_guard
1mlc_LC:0000203:66df6beae2c7,66df6beae2c7e5a4e4808df6906d5f6d8d2b76890bf7f1a1a25e11b059cfd31b,0.4324917793,d4_component_default_guard
1mlc_LC:0000204:391d78f74a5d,391d78f74a5dbc4218c501cd941c1c6f376917fde2699d3893dd6ad4786d6c53,0.6575192213,d4_component_default_guard
1mlc_LC:0000205:5cdbdc9f1432,5cdbdc9f143277cc1df925f53ecc767c371c0512c039f9c2c4b5aa56b0d42d8a,0.1975850761,d4_component_default_guard
1mlc_LC:0000206:628de3bb6a8d,628de3bb6a8dbe30cd9bbb98507fa987bb34ac412de11da04b49b7064358b168,0.612513721,d4_component_default_guard
1mlc_LC:0000207:f054353896c7,f054353896c7fce2e3b76a7bef8b169f57a69ca1a8eb7436fb30c9a36f220947,0.7025247216,d4_component_default_guard
1mlc_LC:0000208:bb3e5dcc3bcd,bb3e5dcc3bcd4b0dd941407cc45524614ceaaeb2a7caf09eb3f2c73004ab999e,0.4291986823,d4_component_default_guard
1mlc_LC:0000209:8d88ecde05a1,8d88ecde05a1102587de23fc2a8ac243e8ff8f7316644a2dd9fe41b683cb21f0,0.8232711554,d4_component_default_guard
1mlc_LC:0000210:9a4d1688f392,9a4d1688f392b9e9e8310302ac246d536de9962d12fa547415c70d151a5bb462,0.1503841877,d4_component_default_guard
1mlc_LC:0000211:3f41456d6c0d,3f41456d6c0db325c84f04ac0c03fef3db01756156c4a78b0d0e94a59894f91e,0.7914379835,d4_component_default_guard
1mlc_LC:0000212:f60f9643f843,f60f9643f84358cd0f19413d605bbda83c5c5e8da4bb3d47d500bf0718031b62,0.5993413925,d4_component_default_guard
1mlc_LC:0000213:1562c8fd35ab,1562c8fd35ab94101675dc30c8883a329a29368259c5d2c82e2643380fb2e55e,0.7738748789,d4_component_default_guard
1mlc_LC:0000214:b64ccdbe1162,b64ccdbe116258e4263a724167eaafc35b149a410ac02977c95ed255fbd45519,0.648737669,d4_component_default_guard
1mlc_LC:0000215:a4b5de7bc0d2,a4b5de7bc0d2eafc2d0765031fd2af3def7593469714a8613856e0b418baa300,0.3951701522,d4_component_default_guard
1mlc_LC:0000216:8b53f3d66721,8b53f3d667211c7c625a66135b890262968c41cbd1b950821fbef85bf3c1caf6,0.7771679759,d4_component_default_guard
1mlc_LC:0000217:dd8dcc4baa03,dd8dcc4baa03ac7b888291b96b38a125140ac568b55cc89c3396de28d8f7cb86,0.2941822112,d4_component_default_guard
1mlc_LC:0000218:9a4b8b852677,9a4b8b8526777695d525d9e55ef04a977c9912a9b960f07010ed3ffa5ad8e97b,0.2195389718,d4_component_default_guard
1mlc_LC:0000219:f974c2f70476,f974c2f70476fb1cd7953073fefbc1b5a8233fd8c5846712b8c4015348f9baf5,0.09549944848,d4_component_default_guard
1mlc_LC:0000220:6546859a2c58,6546859a2c58117ea472fff489083f3fee62a91c85d9fc50c037d44caf5faec8,0.1020856202,d4_component_default_guard
1mlc_LC:0000221:fe2bef5287da,fe2bef5287dadcd819e802d8aecb396ada53e2e60eec3e86b5849ec2fd5f0586,0.1745334864,d4_component_default_guard
1mlc_LC:0000222:dd44c04f8066,dd44c04f806659b749173d09d6f04b05823620cf1a13692145c50737f14dbb0a,0.3073545694,d4_component_default_guard
1mlc_LC:0000223:b45c86053670,b45c86053670af485183728eb4296a0ef7201a5d29607cf554ae43f2f4ffc80b,0.1723380834,d4_component_default_guard
1mlc_LC:0000224:73e8dcc9dee1,73e8dcc9dee11bffc609536d9e969fd82bb906014eb0b845995a634444ab9268,0.3962678313,d4_component_default_guard
1mlc_LC:0000225:8059df422751,8059df422751b5f2b40b53c88952ddf18b9415fee33c23c05428c3f44cfeeaf3,0.2875960469,d4_component_default_guard
1mlc_LC:0000226:32af89c58ddc,32af89c58ddc69038f1a7276490c23aaa0f9ea8a2f88ad23ffccb7337026379d,0.7014269829,d4_component_default_guard
1mlc_LC:0000227:7843af71762b,7843af71762b7ce0c6339b47b66752becc7ad202e5d5e04ac1ab50ce64dcfe5c,0.7881448865,d4_component_default_guard
1mlc_LC:0000228:4479c98ca1de,4479c98ca1def780886167443f4a150383092f18635ee6ed764ca768e5ecf37a,0.6443468928,d4_component_default_guard
1mlc_LC:0000229:0d728d467f0f,0d728d467f0f2a0906cd73d293fccf95adb402c8f3c79e0c951fa785e322ce84,0.4994511604,d4_component_default_guard
1mlc_LC:0000230:15e7f50bca50,15e7f50bca5075744c90763511c0bf57623a669baeaaa6dce3d74ea89dd66529,0.582875967,d4_component_default_guard
1mlc_LC:0000231:16f68e81ed23,16f68e81ed23cb73fcf75fc32194095c437bc66d802b39382c419826696ea38d,0.5916575193,d4_component_default_guard
1mlc_LC:0000232:1e9dfc72715b,1e9dfc72715b14bcc1debb5959e0c3d57eb51f787022e092d16598b808f518b0,0.4763995707,d4_component_default_guard
1mlc_LC:0000233:44a0a98bc7e7,44a0a98bc7e77f40529df96ad4f57a1911dbfc7b2e9be7e5fdf9bd4fce7d6a18,0.9451152682,d4_component_default_guard
1mlc_LC:0000234:d3474a368883,d3474a368883d8f9691c5165d556348a1374effc5c0381dd50fd048a7af1d0b9,0.4478594959,d4_component_default_guard
1mlc_LC:0000235:11f251fa4311,11f251fa43110a4b3cdc302a58475b790a3511f0b990777b90bfe5c6840c4c07,0.5817782879,d4_component_default_guard
1mlc_LC:0000236:4fd61eb83adb,4fd61eb83adbb204469392fe01a78431667f108054212f03e660deeb885f6fb1,0.6465422511,d4_component_default_guard
1mlc_LC:0000237:97ed37e43747,97ed37e43747c5ceeeddfc98bfef7ac5ef048503875f6955447c49de6f75da67,0.609220624,d4_component_default_guard
1mlc_LC:0000238:730dd862e1b1,730dd862e1b18a71e66e38a1bedf9a7d9575dc39d0fafe66d91729aea78fac20,0.6410537958,d4_component_default_guard
1mlc_LC:0000239:6710fffca6ff,6710fffca6fff05b146498d7fb12b6b59f5c8e16ab30a36d6822ff41c21eeb5c,0.5686058998,d4_component_default_guard
1mlc_LC:0000240:3643fa8364e1,3643fa8364e1531e7882c600c667850a3122f4f849d59d4d1eb8f0ed2e886d72,0.1251372099,d4_component_default_guard
1mlc_LC:0000241:bd3bdc398bf6,bd3bdc398bf67059a48974171887ec5e468dcce40c7d7c64c7ec720ec108741d,0.3051591516,d4_component_default_guard
1mlc_LC:0000242:31873fffaff1,31873fffaff133c4cba6f35f36d4b5f4013bca3e10af0eeb4d36615a68dcd826,0.7705817819,d4_component_default_guard
1mlc_LC:0000243:4a34e009c2e1,4a34e009c2e1f7cc9c08f69f36d69e343a803b2861e321ff62298b190e2ee5e7,0.5455543399,d4_component_default_guard
1mlc_LC:0000244:ddf0515d1803,ddf0515d1803860fcb29fc9d602deaaf02bc6398674adf3aa4a26b5d861559ea,0.7211855054,d4_component_default_guard
1mlc_LC:0000245:a64fb0e7196f,a64fb0e7196fdd97b9cf9df680a4c8f8849e9d8fa92aad1a4b1ab009c43ea232,0.7936333418,d4_component_default_guard
1mlc_LC:0000246:e20bdd48b148,e20bdd48b148b19b403656602bfe8e37c95fb72e18d45e2f657118784ff50db8,0.6311745048,d4_component_default_guard
1mlc_LC:0000247:2d621411f4e5,2d621411f4e575edefdb9c99ee97ea007f88401e47c97a183665a8f625fd77c4,0.5971459746,d4_component_default_guard
1mlc_LC:0000248:0bf9b9b18a03,0bf9b9b18a03d03d14b0a4a27cafb912103b4086e8f5bf638b3dd154d86d9b1c,0.5488474369,d4_component_default_guard
1mlc_LC:0000249:b9bf86cbf2a6,b9bf86cbf2a6a3b3a38d102031f7bace20a4ec994dac19fa8608afe835ae13f2,0.801317215,d4_component_default_guard
1mlc_LC:0000250:0904375c2116,0904375c21161e5b6ddb0dc357a456661c3c68a8e9dc780d23ea9c4e3f876483,0.6026344895,d4_component_default_guard
1mlc_LC:0000251:92b625b26c79,92b625b26c79a1a5b2c81b4820aacd19a16fab8e2c61af8530033e92bbbf127f,0.6959385276,d4_component_default_guard
1mlc_LC:0000252:e57d124ff9cb,e57d124ff9cbd6ada16e5ccf1afa4717fe96242e543e59e54f460fc8ec715c44,0.7848517895,d4_component_default_guard
1mlc_LC:0000253:8e04e4c1e475,8e04e4c1e47513a2860427aa07c447cdb8c87ec878af9ccae842ccddb290c0c9,0.4862788022,d4_component_default_guard
1mlc_LC:0000254:1f114a6d54ec,1f114a6d54ec0a526df753a6c3383b9b94ab80b835e1c646a2e5979c4df37000,0.9045005441,d4_component_default_guard
1mlc_LC:0000255:0065ecc19e94,0065ecc19e94ed18255dc0a4334396bc81750e37928c7ccd106247110f45f71f,0.4193194211,d4_component_default_guard
1mlc_LC:0000256:cabd475b4364,cabd475b43649958d972bf97894b7514d40b6e29d52050726a5374a8103c78dd,0.9055982232,d4_component_default_guard
1mlc_LC:0000257:b303884f46e0,b303884f46e07c95181e68651a9a2798692b3c7bf05b8fd31b2e29992c981471,0.9187706113,d4_component_default_guard
1mlc_LC:0000258:669613298670,669613298670a63e1ae1fd538e49bbd743ffb506cdc086a4aa4fbda1f6a96dad,0.6542261243,d4_component_default_guard
1mlc_LC:0000259:2bea1165773d,2bea1165773dd338d7a07b3912db538a7d6f8fb5a9356d0be058e49f569b47d9,0.9121844172,d4_component_default_guard
1mlc_LC:0000260:f3de23e74c62,f3de23e74c62a8f7de8d94265b7e1e373ab083a7edec1d1b1fe944670abfb8e1,0.7837541103,d4_component_default_guard
1mlc_LC:0000261:426200db63db,426200db63dbb058594916f40015f128bda14006888836f6a73729b613b5612a,0.6509330273,d4_component_default_guard
1mlc_LC:0000262:6385a3660c7f,6385a3660c7f47a0af22241a6ab88df2a36c1c923d0ab604f52e96a59dbdca94,0.9077936411,d4_component_default_guard
1mlc_LC:0000263:405b261f9993,405b261f999377013f5df9d9b2f6c17625622783aa7ac6c66bf3b8f77691d3e2,0.6388583779,d4_component_default_guard
1mlc_LC:0000264:4e0abeb6fd27,4e0abeb6fd27d3729ac09810b6bd24327770f81c54a6060f78c183fe2e5b9652,0.5729967356,d4_component_default_guard
1mlc_LC:0000265:243856cdd1e9,243856cdd1e9d90e3687fa4e097dfcf5f87e997c58de10280dbbd0c4ecb2f5fc,0.5477496982,d4_component_default_guard
1mlc_LC:0000266:7cddfe510991,7cddfe5109911a213276aff4ab272db6ec9caf6aa42af2c03c959fb22c4abbac,0.5192096829,d4_component_default_guard
1mlc_LC:0000267:3ba05f0125b6,3ba05f0125b64b77c85e058622d08c1e05b2509d911d9ca587a2d2619e34fc95,0.7288693786,d4_component_default_guard
1mlc_LC:0000268:e999bccabe58,e999bccabe58d59216ec8ccb49e2973df56bf190157c60f98c951e567d30e1b0,0.6531284451,d4_component_default_guard
1mlc_LC:0000269:ea47ae3f4346,ea47ae3f4346caae7aa805c6189d6675bfe932d86f90d96611f32c08de67b25e,0.3172338009,d4_component_default_guard
1mlc_LC:0000270:1d5a6f7a8b0f,1d5a6f7a8b0fdda8d7e920fc94a5e40dced248fa22bf0a97eeb07057fdff47bf,0.5323820114,d4_component_default_guard
1mlc_LC:0000271:8d95de5a1de0,8d95de5a1de0dfdd7c5ad591b0e5ca9fd0530971a41964874ba5cdd3ea9e805a,0.02085620165,d4_component_default_guard
1mlc_LC:0000272:9d8d078b9fc6,9d8d078b9fc635a3480ad08410813865d7f47a45131157d10c58156ec3408854,0.4895718992,d4_component_default_guard
1mlc_LC:0000273:ebb8dfc08305,ebb8dfc08305af856cf73be9d030fe897ee30a4c246d1a16d3c83933bc15e74f,0.4566410482,d4_component_default_guard
1mlc_LC:0000274:36df7f45dd42,36df7f45dd423a5c01f12dc2c2df47c703e36f0c49cc3a26dabdfd426e88e044,0.7431393862,d4_component_default_guard
1mlc_LC:0000275:1e9219084d22,1e9219084d22a2139156ffa06d5fadc61f7ff225b4b7d952ebeec76b7d16ac7c,0.4028539956,d4_component_default_guard
1mlc_LC:0000276:1a51ea8f999f,1a51ea8f999f7a8e34d97ef47faa7391a6682692ccab49227ee30e549a7a8482,0.8682765961,d4_component_default_guard
1mlc_LC:0000277:2575f711c709,2575f711c709c36aa936cb1fba386bb234dea5a4edc51ebb29a2ef8f1e5efa72,0.7332601547,d4_component_default_guard
1mlc_LC:0000278:387db446bc9d,387db446bc9dc5076acef7de4ecc718dc87f3efdd46a9bc1ed62f310f93f3aca,0.9484083652,d4_component_default_guard
1mlc_LC:0000279:b1f129bc490e,b1f129bc490eb673528be20bd49b95f8a115866b9cc30ccc0f828a6d82cfb319,0.4039517045,d4_component_default_guard
1mlc_LC:0000280:7e694f96bb61,7e694f96bb6164434d3f73716cbdea04078f0792358415445d26845bde394b7d,0.7376509309,d4_component_default_guard
1mlc_LC:0000281:82e6e6d6f757,82e6e6d6f757e91e0c111262f022833b21ff787e0e0bc49c2bea9c3fbfcf7a51,0.84083426,d4_component_default_guard
1mlc_LC:0000282:09f98f42fbc0,09f98f42fbc0759ef631c90c1dc3e46821eadb58e4f2c74e2bda9a742503e739,0.8320527077,d4_component_default_guard
1mlc_LC:0000283:82ade7416afa,82ade7416afa2465308a65f1a0c39526bfe35a4004e51ad1e022edf625639b6a,0.8122941852,d4_component_default_guard
1mlc_LC:0000284:97f81155210d,97f81155210daa2063fd2737874dfb22c1f22904a89cc7ffa230d8aed7da444d,0.906695962,d4_component_default_guard
1mlc_LC:0000285:8d95de5a1de0,8d95de5a1de0dfdd7c5ad591b0e5ca9fd0530971a41964874ba5cdd3ea9e805a,0.02085620165,d4_component_default_guard
1mlc_LC:0000286:6d668ab6e158,6d668ab6e15889413c9c9e6cd565c5f6b4efff29221c938765d9cf671c404df1,0.2645444572,d4_component_default_guard
1mlc_LC:0000287:b715205073b6,b715205073b69a3d2fcb0cfe5b52cfd0b80248a8fc988525917a9b6bae2cc4b1,0.8485181332,d4_component_default_guard
1mlc_LC:0000288:81930108bc5e,81930108bc5e5bc2cc7a81c2300c209d031db6f8845a9ff14ff9f1cbac158656,0.8792535663,d4_component_default_guard
1mlc_LC:0000289:c063d1671c92,c063d1671c923216bf40ff4b415891e07174714e2756bdc8ab71acc3990ce22e,0.9330406189,d4_component_default_guard
1mlc_LC:0000290:9600edee23b6,9600edee23b6d2d1ca438c2403dcdd201a7ea14245ae30ca54bf730ab62c5677,0.6322722435,d4_component_default_guard
1mlc_LC:0000291:268f8629464d,268f8629464d63ea93a7889fbd540a2004f769fca5c908baea901122efa8f0e9,0.8133918643,d4_component_default_guard
1mlc_LC:0000292:36028e4591a8,36028e4591a8a7fe1017f9a5cdad60ad27b31b6ffa7720b5ef014e52f1898efb,0.8386388421,d4_component_default_guard
1mlc_LC:0000293:e59b9bb15501,e59b9bb1550163ca96960a3528b7bbd67e7c88db8e7e0375c15f8e5c1956b669,0.8649835587,d4_component_default_guard
1mlc_LC:0000294:c4c16e8b1f4e,c4c16e8b1f4e449bbacde3055909b1f99d141ac764dd4ce118862ed8699ff738,0.619099915,d4_component_default_guard
1mlc_LC:0000295:7911c050db0e,7911c050db0e000621b81274967cff6ac71b2aed755381362226013cf53d7329,0.8090010881,d4_component_default_guard
1mlc_LC:0000296:703e91553219,703e915532192e754fe7042377635ba13f566d84e38196d23ae5e8e3dc7f72f8,0.9253567457,d4_component_default_guard
1mlc_LC:0000297:de239f880671,de239f88067174e09376ba09ad62482ccfee3e074e939899553e12d0664d64f5,0.7519209385,d4_component_default_guard
1mlc_LC:0000298:208735a05869,208735a05869b2c9c0cb479422090ed3af3ad17b8ce0baec44f479e621cb4419,0.8518111706,d4_component_default_guard
1mlc_LC:0000299:e07abdcf7689,e07abdcf76896199009ec2ddcdd560cc81092a5d2fe8acef73eac73ca014201b,0.9088913202,d4_component_default_guard
1mlc_LC:0000300:7f8af7c3422a,7f8af7c3422accdd3b4afb7245ab989d47ba2119cfbe3e3406d8f5da8ebcdc04,0.3896816671,d4_component_default_guard
1mlc_LC:0000301:991c1569acea,991c1569acea686cc6d682b62c4a3b45a4ca361bca4372680367b3c7acfb0d45,0.9099889994,d4_component_default_guard
1mlc_LC:0000302:a8b1fdc19d0d,a8b1fdc19d0d8365a47c8d3912c1b0d0cc2cac0ee5f7a7009697fe00eede4c36,0.9165751934,d4_component_default_guard
1mlc_LC:0000303:fe81c443b815,fe81c443b81539489b59036812b8abbcae76833a71ccf2326e2e7482c052f064,0.9209659696,d4_component_default_guard
1mlc_LC:0000304:a62fb144e146,a62fb144e1465390d88fb3828f936af2aa87d7e42a380e282c8885512b4f2706,0.9132820964,d4_component_default_guard
1mlc_LC:0000305:77011a4b2036,77011a4b20368dfea134c6d27750eedce33ca4e2e6391772fba44367c654f613,0.6597145796,d4_component_default_guard
1mlc_LC:0000306:873fe917ca9a,873fe917ca9a57a522f108cddc6fa0e448da1eb880216177ceae8067c736f68e,0.7167947292,d4_component_default_guard
1mlc_LC:0000307:9e710a5a28a4,9e710a5a28a406f0f86b696874641677a79562326a55151c9ebad57a4a393c0d,0.9286498427,d4_component_default_guard
1mlc_LC:0000308:c3e1fb73d507,c3e1fb73d5073ffccf17bb062acf618290238de1fa02a80980d85ca6e132b8e8,0.7398463488,d4_component_default_guard
1mlc_LC:0000309:82db45916464,82db459164643f0330481091da32a0b53734f44db166b9eb8cfa1e0cc0f83215,0.9001097679,d4_component_default_guard
1mlc_LC:0000310:7a02403284f4,7a02403284f419df43bfc5bea10013a41dc0107936fde6e98b2ec55044c99cb6,0.7102085352,d4_component_default_guard
1mlc_LC:0000311:061f67ab89c4,061f67ab89c4090fc3da6b2bbf83527a99f6cf164ef6d6b020230859b056820d,0.6915477514,d4_component_default_guard
1mlc_LC:0000312:87e2b6463b3e,87e2b6463b3e71941be73974dc98f8af3fef1509ca750f210014675cbee0492f,0.450054884,d4_component_default_guard
1mlc_LC:0000313:27f2cc19e1a2,27f2cc19e1a2f7ab1846b97abd603aa67126482026deb414ba39c2fabbb52d80,0.7113062739,d4_component_default_guard
1mlc_LC:0000314:a60fc60adea0,a60fc60adea0de8a9bd08234a38b1fbb0aa544020c73dbe5b9b681afe6e7d130,0.2678375542,d4_component_default_guard
1mlc_LC:0000315:d790e1ac19ba,d790e1ac19badfbe11c69a718200f1aac44e63294cc5c7bb056dcb3569b07fe3,0.8627881408,d4_component_default_guard
1mlc_LC:0000316:e2c02aa9b7bc,e2c02aa9b7bc8fa171f315d9f26bebec323f5bfc4468a20238bea640d35ca74a,0.5345773697,d4_component_default_guard
1mlc_LC:0000317:68502276e6ed,68502276e6ed73416e227292220e61c8cbe17c87ccd4735ce60ba4fc0fc73847,0.3062568605,d4_component_default_guard
1mlc_LC:0000318:13a769e417b6,13a769e417b6bc206a782a8555f3bbd3716570cb64efefde6ee710f8c859517a,0.5356751084,d4_component_default_guard
1mlc_LC:0000319:90a161d1c189,90a161d1c189950190d1b1f3b4faf4af8e79e25cdb11d9537eb211fe7c8d5ae7,0.3205268979,d4_component_default_guard
1mlc_LC:0000320:57800fb1251d,57800fb1251da4550884cd003e4e4094a0aba950a58f3324bd83d5c10473467b,0.3611415923,d4_component_default_guard
1mlc_LC:0000321:ec33d644f770,ec33d644f77039eb1b2837d64a429f2fcdf50f094bb81fb4425f2c1522c7465e,0.4423710108,d4_component_default_guard
1mlc_LC:0000322:2d314edae301,2d314edae301870fb797ea9547b2873ce3cb347e5c090c70af7e8be9466c575a,0.4105378687,d4_component_default_guard
1mlc_LC:0000323:059395ec84c0,059395ec84c02358a1ac04c74acf113cdf3ab451ae78ac061c8b0deb754a9f27,0.3479692638,d4_component_default_guard
1mlc_LC:0000324:50e6ffb66395,50e6ffb6639583ad1c1bcc46ec283944f520e65ece9e6b089b981da219a32405,0.5411635637,d4_component_default_guard
1mlc_LC:0000325:e9b58d830034,e9b58d830034333569d8c230ee48f4197497da2525958ca631bda7512bc2d922,0.3315038383,d4_component_default_guard
1mlc_LC:0000326:ad2bc78656f3,ad2bc78656f3bb0f562fa54022a0f21f4f813109eaa46c634b63c63a93a40f9c,0.4390779436,d4_component_default_guard
1mlc_LC:0000327:8ceaa96fa4ac,8ceaa96fa4ac69cb2c670c168c9f0f8b63a71be3e11e3c19021f72a7ebf6ea7f,0.1481887996,d4_component_default_guard
1mlc_LC:0000328:c8e082f7b70a,c8e082f7b70a439af5c7eacbf42e638bda5630e581b7c48c31770e390a54de8a,0.5301865935,d4_component_default_guard
1mlc_LC:0000329:96fec7ea6812,96fec7ea6812aaeed446ff55fb2bc0db3ae6fa3681b9b8aa8e7ee560c29e9e4a,0.1558726728,d4_component_default_guard
1mlc_LC:0000330:6f4eb171281d,6f4eb171281db490cb31659b1d708fb48ae0daadcea3944a53d9549f6a14b9d3,0.7124039531,d4_component_default_guard
1mlc_LC:0000331:879b558478a7,879b558478a70415cf5c18082080db59c2c0075992035808419352beef8a5534,0.05708013102,d4_component_default_guard
1mlc_LC:0000332:c942d32c984f,c942d32c984ff3c9b11f48401aadfcfd3e3c4d0c43895bd8bcb72e9ed8a3c45c,0.1767288744,d4_component_default_guard
1mlc_LC:0000333:4c725e2e279d,4c725e2e279d0dfd6109eeec0b59f24f09629f889f32daaaa9c99ed8ad7d5e23,0.3984632194,d4_component_default_guard
1mlc_LC:0000334:f05d843b3940,f05d843b3940b7cb8b47557e0a0655c7a6e6b2bf782fe387a16969d2f480a134,0.4972557724,d4_component_default_guard
1mlc_LC:0000335:b5da3d81b523,b5da3d81b523d68e705e8053a1c343dc5392dbf671ca4fbd72b8d33fb4e270f7,0.73874861,d4_component_default_guard
1mlc_LC:0000336:cbd97ee82a06,cbd97ee82a06de88c2549d17c924dca7041f3afa5ad2da95d755176ee980e82c,0.7321624756,d4_component_default_guard
1mlc_LC:0000337:37c7559508ac,37c7559508ac47bb0b8c080eb3d20fb71491d66d931a38972c1204831833db80,0.1569703668,d4_component_default_guard
1mlc_LC:0000338:8492007b0737,8492007b07377c18f0d73ba17294233233721f071b0b81dab293ca200a681f1d,0.5060372949,d4_component_default_guard
1mlc_LC:0000339:50fcf1c8aecc,50fcf1c8aecc895c777664c5ef00eacaf47bf88f0683b8d9965f0a912e23b34f,0.5620197654,d4_component_default_guard
1mlc_LC:0000340:ed19b7a44d0c,ed19b7a44d0ceb96e00e4f7589a1e0d0f6d07a9efb91ac7348ebd2d9bc66ea22,0.705817759,d4_component_default_guard
1mlc_LC:0000341:7c9f5a4f0396,7c9f5a4f039622c20b0e6c64905d3247ae9e344d349781a7ed51fff6a285aa07,0.4687156975,d4_component_default_guard
1mlc_LC:0000342:b205e0527171,b205e05271714e79e898d57eca9bac565b92fa2936569f07ddaac710bea41e92,0.6970362067,d4_component_default_guard
1mlc_LC:0000343:326d646075e9,326d646075e9992db1ae157d5303dd8563ad0e330f74372279ce59717076ee87,0.6750823259,d4_component_default_guard
1mlc_LC:0000344:d48b0f930949,d48b0f93094998da05a900918c87c9d6756d13c882b3c0097d87e03d997d7f6a,0.5071350336,d4_component_default_guard
1mlc_LC:0000345:8d95de5a1de0,8d95de5a1de0dfdd7c5ad591b0e5ca9fd0530971a41964874ba5cdd3ea9e805a,0.02085620165,d4_component_default_guard
1mlc_LC:0000346:d33b04b97e8f,d33b04b97e8f241efda3b4e5edc353ded5bd47d0d83bd3cee18597e40c8b7df0,0.3677277863,d4_component_default_guard
1mlc_LC:0000347:8d95de5a1de0,8d95de5a1de0dfdd7c5ad591b0e5ca9fd0530971a41964874ba5cdd3ea9e805a,0.02085620165,d4_component_default_guard
1mlc_LC:0000348:8d95de5a1de0,8d95de5a1de0dfdd7c5ad591b0e5ca9fd0530971a41964874ba5cdd3ea9e805a,0.02085620165,d4_component_default_guard
1mlc_LC:0000349:0b6f5b5605a2,0b6f5b5605a2025a976d252ace4d034f1f9de089918f86f73dc82a2a99b052af,0.7036224008,d4_component_default_guard
1mlc_LC:0000350:ff053c787de4,ff053c787de4121d4b53fe7a5fafa17c52b37645a4b40260b16a914c3235ddf7,0.3798024058,d4_component_default_guard
1mlc_LC:0000351:8d95de5a1de0,8d95de5a1de0dfdd7c5ad591b0e5ca9fd0530971a41964874ba5cdd3ea9e805a,0.02085620165,d4_component_default_guard
1mlc_LC:0000352:98d6485f42a7,98d6485f42a7d6c22a309248e57810a41e99d0a75ae4ac73d37bbdb87e7acbbe,0.7222831845,d4_component_default_guard
1mlc_LC:0000353:3a96f68836b1,3a96f68836b1ef81bc24cc2eeff90234dcf39cbaab71e8dcb6ef168bb1ca3ab9,0.3260153532,d4_component_default_guard
1mlc_LC:0000354:8d95de5a1de0,8d95de5a1de0dfdd7c5ad591b0e5ca9fd0530971a41964874ba5cdd3ea9e805a,0.02085620165,d4_component_default_guard
1mlc_LC:0000355:57e88b3ae3ce,57e88b3ae3ced21a74bed61d08e026dd918ccbc83bb9200f7118e99b85f422be,0.3424807787,d4_component_default_guard
1mlc_LC:0000356:671695cee908,671695cee9083401e71f44d8a04d5e02e92cd6bb93871517d4f22199bdac258b,0.7255762815,d4_component_default_guard
1mlc_LC:0000357:1c2fe2aa635f,1c2fe2aa635f4de15de1b88d18558b8cc9083a986dd06d34c522380f553c703c,0.4050493836,d4_component_default_guard
1mlc_LC:0000358:de8aeb466914,de8aeb466914692c16914585367b0d74a79dccb76766b6f18c6e9d6c8ff23975,0.384193182,d4_component_default_guard
1mlc_LC:0000359:3cffdfabfe99,3cffdfabfe997775f74a82b0272502035ffc64c4c9fb95f894d91a8235870d65,0.293084532,d4_component_default_guard
1mlc_LC:0000360:e9df7929d2b9,e9df7929d2b96e2227e5aee6ea9714b92bff267ff8d8ad0f04022d04f59f55c3,0.3150384128,d4_component_default_guard
1mlc_LC:0000361:9f316d6d1aa1,9f316d6d1aa113fb5fbb7615fa14bd5f13cf6e8db7dd4a4925f82a1307b4f1d4,0.1800219566,d4_component_default_guard
1mlc_LC:0000362:3faef60fa553,3faef60fa5530735883dc9c77d60278f07ecf9c452e3dfd68849df563c480559,0.513721168,d4_component_default_guard
1mlc_LC:0000363:06e23305b40e,06e23305b40e686a545029b0a41fb1728a6f6e20599b64161bf923e2fd9734e5,0.2063666284,d4_component_default_guard
1mlc_LC:0000364:c5df4a0cf5e9,c5df4a0cf5e927336dcced3c0ff3de54d7d50d572ee9ddfc7b2e1393d3d7d72e,0.4983534515,d4_component_default_guard
1mlc_LC:0000365:edce2f1a5a10,edce2f1a5a1009df6b841de43b6f6f022e17a41f59238038dca3268d601bc5c3,0.3512623608,d4_component_default_guard
1mlc_LC:0000366:258f4d31b637,258f4d31b63748c83e2b1cab40b6adef41dfffc3bfbbec3aed5c8af21aeb37e4,0.7069154978,d4_component_default_guard
1mlc_LC:0000367:8d95de5a1de0,8d95de5a1de0dfdd7c5ad591b0e5ca9fd0530971a41964874ba5cdd3ea9e805a,0.02085620165,d4_component_default_guard
1mlc_LC:0000368:05a6ae3ba57f,05a6ae3ba57fcc202bd2094a756bf47e8637237df95fdb39d8d9e5486b805592,0.4127332568,d4_component_default_guard
1mlc_LC:0000369:36b41ebbe254,36b41ebbe2542c04b238d45b03674bbfff452f6d719566c70d812d49eacde8c6,0.5839736462,d4_component_default_guard
1mlc_LC:0000370:8d95de5a1de0,8d95de5a1de0dfdd7c5ad591b0e5ca9fd0530971a41964874ba5cdd3ea9e805a,0.02085620165,d4_component_default_guard
1mlc_LC:0000371:74c10b8c82bb,74c10b8c82bbeaf70b0e7f13929bf3a30d708f351dbde15330f7843196ad457a,0.8814489841,d4_component_default_guard
1mlc_LC:0000372:8d95de5a1de0,8d95de5a1de0dfdd7c5ad591b0e5ca9fd0530971a41964874ba5cdd3ea9e805a,0.02085620165,d4_component_default_guard
1mlc_LC:0000373:aa56a19bc9df,aa56a19bc9dfaac60334c70b7c3c5d16e9e0a4ef0b62da83358113eab14a574d,0.6048298478,d4_component_default_guard
1mlc_LC:0000374:6496dbb596c7,6496dbb596c7bbc70b7a9a9bb746d291f54bc7fa5c155f17ca7b162180eb15d1,0.8144895434,d4_component_default_guard
1mlc_LC:0000375:6a7a3f29eb82,6a7a3f29eb82f8c1a13bdc034e8c6fca09a5fa36296f79b0303b2d6ca0f59ba8,0.4456641078,d4_component_default_guard
1mlc_LC:0000376:0b7e801d1f7d,0b7e801d1f7d40a0600bad2a9b52ed7f7eaca11106903157abecb2b5abc200da,0.807903409,d4_component_default_guard
1mlc_LC:0000377:4a118dc575d0,4a118dc575d0fc3750e2bdbc5fedb9079eef3838288599fbe42bc75b1383e985,0.714599371,d4_component_default_guard
1mlc_LC:0000378:8c32e62b4d28,8c32e62b4d280a91bb1573c288498d83bddd85644736946d702dabcee6758afd,0.1163556501,d4_component_default_guard
1mlc_LC:0000379:ee0cefee4101,ee0cefee4101f79a5df168d8d5b91f5d59c24915c8ff6faf7ed1e79b1a2e7bc8,0.114160262,d4_component_default_guard
1mlc_LC:0000380:8e062b8a99fe,8e062b8a99fe9f6953495e1dfba7823df199c22848442aa2192b804ed51fef2c,0.6926454306,d4_component_default_guard
1mlc_LC:0000381:3cc72f605774,3cc72f605774f506aa4eda5f3731662d55a1509ca2b2dbfa87ce0284b95f31f1,0.4061470926,d4_component_default_guard
1mlc_LC:0000382:db7372fbdce5,db7372fbdce593351b2e8372cff7b91f448b05774e197e38328e326ed9460ffb,0.8155872822,d4_component_default_guard
1mlc_LC:0000383:7d02820ff191,7d02820ff191c1e5d1bb5f615c895cb3560c29362fa07bff7fdc33654cb14221,0.8254665136,d4_component_default_guard
1mlc_LC:0000384:577927a26659,577927a266597ecb15cac75584ce5f54b9540280d0a17f27471b7909e6e07c61,0.7804610133,d4_component_default_guard
1mlc_LC:0000385:acdaf8e35a5f,acdaf8e35a5f5fa8b6fd5e8f7ca18f91ec6eced5e8a5c705146f900cef0a784a,0.4807903469,d4_component_default_guard
1mlc_LC:0000386:e8cdae3edecf,e8cdae3edecfbc49081c98071ce3210f6ebd622a85baaba4ba3e015cf552a1f5,0.4237101972,d4_component_default_guard
1mlc_LC:0000387:4bce4ad1c923,4bce4ad1c923a24ab5c3409dfe30157764223f19061b02a5989afbf1d2b2fc73,0.8463227153,d4_component_default_guard
1mlc_LC:0000388:a22c7f0453aa,a22c7f0453aa8c029290bc2c821bc47a3d0a5dcba9af303072cb62575d76add5,0.4731064737,d4_component_default_guard
1mlc_LC:0000389:6404dd961a09,6404dd961a09a1f105e19ef0072853a456c4c8a80bf7dd7f8adb76c7ffda58f1,0.804610312,d4_component_default_guard
1mlc_LC:0000390:a41b11c88b4b,a41b11c88b4b35c40f529766f73dca1d143741bc93d84b9e3dfb47abf1b93808,0.5104281306,d4_component_default_guard
1mlc_LC:0000391:79d41be488e5,79d41be488e589c385beb71b0932d965c987e64ac019da30da9512f198d159e6,0.3940724432,d4_component_default_guard
1mlc_LC:0000392:e91dd734c5a7,e91dd734c5a780144525cbd5bca42f1682c2f703b6d0f018e636546d335b2f62,0.9824368954,d4_component_default_guard
1mlc_LC:0000393:8d95de5a1de0,8d95de5a1de0dfdd7c5ad591b0e5ca9fd0530971a41964874ba5cdd3ea9e805a,0.02085620165,d4_component_default_guard
1mlc_LC:0000394:4530ae89a953,4530ae89a9534c06eb2cf2ce2b3d0b4d9188ffb90703a94bae00dcfeffe0d033,0.9879253507,d4_component_default_guard
1mlc_LC:0000395:f107f7bb1672,f107f7bb1672f4ce851d25d91f1175aa4fc86baed79aca84034adcacffb144d8,0.7760702372,d4_component_default_guard
1mlc_LC:0000396:cf19a18f9181,cf19a18f9181a4b9826e340985eb949fb2ecdc9038fed314939cc5a5032ff590,0.9835345745,d4_component_default_guard
1mlc_LC:0000397:64c329ff030b,64c329ff030b868297e8c2e21b2ddfc481a642556cbf3a0a113fcc9a6f2d786d,0.8177826405,d4_component_default_guard
1mlc_LC:0000398:8b8751376a9f,8b8751376a9f797555ca1b0666cc91b0da8972a515f031f2b318691abe8ffe62,0.5510427952,d4_component_default_guard
1mlc_LC:0000399:65cf7ef9a533,65cf7ef9a5334b7a9128f89a806a916427441b45b31543e4e7942299606b795a,0.9890230298,d4_component_default_guard
1mlc_LC:0000400:4df324ac3c2a,4df324ac3c2ae00b7ee6136a203b0f987fe69541c732540ed9c0ec930c0d0134,0.7091108561,d4_component_default_guard
1mlc_LC:0000401:aa36058a4ccc,aa36058a4cccaa64295cb082e8f8d593206d03d293ef7e03242529fd4e9e7c95,0.6772777438,d4_component_default_guard
1mlc_LC:0000402:81b2786384e3,81b2786384e3d3ba68304626d691c94df42ef909e2ee35d0522200909c1fb9aa,0.549945116,d4_component_default_guard
1mlc_LC:0000403:f6a7a045cdad,f6a7a045cdad880ee37c4a75190be7ff6e69ec5f65d49952cf05b9457a88246a,0.5367727876,d4_component_default_guard
1mlc_LC:0000404:6712dae77195,6712dae77195942b2544f7beeb4156fb35475a5a0e14bf5f97943dbecddb5be1,0.4698134065,d4_component_default_guard
1mlc_LC:0000405:490bcdcd61bf,490bcdcd61bf917f636e3025b5d9bca266f28f73cfc7a440de25c88446b5e5b5,0.6838638783,d4_component_default_guard
1mlc_LC:0000406:74ba09554235,74ba0955423591b69e68645d917b016d277961a087d45f1493cc530999d741c7,0.111964874,d4_component_default_guard
1mlc_LC:0000407:ac7824037bf0,ac7824037bf01247453003efd8734c0408e85e7fbf6851020987db77fdec0cc9,0.4094401896,d4_component_default_guard
1mlc_LC:0000408:1d3917d9b7d2,1d3917d9b7d200475794ed5161aa049cb6dba6ce684c88422ba4fdc55dc2b22c,0.6366630197,d4_component_default_guard
1mlc_LC:0000409:39dd6dce4ba7,39dd6dce4ba72d72f42add0a7dade8a36be76b55907773bdfdaf1898b68e9b23,0.2546651959,d4_component_default_guard
1mlc_LC:0000410:0208f0f14ada,0208f0f14adac1dc30c88c2ece269e8249b0f662913053bd2aa749a9f43c8106,0.4313940704,d4_component_default_guard
1mlc_LC:0000411:191a8a44864f,191a8a44864f555d9f5c540d5a0c49964f59af99282e8ddca5c944c2dc0c6730,0.4083424807,d4_component_default_guard
1mlc_LC:0000412:cc1ea3ac8944,cc1ea3ac894480245fdd0b1a57826be962e98efe76c31bdbd090e3c606ba3d28,0.09220636636,d4_component_default_guard
1mlc_LC:0000413:149cca874033,149cca874033ec966fd2081db85d53fedb666dc238147842cfc6d90f480eaa11,0.6136114001,d4_component_default_guard
1mlc_LC:0000414:9938f2cb627f,9938f2cb627f3ce3a64e1e2bdd6059a757b9b855c5bf98151b2e934696043900,0.4281009734,d4_component_default_guard
1mlc_LC:0000415:0a5372c45b05,0a5372c45b05d35684c18ae9932b8437e14e6b338ea6f79f1994fd7c0552a010,0.09440175444,d4_component_default_guard
1mlc_LC:0000416:3946d48f33f5,3946d48f33f5fb438f324e28e2cf54becae47c222230da0d70c807a4c45feb40,0.8068057299,d4_component_default_guard
1mlc_LC:0000417:f5fb6aaeb7f2,f5fb6aaeb7f258671591eaff59206704b90a2eb2a98e0b89754c8b67a7853b93,0.07903403044,d4_component_default_guard
1mlc_LC:0000418:c8bf374b3502,c8bf374b35028a448527bc8834a19be5a85ec3f3ef43805121a2fe57220cd8ae,0.4445663989,d4_component_default_guard
1mlc_LC:0000419:4a7ac7d0e72c,4a7ac7d0e72c4cc9745a709404167c13e08c44e2e5cb3b4d4f5299b44547614a,0.615806818,d4_component_default_guard
1mlc_LC:0000420:e870d61f4177,e870d61f4177c5982d38b2023e7bddd6d24fa2d33afc6fc42daab62611c7546d,0.2381997854,d4_component_default_guard
1mlc_LC:0000421:1cf3f33e5c97,1cf3f33e5c97332e7883798b5aef391421703dee814f374f7b4da63a199c2707,0.5400658846,d4_component_default_guard
1mlc_LC:0000422:3635c8334192,3635c8334192bef0caeb766aa3445f558dd46f86a7d52ed8ce9f0017f66d1a08,0.452250272,d4_component_default_guard
1mlc_LC:0000423:050052fc0bdb,050052fc0bdbb45ba123762c59c0fa54def72903d8e8e3c247a3e85a44b56718,0.06366629899,d4_component_default_guard
1mlc_LC:0000424:c8857f6171e4,c8857f6171e4745f53e29456c39b38aaa20835637631377bfc1803b37c864c2a,0.08452250063,d4_component_default_guard
1mlc_LC:0000425:d7cc10305939,d7cc103059399803344605506d8902c6b3e6af1d65fa80df21a4c4b7febd59c0,0.7200878263,d4_component_default_guard
1mlc_LC:0000426:06ff4adb3945,06ff4adb3945396ea8211cd1f704d49e992c64ce8182051d411c64aa049aebcc,0.6004390717,d4_component_default_guard
1mlc_LC:0000427:e9b9070ee428,e9b9070ee4280bad2a960f95e67d7a7348b1eccee7137b4ec38b153799c814d1,0.3271130621,d4_component_default_guard
1mlc_LC:0000428:0a3dcb1b859a,0a3dcb1b859a375913b4e7b021bb2a65dcd15d572992cfb85a623646079c1ff3,0.5115258098,d4_component_default_guard
1mlc_LC:0000429:2a8bdf117747,2a8bdf117747d066dcf97494b0fe65b609a6071b4bcccd85a7a08fabdcbff329,0.5773875117,d4_component_default_guard
1mlc_LC:0000430:44a32e7654e9,44a32e7654e93ace8065b7555a895f112ac6881aca542a3e2c3f7c02a45c8228,0.2392974794,d4_component_default_guard
1mlc_LC:0000431:5515a7f9cdb9,5515a7f9cdb914cd20d29bb917634bc4fe006caa600b896762861d9a54baaf39,0.5894621015,d4_component_default_guard
1mlc_LC:0000432:6a0ddd67a38a,6a0ddd67a38ab1393b8561e44ad4fda0d2b47944c7467bf5c13f1ace0331f665,0.4709110856,d4_component_default_guard
1mlc_LC:0000433:11b8d001128a,11b8d001128acccfa52b48fffc561507504ff572a185d4ce7b5d6ed38981ed78,0.2184412777,d4_component_default_guard
1mlc_LC:0000434:51d14c33faa0,51d14c33faa00fec1a63748f7a6114dd0c08abb74155a3afc9cf5d229564e734,0.319429189,d4_component_default_guard
1mlc_LC:0000435:8d95de5a1de0,8d95de5a1de0dfdd7c5ad591b0e5ca9fd0530971a41964874ba5cdd3ea9e805a,0.02085620165,d4_component_default_guard
1mlc_LC:0000436:50ee52bc96f0,50ee52bc96f0b77ac84a883f753acd6b5b3950a58279c0348a48f20c0d10fffd,0.546652019,d4_component_default_guard
1mlc_LC:0000437:17c944402ccc,17c944402ccca299c3260b65e894cc7692605c8c85d8b6b408615f6be107e821,0.9264544249,d4_component_default_guard
1mlc_LC:0000438:0cb836119931,0cb836119931b9862a9e7947aadea093a25897c277e3449786e93d7947da3f2c,0.07574094087,d4_component_default_guard
1mlc_LC:0000439:a001e6bf5f51,a001e6bf5f5181b9cea3175c336d3c3a4b394d75bafa06b332a199fe844ac174,0.9495060444,d4_component_default_guard
1mlc_LC:0000440:62f80a66a5ba,62f80a66a5bacf9ba5a9689bc41f4d5119a8ad960152d08ee93b894eaa78a5ac,0.9407244921,d4_component_default_guard
1mlc_LC:0000441:6e47552c2ad3,6e47552c2ad3c8f81d02e6b883127d40fe736e827c739199dc9d483be96e5c58,0.3084522486,d4_component_default_guard
1mlc_LC:0000442:8dec2df69ac0,8dec2df69ac07f85d4f739e68dfbd2a5ec734cb639dee54b3debeb75d401fb3c,0.9440175891,d4_component_default_guard
1mlc_LC:0000443:ae2de6146484,ae2de6146484220a79ac67268c291a8bce7a6c0ca6756ad692168d0a906dfbb2,0.4829857349,d4_component_default_guard
1mlc_LC:0000444:8933cc5415b1,8933cc5415b1c50a6d01202d60b8e6f8e9092cbeb94e3060cb26ef81eb67500b,0.6344676018,d4_component_default_guard
1mlc_LC:0000445:8acb5e206333,8acb5e206333372a83ce154b46dd7209c5f8a3fcc662f2b8ba31242565cc7b28,0.9506037235,d4_component_default_guard
1mlc_LC:0000446:8b3acaf40434,8b3acaf404340c05b64d50c8ea721a770c8ef62377617545e041347b8e3085c9,0.3929747641,d4_component_default_guard
1mlc_LC:0000447:fe21770fb61d,fe21770fb61d334e6f83fe290215bb81e48559df919ffe7f103d4d00fc142154,0.42041713,d4_component_default_guard
1mlc_LC:0000448:2b594807ed77,2b594807ed7781514a4c082e97ebcde3b9d98b47fdcba187401f1e905450f8e8,0.3973655403,d4_component_default_guard
1mlc_LC:0000449:944db9ddd287,944db9ddd287ca06a995b10bca86d5516510308ebd66ac0ed7e6a56cff87daf2,0.4149286449,d4_component_default_guard
1mlc_LC:0000450:d2fa2bbf95e2,d2fa2bbf95e281b220c1402ec190001e5ae7439ae345a752125afc78f3e65e41,0.2403951734,d4_component_default_guard
1mlc_LC:0000451:a1665e62f614,a1665e62f614ede1f3aa61bb0791a824ee7bf518e1fc7b4c904323874fe651d1,0.3776070178,d4_component_default_guard
1mlc_LC:0000452:e3d97c0708e5,e3d97c0708e504051ed7ebf9b91643f085c29ecb22f14c720ee48e9cf3de3129,0.08562019467,d4_component_default_guard
1mlc_LC:0000453:96ce1fb9d111,96ce1fb9d111bcae96cb432ecdfd6d9e58ab8e0ffec27604f165ac76af90e246,0.5740944147,d4_component_default_guard
1mlc_LC:0000454:5b3b1cfb94a2,5b3b1cfb94a293a36ce5726e17988e263af4c09a9f7dc6c33821a315646a24c1,0.3369923234,d4_component_default_guard
1mlc_LC:0000455:8d95de5a1de0,8d95de5a1de0dfdd7c5ad591b0e5ca9fd0530971a41964874ba5cdd3ea9e805a,0.02085620165,d4_component_default_guard
1mlc_LC:0000456:22ea68f72f99,22ea68f72f993b7f81d340aae7895d6d9eb0d806be56ab7075cd257070f9e5d1,0.2843029499,d4_component_default_guard
1mlc_LC:0000457:f47698385123,f4769838512357e67000d422df7412faffa90a78a76a81b05990c94cbdffb4db,0.6641053557,d4_component_default_guard
1mlc_LC:0000458:390a3e861f8d,390a3e861f8d3cb7ca7f6a3288870fea688f48bbe5fd2e3b9e792d3e661497d1,0.2974753082,d4_component_default_guard
1mlc_LC:0000459:cbf27265b0da,cbf27265b0da96f094188bae32f10bc853036fe8ea8f00e77c3aee4efb251dc6,0.6860592961,d4_component_default_guard
1mlc_LC:0000460:ccb4a812703e,ccb4a812703e72c0dcaa4de36f084d7e472d6dab68572c929f2062eacb52b731,0.3095499575,d4_component_default_guard
1mlc_LC:0000461:b984f2e9feda,b984f2e9fedadf966c84673aa6c7494b471f2413604bb73f6a9a9da80583a2df,0.3183315098,d4_component_default_guard
1mlc_LC:0000462:0c79b5a38261,0c79b5a38261f37e013c2fd05452f4be12cb0bac5964b91894baec37cb1892b0,0.7969264388,d4_component_default_guard
1mlc_LC:0000463:252e0dbb5b4b,252e0dbb5b4b8a9f1e78136946fc6d0f9671de19d0dd064bb725f074ad72f1c6,0.3040614724,d4_component_default_guard
1mlc_LC:0000464:7b01712cd44d,7b01712cd44d14fb64eac1c4c18e8a2b953c7d231a69ddb2d98dcc1b963126ba,0.3304061592,d4_component_default_guard
1mlc_LC:0000465:3460426da6cf,3460426da6cfa051c940ffcb1fb0a974ce9cc59dbcd043477fa329551a98ab52,0.6937431097,d4_component_default_guard
1mlc_LC:0000466:8ece84fcef5e,8ece84fcef5eb613f60de326b471f2a14020464c44d41b4a6b07e3711ce095ab,0.2722283304,d4_component_default_guard
1mlc_LC:0000467:63402cf94e10,63402cf94e10a44e588e07c16eb00f4e104a00dbfe59622a067e098cd5a41adf,0.6882546544,d4_component_default_guard
1mlc_LC:0000468:977ea4263530,977ea4263530cabb4d2f542b16f54e8e86ed354eefebbe763bd4574a7b14fb38,0.6278814673,d4_component_default_guard
1mlc_LC:0000469:824827f6841f,824827f6841fb9b251598c3e1f83825646d4ec359e49400a08c17198e0907d96,0.07354555279,d4_component_default_guard
1mlc_LC:0000470:4a48bbca637d,4a48bbca637d2c4aea3ed455075156f01689cda2c17f646817706717eb0e3df0,0.5268934965,d4_component_default_guard
1mlc_LC:0000471:5fb04a56aed4,5fb04a56aed4a2c631fe7d4cdc1dd99d41b004e83222c870a9d8af274af94c15,0.5554335713,d4_component_default_guard
1mlc_LC:0000472:6a00023f8d63,6a00023f8d634b2a8c9d9a1bdfee442d934cbe74b9af4df23e2a1acfc016e5c6,0.6728869081,d4_component_default_guard
1mlc_LC:0000473:7b5809bb3ffe,7b5809bb3ffe48c8342831b56b188c64d47316511b0ca3bef52df4424c9f8b25,0.967069149,d4_component_default_guard
1mlc_LC:0000474:f9b13e043be9,f9b13e043be99cf6a6e148bed2e81af7aa171060c9d7163ed01eef1999ada715,0.8693743348,d4_component_default_guard
1mlc_LC:0000475:a3060983e69f,a3060983e69fe8eb34177cfb4cacf49c30e702cafc6b750a6d44faadcd3e5a6e,0.6652030945,d4_component_default_guard
1mlc_LC:0000476:a9c31a5ea8d9,a9c31a5ea8d949196f935c8d14ac821bf013a51ce0e84326eeacdb4b28ea50f7,0.2711306214,d4_component_default_guard
1mlc_LC:0000477:7159b913dec0,7159b913dec0fea4a45523c660efae6b7f6b2428d83bae8d5fb1b884fe366228,0.6706915498,d4_component_default_guard
1mlc_LC:0000478:5742b3ed61cd,5742b3ed61cd407ec915c395ac232a77bbf475eabb424686ec0d7ce74b7fe4eb,0.8726673722,d4_component_default_guard
1mlc_LC:0000479:0751e3d417a8,0751e3d417a8efa9017be1ad7e4687563d0c6e0b6895b7b326bdfa0637321ce1,0.2634467483,d4_component_default_guard
1mlc_LC:0000480:30eb04bcfb5c,30eb04bcfb5ceacd2ffdf036285688bc8a6c1f9c57fbb746dd91f43677d848fe,0.9538968205,d4_component_default_guard
1mlc_LC:0000481:1156d04f1215,1156d04f12157adb2ad4647e24ada9e0f84bbbc5666bded4cbeeb8bba385adf0,0.6377606988,d4_component_default_guard
1mlc_LC:0000482:2f9ada9cea3b,2f9ada9cea3b90595bd8f108efce82b0103f1fc90fcf1106cb5b02436b7af8cb,0.6761800051,d4_component_default_guard
1mlc_LC:0000483:5b891b774507,5b891b774507828f4c53f68eddd04f2e277f736e81a963ca41a39b336d53fcdd,0.930845201,d4_component_default_guard
1mlc_LC:0000484:2f1cd9e5bd6c,2f1cd9e5bd6c78443e32222930026d21ee426d7cbc64586cbbaeee12d2c992c5,0.3161361217,d4_component_default_guard
1mlc_LC:0000485:42ba62bc77cf,42ba62bc77cf49102ec28df3633e7e4acf6a4e075c03e14fcba03155a60f9742,0.9275521636,d4_component_default_guard
1mlc_LC:0000486:7871bb5e53d6,7871bb5e53d66f01ddcdb069fa9407c46c53958b571ec9c01f1439bd7bde8288,0.9220636487,d4_component_default_guard
1mlc_LC:0000487:e48c68c80dba,e48c68c80dba106c00ea07212341b476061381ce133704e7c7716d7d036df4bf,0.9374313951,d4_component_default_guard
1mlc_LC:0000488:0234ea729414,0234ea7294142009b3adcc7404096000db2b885c39130592fb6501911c879831,0.9198682904,d4_component_default_guard
1mlc_LC:0000489:b053d18312cd,b053d18312cd92352b93453d17702331954f824c4439768de80c867cba794f8f,0.8638858199,d4_component_default_guard
1mlc_LC:0000490:cd6b6f729a55,cd6b6f729a55d70b6557b34fdc02ca6033bc0e6907fc768ec84f32296679cbef,0.194291994,d4_component_default_guard
1mlc_LC:0000491:639610f722d6,639610f722d6fda7ce26fd4eb83d9f14d80d92f1534df3be5f510294634fbe2d,0.934138298,d4_component_default_guard
1mlc_LC:0000492:935227b79961,935227b799619f6958bf58cc48a210c88e27cd665eede5e74924db0c1fecb51c,0.6981339455,d4_component_default_guard
1mlc_LC:0000493:51e59511ecc6,51e59511ecc630575bd2a12306150ba2e5407652f16959c81dcf8afd36787100,0.6289791465,d4_component_default_guard
1mlc_LC:0000494:4d1e64b8946f,4d1e64b8946fd07bb0f15cadd07098abc3502811bffc4285ab1c6c7cc1d97c09,0.2963775992,d4_component_default_guard
1mlc_LC:0000495:4ad4b61722b2,4ad4b61722b2e25fdbd22bef4a532010d6456a653a06c322b7b473a2bbe3cb1a,0.3018660843,d4_component_default_guard
1mlc_LC:0000496:8d95de5a1de0,8d95de5a1de0dfdd7c5ad591b0e5ca9fd0530971a41964874ba5cdd3ea9e805a,0.02085620165,d4_component_default_guard
1mlc_LC:0000497:44a6b3c5b616,44a6b3c5b616bd2320b7d2f78b0355b1baf815707fd1f1b5624184260d9241ba,0.6553238034,d4_component_default_guard
1mlc_LC:0000498:9f65ca856efe,9f65ca856efea37dbb0a2e039f7a3a291a1f996467b348996449e6f7a827b190,0.5697036386,d4_component_default_guard
1mlc_LC:0000499:035abf1b7ec7,035abf1b7ec735c9bd47f909578bcda9a3f66ea79139fe37703f8983560b6cb8,0.68166852,d4_component_default_guard
1mlc_LC:0000500:6fcb3881886c,6fcb3881886cfb7f25e979c252954e24646d3a357876eff49b2c9ee20fb61cb4,0.7003293037,d4_component_default_guard
1mlc_LC:0000501:50a43d760e1c,50a43d760e1c64e517108ee06f5655c92d6f7d818c4fc4fa7e249e1b7cc65850,0.7727771401,d4_component_default_guard
1mlc_LC:0000502:13d124773166,13d124773166ace12a90709692bc47e2e9058eb7687afc6823ced9ed9673fcd3,0.4412733316,d4_component_default_guard
1mlc_LC:0000503:ad3011650ac7,ad3011650ac7bd1b1c8bdf55fc0d8fec3e68d5f14f6ed6760cd30d7ad9fceafe,0.742041707,d4_component_default_guard
1mlc_LC:0000504:be228387d987,be228387d9878204eb56510e905eb16e2c654a3e4158b7a82eff63195c0e416d,0.3501646519,d4_component_default_guard
1mlc_LC:0000505:8d95de5a1de0,8d95de5a1de0dfdd7c5ad591b0e5ca9fd0530971a41964874ba5cdd3ea9e805a,0.02085620165,d4_component_default_guard
1mlc_LC:0000506:cd05462fd098,cd05462fd098b81d853441014ce8a5394787e802df21031237d880221a8687aa,0.6103183031,d4_component_default_guard
1mlc_LC:0000507:06a028a94bd0,06a028a94bd056096a5501b9198fcdae93bebc5f0e23eefa356a53e5a24a843c,0.3644346893,d4_component_default_guard
1mlc_LC:0000508:e927ee1f65e1,e927ee1f65e131ee67c00659963748d12335f683e514f5e052a477dcabe01a19,0.9527991414,d4_component_default_guard
1mlc_LC:0000509:6eb94b1e8e70,6eb94b1e8e70957bd0f6cbc511a05626af246309793f6bcb42903eb3e4111991,0.3326015472,d4_component_default_guard
1mlc_LC:0000510:74752930a836,74752930a836dd2e744abdf19bbb7fda6f7967de2d53e1dad0023146a5eaf7a7,0.6256860495,d4_component_default_guard
1mlc_LC:0000511:6fff00df1ada,6fff00df1ada5cc2aeb8e189d32f8ffead2839e2c1f827684219b74af9565d84,0.8781558871,d4_component_default_guard
1mlc_LC:0000512:0e2433efc7af,0e2433efc7af9b42c33b8018e15b0b6b21c3d63ea19abbec2fb3229beaa69835,0.8990120888,d4_component_default_guard
1mlc_LC:0000513:f1f663da8c57,f1f663da8c576ef8284cbd4ea20d66e281633f1ef5609707682805c1933e149b,0.8803512454,d4_component_default_guard
1mlc_LC:0000514:3562c3df952c,3562c3df952ca13aee5f58fef08e6407c05488917ec6f8d346639ccd8cdacda5,0.6586169004,d4_component_default_guard
1mlc_LC:0000515:1378877c6248,1378877c6248c0426f17686f91cec2b1ae45e52b2e24e07ce164abf81486c561,0.4357848465,d4_component_default_guard
1mlc_LC:0000516:c052e3b54851,c052e3b54851d2c746986f4f3a5f276b6ef1da5943721efa302b6caf046b0b93,0.2755213976,d4_component_default_guard
1mlc_LC:0000517:90afd90a1327,90afd90a13272dfaf07af700d005ec86c5b3570590d1fb84bbc66ba4ea455bf0,0.8880351186,d4_component_default_guard
1mlc_LC:0000518:8d95de5a1de0,8d95de5a1de0dfdd7c5ad591b0e5ca9fd0530971a41964874ba5cdd3ea9e805a,0.02085620165,d4_component_default_guard
1mlc_LC:0000519:f34a898b626b,f34a898b626b1215872e802b6e773c2880420cf2a5b95f47f74fbd3877b12a31,0.9352359772,d4_component_default_guard
1mlc_LC:0000520:78eba6dd1e30,78eba6dd1e309db6e2c19354ded1fa5593a472b33373ee87e3b594ab80a7b6b1,0.7464324832,d4_component_default_guard
1mlc_LC:0000521:2646fb755b1b,2646fb755b1b17059b2b46058153942a2bd8014bd544f537439b4c5ef1206ae5,0.8715696931,d4_component_default_guard
1mlc_LC:0000522:f85d76990bf2,f85d76990bf2bd634c89e92345cd4e5a55b027584455a322b7c9a99a316180a6,0.8902305365,d4_component_default_guard
1mlc_LC:0000523:8d95de5a1de0,8d95de5a1de0dfdd7c5ad591b0e5ca9fd0530971a41964874ba5cdd3ea9e805a,0.02085620165,d4_component_default_guard
1mlc_LC:0000524:0af1277bb756,0af1277bb7563ecff21fda6bbef418b7a9f6432bfd9574a021b026c78cd4bcbd,0.7618002295,d4_component_default_guard
1mlc_LC:0000525:afa194de8972,afa194de89721278d1c9f6c297fc0f5701bdb544f5d229ac4343acf857982b11,0.89791435,d4_component_default_guard
1mlc_LC:0000526:767fb733665d,767fb733665d4e5f9cf721390a60b4f0a0d923a2548f3b2ce3a1b4948ef338c5,0.9231613874,d4_component_default_guard
1mlc_LC:0000527:b8394a85b255,b8394a85b255220ea99cb2753ea7be49b5eeda7d58c3a829942b4a81b20be2a6,0.9154775143,d4_component_default_guard
1mlc_LC:0000528:8d95de5a1de0,8d95de5a1de0dfdd7c5ad591b0e5ca9fd0530971a41964874ba5cdd3ea9e805a,0.02085620165,d4_component_default_guard
1mlc_LC:0000529:5a27de42b260,5a27de42b26064cde5087eed0f2bde98c3e7af2ce46520084793f18e267eeb27,0.9901207685,d4_component_default_guard
1mlc_LC:0000530:e7a5201c78d3,e7a5201c78d34c713333d6e2beda32abfd4ff78832fbe7afa04912e3f89f508e,0.3391877115,d4_component_default_guard
1mlc_LC:0000531:6fcbf2d63c9e,6fcbf2d63c9efd8f97f0781821ea37134c527867c79b38ab081659fed6697d3d,0.9945115447,d4_component_default_guard
1mlc_LC:0000532:e14c7f1192ed,e14c7f1192ed738ef96622fc6e5100d547560e8ea2c918d21bf44fb2d8ba803e,0.993413806,d4_component_default_guard
1mlc_LC:0000533:ebfd14228746,ebfd142287463523a1e5da466a472ddda59cd8e1f77bcacc26889258a230a8ce,0.9176728725,d4_component_default_guard
1mlc_LC:0000534:559d26dfe40d,559d26dfe40db06db979f915d38febe97e0ca016d06fa8d116d0696370c07cda,0.3600439131,d4_component_default_guard
1mlc_LC:0000535:fb72b5d40c7e,fb72b5d40c7eae9ad6ed49f3720d0eac4690a613810cba4394ad108ba7f58810,0.9912184477,d4_component_default_guard
1mlc_LC:0000536:81a9e5b5da36,81a9e5b5da3683650bacf1cc8ef3bde3d37c7431f3f5086982e14264bb73b98c,0.7354555726,d4_component_default_guard
1mlc_LC:0000537:1f6c0eb0f106,1f6c0eb0f106f935504252226f14228951133640992b1c8dedec7fa3e67f48f5,0.7859495282,d4_component_default_guard
1mlc_LC:0000538:5ca3685779af,5ca3685779affb4140abbe976da10c81e2f59ccf5721c0eb4516ede986b2c311,0.9923161268,d4_component_default_guard
1mlc_LC:0000539:7fd0307676ea,7fd0307676ea6d380a10e49fef0523adb8eca0c98b02f280006609a82dc84878,0.7497255802,d4_component_default_guard
1mlc_LC:0000540:f936a44d76c3,f936a44d76c318f285e7bc9c3882a20d1cfd114be93acc73e36dee9176d65e56,0.645444572,d4_component_default_guard
1mlc_LC:0000541:6e609d18bc89,6e609d18bc89eac12deb59b6c7cf49d47f33d368ff0e98576df95c2949f4cd61,0.5938529372,d4_component_default_guard
1mlc_LC:0000542:6d9d91de0434,6d9d91de0434b0df2fc47e652862f00e540069e7410193fc6c38cf4cddd8acad,0.5872667432,d4_component_default_guard
1mlc_LC:0000543:2a5226093384,2a522609338434e1141a85c94ce890e730daafe6d6015cf41df647a8c4151c96,0.771679461,d4_component_default_guard
1mlc_LC:0000544:89f46b86edec,89f46b86edec509f71ba68d02d82d5007c7b0f094ce88ca6e31a0e0ca5c2e9c6,0.7080131769,d4_component_default_guard
1mlc_LC:0000545:e8a8234062f9,e8a8234062f9bae24f0fb78c5b859f13fbc72c2aa139ee9699a51672f69cbb51,0.2799121737,d4_component_default_guard
1mlc_LC:0000546:8d95de5a1de0,8d95de5a1de0dfdd7c5ad591b0e5ca9fd0530971a41964874ba5cdd3ea9e805a,0.02085620165,d4_component_default_guard
1mlc_LC:0000547:67a2d0756ef5,67a2d0756ef58f1426b31621c72ffe013897cb376d9a81ae54072e927877a9b9,0.6212952733,d4_component_default_guard
1mlc_LC:0000548:47d7cd07ba7b,47d7cd07ba7ba67ce24e743ad8ef41efca23727b766c26694e40e33c77fc2bef,0.1547749788,d4_component_default_guard
1mlc_LC:0000549:d396be426782,d396be42678244af24a22409de8df90edb025dabe8bf3a64c994151f90c0d814,0.3787047267,d4_component_default_guard
1mlc_LC:0000550:8d95de5a1de0,8d95de5a1de0dfdd7c5ad591b0e5ca9fd0530971a41964874ba5cdd3ea9e805a,0.02085620165,d4_component_default_guard
1mlc_LC:0000551:22d4916619dd,22d4916619dd9953e19e814ebc2ff82a112b407aecfa0f45b985dfb3bee2761e,0.08013172448,d4_component_default_guard
1mlc_LC:0000552:23c4d0633fc9,23c4d0633fc90a3bbe57c3042850fb66e04c214e1c6fa0bf2ebe55167af504d1,0.1174533516,d4_component_default_guard
1mlc_LC:0000553:cbc2fb4947cd,cbc2fb4947cd9260a17183ab7493f1b99e64f6d13bb1e8be1e8b2c13d1466ba9,0.0878155902,d4_component_default_guard
1mlc_LC:0000554:a5f7156a43ed,a5f7156a43eda5afd7046aa4117b212001604c2cc9a117eb5e69ba62148c0b2f,0.0779363364,d4_component_default_guard
1mlc_LC:0000555:1f3ec12bbd39,1f3ec12bbd39181d959d662216565aacbca0e4f5c5822396c4fdf88d380177ed,0.6399561167,d4_component_default_guard
1mlc_LC:0000556:2e84a9a08a85,2e84a9a08a85be15c0a46de76c253e9c0a2514d7bbf8909561b5904fe33b18ad,0.07464324683,d4_component_default_guard
1mlc_LC:0000557:65be09c62d7f,65be09c62d7f44789b7793839eb6e3a997e5095a95cb620941a836af6dbda90a,0.09659714252,d4_component_default_guard
1mlc_LC:0000558:d6e3e1dccbf4,d6e3e1dccbf4de8c98a92652421b674e287c9a0802dd72e991064f52fbf79b4e,0.1427003294,d4_component_default_guard
1mlc_LC:0000559:22904865d6c3,22904865d6c38970816d84887ba69f3267981b33877753f6cda266e68a8383cc,0.1262349039,d4_component_default_guard
1mlc_LC:0000560:5cec7a7eef38,5cec7a7eef380aaacfa8bb715bbe113821531ec4e25f2b9ecdf0fa0c65682b53,0.1218441278,d4_component_default_guard
1mlc_LC:0000561:4c52efe39950,4c52efe39950dce62dd2de16fd12dd7a62325485229abea2d9c5b70a854c8504,0.1668496132,d4_component_default_guard
1mlc_LC:0000562:165f2f7e9b25,165f2f7e9b25c4567bcd018aef9e081c5c3549bb51f188e9d36c3db74f3d998e,0.05049396306,d4_component_default_guard
1mlc_LC:0000563:eb91acdece7c,eb91acdece7cd116db40faecd857ef8ee64af2e2beae810ea4ba300754a23f58,0.06256860495,d4_component_default_guard
1mlc_LC:0000564:4adbaf3bd6ee,4adbaf3bd6eee246ed0b745c4530856949b2fc694a431b472dc6a1470724f222,0.1844127327,d4_component_default_guard
1mlc_LC:0000565:38da59c8b426,38da59c8b426663b428998757157592a4224068cfe0ff447eef164603bc6a93d,0.1372118592,d4_component_default_guard
1mlc_LC:0000566:42af046d5e13,42af046d5e13455e53dd7f259761eb85fa5eff7e00ae0ce7b5d78e0fe8e9564a,0.6114160419,d4_component_default_guard
1mlc_LC:0000567:c185900a57a2,c185900a57a252f577602142b56e1bc31696b7a0b6607d5332aba3b7c38f3533,0.5148189068,d4_component_default_guard
1mlc_LC:0000568:1f3ab7fbcd87,1f3ab7fbcd8784ed0c5b9605cb4960b8a9b5909c9bd8ad4d5d110f5b4246a743,0.1196487397,d4_component_default_guard
1mlc_LC:0000569:cd2eaffc1b38,cd2eaffc1b38a997dcc9902984fc3c7368e16889c65150c07c8ded013f2f3955,0.1350164711,d4_component_default_guard
1mlc_LC:0000570:b67b714521ec,b67b714521ec9f73ef1b2bdb44e9e7f8b7a540db048284812b2b408fd2685576,0.129527986,d4_component_default_guard
1mlc_LC:0000571:3d24f28283bc,3d24f28283bcbd899d761539a24110ce2603764f6d54d9c58565a1c8ba06424d,0.5170142651,d4_component_default_guard
1mlc_LC:0000572:669d663b2965,669d663b29658c102124f0d367c89ad44154c6b6503154c0b46a140d915442b9,0.113062568,d4_component_default_guard
1mlc_LC:0000573:87842ff546a3,87842ff546a3ab31d3afae78af76ade325eec99848a587273acc4d94378aa6ea,0.5521405339,d4_component_default_guard
1mlc_LC:0000574:d4bdba9f1307,d4bdba9f1307cd45ca9a632149a1a0651676f4e0d770c6472833d2a9e9e6a71e,0.1888035089,d4_component_default_guard
1mlc_LC:0000575:ab8711cd9055,ab8711cd90553de2ebd3c9f60d6383911d344fe8c8e27d8b37a02978c09b7e13,0.1097694859,d4_component_default_guard
1mlc_LC:0000576:3c3989b32304,3c3989b32304ee069f471154b3410445d65892a812b34db5eee6dbc5437f092d,0.5422612429,d4_component_default_guard
1mlc_LC:0000577:74b4405ec18f,74b4405ec18fd5a9bdfe4e3bbbc68bdf693c9d5f98bcfaf90f08dd21071ad3dc,0.07683864236,d4_component_default_guard
1mlc_LC:0000578:c079d8b2be0f,c079d8b2be0f0f703a06d91ba8a09d2b39a1bb3f17af9e9064f2a3097851c2e1,0.5642151237,d4_component_default_guard
1mlc_LC:0000579:2ce85a1ea79f,2ce85a1ea79f1bb50bf735ead1ea9664555cd8381f4d5292e84d96bb8b78aa4c,0.5532382131,d4_component_default_guard
1mlc_LC:0000580:43f99834d4e6,43f99834d4e692cc29da8b15ad748aa0aa6bce9e04ac46961ff51d2627aa8324,0.5257958174,d4_component_default_guard
1mlc_LC:0000581:91bcf28a6fd4,91bcf28a6fd44803e5c0b778bae98bd3ccad6ad373da079b9d12d82d7f2a3d06,0.5389681458,d4_component_default_guard
1mlc_LC:0000582:e3b37bdf2d47,e3b37bdf2d47a4ea99af7485441068122884e99617e712a56245d24c11a4eeed,0.5236004591,d4_component_default_guard
1mlc_LC:0000583:a76c24eae0d0,a76c24eae0d0cecbc61206573cd12de5f3b4858b627acb2823071dd75ebc995c,0.09879253805,d4_component_default_guard
1mlc_LC:0000584:4ee42be882f1,4ee42be882f13b27551369d21e4e6d1312018be64f15df81587ceed15a127e2f,0.6015367508,d4_component_default_guard
1mlc_LC:0000585:8d95de5a1de0,8d95de5a1de0dfdd7c5ad591b0e5ca9fd0530971a41964874ba5cdd3ea9e805a,0.02085620165,d4_component_default_guard
1mlc_LC:0000586:43fcb2a3a78c,43fcb2a3a78c61918e590ea11a34d83d9870bab3cec3b5f0a3fbba6dca1b4794,0.1646542251,d4_component_default_guard
1mlc_LC:0000587:7fcefb5f1bf6,7fcefb5f1bf65284e24683158da45adb83bc854abaa05c08203a544ea38f50c0,0.06915477663,d4_component_default_guard
1mlc_LC:0000588:0d37ca62dc9c,0d37ca62dc9c878672eff7d848a274465cf9fd3adbfe86a7156c0f3d7fe6b999,0.07135016471,d4_component_default_guard
1mlc_LC:0000589:3a60388006df,3a60388006df0ac5d4a55a1850213f8bc648c9ab63d09be1be263a1e9b61f82f,0.1591657549,d4_component_default_guard
1mlc_LC:0000590:8d95de5a1de0,8d95de5a1de0dfdd7c5ad591b0e5ca9fd0530971a41964874ba5cdd3ea9e805a,0.02085620165,d4_component_default_guard
1mlc_LC:0000591:22030a305039,22030a305039faf794ddd6fcb95e2d5ee38c4d61fc3fc8b9fa7777f0832c6078,0.05927552283,d4_component_default_guard
1mlc_LC:0000592:a8b42deeca27,a8b42deeca272e42fdf063437d5a7aa861e6b5b46758d3c093127190083f53c1,0.1240395159,d4_component_default_guard
1mlc_LC:0000593:bc2114166325,bc2114166325bfa1235e5b111cd2b71228ef5233b7cb08fd077b3250cad3dbea,0.1152579561,d4_component_default_guard
1mlc_LC:0000594:8611174ff54b,8611174ff54bbbe96290a65f1b7b2d71b1c51601847908f606100d1734ddb6e3,0.6432491541,d4_component_default_guard
1mlc_LC:0000595:da923029aef1,da923029aef10a394ab7e5bc823443e3cdd6821d559835aabc072e0184c38532,0.4928649962,d4_component_default_guard
1mlc_LC:0000596:56c2b34277f8,56c2b34277f8cf5d14b965f6e3a7d760d917ee3389c3241aa6b8bfb4782157c8,0.8002195358,d4_component_default_guard
1mlc_LC:0000597:b2195b1891f3,b2195b1891f3e27a126d25710dd332b957ac9bb71e009b917ff1e969ce06033e,0.5949506164,d4_component_default_guard
1mlc_LC:0000598:5d8d6a8b45e9,5d8d6a8b45e914d404deebeef3bfd10d08590cf15860e08a96f8eeabcce1afea,0.605927527,d4_component_default_guard
1mlc_LC:0000599:e7d607b816e5,e7d607b816e5989db374ebdc1175f6e714b9e98853d48f69702a96da022de360,0.322722286,d4_component_default_guard
1mlc_LC:0000600:467597e4de9a,467597e4de9a437b35044a3f2e0887986480a127dd039a552afd01daa6a36aeb,0.5718989968,d4_component_default_guard
1mlc_LC:0000601:19747d3afc1a,19747d3afc1a524939ea1358923cbfc35a41fa156cf1c37419dbf8714f8fae4a,0.9242590666,d4_component_default_guard
1mlc_LC:0000602:75cab31258c9,75cab31258c9926ecde69aba62f14911da43f63dc9cbdbde8ae079bc3bbac666,0.576289773,d4_component_default_guard
1mlc_LC:0000603:d58d87e3bee5,d58d87e3bee52a4145039fb109607c8caacba0c4f71005b2d5e0d7c7dacb1224,0.3128430247,d4_component_default_guard
1mlc_LC:0000604:4f012ecf271b,4f012ecf271b54eaa7d9d8b72ac5f2310938cce2b06b22aa519dcb0dd5678201,0.8858397603,d4_component_default_guard
1mlc_LC:0000605:81231eec0e25,81231eec0e2550d27b7b538d0e23e8294b8560d6a8c933a5213ed53d764fbe64,0.6794731021,d4_component_default_guard
1mlc_LC:0000606:041c77674f63,041c77674f63e9d95f53f40921934086f638a429b57ac4178fcf0d0f2ea4c613,0.8847420216,d4_component_default_guard
1mlc_LC:0000607:8d95de5a1de0,8d95de5a1de0dfdd7c5ad591b0e5ca9fd0530971a41964874ba5cdd3ea9e805a,0.02085620165,d4_component_default_guard
1mlc_LC:0000608:1130af4de346,1130af4de3465751093e25658357dc24006ac678320594cce1d25c1fe6e907c4,0.4665203094,d4_component_default_guard
1mlc_LC:0000609:5ba3c5db9ee5,5ba3c5db9ee5c01203e83483701404498bb76612c157d3caf692bd70e243d047,0.3117453456,d4_component_default_guard
1mlc_LC:0000610:81a87c55718d,81a87c55718d2b363a1a1e2e3b9405c90ade6ffee9c8fdfcf7573125a9eec532,0.7244786024,d4_component_default_guard
1mlc_LC:0000611:7db73c8d41c8,7db73c8d41c8b93d0a3b6100d06e46a7edf35b1fb2352d0a33cb6ca4f54e2c59,0.6081229448,d4_component_default_guard
1mlc_LC:0000612:fbda259ed85d,fbda259ed85d3d4fb9d5ed8dc70d72ad3b5385ae995834e361ca2fe53e5de6a2,0.7343578339,d4_component_default_guard
1mlc_LC:0000613:0d6fabd4fc63,0d6fabd4fc6354fd97bb5af4835ff6a64980db23ee6c6b4f396efbd088e8c237,0.7233809233,d4_component_default_guard
1mlc_LC:0000614:56d3a1d883ae,56d3a1d883ae162030c18d6dba2cd836eafa3b08f20298855ad19594055bc6a4,0.8759604692,d4_component_default_guard
1mlc_LC:0000615:316cd1e487a5,316cd1e487a5aa67c5130507202d3a1f89a359aa0aa33a72591d422638b8b276,0.6805707812,d4_component_default_guard
1mlc_LC:0000616:dc15ca52548b,dc15ca52548bd0e12238b463de2d6917d3a46ea51cb51bb2df4445a66414e2db,0.6037321687,d4_component_default_guard
1mlc_LC:0000617:357c4062103c,357c4062103c209eacb97b92c4bcec10c08bb4512db32c068274fbeb885fd87d,0.7958287597,d4_component_default_guard
1mlc_LC:0000618:7f9dd02319c1,7f9dd02319c1c1f33409b18d6628ed038154753ba025a249637988600b6462fb,0.6849615574,d4_component_default_guard
1mlc_LC:0000619:fbc91ccf2fec,fbc91ccf2fecd9ca0036e0c6a15a810894f2c22d388b7f7a75ae5b968704823d,0.7639955878,d4_component_default_guard
1mlc_LC:0000620:2c456085223b,2c456085223b4da670ab090e97f27851b2c0ef7a610b730c1536d94170bb0070,0.8430296183,d4_component_default_guard
1mlc_LC:0000621:67ba1ef38f88,67ba1ef38f88655f25df69251dd301a808f605afa812bd3d20893701ba983d53,0.5751920938,d4_component_default_guard
1mlc_LC:0000622:5c5d7dc1f84a,5c5d7dc1f84a3bef5cfdab4ad5cf0bb660b92074185fadb24e89dcaea2857521,0.9978045821,d4_component_default_guard
1mlc_LC:0000623:65336a251166,65336a251166d32c48cd1aff8838a0c8cca6bec24d75c4871f1208625d272a57,0.543358922,d4_component_default_guard
1mlc_LC:0000624:3d047ebfafa1,3d047ebfafa1f1595373e32cf585532158d0fd10c4ccf7ca413d7a31444fd5fc,0.9956092238,d4_component_default_guard
1mlc_LC:0000625:4d73a961ed50,4d73a961ed50ecee71384657268bcf13114150a18f6eca331afd4b680dfe8a11,1.0,d4_component_default_guard
1mlc_LC:0000626:7b96b1f5309c,7b96b1f5309c99f96ecd008cd54ced5061d7749453050e724020dedbd3af3943,0.7135016322,d4_component_default_guard
1mlc_LC:0000627:72ea1926ebac,72ea1926ebac46274f1377cdf154f50b1ea4987a47e7c07130f2ca8682619b49,0.5181119442,d4_component_default_guard
1mlc_LC:0000628:4dd3d2e8f2a2,4dd3d2e8f2a2aece4f8e6362edeae41093750a3156f6838fc5921bbbdf6cdd19,0.996706903,d4_component_default_guard
1mlc_LC:0000629:3022101a0ae6,3022101a0ae655f801fae6fae748e41dcdc4f5ba8e6c6088fac927f7159a0340,0.7552140355,d4_component_default_guard
1mlc_LC:0000630:4841b769f25b,4841b769f25b9ccd82d4f05f97f5c384b01a63a58fda4ae6294c65f2c1f62ed7,0.7409440279,d4_component_default_guard
1mlc_LC:0000631:d08374038b0b,d08374038b0b447e3a5c06d0fc40f4ca7506c2e185a38087e9c7f9e20139ab72,0.9989023209,d4_component_default_guard
1mlc_LC:0000632:8ec43449ea49,8ec43449ea49a30197b4f7a3c0c1593a4aea44c394015c028523730ea2fe38a6,0.768386364,d4_component_default_guard
1mlc_LC:0000633:8d95de5a1de0,8d95de5a1de0dfdd7c5ad591b0e5ca9fd0530971a41964874ba5cdd3ea9e805a,0.02085620165,d4_component_default_guard
1mlc_LC:0000634:a10f91e72108,a10f91e72108cc9b05f820f1a60e9493da1d7635a037a26dfe380747cf7270e9,0.2864983678,d4_component_default_guard
1mlc_LC:0000635:b6c7eeac23e8,b6c7eeac23e8b06d0f0a8bdd6823ba21693110fbe1ab1dcb473386e042d1c967,0.2491767257,d4_component_default_guard
1mlc_LC:0000636:f37cb993c75c,f37cb993c75cb4541d73e24706ea9c321bd379f07667fca943826b425aceaa47,0.642151475,d4_component_default_guard
1mlc_LC:0000637:a7f658948879,a7f658948879fc26fee1d8a4a2d2aa847ce1460803f9f59b73a54cde99d369aa,0.7156970501,d4_component_default_guard
1mlc_LC:0000638:ac81e687cb5b,ac81e687cb5ba481138681ec6c23d651648574157d0fc6f56b9f6a432b8ab550,0.2854006588,d4_component_default_guard
1mlc_LC:0000639:daa622e1f26c,daa622e1f26ce19d9ecca1139770eac49df1d5957d139249c6d94075b7551903,0.586169064,d4_component_default_guard
1mlc_LC:0000640:1ada75b9b414,1ada75b9b414541a248856317f06851f30fe4636046f1436c4d7bbe260687732,0.5675082207,d4_component_default_guard
1mlc_LC:0000641:21ade0c334a8,21ade0c334a8ce13d536eb63ffc71d6ce407ce59b5e9cd3b972a8caca3176b52,0.08232711256,d4_component_default_guard
1mlc_LC:0000642:88cfb7e86528,88cfb7e86528b1a9d64d2033ad0e9aeda8c5c6299524bc165a8959dc188af223,0.1437980235,d4_component_default_guard
1mlc_LC:0000643:1c14091da022,1c14091da0221ccc78678d10c02b4797e1fdeb671bac4c025c940c455611217f,0.2788144946,d4_component_default_guard
1mlc_LC:0000644:dea94d6aa7ad,dea94d6aa7adeadd29bee9443938b380b4f2bccccb8375594f50d31d55f69b2d,0.09110867232,d4_component_default_guard
1mlc_LC:0000645:66dbd26b9806,66dbd26b98060e752a642f8d6bef235157fe90b09fb755cec94c51da0b793488,0.5598243475,d4_component_default_guard
1mlc_LC:0000646:fb6d0eeb53a3,fb6d0eeb53a351cb5671e70bf490f5f68901965d47cf9e6517e74435272eeae5,0.06805708259,d4_component_default_guard
1mlc_LC:0000647:be4fef32a1d3,be4fef32a1d39da71cea5ac7e1c38cdad7347a905d7f0b5441c1abde0303aa84,0.5653128624,d4_component_default_guard
1mlc_LC:0000648:e833fc288bbd,e833fc288bbd4d010d372a712049542243475b9e453f73d643d1096863237d97,0.08342480659,d4_component_default_guard
1mlc_LC:0000649:1ae405a56bae,1ae405a56bae8ccae3cf79ea6aa604d03618379f064b34632225a84670b0d9f2,0.07244785875,d4_component_default_guard
1mlc_LC:0000650:81f74283047d,81f74283047d150f2b55d7d5501ede516220b29c8aab6022aa79ea1f15c84979,0.357848525,d4_component_default_guard
1mlc_LC:0000651:8d95de5a1de0,8d95de5a1de0dfdd7c5ad591b0e5ca9fd0530971a41964874ba5cdd3ea9e805a,0.02085620165,d4_component_default_guard
1mlc_LC:0000652:46b7a5c25758,46b7a5c25758a904e665d03e95c1d59a4e6658dba8d9c01a0fb012e655dc77e8,0.3754116297,d4_component_default_guard
1mlc_LC:0000653:338ea1f0eff8,338ea1f0eff897d8dbf2674a0bbddfac34f17c8058bb8d197b001d2aec29323f,0.2996706963,d4_component_default_guard
1mlc_LC:0000654:04702d7c3265,04702d7c3265f72637bfbc4cf9a373f3b60e8b4baa3243903aa8164d694f2e3d,0.07025247067,d4_component_default_guard
1mlc_LC:0000655:71a928638fd4,71a928638fd42cf504025cdb798e56c801d549fb2820179cce4aa31aae6940f9,0.127332598,d4_component_default_guard
1mlc_LC:0000656:1f2462ba9151,1f2462ba915197aa5a1b7299a24c9514f1a124615dbcc869f1d2c484287820a4,0.2985729873,d4_component_default_guard
1mlc_LC:0000657:2978e6c8820f,2978e6c8820fead5b370931eb33f0b6af399a8a8f723ae077958c3c14b26b438,0.5664105415,d4_component_default_guard
1mlc_LC:0000658:3716bb85c78d,3716bb85c78d80dcedf4323ae25f50df75a81283d86b325d85707e94f1108330,0.2008781582,d4_component_default_guard
1mlc_LC:0000659:2996fdc5268c,2996fdc5268c52971805c523d72f9af3f4e6dd2da91ad197b6c1c27a818a0662,0.5576289892,d4_component_default_guard
1mlc_LC:0000660:fd39143a252c,fd39143a252c58d8ad52a96c348c2f817f665c15e53ddf5d92ea563a5eab7ea0,0.3534577489,d4_component_default_guard
1mlc_LC:0000661:8d95de5a1de0,8d95de5a1de0dfdd7c5ad591b0e5ca9fd0530971a41964874ba5cdd3ea9e805a,0.02085620165,d4_component_default_guard
1mlc_LC:0000662:e394a96c269c,e394a96c269cc4860946cfac9993647add5c146c711cc677d2ef7d6dd356693e,0.5334796906,d4_component_default_guard
1mlc_LC:0000663:24d58973f839,24d58973f839f9233c3d8ddc3396445a2d3cc1d15390e1cef91e0fc5cc61d51e,0.5960482955,d4_component_default_guard
1mlc_LC:0000664:8d95de5a1de0,8d95de5a1de0dfdd7c5ad591b0e5ca9fd0530971a41964874ba5cdd3ea9e805a,0.02085620165,d4_component_default_guard
1mlc_LC:0000665:32b48dc8ea84,32b48dc8ea841e9651853b9a6120a14ea982f4938adfdf53713c1adce291b8ac,0.195389688,d4_component_default_guard
1mlc_LC:0000666:c8e79ab688a4,c8e79ab688a446dea21744728e8602854b018331b1989be8298ffbadea9f676e,0.2305159122,d4_component_default_guard
1mlc_LC:0000667:2e158bb5d04c,2e158bb5d04c18b79e0fb46fd51053efcb658328ca81f96325e4f4e5f92769fc,0.5093303919,d4_component_default_guard
1mlc_LC:0000668:30849e8067ce,30849e8067ce03ed286de96b08a6581c5be7322ae1f6fdf840c77931a0791486,0.8924258947,d4_component_default_guard
1mlc_LC:0000669:7ba2b32076ee,7ba2b32076ee2e6973ba7fa50faf148b610f4fa0bb518921dbdc1199c464f4af,0.08122941852,d4_component_default_guard
1mlc_LC:0000670:e77a91c6ba17,e77a91c6ba171ee442a9d7629c95d03e64c466101da471371b2018ff9124fb83,0.8869374394,d4_component_default_guard
1mlc_LC:0000671:dabaf8d450b2,dabaf8d450b2f079074d08853b226abf484632c47a0dd9be97a6760169e439ef,0.2129527926,d4_component_default_guard
1mlc_LC:0000672:0eb2432fe669,0eb2432fe6696292121b590ea3a5d9906edf7b683f0243ff363929d76b254366,0.8957189918,d4_component_default_guard
1mlc_LC:0000673:0d25b8de83cc,0d25b8de83cce586b5e8cc65df988b1cdbb6ddd1cbede6d057a4f7071ea04dfb,0.5708013177,d4_component_default_guard
1mlc_LC:0000674:118c5b04ceb2,118c5b04ceb218ec85f8cd28f2a3cdff01502ea7402242b9bea04ebfa59efc20,0.4006586075,d4_component_default_guard
1mlc_LC:0000675:b1d8507c3957,b1d8507c39571613e44a7f1b215496dea4a740d0111ec1486f247b1713740b36,0.8946213126,d4_component_default_guard
1mlc_LC:0000676:8c0306c09257,8c0306c092577185ab56576c48fde916963dc82b676c4866f38024b89380a7dd,0.2623490691,d4_component_default_guard
1mlc_LC:0000677:5a2266dbceab,5a2266dbceab252c922568a45579e0982c5b734b631243d4f0ba31f41233e4f0,0.2886937559,d4_component_default_guard
1mlc_LC:0000678:3e2afd51a69a,3e2afd51a69a94b87f10eeea320798723d20f4305dc5c65fddc27e2598fcf2ad,0.06695938855,d4_component_default_guard
1mlc_LC:0000679:c726cdf0946d,c726cdf0946d9d1134a42b9c4185ba19f2db0f62b45a064e057896df1d8a525a,0.06476399302,d4_component_default_guard
1mlc_LC:0000680:78fbba73f4c6,78fbba73f4c6c1e643dbea1680d676de8ca3dbae9cf6fd15d938dc9e7b64ac8e,0.0933040604,d4_component_default_guard
1mlc_LC:0000681:1095d2ae9550,1095d2ae95502364eb5ebc8069e3a15367ff413be851cb7f98c3a3218933b585,0.2239297479,d4_component_default_guard
1mlc_LC:0000682:8709abec6a4b,8709abec6a4bda22b72218f97b455b93f21f363bca86e9b6c37496ccc4e060d5,0.1383095533,d4_component_default_guard
1mlc_LC:0000683:03fab2339fbb,03fab2339fbbe0a7947111830088bfd4aea5ed74b73b6f57be05a9592e6f519c,0.5806805491,d4_component_default_guard
1mlc_LC:0000684:df3ac5b9b7cd,df3ac5b9b7cd643fcce269c09d9d31aa0f7292e52538314512688295809a30e1,0.2151481956,d4_component_default_guard
1mlc_LC:0000685:cfef4933c3a0,cfef4933c3a0c7889c282e0f9360f79cb211c4059c603f8cf8076ddffa267581,0.8265641928,d4_component_default_guard
1mlc_LC:0000686:dbbe63bcf825,dbbe63bcf825611067eab1564482e897946ca0c32ccb25d922040c7cf7de63c3,0.5279912353,d4_component_default_guard
1mlc_LC:0000687:02422cf03667,02422cf03667f11b92fddb68b3e6b8eab2551332179555d9e0ae326efd2bbb08,0.8199780583,d4_component_default_guard
1mlc_LC:0000688:9432f438a2e8,9432f438a2e8e2443552d58a8671f9c5348835982e92dcdef1ec27647f16e908,0.3139407337,d4_component_default_guard
1mlc_LC:0000689:78894ef7f39a,78894ef7f39a78fb899517ad50b0dd6d1f81c2cfab9ac2532cc1559554f1ce6f,0.6520307064,d4_component_default_guard
1mlc_LC:0000690:2e264042f9db,2e264042f9db6b1ec273b8bad0d587c57e531a19be08314b28b5738e7cca1b95,0.2074643224,d4_component_default_guard
1mlc_LC:0000691:8f8c9ac3f48c,8f8c9ac3f48c6b719acf6a9393a433bb004a46bc9170975a4ff5cf6588253084,0.2777167857,d4_component_default_guard
1mlc_LC:0000692:9df5b5d008c4,9df5b5d008c40ce6f9caab42f93771d7cef31d261e0d112442f4b38aecb02fb4,0.6871569753,d4_component_default_guard
1mlc_LC:0000693:13b52f5b8132,13b52f5b8132839e1e14c76a6f6b3c545ecf2c51a6836d5d56f642dfbc40d247,0.2524698079,d4_component_default_guard
1mlc_LC:0000694:c8092b718952,c8092b7189522ba02022e9329869da0627cbeccd08da47f47d9f032ed7365f4c,0.1899012029,d4_component_default_guard
1mlc_LC:0000695:e7e6f8869655,e7e6f88696557a6fb6d50c875e288e558185ef2c84d77d64a83df1c239d4ed2b,0.8660812378,d4_component_default_guard
1mlc_LC:0000696:7419f918ec93,7419f918ec9379968f74b5299b1e2684539218dd5ef4af496601bf1059d20868,0.2019758523,d4_component_default_guard
1mlc_LC:0000697:59c65185e11b,59c65185e11b5ed31d7c1121d3e9dd11f6310d786e7bbf893cf9a155c21fea65,0.873765111,d4_component_default_guard
1mlc_LC:0000698:5c0bc2718bfd,5c0bc2718bfd8e160a3debc60b51384fc5e80861ccb7f1507aa9e14a83c2a251,0.3457738757,d4_component_default_guard
1mlc_LC:0000699:ef3304f34e6f,ef3304f34e6f88bfa453b6dcd360f707286f727174d921896bce118c385c98ac,0.1833150387,d4_component_default_guard
1mlc_LC:0000700:830f006f5fe5,830f006f5fe52f27bef9ae1da9438794f4a3356182899f238f0e365e29ef9afc,0.1822173446,d4_component_default_guard
1mlc_LC:0000701:3f4af39639b5,3f4af39639b5b3df00e73bfeb2b8f55facd8f35adaa7b20bf70fed5c19d4bf91,0.7178924084,d4_component_default_guard
1mlc_LC:0000702:13d63b3d504a,13d63b3d504a220e7bf23fe3a7f094b936d93779e3b3940353ca26efc1a39e2a,0.678375423,d4_component_default_guard
1mlc_LC:0000703:8d95de5a1de0,8d95de5a1de0dfdd7c5ad591b0e5ca9fd0530971a41964874ba5cdd3ea9e805a,0.02085620165,d4_component_default_guard
1mlc_LC:0000704:9084c74c4717,9084c74c471706e7c3eaf606881ec508983fb70b3aea1e614c20f7030280a8e2,0.8342480659,d4_component_default_guard
1mlc_LC:0000705:346607a512d4,346607a512d4587cd81f91160c56873967d4be75c14b3547aec18104fa169e56,0.870472014,d4_component_default_guard
1mlc_LC:0000706:68956c2b6101,68956c2b6101c774711fc34d9cd82c599754f2f17960d2cf94f06a98e516402b,0.2371020913,d4_component_default_guard
1mlc_LC:0000707:3880ad490d57,3880ad490d57caa7cf7789e1fecd339b8a1101940a06caf56e55656c4e1f917d,0.6673984528,d4_component_default_guard
1mlc_LC:0000708:3f6b16ec069a,3f6b16ec069a03d2159b8b6230d3d538768890962d494544e00750cb12609378,0.8353457451,d4_component_default_guard
1mlc_LC:0000709:1925984306b8,1925984306b84239ec3a1d8be153d273d6c4e6e608e71ac167cd73a1253e8e29,0.2107574046,d4_component_default_guard
1mlc_LC:0000710:8d95de5a1de0,8d95de5a1de0dfdd7c5ad591b0e5ca9fd0530971a41964874ba5cdd3ea9e805a,0.02085620165,d4_component_default_guard
1mlc_LC:0000711:8b13686811c1,8b13686811c1cd0194399354c5ca608c9a03acd33f8c57a10c43af13a8223cb7,0.3358946145,d4_component_default_guard
1mlc_LC:0000712:ce4003cebc8d,ce4003cebc8dd8b78eab1f89abc805f16223f1f0bdeaf9f4e64343b5ec25fe8f,0.6476399302,d4_component_default_guard
1mlc_LC:0000713:4526fee645e2,4526fee645e279a88d53dacfc1fdc2de1b0af97aae3c84c3aa40f4d36ee892a0,0.9615806937,d4_component_default_guard
1mlc_LC:0000714:722b1c0a128c,722b1c0a128cc98f39134e9075aba2d39a3d011995d1196e71060510b4a75cdc,0.256860584,d4_component_default_guard
1mlc_LC:0000715:9747e124b40d,9747e124b40deba32cea580df659e7a0d7ce302d1ed203e28bb43431fb7d7ddc,0.9769483805,d4_component_default_guard
1mlc_LC:0000716:efcc348e2f64,efcc348e2f643e0252e98dc0fcbc4ab2b47ce827be9010e4d1eae7396645b4c8,0.9626783729,d4_component_default_guard
1mlc_LC:0000717:8d95de5a1de0,8d95de5a1de0dfdd7c5ad591b0e5ca9fd0530971a41964874ba5cdd3ea9e805a,0.02085620165,d4_component_default_guard
1mlc_LC:0000718:f45241f9582d,f45241f9582da0307235c82f8812310e51ea725bd2b5dca37eb61cc132365926,0.260153681,d4_component_default_guard
1mlc_LC:0000719:93b12fb9222e,93b12fb9222e544ea7ab29bdab24d47f471d4697e2f63729ded4082d12b73ff0,0.9582875967,d4_component_default_guard
1mlc_LC:0000720:3f61d0922db2,3f61d0922db2200699afd68a9cd8251fcfa4afd7ae0c1aa9e108446e2143c2d6,0.8243688345,d4_component_default_guard
1mlc_LC:0000721:cdf8a99c40c7,cdf8a99c40c73916160f4274de68efa394d0457f764be5c2346e04c03552b9ab,0.8770581484,d4_component_default_guard
1mlc_LC:0000722:7a234eabb3d6,7a234eabb3d6b5de9ec85af769ca068d2f23dd4da4658f457f3c0ee7c7c025bf,0.9681668282,d4_component_default_guard
1mlc_LC:0000723:ff185355c188,ff185355c188bc7ee2118ab89fc9c3236465f6d0ef9e355950a8b6e6de386a82,0.8035126328,d4_component_default_guard
1mlc_LC:0000724:38984758bee3,38984758bee33d45854b6522a977e7ea063402248affa37d838aa8ebb10d6035,0.3446761668,d4_component_default_guard
1mlc_LC:0000725:c0f236234128,c0f236234128392f5d6ce6a08e2b6ed593d6bd330cd5b20fc60102667c32d9cd,0.190998897,d4_component_default_guard
1mlc_LC:0000726:b1183018db33,b1183018db33de5eb1f3d884529fba246dcecc8fd966f7b9ac1cbfe382dc0dcc,0.1855104268,d4_component_default_guard
1mlc_LC:0000727:403b6f30a860,403b6f30a86046b1d6b7d273167576c059aa75ba327e1ac32b2b9c14980669bf,0.7903403044,d4_component_default_guard
1mlc_LC:0000728:c9dc296f7d24,c9dc296f7d2475b9ae34fca1fbfe21168ab3dbae64aa93b5151e831b29ef3a85,0.7826564312,d4_component_default_guard
1mlc_LC:0000729:df17a69c6773,df17a69c67735c512056e62133f5945a2be76fc34d3ef35007ea4c8b3633fdfa,0.1789242625,d4_component_default_guard
1mlc_LC:0000730:6a05f821b7a0,6a05f821b7a06adbaa39c6f55b6121cdda28542938ede30c840678385e188561,0.6147091389,d4_component_default_guard
1mlc_LC:0000731:de50ae63b7d2,de50ae63b7d2760f326ba6175c39e2c3487fe0a8e717bbbe32fa20e22a30fd80,0.3029637635,d4_component_default_guard
1mlc_LC:0000732:6d9cc8571abd,6d9cc8571abd1e48bfb825d3cfe0b2b41eff3ec11ba7a2959fa5110b34c93ba4,0.9473106265,d4_component_default_guard
1mlc_LC:0000733:69bb1051677d,69bb1051677d39fb0fd4becf90bc772b04d7502766f1d9d445bcbd46759e367f,0.5038419366,d4_component_default_guard
1mlc_LC:0000734:df9f69296bb6,df9f69296bb63d4c5c1b9693096a6312ee77c4af8c6dd1ecd68497b3fc364445,0.9648737907,d4_component_default_guard
1mlc_LC:0000735:6bab22d25bdf,6bab22d25bdffe20a62062fa7d42569f0f8b0f821bdd8c4e7e8f009359943313,0.7541163564,d4_component_default_guard
1mlc_LC:0000736:ec86a94a5e2c,ec86a94a5e2c7b0925919fe87a94d131ccec57bc05b3d5fac7896f7b04b8894b,0.8397365808,d4_component_default_guard
1mlc_LC:0000737:a3ccef4511d1,a3ccef4511d14b4c9aa35c442d461457b3470a15f574790f216856b484df3a8b,0.4259055853,d4_component_default_guard
1mlc_LC:0000738:30011e4cafb1,30011e4cafb19c308ef9b6a9e085588c47feb8cea92783657831793f941291ba,0.8891327977,d4_component_default_guard
1mlc_LC:0000739:484635bc2c97,484635bc2c97e21562dd7cdb83fbb6ab429ddb67b1afb2c98fcbe98a2b02df00,0.7596048117,d4_component_default_guard
1mlc_LC:0000740:ddaf1b0b183b,ddaf1b0b183bc5a5d9826f08a0c6ce2bbbcfa0f7d8855a10419f5cd70232cbe5,0.3688254654,d4_component_default_guard
1mlc_LC:0000741:b700da80f714,b700da80f71439fd9f55d703a5d25b5b40125af79a684228ab5e39007c5292c7,0.8748627901,d4_component_default_guard
1mlc_LC:0000742:680144522a63,680144522a63b13ff0452bc3e487692b9302e4722d259f7517b96669dc719363,0.8507134914,d4_component_default_guard
1mlc_LC:0000743:c02c27324c6a,c02c27324c6a16ff5b2087d7a0dedc053ec1fc29fd3ea3046d3f4c552ad64042,0.8671789169,d4_component_default_guard
1mlc_LC:0000744:e0bf1d832bc6,e0bf1d832bc6daaaa87061a6345db11d482c9f5accf88938620b526fd6181b13,0.4950603843,d4_component_default_guard
1mlc_LC:0000745:b5851688ed12,b5851688ed128f2eb14f247925d948589d734e058f8f768670c976274eb9fa3e,0.3819977939,d4_component_default_guard
1mlc_LC:0000746:9d1acb0e6a3e,9d1acb0e6a3ea384b6b86b316312a0ad1669b294417029f7dafa9e0132a28b59,0.3655323684,d4_component_default_guard
1mlc_LC:0000747:95cfba2b4cd6,95cfba2b4cd61c7119262e3a8cd363a8b198a697cb3bc84f7f7e390c1e8f8ace,0.9857299924,d4_component_default_guard
1mlc_LC:0000748:70048e4982ed,70048e4982ed07a8216046d0612ad55f424606118802e40be44dbcbb51912a55,0.7980241776,d4_component_default_guard
1mlc_LC:0000749:412f3ab3e805,412f3ab3e8053095f44e1a4c9a22f688f84e1ec6b4e1acaba0766a3f07da4753,0.811196506,d4_component_default_guard
1mlc_LC:0000750:8ea0cc542bf5,8ea0cc542bf55dcd3423f1835462497e22b6fda13acb35b1691ea4531362e7b9,0.6827661991,d4_component_default_guard
1mlc_LC:0000751:54a6ba63a697,54a6ba63a69709c4b762e035e38515159ed710555ed7bf50173e6d464e73ff72,0.8496158123,d4_component_default_guard
1mlc_LC:0000752:b3c41b3c9a80,b3c41b3c9a80dcda3ecd6fa0d56ca0547bd8ffa8687bad506c955e9b9fe8069e,0.8100987673,d4_component_default_guard
1mlc_LC:0000753:6ad391a6e623,6ad391a6e623ff5e57d44ccf1e33e8eab997be18470f2a6bd24b9cc2467ae672,0.7585071325,d4_component_default_guard
1mlc_LC:0000754:5bcf36bbce4a,5bcf36bbce4a3ab9a24311b8e0632583d998e38e68900ea64c9564c437129b50,0.6992316246,d4_component_default_guard
1mlc_LC:0000755:dee85309b0c1,dee85309b0c1576968d0c006a9e9e257481f005b929d969ce81fbc626cfbf0f1,0.8276619315,d4_component_default_guard
1mlc_LC:0000756:9fefd44fc956,9fefd44fc956d09933a10c314d536f1024806c90f72625a0d317e58ff4d6c602,0.8529089093,d4_component_default_guard
1mlc_LC:0000757:a194aa977ac3,a194aa977ac3a764340474c6462c471ce37763b6adc30e5c6d50984062b5be9f,0.8605927825,d4_component_default_guard
1mlc_LC:0000758:d237ccd592ed,d237ccd592ed03ec8cddadb20aa68614d64ce438dda8352833f3731b4c96287b,0.778265655,d4_component_default_guard
1mlc_LC:0000759:a974e2cecbdd,a974e2cecbdd9381ca5f000fdce0a0e0244bc4d7ca8cc3c19e13895d44f8cc25,0.9802414775,d4_component_default_guard
1mlc_LC:0000760:b8ab876d00da,b8ab876d00da8399d5249e59f37f8995d63707c8a652d5b63fd3fbe1c0a60900,0.7266739607,d4_component_default_guard
1mlc_LC:0000761:9e08912b1356,9e08912b1356e037a5112d669e5eabc487d453c1ecd8d0f3a4da665ce65a083a,0.9846322536,d4_component_default_guard
1mlc_LC:0000762:22bd40f8e3ac,22bd40f8e3ac4c3f6a5b4fc074df0c982ef891677680de37086bf3675f1684e3,0.8572996855,d4_component_default_guard
1mlc_LC:0000763:54007d2285e3,54007d2285e36062bc36ef4bbd325cc55a863be3d6ad77bac3d69cdc8e1aaa52,0.9813392162,d4_component_default_guard
1mlc_LC:0000764:0149d5a81058,0149d5a81058546e9b263b1a326502bebfd84ecc2ca65ff578e0ed325927bed6,0.7607025504,d4_component_default_guard
1mlc_LC:0000765:a4bd516fa195,a4bd516fa195b9056e491e0d08690e900b7d1fa366c9d31ced645b7913bb1e12,0.9736553431,d4_component_default_guard
1mlc_LC:0000766:fcfd0cf0a294,fcfd0cf0a29427cbd87efe50a430c42b09126333d87da72ce76ad5d222e65506,0.9868276715,d4_component_default_guard
1mlc_LC:0000767:e3564198a078,e3564198a078d7265d0c058e1130e8f830497f83603fc0e10a39640d702fee2e,0.9714599252,d4_component_default_guard
1mlc_LC:0000768:03e7e1429dc7,03e7e1429dc74848bc81914ce0cbe829d2fe1d4c9c7b237cddb5ec683e0c73b1,0.4720087945,d4_component_default_guard
1mlc_LC:0000769:62eb7709aced,62eb7709aced3d6255e2f9a3efaad702bc67bb3afdb8a6bc7532aee960f1f578,0.387486279,d4_component_default_guard
1mlc_LC:0000770:0c76a52e03c8,0c76a52e03c874739967276302515f0f9d56e4504ec9798afe1bf523131ef9ac,0.3589462042,d4_component_default_guard
1mlc_LC:0000771:c4119e7f7cee,c4119e7f7cee159404a1665277308772c6ed508ba7a6aba0b71b36a85ca2d103,0.9385290742,d4_component_default_guard
1mlc_LC:0000772:1b67b474e9eb,1b67b474e9eb6041c962daf58ea3026de3699a00265cbd8f957fbd1e4c7cf322,0.9462129474,d4_component_default_guard
1mlc_LC:0000773:d495115c09bb,d495115c09bb67b41cf30fe52a0a310bd59c2c7a28d8dee44e9487cf5b7ff1ff,0.4302963912,d4_component_default_guard
1mlc_LC:0000774:2859465f8c23,2859465f8c230dfe698ac3e44def2f4926eb741b2298d6a342ea4f79358ecdb3,0.7947310805,d4_component_default_guard
1mlc_LC:0000775:537f3c863e33,537f3c863e33cb2f1950e17f7f18a17b0335d4b1732c672141d40c16db07866d,0.9023051858,d4_component_default_guard
1mlc_LC:0000776:ee160f4eb897,ee160f4eb897b7dcb4292f9eba65a3c1a1be58b6ecd05a4969d05641afd4cd93,0.1229418218,d4_component_default_guard
1mlc_LC:0000777:f1d62a149923,f1d62a14992350403e603823ba2e3303c544301bafac5e22a6a4f593fae8efab,0.1701426953,d4_component_default_guard
1mlc_LC:0000778:b64f5d5e8867,b64f5d5e886784ff5ff1c521dfe660b5e26ea5ce99a7428f0b79dc93e9551d57,0.4072447717,d4_component_default_guard
1mlc_LC:0000779:16a06e7bc194,16a06e7bc1941188852e858c76a6439ae69c210f4d850b8dcd8d79efbae2c03e,0.1207464337,d4_component_default_guard
1mlc_LC:0000780:747af1756a5d,747af1756a5dde730a1816bef35624fa4bc945ee296df9ad02c64633832fb1d6,0.2766191065,d4_component_default_guard
1mlc_LC:0000781:099bb2cafe14,099bb2cafe140db24bb2752f67e722886831ed0d4e5a9e6ecfc0dedb69f91b33,0.05488474295,d4_component_default_guard
1mlc_LC:0000782:2761279b96d0,2761279b96d0635161a227719fe75374324e567af27f2ebe751573f3f0847677,0.1339187771,d4_component_default_guard
1mlc_LC:0000783:8d95de5a1de0,8d95de5a1de0dfdd7c5ad591b0e5ca9fd0530971a41964874ba5cdd3ea9e805a,0.02085620165,d4_component_default_guard
1mlc_LC:0000784:7130006835e2,7130006835e239462a7b0a8080598d2e9f2cb5a133167ec0e9da34be1cfecc78,0.1185510457,d4_component_default_guard
1mlc_LC:0000785:633ffdea7ba3,633ffdea7ba3e24190d55a88ca47194c2df184569f66629c312e1b078c9c5b83,0.05598243698,d4_component_default_guard
1mlc_LC:0000786:452754b757a2,452754b757a272692661271f0ddd30b05448189d6cd85fa938d93a667565a4b3,0.4346871674,d4_component_default_guard
1mlc_LC:0000787:0dceaf60adc4,0dceaf60adc4b54c0c459d4654ed2145f0879069ec074e70647163e7ae2bc97f,0.161361143,d4_component_default_guard
1mlc_LC:0000788:468f72b3a7ae,468f72b3a7aedf3197ba7b5d3f5bafee5bd28077327edaad36fd704944be6f26,0.448957175,d4_component_default_guard
1mlc_LC:0000789:190145c1e5bb,190145c1e5bb955f332ad74682fd2400d837f45af2f30d9620705f42e4a4c410,0.2667398453,d4_component_default_guard
1mlc_LC:0000790:cfb2453fb5d4,cfb2453fb5d413262c3487588ae0046cf94537eb39c4830b7a64a307b41b4835,0.05817782506,d4_component_default_guard
1mlc_LC:0000791:a983990e87c3,a983990e87c3e5311e6bff9c2b6785f1fed99b53c9dd9b1ff45a54dfcc8bdf92,0.1053787023,d4_component_default_guard
1mlc_LC:0000792:0e3da704abd5,0e3da704abd5e731191908a34f8a5c9e5f123ca58a80ab934a899ad453bdca1c,0.1525795758,d4_component_default_guard
1mlc_LC:0000793:94af0b714f0f,94af0b714f0f2bf15d9ebfefb77e38ca354a84b741df4d4018d13bbb2943ecf5,0.2821075618,d4_component_default_guard
1mlc_LC:0000794:1eaa44b4a8f8,1eaa44b4a8f8fe17430594877cfb3be6dcbba63e865f2bd1befd73bdb105f8ba,0.289791435,d4_component_default_guard
1mlc_LC:0000795:63b33f86bc02,63b33f86bc02848dc652cd069e38a7dd719b8c2dfaa5e39060fe58554cce34d8,0.4577387571,d4_component_default_guard
1mlc_LC:0000796:62d9a91b7531,62d9a91b75310f33b8ad4cd6797012f941a0aca695a4a03f4faf86a9c393dab9,0.4467617869,d4_component_default_guard
1mlc_LC:0000797:e8bcbabfe4c8,e8bcbabfe4c8881906014fed05d45501974c5ed8ac913ddf8f6af43cb1ae75d3,0.160263449,d4_component_default_guard
1mlc_LC:0000798:0f8aeb96ba22,0f8aeb96ba2271ab8a0e45313b6439139a006ffc31890e1689c2c0e2641cde39,0.2612513602,d4_component_default_guard
1mlc_LC:0000799:f6425675281b,f6425675281bd7ffa271132a831fc4603fe3e7c2ec6cb957560acd9d70dfae89,0.4643249214,d4_component_default_guard
1mlc_LC:0000800:9819e0b6c966,9819e0b6c9666aff78a826c89d5f93ee0387b08503c7eeb3bbdcd672fcb6c5fb,0.162458837,d4_component_default_guard
1mlc_LC:0000801:e11e606e3a6d,e11e606e3a6dd376943ec900a847f4b0685e42018ba7ff468b3b0a51af49594c,0.321624577,d4_component_default_guard
1mlc_LC:0000802:36987597c2f9,36987597c2f969526e748ce39164cf65a5f6a4436df73d1ef65ff28def890044,0.3380900025,d4_component_default_guard
1mlc_LC:0000803:5cacba0a8415,5cacba0a8415c568df0a9372c1e53e564f39e0c10c0645b15f73e966c01961c5,0.2832052708,d4_component_default_guard
1mlc_LC:0000804:bd99536fad29,bd99536fad2920150db88daedc0c8b5fe1ead23f93636f4e305c0e24826012c9,0.6498353481,d4_component_default_guard
1mlc_LC:0000805:df7df478ee19,df7df478ee19a4ca8af794c0514c4cb1f2680dc26a28c405ab160b98f974f0e1,0.1317233741,d4_component_default_guard
1mlc_LC:0000806:bfc652760872,bfc6527608729313ccff7263a056cb9f050e7ee6c59896f597da72b4e456aa36,0.5203073621,d4_component_default_guard
1mlc_LC:0000807:3baa77c5385f,3baa77c5385f0c910fcd9d842fceaf9bd87f2077c12acf424dad462b7d3e1d9d,0.2458836436,d4_component_default_guard
1mlc_LC:0000808:024a9de1acfd,024a9de1acfdfc9528abac8733af9ea561d107ddc39c9ec31bd0456b9cd92290,0.1328210831,d4_component_default_guard
1mlc_LC:0000809:f96f8850a7b1,f96f8850a7b1de85e8948f44939fbf3bd5051f4185b794ce272a00b32d79ad32,0.5246981382,d4_component_default_guard
1mlc_LC:0000810:698a552d7c2e,698a552d7c2e4e87d8fd996dffdc6f2cc7bf068437b846705db57b0c283b91bc,0.4270032942,d4_component_default_guard
1mlc_LC:0000811:50fbaec08ff7,50fbaec08ff72ed6ae2976902690000d67a41f1d6d397766aad873eac6407283,0.4248079062,d4_component_default_guard
1mlc_LC:0000812:b25194995445,b25194995445f04c665e259fb05e5f2d96572792d32ec510e71930436fda1bed,0.5587266684,d4_component_default_guard
1mlc_LC:0000813:fde64fe1f21f,fde64fe1f21f1839dcd872f6c3fa18f3d74285fcea1a89261414f49150c42f14,0.3995609283,d4_component_default_guard
1mlc_LC:0000814:ba4cf970c155,ba4cf970c155e232de3d95758d09cd9c3bc3c549926bddf4b11d2cb74a3df2b3,0.225027442,d4_component_default_guard
1mlc_LC:0000815:cefa89437248,cefa89437248e80d164512e368f2a81887130bb7437e0dd67e875bc72d325406,0.0515916571,d4_component_default_guard
1mlc_LC:0000816:bc6f8e0923ce,bc6f8e0923ce6b76c6c2cf5f277188a4b1309c6fd980b09e0c06870326a8efab,0.05268935114,d4_component_default_guard
1mlc_LC:0000817:940cf239e1de,940cf239e1deb5dc3a1d70fe2fdb4baaa6070bc0af1fa919e7c871306f609ef3,0.1031833142,d4_component_default_guard
1mlc_LC:0000818:40e0b844353c,40e0b844353c3113f1d1ef1ee3f1d3fc097eb9b7b1302d4b06b879503b38745c,0.3710208535,d4_component_default_guard
1mlc_LC:0000819:d7c63c566b98,d7c63c566b98116bd14fd1360562ad8d0be19026206414a4bd050cbf07179d33,0.128430292,d4_component_default_guard
1mlc_LC:0000820:58ba5db596b6,58ba5db596b6f3cfd5650b21275ec342c6d1ef8deab156d90228232aa88286a8,0.3106476367,d4_component_default_guard
1mlc_LC:0000821:05e024cf25af,05e024cf25afb38d910e790176739f3fddde4728e935bb6e5f16bbdcb88f070d,0.3830955029,d4_component_default_guard
1mlc_LC:0000822:3c02dc7d4430,3c02dc7d4430b043b6a2ae8a474a5ba239d29615367aabdb9ce71eb364c3c6b1,0.2810098827,d4_component_default_guard
1mlc_LC:0000823:b54a109d25b8,b54a109d25b8d38e9cc05a575a548d79a2ca25be7fc7c27867e7cbd69c2ea6cb,0.3523600399,d4_component_default_guard
1mlc_LC:0000824:d8f55f7309de,d8f55f7309dee2618fdb1bf4b206d0495b2843174c0698c7ecbf57880601e40a,0.4884741902,d4_component_default_guard
1mlc_LC:0000825:de1f7ac8e81e,de1f7ac8e81ecf5af703331d556bc4be51de88b282b1e802fafaf63b02cf76c3,0.3622393012,d4_component_default_guard
1mlc_LC:0000826:138e6e267555,138e6e267555fd4591220cfb4937ae756dd76f38fe6fcb1be22388b999debc6e,0.4379802346,d4_component_default_guard
1mlc_LC:0000827:8d95de5a1de0,8d95de5a1de0dfdd7c5ad591b0e5ca9fd0530971a41964874ba5cdd3ea9e805a,0.04610318318,d4_component_default_guard
1mlc_LC:0000828:57e242c3b81b,57e242c3b81b1690e6200302679223c22c35183abb26a07a460f121e88f9f938,0.354555428,d4_component_default_guard
1mlc_LC:0000829:1d16a9163d9c,1d16a9163d9cb2e92ced4e4c6b1cff3d71e073668afc3a8575e15c8db744558d,0.3699231744,d4_component_default_guard
1mlc_LC:0000830:d145b779356e,d145b779356ec243a4ed07a1b93ab53f56f8f6d99337d529d25e55276a81957f,0.3490669727,d4_component_default_guard
1mlc_LC:0000831:8d95de5a1de0,8d95de5a1de0dfdd7c5ad591b0e5ca9fd0530971a41964874ba5cdd3ea9e805a,0.04610318318,d4_component_default_guard
1mlc_LC:0000832:4a56910c917f,4a56910c917f528d150d629a689e630bfbd1d7420132b6b84b31efdbff7ea8ba,0.3468715549,d4_component_default_guard
1mlc_LC:0000833:bbc3c397f844,bbc3c397f8441da53b7c1c3eb6ae89887fcc9834ad28feb1985f89ab10ccb1e3,0.2052689344,d4_component_default_guard
1mlc_LC:0000834:a24357e0a804,a24357e0a804d6321bf8b6bded13db9d13f669692da7667c24b16a7fb3226b99,0.355653137,d4_component_default_guard
1mlc_LC:0000835:cc04d43f154e,cc04d43f154ed3757cb925ff6bf43601d8bfd19c584c038eb4a87e6bfeaf8775,0.2733260095,d4_component_default_guard
1mlc_LC:0000836:2a1243b2f3d8,2a1243b2f3d8628f9ea3566488cfb30af81427bfa8c9079f9fdec7780685470c,0.1657519192,d4_component_default_guard
1mlc_LC:0000837:5fc7cff7cd1c,5fc7cff7cd1c5ec3f33cbc743c936de0914b7b777b2af19b3e4a8f0179a8fe40,0.1075740978,d4_component_default_guard
1mlc_LC:0000838:ef13d54278ac,ef13d54278ac4e102fa063b38fd4045d6df4d2a253dde14b72ffa15ed8118ba2,0.3918770552,d4_component_default_guard
1mlc_LC:0000839:05f8f9672f3d,05f8f9672f3d850ab7be4ec2ca8a9c85e40dab95b34246be47e3d773573b0d14,0.4917672873,d4_component_default_guard
1mlc_LC:0000840:b2e97be1e702,b2e97be1e7022bebe13eb0604905c5a601ee71cd6a37074a80fb664adbea33ca,0.5225027204,d4_component_default_guard
1mlc_LC:0000841:240a6be97b30,240a6be97b30716eff79d6571c46212beff122f874b8cae89fc803446d74b46b,0.8298572898,d4_component_default_guard
1mlc_LC:0000842:bf6aa743d267,bf6aa743d2676d98c2eb390b1dd5ca70a486f370003e493714f6b0ba6ca9391b,0.3282107711,d4_component_default_guard
1mlc_LC:0000843:64daaea008e0,64daaea008e072ed1eadc1f74e5a16e50f732fc650a3931860db5dac605a1483,0.2206366658,d4_component_default_guard
1mlc_LC:0000844:a0b5600ab213,a0b5600ab2133faeb273bcb86fdb8e8485e07aeb3f3a68a07846dc7244701660,0.4401756227,d4_component_default_guard
1mlc_LC:0000845:cbdb126b7999,cbdb126b7999de7a53ef1ac2992a0192ee5f21ebc87d39f850fe1e5d870e1787,0.8331503868,d4_component_default_guard
1mlc_LC:0000846:831466d0ae47,831466d0ae47336bd8ba682a3b59d4ebe9c79829f20f1b03d20133713f5dc150,0.1877058148,d4_component_default_guard
1mlc_LC:0000847:3d064b635f38,3d064b635f38c4b30d21d2a2fe149a4e2c15f13c517d767b5e1a68775f3424c0,0.5850713253,d4_component_default_guard
1mlc_LC:0000848:cd7fc1c7b475,cd7fc1c7b475f59e233aa46643bc50f4052a3a972b48fd0f9eecf6550a8be8b4,0.7628979087,d4_component_default_guard
1mlc_LC:0000849:bf0573adefe2,bf0573adefe27cee2221c5e67908d636d938ecc1fead5c8006972028766ac12a,0.4368825555,d4_component_default_guard
1mlc_LC:0000850:08550e5870d6,08550e5870d63a8ac01fe94863ce9883921fd9c29bfeae615788836b953abe96,0.970362246,d4_component_default_guard
1mlc_LC:0000851:b4f0c2e06885,b4f0c2e0688590dc73c60fe413833ccd5af0578f14d8e39fb1a142f5a22abf45,0.3435784876,d4_component_default_guard
1mlc_LC:0000852:cbeb5f8b811c,cbeb5f8b811c256ce91fe6d5833e33ef2806fb12d3d32d08721c01b53f8b355c,0.9593852758,d4_component_default_guard
1mlc_LC:0000853:da3c7400f4ef,da3c7400f4ef1528bfa2e3630ff46231721d2b0ea46916a8d47b6ab882552029,0.5005488396,d4_component_default_guard
1mlc_LC:0000854:bf1d6f6b3cc7,bf1d6f6b3cc742b0459d4ce3f98384a068ce5fd5c32bda9353de530d85bf5421,0.9604830146,d4_component_default_guard
1mlc_LC:0000855:8b8020464809,8b802046480974654a08705404433056955bffcc53a0ca41ac9860bd87ca36ee,0.7991218567,d4_component_default_guard
1mlc_LC:0000856:45586086a875,45586086a875bbb24cec51ad669efafc28dd69817831a942ecf43f9d80ff8a14,0.7189901471,d4_component_default_guard
1mlc_LC:0000857:73226dd1aabf,73226dd1aabfb683e175089b29e46e9429f06aff9efe4e938904ef847a00839a,0.9725576043,d4_component_default_guard
1mlc_LC:0000858:7362bc18bb22,7362bc18bb220c055f5b07816c994cea453eaa06ab47b60b0b66be77bff88568,0.4555433691,d4_component_default_guard
1mlc_LC:0000859:69afb3553de0,69afb3553de000f2a3f010042f16cd6b0e4ff07f41d23d8e6a9eedaa4d35b77e,0.1997804642,d4_component_default_guard
1mlc_LC:0000860:8d95de5a1de0,8d95de5a1de0dfdd7c5ad591b0e5ca9fd0530971a41964874ba5cdd3ea9e805a,0.04610318318,d4_component_default_guard
1mlc_LC:0000861:8d95de5a1de0,8d95de5a1de0dfdd7c5ad591b0e5ca9fd0530971a41964874ba5cdd3ea9e805a,0.04610318318,d4_component_default_guard
1mlc_LC:0000862:1075838635f9,1075838635f9ced2f58b17eeb442edb7db1201cb6d5e134c7faf5295ed93ddaf,0.2590559721,d4_component_default_guard
1mlc_LC:0000863:db92192dc70b,db92192dc70b089c1c718f01e63cbd22d305787661597d4f54b2eb03f1de0298,0.417124033,d4_component_default_guard
1mlc_LC:0000864:e51739465067,e5173946506717df2564ab8bd7d091d297ffaf3a26bda0ec2f2164d8004fd922,0.09989023209,d4_component_default_guard
1mlc_LC:0000865:47155a749fe9,47155a749fe9c64f4ba9dd796175ffefbee8083e9ac5e40eb16aa90f33566756,0.4116355777,d4_component_default_guard
1mlc_LC:0000866:76fb01b71f8e,76fb01b71f8e05db760b69e8e85aa7ea580a31a79f5995ea42e5c945e82a159d,0.4796926379,d4_component_default_guard
1mlc_LC:0000867:ee5b70d47e1a,ee5b70d47e1a2afa7a4d2b32faa03cede978cdc89adf0879e31471270edb4243,0.5631174445,d4_component_default_guard
1mlc_LC:0000868:d1f486e1ff92,d1f486e1ff92e3ad64ad35727ff710f6c81a7edfc9ac7c4557ef42874b7b85a5,0.8452250361,d4_component_default_guard
1mlc_LC:0000869:e543c5813d9f,e543c5813d9f0dc7f852d0f170f405c0bf701c190269cb4ad9a40149cb12cd02,0.5016465187,d4_component_default_guard
1mlc_LC:0000870:cb9a7599a736,cb9a7599a736df5df369fd62058a2cc1537a34c1e8cb8b8cb11c324325c980bf,0.5159165859,d4_component_default_guard
1mlc_LC:0000871:9379eb271ada,9379eb271ada615c619fafd69103b9de93db91cf7d8e455d281459d792026aeb,0.7365532517,d4_component_default_guard
1mlc_LC:0000872:5f440d3bb108,5f440d3bb10886ba095af3cc38cf423b664774675d5a4f549c305520f0675cb0,0.2480790317,d4_component_default_guard
1mlc_LC:0000873:4bd22791a434,4bd22791a43418ddd7c1d7051421ab047d9b993e63c811f944183411e01d2677,0.4873765111,d4_component_default_guard
1mlc_LC:0000874:0dcb07d11904,0dcb07d1190475e6c9c709b0eedd9e57c23bb9dd3b13d2f1e441c00aa3c925d0,0.9396268129,d4_component_default_guard
1mlc_LC:0000875:d850510872bb,d850510872bb72531aaf7744767916a36a53fceed4b4546fb0019b0923226d9b,0.481888026,d4_component_default_guard
1mlc_LC:0000876:9b66a6e85ef7,9b66a6e85ef73388c3275a9753c0aebdfa78a18112f7dc18726c8117ea72c0cc,0.2502744198,d4_component_default_guard
1mlc_LC:0000877:8d95de5a1de0,8d95de5a1de0dfdd7c5ad591b0e5ca9fd0530971a41964874ba5cdd3ea9e805a,0.04610318318,d4_component_default_guard
1mlc_LC:0000878:40f115aa5646,40f115aa56462459a7e4a98f7b3961ec6e11cd72217a5e2eafe71306cd3a8868,0.6169044971,d4_component_default_guard
1mlc_LC:0000879:8d95de5a1de0,8d95de5a1de0dfdd7c5ad591b0e5ca9fd0530971a41964874ba5cdd3ea9e805a,0.04610318318,d4_component_default_guard
1mlc_LC:0000880:4a4eed3468c7,4a4eed3468c7b8861630a3b175e7703a13f922d7c2579b44b2fb2caefbfc076b,0.8057079911,d4_component_default_guard
1mlc_LC:0000881:20b1dd23feed,20b1dd23feed5a373ba1ba626a5858d8cdc3ead3ee90c7db8a5899de22d814b5,0.1756311804,d4_component_default_guard
1mlc_LC:0000882:c628cb5aecf4,c628cb5aecf47b403076f48d1ee866c3a3dfcccff938b18b5a32c29f4b1a3cd7,0.1866081208,d4_component_default_guard
1mlc_LC:0000883:9a1c5daa0d67,9a1c5daa0d67f5ad7d52fa74606a2457c965b4ce22c1f033e5a90142a434011b,0.8913282156,d4_component_default_guard
1mlc_LC:0000884:595887e2858d,595887e2858d410a4279459b67ae1486576b565205abf1229e2f33d6408c2b3d,0.9659714699,d4_component_default_guard
1mlc_LC:0000885:41aae829ddee,41aae829ddee5591d00d728b51502134c8729a9ee040c1a978104146eb03ef90,0.8825466633,d4_component_default_guard
1mlc_LC:0000886:8d95de5a1de0,8d95de5a1de0dfdd7c5ad591b0e5ca9fd0530971a41964874ba5cdd3ea9e805a,0.04610318318,d4_component_default_guard
1mlc_LC:0000887:059dcf7f28b5,059dcf7f28b599d8e59aaaf08f031acabcd9a1caa4f9945b5f627e579a7894cb,0.6234906912,d4_component_default_guard
1mlc_LC:0000888:4046860be40e,4046860be40e3ed471820dc1a383a241835ff7fcfff5eb19973a374df548f3a3,0.6893523335,d4_component_default_guard
1mlc_LC:0000889:55a52b522ce3,55a52b522ce37f2af16416f9fd61da8e6b0be9a5822d93f15d15c27cf875d182,0.8836443424,d4_component_default_guard
1mlc_LC:0000890:b4dcfd1427bf,b4dcfd1427bf0d4764620b676f755b4a72b6f5d6524b51d513c61df601d116de,0.6070252657,d4_component_default_guard
1mlc_LC:0000891:c0dbaaf3b726,c0dbaaf3b7261e4ccaa2e87c4afd874ea3ec4e99eb8c307f0a55c21f7b8321ab,0.9517014027,d4_component_default_guard
1mlc_LC:0000892:9bfef9aeeef3,9bfef9aeeef39e92775b651c4dec94912c8fab904590303b2a5a700ae7380490,0.8210757375,d4_component_default_guard
1mlc_LC:0000893:8754d8a1b0cd,8754d8a1b0cd4d5a52adb1de0efae268df60906fea96db273bd537e560e2a21f,0.6904500723,d4_component_default_guard
1mlc_LC:0000894:cbab663dd9f5,cbab663dd9f5a6b08a71dc81f1b022ecfed773cb2188e3c46c29334e5af74276,0.774972558,d4_component_default_guard
1mlc_LC:0000895:0f2475add978,0f2475add978419fbebdf98425e001a848a4cfcac3a1cd063ee6714747ba72e2,0.4906696081,d4_component_default_guard
1mlc_LC:0000896:c4b0ed682bd3,c4b0ed682bd30dd540c121eff0551260cfa732b83b53fc062b97fe300be6616f,0.7793633342,d4_component_default_guard
1mlc_LC:0000897:2d7ce7cf219a,2d7ce7cf219a072464d843b4d9684c8caca12890907be2381d029296a5494aec,0.7530186772,d4_component_default_guard
1mlc_LC:0000898:77fac89e3f69,77fac89e3f69b1313f7e99ecd2b7766772ccab82286c399f328fd54fe4b89d38,0.9319429398,d4_component_default_guard
1mlc_LC:0000899:43cdc07eae75,43cdc07eae7590cd558fdfd87d45b125c78adacbf6dba66b8fa975945ea8f86e,0.7672886848,d4_component_default_guard
1mlc_LC:0000900:08528bc2eccf,08528bc2eccfd7e7776e6fdd7c3797486197644a48208b7f411356c5743e8701,0.8935235739,d4_component_default_guard
1mlc_LC:0000901:8b1c12c9bb71,8b1c12c9bb71f0f276158c6224e6bd969cdc3f0c01d306687785b03fd39db1f4,0.6223929524,d4_component_default_guard
1mlc_LC:0000902:8c5f60446b05,8c5f60446b0511853abe1cb6c5163c093ddc0a92d22182db386b709c85b56151,0.7925356627,d4_component_default_guard
1mlc_LC:0000903:704eb33c38b4,704eb33c38b469636ec26c94a593c82f6b6dc7340503981cee85ede8af9d9d86,0.4939626753,d4_component_default_guard
1mlc_LC:0000904:ecc1d5783289,ecc1d57832890d04a1520a3e323c272487ef8ca345a92a40890f4f0ddee483ad,0.7661910057,d4_component_default_guard
1mlc_LC:0000905:95e7256e467d,95e7256e467d10343beb34c31a0f05ee8e88d5fae536289ba5eaad74a89c26ea,0.2327113003,d4_component_default_guard
1mlc_LC:0000906:80550f8377e5,80550f8377e5cb71e7edfa6305b5e36efc781a2cd8d375491d3a887f2b530afa,0.2096597105,d4_component_default_guard
1mlc_LC:0000907:675b9d8178d1,675b9d8178d1d092c9e26f440bc511c1bed4caeb1ff446136e074148d2df5ad7,0.5784851909,d4_component_default_guard
1mlc_LC:0000908:c33adee0d7ea,c33adee0d7ea68c076e1c850d6e4c2dccd3fe191b2b4a7dcd017aee3d3bf31c2,0.4621295333,d4_component_default_guard
1mlc_LC:0000909:be326d2645f6,be326d2645f695d219bc58d7d87db1a94818ccfba4b3319cf622a2228e989a8f,0.1964873821,d4_component_default_guard
1mlc_LC:0000910:be04dfb16470,be04dfb16470642f9081b1cea2c7f6ed7fa0e00e4fb3f4cfa1a0aec0e91b25c7,0.7047200799,d4_component_default_guard
1mlc_LC:0000911:1496c13dbe92,1496c13dbe924fd638e4a4ec8e9faa7c1f4a233b56a84eb6f7adc67cf1df73f2,0.4961580634,d4_component_default_guard
