row_id,sequence_sha256,log-likelihood,d4_par1_if10_policy
3gbn_h1:0000000:296ebff95a6f,296ebff95a6f92264f69c6079e96950df6fa4569afb4741df1da3b9217e786a9,0.2605160823,if7_legacy_anchor_when_all_sources_strongly_concordant
3gbn_h1:0000001:715548fefd81,715548fefd8154e5648de117a92920761f7915a9a4f89d8d06e6c03c35460ff0,0.3794626991,if7_legacy_anchor_when_all_sources_strongly_concordant
3gbn_h1:0000002:a251db87cb38,a251db87cb38f5cbb0a4df529711b320b2a21ae27119adbf63546ea6c4fe2221,0.1967126206,if7_legacy_anchor_when_all_sources_strongly_concordant
3gbn_h1:0000003:603de4242aa9,603de4242aa92e3cf9ed57a1085d864f005a5f604da71607b358479e71273f81,0.3006362617,if7_legacy_anchor_when_all_sources_strongly_concordant
3gbn_h1:0000004:e0d620d3eded,e0d620d3ededf537f31973503c96670956a23a72bd1ec9220b29cc5a9ded35ba,0.2788971414,if7_legacy_anchor_when_all_sources_strongly_concordant
3gbn_h1:0000005:ac9af966e25f,ac9af966e25f9acd2269d2ea1ddae85878413adcba63f25d3c3b7271f5003adc,0.2539766679,if7_legacy_anchor_when_all_sources_strongly_concordant
3gbn_h1:0000006:6b62c463b971,6b62c463b9718ed7dfb9e91cd70a254ccc2d045664667807b4600b3945abb8af,0.1507599826,if7_legacy_anchor_when_all_sources_strongly_concordant
3gbn_h1:0000007:b9c16945d2fd,b9c16945d2fdacb0a7ff7e6c3a92e8db49e46e543d990028cd77083a9e929328,0.2467302903,if7_legacy_anchor_when_all_sources_strongly_concordant
3gbn_h1:0000008:004e73f4e135,004e73f4e135c0b6d515dedbcd74f8a2baef27a8362249fc8fd290e52ecfa758,0.3045245657,if7_legacy_anchor_when_all_sources_strongly_concordant
3gbn_h1:0000009:b4f2f4a68d59,b4f2f4a68d59b701b8c215696eb802ebd48c2958a3a52e4038a74e1d2322192f,0.3904206356,if7_legacy_anchor_when_all_sources_strongly_concordant
3gbn_h1:0000010:791a7e9c3e99,791a7e9c3e99e574f253812fbef739c47225ef0659c4ec33186a317b2889fbe3,0.2513255576,if7_legacy_anchor_when_all_sources_strongly_concordant
3gbn_h1:0000011:6b9a7afba896,6b9a7afba8960dbbd093143a266f72ab2ffc5de748343165054db9303f71db61,0.5540827215,if7_legacy_anchor_when_all_sources_strongly_concordant
3gbn_h1:0000012:31bb471851a2,31bb471851a246a450a74eb3d31cdf98c7e26eeace41bb15268f1389328058d2,0.3695652187,if7_legacy_anchor_when_all_sources_strongly_concordant
3gbn_h1:0000013:243254a57319,243254a57319217c13c3091ab4a88b39c01a39da659087846bcecea996d8a7a8,0.6546482841,if7_legacy_anchor_when_all_sources_strongly_concordant
3gbn_h1:0000014:bcc81f971966,bcc81f9719666a8738828704bf374167b19b089177fc45aff345e91295fdb44c,0.05178508349,if7_legacy_anchor_when_all_sources_strongly_concordant
3gbn_h1:0000015:afbe2056bb26,afbe2056bb26c7cfc4afb4367445a0fcc682f77db1842c2ef053dc3838287c4d,0.2606928187,if7_legacy_anchor_when_all_sources_strongly_concordant
3gbn_h1:0000016:3d837e4f9b49,3d837e4f9b49ff7a1df50158f7546d7924e8b666cab763b69d63e4a695c1e94f,0.4185224473,if7_legacy_anchor_when_all_sources_strongly_concordant
3gbn_h1:0000017:700cc2a4dca8,700cc2a4dca89f0029dd413401112b900a6baff4e8214fddb194e8dde82a4048,0.2707670455,if7_legacy_anchor_when_all_sources_strongly_concordant
3gbn_h1:0000018:8032d5ad41da,8032d5ad41da82edff9812723f223055b9ff262296ab17b12b6e36d25c01c4df,0.6673736175,if7_legacy_anchor_when_all_sources_strongly_concordant
3gbn_h1:0000019:419896295eaa,419896295eaaeb70f0ea283216091d79acfddf89b86e11b466d978fe587906d7,0.2401908835,if7_legacy_anchor_when_all_sources_strongly_concordant
3gbn_h1:0000020:f99907c4ca1a,f99907c4ca1a27d5c608568e70e1a0bbcad1cf8f334435a109bc4ac15696020d,0.1993637352,if7_legacy_anchor_when_all_sources_strongly_concordant
3gbn_h1:0000021:869566607a8b,869566607a8bddfeb3e6f771d45903db13e4d49572f0760587174683bcd82464,0.4004948735,if7_legacy_anchor_when_all_sources_strongly_concordant
3gbn_h1:0000022:aa87c5379b28,aa87c5379b28f6c6da82ff454dffa89bef5c724270616edbc827809158882f9d,0.5560268561,if7_legacy_anchor_when_all_sources_strongly_concordant
3gbn_h1:0000023:c3f1857ab481,c3f1857ab481483117cdc37e5646d39a3f344e4c8298124c9bdac5668edccf30,0.5088370542,if7_legacy_anchor_when_all_sources_strongly_concordant
3gbn_h1:0000024:1cfae4dedb6b,1cfae4dedb6b83321340705b26bad6b9d075c2af7f802c21aefa41982fdb259c,0.4346058667,if7_legacy_anchor_when_all_sources_strongly_concordant
3gbn_h1:0000025:b6fc1c3f0e2f,b6fc1c3f0e2f6ceea8a6dc9aaf75256e564650f29bf7f088be556cafbf0fd4a6,0.7469070256,if7_legacy_anchor_when_all_sources_strongly_concordant
3gbn_h1:0000026:e6df9697437f,e6df9697437f9846eac7b5e1b1c2c0c296f18f4e0aff67383eb140fc703d7b2d,0.6194768449,if7_legacy_anchor_when_all_sources_strongly_concordant
3gbn_h1:0000027:71bc3fb69af1,71bc3fb69af11901fb62f284ddd3d91ac83be111ed9f220df6f01389882d143d,0.5321668387,if7_legacy_anchor_when_all_sources_strongly_concordant
3gbn_h1:0000028:3d1fa5db6ecd,3d1fa5db6ecd8c918de2a45d81ed2b9ee3a23b051c09ababf8c78576923b072c,0.06981265484,if7_legacy_anchor_when_all_sources_strongly_concordant
3gbn_h1:0000029:a6d26c5eb3ec,a6d26c5eb3ec542da33468db9e20cfbf08e9cb93c659fb5350f183d9b328d163,0.2044892212,if7_legacy_anchor_when_all_sources_strongly_concordant
3gbn_h1:0000030:646280a59d48,646280a59d48bca1c1736a5948de5fbd86b840f7061f3f81f633f6e0bfb29b9b,0.4425591976,if7_legacy_anchor_when_all_sources_strongly_concordant
3gbn_h1:0000031:e7d02d26285b,e7d02d26285be0f1e860e9637071d380fc5a0f9c44712b4358b4ab0d94330715,0.3778720399,if7_legacy_anchor_when_all_sources_strongly_concordant
3gbn_h1:0000032:709e34b75017,709e34b750173bb738e490e08c775518df8659e1544d18919c52c5b7d56f38ea,0.3126546442,if7_legacy_anchor_when_all_sources_strongly_concordant
3gbn_h1:0000033:a60130e8a877,a60130e8a87700f80b210972bd76a693b95de833c01f7b7bf9cbc609302ec060,0.5597384175,if7_legacy_anchor_when_all_sources_strongly_concordant
3gbn_h1:0000034:c0107b22a563,c0107b22a5632168ff04e87dc6db2e44ce0d4661ba86c24c203c94df21e0412c,0.242665261,if7_legacy_anchor_when_all_sources_strongly_concordant
3gbn_h1:0000035:24b5320b07db,24b5320b07db964c8a61bda49827724b552027de6e322c48ff8d995f76964142,0.4098621408,if7_legacy_anchor_when_all_sources_strongly_concordant
3gbn_h1:0000036:5356ca066294,5356ca066294829ef40bdd8147f98bbe36f694654208986eb2c334229477c164,0.1848709807,if7_legacy_anchor_when_all_sources_strongly_concordant
3gbn_h1:0000037:60eb6d986d5d,60eb6d986d5dfb988cbdc44f606f1d117525228b535bf7112fe4d578b0df082e,0.3009897471,if7_legacy_anchor_when_all_sources_strongly_concordant
3gbn_h1:0000038:fffad1f4d101,fffad1f4d1016b7e48563ddd53db3271a9f052a5baf3a0c6129b07a1d659724a,0.3683280249,if7_legacy_anchor_when_all_sources_strongly_concordant
3gbn_h1:0000039:8d0674be4c05,8d0674be4c0549233b7b3fceba1ad9df723b90c69555cb00420229be2ac0ede1,0.1922940957,if7_legacy_anchor_when_all_sources_strongly_concordant
3gbn_h1:0000040:f5ff3a71edf2,f5ff3a71edf2592690ba441ffc4ee11878d68e0a65581ea5a4727eb0039ef0d3,0.6223046879,if7_legacy_anchor_when_all_sources_strongly_concordant
3gbn_h1:0000041:2c7705ed981b,2c7705ed981b8f2a4d668988536ebf4b725024cf13fc706b33f4a7f8f8af1ace,0.5795333982,if7_legacy_anchor_when_all_sources_strongly_concordant
3gbn_h1:0000042:516fcc0b2204,516fcc0b2204f7cd5ed511a2951b55af58e3de9bdd7f99a3bf2525b9e2f955e3,0.5509013732,if7_legacy_anchor_when_all_sources_strongly_concordant
3gbn_h1:0000043:a1da9c4d18cc,a1da9c4d18cc66312e3aaf661820bb7aecc7581cc88980aa3cafc04f57828229,0.2963944872,if7_legacy_anchor_when_all_sources_strongly_concordant
3gbn_h1:0000044:7911727d3537,7911727d3537fad4f4cf0b55d6e28f8aaaf76c8e282212d5626537475be60a8f,0.5120183825,if7_legacy_anchor_when_all_sources_strongly_concordant
3gbn_h1:0000045:1773267c92e6,1773267c92e6d1a0d771545744b835db4ae6c22f7a7cd79939e16c7dad003697,0.6551784973,if7_legacy_anchor_when_all_sources_strongly_concordant
3gbn_h1:0000046:718de75d4542,718de75d45426b67e587840f41461324bf09daaec7f43b805b9383fc9f886027,0.2297631701,if7_legacy_anchor_when_all_sources_strongly_concordant
3gbn_h1:0000047:0ac513df4c4d,0ac513df4c4d8e0fc772b8a6e8a3ca32b34617bfbccd514de474cec81c31c2c2,0.3921880523,if7_legacy_anchor_when_all_sources_strongly_concordant
3gbn_h1:0000048:ce5d8e283c4b,ce5d8e283c4bda40049294b88e2c6adf139a4c875d18dea49fcf2122ef72cb28,0.5457759003,if7_legacy_anchor_when_all_sources_strongly_concordant
3gbn_h1:0000049:30f40588a242,30f40588a242ae54e8ba907822cfcf5aefabdbee3449f1e13b471f1bc500fb1c,0.6770943801,if7_legacy_anchor_when_all_sources_strongly_concordant
3gbn_h1:0000050:190d15bc5a5b,190d15bc5a5bdd883aa08fc6b69a96b4d6762ed8b6eb44da1a3cefe67af99456,0.08624955762,if7_legacy_anchor_when_all_sources_strongly_concordant
3gbn_h1:0000051:db18b2659a05,db18b2659a05e171f187a7fa410997fc41261154010bffdf24779f071dbdfa95,0.6194768349,if7_legacy_anchor_when_all_sources_strongly_concordant
3gbn_h1:0000052:8c927c892087,8c927c892087656516269b5ea2d06e4ed98a0592c688d8ccc87159fbf91f6567,0.6484623551,if7_legacy_anchor_when_all_sources_strongly_concordant
3gbn_h1:0000053:c1d044eb0b59,c1d044eb0b59b04b3bbedc3d835022e2f9fa028671c6dac2618773b9b2f098d3,0.5300459439,if7_legacy_anchor_when_all_sources_strongly_concordant
3gbn_h1:0000054:f75dae499b8e,f75dae499b8e35b51c7fdc06f73294a77925421e584fbfbd7c63dccea0633523,0.3921880523,if7_legacy_anchor_when_all_sources_strongly_concordant
3gbn_h1:0000055:2300f3828fd5,2300f3828fd584cbb286e377c023518bf9e178cdf0769338207c664a319fdcab,0.3814068437,if7_legacy_anchor_when_all_sources_strongly_concordant
3gbn_h1:0000056:f35d8093f8ae,f35d8093f8ae47393e60f28494364b606df4f949449a96499bf23abd79820600,0.1265464791,if7_legacy_anchor_when_all_sources_strongly_concordant
3gbn_h1:0000057:2345af3b5ca6,2345af3b5ca62e9b102366418522e9b6a4944e6b8bafd0fb7a5f29e750e6d884,0.5491339763,if7_legacy_anchor_when_all_sources_strongly_concordant
3gbn_h1:0000058:3128d9069a35,3128d9069a355252f65be230361f8e8dfac57e57b8fd72046a26bf29176cca89,0.2681159477,if7_legacy_anchor_when_all_sources_strongly_concordant
3gbn_h1:0000059:4b75356c9170,4b75356c9170350d842fa8d6949e81e9d2365e9b3eefaedd333666d44c2cc5cd,0.1046306131,if7_legacy_anchor_when_all_sources_strongly_concordant
3gbn_h1:0000060:83eacd9a5b78,83eacd9a5b785f73f6a011d7ac18ea8257febfa19e5ab3826147125a2f7b6ea5,0.4558147739,if7_legacy_anchor_when_all_sources_strongly_concordant
3gbn_h1:0000061:f11dff2613fe,f11dff2613fe560526a83e2eb730613f4ce783b0951e2ab86d4315025554df62,0.5712265869,if7_legacy_anchor_when_all_sources_strongly_concordant
3gbn_h1:0000062:ed51911fbe99,ed51911fbe99d307d035133d35fb47afc91a4c4208c8d4be5ed6d09516089049,0.3548957234,if7_legacy_anchor_when_all_sources_strongly_concordant
3gbn_h1:0000063:efddb04e24f0,efddb04e24f0e43517d599eb30dfce4d8d5752b6286d76b7273e1adedbdc6baa,0.6811594168,if7_legacy_anchor_when_all_sources_strongly_concordant
3gbn_h1:0000064:4315b08a2c3d,4315b08a2c3d8da11f1405cfe7cdaaec6cb7b34e9eecdaaf97a192aff7cfdd03,0.2940968474,if7_legacy_anchor_when_all_sources_strongly_concordant
3gbn_h1:0000065:f78c86d341d1,f78c86d341d16ed00c18e7a1b522b700234461b9b14e6637ec975349960d6149,0.382290562,if7_legacy_anchor_when_all_sources_strongly_concordant
3gbn_h1:0000066:71adfefb72ac,71adfefb72accc4bcaa3c9f58e167beecb6ec6ccf073d7254c302e3a7231ed93,0.6525273919,if7_legacy_anchor_when_all_sources_strongly_concordant
3gbn_h1:0000067:c4ccf907d7e9,c4ccf907d7e9a8f99c0bfd4664f52bb1bf5af3d89309699451b6f42a4d3f012b,0.745493114,if7_legacy_anchor_when_all_sources_strongly_concordant
3gbn_h1:0000068:6104d86379d9,6104d86379d9f365f54e51755e489eec98cd7446dd8655c4cc0a57c058327e4a,0.8103570342,if7_legacy_anchor_when_all_sources_strongly_concordant
3gbn_h1:0000069:d691a67772ce,d691a67772ce2ecc5e790eb928f0262c968aa6b89bdb35c9b28a14474aba0283,0.2613997938,if7_legacy_anchor_when_all_sources_strongly_concordant
3gbn_h1:0000070:d59b190377c4,d59b190377c48e3266a8abb09b932b9e77911fcc21417b24f858fbfb4bf26115,0.3994344175,if7_legacy_anchor_when_all_sources_strongly_concordant
3gbn_h1:0000071:922a4ec1db7c,922a4ec1db7ce5cea5a8f9280d59257db9dc6dadd20f85448153658a0347e3f1,0.1182396598,if7_legacy_anchor_when_all_sources_strongly_concordant
3gbn_h1:0000072:b44bae0f309e,b44bae0f309eda8d4d6c5a2b46f90a64c5d8a934f3afc29d52e1b870afa3e05f,0.1567691782,if7_legacy_anchor_when_all_sources_strongly_concordant
3gbn_h1:0000073:acdb8839260b,acdb8839260bce0d753204725adf2a9e0e40c9de44d80ac348dc2957d6b94702,0.6649876237,if7_legacy_anchor_when_all_sources_strongly_concordant
3gbn_h1:0000074:7167519661c2,7167519661c2c5828396fe1247fba6f1eed37dc4321af126b542ccff9998121e,0.1717921564,if7_legacy_anchor_when_all_sources_strongly_concordant
3gbn_h1:0000075:7ba687c04cdc,7ba687c04cdc4bd5f979df11c9f12f24dd3e87956b234150d03f5973d09757b2,0.4906327228,if7_legacy_anchor_when_all_sources_strongly_concordant
3gbn_h1:0000076:185bc67bd422,185bc67bd422b7020b010a3658abfa21449199238810999323b6a29d3e96c45e,0.4255920885,if7_legacy_anchor_when_all_sources_strongly_concordant
3gbn_h1:0000077:838c59c4ffe4,838c59c4ffe4eff022241184b1827adb19a4f41c32e339357fe67779ecda4030,0.332272886,if7_legacy_anchor_when_all_sources_strongly_concordant
3gbn_h1:0000078:6d98c8742be2,6d98c8742be2bf79a0053ffbacf124220bbbae4c5a3e293c5022c37ca0515209,0.6396253109,if7_legacy_anchor_when_all_sources_strongly_concordant
3gbn_h1:0000079:e1723c39d4fe,e1723c39d4fefa017c5e6687a7bbd7deb607ede4db5a473cc61c6e7f5f3779e1,0.3522446156,if7_legacy_anchor_when_all_sources_strongly_concordant
3gbn_h1:0000080:bc048f24bdb3,bc048f24bdb39974c6ee2f4917d2f1f6bf73797b9c8d14c8675f34382dbc2630,0.5570873221,if7_legacy_anchor_when_all_sources_strongly_concordant
3gbn_h1:0000081:87477e365363,87477e365363cbde735c8d51068eaa0cedafeb1ee1a778a52650b1c12fdb413e,0.05284552866,if7_legacy_anchor_when_all_sources_strongly_concordant
3gbn_h1:0000082:aca504ce29b3,aca504ce29b32c198037600f75bcdb945fa2ab71e3f5e3202aa9b82442ff9bbe,0.4959349533,if7_legacy_anchor_when_all_sources_strongly_concordant
3gbn_h1:0000083:a6b510122333,a6b510122333ce7073549e372b6c363e0ac4b260012e843b737cf2b0bb8b487f,0.6261929969,if7_legacy_anchor_when_all_sources_strongly_concordant
3gbn_h1:0000084:878882bf358d,878882bf358dd117bfd4f551379ab74e4a3652b2726835bc52af9b2cfbe06436,0.4406150579,if7_legacy_anchor_when_all_sources_strongly_concordant
3gbn_h1:0000085:20f6f7cddc1e,20f6f7cddc1e1fa04a2e988b244e1f9b31f4f4c7b5017a1741a70d653a7805e9,0.4294803838,if7_legacy_anchor_when_all_sources_strongly_concordant
3gbn_h1:0000086:2708060c135c,2708060c135c62fbe7d7a263643e013cad186447f467ab07c06f02e49bda3ae0,0.3916578392,if7_legacy_anchor_when_all_sources_strongly_concordant
3gbn_h1:0000087:5695ea9519ee,5695ea9519eeea49f92107ccae9e32dbcff538f61d80e75747681a475fa7f0a8,0.7152704,if7_legacy_anchor_when_all_sources_strongly_concordant
3gbn_h1:0000088:caf5028f297d,caf5028f297dc82e787d94a679c4dd56b74df87a2abb1b8cbc6e7c8f28543baa,0.8389890194,if7_legacy_anchor_when_all_sources_strongly_concordant
3gbn_h1:0000089:116076f17214,116076f17214cd08459ec407b0e897d26d142b1e6b3be106104067f2e4d15a1b,0.2196889427,if7_legacy_anchor_when_all_sources_strongly_concordant
3gbn_h1:0000090:a2043b99efd3,a2043b99efd303ba83c8cf7a64b4aa4cf314a97834a811ea2eaa166d340e73eb,0.3352774879,if7_legacy_anchor_when_all_sources_strongly_concordant
3gbn_h1:0000091:9d8429fb1672,9d8429fb1672f32a756fffec19e1ed4c8ce9620ad8d1335d686b54211f764c67,0.5866030455,if7_legacy_anchor_when_all_sources_strongly_concordant
3gbn_h1:0000092:e7fbd42cbcf2,e7fbd42cbcf221bea3c99d5e1197c073954ea03416dc7366bf23f7a2c7176bfa,0.6403322716,if7_legacy_anchor_when_all_sources_strongly_concordant
3gbn_h1:0000093:7903ac32cad9,7903ac32cad9a4648ebaa8fee869d61f4d0bd401f39d841c14ce162d49be5502,0.5956168373,if7_legacy_anchor_when_all_sources_strongly_concordant
3gbn_h1:0000094:9fff5add2979,9fff5add29795e8eb773cffa44da2d9a59d99253f7b3cd00bf2343ecdaf060fd,0.6979497969,if7_legacy_anchor_when_all_sources_strongly_concordant
3gbn_h1:0000095:7d42209f746f,7d42209f746f544156ed334dd2db105c0ee75d75ef82e51f5f6c2d7895ba35f9,0.4678331632,if7_legacy_anchor_when_all_sources_strongly_concordant
3gbn_h1:0000096:9663e714e7e9,9663e714e7e9ad18f9c7d0a3707b2fbe5452d85334ebb19e778c7914c0104502,0.196005661,if7_legacy_anchor_when_all_sources_strongly_concordant
3gbn_h1:0000097:051d839edf78,051d839edf785418d756e7ef6e9741159dd572fd2e8a0cb043f3efb30460b522,0.2115588486,if7_legacy_anchor_when_all_sources_strongly_concordant
3gbn_h1:0000098:383d2ec01239,383d2ec012390e63d453d66225e222df47720443b985c3ada504d7ff58635a0f,0.3877695178,if7_legacy_anchor_when_all_sources_strongly_concordant
3gbn_h1:0000099:65c5e69bef4d,65c5e69bef4db0c9d175551df3733c40888677795a533e4f19adb664e191e574,0.7094379664,if7_legacy_anchor_when_all_sources_strongly_concordant
3gbn_h1:0000100:67eff9e34ede,67eff9e34edee0f82368ed30294426003242b2717defc569275bdb02bae34acb,0.5307529122,if7_legacy_anchor_when_all_sources_strongly_concordant
3gbn_h1:0000101:a87e0f7d311c,a87e0f7d311cdb94fe6d228d74587d862a273cd86a450c5b3d23613487f4e139,0.6412159701,if7_legacy_anchor_when_all_sources_strongly_concordant
3gbn_h1:0000102:1cc5a22007dd,1cc5a22007dd0c271da1d1e70d1f5aa286172728e69dcf3b68fb759c01e49f71,0.1862849072,if7_legacy_anchor_when_all_sources_strongly_concordant
3gbn_h1:0000103:aaa7a5989437,aaa7a598943770931dcb8a82497c1fdaf3407a60952ed9f15dc4584d12f26021,0.4303640922,if7_legacy_anchor_when_all_sources_strongly_concordant
3gbn_h1:0000104:e2bf90bf18e9,e2bf90bf18e9023a2ab12ae9b42b1b40e749bad7410567eed74b9a1eb757e91b,0.5629197458,if7_legacy_anchor_when_all_sources_strongly_concordant
3gbn_h1:0000105:54d58ca76bdf,54d58ca76bdf65f921bb63e9d28eeb3996c90e73efca69b0f81d06d5fc56c410,0.5777659913,if7_legacy_anchor_when_all_sources_strongly_concordant
3gbn_h1:0000106:bd3a5e85d77c,bd3a5e85d77c0b94a1c6f61bb789f4ea2da4d66394199bb1c7d1e09bd9e2db00,0.3893601994,if7_legacy_anchor_when_all_sources_strongly_concordant
3gbn_h1:0000107:c0b9ac98b53f,c0b9ac98b53f76cd2a15ceaa3069686e7dc1f8d3406d031973ce3e8f648f3cbf,0.7283492287,if7_legacy_anchor_when_all_sources_strongly_concordant
3gbn_h1:0000108:71298f6ac173,71298f6ac173b4e70f70a34b8fb884266e5b4fa1754f4c85ebb7654595a2627f,0.3490632673,if7_legacy_anchor_when_all_sources_strongly_concordant
3gbn_h1:0000109:46103a2697ff,46103a2697ffb5de8103ded2deafc7f08baca18644a9ff8f9903c0eb64b0973e,0.4416754941,if7_legacy_anchor_when_all_sources_strongly_concordant
3gbn_h1:0000110:3a590d476b3e,3a590d476b3e5f05059f5f8e8f14ec4f8de788efac354d1cbcc6701c8f69bfee,0.8008130193,if7_legacy_anchor_when_all_sources_strongly_concordant
3gbn_h1:0000111:7ea16466b62a,7ea16466b62a7ede650d173fe31b1f0788a8eccea04cb9d8299283f734b829b0,0.4496288428,if7_legacy_anchor_when_all_sources_strongly_concordant
3gbn_h1:0000112:513467c5be6c,513467c5be6cf2a0404b1451b7819288f68ed9951d03231912eaad35409626ba,0.6389183402,if7_legacy_anchor_when_all_sources_strongly_concordant
3gbn_h1:0000113:03ab844e1a38,03ab844e1a38d4c0499e5bdfa1d66ea15e618f085240cad13b16b367e870a208,0.2375397682,if7_legacy_anchor_when_all_sources_strongly_concordant
3gbn_h1:0000114:cce30cf2267a,cce30cf2267ad919017a21d2481a3086389df78e9fb379dc6bf9983f9c62978b,0.2469070392,if7_legacy_anchor_when_all_sources_strongly_concordant
3gbn_h1:0000115:dc0c783b5210,dc0c783b521039b58dc1a598ace1c406d9a7779dca044bed7b5a608cd9a44970,0.751679043,if7_legacy_anchor_when_all_sources_strongly_concordant
3gbn_h1:0000116:8b2272f2ff3e,8b2272f2ff3e1e71c23e2704b340cebddf538f69a4e4340bb64e0bec208f3f6b,0.1990102492,if7_legacy_anchor_when_all_sources_strongly_concordant
3gbn_h1:0000117:64f46e9d70da,64f46e9d70da2480c84496778d128a469c4ca9d3cb61aaf265209cba6b561b3f,0.4605867763,if7_legacy_anchor_when_all_sources_strongly_concordant
3gbn_h1:0000118:9f6c09d35c24,9f6c09d35c244d8384d9c22b76ff01c4e29480241837cc5b31ee4a434ee2bb91,0.1565924349,if7_legacy_anchor_when_all_sources_strongly_concordant
3gbn_h1:0000119:36681f137a70,36681f137a7086734754ff93b7b064c48445baeaa8e470a2411dd5b63c03575a,0.4710144897,if7_legacy_anchor_when_all_sources_strongly_concordant
3gbn_h1:0000120:909db5b663d1,909db5b663d16b2e1cfef9384bde682866b723f1adb9488e61d8398407ed4a1d,0.6256627888,if7_legacy_anchor_when_all_sources_strongly_concordant
3gbn_h1:0000121:681ca00d6551,681ca00d6551baaaaf944f5d9a3741ea2be0b0648973bcbc9bf4e9fd316174a2,0.3052315215,if7_legacy_anchor_when_all_sources_strongly_concordant
3gbn_h1:0000122:1855389fad9c,1855389fad9cfb8f7ad6e52fe3c6fd8de75c0f94992f120f9ad9f67247033f04,0.6884058118,if7_legacy_anchor_when_all_sources_strongly_concordant
3gbn_h1:0000123:421f88f335e4,421f88f335e494b739ab4baecb6c572524dc3786f6ceeb4ff49fdfb5811f747b,0.7285259962,if7_legacy_anchor_when_all_sources_strongly_concordant
3gbn_h1:0000124:0286c2d647b7,0286c2d647b7e14d7ba0ec7fbb86f6e2e574ccf47c4a7890a8e2dbc6843ffe9b,0.1889360187,if7_legacy_anchor_when_all_sources_strongly_concordant
3gbn_h1:0000125:fa2ae9d8430c,fa2ae9d8430cc397a8117e4d5c132e8851ecb43421faaa032a62fb096389e90d,0.5367621084,if7_legacy_anchor_when_all_sources_strongly_concordant
3gbn_h1:0000126:decd46df5412,decd46df54129a671438b072d57d56eb5d48d410fe315cc6daefb0fe5ac4e808,0.5312831402,if7_legacy_anchor_when_all_sources_strongly_concordant
3gbn_h1:0000127:6a76cdd62f6e,6a76cdd62f6e9c2776884fc62d2b9631890964b0872bc909a28719a86557e072,0.07776599252,if7_legacy_anchor_when_all_sources_strongly_concordant
3gbn_h1:0000128:5a106c0a901b,5a106c0a901bbe5bd3329c95cc13d277c6ffaaaf37cefd8d1dbaaa7a716609a0,0.2235772312,if7_legacy_anchor_when_all_sources_strongly_concordant
3gbn_h1:0000129:fd54fe0a8e3f,fd54fe0a8e3f70df88e17f7d4dd892c7667575c492d0466695192f3913048472,0.6565924287,if7_legacy_anchor_when_all_sources_strongly_concordant
3gbn_h1:0000130:95fd9a13eccb,95fd9a13eccb6593274e2efca31684204b6bec57669fa428d4bb1df2f75a4a1a,0.2893248498,if7_legacy_anchor_when_all_sources_strongly_concordant
3gbn_h1:0000131:71e7a6bf6eb2,71e7a6bf6eb225a489aa2d4545b40f7da6c79a88142196365fb4088e07e7ea55,0.6645457645,if7_legacy_anchor_when_all_sources_strongly_concordant
3gbn_h1:0000132:4641f568b775,4641f568b77536465fc266150da05fd942401b8806b77c58e4bdde8503f3a9e3,0.8092965683,if7_legacy_anchor_when_all_sources_strongly_concordant
3gbn_h1:0000133:65abcbc3c13d,65abcbc3c13dfee5ae4a9494718a5e4937b172279896d3202393be65c0e9d7da,0.4906327228,if7_legacy_anchor_when_all_sources_strongly_concordant
3gbn_h1:0000134:33ca487a6d83,33ca487a6d83f4faeaf6fc36a3c4f921631d9a4827900a63d42b50cb2d0ddde9,0.1037469068,if7_legacy_anchor_when_all_sources_strongly_concordant
3gbn_h1:0000135:1e60e2a9e8b9,1e60e2a9e8b9d8993f881015b2a9849855ed06cb586637b75209ecb0940206b5,0.6769176523,if7_legacy_anchor_when_all_sources_strongly_concordant
3gbn_h1:0000136:d05d025fa930,d05d025fa93094f285f60c50a13b17cbdaf198445c3bb5273ab5114bcb8e6037,0.5118416448,if7_legacy_anchor_when_all_sources_strongly_concordant
3gbn_h1:0000137:11d68b5e0988,11d68b5e0988d9c65b0c4f9928ac383432c36a87ce24dc22623d0e1dcc5c406a,0.2120890667,if7_legacy_anchor_when_all_sources_strongly_concordant
3gbn_h1:0000138:51cba76b0874,51cba76b08747e3ed4269331f90e83f25c9f53db3a1d26dbcd3fd8dd39a81ad2,0.6175327003,if7_legacy_anchor_when_all_sources_strongly_concordant
3gbn_h1:0000139:6c7cc6aa74a0,6c7cc6aa74a0fcf36b6e1c2a3bd19a0cf1f5e1328fd3218f4e13ba05a2286ae2,0.8469423652,if7_legacy_anchor_when_all_sources_strongly_concordant
3gbn_h1:0000140:365dd68ac5ac,365dd68ac5ac1cfc1d7ad7c10a67ec28b1fb6a2f0a47fb41ad9872c602726d89,0.02545068879,if7_legacy_anchor_when_all_sources_strongly_concordant
3gbn_h1:0000141:258040220057,2580402200570dcfb9d0825740e669d2a123a63c0f34ae476df2256827c38026,0.4577589333,if7_legacy_anchor_when_all_sources_strongly_concordant
3gbn_h1:0000142:1ca00445cbc2,1ca00445cbc2783d8104b09e3411096e85cc9a19e3b9deedb8afb5d9a1a9e4ab,0.5473665695,if7_legacy_anchor_when_all_sources_strongly_concordant
3gbn_h1:0000143:0bc299e185c7,0bc299e185c70236a20c6dedc4671f0b63c4093c19d64259a0aa619032a696c1,0.1744432623,if7_legacy_anchor_when_all_sources_strongly_concordant
3gbn_h1:0000144:10f595633874,10f595633874699cd5285f003e19d48797a30d6294ac38b6eae650bd304a35c9,0.06256627664,if7_legacy_anchor_when_all_sources_strongly_concordant
3gbn_h1:0000145:7a6176dd2c05,7a6176dd2c0559fda1e5677c8395ab45c7bd5a43909809d37e6dcef298619cd0,0.3451749832,if7_legacy_anchor_when_all_sources_strongly_concordant
3gbn_h1:0000146:6591826b9db8,6591826b9db82443665e969726742d5d627109b08f4a2792a73365a60650bee1,0.4853304923,if7_legacy_anchor_when_all_sources_strongly_concordant
3gbn_h1:0000147:90967d8317f0,90967d8317f0ede653e27f8493600c5e7f1b91af4f293b93fa34fed1b03f2dd1,0.3140685707,if7_legacy_anchor_when_all_sources_strongly_concordant
3gbn_h1:0000148:c9ee7b70cb95,c9ee7b70cb955fb52368988e0571e0705fdff3c9096b7c596be2741a12d2dd79,0.5072463751,if7_legacy_anchor_when_all_sources_strongly_concordant
3gbn_h1:0000149:88db9c5a5cdd,88db9c5a5cdd1ca351f94deacca97accf96667a701e589c0da23c4a751d8481c,0.332979853,if7_legacy_anchor_when_all_sources_strongly_concordant
3gbn_h1:0000150:92ff284434f9,92ff284434f94c765d482b095ffe48bea376a3275e2da5829853e046dabe0826,0.1785083115,if7_legacy_anchor_when_all_sources_strongly_concordant
3gbn_h1:0000151:0285752aa651,0285752aa651bfb298498a9af1fad9119c2131e1ab7014a86c12907406b0e77d,0.3547189732,if7_legacy_anchor_when_all_sources_strongly_concordant
3gbn_h1:0000152:a16efeb489fc,a16efeb489fca452e70b18ce5d90b5baf072cb6e973ebf8feab23796cf4250e4,0.1739130393,if7_legacy_anchor_when_all_sources_strongly_concordant
3gbn_h1:0000153:f04e9f47c7e6,f04e9f47c7e601adaaea2dc37acd09a6d0dcbd14cb8d17bdf891dc2ca6a0c092,0.1889360237,if7_legacy_anchor_when_all_sources_strongly_concordant
3gbn_h1:0000154:86eeaf771dd7,86eeaf771dd7bac3f03acbdca788e0f51d45a79b6191515eac4d3ed1bf6c8d1d,0.6880523066,if7_legacy_anchor_when_all_sources_strongly_concordant
3gbn_h1:0000155:725c7a0177ea,725c7a0177eab2c870ed6ddfa9c54f2df3d666cae182c8e3803c11cbf37bb93e,0.232591023,if7_legacy_anchor_when_all_sources_strongly_concordant
3gbn_h1:0000156:04bb3e129e20,04bb3e129e20d1b42adc6f491cda38ba12b1a129314425224606538bff50cd77,0.4803817545,if7_legacy_anchor_when_all_sources_strongly_concordant
3gbn_h1:0000157:ec3f185102f0,ec3f185102f05dc78baaebec2378661ed1feefb17dc8e699eb60cc067d773bde,0.4533404112,if7_legacy_anchor_when_all_sources_strongly_concordant
3gbn_h1:0000158:fa2cd218d18a,fa2cd218d18a9a72698b0a2f1ea177843e9052dc9bb7911e23de7004732e13ce,0.3400494804,if7_legacy_anchor_when_all_sources_strongly_concordant
3gbn_h1:0000159:ec1ad458b8f7,ec1ad458b8f7530ba830ca8a8183fed4ff9016ff5412a70e5a4ae8e906a7502a,0.5774125159,if7_legacy_anchor_when_all_sources_strongly_concordant
3gbn_h1:0000160:533fdb70c8d0,533fdb70c8d09d114ee9928e925ba0a559435e191dd504ccd68de0e502a2c069,0.3432308336,if7_legacy_anchor_when_all_sources_strongly_concordant
3gbn_h1:0000161:4fe0be8f4ad1,4fe0be8f4ad1fbf823da0e7eed49928490657fee1fd0954ff9cad5d499a5c9bb,0.6032166779,if7_legacy_anchor_when_all_sources_strongly_concordant
3gbn_h1:0000162:6b562af19c34,6b562af19c343da4a38842dc8d00fcbf054b9f0affaed6f0769479d1d103b056,0.4227642169,if7_legacy_anchor_when_all_sources_strongly_concordant
3gbn_h1:0000163:0567c7056d03,0567c7056d0386274340cebc24f8f27ff8597eb66af34e17d6b4595fcfbf035c,0.5097207328,if7_legacy_anchor_when_all_sources_strongly_concordant
3gbn_h1:0000164:4734abe81ae6,4734abe81ae6f62fb2dbd33a2fd9fdc84f57811b03e287e1d1e27e35112ceec5,0.1968893582,if7_legacy_anchor_when_all_sources_strongly_concordant
3gbn_h1:0000165:167d50ed2f29,167d50ed2f291f8ee7956f68fa35b4184eb33bc79c3e645e551b257f979f945f,0.146871686,if7_legacy_anchor_when_all_sources_strongly_concordant
3gbn_h1:0000166:cb8956f0b9e7,cb8956f0b9e77193c4786bafde724a171c3169a254a65009ecbb54c997ff337f,0.4100388785,if7_legacy_anchor_when_all_sources_strongly_concordant
3gbn_h1:0000167:c4664badeee4,c4664badeee471bb88be8390c9fa7628868bdfdfd721370c1ec744303cf15c3c,0.3868858318,if7_legacy_anchor_when_all_sources_strongly_concordant
3gbn_h1:0000168:e5188d2e3a0d,e5188d2e3a0d8f8e7a696cf89b152a16d3a7785ae60eecbf70a1f4668201104e,0.4499823252,if7_legacy_anchor_when_all_sources_strongly_concordant
3gbn_h1:0000169:fd22401f4f5f,fd22401f4f5f820d5ef38f704a7df7d9520bd08aeb9bb45ce8c521ec63e1958f,0.3837044885,if7_legacy_anchor_when_all_sources_strongly_concordant
3gbn_h1:0000170:29458509226f,29458509226f2fa93a11aa246dacdd86ac3b9fb19d9aeb40d27ef19f4e192878,0.6086956262,if7_legacy_anchor_when_all_sources_strongly_concordant
3gbn_h1:0000171:3210ca140c90,3210ca140c90903d1192c89b383afe23aafc62fe0e733bf15523fcc4b698ed90,0.3768115962,if7_legacy_anchor_when_all_sources_strongly_concordant
3gbn_h1:0000172:3e03f5f1786e,3e03f5f1786eb2e5b1d4fe94ed234dd6ca1dc9b3c2142f57d082e7ccd376eaac,0.781371514,if7_legacy_anchor_when_all_sources_strongly_concordant
3gbn_h1:0000173:eebfcb5c48ef,eebfcb5c48ef78c385bba780ccfdaf0ef1609de1fd24172369d845165be102e9,0.2370095452,if7_legacy_anchor_when_all_sources_strongly_concordant
3gbn_h1:0000174:6fd2ea4b35fc,6fd2ea4b35fc4717345deee287b47036cad1b0aebe79dc0ab64a96f62e558999,0.7543301383,if7_legacy_anchor_when_all_sources_strongly_concordant
3gbn_h1:0000175:b63d3351dd21,b63d3351dd21264bd5c0623f138125ac52068485b286d49af7e1d863c56a5bd5,0.2803110654,if7_legacy_anchor_when_all_sources_strongly_concordant
3gbn_h1:0000176:475bed311520,475bed3115204a8d50f1b7ed76871c70b5b94b0f2470fb79fb4e28aa7de7ca48,0.5781194716,if7_legacy_anchor_when_all_sources_strongly_concordant
3gbn_h1:0000177:3d1281b13610,3d1281b13610c3c668ec033cc645310e6b5c07ee420bc8a88b83e08419fa0e7a,0.6951219638,if7_legacy_anchor_when_all_sources_strongly_concordant
3gbn_h1:0000178:46f2f43e20f7,46f2f43e20f782880affcf7d1974e8790b162362dc605260abc86677dc9c3c70,0.4609402716,if7_legacy_anchor_when_all_sources_strongly_concordant
3gbn_h1:0000179:3f565e5a0297,3f565e5a0297710bc33491782f9b621faa660551de87a4f844814d58f76779a7,0.2391304374,if7_legacy_anchor_when_all_sources_strongly_concordant
3gbn_h1:0000180:0f90bc058b7f,0f90bc058b7f816e0a4a4ddb0aa50a0da3dba032e8f728323e0c8fd46910ee09,0.2702368349,if7_legacy_anchor_when_all_sources_strongly_concordant
3gbn_h1:0000181:487bd89c726b,487bd89c726b49887c5fad47a14feba4bcd78d7a51d3de771eb48f500171dc27,0.196712623,if7_legacy_anchor_when_all_sources_strongly_concordant
3gbn_h1:0000182:e953e9147109,e953e91471097c704b02b013bbef06ff7528016c0c2ce898ccf0af4defd17773,0.4489218866,if7_legacy_anchor_when_all_sources_strongly_concordant
3gbn_h1:0000183:16a2004856cf,16a2004856cf3aebb4317965d80aee5e251a516b4ac5321efa039a33e6a3e5c7,0.8932484984,if7_legacy_anchor_when_all_sources_strongly_concordant
3gbn_h1:0000184:cfe4f056b194,cfe4f056b194b5a766a751fa832e6687432ae5434d158fae8c1c1131e5cdb1ce,0.2267585763,if7_legacy_anchor_when_all_sources_strongly_concordant
3gbn_h1:0000185:207b94f8e0f1,207b94f8e0f1e1c124acb523e9872c28425ea44bdd0159e7aa766880eebaad95,0.1684340754,if7_legacy_anchor_when_all_sources_strongly_concordant
3gbn_h1:0000186:674d4e93e3b9,674d4e93e3b99c887fae16abe07d6725b4a92f728c5bb899abdbb0634d1c36e4,0.5698126604,if7_legacy_anchor_when_all_sources_strongly_concordant
3gbn_h1:0000187:b8dd71de8394,b8dd71de839419b879c189c73bf6122c61125bf464005ad0760c24512bcad320,0.7695298791,if7_legacy_anchor_when_all_sources_strongly_concordant
3gbn_h1:0000188:58866cac3fa9,58866cac3fa909627547ab852746d27e082ffc4b474718ea360e25b9123cfe1d,0.5607988735,if7_legacy_anchor_when_all_sources_strongly_concordant
3gbn_h1:0000189:25a2d36c23e6,25a2d36c23e6e06f7b312a5d8094e04968b56903fc87706ab038d484201d189f,0.2820784735,if7_legacy_anchor_when_all_sources_strongly_concordant
3gbn_h1:0000190:14cb3f11858d,14cb3f11858dd17cc0879ff59b2697efe2830b3e452e7f0b7870ca40bf1a205e,0.3241428112,if7_legacy_anchor_when_all_sources_strongly_concordant
3gbn_h1:0000191:52613d9bf3c6,52613d9bf3c6bc5d0587c0a02ddcc8846fb484d83cd1ca889c54c66aeb277db6,0.3563096523,if7_legacy_anchor_when_all_sources_strongly_concordant
3gbn_h1:0000192:e600f744fe18,e600f744fe18cf1e63c4d051533267777e2e4327cca611f691543bcb05d60d1a,0.9042064349,if7_legacy_anchor_when_all_sources_strongly_concordant
3gbn_h1:0000193:7743ffea6b58,7743ffea6b581554c375aece7a53db1a4652c64c7a197f6fdcc869f9d11aae77,0.2196889358,if7_legacy_anchor_when_all_sources_strongly_concordant
3gbn_h1:0000194:e0073c590464,e0073c5904643709d3535de40ea5b652e6dd381fbf7622b7d3a1a4c368581e5b,0.3365146667,if7_legacy_anchor_when_all_sources_strongly_concordant
3gbn_h1:0000195:dc1f8facf241,dc1f8facf241e11f0b25db7cc53ab516470d85fbb09106bbc89fc406980e9f75,0.08978437758,if7_legacy_anchor_when_all_sources_strongly_concordant
3gbn_h1:0000196:c204864b779c,c204864b779c9cbb2d52ce10699a43a5fbf46263a98eca386813609616b8a2c4,0.210851891,if7_legacy_anchor_when_all_sources_strongly_concordant
3gbn_h1:0000197:c031598fb324,c031598fb324cf510db186b3dac6faffffd56c4cafc7172e41f3551c94b65f0a,0.6012725234,if7_legacy_anchor_when_all_sources_strongly_concordant
3gbn_h1:0000198:43da32ef9756,43da32ef9756c144436f05237df762fd984b2a244f4ec6acce5546274d4ea07d,0.7294096847,if7_legacy_anchor_when_all_sources_strongly_concordant
3gbn_h1:0000199:c741d529bbd8,c741d529bbd8e8b1931ec4b389cd30f4b0d283946f14b9f417ed134d29aa36c6,0.4155178468,if7_legacy_anchor_when_all_sources_strongly_concordant
3gbn_h1:0000200:d85f99ebd6d1,d85f99ebd6d1ff826558c42ea0d0a5c4da72c3c3604f6156be8aabe79f37a21f,0.3573700984,if7_legacy_anchor_when_all_sources_strongly_concordant
3gbn_h1:0000201:b3be4b87d8eb,b3be4b87d8eb8885c766658d54eb08041f32de0b1241c396340b7539e14c590a,0.1845174978,if7_legacy_anchor_when_all_sources_strongly_concordant
3gbn_h1:0000202:ceaab9e65826,ceaab9e6582688f8731d69987812665848ecfe288c477b7f79b88faca1aa67b0,0.2297631701,if7_legacy_anchor_when_all_sources_strongly_concordant
3gbn_h1:0000203:f7fd56773ed0,f7fd56773ed0d44767eeebade66c7594338441402473f912a293c1f16a73fbf1,0.37557441,if7_legacy_anchor_when_all_sources_strongly_concordant
3gbn_h1:0000204:6feb6beff08e,6feb6beff08ec738830936a3ea4dbc41a5564a894eddd4b6afff352cb07f109d,0.3107105046,if7_legacy_anchor_when_all_sources_strongly_concordant
3gbn_h1:0000205:198275351cb1,198275351cb13c8186cfed04b95603312d97a071eca0658df22ea775defd4e34,0.2942735901,if7_legacy_anchor_when_all_sources_strongly_concordant
3gbn_h1:0000206:a3b49d1ae4e5,a3b49d1ae4e553025081bdacb4b5b8ef48488854ca1f8d16543c61e8027d714c,0.2688229034,if7_legacy_anchor_when_all_sources_strongly_concordant
3gbn_h1:0000207:d2d86b458773,d2d86b458773831f4773022caf39e49105da0a5212e9ad52e42e934b0f4c2c53,0.6048073669,if7_legacy_anchor_when_all_sources_strongly_concordant
3gbn_h1:0000208:00896b0600b7,00896b0600b744217f231f8377061a91a4c31171d20e2a91a5db0fc68a03e373,0.8815835913,if7_legacy_anchor_when_all_sources_strongly_concordant
3gbn_h1:0000209:f72d1484e054,f72d1484e054b50a97c73395dad37a9b9f0ad22abba3692f247c5de96162f619,0.321491691,if7_legacy_anchor_when_all_sources_strongly_concordant
3gbn_h1:0000210:2de8d7c1b069,2de8d7c1b0693c218dd4ea281aa8ac0e02c16ccb787754596444533e23165c68,0.1603039972,if7_legacy_anchor_when_all_sources_strongly_concordant
3gbn_h1:0000211:82db7ef71d99,82db7ef71d99aa9fdbf503856354cecbdd38b1bc8078bffeeb58fdf6771127a1,0.3199010193,if7_legacy_anchor_when_all_sources_strongly_concordant
3gbn_h1:0000212:de1cc6e1cecd,de1cc6e1cecd6446bdf0737be32b1bc936a50e20435324147a5c8cc647133012,0.4162248261,if7_legacy_anchor_when_all_sources_strongly_concordant
3gbn_h1:0000213:deb3dc965931,deb3dc965931fb251e5e4f89537fa8b25e226a17d7bfcd89dec37d0e67d72dec,0.6488158554,if7_legacy_anchor_when_all_sources_strongly_concordant
3gbn_h1:0000214:e37f5a433337,e37f5a4333379cdbc3abe593893161295db61146bc1157825c481165e511d4fb,0.7373630206,if7_legacy_anchor_when_all_sources_strongly_concordant
3gbn_h1:0000215:7912303da1b6,7912303da1b6225f5b82d1f276b80a7e4d7ef6b4da484bda841faabe652d54c5,0.4406150579,if7_legacy_anchor_when_all_sources_strongly_concordant
3gbn_h1:0000216:372ece8345bb,372ece8345bb46bf895e30f9d6a1a669ca006a87ebd6a6784ea6201f8da4b498,0.1150583227,if7_legacy_anchor_when_all_sources_strongly_concordant
3gbn_h1:0000217:bc7f80b7aec0,bc7f80b7aec04625f265ee503a4488f1a38c6cc2c92fa97194a3dfbff631081d,0.3575468457,if7_legacy_anchor_when_all_sources_strongly_concordant
3gbn_h1:0000218:7e1b1bb808da,7e1b1bb808da5c533328a91dd47525921b11212386bda29f875f91d87afb2606,0.0705196187,if7_legacy_anchor_when_all_sources_strongly_concordant
3gbn_h1:0000219:b83fcf82d8cf,b83fcf82d8cf673f1824b96cc13475ef4fa6a6c76f97d8f9698fb40f5555fecd,0.8250265121,if7_legacy_anchor_when_all_sources_strongly_concordant
3gbn_h1:0000220:f111c4637557,f111c4637557a2e695e5eca4d17b90514bd7826cd0677206bda00152a029406e,0.7912689845,if7_legacy_anchor_when_all_sources_strongly_concordant
3gbn_h1:0000221:fccc3cdbfe55,fccc3cdbfe559b66f26910c3bbf257d5a1ae39d49ef32697219d89c44043d435,0.2631672025,if7_legacy_anchor_when_all_sources_strongly_concordant
3gbn_h1:0000222:52bbb04a59e2,52bbb04a59e251e267df81d74fed75defb6550fe434dbad136a64e05d473504d,0.06733828038,if7_legacy_anchor_when_all_sources_strongly_concordant
3gbn_h1:0000223:8fbee6cd76d1,8fbee6cd76d195aac7b4b12d8d5ae2380a9c51ebeeda5a493adf553a9e187a5b,0.2902085533,if7_legacy_anchor_when_all_sources_strongly_concordant
3gbn_h1:0000224:c4c6e7cbe7e6,c4c6e7cbe7e622c66918ac5fb3cc4dea871d61d2ead070bb648e7f2393261b56,0.4024390255,if7_legacy_anchor_when_all_sources_strongly_concordant
3gbn_h1:0000225:5fc4014f0e63,5fc4014f0e634f4ef3f205da042b9d93fc6e2a04705439a7a9d4c714b9eaba05,0.8419936299,if7_legacy_anchor_when_all_sources_strongly_concordant
3gbn_h1:0000226:ecabcf35508d,ecabcf35508d01307d89c5d911f41eb3c5af04e388cc73d04e7af1015adf0985,0.2971014579,if7_legacy_anchor_when_all_sources_strongly_concordant
3gbn_h1:0000227:d460ae838649,d460ae8386495f0896a894fd961d4c08261f010fed7b727496cb39df5a0b222f,0.4462707639,if7_legacy_anchor_when_all_sources_strongly_concordant
3gbn_h1:0000228:a5340f6e9ec7,a5340f6e9ec7d2134cbaf8d2d3544f88ba7b4a112a2ff1d26386a42289ca56c3,0.6145281096,if7_legacy_anchor_when_all_sources_strongly_concordant
3gbn_h1:0000229:9f8347f03e07,9f8347f03e07c22be48fa87d71f6a6370bba2dc9b849983f01dc8ea5c5dc85d3,0.4529869234,if7_legacy_anchor_when_all_sources_strongly_concordant
3gbn_h1:0000230:e9f6a54c2932,e9f6a54c2932c08ef65fa2d1107cb79e13ba57cedf258e79634c4b2726cf8863,0.3301520099,if7_legacy_anchor_when_all_sources_strongly_concordant
3gbn_h1:0000231:31aea3b9c3c4,31aea3b9c3c4f3e2bd3de6021c841f951549aab10527c6fc228c455b9f553e97,0.6290208598,if7_legacy_anchor_when_all_sources_strongly_concordant
3gbn_h1:0000232:91d31e5d0667,91d31e5d0667fd99b7789373bbbc3899d9f13a6a29306aec8021aa4756a30a66,0.6505832275,if7_legacy_anchor_when_all_sources_strongly_concordant
3gbn_h1:0000233:0330a209f7c2,0330a209f7c2dd513df94a24e23d4be4d887f80eb00a42e489cec303164439b9,0.7234005133,if7_legacy_anchor_when_all_sources_strongly_concordant
3gbn_h1:0000234:a61d951a678a,a61d951a678a3d3185e89f1210a9d7350c8c08d60f1986b0ca0bc45570daaf4e,0.529162238,if7_legacy_anchor_when_all_sources_strongly_concordant
3gbn_h1:0000235:6ff3e4b246f4,6ff3e4b246f4954db4debcc0af3a152e4cd86967d9cd63967323da084c00cfc6,0.2910922567,if7_legacy_anchor_when_all_sources_strongly_concordant
3gbn_h1:0000236:353a540859fd,353a540859fde7144eaefc77168916828d5ed46feb208a0b108be9e137c56264,0.3580770592,if7_legacy_anchor_when_all_sources_strongly_concordant
3gbn_h1:0000237:14a413f9e08c,14a413f9e08c8850f685ac90e6c1135d74a0ec495dede9fe07accf89dcdcfc28,0.3039943427,if7_legacy_anchor_when_all_sources_strongly_concordant
3gbn_h1:0000238:be2bcc2aee7c,be2bcc2aee7ca82f07cfe5a452a36aa8dc3467231e358e40550fef6edc43f12d,0.2281725034,if7_legacy_anchor_when_all_sources_strongly_concordant
3gbn_h1:0000239:bc0b3dc1f493,bc0b3dc1f493d9ce0774127f698215836d0a4ba8a8b70e8092d15db10bb2fb17,0.3829975327,if7_legacy_anchor_when_all_sources_strongly_concordant
3gbn_h1:0000240:8bbc74407ed3,8bbc74407ed31539f52de2c43055838f5c0a335e731d74379c0e4f297c1cba62,0.2131495228,if7_legacy_anchor_when_all_sources_strongly_concordant
3gbn_h1:0000241:60940216e51d,60940216e51d9d2b6a7130e4a5a53ceaa2aedb735151b89df340e028cfade43c,0.8036408623,if7_legacy_anchor_when_all_sources_strongly_concordant
3gbn_h1:0000242:7acb55eb67fa,7acb55eb67fae4b464f8f4ed7290060e79d51b6571eaa8ea17544d939c760248,0.4800282816,if7_legacy_anchor_when_all_sources_strongly_concordant
3gbn_h1:0000243:2a357972127a,2a357972127acbd6d63cb51d5af6ad8f41f76a65ef630becbdc1b3dea2babe45,0.3105337645,if7_legacy_anchor_when_all_sources_strongly_concordant
3gbn_h1:0000244:ebf82d7f9f67,ebf82d7f9f67af04307853cc491f20c9c00a7bffcac20a3dababf3221cbdc8ea,0.968009909,if7_legacy_anchor_when_all_sources_strongly_concordant
3gbn_h1:0000245:34daec66a25a,34daec66a25aafc67f8faa96b61a36ef530efe5c5d07fb422a3fb3c1b35c482d,0.2484977047,if7_legacy_anchor_when_all_sources_strongly_concordant
3gbn_h1:0000246:0ff00684a088,0ff00684a08855e40d64480d2f8a4f8411fe72161f583a4d0e6194102528a48b,0.653057615,if7_legacy_anchor_when_all_sources_strongly_concordant
3gbn_h1:0000247:320b965f707b,320b965f707bcce8c51a49a8ca1867070160eb11c328dce5d23c2e5d05c81ce8,0.3596677234,if7_legacy_anchor_when_all_sources_strongly_concordant
3gbn_h1:0000248:54df6fdbe653,54df6fdbe6537a154d66ac5c3af372420748f7f971cb32b9aa81835b88bb3785,0.1550017707,if7_legacy_anchor_when_all_sources_strongly_concordant
3gbn_h1:0000249:2f899de64aad,2f899de64aade421bdb2455f9b1ad5131fd3a2074a29072ab6dbe3f5e2b6b4fe,0.2149169271,if7_legacy_anchor_when_all_sources_strongly_concordant
3gbn_h1:0000250:fd69c8d22401,fd69c8d22401266cb8a867e1a76b4154d1bfac7bc91c28a70a8763e7c03fef28,0.05001767352,if7_legacy_anchor_when_all_sources_strongly_concordant
3gbn_h1:0000251:40136bb0e7dc,40136bb0e7dc4b49edf28906ecbc47443ebb6fea2ac7354afeac4a35ec31d342,0.3624955912,if7_legacy_anchor_when_all_sources_strongly_concordant
3gbn_h1:0000252:3c54b31b3a6c,3c54b31b3a6cdf01b799a7b6d6aea473bf04190237f6ba673e588c2af4be94ba,0.3997879028,if7_legacy_anchor_when_all_sources_strongly_concordant
3gbn_h1:0000253:16ff2a313cbf,16ff2a313cbf03b2191246578d47d3bc5401336d61a57cbf0f73d60e06fdf21e,0.2810180237,if7_legacy_anchor_when_all_sources_strongly_concordant
3gbn_h1:0000254:dd616aa75f9d,dd616aa75f9d064e1ff409eb9fdd82edf9ce59baa1ec98761863bc3d62d85b63,0.5381760299,if7_legacy_anchor_when_all_sources_strongly_concordant
3gbn_h1:0000255:500f9939a3ca,500f9939a3ca9ca159aff43d65069bbe81ce54bdc3b1db767d7694319ea95e9e,0.4471544723,if7_legacy_anchor_when_all_sources_strongly_concordant
3gbn_h1:0000256:2525bb9b1a62,2525bb9b1a627a2cb65366bddd17bd9a836b2a5836e8b476851c997ce6d8f047,0.3750441969,if7_legacy_anchor_when_all_sources_strongly_concordant
3gbn_h1:0000257:9f861a8a954d,9f861a8a954dbf2bdd46e05e3f8ac8da0e3142f99d2f2a0a522e695300cd165b,0.9487451514,if7_legacy_anchor_when_all_sources_strongly_concordant
3gbn_h1:0000258:b5676afe5f12,b5676afe5f12ece2e953602790d14422472760117d395f5ccdcfbd6136db9827,0.3589607676,if7_legacy_anchor_when_all_sources_strongly_concordant
3gbn_h1:0000259:8767a6e612bb,8767a6e612bbc18164c54a0ae460d1ecd49fdf58599958530a1f5585c1c653df,0.365500172,if7_legacy_anchor_when_all_sources_strongly_concordant
3gbn_h1:0000260:749193339ce8,749193339ce82375f0b8be90ee92e7bfb05e74461cc064898120ff9eb1299bfc,0.326793924,if7_legacy_anchor_when_all_sources_strongly_concordant
3gbn_h1:0000261:53ee0d415069,53ee0d415069b8bb06398a587ee2e0791152e13d6a7e10fecf9035cdd0fde6ab,0.2177447826,if7_legacy_anchor_when_all_sources_strongly_concordant
3gbn_h1:0000262:40382b64374b,40382b64374bf3bcabeae2d70a11db6c8091e29b4d3538d659e235b004637a84,0.6495228112,if7_legacy_anchor_when_all_sources_strongly_concordant
3gbn_h1:0000263:6cfa062c1499,6cfa062c1499a3b927b08d72272c8c0d77e03eaaef17ac27d640be63638e4f4f,0.6493460338,if7_legacy_anchor_when_all_sources_strongly_concordant
3gbn_h1:0000264:8149b0fe9a77,8149b0fe9a779c74ab74241fafd40a588dece83cd14dfc0f23f9fd7db8dfd153,0.1429833886,if7_legacy_anchor_when_all_sources_strongly_concordant
3gbn_h1:0000265:ec1cd2c1379d,ec1cd2c1379de39c04fb94880d8fdeeaa519f75a5d4b65ea39ec4d3b0b7652c5,0.5979144474,if7_legacy_anchor_when_all_sources_strongly_concordant
3gbn_h1:0000266:4070b6f14576,4070b6f14576481b7bd5cc9cb3eff1d67432780c460c7277ef168bd099c5892f,0.4876281395,if7_legacy_anchor_when_all_sources_strongly_concordant
3gbn_h1:0000267:870171b9f41e,870171b9f41e33c198131393c507aad659cf4d9b9cbff17c0a663e8fbaa593c8,0.2758925408,if7_legacy_anchor_when_all_sources_strongly_concordant
3gbn_h1:0000268:bbaf6a303d85,bbaf6a303d85908ca31acb75dc97259b75c0bbeee0c58f5e5c0898f8f6f210e7,0.8681512872,if7_legacy_anchor_when_all_sources_strongly_concordant
3gbn_h1:0000269:43a9061298e9,43a9061298e931694b0fcb52c3649afb2c94c8349fee74b915d0e6256591ba2f,0.388476491,if7_legacy_anchor_when_all_sources_strongly_concordant
3gbn_h1:0000270:bddf4b802c06,bddf4b802c063ad0a470e2470e8c1231e3eb5fbd4739a53b0cf0522879673aaf,0.2935666293,if7_legacy_anchor_when_all_sources_strongly_concordant
3gbn_h1:0000271:f11894ac4913,f11894ac49138f3fe6bdc69e4e9e0cba078e5db1a061a6eeef88e15ae5df1355,0.2536231875,if7_legacy_anchor_when_all_sources_strongly_concordant
3gbn_h1:0000272:d7ccf3387594,d7ccf338759408c7aa43a1c3b3ffacc1dd265b98afb013a749d3bf562c2c8967,0.2688229084,if7_legacy_anchor_when_all_sources_strongly_concordant
3gbn_h1:0000273:7dc237a30750,7dc237a3075011310bb0f688bfa556170795264465245886621213d9ce8f9e0a,0.7043124834,if7_legacy_anchor_when_all_sources_strongly_concordant
3gbn_h1:0000274:f907c42cafed,f907c42cafedbc1d4a1dd042c24ff87f57a925dfb88c271b6d936f0a4c02e520,0.3142453134,if7_legacy_anchor_when_all_sources_strongly_concordant
3gbn_h1:0000275:e216a3df8724,e216a3df872482f87e6c61de6d800d19d36c69b8b83ea86df707ec1d94803923,0.3748674492,if7_legacy_anchor_when_all_sources_strongly_concordant
3gbn_h1:0000276:84d8b0b24100,84d8b0b241001c20974eec65f524d77c07cf5a922986a4e920d7a04e1943c6cf,0.07705903302,if7_legacy_anchor_when_all_sources_strongly_concordant
3gbn_h1:0000277:26c78a6b645d,26c78a6b645d1219829061dd4f61000ac72c48dca591664bfc923e26ed42a1f8,0.2331212511,if7_legacy_anchor_when_all_sources_strongly_concordant
3gbn_h1:0000278:5c268f20b2a0,5c268f20b2a0b71f02237e271d2c327aed8d7705985951f9489c71b8531cf847,0.1330858953,if7_legacy_anchor_when_all_sources_strongly_concordant
3gbn_h1:0000279:79b4b0ee520f,79b4b0ee520faa99cadf3195379d1279561d69d48933d411f6e8c2e9e242b49d,0.6815129121,if7_legacy_anchor_when_all_sources_strongly_concordant
3gbn_h1:0000280:04fd7fe16c0a,04fd7fe16c0ae7e3f1583d7bf2040b2c1b91489b3ad50106349324c6c506b23b,0.7218098342,if7_legacy_anchor_when_all_sources_strongly_concordant
3gbn_h1:0000281:5cb76cb76d60,5cb76cb76d60f0b8fa10f668b04f84568790ba3526d331b8601a59891a3fdd00,0.1974195838,if7_legacy_anchor_when_all_sources_strongly_concordant
3gbn_h1:0000282:83f7c70b5d3c,83f7c70b5d3c42bf2bf3c93e52ffb4f75356fabc02324c7c3ce147ab0b085ee5,0.5763520698,if7_legacy_anchor_when_all_sources_strongly_concordant
3gbn_h1:0000283:afe28daea262,afe28daea262c5804f6375fd515370c3bda3ec6a47fb6ecf6ae7e0b77b5d8095,0.1304347803,if7_legacy_anchor_when_all_sources_strongly_concordant
3gbn_h1:0000284:29ba2c5d9541,29ba2c5d95419efcc597c9ae71375482811a5004b73a5b71f363137cb9c5bdcf,0.4664192299,if7_legacy_anchor_when_all_sources_strongly_concordant
3gbn_h1:0000285:59f20da3c2af,59f20da3c2af012795a67fb5e7ff24b85e877a5e2d930adac796f610f1dd533b,0.03711558816,if7_legacy_anchor_when_all_sources_strongly_concordant
3gbn_h1:0000286:e47529c05c5d,e47529c05c5d30efbfc5ab6458f1924f7aa321c5070f7fb0cb0be9d53d352245,0.06097561182,if7_legacy_anchor_when_all_sources_strongly_concordant
3gbn_h1:0000287:d0941da7194a,d0941da7194aac816866009d50ba7cbe4329ca288f03707bda40171248548eb0,0.2241074586,if7_legacy_anchor_when_all_sources_strongly_concordant
3gbn_h1:0000288:a6a553ded3ed,a6a553ded3edac80e5489acd328cd37fe196a24b179c66b25cdf65a2a0e31c5e,0.6647225221,if7_legacy_anchor_when_all_sources_strongly_concordant
3gbn_h1:0000289:d9df7e952ed4,d9df7e952ed4cfd3f3351f23140c82231ca4a226ecbde5b45aec574ba17eb344,0.4968186617,if7_legacy_anchor_when_all_sources_strongly_concordant
3gbn_h1:0000290:19294d7d6f2b,19294d7d6f2b8bf1946b100b867c740a64c45be1ef62fc53de5918c5fb246b88,0.6449275315,if7_legacy_anchor_when_all_sources_strongly_concordant
3gbn_h1:0000291:e553da2cf0e5,e553da2cf0e5fe4ad760f2e298c55b0193da218a3f831d78800e6287177eca96,0.2912689994,if7_legacy_anchor_when_all_sources_strongly_concordant
3gbn_h1:0000292:66165ccafc38,66165ccafc38ec6816132a8765fe3d510ccb7981dc6e5716952479445fd75dde,0.3681512972,if7_legacy_anchor_when_all_sources_strongly_concordant
3gbn_h1:0000293:18f61b25d244,18f61b25d244864278d15c8a328909eae1d9eed18bc7dc62e8d8f830d975015f,0.2140332262,if7_legacy_anchor_when_all_sources_strongly_concordant
3gbn_h1:0000294:230bec9cb0fe,230bec9cb0fe033328a0bdf760cac024103c941385fd833e509e60bb82b01492,0.5947331091,if7_legacy_anchor_when_all_sources_strongly_concordant
3gbn_h1:0000295:7e88b6d98c03,7e88b6d98c03b280a3aa1f8cf26b461162b5468326a94b73d569815a674c0744,0.6884058019,if7_legacy_anchor_when_all_sources_strongly_concordant
3gbn_h1:0000296:8de095683b6e,8de095683b6ef38068d266ff2056475a0bbadc1410a8fbfc9b659ce5faaaf157,0.4245316386,if7_legacy_anchor_when_all_sources_strongly_concordant
3gbn_h1:0000297:1e6d7399ab28,1e6d7399ab2848c3170b9cf479ddcb6b46567ef521dd847c88701b9874b69123,0.01696712613,if7_legacy_anchor_when_all_sources_strongly_concordant
3gbn_h1:0000298:c6e8d20fbf3f,c6e8d20fbf3f978b03c9cf1ded9762b90a275ab80678188f9574dd8cdf3ff48a,0.3847649222,if7_legacy_anchor_when_all_sources_strongly_concordant
3gbn_h1:0000299:7922bfac0d75,7922bfac0d7565392fc22245dd617f20da407aa71cfb1917d15a6496d3749efc,0.6323789358,if7_legacy_anchor_when_all_sources_strongly_concordant
3gbn_h1:0000300:46137b46c526,46137b46c5260be25109c0fd9968799485f0806ca23a74b0aea41bfe199cc061,0.6541180611,if7_legacy_anchor_when_all_sources_strongly_concordant
3gbn_h1:0000301:92abe1bae93e,92abe1bae93ef2a6c606c3bbdf27136c87092d21ac2adbd7841d375807d9ce5b,0.5287203789,if7_legacy_anchor_when_all_sources_strongly_concordant
3gbn_h1:0000302:2b7f50ea1f14,2b7f50ea1f143705412e64b02fd9030a555b4a97066fbeff91e9b0764ef92251,0.142806643,if7_legacy_anchor_when_all_sources_strongly_concordant
3gbn_h1:0000303:88708e6c9fd8,88708e6c9fd86b8a73ab555b10227ac41fe70a88dae751f246290a7e6699d04a,0.3665606181,if7_legacy_anchor_when_all_sources_strongly_concordant
3gbn_h1:0000304:ab73056cc760,ab73056cc760569756716fb72ae0a479965ab2d553baa40778371acdb5066c55,0.2062566299,if7_legacy_anchor_when_all_sources_strongly_concordant
3gbn_h1:0000305:bfffb5c8bc30,bfffb5c8bc30af984e0b026083afeef10a2aaac85834711bdb4403f0453eeb13,0.320077767,if7_legacy_anchor_when_all_sources_strongly_concordant
3gbn_h1:0000306:0a7d82f4c267,0a7d82f4c267d9c010eb48f8a907d2ed381d5327f4839baac8248bdff7f5cbdb,0.829621772,if7_legacy_anchor_when_all_sources_strongly_concordant
3gbn_h1:0000307:882278fafa3d,882278fafa3d3fb5e7d261d0280cc09e905e996b35ea84897b1e0ee8e68d1c24,0.3736302505,if7_legacy_anchor_when_all_sources_strongly_concordant
3gbn_h1:0000308:a9a21451975f,a9a21451975f5a410559c3a432cb0b485ee2cdeb7d2cdc1e29e2cbc2c54cfe85,0.1567691776,if7_legacy_anchor_when_all_sources_strongly_concordant
3gbn_h1:0000309:b700fb04998f,b700fb04998f0401e75632b412ce5ba2e9ba03fa95f65559dcd57c77a1d17d02,0.8289148212,if7_legacy_anchor_when_all_sources_strongly_concordant
3gbn_h1:0000310:1ce2abef0ab6,1ce2abef0ab6ddf0d0e1c6552df4e6ee1279d7db3cd96f66ad73520214c9e296,0.918168962,if7_legacy_anchor_when_all_sources_strongly_concordant
3gbn_h1:0000311:9f977ffb1bfd,9f977ffb1bfdb736fb8e187d85fb83a957cfe794d565e46ab54cf0390228682e,0.8011664748,if7_legacy_anchor_when_all_sources_strongly_concordant
3gbn_h1:0000312:47035cccef89,47035cccef8902a656eb39faa5aa47f074f858d362836c78dbd9601b1d206a4a,0.3538352847,if7_legacy_anchor_when_all_sources_strongly_concordant
3gbn_h1:0000313:60f9c0217aae,60f9c0217aae799970727eeaa33f36f28681aba095d84279ca9582ee157be54d,0.9828561346,if7_legacy_anchor_when_all_sources_strongly_concordant
3gbn_h1:0000314:f2452d2e5f53,f2452d2e5f53f0277ab85d351834f042477b8106fac13be7e871ca36b25125ce,0.7811947763,if7_legacy_anchor_when_all_sources_strongly_concordant
3gbn_h1:0000315:8cda1fe2acf0,8cda1fe2acf05a1bf16daaab590a3beca28cba95b3168d67d34f2a9928aea60a,0.1357370075,if7_legacy_anchor_when_all_sources_strongly_concordant
3gbn_h1:0000316:3ec89caa3eff,3ec89caa3effc601601828cf8ce496a52d287b6dcc9f221b831cbec1e5a70844,0.8126546343,if7_legacy_anchor_when_all_sources_strongly_concordant
3gbn_h1:0000317:b96fdd303bd8,b96fdd303bd835c4c74e3c9f8b4e89fae105e47abfc67addeb538b0c377af269,0.4844467938,if7_legacy_anchor_when_all_sources_strongly_concordant
3gbn_h1:0000318:7259c84bad39,7259c84bad39d797b61c2b64231e72af0fb338d9167a1d265fda67b5306284ee,0.3679745495,if7_legacy_anchor_when_all_sources_strongly_concordant
3gbn_h1:0000319:3386f5161977,3386f5161977b2f6699ba2ad6e095992474021cd79977e8d5e6d4f158dbb62b6,0.1793920162,if7_legacy_anchor_when_all_sources_strongly_concordant
3gbn_h1:0000320:9dcfd1ece0ab,9dcfd1ece0ab33473b166a4cbbb16ad3946ca73d580147e789a38107859506b9,0.4252385994,if7_legacy_anchor_when_all_sources_strongly_concordant
3gbn_h1:0000321:cacb30dd10fc,cacb30dd10fca36c883f78cdd035d47fa80aebb56c7b165c3c814398841c2a6a,0.36373278,if7_legacy_anchor_when_all_sources_strongly_concordant
3gbn_h1:0000322:aa8486da6bd2,aa8486da6bd2f3a97b106a303b9991e7aefc91f1aaf29fbbaaa2dc7b13525d07,0.2424885084,if7_legacy_anchor_when_all_sources_strongly_concordant
3gbn_h1:0000323:4b35ab68ff19,4b35ab68ff190f39e99bda803db87988fbe762c975d0d67849103f7de0a6bff6,0.385648633,if7_legacy_anchor_when_all_sources_strongly_concordant
3gbn_h1:0000324:e3c279921fce,e3c279921fce7cbdb9acd34b087ca349250afc0162d96c9b36d2365671542ca0,0.1991869975,if7_legacy_anchor_when_all_sources_strongly_concordant
3gbn_h1:0000325:f3b14335abbd,f3b14335abbd4ef54dde3b8e14f11718422ffbb1cf85216279f32c54d51de7d9,0.2527394754,if7_legacy_anchor_when_all_sources_strongly_concordant
3gbn_h1:0000326:b730e942ca11,b730e942ca11d64c3e8535ee8f497275e8e5d22b4d8065410baafaeed0b01f47,0.5754683614,if7_legacy_anchor_when_all_sources_strongly_concordant
3gbn_h1:0000327:dbc104d81a0a,dbc104d81a0a3aa2f57561a7362ecf98b5fb1a60944024102041133bbd7aa135,0.5435666243,if7_legacy_anchor_when_all_sources_strongly_concordant
3gbn_h1:0000328:f0718338401d,f0718338401d7c0c72c7a5288966db410957153298b839fb278d5ea772a40e0d,0.5464828561,if7_legacy_anchor_when_all_sources_strongly_concordant
3gbn_h1:0000329:98a6835d9ff5,98a6835d9ff50c5a5886d0e3251576fa38f24e67dc395cb981b5d712f25e1a1d,0.5335807775,if7_legacy_anchor_when_all_sources_strongly_concordant
3gbn_h1:0000330:ef70370d07f7,ef70370d07f7db48198eaf969ef26fc8b8c05ccda1500fb39fa7d42478c2c72f,0.06875220903,if7_legacy_anchor_when_all_sources_strongly_concordant
3gbn_h1:0000331:a5492bb63ef3,a5492bb63ef33d697101e39c5fd9c6a0262de891c39ba33eeacbb8c5b4a94bdf,0.8052315116,if7_legacy_anchor_when_all_sources_strongly_concordant
3gbn_h1:0000332:9450204b72ae,9450204b72ae501c254074814856fd3ab9fa34152352e9ab857d2d546a2ae8e3,0.332803109,if7_legacy_anchor_when_all_sources_strongly_concordant
3gbn_h1:0000333:1bb712dfc428,1bb712dfc428cd1a23ddbd3f5f003cb84eb1dd873355cfc5bdb4a428b2492eba,0.4929303527,if7_legacy_anchor_when_all_sources_strongly_concordant
3gbn_h1:0000334:b03cd3003e6c,b03cd3003e6c8918ac97ff3b2695aefde1f5b277d0433ca123627639b51e4a2f,0.6240721146,if7_legacy_anchor_when_all_sources_strongly_concordant
3gbn_h1:0000335:48f53ac07bcc,48f53ac07bcc4c824914e9fe3d1a1a60eb1ed10e8e220550b44b7fa32bf7a14c,0.6152350704,if7_legacy_anchor_when_all_sources_strongly_concordant
3gbn_h1:0000336:bf29dbfdea6f,bf29dbfdea6f1508c4b6e6bfdd878eb71162b12af7ddfabc67fae2b6e5fb96d7,0.5581477483,if7_legacy_anchor_when_all_sources_strongly_concordant
3gbn_h1:0000337:32bb60859d4c,32bb60859d4ccb56d0e01a0d8914e3e5408a79be7defd1bca67d079431a02b9b,0.8335100611,if7_legacy_anchor_when_all_sources_strongly_concordant
3gbn_h1:0000338:151e0d4fcb0f,151e0d4fcb0f653175beeb23dae87590035c8c67a3196d6df904a8af502ac84a,0.5005302131,if7_legacy_anchor_when_all_sources_strongly_concordant
3gbn_h1:0000339:5ebd5653f8d3,5ebd5653f8d319394bd0534680162cc830f9ae227d9bfd154ca7f004aa755cc1,0.03658536697,if7_legacy_anchor_when_all_sources_strongly_concordant
3gbn_h1:0000340:e27f10f3ca23,e27f10f3ca23e384da49fc0f24c34b1e63cb39304c64bab856af21c3e9780494,0.7599858443,if7_legacy_anchor_when_all_sources_strongly_concordant
3gbn_h1:0000341:ef5333fdf942,ef5333fdf942976bdd98262d0c41a0b8350d6f0ffcddb74a87cdb59f60999e9e,0.745493114,if7_legacy_anchor_when_all_sources_strongly_concordant
3gbn_h1:0000342:59bc703326fd,59bc703326fd4d05ac53960c40bde187d31e6dc9cc5030b60fe5abd33599f649,0.8852951527,if7_legacy_anchor_when_all_sources_strongly_concordant
3gbn_h1:0000343:3b0de103ec1d,3b0de103ec1df91f13ff54aa661d4f6fd179121e627515b95625fcbc2f9435df,0.4981442094,if7_legacy_anchor_when_all_sources_strongly_concordant
3gbn_h1:0000344:f3d39c21d48a,f3d39c21d48a70a46f79fa14c04fe5edd51ef4419d4c4c3858d1ebf3013f1187,0.8345705271,if7_legacy_anchor_when_all_sources_strongly_concordant
3gbn_h1:0000345:29bc8f9c4773,29bc8f9c4773c113e179614e765b62ad991404adb9957e4c0b4bb321c294d716,0.3888299664,if7_legacy_anchor_when_all_sources_strongly_concordant
3gbn_h1:0000346:a31b485ca374,a31b485ca3747d1ca830bcfde648bd574ae4835e7c6b5aecd4a51c665ccd08d3,0.5517850891,if7_legacy_anchor_when_all_sources_strongly_concordant
3gbn_h1:0000347:ddd54868c794,ddd54868c794a67425354319d832040a694820599a34fec0fbf1bcc6b9f3ae5a,0.3826440473,if7_legacy_anchor_when_all_sources_strongly_concordant
3gbn_h1:0000348:a4c6e5dd6586,a4c6e5dd658690487130aa46bc4ddab4e544ea49dd542b8ffbd27f09667ca907,0.1562389533,if7_legacy_anchor_when_all_sources_strongly_concordant
3gbn_h1:0000349:1a20bd7b69d3,1a20bd7b69d33046a99568f3f3c06fd4c1eccf826d9184830a42b25bf33ca7bc,0.9303640723,if7_legacy_anchor_when_all_sources_strongly_concordant
3gbn_h1:0000350:1f2d5b13fb5b,1f2d5b13fb5b82eb0f0395b0a9fb39e0a8d57a116aae8e7dfb6e65a9ab196be4,0.3718628436,if7_legacy_anchor_when_all_sources_strongly_concordant
3gbn_h1:0000351:92c77c75e230,92c77c75e2308a490c34185ba3ebf44656b242fc0143722134512d7da91b6bfc,0.3183103551,if7_legacy_anchor_when_all_sources_strongly_concordant
3gbn_h1:0000352:ff7123c52e49,ff7123c52e49eeb5033e172acebee2603cc176dc57c25a8e852f7417553a9f14,0.7417815527,if7_legacy_anchor_when_all_sources_strongly_concordant
3gbn_h1:0000353:6ce676d649cc,6ce676d649ccceb884105198abe6adc7fe25f6d99466cddbf49e318ad4ae8835,0.3115942081,if7_legacy_anchor_when_all_sources_strongly_concordant
3gbn_h1:0000354:c44bf0bb15cd,c44bf0bb15cdf370edee9cb86fab3ff446e3487120bb23779e45a103b547b55e,0.7253446381,if7_legacy_anchor_when_all_sources_strongly_concordant
3gbn_h1:0000355:cce8f97af195,cce8f97af1954cfe6059f46af33a0a3162d48e88b1f14938f8a7437275886e9e,0.5600919127,if7_legacy_anchor_when_all_sources_strongly_concordant
3gbn_h1:0000356:5bfcc3fff4a8,5bfcc3fff4a8f3a18646f5db174a1442cbc2341bbd18b932ae4e69389013df73,0.2587486754,if7_legacy_anchor_when_all_sources_strongly_concordant
3gbn_h1:0000357:cdeb8c61fb64,cdeb8c61fb6487f87225818ae6438376949e48580e0990a83e62c9e2c30bc96a,0.7518557708,if7_legacy_anchor_when_all_sources_strongly_concordant
3gbn_h1:0000358:d48f1b8c8a00,d48f1b8c8a00d348ca34b58633a401cf629f0b1b79fa9bb7b4cbe7cfcaafd289,0.6864616474,if7_legacy_anchor_when_all_sources_strongly_concordant
3gbn_h1:0000359:01c16271c4c4,01c16271c4c46591dd5ba429cea6e5a06f95698384b0c2320728fefb8ae862aa,0.9418522517,if7_legacy_anchor_when_all_sources_strongly_concordant
3gbn_h1:0000360:4b1a359804d6,4b1a359804d6abe700b81a0bd8177d93b4eaf95dcff6d2fcd1f35c1ed894276e,0.2788971414,if7_legacy_anchor_when_all_sources_strongly_concordant
3gbn_h1:0000361:b1daa15c2959,b1daa15c2959cba1aeab01595c7f0cf3a1c30f7c2bf3e3e6038c3abf9d1d33f6,0.4766702155,if7_legacy_anchor_when_all_sources_strongly_concordant
3gbn_h1:0000362:dd27de73bb05,dd27de73bb05ac8b1c5926ac5f776b68544036ee84177a42965489dc18652a4a,0.2184517458,if7_legacy_anchor_when_all_sources_strongly_concordant
3gbn_h1:0000363:263349cbb4a0,263349cbb4a0af6087f8a58a643551159f101e858aa1c5822f79b4a0fd3206b4,0.7295864026,if7_legacy_anchor_when_all_sources_strongly_concordant
3gbn_h1:0000364:55fda591d37b,55fda591d37bb427112d71c3e204c22dd6aa25c4fa8d5dbaafc21527088912e9,0.02456698411,if7_legacy_anchor_when_all_sources_strongly_concordant
3gbn_h1:0000365:66d9b995044b,66d9b995044bdd79f1ec2ed9aa859dd352ecc8cc9ac4e8c049090488f3912382,0.5337575078,if7_legacy_anchor_when_all_sources_strongly_concordant
3gbn_h1:0000366:f48813b07717,f48813b0771772c1bf5b8a1be969004d2249bb60a030ac6ac7423122185e3832,0.1831035713,if7_legacy_anchor_when_all_sources_strongly_concordant
3gbn_h1:0000367:940a0103cf26,940a0103cf261e1a5b9fcd4122262608a5f5c6ec1c4917c259c3018220cd7147,0.5113114218,if7_legacy_anchor_when_all_sources_strongly_concordant
3gbn_h1:0000368:3a49ce9418f4,3a49ce9418f44447c8ab5953b3a0bae5d904d33cf2f27f6ec1e4abb8d8e08d93,0.5922587514,if7_legacy_anchor_when_all_sources_strongly_concordant
3gbn_h1:0000369:b80703d2e346,b80703d2e346e56c2b76721583edb6062ae5c61c4c7c76ad61bd3acf91a2ce19,0.1910569048,if7_legacy_anchor_when_all_sources_strongly_concordant
3gbn_h1:0000370:0643942ba617,0643942ba61750e0db5c352a6653391cc4c20cbf339cd8de782247b1da776e08,0.4252385994,if7_legacy_anchor_when_all_sources_strongly_concordant
3gbn_h1:0000371:c8c41665a324,c8c41665a324f119fb92d0c6c5b4e82f5307400cb0193887c49c357bc16e92d1,0.1885825371,if7_legacy_anchor_when_all_sources_strongly_concordant
3gbn_h1:0000372:3e938fc23062,3e938fc23062a30ac1453a5595f82c537b67611bf2effd3d6154129bbe6bc9d1,0.4192294131,if7_legacy_anchor_when_all_sources_strongly_concordant
3gbn_h1:0000373:0a5fd35e3fcc,0a5fd35e3fcc11f4c87b3c861989891a9a764c70788d59872279de237d5a00ab,0.4711912374,if7_legacy_anchor_when_all_sources_strongly_concordant
3gbn_h1:0000374:67eb23b38946,67eb23b389465273a70f277d405a34f95c5d6dd516240cb8f8c6612297822ec1,0.2106751502,if7_legacy_anchor_when_all_sources_strongly_concordant
3gbn_h1:0000375:b17822de6cad,b17822de6cad8203b2e89d4648c4dad52c7473045a618f2eb67d0882955978c2,0.1813361595,if7_legacy_anchor_when_all_sources_strongly_concordant
3gbn_h1:0000376:7ea90ef84c32,7ea90ef84c32aa2eb99f574af665fbd3829cebda4b14a42b534ddf74a97389d3,0.5433015227,if7_legacy_anchor_when_all_sources_strongly_concordant
3gbn_h1:0000377:e22ba25b4729,e22ba25b472994cd19ab128ea2ff49dd0d9b5255f2700bfdf4eafeca2040f86d,0.8771650791,if7_legacy_anchor_when_all_sources_strongly_concordant
3gbn_h1:0000378:0245f2c754d6,0245f2c754d62beeb14268a97988324abd9e1818ea979df25f028338b7b22ef8,0.6539413234,if7_legacy_anchor_when_all_sources_strongly_concordant
3gbn_h1:0000379:c38281903727,c38281903727205e939740d1feeca39ae294bf2e3a0af1a1747bfa9a2bbf6581,0.2271120474,if7_legacy_anchor_when_all_sources_strongly_concordant
3gbn_h1:0000380:65603b875fe6,65603b875fe6599f1e5f9e2d171b4cb7597d8909c9ba40247605091338d293a3,0.5300459564,if7_legacy_anchor_when_all_sources_strongly_concordant
3gbn_h1:0000381:6e4d7249a216,6e4d7249a2162c8451befa49b70eb6027ab1e65cd3406009f5ca8a4fdd0df42d,0.5987981757,if7_legacy_anchor_when_all_sources_strongly_concordant
3gbn_h1:0000382:8f10f7357090,8f10f73570902d2e73e1a822066cdbfafba87ec5045c291fdb5bbba489d2e74e,0.1647225146,if7_legacy_anchor_when_all_sources_strongly_concordant
3gbn_h1:0000383:ee2d974c3b9e,ee2d974c3b9ec2b6ac500f8993d8495132c0c6070932baa667e27b6f1f1e793c,0.6440438231,if7_legacy_anchor_when_all_sources_strongly_concordant
3gbn_h1:0000384:ff9823a575c5,ff9823a575c5485c1a8ea29d970a3f2bc0591b212484e1ba19a7399930126858,0.3601979439,if7_legacy_anchor_when_all_sources_strongly_concordant
3gbn_h1:0000385:755cb0643eaa,755cb0643eaa02cc95a0693f5d51c76563cf23501e26d108f6749335cb361e85,0.4894839327,if7_legacy_anchor_when_all_sources_strongly_concordant
3gbn_h1:0000386:e0119f68e96a,e0119f68e96af196b1b6a7bc52ff37bae540f072950707b5d3a5af15cc1f0f81,0.3854718904,if7_legacy_anchor_when_all_sources_strongly_concordant
3gbn_h1:0000387:22c2308c649b,22c2308c649b0e08c90c7b9a223f9001c99491057497a7f0c2820651ebb64bc8,0.6274302006,if7_legacy_anchor_when_all_sources_strongly_concordant
3gbn_h1:0000388:5c902dfac090,5c902dfac090d01f7c4ebd8c9a364dfd7dddac3699bc7bd00ed79cf40fba9b7d,0.3573700885,if7_legacy_anchor_when_all_sources_strongly_concordant
3gbn_h1:0000389:1566de460d49,1566de460d49d075063341698b269558c8aca7990b57935c2418af25f916a265,0.3706256598,if7_legacy_anchor_when_all_sources_strongly_concordant
3gbn_h1:0000390:91dccebaee7d,91dccebaee7d861598526bf1af34a894e65b40fef42530ce8767b8b1a5fb1377,0.2301166554,if7_legacy_anchor_when_all_sources_strongly_concordant
3gbn_h1:0000391:c631971b13d0,c631971b13d0da60e3e58056bf1e265eeea59fac83c26bec59b869e3e7babaaf,0.4763167153,if7_legacy_anchor_when_all_sources_strongly_concordant
3gbn_h1:0000392:876098403eea,876098403eea4a2e8fd0c0c337552022b13089023a8bf17771af4b95661171dc,0.1702014853,if7_legacy_anchor_when_all_sources_strongly_concordant
3gbn_h1:0000393:1036609de07b,1036609de07bd016d354ec4d3be85534bec0040ddea92c62742198196ee076aa,0.4413220187,if7_legacy_anchor_when_all_sources_strongly_concordant
3gbn_h1:0000394:59855883a661,59855883a661e96828113d18f229b9d0af127ce4c54915f10f90e5373578a0ab,0.2416048062,if7_legacy_anchor_when_all_sources_strongly_concordant
3gbn_h1:0000395:130e95c001f3,130e95c001f3e21d3a21171fb0c0ab7926daf0d5cefe07d99678630fee2721cf,0.7727111975,if7_legacy_anchor_when_all_sources_strongly_concordant
3gbn_h1:0000396:5149a830ae0c,5149a830ae0cf6fd3533a0218dded47d3c5b1dfd5e1b9a072e809c64f7d761e3,0.5673382878,if7_legacy_anchor_when_all_sources_strongly_concordant
3gbn_h1:0000397:ba3193a31c25,ba3193a31c258529328478cd6ccca0b137fc18115ae500af78bd9301bc00525c,0.5592082143,if7_legacy_anchor_when_all_sources_strongly_concordant
3gbn_h1:0000398:7211306ad27c,7211306ad27c3b74f4b0164c889bf65731df41812d01d19d8c8fa906272885a1,0.6090491314,if7_legacy_anchor_when_all_sources_strongly_concordant
3gbn_h1:0000399:c04d47623ae6,c04d47623ae65e6f3525f4aee5d0a0a0af8514947242421f9c865be3d179d64f,0.3151290168,if7_legacy_anchor_when_all_sources_strongly_concordant
3gbn_h1:0000400:fb5e846982a7,fb5e846982a79ba87544c11cdd841fe17579f229d6a5a68ad58303da175bd5dd,0.4950512499,if7_legacy_anchor_when_all_sources_strongly_concordant
3gbn_h1:0000401:ce675ebd2d87,ce675ebd2d87b332f6a6a47d2c4027ebbfdd8665f5b43cfbd6594c326bac7bd7,0.6624248823,if7_legacy_anchor_when_all_sources_strongly_concordant
3gbn_h1:0000402:30f5c13b22f3,30f5c13b22f30bf9eb26d259358c00b051b4dd8aa341b4b3e98beaa83af29cbb,0.7479674618,if7_legacy_anchor_when_all_sources_strongly_concordant
3gbn_h1:0000403:2ccc6f964563,2ccc6f96456359c06281b4a3d2d4fb892cfb151058449d7ca84094d419bfdde6,0.1048073495,if7_legacy_anchor_when_all_sources_strongly_concordant
3gbn_h1:0000404:e0f2a2ce3638,e0f2a2ce3638bf8cf259991dfbf180f3b1a89ed26242b1c922f81a9a59b3a4a4,0.4049134056,if7_legacy_anchor_when_all_sources_strongly_concordant
3gbn_h1:0000405:cc4014b85082,cc4014b85082d3476eaadc60f3345c5f104f087a2811f4da9a39b2c01be145e9,0.3084128722,if7_legacy_anchor_when_all_sources_strongly_concordant
3gbn_h1:0000406:4e99f67c20a4,4e99f67c20a430636795373f4b5b1eeac17d5d1515db35cde38a72bff504da44,0.0864262966,if7_legacy_anchor_when_all_sources_strongly_concordant
3gbn_h1:0000407:03dd354e3a1a,03dd354e3a1a6a45046cbe63195f141112bcc81626e3287a325b5b0842d29365,0.6334393819,if7_legacy_anchor_when_all_sources_strongly_concordant
3gbn_h1:0000408:2ea41542c22c,2ea41542c22c80b623f2c50713639be45b44475e6dcc6e8cde05510659368c45,0.6350300511,if7_legacy_anchor_when_all_sources_strongly_concordant
3gbn_h1:0000409:64674fa02cf7,64674fa02cf7709d2f792a3c770451135eeb436c20d83b5cd4dc4b44344441e5,0.2790738742,if7_legacy_anchor_when_all_sources_strongly_concordant
3gbn_h1:0000410:dad0a1e1ae8c,dad0a1e1ae8ce67dd76fb3ce745e890f4c1688db209cf1d2aaa26f16e6f13b66,0.5289855103,if7_legacy_anchor_when_all_sources_strongly_concordant
3gbn_h1:0000411:f43aa6c596aa,f43aa6c596aa2402ec4734fb36cd5a47082f2e894b44ed51ca76e0524a951f0d,0.3706256623,if7_legacy_anchor_when_all_sources_strongly_concordant
3gbn_h1:0000412:864615770a9d,864615770a9d5cc9371822165d15f354245a3fa99aa12ad1be0f63ca9d293313,0.4943442891,if7_legacy_anchor_when_all_sources_strongly_concordant
3gbn_h1:0000413:aafe019c87e2,aafe019c87e23f54fd39b813b8ff42a0f328e7dd41ad83e0dcfa11aadeafd761,0.4637681246,if7_legacy_anchor_when_all_sources_strongly_concordant
3gbn_h1:0000414:5c6e8173f4c7,5c6e8173f4c76c4d8361a176ad2961100fe71eb8da3318f8e174a9783e08b8a6,0.4964651763,if7_legacy_anchor_when_all_sources_strongly_concordant
3gbn_h1:0000415:01a932d6a101,01a932d6a101a34855a8ac5002b9bc420f727505c7ab4a69010002ef8232a779,0.5166136324,if7_legacy_anchor_when_all_sources_strongly_concordant
3gbn_h1:0000416:cbeb345b9925,cbeb345b99251eb4314c42b4489261c3b195e2bb30e09a771a0faaa716bfa0d1,0.2633439352,if7_legacy_anchor_when_all_sources_strongly_concordant
3gbn_h1:0000417:51604bdc4ae1,51604bdc4ae1becd028644c330f2d0cfb0aca2996c6910e94a84986e3bf270a5,0.9127783775,if7_legacy_anchor_when_all_sources_strongly_concordant
3gbn_h1:0000418:8fbea9686eaa,8fbea9686eaa9e0494db31a9f050657f3dbce0a6a55a00462a66620ca3db15af,0.05797101496,if7_legacy_anchor_when_all_sources_strongly_concordant
3gbn_h1:0000419:60ce7e409ee6,60ce7e409ee66e92d34330afa70b23fbb3a00d27f14e1bd6daf987442f6cd409,0.1811594168,if7_legacy_anchor_when_all_sources_strongly_concordant
3gbn_h1:0000420:4bf9e72f1d40,4bf9e72f1d4084219d327de68c5c0849e766e31ba1593ee26bc1c2888438e0fe,0.3609049171,if7_legacy_anchor_when_all_sources_strongly_concordant
3gbn_h1:0000421:288b812d019c,288b812d019c0829604c88642aeb43a728323d78fa156e1cd4cce59076c3a03c,0.169848,if7_legacy_anchor_when_all_sources_strongly_concordant
3gbn_h1:0000422:2abcc8fa0aa6,2abcc8fa0aa6a4105a8760ed8eb91cc5b614e73e91476469cdd55b796217fb9a,0.7506185969,if7_legacy_anchor_when_all_sources_strongly_concordant
3gbn_h1:0000423:5bdcdbfbfd4b,5bdcdbfbfd4bfd1e9ccecfc38b54730ca83900c68ddbc3eea4827794eade5d2d,0.2500883738,if7_legacy_anchor_when_all_sources_strongly_concordant
3gbn_h1:0000424:c6267984249f,c6267984249fa6ab3a110b22b3b5482562833a2fc4cac4876a72c4cb3ac476db,0.04206433334,if7_legacy_anchor_when_all_sources_strongly_concordant
3gbn_h1:0000425:92bb83eff326,92bb83eff326c9d845ab28dfa1c2e18f0b0878dab4bf96c9a15f43a34a376d1e,0.09738423177,if7_legacy_anchor_when_all_sources_strongly_concordant
3gbn_h1:0000426:1d20eb4d5812,1d20eb4d5812be90c2b0feae0b6722f4f61b1f2d9d3c0756182b6bd499fb2ce7,0.685577939,if7_legacy_anchor_when_all_sources_strongly_concordant
3gbn_h1:0000427:968fbad3824c,968fbad3824cad3edf896faf33c987de1d0a24348bec649e72cbf2cb55e960ca,0.8591374953,if7_legacy_anchor_when_all_sources_strongly_concordant
3gbn_h1:0000428:6c9a2adfbd5f,6c9a2adfbd5fcb2377864bb3ce026059ef1228b26d0220f9c2910efe74f33050,0.2689996511,if7_legacy_anchor_when_all_sources_strongly_concordant
3gbn_h1:0000429:43ab29b54efd,43ab29b54efd255f2fb762d366f023bedee39b3efd049662c2126dd5251ab812,0.1767408922,if7_legacy_anchor_when_all_sources_strongly_concordant
3gbn_h1:0000430:61afc88d63ae,61afc88d63ae260558ed431e808bfd771c1a047e170e3a479ecabfcc89f59ca3,0.9293036262,if7_legacy_anchor_when_all_sources_strongly_concordant
3gbn_h1:0000431:1598078ec1dd,1598078ec1dddf34bf51598c154c75ac81ffd7ab5dfd74f16d5c8ca1180a4fc7,0.5270413458,if7_legacy_anchor_when_all_sources_strongly_concordant
3gbn_h1:0000432:3ae0b8da8785,3ae0b8da8785c81af99c7d1ef20edf4ac624769add9675326836d863cb9824b6,0.5194414953,if7_legacy_anchor_when_all_sources_strongly_concordant
3gbn_h1:0000433:aeb7ff07929f,aeb7ff07929f99cb9a9dde736e885b5aa3045573226349adb5264e82774cea6d,0.7416047851,if7_legacy_anchor_when_all_sources_strongly_concordant
3gbn_h1:0000434:d38a93cbcf1c,d38a93cbcf1cafc39e1caee8ca55444e66123469dba9166879dfdaa034c5ca4f,0.2276422829,if7_legacy_anchor_when_all_sources_strongly_concordant
3gbn_h1:0000435:9f30e09774ee,9f30e09774ee92e54cd6f14a228165b906811364084fc9b127271336e8d61328,0.9794980486,if7_legacy_anchor_when_all_sources_strongly_concordant
3gbn_h1:0000436:966a51df53af,966a51df53afe76faa9ea8847caaaa41d34d45ac4fe3aa4574ccad7b1f174876,0.6652527452,if7_legacy_anchor_when_all_sources_strongly_concordant
3gbn_h1:0000437:a1b4f7442706,a1b4f7442706025991046bf43e52ed5ee38e3d40b0b702302381e7707e64e438,0.3890067239,if7_legacy_anchor_when_all_sources_strongly_concordant
3gbn_h1:0000438:f2c07ff04c48,f2c07ff04c480d78944c5f7aced9a84003db29eba37faf0529a93361cdb31cac,0.14351361,if7_legacy_anchor_when_all_sources_strongly_concordant
3gbn_h1:0000439:34ad13a51cc1,34ad13a51cc12c2370d2d845bf98977f23bcea052557b1e88253e41a9547e724,0.3209614679,if7_legacy_anchor_when_all_sources_strongly_concordant
3gbn_h1:0000440:ea59f13c4121,ea59f13c4121e2634c010cda54928fcab0f364ec1ee692b2e69455d8ecf5a09e,0.2958642567,if7_legacy_anchor_when_all_sources_strongly_concordant
3gbn_h1:0000441:8f614cff293c,8f614cff293c0decebc4f12873ba8a1c631afddb9d299e8473526e073ae19425,0.2986921221,if7_legacy_anchor_when_all_sources_strongly_concordant
3gbn_h1:0000442:d1c01038e913,d1c01038e9136a637b56f8e3b1d52f6695e106ce3546cb3d222b73ae534b7ff2,0.01131141744,if7_legacy_anchor_when_all_sources_strongly_concordant
3gbn_h1:0000443:6cff7a762c78,6cff7a762c789ce98237fcbfb204f749163da86dcb9226ceaa77827ce50b65ad,0.1937080224,if7_legacy_anchor_when_all_sources_strongly_concordant
3gbn_h1:0000444:e19bbccdd79c,e19bbccdd79c940bda1ca9b9f86d88da9e8ec3e87b2f1850a208813c0d090e8d,0.8464121421,if7_legacy_anchor_when_all_sources_strongly_concordant
3gbn_h1:0000445:aafd20bb436c,aafd20bb436c50c114969b6645550ccdc45e41405300db15f1132be698f46446,0.4660657346,if7_legacy_anchor_when_all_sources_strongly_concordant
3gbn_h1:0000446:31ad1bd8e3a3,31ad1bd8e3a31037430cbf0fdd6a30f35128294e5ac240cd09e58642a6e0890b,0.7755390604,if7_legacy_anchor_when_all_sources_strongly_concordant
3gbn_h1:0000447:af120bbb581c,af120bbb581c85f8301b59abde9afbb9a4af96dad0c83cbb62927cc25cfee63d,0.6970660984,if7_legacy_anchor_when_all_sources_strongly_concordant
3gbn_h1:0000448:d58a887fabf5,d58a887fabf5dcf61dff7722722caac3334c6ca768b6590005f92b577d612f92,0.6293743253,if7_legacy_anchor_when_all_sources_strongly_concordant
3gbn_h1:0000449:948eac9b7973,948eac9b797306510c9f91714478e7513a36fbabe0c577d906d5c5307e181ee8,0.2069635963,if7_legacy_anchor_when_all_sources_strongly_concordant
3gbn_h1:0000450:2900701217ea,2900701217ea0d326d524e7a16cdcb24ea6b27f87c86499c3f51ba8911c7194c,0.3204312467,if7_legacy_anchor_when_all_sources_strongly_concordant
3gbn_h1:0000451:f6f763e6de31,f6f763e6de317c61e7b920263cf65dbb88e9063a2c072b2112db601b3a92b91c,0.7182750106,if7_legacy_anchor_when_all_sources_strongly_concordant
3gbn_h1:0000452:6ad94d89fb47,6ad94d89fb47ae1f066f0088fa9940abb9460ee1d1dbf8cb278988ff112b7c4c,0.451749742,if7_legacy_anchor_when_all_sources_strongly_concordant
3gbn_h1:0000453:81c8141ca6b6,81c8141ca6b6d942e199797a7dc67a46d3a9a0b40c0345ec7b77d4e0e6c39eef,0.5143160224,if7_legacy_anchor_when_all_sources_strongly_concordant
3gbn_h1:0000454:9e0ff37d29c1,9e0ff37d29c1f7b05b4a3440480dc9a0af5b951ba97527996256fc13f9702cc8,0.4962884386,if7_legacy_anchor_when_all_sources_strongly_concordant
3gbn_h1:0000455:7352829aff77,7352829aff77978692066924f115e4552358ef6121273e1d821aa965b84fe654,0.4494521121,if7_legacy_anchor_when_all_sources_strongly_concordant
3gbn_h1:0000456:a972a99442e7,a972a99442e7955c82aa21b57eb2634a9f84a039ce8f482064bd11f54c099d5d,0.1731177059,if7_legacy_anchor_when_all_sources_strongly_concordant
3gbn_h1:0000457:0f8740e604a5,0f8740e604a52ae8a32ab3025401d1595476f406ce55e7e3a4c87fdc0fb5b161,0.6332626343,if7_legacy_anchor_when_all_sources_strongly_concordant
3gbn_h1:0000458:2b6bce9799a4,2b6bce9799a482611aa93990f6956b82e0b106e8cae69a99a1c7bfb8e1baf371,0.6968893409,if7_legacy_anchor_when_all_sources_strongly_concordant
3gbn_h1:0000459:cc9601f7c404,cc9601f7c404b7f1db6d29cf52189da7e1bb2a7a1d18304f6d58c5bd1a00d919,0.3423471252,if7_legacy_anchor_when_all_sources_strongly_concordant
3gbn_h1:0000460:8a5504798da1,8a5504798da1c030ebc647146185171fb409678ba31ff85f0a83a7021de07854,0.04171085172,if7_legacy_anchor_when_all_sources_strongly_concordant
3gbn_h1:0000461:01f01297bd4d,01f01297bd4d2f564068afeebd2d302c0288961a2221f450cef85065a92cf575,0.0577942729,if7_legacy_anchor_when_all_sources_strongly_concordant
3gbn_h1:0000462:3b477ca8cd43,3b477ca8cd43ea853b59b4ea84719b4c04e5ef82977414c5b02cf9e8de30b6ee,0.2131495215,if7_legacy_anchor_when_all_sources_strongly_concordant
3gbn_h1:0000463:c460fbeff064,c460fbeff06477cb6ea6657ce8f98ee41f258d3f94bf1eb04260f5bbb692a8a2,0.5213856399,if7_legacy_anchor_when_all_sources_strongly_concordant
3gbn_h1:0000464:a86dde3f5765,a86dde3f5765bb37029332a501352d42e621fec3c0ec35fc61d83088ac9eaa50,0.3909508636,if7_legacy_anchor_when_all_sources_strongly_concordant
3gbn_h1:0000465:e88970dba8cc,e88970dba8cc2f848bac3b2d7f34874d69e4530aa6ead1c38897d4937a427cd4,0.2218098293,if7_legacy_anchor_when_all_sources_strongly_concordant
3gbn_h1:0000466:c560ad38c7bc,c560ad38c7bc86ff55e4480f5e16734474b7a36c734c401574e51bf71f219dc0,0.457405448,if7_legacy_anchor_when_all_sources_strongly_concordant
3gbn_h1:0000467:f2c116ca57dc,f2c116ca57dc7a330a2dd737c4a6407c26c7ee35154da8f6d9cacfb8e01fff48,0.9003181259,if7_legacy_anchor_when_all_sources_strongly_concordant
3gbn_h1:0000468:d16f3afcdb70,d16f3afcdb70ae21e04e09245b96a737ca4ebe97b94c9a3802359c3c5d3a51bf,0.4639448524,if7_legacy_anchor_when_all_sources_strongly_concordant
3gbn_h1:0000469:039e20945510,039e2094551061d130c4c0aed14423c90d51eb4cf08e26e122b8aae00dc8bb88,0.6601272424,if7_legacy_anchor_when_all_sources_strongly_concordant
3gbn_h1:0000470:2f8445d75168,2f8445d75168236e20d82cf494a9e0f520701f289a3ecbc07756a6da0e479f2b,0.526864618,if7_legacy_anchor_when_all_sources_strongly_concordant
3gbn_h1:0000471:cab0877fed62,cab0877fed623b63221ae71a7b4680036c5f418e70c1c9f5860e9e231b0df577,0.4893955414,if7_legacy_anchor_when_all_sources_strongly_concordant
3gbn_h1:0000472:c664fec3c319,c664fec3c319d00bd7a72f30d35eae132a9f1f2bc8ec0bcdbcd39c18a8d9f1b9,0.9155178467,if7_legacy_anchor_when_all_sources_strongly_concordant
3gbn_h1:0000473:7714fdbd368f,7714fdbd368fb51dd50ec8e075b6b1074e4e1c10f61d855c59656bcdf6c04803,0.0478967838,if7_legacy_anchor_when_all_sources_strongly_concordant
3gbn_h1:0000474:44c82ae1007f,44c82ae1007f78c6a0e87131c744dc0df0e3c55d503034d3dc5d45a79ec6ddcb,0.7711205483,if7_legacy_anchor_when_all_sources_strongly_concordant
3gbn_h1:0000475:7fe38ab763f5,7fe38ab763f5aa0a4d61c2fb344c1b6e912537878e24a876bc238ab2f7f89fad,0.8662954966,if7_legacy_anchor_when_all_sources_strongly_concordant
3gbn_h1:0000476:f6265b4a1995,f6265b4a1995c66fc43e27e7c7ee1d5496d2587e56d8f0d2065cf50432091548,0.2651113495,if7_legacy_anchor_when_all_sources_strongly_concordant
3gbn_h1:0000477:9ec21e4a5a63,9ec21e4a5a63462d972d556e298dc29f9267f0395c962ec3974396b1034d2313,0.7442559004,if7_legacy_anchor_when_all_sources_strongly_concordant
3gbn_h1:0000478:82edaa6c7518,82edaa6c75184b96ade6c023185f30c1cca8cc6baa8e1074d8dd08017c6a4710,0.1744432698,if7_legacy_anchor_when_all_sources_strongly_concordant
3gbn_h1:0000479:4c6bdc82d537,4c6bdc82d5375487dbd6e61f587fd52e68f6675302b5eaba8a7389cade3ab983,0.676652511,if7_legacy_anchor_when_all_sources_strongly_concordant
3gbn_h1:0000480:f717dd32bd97,f717dd32bd973e641e1fe3dd6b026c5e1f42696c4fa016e94a65e865cbaa52df,0.1148815838,if7_legacy_anchor_when_all_sources_strongly_concordant
3gbn_h1:0000481:9d309a0b2153,9d309a0b2153e88c7b8bf1f347b90ea0927e24201ec2a18a82e34e1eae6b4d06,0.0980911989,if7_legacy_anchor_when_all_sources_strongly_concordant
3gbn_h1:0000482:1af272042823,1af2720428231dca3acb253e2f47bb57856c38c18d2660984c4e376ca0624c7c,0.1170024723,if7_legacy_anchor_when_all_sources_strongly_concordant
3gbn_h1:0000483:bb8fff69f4ab,bb8fff69f4abba07e28e182f5181bb34b671e1837b1b9f8501bb4016e8d42398,0.6505832473,if7_legacy_anchor_when_all_sources_strongly_concordant
3gbn_h1:0000484:1ecbbbcac119,1ecbbbcac11967db46bc73859e390714d76198f07f0a29ce2c70e5f4f5318abc,0.554436177,if7_legacy_anchor_when_all_sources_strongly_concordant
3gbn_h1:0000485:052a5c318167,052a5c3181672e86896498feb5f5dad39e7a5dc70c888af13e6188ea7d8042f3,0.3393425147,if7_legacy_anchor_when_all_sources_strongly_concordant
3gbn_h1:0000486:93d559890bd0,93d559890bd090fcb9e36d51b2dd4c4b3900a07294f46ff7653ba4e4c13e1245,0.1788617869,if7_legacy_anchor_when_all_sources_strongly_concordant
3gbn_h1:0000487:5c54dd665e2f,5c54dd665e2fbd680718cdec104c0144415cba18e0db8626b924f0628706c150,0.4123365134,if7_legacy_anchor_when_all_sources_strongly_concordant
3gbn_h1:0000488:7b278d75be67,7b278d75be67a3240ef9a95631b2015cedd3a2a204a6bd111a6137ec1010ebbb,0.05355249099,if7_legacy_anchor_when_all_sources_strongly_concordant
3gbn_h1:0000489:287d02b21535,287d02b21535a37438ea6e21dca16390507e0b68bd727d58bc46acc939bdd525,0.7350654006,if7_legacy_anchor_when_all_sources_strongly_concordant
3gbn_h1:0000490:3be5d9aec68a,3be5d9aec68af476f94adf83ec033214671f93e75740573a6e277507d10a7be9,0.2166843414,if7_legacy_anchor_when_all_sources_strongly_concordant
3gbn_h1:0000491:a9ce5e6d618d,a9ce5e6d618dcf43e4598d39a27eb54b67ca84d9468d9358431c528cb5dba288,0.8170731763,if7_legacy_anchor_when_all_sources_strongly_concordant
3gbn_h1:0000492:358b6c89da48,358b6c89da4861502932094162df09d7dd206865937466b91dfef5c387e49233,0.6150583227,if7_legacy_anchor_when_all_sources_strongly_concordant
3gbn_h1:0000493:c61708f54ffc,c61708f54ffcabfb2df00c470a13f396698523c69fe46e5bcabead8003706b8e,0.1696712623,if7_legacy_anchor_when_all_sources_strongly_concordant
3gbn_h1:0000494:efa56e31ba6e,efa56e31ba6e693fc8a5955011561f818f33ddfd5ce779db29db6b92ed47fcca,0.7522976398,if7_legacy_anchor_when_all_sources_strongly_concordant
3gbn_h1:0000495:edee13d5567a,edee13d5567a34df72ca2c3d518795c67773c9ac73a14e9515bfe10a072391cb,0.5302226841,if7_legacy_anchor_when_all_sources_strongly_concordant
3gbn_h1:0000496:1e4f511362e3,1e4f511362e33f972509e406a5f4c68f8a69cab25e333365d76c41b6b9735857,0.5777659814,if7_legacy_anchor_when_all_sources_strongly_concordant
3gbn_h1:0000497:ff8c76a7c43a,ff8c76a7c43a300200a5caffc430358a1d5e86a6340f71f1ad914a6565012b76,0.2016613632,if7_legacy_anchor_when_all_sources_strongly_concordant
3gbn_h1:0000498:56307de1275f,56307de1275f73de4b820b14c36242f2bef14eded80ae0acb2b9b616a7f39849,0.8575468461,if7_legacy_anchor_when_all_sources_strongly_concordant
3gbn_h1:0000499:c90d6de30b2f,c90d6de30b2f1cc6f6310cc1465b094f77e53ac2a1d6c55002cbb460b2b76beb,0.615411818,if7_legacy_anchor_when_all_sources_strongly_concordant
3gbn_h1:0000500:2c257d9c5bd8,2c257d9c5bd8a38f8a5f660789c801c5c0093e34af75cfb8d40265eb581f6329,0.5927889844,if7_legacy_anchor_when_all_sources_strongly_concordant
3gbn_h1:0000501:d10a3b4304de,d10a3b4304de1ecafb8831491d8fb650784706535eff671a75f41d6dea960c55,0.4031459888,if7_legacy_anchor_when_all_sources_strongly_concordant
3gbn_h1:0000502:8c4ca80e10e7,8c4ca80e10e78031dae0e3f1f14eadc481a02b8fb75f365847fa007c51e3a2a6,0.4558147689,if7_legacy_anchor_when_all_sources_strongly_concordant
3gbn_h1:0000503:f616ca7eb01b,f616ca7eb01bf284642d8a56349608f8008447544a060b4c6967bef3d1c04e81,0.5318133632,if7_legacy_anchor_when_all_sources_strongly_concordant
3gbn_h1:0000504:f35f6c413332,f35f6c41333216b323e7ee112c337e8ee74eb212a78b2ab74d2301f507dd3463,0.6560622007,if7_legacy_anchor_when_all_sources_strongly_concordant
3gbn_h1:0000505:07dde12e7583,07dde12e75833b123fb85fff78eab9c3936c4b86aa6b0b551f2da03ff9844f5e,0.4711912175,if7_legacy_anchor_when_all_sources_strongly_concordant
3gbn_h1:0000506:f27f9c98f991,f27f9c98f9917fdd649a1b44f1654247dbf7ff85fbf5aca467b5c5fbf74dec46,0.7896783551,if7_legacy_anchor_when_all_sources_strongly_concordant
3gbn_h1:0000507:6129055d8f85,6129055d8f857bb49f9da96e4bdc7cc45d6750407448cfc7c20518b3fa3709ae,0.3354542206,if7_legacy_anchor_when_all_sources_strongly_concordant
3gbn_h1:0000508:813de67e590d,813de67e590d5279b560013da7eec73a227a7df92d42e3bf5f38998d87773bde,0.4549310704,if7_legacy_anchor_when_all_sources_strongly_concordant
3gbn_h1:0000509:7d546292a06c,7d546292a06c3636ed981679b3ef9899418d12199ff6f3393be7d3a22764028e,0.8993460536,if7_legacy_anchor_when_all_sources_strongly_concordant
3gbn_h1:0000510:58c52310970b,58c52310970b04ee48487bfee32f3a9c8cf8268c0425f961890ba6bc237234c6,0.3409331888,if7_legacy_anchor_when_all_sources_strongly_concordant
3gbn_h1:0000511:75fa6ac0aa0b,75fa6ac0aa0ba2337e51caa6b3bb3272b57726a0d31f16cab265cfcc81f225a2,0.5687522094,if7_legacy_anchor_when_all_sources_strongly_concordant
3gbn_h1:0000512:36fbcbfec2a4,36fbcbfec2a417f581732248c5540116aeb84c33448aacc7a97a8335b5f93c7f,0.4515729944,if7_legacy_anchor_when_all_sources_strongly_concordant
3gbn_h1:0000513:c7fc2f03212e,c7fc2f03212ee82eadb47c3c9a7f5feeefa7a37b8cbb1bdff32ff38f14545ceb,0.6198303302,if7_legacy_anchor_when_all_sources_strongly_concordant
3gbn_h1:0000514:bb0221dedac5,bb0221dedac5780f50badd21a90b998e548f763b9344e749bcbebe9d33a58216,0.7757157981,if7_legacy_anchor_when_all_sources_strongly_concordant
3gbn_h1:0000515:1fdeb2202827,1fdeb2202827ce4fed6666bc2934449f8eab15fab8c08cd1844b4c280d85c911,0.3697419564,if7_legacy_anchor_when_all_sources_strongly_concordant
3gbn_h1:0000516:48874c429bfb,48874c429bfbca67970d8287381ca9842988fd579a91bbb879f0fe60e7e780f6,0.1926475813,if7_legacy_anchor_when_all_sources_strongly_concordant
3gbn_h1:0000517:a833cabf7526,a833cabf7526374b9dc9b9691b760c02b00506763ef831dc79d53e73e3550b41,0.4370802343,if7_legacy_anchor_when_all_sources_strongly_concordant
3gbn_h1:0000518:28c74a2d5b5a,28c74a2d5b5a5d871459721deec01429f3c4e30356e956ff9dfc4a8c6f81fcae,0.7615765333,if7_legacy_anchor_when_all_sources_strongly_concordant
3gbn_h1:0000519:b2bc95d39fa8,b2bc95d39fa8bb2bb458e2a742b3e12c0da907bfdf0c644757c8194923c36bde,0.2615765234,if7_legacy_anchor_when_all_sources_strongly_concordant
3gbn_h1:0000520:94824e39cf32,94824e39cf32c667a84d63889696734ba57edba4f60b591c0fe82ec26bfb6174,0.08059384797,if7_legacy_anchor_when_all_sources_strongly_concordant
3gbn_h1:0000521:d7adae350e92,d7adae350e92d72b48108255c25f52dc61b709be2b00031608edbe6d91b037a3,0.7843760848,if7_legacy_anchor_when_all_sources_strongly_concordant
3gbn_h1:0000522:1e9f4ee4217c,1e9f4ee4217ce8b23b4374c63ce61f40e468a24d5d39eedfebbd1f703292d1b5,0.6007423202,if7_legacy_anchor_when_all_sources_strongly_concordant
3gbn_h1:0000523:058b70dc6bf4,058b70dc6bf463e58c950287483e9ea91a6b983d181edc62353937dac4d99441,0.7113821109,if7_legacy_anchor_when_all_sources_strongly_concordant
3gbn_h1:0000524:c3c670b6f5dc,c3c670b6f5dc7fc9220131acba821e13b4908eeafbf890f0684241edb664f1e0,0.7509720921,if7_legacy_anchor_when_all_sources_strongly_concordant
3gbn_h1:0000525:6748681870b9,6748681870b90400393109257a7e74b562c6d1f69041fe1a3f0d4a5f55ae274b,0.3543654994,if7_legacy_anchor_when_all_sources_strongly_concordant
3gbn_h1:0000526:8c4dfa929238,8c4dfa929238c61097c1dd17424d8c7c32a2e10334003afff7d58fce44d89a3c,0.6109933058,if7_legacy_anchor_when_all_sources_strongly_concordant
3gbn_h1:0000527:d1a724559440,d1a724559440ac42b2aea496a1f5ecff2b355cd2a92dd2f89a7ed261563cdbd4,0.1003888312,if7_legacy_anchor_when_all_sources_strongly_concordant
3gbn_h1:0000528:1e05afe0ec8e,1e05afe0ec8e7f476a5be33894133d274681697daf40ee878ac089d94219ea7c,0.3683280287,if7_legacy_anchor_when_all_sources_strongly_concordant
3gbn_h1:0000529:ae9d99a14683,ae9d99a146837d0d06a10ff16c5c6e1b74d873e95d3a23f1a0c318bd048a6bff,0.5786496897,if7_legacy_anchor_when_all_sources_strongly_concordant
3gbn_h1:0000530:6ebed09a9b5c,6ebed09a9b5c764ecb853d750d2dc6523933f69d5b9c24cc9ee0caa4e2ae6619,0.7502651016,if7_legacy_anchor_when_all_sources_strongly_concordant
3gbn_h1:0000531:9f4e4146f45f,9f4e4146f45f24234d48bb38560732bbaa1f138cbcb027b1c0e362d99db5aad7,0.7525627415,if7_legacy_anchor_when_all_sources_strongly_concordant
3gbn_h1:0000532:a07c5e705b69,a07c5e705b692a4ee7355c2ae94308e1dc4b2639507b45612f38a3e1295c4912,0.7405443589,if7_legacy_anchor_when_all_sources_strongly_concordant
3gbn_h1:0000533:f8c5534ff1f1,f8c5534ff1f13894ceffd9067532b45ba43779f1b5bb8737174bced56b1c5413,0.9162248174,if7_legacy_anchor_when_all_sources_strongly_concordant
3gbn_h1:0000534:413837ab1539,413837ab15397ddb735b662aea5cc47f44ab7c78a06c85e39cdee0142d5dac9b,0.5252739489,if7_legacy_anchor_when_all_sources_strongly_concordant
3gbn_h1:0000535:e8f507ead706,e8f507ead706dc4eed6538bf943d58cda3138ef3540debda9858d07068542605,0.3605514367,if7_legacy_anchor_when_all_sources_strongly_concordant
3gbn_h1:0000536:b5affc41ce6f,b5affc41ce6fc815177de72b1177ce205b89c2692ed6037cc71feda3bc7bab8d,0.195652172,if7_legacy_anchor_when_all_sources_strongly_concordant
3gbn_h1:0000537:c0556d1e95d4,c0556d1e95d4a9f3f5c8050c1ddf101327257ce8d0c7f77c30514d54b7b61dcb,0.9059738318,if7_legacy_anchor_when_all_sources_strongly_concordant
3gbn_h1:0000538:9df02f6b538c,9df02f6b538c7f8c7ae75cc949b30948afa85866e245737ea7f7e86601eaf1c5,0.8103570143,if7_legacy_anchor_when_all_sources_strongly_concordant
3gbn_h1:0000539:84e7f51f2203,84e7f51f220325dd80a05e96538260f097dc111425374ff311e34aa2c46a6752,0.710144937,if7_legacy_anchor_when_all_sources_strongly_concordant
3gbn_h1:0000540:6195e6d3401b,6195e6d3401b89151c7bf14b3c0cc7542bbd27029b05adb798eaf268c1a6aa41,0.2720042417,if7_legacy_anchor_when_all_sources_strongly_concordant
3gbn_h1:0000541:7adfc47399d4,7adfc47399d4b0a5ba894e7c76b40c58d5b6f1bc72e5bd597c8502bad75960ec,0.3976670206,if7_legacy_anchor_when_all_sources_strongly_concordant
3gbn_h1:0000542:f1aa60f4fead,f1aa60f4fead22d0eb454de6e2e772af4c5dc3465bedfa3447854e9803a95b01,0.6299045483,if7_legacy_anchor_when_all_sources_strongly_concordant
3gbn_h1:0000543:1e21ba888af6,1e21ba888af6f28713a667e48ec522d3bc91499dcf5dcae87165774c0679f4f6,0.6892894904,if7_legacy_anchor_when_all_sources_strongly_concordant
3gbn_h1:0000544:00c89ef14b0c,00c89ef14b0c54bfdc26782cbb361627fe86a619767db1e781ff843d90062822,0.6673736374,if7_legacy_anchor_when_all_sources_strongly_concordant
3gbn_h1:0000545:6c825b0abd44,6c825b0abd44cc139c4928741c0c9c15a2045728371cdd1d04ddb58fb3930b36,0.7720042467,if7_legacy_anchor_when_all_sources_strongly_concordant
3gbn_h1:0000546:f36f82ba745c,f36f82ba745c883a0929eef32da89a25cec98f1c9e9176b1bf2505a97551f578,0.2955107838,if7_legacy_anchor_when_all_sources_strongly_concordant
3gbn_h1:0000547:3c093a2c4d39,3c093a2c4d39268ad29ffc005ec7ba601ed0432d9413573b16cf9f90c280233a,0.8057617545,if7_legacy_anchor_when_all_sources_strongly_concordant
3gbn_h1:0000548:bfc3515aacf7,bfc3515aacf77e4a89a3bbbbb5326f97d1fb3e5c6fb845d388fd0d9e6ea0bcb6,0.5597384075,if7_legacy_anchor_when_all_sources_strongly_concordant
3gbn_h1:0000549:aea9e1b194c7,aea9e1b194c78de8011ec772d88fcf189bd4c43e361b5caa23f9c8a3b1bbb2e8,0.4763167078,if7_legacy_anchor_when_all_sources_strongly_concordant
3gbn_h1:0000550:cfe43c5fb490,cfe43c5fb490461d9a1a911efefade11d2dc34945ed0304e2ead8ac895a0e1a4,0.3927182804,if7_legacy_anchor_when_all_sources_strongly_concordant
3gbn_h1:0000551:9f52a34ca3dd,9f52a34ca3dd064a7fdf5aa970762416441d0de3fce4dfd5133241584edfd2bf,0.4096854031,if7_legacy_anchor_when_all_sources_strongly_concordant
3gbn_h1:0000552:310227e88842,310227e888425753612c530112b10d4caffd86d0a4394d42204a5482c8060dcc,0.2082007776,if7_legacy_anchor_when_all_sources_strongly_concordant
3gbn_h1:0000553:c5a3b6d0a1f5,c5a3b6d0a1f51ad50d59ead045221be2c14228621dd5f15cbda34e8c15ecca74,0.1511134679,if7_legacy_anchor_when_all_sources_strongly_concordant
3gbn_h1:0000554:31a9cdccf740,31a9cdccf740fd667a46fb9812deac27c91032a997e310bc115df4b4a5614e94,0.4879816174,if7_legacy_anchor_when_all_sources_strongly_concordant
3gbn_h1:0000555:b8c387173d6c,b8c387173d6c5efe3203ae7251aaf7102e145163ada57576f90fb6813b0df3a4,0.6496995489,if7_legacy_anchor_when_all_sources_strongly_concordant
3gbn_h1:0000556:492a98aea8a8,492a98aea8a8dae95b2813d0fdb73c516b72c6f2e81fd4f7a57f0e447e0ca804,0.4793213308,if7_legacy_anchor_when_all_sources_strongly_concordant
3gbn_h1:0000557:d647e76e44dc,d647e76e44dcfcf5aecacce156eaa5ec8ce8322b2464636f178fbb540f3502d5,0.6290208499,if7_legacy_anchor_when_all_sources_strongly_concordant
3gbn_h1:0000558:320340b65fe1,320340b65fe1fd77ec4da606da6625b707ea7c3919aa4c6c6de842c213f331d3,0.1979498069,if7_legacy_anchor_when_all_sources_strongly_concordant
3gbn_h1:0000559:2deaf7bc9e6d,2deaf7bc9e6d5536ee0308ca34c1027544ea4f8dc983e8833844c3fd1f5f1df5,0.9324849645,if7_legacy_anchor_when_all_sources_strongly_concordant
3gbn_h1:0000560:830257b505b0,830257b505b0799618c9d86476acc90a3d9a0c8d11b72a6acac2e82f3ebc5c14,0.3384588162,if7_legacy_anchor_when_all_sources_strongly_concordant
3gbn_h1:0000561:0118ea874c6d,0118ea874c6d3b5170bbdec58833117b6749293442c089f21fbc0b55c4dbfae1,0.4876281271,if7_legacy_anchor_when_all_sources_strongly_concordant
3gbn_h1:0000562:11be53f7f037,11be53f7f0377b46db3636f491a46ae1c496a9e52ce09a6d7063208590fb3c5d,0.3223754018,if7_legacy_anchor_when_all_sources_strongly_concordant
3gbn_h1:0000563:993ccbdbe27a,993ccbdbe27a32303e760644dee0fc333392882be178cd64bd032ef8c9f97001,0.2175680399,if7_legacy_anchor_when_all_sources_strongly_concordant
3gbn_h1:0000564:24ba07bd4fe0,24ba07bd4fe0dc6d10eef179a0d4a57090aac1c156c943d580bbf864a3678b5b,0.7946270903,if7_legacy_anchor_when_all_sources_strongly_concordant
3gbn_h1:0000565:e8e2504288c9,e8e2504288c9ba4626c802035ab9900e4a9d3885f4ce73fa02329172e402dad5,0.5348179539,if7_legacy_anchor_when_all_sources_strongly_concordant
3gbn_h1:0000566:f104fdd61834,f104fdd6183492c1a3a60cd62bb81517ee7ba97f06e47dbd1ddddbf01211af7a,0.7571580211,if7_legacy_anchor_when_all_sources_strongly_concordant
3gbn_h1:0000567:f27195c92136,f27195c921367ac24dd53de3518085614fda901aa2b41988d423dfea6621e02d,0.5118416349,if7_legacy_anchor_when_all_sources_strongly_concordant
3gbn_h1:0000568:99ef7f7504a1,99ef7f7504a1769ebba2101eff915263eef0e48ea29157d1f7752dec694d4d0f,0.7610463103,if7_legacy_anchor_when_all_sources_strongly_concordant
3gbn_h1:0000569:b2e0353215c9,b2e0353215c98a8f01a710e79e6e1708e1239b9117e37d48839bdcd05c8619f2,0.382290562,if7_legacy_anchor_when_all_sources_strongly_concordant
3gbn_h1:0000570:878fc449fe54,878fc449fe54d7aa07d1e72b1feedf9c8f4ef1fe93f0cf95aae7dc79caada428,0.183280309,if7_legacy_anchor_when_all_sources_strongly_concordant
3gbn_h1:0000571:69e4dedff5f1,69e4dedff5f1309f4a004dad627f784ac6bc14a94a42aef8759ad82422dea38d,0.2992223352,if7_legacy_anchor_when_all_sources_strongly_concordant
3gbn_h1:0000572:5ef2c3e8858e,5ef2c3e8858eb97ac1efe9ab5069fb4c8c191ff5609e51d812fafe148a75e9e7,0.3580770592,if7_legacy_anchor_when_all_sources_strongly_concordant
3gbn_h1:0000573:c74444dea4dc,c74444dea4dc98f4652896a248b3d855c916c3bb961cf197da7d928cc7703aa5,0.9436196685,if7_legacy_anchor_when_all_sources_strongly_concordant
3gbn_h1:0000574:a15b5ecb3f07,a15b5ecb3f07889c41c170055d2af6b87b33f791e18c5342113c4eb786956d95,0.8563096523,if7_legacy_anchor_when_all_sources_strongly_concordant
3gbn_h1:0000575:758ffd24104f,758ffd24104f49c0981e9e14338040580816321b68ce9829449a424b37ad6772,0.1557087302,if7_legacy_anchor_when_all_sources_strongly_concordant
3gbn_h1:0000576:11fba75bb880,11fba75bb8801390a84059cbd92aa086436bcbdce42d02dc6a1de38be38286c2,0.3283845931,if7_legacy_anchor_when_all_sources_strongly_concordant
3gbn_h1:0000577:4af1a710e61e,4af1a710e61eb18fd2668810065e59313739b452bce36b0fb9c631207b63981a,0.5717568199,if7_legacy_anchor_when_all_sources_strongly_concordant
3gbn_h1:0000578:e5a3e9db5e84,e5a3e9db5e844cfe3369e283faf880e889711a66f319fa7f985e724fdff8b1ec,0.8941321969,if7_legacy_anchor_when_all_sources_strongly_concordant
3gbn_h1:0000579:661f89fee8a1,661f89fee8a138b8eca98c86d51ef8e5c25a9d6bf326bc3a982e4826ba281790,0.7739483913,if7_legacy_anchor_when_all_sources_strongly_concordant
3gbn_h1:0000580:45ff1f3c24bc,45ff1f3c24bcf069ed39d0f4254a59ad0be86bedfc906d4fc49de5cc304be9c5,0.8994344473,if7_legacy_anchor_when_all_sources_strongly_concordant
3gbn_h1:0000581:b7e93eaefc77,b7e93eaefc773ceeda0d8191f6a8e05f096032ced63c58b74a22e5cbd01787cc,0.7845528523,if7_legacy_anchor_when_all_sources_strongly_concordant
3gbn_h1:0000582:383b710da3e4,383b710da3e410650bbd701468eec4ef588981493742cfba5696308fb5e16b2d,0.9731353919,if7_legacy_anchor_when_all_sources_strongly_concordant
3gbn_h1:0000583:f00632aa8dbc,f00632aa8dbcd09e7dad3bce06b69b4482c6c6b59a96d433d2fae24204191c80,0.2228702729,if7_legacy_anchor_when_all_sources_strongly_concordant
3gbn_h1:0000584:9b3a19581eb4,9b3a19581eb4871625736cd2ccd464c9b3230d15126b78cdb138e7cb42b540d9,0.05390597259,if7_legacy_anchor_when_all_sources_strongly_concordant
3gbn_h1:0000585:34ef87b1f7f4,34ef87b1f7f471e15d298c177d8378e3374363e0a926bc0818fdd880d27ad35e,0.3858253857,if7_legacy_anchor_when_all_sources_strongly_concordant
3gbn_h1:0000586:1f46388e1a4d,1f46388e1a4ddc6564ab8f875d6880dcd4c74332d64ec939abb082515ac028ae,0.2774832149,if7_legacy_anchor_when_all_sources_strongly_concordant
3gbn_h1:0000587:d1b69e31fd28,d1b69e31fd28360c7ccd97c34e47d76a649b5160df762bd3d3ea2b766014f76b,0.7396606604,if7_legacy_anchor_when_all_sources_strongly_concordant
3gbn_h1:0000588:4c921929387f,4c921929387f6fa020a3ac6e3c1624718f058be8ef91fec7bf03aa99b0f0aa25,0.4630611539,if7_legacy_anchor_when_all_sources_strongly_concordant
3gbn_h1:0000589:b19b69a232ae,b19b69a232aee554b32c4d7313921d50796d91a073e94499b164eadd2af0b70f,0.3218451689,if7_legacy_anchor_when_all_sources_strongly_concordant
3gbn_h1:0000590:c1ec4229190b,c1ec4229190b90fb7099f4926da10c87f40f313bd6e23962000681fd248c5baa,0.7933898966,if7_legacy_anchor_when_all_sources_strongly_concordant
3gbn_h1:0000591:7ba6477ac9bb,7ba6477ac9bbf497dc7bde152eaf4056be7f8a81f22dd34d184bd028afece6b9,0.307175681,if7_legacy_anchor_when_all_sources_strongly_concordant
3gbn_h1:0000592:5a639e01c0f7,5a639e01c0f71de21793aee0d9acd621fa3bbb01e515bc72635a5841531502f8,0.04506893059,if7_legacy_anchor_when_all_sources_strongly_concordant
3gbn_h1:0000593:995f55cdc1fc,995f55cdc1fc1057a2c3d46a1222bb126ca1df2bb31b0f6c547e6867cdb7cfa8,0.5348179638,if7_legacy_anchor_when_all_sources_strongly_concordant
3gbn_h1:0000594:8a64078bce43,8a64078bce432c79771f964c4f43644a737cba76cea1b7c200751041260e5ffd,0.6346765558,if7_legacy_anchor_when_all_sources_strongly_concordant
3gbn_h1:0000595:f9d2f2f5ba3e,f9d2f2f5ba3e2252bb81b8fe0b49bee239602289ad0423c0a7c8675922b45033,0.6753269633,if7_legacy_anchor_when_all_sources_strongly_concordant
3gbn_h1:0000596:71f7cf9655bb,71f7cf9655bbb1323e0d61efdb8431adfa03710a995d9487e14bb2e4d511a6c3,0.3799929271,if7_legacy_anchor_when_all_sources_strongly_concordant
3gbn_h1:0000597:2fa78565cdbb,2fa78565cdbb48553030631e11430c03b134f356d2aff79f5d5d8003e440438f,0.1647225171,if7_legacy_anchor_when_all_sources_strongly_concordant
3gbn_h1:0000598:be4af4e487b2,be4af4e487b27b2efb8e9063e12136442814459d6eda7222e5851a7bc3a60c60,0.3179568723,if7_legacy_anchor_when_all_sources_strongly_concordant
3gbn_h1:0000599:15b7460ff82c,15b7460ff82c250899a6b99a59b100156ccec61642766962b4ee08f6c82585e5,0.5871332487,if7_legacy_anchor_when_all_sources_strongly_concordant
3gbn_h1:0000600:397f0f03a033,397f0f03a033eeafc36a2b2a54d6fa8b2f7b6e456999354f237f23e5a546b087,0.1829268312,if7_legacy_anchor_when_all_sources_strongly_concordant
3gbn_h1:0000601:a76907255afd,a76907255afd183f358891bd4e9e2ad209424b69a7e7e38bda531d370d942ba0,0.5625662804,if7_legacy_anchor_when_all_sources_strongly_concordant
3gbn_h1:0000602:0707f0ba4e40,0707f0ba4e4012c17e1b98261d04e17b1d16e5353a7c66e7a18d04209f509397,0.8020501932,if7_legacy_anchor_when_all_sources_strongly_concordant
3gbn_h1:0000603:691dc8880a7f,691dc8880a7fed2f98354e7db2dd55f7b8411bc249067d4b35b368b270fc9e9f,0.3130081395,if7_legacy_anchor_when_all_sources_strongly_concordant
3gbn_h1:0000604:2400829cd655,2400829cd6553159248dbd304eff99e5d470b05a88be39cc905c2dd9952201de,0.2373630305,if7_legacy_anchor_when_all_sources_strongly_concordant
3gbn_h1:0000605:ba6b612dda97,ba6b612dda97f3895e3795ce5ce7de209ad955c421ef9e045b0272fdb593aa07,0.5996818741,if7_legacy_anchor_when_all_sources_strongly_concordant
3gbn_h1:0000606:b56ac04cc612,b56ac04cc612f49f2f50404f1e414537d26939bc6ca2b3a64628abe7d75c43ee,0.7279957533,if7_legacy_anchor_when_all_sources_strongly_concordant
3gbn_h1:0000607:cc8096afd46b,cc8096afd46bdf1a64eb60f1de633a66115647e7558a274ccbff07c0fcb91662,0.4307175775,if7_legacy_anchor_when_all_sources_strongly_concordant
3gbn_h1:0000608:e6f718c8396e,e6f718c8396e4db3306d9180bb6cbb3f979a4f9e702d0c4264f8874f3bef4220,0.8759278854,if7_legacy_anchor_when_all_sources_strongly_concordant
3gbn_h1:0000609:3d520249a1d5,3d520249a1d581197e7732f094c25b11017eeb7cc1852e72cd06005bcd93b457,0.2764227726,if7_legacy_anchor_when_all_sources_strongly_concordant
3gbn_h1:0000610:c183b3f38cb4,c183b3f38cb4519e6f6ff4de6a003dffe1e03627c40d6dfa65c15e00b5437168,0.05143160001,if7_legacy_anchor_when_all_sources_strongly_concordant
3gbn_h1:0000611:085fd2547a54,085fd2547a546d93d5bd2cbc02d481968cc8b41a17c6b863c79667219a587992,0.4298338592,if7_legacy_anchor_when_all_sources_strongly_concordant
3gbn_h1:0000612:d73a0baf6031,d73a0baf6031580a7e0b88db24a397142bf3fcbc0643ee8c93e016034ae77c4e,0.5830682169,if7_legacy_anchor_when_all_sources_strongly_concordant
3gbn_h1:0000613:87150b50d0db,87150b50d0dbdce6883cec3ba38c7bee4f0cea2c9463929b6d0e804d8af3ec6f,0.5590314667,if7_legacy_anchor_when_all_sources_strongly_concordant
3gbn_h1:0000614:bb6646cf9c2a,bb6646cf9c2aa1d837fb91b4ad7128fcbdd3f847f05b853a4c968179f27f391e,0.7044892112,if7_legacy_anchor_when_all_sources_strongly_concordant
3gbn_h1:0000615:a72b94ffafce,a72b94ffafcec7a44f35b2a9e9c566a934200360d5488d1a6d1535ed3f2dc13d,0.1581831072,if7_legacy_anchor_when_all_sources_strongly_concordant
3gbn_h1:0000616:7d6cc07c6521,7d6cc07c6521a2784313cd8aea9ccbfd08b09a46043527cdd795bbe159d3bf6d,0.7172145645,if7_legacy_anchor_when_all_sources_strongly_concordant
3gbn_h1:0000617:4323c14b3bbf,4323c14b3bbff66c666ef5146db0232a70ea0da04e9277a6dfdc2f3aead0dbc6,0.8587840398,if7_legacy_anchor_when_all_sources_strongly_concordant
3gbn_h1:0000618:5c1c6caf6cdf,5c1c6caf6cdf9f933661c9cb804e4b8317d7b394eb8b62bc705bb69f87a96c3e,0.5357016524,if7_legacy_anchor_when_all_sources_strongly_concordant
3gbn_h1:0000619:00de71318aea,00de71318aeacfbbf2467450c1b3ae95c10bdf3ae31dafe9bd0268faeadceea1,0.5814775626,if7_legacy_anchor_when_all_sources_strongly_concordant
3gbn_h1:0000620:8f76a1f00b00,8f76a1f00b008628e1d6db366dff951874ca6fe850afe1cf2e2b1c8e1167de85,0.1735595648,if7_legacy_anchor_when_all_sources_strongly_concordant
3gbn_h1:0000621:7d1cc650b4e4,7d1cc650b4e43653a34944015d280aaf98a1c21099f905b8cba34fa42bdfb2fc,0.8299752673,if7_legacy_anchor_when_all_sources_strongly_concordant
3gbn_h1:0000622:ac332e3a57fa,ac332e3a57fac2bdee9472407bd4b454b134b682ecc2db1c7877dd18755accf7,0.66030399,if7_legacy_anchor_when_all_sources_strongly_concordant
3gbn_h1:0000623:50638146e380,50638146e38030d8d970336b887136cf0aa08e08c20a64ef25f10037589e0edc,0.2380699913,if7_legacy_anchor_when_all_sources_strongly_concordant
3gbn_h1:0000624:b93578217a72,b93578217a72cae9b9c0465ebccd4dbfb88e26ec10a248158792342e676fb380,0.3253799975,if7_legacy_anchor_when_all_sources_strongly_concordant
3gbn_h1:0000625:ab07e073ce54,ab07e073ce547be9ae20903f38973e8d63da02cfbecafff8134d5a7d46bafb1e,0.2755390604,if7_legacy_anchor_when_all_sources_strongly_concordant
3gbn_h1:0000626:162c963d9e5c,162c963d9e5ce2f5fdd48cc952e98ab2d28c7d888a68f0f80b853c0ecc2bbf4c,0.3216684262,if7_legacy_anchor_when_all_sources_strongly_concordant
3gbn_h1:0000627:70a0d3e6fcf0,70a0d3e6fcf09a725d0d1d27c9e6149872e4c1281a98aa591df9b54535b04f9b,0.123011666,if7_legacy_anchor_when_all_sources_strongly_concordant
3gbn_h1:0000628:15a164c065c0,15a164c065c03ba5d5f7d66764cdba1ec7a30b8965e1c2dcdf0e99688ebeaffd,0.8540119926,if7_legacy_anchor_when_all_sources_strongly_concordant
3gbn_h1:0000629:9aaae741c437,9aaae741c4377dd50aada7844d557831a38a983e10e2365dc5a4d6ba6d09400c,0.5669847925,if7_legacy_anchor_when_all_sources_strongly_concordant
3gbn_h1:0000630:1a620e133394,1a620e133394542e7b0fb4343090d32333ae225f8ed37c1c4b19847228fee709,0.3992576848,if7_legacy_anchor_when_all_sources_strongly_concordant
3gbn_h1:0000631:e6370e340ca8,e6370e340ca861beddc383feb92913246e8434a6e61b962258e54d8aa0da7dd7,0.1848709807,if7_legacy_anchor_when_all_sources_strongly_concordant
3gbn_h1:0000632:608338a9ed15,608338a9ed15c6158951346680e1d991971da5dcabf61924f5787c5101cbc133,0.725344638,if7_legacy_anchor_when_all_sources_strongly_concordant
3gbn_h1:0000633:1310ae033984,1310ae0339842cbae35430dddc6628ebfa86b1704adb339bbdf025847c91ded6,0.4934605956,if7_legacy_anchor_when_all_sources_strongly_concordant
3gbn_h1:0000634:c01ccb6f9062,c01ccb6f9062ac5c97318d8cbe679f3ef042ed571d1b87adce3f5dd787f1f802,0.9570519527,if7_legacy_anchor_when_all_sources_strongly_concordant
3gbn_h1:0000635:a45dfe97457e,a45dfe97457ea8b36c28f4236de46078dbf7b87de088842481f7a3cff03e3b49,0.7629904549,if7_legacy_anchor_when_all_sources_strongly_concordant
3gbn_h1:0000636:808b6f48151a,808b6f48151a4a50c2cd09f8433c6deaa7628a31f6328b81d7abbc193e6b336a,0.3511841595,if7_legacy_anchor_when_all_sources_strongly_concordant
3gbn_h1:0000637:80859ea73832,80859ea738321be473447e518685dcadbb97a60a6d0b475b602e7164beffb109,0.4531636635,if7_legacy_anchor_when_all_sources_strongly_concordant
3gbn_h1:0000638:ff6493d2b0d1,ff6493d2b0d1a8d5809aff2242ee220efb26720a175cf25ce5aaac3447fad942,0.144043833,if7_legacy_anchor_when_all_sources_strongly_concordant
3gbn_h1:0000639:2e6d3021561c,2e6d3021561c8d84d2190ec3402258f917c8c25b626b97f3360a9b321e976d36,0.9690703352,if7_legacy_anchor_when_all_sources_strongly_concordant
3gbn_h1:0000640:423b784d77c9,423b784d77c9b21f52b178c83cbf6c7990f9ad14a9c90c6e8b4ce4969d3466b6,0.9146341483,if7_legacy_anchor_when_all_sources_strongly_concordant
3gbn_h1:0000641:3a9ecc42153a,3a9ecc42153af7016288684eb35e8ecaf82382d18022308906be1f959b150e03,0.4618239601,if7_legacy_anchor_when_all_sources_strongly_concordant
3gbn_h1:0000642:aa29a0374031,aa29a03740317d943c43f357040082bfa5dd0efbb1555fe78783b2968917f268,0.5279250542,if7_legacy_anchor_when_all_sources_strongly_concordant
3gbn_h1:0000643:15f884b7f0bf,15f884b7f0bfcf6ebff2e8c3f66ac8dfa52efc396273a620f97e6cf53ec982e2,0.6583598455,if7_legacy_anchor_when_all_sources_strongly_concordant
3gbn_h1:0000644:293611db6fbc,293611db6fbc1c8426ccfe072dcf978dc4a7d6ce28d566adbdf6e7c555f928ab,0.4701307913,if7_legacy_anchor_when_all_sources_strongly_concordant
3gbn_h1:0000645:aa23adc6624e,aa23adc6624ed980dde7dda9688e5cd6e99f0b789e1febdc88bf59cbb5457cf3,0.6332626293,if7_legacy_anchor_when_all_sources_strongly_concordant
3gbn_h1:0000646:67f0b913cebe,67f0b913cebe0a1463779009a452e77bf116fbc31753795869653d13cf9979e0,0.8571933309,if7_legacy_anchor_when_all_sources_strongly_concordant
3gbn_h1:0000647:3b9466ddaec6,3b9466ddaec6a64f253f96b80696aead0e3e41d950497db1443583210f427536,0.6891127427,if7_legacy_anchor_when_all_sources_strongly_concordant
3gbn_h1:0000648:e7abeff8c210,e7abeff8c2101292a908c871ad7b85a446d177360b82c18da65bdb19991c8213,0.5809473197,if7_legacy_anchor_when_all_sources_strongly_concordant
3gbn_h1:0000649:510f8a9e368f,510f8a9e368fe173bd89b82225bc7c64c2b36782345fa005b5e4f9a41587552e,0.2739483938,if7_legacy_anchor_when_all_sources_strongly_concordant
3gbn_h1:0000650:9a7700a4e49e,9a7700a4e49e4c44abf3441ed506ca24273294a852e7cb974ce8fb8b7dfd999d,0.9066808025,if7_legacy_anchor_when_all_sources_strongly_concordant
3gbn_h1:0000651:ceb1ec091702,ceb1ec091702c710a7d97affc6ff8b7914d8278b548c8f4f9c9da19424c566c8,0.6026864747,if7_legacy_anchor_when_all_sources_strongly_concordant
3gbn_h1:0000652:49da4245ce34,49da4245ce34fe62044f81459167c7a0d5b6de8d77a642586a6b4c8606546ea6,0.2570696486,if7_legacy_anchor_when_all_sources_strongly_concordant
3gbn_h1:0000653:7ff8e7b5a8a0,7ff8e7b5a8a01bb5d7b70890318f200f24405b4dab9d3759ecbab2323de80a5a,0.0855425944,if7_legacy_anchor_when_all_sources_strongly_concordant
3gbn_h1:0000654:5f21dca60d36,5f21dca60d369110f21e2152aab857c3639144e8bf9dadba111138e9cd0000d3,0.3603746866,if7_legacy_anchor_when_all_sources_strongly_concordant
3gbn_h1:0000655:b0573c07f347,b0573c07f347bb6d2ff1d910978954b8579d49c7eb337685701d63d79e98d555,0.2196889371,if7_legacy_anchor_when_all_sources_strongly_concordant
3gbn_h1:0000656:d9ac8d34bbb0,d9ac8d34bbb0c4f20978aa5810a15eaac4d3693661d498dbfe7b499a634813a0,0.3835277557,if7_legacy_anchor_when_all_sources_strongly_concordant
3gbn_h1:0000657:49ec9ec8bd30,49ec9ec8bd30b43ac1a302f5b904e509b51d370042ea445c1fc2ae8ddf2760f0,0.6281371514,if7_legacy_anchor_when_all_sources_strongly_concordant
3gbn_h1:0000658:17cc2e9075fb,17cc2e9075fb7158d4f1e2de988815787fff5719b29f00139258e9ede416c081,0.8117709358,if7_legacy_anchor_when_all_sources_strongly_concordant
3gbn_h1:0000659:c5677b23fdab,c5677b23fdab9c15277560aac52bf95ff5c19622ea74ff65f5e9f2936d5740fb,0.3960763514,if7_legacy_anchor_when_all_sources_strongly_concordant
3gbn_h1:0000660:bd5ac7dbd499,bd5ac7dbd499938fe52ca8839b979a3074be58edcd0b9f938fce49443a71daf5,0.9107458393,if7_legacy_anchor_when_all_sources_strongly_concordant
3gbn_h1:0000661:f6e468c2bda2,f6e468c2bda24f706244b6e08f8377a4e6b162d55bbf508674ad98f00148875b,0.8476493359,if7_legacy_anchor_when_all_sources_strongly_concordant
3gbn_h1:0000662:f9222817db02,f9222817db02ebaad5579caf1c94a8f4acdd6658ba2ff1b736866ffc7ab86a89,0.5053022206,if7_legacy_anchor_when_all_sources_strongly_concordant
3gbn_h1:0000663:522a74c50840,522a74c508408f124f8bd1802b9612a5b672f1d9ab2a09a6a4bfb86c99979464,0.2682926878,if7_legacy_anchor_when_all_sources_strongly_concordant
3gbn_h1:0000664:a419accfe929,a419accfe92974a1cad02770dda1325abc2d9fc169abf4b15c06b466b9758078,0.4342523813,if7_legacy_anchor_when_all_sources_strongly_concordant
3gbn_h1:0000665:3ce44fc9706b,3ce44fc9706b054c51f3848bcc91c798b8b725fdebb37c56678fcd342061ec50,0.6942382554,if7_legacy_anchor_when_all_sources_strongly_concordant
3gbn_h1:0000666:1a536f5c2bb0,1a536f5c2bb081dfc61915941a4f0b64f74bce0f6af527439cf3e43712ed70a4,0.7896783352,if7_legacy_anchor_when_all_sources_strongly_concordant
3gbn_h1:0000667:61a7b8ea00c4,61a7b8ea00c4d40e18ceccd662f51cb62069f1df9b76983a4cfe2bb3e97dcc6a,0.6210675041,if7_legacy_anchor_when_all_sources_strongly_concordant
3gbn_h1:0000668:f12b32494cdc,f12b32494cdc18b9e716522146d831351eb05cfffbcffe38705f084e8ea4e477,0.2849063302,if7_legacy_anchor_when_all_sources_strongly_concordant
3gbn_h1:0000669:fd99ffcdafba,fd99ffcdafbaca7f76952b8d5df19102a595a63f92006754e127b984098a8a1b,0.600919048,if7_legacy_anchor_when_all_sources_strongly_concordant
3gbn_h1:0000670:fbd45f96d445,fbd45f96d44508c1a0f84694c82aa4997c1669a4762388c0ffd5a8e4f369dc0b,0.1663131863,if7_legacy_anchor_when_all_sources_strongly_concordant
3gbn_h1:0000671:cf0b8f3c17f9,cf0b8f3c17f9303cbe47395f34f4773613825709cc9967ed646887f1d43e2809,0.7020148635,if7_legacy_anchor_when_all_sources_strongly_concordant
3gbn_h1:0000672:796f50765cec,796f50765cecc0cb53765d3d65c0d10d0b0e8ab7d3576944e907183a7ffc14c9,0.846942385,if7_legacy_anchor_when_all_sources_strongly_concordant
3gbn_h1:0000673:bbec1d0d8cde,bbec1d0d8cde8c63f7339efddbd13463a12868e8d38582b692dc22121eedd4bb,0.8524213632,if7_legacy_anchor_when_all_sources_strongly_concordant
3gbn_h1:0000674:ae6a9659c832,ae6a9659c832219a376f8b8d7cbd83a1e35a43958a10865106cb9c4b28d214a5,0.9340756536,if7_legacy_anchor_when_all_sources_strongly_concordant
3gbn_h1:0000675:8d86f7f587e7,8d86f7f587e71465c6de4d3f996ae515d9ef2718b3e93c3a208b4e97a41f41ca,0.46412159,if7_legacy_anchor_when_all_sources_strongly_concordant
3gbn_h1:0000676:7854c4f46580,7854c4f46580da30161e1beecbc0bbc9895ce2505db3a3a4187bcb85dbe74a6b,0.313891838,if7_legacy_anchor_when_all_sources_strongly_concordant
3gbn_h1:0000677:764ea6789a4d,764ea6789a4dba14f5752cf2d469acc227c50ccd75f378e23935453552df5c2b,0.5270413657,if7_legacy_anchor_when_all_sources_strongly_concordant
3gbn_h1:0000678:317e85bdab6f,317e85bdab6f25669b40fe400399a46b6ae72d9db56ca10fa06b70253a7580b2,0.7267585595,if7_legacy_anchor_when_all_sources_strongly_concordant
3gbn_h1:0000679:f7463993c4db,f7463993c4db6ec3e948a86992d98166562ec0f8c9c6a276a08164b707d97058,0.7200424075,if7_legacy_anchor_when_all_sources_strongly_concordant
3gbn_h1:0000680:c27edc4ebab3,c27edc4ebab3081836908bb5b8dfffa6e58146964879b816bd86db276bcf1ba4,0.2575114965,if7_legacy_anchor_when_all_sources_strongly_concordant
3gbn_h1:0000681:96c84b74758b,96c84b74758badd6e5bb3602a4b9fa03d21a6d069a2ce0fae896be852552ecdd,0.2999293109,if7_legacy_anchor_when_all_sources_strongly_concordant
3gbn_h1:0000682:7da24f0a9708,7da24f0a97085e62e70e6ccd81321a9fbd8c1872e90eda92cdb0c5d75545303c,0.3511841695,if7_legacy_anchor_when_all_sources_strongly_concordant
3gbn_h1:0000683:2311855ba81f,2311855ba81f242c25c24ac37668682394a9a6e3f4b3c95adabbd938673c553a,0.1390950878,if7_legacy_anchor_when_all_sources_strongly_concordant
3gbn_h1:0000684:3ff929699cb5,3ff929699cb56caeb3a89025a817d8478f829a6659974e4e9dc7df4176a5f14d,0.417638734,if7_legacy_anchor_when_all_sources_strongly_concordant
3gbn_h1:0000685:fdeea99d2e9b,fdeea99d2e9b0a1df7cacb95f73545b9fe6c3fd638c1e3268e11a1c56438baa1,0.699540476,if7_legacy_anchor_when_all_sources_strongly_concordant
3gbn_h1:0000686:c3b239cd386b,c3b239cd386b8cc6f05be50d389dc1088692a0b408b79fd11fdb69566c81c737,0.5215623826,if7_legacy_anchor_when_all_sources_strongly_concordant
3gbn_h1:0000687:cfe54d0e0899,cfe54d0e08994139e61df449daf9d58d9294194e0533d8fcec8d14c56b958f23,0.9395546119,if7_legacy_anchor_when_all_sources_strongly_concordant
3gbn_h1:0000688:b027cbbb5fa9,b027cbbb5fa9cb01d018206b72c21a3ed98619bec95e274cfc38587ebf84c538,0.5342877308,if7_legacy_anchor_when_all_sources_strongly_concordant
3gbn_h1:0000689:3a366c3c64e8,3a366c3c64e84442f81929153709349ae6b03e1a430cd5931611ccb373087277,0.3193708062,if7_legacy_anchor_when_all_sources_strongly_concordant
3gbn_h1:0000690:0ccada2992ca,0ccada2992ca68c99019bf5b7f153ffa9481c265066538ae3515cdaa0b3510cb,0.4690703427,if7_legacy_anchor_when_all_sources_strongly_concordant
3gbn_h1:0000691:396bb181be08,396bb181be08e41d2ee967bf46f507ad3d1cd1a58d65a85c3eff58193c6f2b0c,0.9082714716,if7_legacy_anchor_when_all_sources_strongly_concordant
3gbn_h1:0000692:58ea8f2ef6c2,58ea8f2ef6c2674125c8acf49a3ae41921fdbd96ed08bc6a9aa382df12b36563,0.3670908362,if7_legacy_anchor_when_all_sources_strongly_concordant
3gbn_h1:0000693:72a1646353f9,72a1646353f9f5a75e105da5fdc5fa93a44729ff604ca2cf8d4d2266f81ab3e4,0.5286320249,if7_legacy_anchor_when_all_sources_strongly_concordant
3gbn_h1:0000694:6aec68ee319b,6aec68ee319bfe1e5eab1dba1b7d5b38c25f088482eec8acdfd2a8b6903358be,0.1855779414,if7_legacy_anchor_when_all_sources_strongly_concordant
3gbn_h1:0000695:4046d6ab1927,4046d6ab19277f25d2e831aae3ee349e14ce4a29366e579bc74866f945705c54,0.283669134,if7_legacy_anchor_when_all_sources_strongly_concordant
3gbn_h1:0000696:b7ded4cd86ef,b7ded4cd86efa1d22f794fe3bf37868aa3fc2a278839f8d0927f0af1e0b6505f,0.8524213632,if7_legacy_anchor_when_all_sources_strongly_concordant
3gbn_h1:0000697:66351f50027c,66351f50027ce9310a464f16020533649ebcbe35c1011c44e04ad4a809963fee,0.5049487402,if7_legacy_anchor_when_all_sources_strongly_concordant
3gbn_h1:0000698:a9859ddfeffb,a9859ddfeffb4c304e3f26cafe315de1761fc6522ac3072a3c31326f70315ed2,0.03958996137,if7_legacy_anchor_when_all_sources_strongly_concordant
3gbn_h1:0000699:c59932d55fbd,c59932d55fbd5eae79531356fad5277d4abd13f56dacf59da9c8364c19af9867,0.7587486903,if7_legacy_anchor_when_all_sources_strongly_concordant
3gbn_h1:0000700:8a1d20876199,8a1d208761994655a0b478fae395de49a3e0f5ad328f166f769813c842c788c6,0.1668434106,if7_legacy_anchor_when_all_sources_strongly_concordant
3gbn_h1:0000701:1bb499b02a99,1bb499b02a996472729a7ce696b57824baed9d84e79a5f07d431b5313e06c375,0.8428773482,if7_legacy_anchor_when_all_sources_strongly_concordant
3gbn_h1:0000702:0a0a44485f1b,0a0a44485f1bbd2be5f385583b73b4438824ad444cab8c8e192bb53d8920b898,0.8548957308,if7_legacy_anchor_when_all_sources_strongly_concordant
3gbn_h1:0000703:02797bd7866f,02797bd7866fe9137284d3475d74b76179faed7e3f73c1c53e814e0e499c089f,0.4172852586,if7_legacy_anchor_when_all_sources_strongly_concordant
3gbn_h1:0000704:e19303f45c9c,e19303f45c9cd82f318dc49343615f7aceb9a95275a1800931c436c8eb84a8fc,0.4222340087,if7_legacy_anchor_when_all_sources_strongly_concordant
3gbn_h1:0000705:4d50ca5a5fdd,4d50ca5a5fdd0a4f5b33ca1845d540f33239accb0d18477b6f11c07a54a076ef,0.1030399445,if7_legacy_anchor_when_all_sources_strongly_concordant
3gbn_h1:0000706:fe039728de01,fe039728de01589a3fa80f0fbe73c0c9ec3d4b218d2811fd3b260ab687032034,0.589077423,if7_legacy_anchor_when_all_sources_strongly_concordant
3gbn_h1:0000707:aa69e1e8425a,aa69e1e8425aa392f0b53851bfaf13c34be1b3d85e4dffb930aea62e3fa2badb,0.07847296075,if7_legacy_anchor_when_all_sources_strongly_concordant
3gbn_h1:0000708:d28d0ed5b5d8,d28d0ed5b5d8d5d23e41ba40c4d65f3b720f79df8b9371eddfc0ecff42038dcd,0.6797455053,if7_legacy_anchor_when_all_sources_strongly_concordant
3gbn_h1:0000709:7979d89c4f72,7979d89c4f72fac6ac9f7710e03d660852b83d8ac6ccd1f2be4f23e76b0d2775,0.3997879078,if7_legacy_anchor_when_all_sources_strongly_concordant
3gbn_h1:0000710:2a06e3e1616a,2a06e3e1616ac32a8348d9cae74f4b393828d4244468512b86b8a1074a52d996,0.4779073795,if7_legacy_anchor_when_all_sources_strongly_concordant
3gbn_h1:0000711:91d6b80d7b1d,91d6b80d7b1d66272f977564e97348b00d93d88cb2d3597d94cb1762643bada5,0.8349240224,if7_legacy_anchor_when_all_sources_strongly_concordant
3gbn_h1:0000712:66384cbf2274,66384cbf2274d7c8d5c2c2c0a813b3587cb3dbbfdf4f2905356a333d64d10623,0.5102509657,if7_legacy_anchor_when_all_sources_strongly_concordant
3gbn_h1:0000713:1a5192353bcb,1a5192353bcb7cc8372821c7281bf691a7f763399415b9dbf382b64cdfc3947e,0.6023329695,if7_legacy_anchor_when_all_sources_strongly_concordant
3gbn_h1:0000714:94f80f6478c8,94f80f6478c8b96a1b56f8e48907e3823f4089a18aeb4bf087954539f505e506,0.2852598081,if7_legacy_anchor_when_all_sources_strongly_concordant
3gbn_h1:0000715:16fa3b918ce1,16fa3b918ce194e0dc424b5b3280a8c9d753284f8d25514a94659e083cd8babd,0.0130788264,if7_legacy_anchor_when_all_sources_strongly_concordant
3gbn_h1:0000716:1d8cd239b00e,1d8cd239b00ec1bdfa85856ab2df2eb401637115d4113cd8484595e71bbb42c8,0.1240721097,if7_legacy_anchor_when_all_sources_strongly_concordant
3gbn_h1:0000717:eafe8f95a70f,eafe8f95a70fdf26d4178ddf2ef918ef26645bf9c8c65f5297a7eb866c36aca6,0.6684340835,if7_legacy_anchor_when_all_sources_strongly_concordant
3gbn_h1:0000718:33a0ca0a5bb3,33a0ca0a5bb3fd882d0e6a32c59c3ceafb39e73f4cdfa18a7ca3644ca6b6a2c5,0.5791799128,if7_legacy_anchor_when_all_sources_strongly_concordant
3gbn_h1:0000719:4edb36203c48,4edb36203c48c75335652604b35c1706a9d580eb467708ded467a4054e25b2cd,0.3237893234,if7_legacy_anchor_when_all_sources_strongly_concordant
3gbn_h1:0000720:158c2914993c,158c2914993c98353138c1aa62bac96f798ee8ba048532c186ad32d8cf6f8518,0.5296041071,if7_legacy_anchor_when_all_sources_strongly_concordant
3gbn_h1:0000721:b7c78e552394,b7c78e552394fc882384b4f68a219d1f09fa25fe252d5648318cc684e52f4065,0.1145281022,if7_legacy_anchor_when_all_sources_strongly_concordant
3gbn_h1:0000722:5fd18c7eddd8,5fd18c7eddd8577a21da9ea55457a9f778e33e5816208ae344c0fbbf8c5c1b5b,0.09950512817,if7_legacy_anchor_when_all_sources_strongly_concordant
3gbn_h1:0000723:8b50eaa6380e,8b50eaa6380eff61a6eb28d993cc890f6f685a72eb1077738e442b3346bbe50b,0.6396253109,if7_legacy_anchor_when_all_sources_strongly_concordant
3gbn_h1:0000724:e85c0fd9a448,e85c0fd9a4489c20740b4e1f3b1f6fe8257cc2f52188c3556b565253832178ae,0.937787195,if7_legacy_anchor_when_all_sources_strongly_concordant
3gbn_h1:0000725:c19c01c11246,c19c01c1124624033a4ccb78a4838bf080c1e5713e52caa0c0006cd41bcba9bd,0.9093319177,if7_legacy_anchor_when_all_sources_strongly_concordant
3gbn_h1:0000726:be40b08f66ff,be40b08f66ff057af2963a68edbc446432752b86b144bfe0bd33eaf2a89cae36,0.5657476187,if7_legacy_anchor_when_all_sources_strongly_concordant
3gbn_h1:0000727:a66f91b3b1f6,a66f91b3b1f6795ae3a6115ce2295d57a7c7434fd4c4402372e39bbfcf01b527,0.6698479851,if7_legacy_anchor_when_all_sources_strongly_concordant
3gbn_h1:0000728:53c194674daa,53c194674daa0b50e5c0c6f0a052608d3e34ecb869fffbbd45a3d5f8e961fa63,0.2511488199,if7_legacy_anchor_when_all_sources_strongly_concordant
3gbn_h1:0000729:07a1b1591591,07a1b1591591924ce88fb3eff7aa063b0fa4b5fa6e990d5857f788b19e40ea8d,0.4715447227,if7_legacy_anchor_when_all_sources_strongly_concordant
3gbn_h1:0000730:7f9221687330,7f922168733036a4a419a6168735a9657217f66c5fd8a9404ef7507bdcc41ed6,0.3421703776,if7_legacy_anchor_when_all_sources_strongly_concordant
3gbn_h1:0000731:cb434512e73e,cb434512e73e364da9dce0b7b4078dde5cac8a2e8db6ceec2400089e3fb54283,0.4693354467,if7_legacy_anchor_when_all_sources_strongly_concordant
3gbn_h1:0000732:318675b1e575,318675b1e575bd4a41ddacb6306660105fd2f60ae444d138e5475bed232b4196,0.5554966529,if7_legacy_anchor_when_all_sources_strongly_concordant
3gbn_h1:0000733:8d10531c7644,8d10531c76449160e562665e2d5eb30eaa723cdff41dadc9948d0b8b5ce1cb90,0.3637327601,if7_legacy_anchor_when_all_sources_strongly_concordant
3gbn_h1:0000734:14bf3b75b7f2,14bf3b75b7f2e4b942cee32f653c80594e4e6cc217c49ca4a9690122bb330ba2,0.4634146293,if7_legacy_anchor_when_all_sources_strongly_concordant
3gbn_h1:0000735:c985cb28736f,c985cb28736f375434d6b4cf4fe82999085f76c3fc83a60d6ba3e896db314425,0.1930010617,if7_legacy_anchor_when_all_sources_strongly_concordant
3gbn_h1:0000736:97d1fe4a48f7,97d1fe4a48f7a7a6bd3f4afb1552995572a3f0d7b16499bda5c89d4c2899090a,0.7175680498,if7_legacy_anchor_when_all_sources_strongly_concordant
3gbn_h1:0000737:99857fba6683,99857fba6683dc82d434579656cab081060440938d954300aeb538c17023b26f,0.1332626368,if7_legacy_anchor_when_all_sources_strongly_concordant
3gbn_h1:0000738:66c5bdee26c4,66c5bdee26c40b42954c8cb851e05796d2c4545dceeddb04b8b6da2bb3ff28a1,0.4946977645,if7_legacy_anchor_when_all_sources_strongly_concordant
3gbn_h1:0000739:59117539305c,59117539305c70c99bca48324fd4449e55608514951104c0a9db4647973ade77,0.2212796013,if7_legacy_anchor_when_all_sources_strongly_concordant
3gbn_h1:0000740:f8b59183e560,f8b59183e560ac17cb817755295523819443a67d39206e3e57a5b365a1f53d63,0.0604453894,if7_legacy_anchor_when_all_sources_strongly_concordant
3gbn_h1:0000741:0a5411d8ea84,0a5411d8ea84cda43df4aca826c6ac13db18cc8438f521164c68e623965ba354,0.9616472324,if7_legacy_anchor_when_all_sources_strongly_concordant
3gbn_h1:0000742:cfad3d4f68a8,cfad3d4f68a8fc6257a630e55e516ac8d5127649aa549104e9f8c116aad7e596,0.9805584947,if7_legacy_anchor_when_all_sources_strongly_concordant
3gbn_h1:0000743:ea7e7e97c095,ea7e7e97c095330371977577b2f12f1076d15de8cafdaa942a44023d7a9f6803,0.2905620337,if7_legacy_anchor_when_all_sources_strongly_concordant
3gbn_h1:0000744:cf3348e272dd,cf3348e272dd23af33c12af236952eea7a816c90c608e2c7af24930313ca09a5,0.4342523813,if7_legacy_anchor_when_all_sources_strongly_concordant
3gbn_h1:0000745:b3f27c01a49b,b3f27c01a49be3b6d3b9263e1dde8d0ce9a087fb255622586ab4781b6d073d12,0.04736655951,if7_legacy_anchor_when_all_sources_strongly_concordant
3gbn_h1:0000746:7490e738a050,7490e738a050858314b0e72f7a98c57742259335fda23859fe279cf2dfda31f9,0.7377165059,if7_legacy_anchor_when_all_sources_strongly_concordant
3gbn_h1:0000747:7d51d1cd22ca,7d51d1cd22ca112d8d94fbf769af5f9ab8c99ded4471f74abf8af2184f8fcfe8,0.3992576997,if7_legacy_anchor_when_all_sources_strongly_concordant
3gbn_h1:0000748:6700f309adb3,6700f309adb3ade448514a7b55ba55f93ffdedc7f54695a4a813d3e085021eca,0.1938847651,if7_legacy_anchor_when_all_sources_strongly_concordant
3gbn_h1:0000749:e08c415734a7,e08c415734a74e113fc2b9fe64ac5c5448ff2ec3c168b4bd218bbc74fc3f0414,0.7295864224,if7_legacy_anchor_when_all_sources_strongly_concordant
3gbn_h1:0000750:d0f3ff5b3b22,d0f3ff5b3b22010764715ecd973e0baf21b1add1e1eb2e09674b7245af0054c9,0.4556380312,if7_legacy_anchor_when_all_sources_strongly_concordant
3gbn_h1:0000751:bef42e868a15,bef42e868a1564a173ecd1c7140fe353c339205fa5609c824d22039869e693cc,0.3964298318,if7_legacy_anchor_when_all_sources_strongly_concordant
3gbn_h1:0000752:5a97b3330ddd,5a97b3330ddd6408fea6715deecf5dc8126c45733fe4107b8771f87cb977ec82,0.08236125919,if7_legacy_anchor_when_all_sources_strongly_concordant
3gbn_h1:0000753:a9ef8dee948d,a9ef8dee948d7c4e764b91eb8551499fc484c4f5b87ad94a1746f7aeefbbd6dc,0.2304701259,if7_legacy_anchor_when_all_sources_strongly_concordant
3gbn_h1:0000754:824b718971a1,824b718971a1925c3e366d29c8c73e1c5ab18dcc40f9aee5347fc112eeb5593f,0.2720042517,if7_legacy_anchor_when_all_sources_strongly_concordant
3gbn_h1:0000755:3c7d383b79eb,3c7d383b79ebb343859911086bb05abbaf6d43177bd4b9debb9acdd020a44c19,0.6756804586,if7_legacy_anchor_when_all_sources_strongly_concordant
3gbn_h1:0000756:c52cf090f828,c52cf090f828b225492c8b6625e81912464b9c204f02470fcea2030a9c317417,0.6732060909,if7_legacy_anchor_when_all_sources_strongly_concordant
3gbn_h1:0000757:652da4b89196,652da4b891964a0e20f15669715a712b8caad72f21d3f2f041a097a7224efc83,0.4826793969,if7_legacy_anchor_when_all_sources_strongly_concordant
3gbn_h1:0000758:b8df3e60916d,b8df3e60916ddae21d4ba6d848fc3156b0536c78db77f6b40a567691dc9cfc8d,0.2442559153,if7_legacy_anchor_when_all_sources_strongly_concordant
3gbn_h1:0000759:e57f2b66989e,e57f2b66989efcc528a6849d39db31b7689c48250b7088283850b2b81ecce100,0.351184167,if7_legacy_anchor_when_all_sources_strongly_concordant
3gbn_h1:0000760:e45a4cb6ef24,e45a4cb6ef242e8df016a79f7e16577a266e6e3969f6e3c7deebe4b602da548a,0.1378578991,if7_legacy_anchor_when_all_sources_strongly_concordant
3gbn_h1:0000761:189643db2a37,189643db2a378106b5bd9af08390ce73db1a2392e64966b9613640edf2c49c07,0.5466595888,if7_legacy_anchor_when_all_sources_strongly_concordant
3gbn_h1:0000762:dd9fabae250d,dd9fabae250d382d8b840422836850919047d5a8d92949f90e430a5ffd392edf,0.9001413981,if7_legacy_anchor_when_all_sources_strongly_concordant
3gbn_h1:0000763:f317e2cf42e5,f317e2cf42e5ffebf663ab9217eb92abd1108212ab68584962ac530808242ad0,0.4003181458,if7_legacy_anchor_when_all_sources_strongly_concordant
3gbn_h1:0000764:b5f8928eec2f,b5f8928eec2f8313de67d077fc5056d7df856912c86b04be7d52712c8f2c3f3f,0.02509720717,if7_legacy_anchor_when_all_sources_strongly_concordant
3gbn_h1:0000765:52630f31cc1d,52630f31cc1d2a3bc50d6de7236f86c3ee1ed61b9f92297e6e46fc6b743459fb,0.09561682354,if7_legacy_anchor_when_all_sources_strongly_concordant
3gbn_h1:0000766:e95493977f47,e95493977f47fd9bc994d30446055734beb093f911aa3b66a23ac990bd5c348b,0.288087671,if7_legacy_anchor_when_all_sources_strongly_concordant
3gbn_h1:0000767:2d098bbdaa1c,2d098bbdaa1c5e2a82541da1d5925654d1d0482ec45220c0407a6368e5b2d827,0.274125134,if7_legacy_anchor_when_all_sources_strongly_concordant
3gbn_h1:0000768:3118c22ce6be,3118c22ce6be26f8c20b16a01595bbccbec4e5e83e51bc868835802af3ee288b,0.6555320024,if7_legacy_anchor_when_all_sources_strongly_concordant
3gbn_h1:0000769:e2e5267ce32b,e2e5267ce32bfb378b8f7e53f543a255860b69a24345111a0ddbc86fbcf149cf,0.6267232299,if7_legacy_anchor_when_all_sources_strongly_concordant
3gbn_h1:0000770:c9d4f5909ef7,c9d4f5909ef725863af62edfe7d1c8fe4f917c1a641283f5d5bd494047b7c4a9,0.0226228352,if7_legacy_anchor_when_all_sources_strongly_concordant
3gbn_h1:0000771:57ae694736b7,57ae694736b7deefd02484115f43eeb3142f5630132182d0c6609131290ba44d,0.4954047302,if7_legacy_anchor_when_all_sources_strongly_concordant
3gbn_h1:0000772:1699dd436eac,1699dd436eacce3d51475ab50c6d6a1c0787ae127a89c143a9602acb1fd9609d,0.6937080324,if7_legacy_anchor_when_all_sources_strongly_concordant
3gbn_h1:0000773:f882d809bf67,f882d809bf677e2a002c22d4855eb5bb64223af5a71b5894684dae347ab37272,0.3252032548,if7_legacy_anchor_when_all_sources_strongly_concordant
3gbn_h1:0000774:e92bca1dfaac,e92bca1dfaac270c9c6ee6cd0ae2ddc85a3d88d1672fd1ed4080157d7cf87400,0.1679038505,if7_legacy_anchor_when_all_sources_strongly_concordant
3gbn_h1:0000775:9bd74ffd964a,9bd74ffd964aabce0f457a5f49da475428b2dd263bb57f77e0be10bedc064da0,0.1173559552,if7_legacy_anchor_when_all_sources_strongly_concordant
3gbn_h1:0000776:90b37fd078d1,90b37fd078d1329dc5aab2e98cbec86f85cee5ec671c10684c888615a16c1625,0.1088723937,if7_legacy_anchor_when_all_sources_strongly_concordant
3gbn_h1:0000777:3260819dc705,3260819dc705297fd8709fcdf47337a6e5315d56d54e7adc1368f481884a3bbf,0.4699540436,if7_legacy_anchor_when_all_sources_strongly_concordant
3gbn_h1:0000778:fe11a84f9d39,fe11a84f9d395a05f0b10547b660a7b4635b33352c2e0b2935dfe4a2e66915eb,0.1435136087,if7_legacy_anchor_when_all_sources_strongly_concordant
3gbn_h1:0000779:bcc9493c7566,bcc9493c75662c2d858e26cfef1f039163d9fdc936a8fa8743eb6ceb1083198e,0.2571580062,if7_legacy_anchor_when_all_sources_strongly_concordant
3gbn_h1:0000780:986e76404dc3,986e76404dc34b3ae6d558234645bf43cec70232aba59db5de77dc085f8f7458,0.725344638,if7_legacy_anchor_when_all_sources_strongly_concordant
3gbn_h1:0000781:1c02846552bc,1c02846552bcc7be270ef3613a59e0a640ce29f4a3e663f367025acb0bb1b575,0.6122304797,if7_legacy_anchor_when_all_sources_strongly_concordant
3gbn_h1:0000782:4af4acef09d5,4af4acef09d5f8cafc5e063794bd34da02d64bcf0c3e836e4521ca4ddbbc0e95,0.3773418119,if7_legacy_anchor_when_all_sources_strongly_concordant
3gbn_h1:0000783:f2244858b63d,f2244858b63d8d12d97371f72ca299edd00dfff6a351a74a598350e1f319c25a,0.4321314842,if7_legacy_anchor_when_all_sources_strongly_concordant
3gbn_h1:0000784:abd1e12e8127,abd1e12e8127209ec577bfe5c59097932ba59f01a51cee70ab3c158323eab743,0.1265464847,if7_legacy_anchor_when_all_sources_strongly_concordant
3gbn_h1:0000785:15d12288d3e8,15d12288d3e8c5328d32ba51faa400022075b7686c683d16bf46083c7689a3ae,0.7046659589,if7_legacy_anchor_when_all_sources_strongly_concordant
3gbn_h1:0000786:1d6a326ea371,1d6a326ea371511ae1a1c6f3e009d10870e603895044dd97938e8514f7f28146,0.8584305445,if7_legacy_anchor_when_all_sources_strongly_concordant
3gbn_h1:0000787:24431f08345d,24431f08345d046661e9494536d377d7cd4154db78325b7e97346740c2114338,0.5607988735,if7_legacy_anchor_when_all_sources_strongly_concordant
3gbn_h1:0000788:cb9b17b2f802,cb9b17b2f802fcc18bb1fec72b4f5c0193d7a8007d318a89f5c6ba71ccf6f397,0.5553199053,if7_legacy_anchor_when_all_sources_strongly_concordant
3gbn_h1:0000789:fa18eba4a3fc,fa18eba4a3fc832d27f6dd020f4654a3bc6ad43b3751fc54246bc6ec02c00a1b,0.9625309507,if7_legacy_anchor_when_all_sources_strongly_concordant
3gbn_h1:0000790:49dcbd6e9c1e,49dcbd6e9c1e72d50b17d58ffa3435090b7307937fcd95f29b2e673d3087cd50,0.4358430555,if7_legacy_anchor_when_all_sources_strongly_concordant
3gbn_h1:0000791:2dd9469318b3,2dd9469318b376d6b351746b9c12a1008079c063a3f92ac6698d1cc7541d3a5c,0.5772357782,if7_legacy_anchor_when_all_sources_strongly_concordant
3gbn_h1:0000792:ebd4c18243fb,ebd4c18243fb23341488699eeb3786ccb5068cfce02523088cfed50b862bd107,0.4858607352,if7_legacy_anchor_when_all_sources_strongly_concordant
3gbn_h1:0000793:d785f8e12e83,d785f8e12e83b01016c830f7f99f65159f98bd6f77283c09f4d15a4030b93382,0.02350653941,if7_legacy_anchor_when_all_sources_strongly_concordant
3gbn_h1:0000794:fead3eaa1904,fead3eaa19041cc6c60c296f8b027a136608c88cb6bc3dd119c8a9f8fa4baece,0.4780841271,if7_legacy_anchor_when_all_sources_strongly_concordant
3gbn_h1:0000795:4cca68dbb714,4cca68dbb7142ab6f93af158f6e4a1c6f23f6a389080ae1654898f6c1f61cfe7,0.3817603389,if7_legacy_anchor_when_all_sources_strongly_concordant
3gbn_h1:0000796:5e512ee9c807,5e512ee9c80784ad8368c30338eb87fcc28a6ebefba3cde2569f62cc755510fb,0.4183457096,if7_legacy_anchor_when_all_sources_strongly_concordant
3gbn_h1:0000797:81a47023ac84,81a47023ac84aaac845619f22a5810c51dfaed32beba742ee7462ffc67aac35a,0.8372216225,if7_legacy_anchor_when_all_sources_strongly_concordant
3gbn_h1:0000798:3fc3f15c8c6e,3fc3f15c8c6eccf8c66d78e7cbfed48ebfc52ad4a7dbb62192888f57ec049a20,0.5450689196,if7_legacy_anchor_when_all_sources_strongly_concordant
3gbn_h1:0000799:044a26f56829,044a26f56829bb5bfcbe262271d6f5f7bd68d7bb194e0cb1bd561b3398f35322,0.7234004935,if7_legacy_anchor_when_all_sources_strongly_concordant
3gbn_h1:0000800:4e40eeb5f843,4e40eeb5f8434b64033127d84db776a7eed608fad585c3160bb7f05a90fb2a2b,0.6413927078,if7_legacy_anchor_when_all_sources_strongly_concordant
3gbn_h1:0000801:25f8d6fb8a2a,25f8d6fb8a2aa0a1b47a88374240a58ce33df063d96f39d189a934ab548dd6b7,0.8881230156,if7_legacy_anchor_when_all_sources_strongly_concordant
3gbn_h1:0000802:cf25aac8aa79,cf25aac8aa79773038dfb351239850b9fc4fd3640fe093970a23d273407626ef,0.1541180636,if7_legacy_anchor_when_all_sources_strongly_concordant
3gbn_h1:0000803:48236e5f8efa,48236e5f8efa3666ade697358797bc2ebf888f34a6f771983a389b30394e32de,0.492753615,if7_legacy_anchor_when_all_sources_strongly_concordant
3gbn_h1:0000804:23404fbf9638,23404fbf9638a94ab8319527e22930cafc3d21ee4deab2f48db2b151bbc72617,0.1212442578,if7_legacy_anchor_when_all_sources_strongly_concordant
3gbn_h1:0000805:bab7a35fb039,bab7a35fb039c91f2d89e12ad8d29197c0f95011313fd7a1792e4982ffbd12f2,0.7039589882,if7_legacy_anchor_when_all_sources_strongly_concordant
3gbn_h1:0000806:295e8341f180,295e8341f180b0543bfaced2022c3ce4c48ff5e348d73599dd0eb1e5ac497874,0.1003888299,if7_legacy_anchor_when_all_sources_strongly_concordant
3gbn_h1:0000807:8b340cfd8eac,8b340cfd8eaced0ba3dc06fe1f214b2b72bae4490e9368b5d4c5840480c7a446,0.7974549333,if7_legacy_anchor_when_all_sources_strongly_concordant
3gbn_h1:0000808:336901085acc,336901085accd2fdd6443644e2e6950e8a26239ff9f6cb708fe44c8ed5ca79dc,0.3886532336,if7_legacy_anchor_when_all_sources_strongly_concordant
3gbn_h1:0000809:cd57ff2026cc,cd57ff2026cc240d8ad11c626947c8f5f8fac742ae6daabc2f3dc0cb3d85b9ad,0.7168610692,if7_legacy_anchor_when_all_sources_strongly_concordant
3gbn_h1:0000810:fe4fdc35a546,fe4fdc35a546ac98604343e1f14c5d399018f782d4f059d040171e50a76c0394,0.5376458069,if7_legacy_anchor_when_all_sources_strongly_concordant
3gbn_h1:0000811:dfbfa8dd2dbe,dfbfa8dd2dbe674d8a6bdcfbadecf460d322c83f4dbe68eba9455995a5b0d879,0.2051961795,if7_legacy_anchor_when_all_sources_strongly_concordant
3gbn_h1:0000812:c24633fd1400,c24633fd140083e253ac1bb2a8107a6fe4d1ca5da5c53619951f68d4e5d1589e,0.8851184249,if7_legacy_anchor_when_all_sources_strongly_concordant
3gbn_h1:0000813:684c095f7ce2,684c095f7ce282d453099ae365be9cb1ef32e3d997802574c12402dc1c18e348,0.4885118405,if7_legacy_anchor_when_all_sources_strongly_concordant
3gbn_h1:0000814:97c775be2197,97c775be219761584219b4ec072630da0b2c663ce4ee1308c32d49fa5e0f4e03,0.2728879402,if7_legacy_anchor_when_all_sources_strongly_concordant
3gbn_h1:0000815:f1083b5287bf,f1083b5287bfb7ef50bd90f5889f69f13ab26cd4b536f5f68adaf7c33b489b62,0.1696712573,if7_legacy_anchor_when_all_sources_strongly_concordant
3gbn_h1:0000816:faed42ce424b,faed42ce424ba8d793e134c542eec42845133f7581cd3b14bd66605883b118e3,0.6357370218,if7_legacy_anchor_when_all_sources_strongly_concordant
3gbn_h1:0000817:9b6d9c4f6cef,9b6d9c4f6cefd36a5a21c2bdaed9ca81c05addb4863513f0aef7c14f60e961f3,0.2021915863,if7_legacy_anchor_when_all_sources_strongly_concordant
3gbn_h1:0000818:0ba7e874f07c,0ba7e874f07cb9007d0aee6af932f75498f838703e2c2016af5093aa42723114,0.1862849096,if7_legacy_anchor_when_all_sources_strongly_concordant
3gbn_h1:0000819:dbb17422e14c,dbb17422e14cf0689f6428553accd4eb05a832de890dde9cc692cb1978e43cbc,0.6873453657,if7_legacy_anchor_when_all_sources_strongly_concordant
3gbn_h1:0000820:90486f80c141,90486f80c14197709c22cbc010e0b621503db0874bbdc748bbdcc47fd6677b54,0.8126546542,if7_legacy_anchor_when_all_sources_strongly_concordant
3gbn_h1:0000821:c6d001e60273,c6d001e60273270f75df3f880606589086dcaf48349ffe2f76590858806f33a2,0.1816896448,if7_legacy_anchor_when_all_sources_strongly_concordant
3gbn_h1:0000822:2439aa88fe49,2439aa88fe491ba4a4d4bd960de796b643f9d6b55600ef1310bd0bd1ca975d26,0.5136090517,if7_legacy_anchor_when_all_sources_strongly_concordant
3gbn_h1:0000823:0df64bd60a7c,0df64bd60a7c5247f6486d13111c1bc5293650cff68fdb7103c8d0d4af5656d3,0.1067515022,if7_legacy_anchor_when_all_sources_strongly_concordant
3gbn_h1:0000824:a82c9ef89d64,a82c9ef89d640d998bb233fa75ffa11fa19fdfe1a4fabcdfc9c5686f3b8e000a,0.3930717607,if7_legacy_anchor_when_all_sources_strongly_concordant
3gbn_h1:0000825:e4daad92f1d8,e4daad92f1d8559f28ef95562bbf0f1f34c78a70cf9e0ce5878231afcdd3d313,0.497172157,if7_legacy_anchor_when_all_sources_strongly_concordant
3gbn_h1:0000826:22210f9b9c6e,22210f9b9c6e0a6f0dccbc4c91f26dff967cedb7b41c0b4c4376fdcd0cefe34c,0.7797808448,if7_legacy_anchor_when_all_sources_strongly_concordant
3gbn_h1:0000827:a43e57dc819a,a43e57dc819a5ae3e69d11c05be3ef56a95e7dc865528c9af9ff5abb4ac68cd7,0.4595263302,if7_legacy_anchor_when_all_sources_strongly_concordant
3gbn_h1:0000828:a6f998bba919,a6f998bba91931badb12493859f9a68f33ce95126c6b5dba313c08058736a449,0.8142453233,if7_legacy_anchor_when_all_sources_strongly_concordant
3gbn_h1:0000829:56d20c1c578c,56d20c1c578c97be54958691f6e4cd5fd6e34b1699225392d7ae444bd1fa2806,0.4602333009,if7_legacy_anchor_when_all_sources_strongly_concordant
3gbn_h1:0000830:d4ebb967fb71,d4ebb967fb712799004d3d310f9a860395d365f3b58eef302fdc9c5762d064ec,0.6025097172,if7_legacy_anchor_when_all_sources_strongly_concordant
3gbn_h1:0000831:c643f20db311,c643f20db311b7f0caf68a280b89bd14a6ff6f3bcd0015a8262c4994c26e87de,0.2394839227,if7_legacy_anchor_when_all_sources_strongly_concordant
3gbn_h1:0000832:bc906acf576d,bc906acf576df10a6b1c509f9f6887dba013728749e34f53446f33f5fb2f1701,0.08465889095,if7_legacy_anchor_when_all_sources_strongly_concordant
3gbn_h1:0000833:b305dcbd2d0c,b305dcbd2d0c01b6030d45d07703db21577f4104efe404fe22d27906eb76cdd3,0.6270767252,if7_legacy_anchor_when_all_sources_strongly_concordant
3gbn_h1:0000834:8ade5f143f57,8ade5f143f5711bd8b7800bc700767753502f572c1fd1ad28876478e135f8858,0.5530222655,if7_legacy_anchor_when_all_sources_strongly_concordant
3gbn_h1:0000835:7b15bfbd44d3,7b15bfbd44d39d6a2cfc4dcecd91dc1ca54597b0bf15228b977eee42d5d5eed4,0.7870272398,if7_legacy_anchor_when_all_sources_strongly_concordant
3gbn_h1:0000836:6c9b90130f08,6c9b90130f0809f0d3cf8c20e7499cdfd88f15c382ae684e7d8bb3aaf6ad5917,0.8849416773,if7_legacy_anchor_when_all_sources_strongly_concordant
3gbn_h1:0000837:77e67dba7157,77e67dba7157e623570f1adedff264388b366993c56be29570590902f1790b37,0.4293036362,if7_legacy_anchor_when_all_sources_strongly_concordant
3gbn_h1:0000838:ccf9bb1a0155,ccf9bb1a0155f0fa1ba2bf691788a58741ad60f055de2f5d285a1d91b65b9f6c,0.2407211016,if7_legacy_anchor_when_all_sources_strongly_concordant
3gbn_h1:0000839:364a5b129971,364a5b129971c55d96b358b3a4a38bfb4cae991a7e09aab427810ce29798c296,0.5074231227,if7_legacy_anchor_when_all_sources_strongly_concordant
3gbn_h1:0000840:e0a73f8467a4,e0a73f8467a41dc55144814f4f53d28bdeffc6792de8e9eebad4065bbe535d5e,0.4816189408,if7_legacy_anchor_when_all_sources_strongly_concordant
3gbn_h1:0000841:36bf679e3d6a,36bf679e3d6a4484c3bb05c4d550f7cda96d8ac1776291d9a228aae5ac74fc93,0.7133262555,if7_legacy_anchor_when_all_sources_strongly_concordant
3gbn_h1:0000842:916effb3ac72,916effb3ac729f970b9b14b2097be71302158337f05ce8c9b3487521fa4d4581,0.6924708287,if7_legacy_anchor_when_all_sources_strongly_concordant
3gbn_h1:0000843:f1aa86a1f2b5,f1aa86a1f2b56e17c48f3d25a3e618a4cb4f02ead29020d228ea06abc5206ce2,0.4605867863,if7_legacy_anchor_when_all_sources_strongly_concordant
3gbn_h1:0000844:fd4d5c0100cc,fd4d5c0100cc6781a5c7b0d4f32cb859604ac95ca53cd695843d1ef511d55ddc,0.6376811465,if7_legacy_anchor_when_all_sources_strongly_concordant
3gbn_h1:0000845:0626b12b8be3,0626b12b8be3464948b6afd9f73fd9dbcf1d1fd891e583d878dcd2f8ddc3acee,0.8209614555,if7_legacy_anchor_when_all_sources_strongly_concordant
3gbn_h1:0000846:ebf1d84e1dd8,ebf1d84e1dd8fca96a07e6145cc6e69c45dccb4f5e16ed720278dbc5fc576ac9,0.2476139988,if7_legacy_anchor_when_all_sources_strongly_concordant
3gbn_h1:0000847:8581b049a7a0,8581b049a7a063947ae81eddc377de0693567e3ea651f2e82c1b1a27a12de17d,0.3769883414,if7_legacy_anchor_when_all_sources_strongly_concordant
3gbn_h1:0000848:a6a067dbe4ff,a6a067dbe4ff12dc3a0c9f202af3fba4e7ccd33562e24c6aff3c699dfaecbc5b,0.9250618617,if7_legacy_anchor_when_all_sources_strongly_concordant
3gbn_h1:0000849:c6d39a1fc5bb,c6d39a1fc5bbefdbf3d62f2a6bce8f7a1282cb9bb320b797f8252499f40c6add,0.6410392324,if7_legacy_anchor_when_all_sources_strongly_concordant
3gbn_h1:0000850:d3e1f06626c1,d3e1f06626c1cd246223edcbd752a8cb8df46c1e056f1133f4f5fc0a848e9adf,0.5920820137,if7_legacy_anchor_when_all_sources_strongly_concordant
3gbn_h1:0000851:2ee91ffb8329,2ee91ffb8329c7dfb821852b12197eff13be3fe359068acdd01d28a84dc92c59,0.2702368349,if7_legacy_anchor_when_all_sources_strongly_concordant
3gbn_h1:0000852:9c55b5a953c6,9c55b5a953c64a5f3de5c88f6c1e2a1e1fb80d09403db57cb2363d98dfdbab6c,0.9501590729,if7_legacy_anchor_when_all_sources_strongly_concordant
3gbn_h1:0000853:b61623148cb3,b61623148cb3621f23ba5ac2b8f01997a6e2b1807ae4de19c1343c095c9359ef,0.7735949159,if7_legacy_anchor_when_all_sources_strongly_concordant
3gbn_h1:0000854:5fa64b88be95,5fa64b88be95ac746552e8ba209ed67d8d71e9e8f0ebabb49bc3287b6d9d1c99,0.03110639894,if7_legacy_anchor_when_all_sources_strongly_concordant
3gbn_h1:0000855:9ab7b7068993,9ab7b70689933f3f4eaf9169803a0ebbc0f9e92af99d744ff5d8c28b63f181c8,0.9593495925,if7_legacy_anchor_when_all_sources_strongly_concordant
3gbn_h1:0000856:cf0596a0beb4,cf0596a0beb422da7c96bd38cdf5cbfdeeb01a487a1480c4a3db7ac7607e6698,0.4517497321,if7_legacy_anchor_when_all_sources_strongly_concordant
3gbn_h1:0000857:b4186f57c7ec,b4186f57c7ecdd128d3350d2cd7fcc45d4a3b3a70f844fe6d0dc78c724bca169,0.2861435115,if7_legacy_anchor_when_all_sources_strongly_concordant
3gbn_h1:0000858:ffdf203bbeac,ffdf203bbeac6b3e43415b9e7b299f43fd08070dd1f96e3d607e6768d64a138a,0.6974195838,if7_legacy_anchor_when_all_sources_strongly_concordant
3gbn_h1:0000859:753f703e742e,753f703e742ea85607b6ea4b74881b53fa856f3aa8d8ba95411bc27b66ce8e16,0.7527394692,if7_legacy_anchor_when_all_sources_strongly_concordant
3gbn_h1:0000860:269308455cca,269308455cca21d56682ea44edb5b44aef051da837c01e30c0a333212877e743,0.4091551702,if7_legacy_anchor_when_all_sources_strongly_concordant
3gbn_h1:0000861:4c2d244918f0,4c2d244918f040ffd7716602eb26249cc0849bc24d0b11d8fc2e2f008482b9a2,0.7258748809,if7_legacy_anchor_when_all_sources_strongly_concordant
3gbn_h1:0000862:bdead62c6c03,bdead62c6c03421ab1b717905aab03347ede56bb85bae3600a4dd600d6c759f8,0.8338635564,if7_legacy_anchor_when_all_sources_strongly_concordant
3gbn_h1:0000863:27ec0281afd0,27ec0281afd01a8250f2be3735643214b030f76b6974f0ffe569e237d4302509,0.5491339664,if7_legacy_anchor_when_all_sources_strongly_concordant
3gbn_h1:0000864:db4f7b84c677,db4f7b84c6771669c2e93830e6a4b009a190c001b1743f39cd4d87defa1754ad,0.8591375152,if7_legacy_anchor_when_all_sources_strongly_concordant
3gbn_h1:0000865:ec67d5c5e411,ec67d5c5e411d76b441ba116f20ee6412475d905e31762f6b2ae416cff3ca8e3,0.463591367,if7_legacy_anchor_when_all_sources_strongly_concordant
3gbn_h1:0000866:26494abd077d,26494abd077d4308c161e1248daa544720d251bc85572a35e6bf193c8fc82702,0.6410392225,if7_legacy_anchor_when_all_sources_strongly_concordant
3gbn_h1:0000867:3c9db32422a5,3c9db32422a567c95a4805a0a6e6c3b9becd26c6109e605b200eceeca4f442e3,0.7387769719,if7_legacy_anchor_when_all_sources_strongly_concordant
3gbn_h1:0000868:06fea8b73b73,06fea8b73b73c2ae8fdba6a14983f0406b724cbae3643536b927b4b3824e3e5e,0.9697773059,if7_legacy_anchor_when_all_sources_strongly_concordant
3gbn_h1:0000869:494e72d00bc5,494e72d00bc53dd571b4312019674ab6f26869e43ce1bd3f496195668d5b719c,0.440615048,if7_legacy_anchor_when_all_sources_strongly_concordant
3gbn_h1:0000870:5728c1d758cc,5728c1d758ccb9fb85003116b4e9a16c9e92bc379b1307334bbd4197be5bcc1f,0.8029338916,if7_legacy_anchor_when_all_sources_strongly_concordant
3gbn_h1:0000871:149089cab988,149089cab988ff179ba8c6fbf69ae9ea99c28fe91de49737d873bdbaf2b9406b,0.278720395,if7_legacy_anchor_when_all_sources_strongly_concordant
3gbn_h1:0000872:fa25f94d3f62,fa25f94d3f6283c8c5169f0fcd786d67571d8d9530ab3efbf4089dbd07d8ddb8,0.125309296,if7_legacy_anchor_when_all_sources_strongly_concordant
3gbn_h1:0000873:13ff16554fa7,13ff16554fa77d454c0e92b080a5b627e996896bf423233947eee279efdbbf9d,0.5477200449,if7_legacy_anchor_when_all_sources_strongly_concordant
3gbn_h1:0000874:36bf0d0fef5d,36bf0d0fef5d2b6ed38d88b1d7d2be360c24399f38731c495df99b24e0f10ea8,0.4948745072,if7_legacy_anchor_when_all_sources_strongly_concordant
3gbn_h1:0000875:223726822ed4,223726822ed467a422d2e1e1369170e171c422cd132c17d23e17a5127ec99146,0.4093319078,if7_legacy_anchor_when_all_sources_strongly_concordant
3gbn_h1:0000876:0f8a2b2b0633,0f8a2b2b0633cb51dd51a357cb261a2979f5cf0963ef14900ce22cc811581136,0.1330858941,if7_legacy_anchor_when_all_sources_strongly_concordant
3gbn_h1:0000877:e1a045c85108,e1a045c85108407aa0198596c3e60c375421d1daddcad6f3c3e7054185e15fde,0.3140685757,if7_legacy_anchor_when_all_sources_strongly_concordant
3gbn_h1:0000878:588a5cd3c768,588a5cd3c768c01df37340dbd319ef4a6c4ef7bd94cce21a5a72748c686a3d54,0.644574056,if7_legacy_anchor_when_all_sources_strongly_concordant
3gbn_h1:0000879:1226a89e831c,1226a89e831c3c3eab376b7199482fa7d5a36eede505a28c553fe9f55bd2f683,0.7992223303,if7_legacy_anchor_when_all_sources_strongly_concordant
3gbn_h1:0000880:658c5a8ff7f1,658c5a8ff7f17793c0b43f22058a14cbd0249094482e3a84766940bda6865e26,0.1562389547,if7_legacy_anchor_when_all_sources_strongly_concordant
3gbn_h1:0000881:30fafc7f20b9,30fafc7f20b951e05552110abe04edd1d7c885a9f6e5447c3d7100ecce968fbc,0.9897490342,if7_legacy_anchor_when_all_sources_strongly_concordant
3gbn_h1:0000882:74caa5a746f3,74caa5a746f32da0cc886d15dfc936fcb53353372e4fea2cc5f158d9edd9f4b3,0.1815129028,if7_legacy_anchor_when_all_sources_strongly_concordant
3gbn_h1:0000883:c54f08c1ff14,c54f08c1ff14f801262936de52b552511ff4ecef4083eb7ae71a389b3b6deedf,0.8513608972,if7_legacy_anchor_when_all_sources_strongly_concordant
3gbn_h1:0000884:5515b3ce8570,5515b3ce85700fc47640af3721ee6f7a9bddbbc43e79f9f509e68232b90bc6c7,0.3818487128,if7_legacy_anchor_when_all_sources_strongly_concordant
3gbn_h1:0000885:8f8a9713d05b,8f8a9713d05be22a43fa724b51e71d1a39b6e1738a06d42db9776f7840b16dff,0.4490986218,if7_legacy_anchor_when_all_sources_strongly_concordant
3gbn_h1:0000886:53fcdc32cf9b,53fcdc32cf9bec3774c00ae592486795fd74bdcafc835786da72b44ddcb6c47a,0.9955814679,if7_legacy_anchor_when_all_sources_strongly_concordant
3gbn_h1:0000887:2b4bdc873d10,2b4bdc873d10e3bd600314f25371962dee7048a133b7615f8a68930033e8782a,0.07175680374,if7_legacy_anchor_when_all_sources_strongly_concordant
3gbn_h1:0000888:ee4a69cedb7c,ee4a69cedb7cc738cb3657850053b58f2de4141067ea7f63437283650e0732c6,0.9043831626,if7_legacy_anchor_when_all_sources_strongly_concordant
3gbn_h1:0000889:291e111c54e2,291e111c54e2226b2c4e9df3b3ed15dd8494b8d753e4ecc095598901052a215d,0.6392718305,if7_legacy_anchor_when_all_sources_strongly_concordant
3gbn_h1:0000890:6060f839abef,6060f839abeffc42c53bf56c054abc1af9f1f8a106eef0a448e976d481482320,0.3996111552,if7_legacy_anchor_when_all_sources_strongly_concordant
3gbn_h1:0000891:00525676dc40,00525676dc40aefbfb552ae891addf7d9cbba8ba94309574ac95fc0c13d20683,0.2967479626,if7_legacy_anchor_when_all_sources_strongly_concordant
3gbn_h1:0000892:6584639affce,6584639affceee741dec2c9908396b4996eb37a85bf0f332e057a9da5d076bc7,0.8400494854,if7_legacy_anchor_when_all_sources_strongly_concordant
3gbn_h1:0000893:2a8750dafa1c,2a8750dafa1ca4b99a259390c2f984433628a30fc3c24ffbb7fc939efee6a52c,0.3973135451,if7_legacy_anchor_when_all_sources_strongly_concordant
3gbn_h1:0000894:173594603e66,173594603e66ff1e0463c74bacf0188945f02b225e39ddd38a0e24de40bebeca,0.6456344922,if7_legacy_anchor_when_all_sources_strongly_concordant
3gbn_h1:0000895:ae7e68a1aa3f,ae7e68a1aa3f79e390cdef089dd73b8b070a2707812a343f58f028bb389e03f6,0.5351714492,if7_legacy_anchor_when_all_sources_strongly_concordant
3gbn_h1:0000896:57f2b9281df8,57f2b9281df8bca7baf59323e3e4ed6cc65518009dd66b015da0dcdb709d4ca0,0.1295510813,if7_legacy_anchor_when_all_sources_strongly_concordant
3gbn_h1:0000897:5a406c9ad28d,5a406c9ad28d2d17c9ab099fe664781fc2a5e8fc38afe2d8651d54bad3953cab,0.6062212835,if7_legacy_anchor_when_all_sources_strongly_concordant
3gbn_h1:0000898:7038203a5221,7038203a52215e7e4e179fb30b9c88569511219ab4034e10eaa258aefce605a8,0.8875927726,if7_legacy_anchor_when_all_sources_strongly_concordant
3gbn_h1:0000899:eee45a4cb04e,eee45a4cb04e0c1e8aac4a993e43cbc847e5893d47bb188def68aeda53120d4e,0.6758571863,if7_legacy_anchor_when_all_sources_strongly_concordant
3gbn_h1:0000900:787d0f2acf62,787d0f2acf622813e2b015b9e955977d0534c92c57bd6b29d77e8ba1c5d2697a,0.4849770268,if7_legacy_anchor_when_all_sources_strongly_concordant
3gbn_h1:0000901:4c4dcb35af39,4c4dcb35af3994fbdd7cdb1783cc60b76f5060fe6100d863988b3ca5e321eaa8,0.7451396187,if7_legacy_anchor_when_all_sources_strongly_concordant
3gbn_h1:0000902:9a6643d27ced,9a6643d27ced16a610ee5f9b433f95f3a6f46ad5190640414e8bcee2e1411e99,0.4710144798,if7_legacy_anchor_when_all_sources_strongly_concordant
3gbn_h1:0000903:87ba313b3fd2,87ba313b3fd249c302e12fc1208fac729177b1176d300d66d374f54894b0af12,0.5070696374,if7_legacy_anchor_when_all_sources_strongly_concordant
3gbn_h1:0000904:ffe2ea50be3d,ffe2ea50be3d1e4b9e1a0ee952d798b9e6e85e02ad87adf9f473a447c297f128,0.8269706567,if7_legacy_anchor_when_all_sources_strongly_concordant
3gbn_h1:0000905:b96a6223c255,b96a6223c25537dea173fc42fe5f97d1d8b5054503bf0c3526e3cced244a2f43,0.7320608099,if7_legacy_anchor_when_all_sources_strongly_concordant
3gbn_h1:0000906:b01997331384,b019973313847dc339c742887fe9ec0242bce7cf7c3ed234d5eea940bdf73367,0.8266171615,if7_legacy_anchor_when_all_sources_strongly_concordant
3gbn_h1:0000907:41cf242c2ac4,41cf242c2ac4dd662f50af40fec5d294907a2e343f91294a2e6858d0f5e58e6c,0.6684340835,if7_legacy_anchor_when_all_sources_strongly_concordant
3gbn_h1:0000908:d00f8c914e82,d00f8c914e8236bfa8a46c5cf07c9184208e3172989250ea142008847855e49d,0.4833863576,if7_legacy_anchor_when_all_sources_strongly_concordant
3gbn_h1:0000909:2eb5a13e9f66,2eb5a13e9f6690b053c2fadb0bb51d89ac543938cbd5edd4bec3a920a0185fbd,0.7357723713,if7_legacy_anchor_when_all_sources_strongly_concordant
3gbn_h1:0000910:b2ad906e0940,b2ad906e0940c1a8cd93aaa559ff2652021a62995e8fadaa7c985f59a84f8492,0.6560622007,if7_legacy_anchor_when_all_sources_strongly_concordant
3gbn_h1:0000911:035eaf9aa461,035eaf9aa461f09c98dd66c4406efbc525c1de6bebf80a3b23bc572dba5a07d5,0.7564510306,if7_legacy_anchor_when_all_sources_strongly_concordant
3gbn_h1:0000912:4db412a51f26,4db412a51f2639f8a57d0ab0c877ba30a154ac09335800fbf96db828d6bf19f6,0.6048073371,if7_legacy_anchor_when_all_sources_strongly_concordant
3gbn_h1:0000913:fd61ccb8d2f4,fd61ccb8d2f4146d2d6c3904d94fe1cc17208a63b68fa9e1a8f333a6bdd99ca8,0.4805584947,if7_legacy_anchor_when_all_sources_strongly_concordant
3gbn_h1:0000914:1850465994c7,1850465994c74d24b5185b51d3bada895fccf5e29ddbfd65a5813d90af9622c6,0.05178508287,if7_legacy_anchor_when_all_sources_strongly_concordant
3gbn_h1:0000915:c48b9cb9098d,c48b9cb9098dae56291de2ce617187bdf484c7fcebdba695972c1668167fdf27,0.1159420262,if7_legacy_anchor_when_all_sources_strongly_concordant
3gbn_h1:0000916:523f3020419f,523f3020419f1606156a2f7c11f9ec71ce8c9b68bc9f006991d5c121de05efed,0.3294450343,if7_legacy_anchor_when_all_sources_strongly_concordant
3gbn_h1:0000917:824288748f37,824288748f372a6c5ee8b9169c31cdc06e0abf7d1438d233189b9b7240278edc,0.5148462256,if7_legacy_anchor_when_all_sources_strongly_concordant
3gbn_h1:0000918:599259f86513,599259f865131aecc2457a356f2e4594646ca11085754dbd9832c3874e91ceb3,0.5669847925,if7_legacy_anchor_when_all_sources_strongly_concordant
3gbn_h1:0000919:add29a3fc6fe,add29a3fc6fe69ec30ea65c21cdc370468bf4a28cdac8f67f5efd4415d0134c1,0.4991163016,if7_legacy_anchor_when_all_sources_strongly_concordant
3gbn_h1:0000920:505910c9eded,505910c9ededaa3a4b1c643f22e87f58fb76e0731458ae5269bb886b4a25ed19,0.4384941657,if7_legacy_anchor_when_all_sources_strongly_concordant
3gbn_h1:0000921:1435c2dc8c72,1435c2dc8c72d6a09ea49823163cc3f607a392665d709e45d6b1a2535b7d0b58,0.3605514218,if7_legacy_anchor_when_all_sources_strongly_concordant
3gbn_h1:0000922:fb254301b2b9,fb254301b2b95b005ea242db2e33029d162dcf6fa3ec7a78ef580b863b9f2b13,0.8024036686,if7_legacy_anchor_when_all_sources_strongly_concordant
3gbn_h1:0000923:4b2f5df5bad8,4b2f5df5bad8b00fdd51e98f09d5fa861e286487e2bdc6ef5e6309292a02b029,0.6952986717,if7_legacy_anchor_when_all_sources_strongly_concordant
3gbn_h1:0000924:58015219745f,58015219745fec09717efe109bf99f733b3d83a38dd90e3d28ee0737f57ec39f,0.4552845558,if7_legacy_anchor_when_all_sources_strongly_concordant
3gbn_h1:0000925:cbe6cbd5acae,cbe6cbd5acaed015d380d39e01268b14b4ce9aa0f8faa20e83539f9c2fe28b55,0.2343584349,if7_legacy_anchor_when_all_sources_strongly_concordant
3gbn_h1:0000926:38e590d02559,38e590d02559c3dbfa4fbb10e90348c2987e9492ca5dd1747f7a9d0ec56614f8,0.7336514592,if7_legacy_anchor_when_all_sources_strongly_concordant
3gbn_h1:0000927:d15f5f63f822,d15f5f63f822ca7c5319d8c5ee91cbac5e3d83539fdb7e41d3a60e8a5d7e8659,0.3128313919,if7_legacy_anchor_when_all_sources_strongly_concordant
3gbn_h1:0000928:6f39002f7751,6f39002f7751132535bd48e0a6b594a157c44be73b24152399ea04ad926cb2c7,0.3614351352,if7_legacy_anchor_when_all_sources_strongly_concordant
3gbn_h1:0000929:cf65f69c6797,cf65f69c679779a3e2a23dd2d72c745353b4b02508048cb59c15f17fbfe45cb3,0.2495581483,if7_legacy_anchor_when_all_sources_strongly_concordant
3gbn_h1:0000930:df42da47a4fb,df42da47a4fb96594bb791e254fa25c9d0d3b6b23ea9ebd9377854a67712fa5f,0.8692117333,if7_legacy_anchor_when_all_sources_strongly_concordant
3gbn_h1:0000931:293eb0950850,293eb09508502de7a7540e23729cc58712dd8584e8675447b06170f3c88bae41,0.6329091489,if7_legacy_anchor_when_all_sources_strongly_concordant
3gbn_h1:0000932:2686afda3aab,2686afda3aabf71a5e42d847c834ebd47c9fd99e386e06f6d24b7c940b669fe6,0.6931778192,if7_legacy_anchor_when_all_sources_strongly_concordant
3gbn_h1:0000933:120181584171,120181584171f1c177668033fbcac841a1f1cf5222a9192e99fd778797d1b9bf,0.3642629931,if7_legacy_anchor_when_all_sources_strongly_concordant
3gbn_h1:0000934:ea109824d2b8,ea109824d2b8d525e7f74f4a84e4192a3c449a5541ef1410ae6495dbb57cec08,0.8402262131,if7_legacy_anchor_when_all_sources_strongly_concordant
3gbn_h1:0000935:fd04b0db247d,fd04b0db247daf4e7acd48d06fa085372eba6284732fe1e359e3956b4b9de79f,0.2712972711,if7_legacy_anchor_when_all_sources_strongly_concordant
3gbn_h1:0000936:17983686abe6,17983686abe698425f145a5b364e890a24225087007c032f070d06b7e29794c4,0.9123365283,if7_legacy_anchor_when_all_sources_strongly_concordant
3gbn_h1:0000937:ba972df7dc62,ba972df7dc62f787b11af1ada23ff2590ddd5831af100804730a976360a684b6,0.4915164411,if7_legacy_anchor_when_all_sources_strongly_concordant
3gbn_h1:0000938:f3dfa81d925e,f3dfa81d925ee927a98491391be2ce7d6516216256b0f7b949b97e2943c0679e,0.2737716411,if7_legacy_anchor_when_all_sources_strongly_concordant
3gbn_h1:0000939:e66b9a6ee80a,e66b9a6ee80a783f708957669c0c19dc5496a0cad61164927bd1f586c480fb13,0.9422057271,if7_legacy_anchor_when_all_sources_strongly_concordant
3gbn_h1:0000940:56085a65043e,56085a65043eb3b3057a8e3bf5af07f0719c1f25dd74c8bafd8ec2669e3890b3,0.5309296648,if7_legacy_anchor_when_all_sources_strongly_concordant
3gbn_h1:0000941:6d564c8a57d1,6d564c8a57d16ef68530d3253c94ff7f88deecd9ca297755c411897a252a44aa,0.5662778218,if7_legacy_anchor_when_all_sources_strongly_concordant
3gbn_h1:0000942:2c6600cbd8db,2c6600cbd8db89417cfddd5518ae9dcb43b7d1a363bd1ce4c05e416506d98d36,0.6997172237,if7_legacy_anchor_when_all_sources_strongly_concordant
3gbn_h1:0000943:2f8bc8ae59d9,2f8bc8ae59d9abd4574c39371cb783bc133a494a62d12dde7f07375189f68a4a,0.0512548612,if7_legacy_anchor_when_all_sources_strongly_concordant
3gbn_h1:0000944:789f8539e506,789f8539e506968febf2e2bc86d345bbd81a6c6e9d958d7c195a6a4c4f336606,0.6026864747,if7_legacy_anchor_when_all_sources_strongly_concordant
3gbn_h1:0000945:ff6946ef2c26,ff6946ef2c2650beed7332e70d0c559dfdf77b257109dd5c88240c2bd4c5204d,0.1871686106,if7_legacy_anchor_when_all_sources_strongly_concordant
3gbn_h1:0000946:1ce22da39b2a,1ce22da39b2a0e97a086292a14bc69530e72e7791802001cbd9921634412dabf,0.2016613633,if7_legacy_anchor_when_all_sources_strongly_concordant
3gbn_h1:0000947:b54c72e37810,b54c72e37810451a3450ccbbdd20886ae6bc9b9e5475cc3219a2f1a782cb6fa7,0.7644043863,if7_legacy_anchor_when_all_sources_strongly_concordant
3gbn_h1:0000948:7410a2a2d679,7410a2a2d6792438d33f144bcccccd93ec0fbedd2dc25ff94e7f976a60947250,0.2145634492,if7_legacy_anchor_when_all_sources_strongly_concordant
3gbn_h1:0000949:3b6e5d80303a,3b6e5d80303afcc93d4ca791cabcdd5f11d75c2b69870a36ecda621dbcdf2102,0.369388476,if7_legacy_anchor_when_all_sources_strongly_concordant
3gbn_h1:0000950:1f6c76e99890,1f6c76e99890c1eed73c9fb8e3ea0f16d88073d6e5e4915692861e513b749db9,0.08837044983,if7_legacy_anchor_when_all_sources_strongly_concordant
3gbn_h1:0000951:9df532d74ef8,9df532d74ef8c41ab7fc98f68d19bb741efbea0099958411412298f718cb3b0d,0.9632379015,if7_legacy_anchor_when_all_sources_strongly_concordant
3gbn_h1:0000952:149f07c011f1,149f07c011f1d72fcfa77387126fd75939c44e2c617a8efe5a4dcb5bc900b1df,0.8725698193,if7_legacy_anchor_when_all_sources_strongly_concordant
3gbn_h1:0000953:20b4427f1772,20b4427f177234b6e2814471a2c1897490e2786b211aae3cf81071a6973f807c,0.378932486,if7_legacy_anchor_when_all_sources_strongly_concordant
3gbn_h1:0000954:c642b001aa88,c642b001aa88af4eaa4a8cb7cf7df015912ad39adc866a99395fe95ca3733b79,0.4202898443,if7_legacy_anchor_when_all_sources_strongly_concordant
3gbn_h1:0000955:89d4b96ea917,89d4b96ea91791c73443f25acbb38a28ad0896705c8e44a5dc00537f3db0417f,0.2721809869,if7_legacy_anchor_when_all_sources_strongly_concordant
3gbn_h1:0000956:9cf2d28d4156,9cf2d28d41563e1f5539c31d703bfff595a3a48ae775a3137dbc1887a465fac2,0.04453870717,if7_legacy_anchor_when_all_sources_strongly_concordant
3gbn_h1:0000957:b1b13e21ba2b,b1b13e21ba2b8eadbe473fc25efbefc741a83a39a1cba50fc57104b654e67bad,0.9098621408,if7_legacy_anchor_when_all_sources_strongly_concordant
3gbn_h1:0000958:1ebca180c07b,1ebca180c07b0f57dabdfa766b86d4c3f4e0e7e52925901b61bb89b4d23d93b2,0.2283492436,if7_legacy_anchor_when_all_sources_strongly_concordant
3gbn_h1:0000959:8f3afae5bfc4,8f3afae5bfc4af91e829b69c91ad850cba2e4e2ab99616e18dcb273e4a6528fa,0.7509720921,if7_legacy_anchor_when_all_sources_strongly_concordant
3gbn_h1:0000960:7ae7575691cd,7ae7575691cd3a905cfab48912377cd5b779a4fc9cc0cc8a64f1f6dfb4139f64,0.2824319552,if7_legacy_anchor_when_all_sources_strongly_concordant
3gbn_h1:0000961:d74a4e7ac461,d74a4e7ac461ae51a3649d632c810b6484b76666feba758f4fe169115386e220,0.2992223501,if7_legacy_anchor_when_all_sources_strongly_concordant
3gbn_h1:0000962:3de93326c670,3de93326c6707246477c2eed429a38e58f9212e5c70b2ae39493128b6538620e,0.6650759975,if7_legacy_anchor_when_all_sources_strongly_concordant
3gbn_h1:0000963:d474066af47f,d474066af47fe5a941abd51f30d8ea1700279ce03ddd309e2917a4a4c054116f,0.3100035389,if7_legacy_anchor_when_all_sources_strongly_concordant
3gbn_h1:0000964:fbf2f272fa19,fbf2f272fa194866295297bfc94cd5f1ba9e59e3c48b790a85f6894e6224690e,0.7532697121,if7_legacy_anchor_when_all_sources_strongly_concordant
3gbn_h1:0000965:ff899747241e,ff899747241eeb27bff3e71b8264eb78ce4e8f1d5f0e8cc62653da41931eab29,0.8305054704,if7_legacy_anchor_when_all_sources_strongly_concordant
3gbn_h1:0000966:64604d948494,64604d94849494cfbfff72cca25a18f9ead7b3e935cf927fe47f19620e55586b,0.7310003638,if7_legacy_anchor_when_all_sources_strongly_concordant
3gbn_h1:0000967:e8e18419d6e1,e8e18419d6e1c97988c0e726c836f2431728cc25f5c17b9507ded67ff4a1cfa3,0.6378579139,if7_legacy_anchor_when_all_sources_strongly_concordant
3gbn_h1:0000968:91244248a7db,91244248a7db65a8a37009f4da6db83331c035c7e665263eeae2449f14f88abb,0.2465535576,if7_legacy_anchor_when_all_sources_strongly_concordant
3gbn_h1:0000969:f46989904d0c,f46989904d0c38b14efcf710f0ab503c94a8cbf12b67724b0588cdd9c63b6a46,0.1249558181,if7_legacy_anchor_when_all_sources_strongly_concordant
3gbn_h1:0000970:394c42262277,394c42262277f750086ea0c5c320b51051d87844757526bef5b1917bf48189b0,0.9273594817,if7_legacy_anchor_when_all_sources_strongly_concordant
3gbn_h1:0000971:cf6f0a406225,cf6f0a40622527a5f97f43149f420d2285707ccac82d31ede90e2dea38ffef91,0.4441498766,if7_legacy_anchor_when_all_sources_strongly_concordant
3gbn_h1:0000972:b06acd7703bc,b06acd7703bc1ce31088875f692dea42f364c0b04120fdf416312b8cffd6a052,0.7083775004,if7_legacy_anchor_when_all_sources_strongly_concordant
3gbn_h1:0000973:e21d52ba6ff4,e21d52ba6ff4eefd030aecbd2828de8bfcc5db594f773ab71cf3552fa535d63a,0.9469777147,if7_legacy_anchor_when_all_sources_strongly_concordant
3gbn_h1:0000974:a090360c1b19,a090360c1b1960d155d6621f960b388a655cf904b7a63a5ba9dbd7cb2837ef1c,0.6813361645,if7_legacy_anchor_when_all_sources_strongly_concordant
3gbn_h1:0000975:395cc7df6658,395cc7df66580240bb248bae883fb04242f29b817ded56eab111f8e3350c62e1,0.8688582579,if7_legacy_anchor_when_all_sources_strongly_concordant
3gbn_h1:0000976:0e92526e0b2f,0e92526e0b2f09e10d4bcab875f097602c9621b959c45060bd89a75e01c60f2d,0.6208907763,if7_legacy_anchor_when_all_sources_strongly_concordant
3gbn_h1:0000977:cece18ecda31,cece18ecda317e7e25998460ea3c5cfc06f6b519f22514c9206af6f727dbcc6b,0.5737009446,if7_legacy_anchor_when_all_sources_strongly_concordant
3gbn_h1:0000978:947bee4ae007,947bee4ae007678b22002843f679a71ee5fbadc65dc9ffc4a03ada15b2abed89,0.6051608225,if7_legacy_anchor_when_all_sources_strongly_concordant
3gbn_h1:0000979:ed82c9f704d1,ed82c9f704d1f85f0c76828f24914d931b3020da0271565960e744327957ac00,0.6907034218,if7_legacy_anchor_when_all_sources_strongly_concordant
3gbn_h1:0000980:760cdc8986d9,760cdc8986d9588292985d9a7c28a1f51970288ab6bfa8a7f9d23d74f5e518a0,0.62672321,if7_legacy_anchor_when_all_sources_strongly_concordant
3gbn_h1:0000981:df9cf6766548,df9cf6766548464f36f3ec0843ccbab9a7ccaa26a8704fdf4e9a61541e9d67e4,0.659243544,if7_legacy_anchor_when_all_sources_strongly_concordant
3gbn_h1:0000982:cb76ee72e36f,cb76ee72e36f23bec27055a33cfbd1f6953176b4cf9129385aa0868de561b2bf,0.6094026168,if7_legacy_anchor_when_all_sources_strongly_concordant
3gbn_h1:0000983:6fed0ca09f96,6fed0ca09f96684241bf09013871d50601fc324c3a15dfe75d6e1fbc0498cb95,0.3480028262,if7_legacy_anchor_when_all_sources_strongly_concordant
3gbn_h1:0000984:75ff8cb80dd8,75ff8cb80dd84d9ed1e7c0c72e898a12a587ab71740df021a6d2c9d770e3d4cf,0.5763520648,if7_legacy_anchor_when_all_sources_strongly_concordant
3gbn_h1:0000985:acdb80805d9b,acdb80805d9b81bfb0594fd9f983951e4b1d72f18f730a87661ea6f89f461dbb,0.147401909,if7_legacy_anchor_when_all_sources_strongly_concordant
3gbn_h1:0000986:669739fa47a4,669739fa47a4ef1562d4ebffca4861d563096fa94a609e71a0a2d477ac7eaa7d,0.7944503427,if7_legacy_anchor_when_all_sources_strongly_concordant
3gbn_h1:0000987:ce1e461f617f,ce1e461f617f446edb99458d3d63013b8fc79e33480826fd564cb634dca877a0,0.8320961396,if7_legacy_anchor_when_all_sources_strongly_concordant
3gbn_h1:0000988:cd8b907bc53b,cd8b907bc53b3388ca7b99c46a6ada1b578eda74000aa5feafd98ba45c446b91,0.08784022556,if7_legacy_anchor_when_all_sources_strongly_concordant
3gbn_h1:0000989:8966e0a9819a,8966e0a9819a7e92a4a8fa471073160bcde7b690c66be8fb0893b4db7b8bbd90,0.07935666293,if7_legacy_anchor_when_all_sources_strongly_concordant
3gbn_h1:0000990:1912f7870c5a,1912f7870c5aba709dbdb9e24be745964276fbfa25905e7de9830f8e142628ea,0.8616118829,if7_legacy_anchor_when_all_sources_strongly_concordant
3gbn_h1:0000991:1a428baae1b9,1a428baae1b957341c8dcf6f8fc38089382d2bf72946f8d0d2902e3fcd3f452a,0.9310710629,if7_legacy_anchor_when_all_sources_strongly_concordant
3gbn_h1:0000992:8d0d2d407e79,8d0d2d407e79eba804475e245e4873c4633a2492243520e2163ecffdc974f85a,0.888476491,if7_legacy_anchor_when_all_sources_strongly_concordant
3gbn_h1:0000993:cb226217ffc2,cb226217ffc2ac0d9f4c3d2522feb2216e4ba6c0dbfc0afdf4736df941d8185c,0.7628137072,if7_legacy_anchor_when_all_sources_strongly_concordant
3gbn_h1:0000994:465209705199,4652097051995f7d6535e60fb72f9105736acc4a1821d4744ad50973769bbcc3,0.3605514268,if7_legacy_anchor_when_all_sources_strongly_concordant
3gbn_h1:0000995:5c6041598410,5c6041598410a90b686cb982e1158e41032404481e30e7af4842a418e3ce0bdb,0.245493109,if7_legacy_anchor_when_all_sources_strongly_concordant
3gbn_h1:0000996:7ff51d52fe4f,7ff51d52fe4f5a577ba4fd913ba3f8fcf7ae69d48a16542910549c77a2fac672,0.9130434791,if7_legacy_anchor_when_all_sources_strongly_concordant
3gbn_h1:0000997:c7fa7599c55c,c7fa7599c55c94c75529ffd4f601ef9b481d9257674d29fba32429c0dfcf4096,0.3082361271,if7_legacy_anchor_when_all_sources_strongly_concordant
3gbn_h1:0000998:380f97088894,380f97088894f28650aac579fa4594d9d7610f6750357a8d09d9af74277c51a0,0.411452805,if7_legacy_anchor_when_all_sources_strongly_concordant
3gbn_h1:0000999:f110bebbefc6,f110bebbefc657d5bde2ff1eff79b0d069708f5fcaeb9ecd6f017a5e76abac2e,0.2829621782,if7_legacy_anchor_when_all_sources_strongly_concordant
3gbn_h1:0001000:05cfc1faf6cc,05cfc1faf6cc27d1ff60a6709ffc46557e0ec20f871347c3fdd060340f7acded,0.2444326605,if7_legacy_anchor_when_all_sources_strongly_concordant
3gbn_h1:0001001:a6dad3baa2b3,a6dad3baa2b346f26067d28a5b51a07e1aaad959cd4a2635d4b0d9ffdf25b2ca,0.09314245482,if7_legacy_anchor_when_all_sources_strongly_concordant
3gbn_h1:0001002:742ae9c8c581,742ae9c8c58113cc93586a856d5807e83690907bda876e6d4ada2a4e82e7a932,0.3771650599,if7_legacy_anchor_when_all_sources_strongly_concordant
3gbn_h1:0001003:374e071a2e9f,374e071a2e9f20922e56ea834f0bb9c687209974cffa7c73c5c819daeee44583,0.8421703775,if7_legacy_anchor_when_all_sources_strongly_concordant
3gbn_h1:0001004:fe82e8a1f06d,fe82e8a1f06d9394131217fc8afbb1d38606c02ff533f8cbe6c6bef86e5c0315,0.2932131489,if7_legacy_anchor_when_all_sources_strongly_concordant
3gbn_h1:0001005:27135e9ad23f,27135e9ad23fca7bcce2ca72cfa2602087fa756b6d110921736d403c3a86ed4c,0.9825026393,if7_legacy_anchor_when_all_sources_strongly_concordant
3gbn_h1:0001006:afa952515dda,afa952515dda74c7e78f22e5f80889d0481c206cb2d9afd8a1650ef059db715c,0.075821843,if7_legacy_anchor_when_all_sources_strongly_concordant
3gbn_h1:0001007:0652cede7778,0652cede7778f8f3a94f8fd8ce22a5e84df88d62d8ecec7634d11fbcb9162c05,0.1316719676,if7_legacy_anchor_when_all_sources_strongly_concordant
3gbn_h1:0001008:743725f48947,743725f4894743441042de326e70e6088adf6c89aef879f2e2d63409bde9ded4,0.6572993894,if7_legacy_anchor_when_all_sources_strongly_concordant
3gbn_h1:0001009:81312eb1bed5,81312eb1bed5aa6c330fbdf34583a10d49bdc741feccdd94ba22c9135a2c91a7,0.8782255252,if7_legacy_anchor_when_all_sources_strongly_concordant
3gbn_h1:0001010:14d226191fa6,14d226191fa641680fd09827c90a13b6239f2e4382398105f5760879f194fd7d,0.623365134,if7_legacy_anchor_when_all_sources_strongly_concordant
3gbn_h1:0001011:d9010304060a,d9010304060a030d8cc47ac3333453cf4f6ec616d4b1a33823f54bd483e37375,0.9006716212,if7_legacy_anchor_when_all_sources_strongly_concordant
3gbn_h1:0001012:ab17ed98c239,ab17ed98c239d10b3c706cd9926d9230939e9360949fe6c8a38cce23a013f106,0.6981265545,if7_legacy_anchor_when_all_sources_strongly_concordant
3gbn_h1:0001013:1beda373dc6a,1beda373dc6a2635207a02a13bad60cd990d87b609e221f8c87eac813d5a6ae5,0.5118416349,if7_legacy_anchor_when_all_sources_strongly_concordant
3gbn_h1:0001014:4d605ddf8450,4d605ddf84507ae26d323e1d724bb85fd058247ce6224ce571bfb08c72b44873,0.4328384499,if7_legacy_anchor_when_all_sources_strongly_concordant
3gbn_h1:0001015:f3fc661ac08c,f3fc661ac08cdf42264a4cbee148c892a8d40c1668de83359f75df566fea5032,0.4987628063,if7_legacy_anchor_when_all_sources_strongly_concordant
3gbn_h1:0001016:e60a95a36d32,e60a95a36d328e6b2b3d84f00b85d7ed817b7db29c6c9007d7cf1ccbe1c4f076,0.2737716573,if7_legacy_anchor_when_all_sources_strongly_concordant
3gbn_h1:0001017:6b9eade55b82,6b9eade55b82727c4780926e3cd22e58a06eeaa1ea07aeb86e4e249919be6277,0.781371514,if7_legacy_anchor_when_all_sources_strongly_concordant
3gbn_h1:0001018:b9f633fb6f1c,b9f633fb6f1cdb83b61669fde9641cc1fd0678388c4a006686e1f184182505d0,0.723047018,if7_legacy_anchor_when_all_sources_strongly_concordant
3gbn_h1:0001019:71188f8146b6,71188f8146b6393f4187a88cbf441feb0e219e9369314c945907048c61b22a3e,0.8202545246,if7_legacy_anchor_when_all_sources_strongly_concordant
3gbn_h1:0001020:ff4f2bb3d375,ff4f2bb3d37566bd7df0faae016928291a91b50f2864b172c115fc99e049aa25,0.7357723514,if7_legacy_anchor_when_all_sources_strongly_concordant
3gbn_h1:0001021:c20de46c5428,c20de46c54286ca297375d1d3a3abf14b40bcb354c3a138d6edf65bdd404ddba,0.853128314,if7_legacy_anchor_when_all_sources_strongly_concordant
3gbn_h1:0001022:17656f632ac9,17656f632ac90bb4a4e599de8853e7bfbaa987ed307b88fcbc9abd4781a2d773,0.1903499489,if7_legacy_anchor_when_all_sources_strongly_concordant
3gbn_h1:0001023:d822eb14e57d,d822eb14e57d19dcd6488de5f9ea7640d6567170435668756d3ba55f7c9aff5e,0.7902085582,if7_legacy_anchor_when_all_sources_strongly_concordant
3gbn_h1:0001024:910976d7d251,910976d7d251046e4f2c21a3dba8b38b07e513842508a31da9de0283655c1931,0.1979498069,if7_legacy_anchor_when_all_sources_strongly_concordant
3gbn_h1:0001025:ee0a3edf6b29,ee0a3edf6b295c478c89027b996fa8a32e289f92ec02d8ce03d3746974b762d2,0.3676210642,if7_legacy_anchor_when_all_sources_strongly_concordant
3gbn_h1:0001026:0a97908ab79c,0a97908ab79c233bc87ba29aeef472d9a06aeb92cde48c422f26ab074fad1a5b,0.1988335115,if7_legacy_anchor_when_all_sources_strongly_concordant
3gbn_h1:0001027:720683194bbd,720683194bbd8494625b8b3073bf4a94f61777312879117596ee4521a0a98cba,0.6882290443,if7_legacy_anchor_when_all_sources_strongly_concordant
3gbn_h1:0001028:3fadcdaa11ba,3fadcdaa11ba22028b6e23069e9902f6667a34a8d41f8477b09241a37bf6de35,0.4635913769,if7_legacy_anchor_when_all_sources_strongly_concordant
3gbn_h1:0001029:e401bffd6f81,e401bffd6f81fef851655527759c7a0d37753b73fc76dcd6b653d811d3a7b9ea,0.3533050616,if7_legacy_anchor_when_all_sources_strongly_concordant
3gbn_h1:0001030:62c4a2d4a7ef,62c4a2d4a7ef5647ee183384abdd26446c3495a27756ca554e10ec49a60afd11,0.7028985421,if7_legacy_anchor_when_all_sources_strongly_concordant
3gbn_h1:0001031:e0f94a95d320,e0f94a95d320b0c9cd3853afac907f1afb01037319062e77a9351774ad9ebf09,0.4936373234,if7_legacy_anchor_when_all_sources_strongly_concordant
3gbn_h1:0001032:e2e642df44a5,e2e642df44a5e2d3902d1d4147d6b9d9a5c3af78aa67d98b2fbf54a42b363d3f,0.3062919825,if7_legacy_anchor_when_all_sources_strongly_concordant
3gbn_h1:0001033:fd87b31647a9,fd87b31647a9d23ffc65c63f51a5ecf3db6d08858cc46a9a62c53002c44ab092,0.1276069259,if7_legacy_anchor_when_all_sources_strongly_concordant
3gbn_h1:0001034:3f1889e41469,3f1889e41469b2c2e9c5553b4bd2fef6d5c3d7d251258176e0d0dd175bf21454,0.8967833122,if7_legacy_anchor_when_all_sources_strongly_concordant
3gbn_h1:0001035:08aa18d01956,08aa18d019561778e3c4fc054e3ef9c450b58e79662ecc52b06bedfd88065afc,0.7734181682,if7_legacy_anchor_when_all_sources_strongly_concordant
3gbn_h1:0001036:e52b4ce82187,e52b4ce821877f360762203090a8974054c9a83b6b8e6642cb1c79b4a0061730,0.4759632399,if7_legacy_anchor_when_all_sources_strongly_concordant
3gbn_h1:0001037:681ebe13ad58,681ebe13ad58be7b61cc4fdd97de631b563c8862d772be5fd04c7ad120e9f066,0.8667373657,if7_legacy_anchor_when_all_sources_strongly_concordant
3gbn_h1:0001038:0abd292b0f60,0abd292b0f60dfaa79e252750925f28e9698eaefd0e8c6fadcf7a4ac1fe9fabd,0.8644397259,if7_legacy_anchor_when_all_sources_strongly_concordant
3gbn_h1:0001039:01eeaa5440a1,01eeaa5440a14fbee227d53e3d086e343bb4961c4f6dbdc321d5cba55a2be798,0.3266171813,if7_legacy_anchor_when_all_sources_strongly_concordant
3gbn_h1:0001040:f87ee7084984,f87ee7084984575377363dc6d5101b06584a119ba766fd6f8104ea4fb611f289,0.3882997532,if7_legacy_anchor_when_all_sources_strongly_concordant
3gbn_h1:0001041:96cdf0956da4,96cdf0956da4d114e0a1f3f85ce9f5840a2fc5d79f3a3cddda62af9ac7e2b1e2,0.3586072922,if7_legacy_anchor_when_all_sources_strongly_concordant
3gbn_h1:0001042:384caaa91a22,384caaa91a229449d04e0c0cd2e0416be7cabe7226e24d3582bbfe467e7cc95a,0.5388830006,if7_legacy_anchor_when_all_sources_strongly_concordant
3gbn_h1:0001043:091dad2ed063,091dad2ed063b6ebe25c938c47441305fa972d002013f3240ce06e4a8b39806b,0.529692471,if7_legacy_anchor_when_all_sources_strongly_concordant
3gbn_h1:0001044:ff5930597c91,ff5930597c913cf7bd42eb43c70b81150d60a25500436282ae329d59084a4b0f,0.2170378218,if7_legacy_anchor_when_all_sources_strongly_concordant
3gbn_h1:0001045:b06ee1ba4d3d,b06ee1ba4d3d1f3accbba500e6d43e32a4ab454e6ffab7625f195b50552c5a8e,0.6940615177,if7_legacy_anchor_when_all_sources_strongly_concordant
3gbn_h1:0001046:a691673be391,a691673be39169085117910e0ecd14977da1b4ef888037fbba249e9dadd8e4ac,0.9213502804,if7_legacy_anchor_when_all_sources_strongly_concordant
3gbn_h1:0001047:18325d3ed969,18325d3ed9697fd8d7e02fd0160113984fa1ebbad35c9620b1c4e34734bdc6d4,0.4326617171,if7_legacy_anchor_when_all_sources_strongly_concordant
3gbn_h1:0001048:bca699cdfc6e,bca699cdfc6e3e0207811246db6127cd4af97832394d156be7106b1e173050f1,0.05496641993,if7_legacy_anchor_when_all_sources_strongly_concordant
3gbn_h1:0001049:bda8ee35999e,bda8ee35999e356d3fc5eb139853364d12a988fada19e972694fec2f9872296d,0.6854012012,if7_legacy_anchor_when_all_sources_strongly_concordant
3gbn_h1:0001050:752ef9dc17a7,752ef9dc17a73dd2998d7d8c96b70f251e1d8c7fc14c4b1d1c61124270da0470,0.623365134,if7_legacy_anchor_when_all_sources_strongly_concordant
3gbn_h1:0001051:e6f03695b3c5,e6f03695b3c5f5a764d333331afa35cccbc12ce6113303abc6374952fb28b502,0.3916578293,if7_legacy_anchor_when_all_sources_strongly_concordant
3gbn_h1:0001052:70c6cf9fb039,70c6cf9fb039d027e6dc4dab054eb537ddaf069a6a1f250ea9a823c1a417b72d,0.2470837782,if7_legacy_anchor_when_all_sources_strongly_concordant
3gbn_h1:0001053:5ed6e63cf1e7,5ed6e63cf1e7f4fbd11b4ab17213eebe990992e1933036e30f23b379ad519802,0.2946270754,if7_legacy_anchor_when_all_sources_strongly_concordant
3gbn_h1:0001054:093f252c2a64,093f252c2a6483d87c936dbf966737af3819a655f98208a81bbfd95f6023f3c7,0.1921173583,if7_legacy_anchor_when_all_sources_strongly_concordant
3gbn_h1:0001055:a5a0f1e6e358,a5a0f1e6e358a100005acdd1c74fefdeee571d5baa56fc3b49ddf31bec0c556b,0.3338635514,if7_legacy_anchor_when_all_sources_strongly_concordant
3gbn_h1:0001056:0589a9b862f6,0589a9b862f6c4ec832115d10c9dd8233ac2503c52ad9e39d7619c38c7b8a453,0.04365500187,if7_legacy_anchor_when_all_sources_strongly_concordant
3gbn_h1:0001057:e64be18bf367,e64be18bf3678995ecbb6d6dbcfe41b130e5b00e89d96d149411ae325ef3cd26,0.5189112624,if7_legacy_anchor_when_all_sources_strongly_concordant
3gbn_h1:0001058:8daece75809f,8daece75809f01f499b7f64599c7ed53047767db6a638c84517b68b5c8d22a5e,0.4524567028,if7_legacy_anchor_when_all_sources_strongly_concordant
3gbn_h1:0001059:ae47917e5969,ae47917e5969038ac3bcb5b77f8ac1238384e46a326db1f428c3b33bedd520e3,0.05973842243,if7_legacy_anchor_when_all_sources_strongly_concordant
3gbn_h1:0001060:8bb95f31324e,8bb95f31324ee286f9cd9f9ee5f0887b1613f29070cbc3736370a3ff7bb25372,0.7269353072,if7_legacy_anchor_when_all_sources_strongly_concordant
3gbn_h1:0001061:98727ba2842f,98727ba2842fe1b0aaae896c7f15af543bf1235984efe3e468f9fab16970d836,0.8230823477,if7_legacy_anchor_when_all_sources_strongly_concordant
3gbn_h1:0001062:9f9e3a71f92f,9f9e3a71f92f7a3bc95bc0f384d70bd74fbf4e0012962cabee4941002ca88118,0.585189114,if7_legacy_anchor_when_all_sources_strongly_concordant
3gbn_h1:0001063:289e38921d81,289e38921d81a000688429bcc59747129ede612d6400103df1e130b295ce10ee,0.4941675564,if7_legacy_anchor_when_all_sources_strongly_concordant
3gbn_h1:0001064:a53d0927678e,a53d0927678e83ccb90891d88f059fa8185629a0c2288924f881852f8a250395,0.6309650143,if7_legacy_anchor_when_all_sources_strongly_concordant
3gbn_h1:0001065:e86e3545790a,e86e3545790a55f3ad6b90c7ecdfe81e92423987cc3aac60947d12dc6d8f547f,0.7241074642,if7_legacy_anchor_when_all_sources_strongly_concordant
3gbn_h1:0001066:56e5cb098e98,56e5cb098e984dcc7e71d280e3fc9bb897186a8e22c555f2ac5b56a92933bb9b,0.8515376449,if7_legacy_anchor_when_all_sources_strongly_concordant
3gbn_h1:0001067:8f4a449639ae,8f4a449639aed036707c950d94e2e6f2a95b1dc34aa3433b15b3cb6edb325372,0.1500530218,if7_legacy_anchor_when_all_sources_strongly_concordant
3gbn_h1:0001068:e40997915e71,e40997915e718c969f0946d481aa8b9fe3ad59d149d2dcc5f09d5dfa3910bea2,0.2744786069,if7_legacy_anchor_when_all_sources_strongly_concordant
3gbn_h1:0001069:f04db6e47a9f,f04db6e47a9feb9fdf817cbe49893b533c8825cefd2a4b20914fcc1703a178e3,0.7697949807,if7_legacy_anchor_when_all_sources_strongly_concordant
3gbn_h1:0001070:c3f5b2e19545,c3f5b2e19545e474c5db56e1b09becbf6ae77a63f884d22d53cf03fb87854955,0.649169306,if7_legacy_anchor_when_all_sources_strongly_concordant
3gbn_h1:0001071:9227e0d9f068,9227e0d9f068b3d83cc644bb50b645a512857e1d1d7cf1b1752dfd169528ef9e,0.9800282717,if7_legacy_anchor_when_all_sources_strongly_concordant
3gbn_h1:0001072:7603453e2190,7603453e21906e3f5e08bb62eb2192d158b004a3eb76263a773eea5046781f6b,0.5494874616,if7_legacy_anchor_when_all_sources_strongly_concordant
3gbn_h1:0001073:1191003fe82e,1191003fe82e1adee60492149d4f2c0da87ac75755143bd6a30628132a523498,0.5063626766,if7_legacy_anchor_when_all_sources_strongly_concordant
3gbn_h1:0001074:7cae5f74ebe1,7cae5f74ebe1dbaa77d196e06ad0172e90380bf4f6114415c5843953cb317dbb,0.2622834891,if7_legacy_anchor_when_all_sources_strongly_concordant
3gbn_h1:0001075:e2a63caf1c93,e2a63caf1c93fcfe2769b6a84b6d87362a5cce4f9527c3ff1943144d59811091,0.02456698489,if7_legacy_anchor_when_all_sources_strongly_concordant
3gbn_h1:0001076:3af23112e95f,3af23112e95f4fee77e1f2ae7baea558fbbb9c3cd5fa90043fc2a7a47cac220a,0.3773418193,if7_legacy_anchor_when_all_sources_strongly_concordant
3gbn_h1:0001077:9aa1f20f88e3,9aa1f20f88e34f1b650392cfb209ec396fcbe02df9595dfd70be572344dd48f2,0.8342170318,if7_legacy_anchor_when_all_sources_strongly_concordant
3gbn_h1:0001078:6d3f0f1c0d5c,6d3f0f1c0d5ca7a05fb95b7cb38de59285a3f2a9218a67d19776ca18ef5e2eb0,0.5851891239,if7_legacy_anchor_when_all_sources_strongly_concordant
3gbn_h1:0001079:ededcd9686fd,ededcd9686fd9b3c74e6a10c0050dd66e616cdc3d38e7cafb1c360d909b957e2,0.5440084984,if7_legacy_anchor_when_all_sources_strongly_concordant
3gbn_h1:0001080:8dae9781bd0d,8dae9781bd0de73dafb0f5533a14e80f70cb6f72f40d528ff831d99035d7cc37,0.4556380262,if7_legacy_anchor_when_all_sources_strongly_concordant
3gbn_h1:0001081:ffb24c30604c,ffb24c30604c58d2d4b7474049b5feea97829773e8c1f62662437cb8d9bb2fa1,0.6346765558,if7_legacy_anchor_when_all_sources_strongly_concordant
3gbn_h1:0001082:4f272a35ceec,4f272a35ceec644cf8ea22746b64f35d3ad75f2ffafd3145f7098ad953270bee,0.6249558131,if7_legacy_anchor_when_all_sources_strongly_concordant
3gbn_h1:0001083:6f2232df5719,6f2232df571961aa22a1a052c60ce6abdb67a5f84fc366af20fe8c12f0938ce8,0.4984093408,if7_legacy_anchor_when_all_sources_strongly_concordant
3gbn_h1:0001084:7c197f550cde,7c197f550cdea60afc5a4dac23f16ba2d2ffa30e20fdc39947fca3c54646f791,0.3319194019,if7_legacy_anchor_when_all_sources_strongly_concordant
3gbn_h1:0001085:7369cefb90e7,7369cefb90e7796ae2ad0ed095bd93695bc7f3a5f05dd96b35e048cda5cc75c5,0.04100388785,if7_legacy_anchor_when_all_sources_strongly_concordant
3gbn_h1:0001086:5563e890e1b4,5563e890e1b4b3db6d27fe71b4a3fa255d9c8ccf23d2ee9637b87f1ae28aba55,0.5848356287,if7_legacy_anchor_when_all_sources_strongly_concordant
3gbn_h1:0001087:660fa5f055e1,660fa5f055e1bfe43a072b78f9d81f8beedf49d3751f607f4a6aeaf14691e568,0.5871332685,if7_legacy_anchor_when_all_sources_strongly_concordant
3gbn_h1:0001088:415fd9f8dc6b,415fd9f8dc6bd663f428554e9f661342dce7c74c48a5a98dd7e61695be4e865a,0.3073524237,if7_legacy_anchor_when_all_sources_strongly_concordant
3gbn_h1:0001089:8f5dfbbf73f9,8f5dfbbf73f97a23f1b945d763b232e38ac7deb2ac0e81ce75c8d8ccbbeafa45,0.9802050193,if7_legacy_anchor_when_all_sources_strongly_concordant
3gbn_h1:0001090:4751f9bfe655,4751f9bfe6557d2efdfa21443b871b0b1fe16e733e75103fcb54c58b071b07bb,0.5528455277,if7_legacy_anchor_when_all_sources_strongly_concordant
3gbn_h1:0001091:4817709a87dd,4817709a87dd8943f68411ee53cc26d73f26473b91a2cd7adb272fbfd9d32fed,0.5074231326,if7_legacy_anchor_when_all_sources_strongly_concordant
3gbn_h1:0001092:cde069556a4b,cde069556a4b1d3daae70e29e5aa165e4faf38e4cacd3936368fe93b08c200a3,0.5074231128,if7_legacy_anchor_when_all_sources_strongly_concordant
3gbn_h1:0001093:b07b55f11262,b07b55f11262545084b92691ee574808c634224e99516f7df09ebe3c2ab37cef,0.1755037171,if7_legacy_anchor_when_all_sources_strongly_concordant
3gbn_h1:0001094:ef27eb7fb06e,ef27eb7fb06e58f6154e323eb7c955ef218fdb84108b0c495ab84d0239893390,0.3264404386,if7_legacy_anchor_when_all_sources_strongly_concordant
3gbn_h1:0001095:ebfd537d17e3,ebfd537d17e3a14f6e6bd0018e5ed1acc1fee8a04b0dc2ea4a64767c3afe0972,0.4602333108,if7_legacy_anchor_when_all_sources_strongly_concordant
3gbn_h1:0001096:7f7dc4849b74,7f7dc4849b74b8887dd4fd03834642e740b6ceadc99e2964735320774519e5cf,0.4217037856,if7_legacy_anchor_when_all_sources_strongly_concordant
3gbn_h1:0001097:4bc09e3e9d8b,4bc09e3e9d8be32f8b341ffaf11ff5594aaa1a29d4c0c620cd44d3ecf2ac47c3,0.4878048897,if7_legacy_anchor_when_all_sources_strongly_concordant
3gbn_h1:0001098:f8c724a65df4,f8c724a65df40c5d9b72cb45905c0493578e378d4be4abbaeff2ff4f69a7f313,0.8078826467,if7_legacy_anchor_when_all_sources_strongly_concordant
3gbn_h1:0001099:edfa5544c9b9,edfa5544c9b953d529f7421d7f246578199c918213a505846337d8e19b1317bf,0.5521385769,if7_legacy_anchor_when_all_sources_strongly_concordant
3gbn_h1:0001100:290cc807b73a,290cc807b73aa8ad8e8593ec072065445f304065c660c3068cbb148117239429,0.722516795,if7_legacy_anchor_when_all_sources_strongly_concordant
3gbn_h1:0001101:91edb2dc538c,91edb2dc538cb55189828d5017cf050ad56258a5238aab65430384fe9c0b25ac,0.7490279476,if7_legacy_anchor_when_all_sources_strongly_concordant
3gbn_h1:0001102:04cf2370b43e,04cf2370b43e70b8d3c8a25baf5fe5649ad37726539e09498e346938cf512e7e,0.1330858966,if7_legacy_anchor_when_all_sources_strongly_concordant
3gbn_h1:0001103:b481fba4cf8f,b481fba4cf8fd1379b0bf55af4cd824906e7d8e76a38ef42c6d1b3a81422ec36,0.8227288922,if7_legacy_anchor_when_all_sources_strongly_concordant
3gbn_h1:0001104:22e4d2c69e08,22e4d2c69e0899e4d5c8d5f3bac04dc3dd66fd266199e26fbf5dd2b64b3e8a01,0.3690349907,if7_legacy_anchor_when_all_sources_strongly_concordant
3gbn_h1:0001105:1705e9fe9334,1705e9fe9334309803686fcecb14605f1df75f978e0ec178279f6cd732f415ca,0.9400848349,if7_legacy_anchor_when_all_sources_strongly_concordant
3gbn_h1:0001106:0907b10f965a,0907b10f965aad1b6dd3264dc049323a7e0bff9b02488324dc7434f3e23c15ed,0.4780841271,if7_legacy_anchor_when_all_sources_strongly_concordant
3gbn_h1:0001107:de7e99eea3e8,de7e99eea3e8087ae2a3be07a5437579c7060c26642d7a6032a62208e08de816,0.7131495476,if7_legacy_anchor_when_all_sources_strongly_concordant
3gbn_h1:0001108:2f9c9efca5b8,2f9c9efca5b8df9b9374d1c58c7973b45cce181cf9528ee5e8dd0f354afb6a9d,0.1223047028,if7_legacy_anchor_when_all_sources_strongly_concordant
3gbn_h1:0001109:7c225e0ca7ca,7c225e0ca7ca948443e107a59d81379a4f0a63021af5aa2459fa39c7f1e0fae0,0.2474372586,if7_legacy_anchor_when_all_sources_strongly_concordant
3gbn_h1:0001110:51eb91f4ad1e,51eb91f4ad1ebfbe624a5abc92194ae22ecd06c21fad4b3a94db3197796ee500,0.6557087302,if7_legacy_anchor_when_all_sources_strongly_concordant
3gbn_h1:0001111:c24e3974ada3,c24e3974ada366d3f16f70be77e2a20eedbaecc111c75b74183f4859aee71199,0.4351360848,if7_legacy_anchor_when_all_sources_strongly_concordant
3gbn_h1:0001112:5a0762825809,5a076282580924284aaf3700a6bdad63555f12030080768079a2f53ce28bc0b2,0.6316719701,if7_legacy_anchor_when_all_sources_strongly_concordant
3gbn_h1:0001113:ac24c7fac373,ac24c7fac373c6d99e3b436ec593b178732c1d6ff0b0baf074144a4e1504e7cf,0.6846942256,if7_legacy_anchor_when_all_sources_strongly_concordant
3gbn_h1:0001114:184dc5840226,184dc5840226bfc652cce9bcc157ebcdc9810adf22b38b9de371f3d2d16f0320,0.3052315315,if7_legacy_anchor_when_all_sources_strongly_concordant
3gbn_h1:0001115:ba24f799d263,ba24f799d2637355b0c41b2e7104f1fa1a9e434fdbcaf64de7a342df8d2cd72a,0.6505832473,if7_legacy_anchor_when_all_sources_strongly_concordant
3gbn_h1:0001116:b0a8b8cf355b,b0a8b8cf355b45ca77ea5283a2563300c3ad40d9d5af00ab86279b73e2a3fc8a,0.6272534529,if7_legacy_anchor_when_all_sources_strongly_concordant
3gbn_h1:0001117:fa6ea6200ce1,fa6ea6200ce14d9d29f0a854fee3cb38a36ad8299338493d6fcdd5c5606e15c8,0.2902085558,if7_legacy_anchor_when_all_sources_strongly_concordant
3gbn_h1:0001118:3e785aa025e0,3e785aa025e0a5927b6092fe28b0d46b7cc11888742c3a1e3b7d267e215518c5,0.5457759003,if7_legacy_anchor_when_all_sources_strongly_concordant
3gbn_h1:0001119:4eb3af9ae85b,4eb3af9ae85be8469447640b384dab653771f495d9714b487870e7f6f963ba04,0.3983739813,if7_legacy_anchor_when_all_sources_strongly_concordant
3gbn_h1:0001120:829f159f2ec0,829f159f2ec0aa690a060346c427863f675a72e5f81c429a8fb147c25c406e6e,0.2129727801,if7_legacy_anchor_when_all_sources_strongly_concordant
3gbn_h1:0001121:39c6889625ec,39c6889625ec37078eba157a45669bdc92ef7cf245014a0d230cdb5417377a17,0.5731707314,if7_legacy_anchor_when_all_sources_strongly_concordant
3gbn_h1:0001122:2ae5d3578f04,2ae5d3578f04cd719bde1db4c10591957585b2f48a2052b38baf06bd7f66b51b,0.7697066069,if7_legacy_anchor_when_all_sources_strongly_concordant
3gbn_h1:0001123:41aedad1d324,41aedad1d3248069f1638ab37e457f0cc8fdc011bfd7d361eb8b84069e23ce70,0.7235772411,if7_legacy_anchor_when_all_sources_strongly_concordant
3gbn_h1:0001124:06a7b6d55a8b,06a7b6d55a8b7350a1b2e7d3ca61bbd48b8bdefde735a6bd3cc6f5cd5baffeac,0.5390597483,if7_legacy_anchor_when_all_sources_strongly_concordant
3gbn_h1:0001125:db004f2bfe6d,db004f2bfe6d1ce653aeedcbe0d50f696749e3bdb0f20684211597de4b7d4474,0.686638395,if7_legacy_anchor_when_all_sources_strongly_concordant
3gbn_h1:0001126:a886fd8c2cc3,a886fd8c2cc382e6b0b7e19f91e71908f2248409951cff365a8b3026fd046d87,0.4872746666,if7_legacy_anchor_when_all_sources_strongly_concordant
3gbn_h1:0001127:6a88e21ea997,6a88e21ea997c16ad1d50bed2d70ed55500a0386e9f1d61de27a81d1fd050618,0.7727112174,if7_legacy_anchor_when_all_sources_strongly_concordant
3gbn_h1:0001128:b87da04b68c9,b87da04b68c9bee122626060d3c98e9e7c53fb87e32de34d577472c2522a90fa,0.4833863526,if7_legacy_anchor_when_all_sources_strongly_concordant
3gbn_h1:0001129:91e6876ca05d,91e6876ca05df7d61d05ebb596337e3ddd8171021c4146cd38bed86bdbd7b4dc,0.3762813657,if7_legacy_anchor_when_all_sources_strongly_concordant
3gbn_h1:0001130:53d7a80c09a5,53d7a80c09a56be54ca6599bf4a344fcf65524d907c3123ef56de18575602d35,0.1253092959,if7_legacy_anchor_when_all_sources_strongly_concordant
3gbn_h1:0001131:cf7ebb1d3471,cf7ebb1d34715cc9d6b946d4b9c2d3ac08f303973631d17bdf209da52d19a23f,0.1136443951,if7_legacy_anchor_when_all_sources_strongly_concordant
3gbn_h1:0001132:e5bc50947c08,e5bc50947c08176bf98be036d6b62d7831374288ff1cebbab4d80d5d81a58f16,0.1466949446,if7_legacy_anchor_when_all_sources_strongly_concordant
3gbn_h1:0001133:b9ff86ef036c,b9ff86ef036c8d2b8debc8035bef9b7a16f66712ffc5f76023fe54c30fd932ca,0.01184164007,if7_legacy_anchor_when_all_sources_strongly_concordant
3gbn_h1:0001134:bdff30b55575,bdff30b555754e6406ad3798eaaf6149169803d93c2177658938586c534634f3,0.5747613907,if7_legacy_anchor_when_all_sources_strongly_concordant
3gbn_h1:0001135:a2c860ebc4c4,a2c860ebc4c4f5877d6eb10ecd1847cfce40574e55eb5aa343468f6a6158c919,0.5436550081,if7_legacy_anchor_when_all_sources_strongly_concordant
3gbn_h1:0001136:69eeaecbd700,69eeaecbd700945936b47278b564ba32693ef74f4d6a08df90af8386ac75782d,0.01360904922,if7_legacy_anchor_when_all_sources_strongly_concordant
3gbn_h1:0001137:aa8a24ee689e,aa8a24ee689e61f3209ede3fac97cae7d007d88850c6a80c448a1185ef262143,0.7534464399,if7_legacy_anchor_when_all_sources_strongly_concordant
3gbn_h1:0001138:96fc975266f3,96fc975266f35085deb953d1f3139ffbfebd54276b7f9eef0c72aa2f2b048a91,0.7504418492,if7_legacy_anchor_when_all_sources_strongly_concordant
3gbn_h1:0001139:a67ef7e4cd2a,a67ef7e4cd2ac4f46cbd0381fb68c4efeb2e8b3ece55aebf75e5cd9be353661d,0.3445563813,if7_legacy_anchor_when_all_sources_strongly_concordant
3gbn_h1:0001140:8515b407334f,8515b407334f26db0b02c680fee78e751c14d3f2a89527b3c858629a9da5fc88,0.6173559626,if7_legacy_anchor_when_all_sources_strongly_concordant
3gbn_h1:0001141:4ca417fb6176,4ca417fb6176ff83bd546b32fd99460eda0475663dcf379a7f64f20a321acc2b,0.4436196585,if7_legacy_anchor_when_all_sources_strongly_concordant
3gbn_h1:0001142:57e97cbacfe4,57e97cbacfe45326e7397dde2484ef03d829532f0bc24f804ee51555130df06d,0.3386355589,if7_legacy_anchor_when_all_sources_strongly_concordant
3gbn_h1:0001143:7db3335b4f98,7db3335b4f98f3296826cfb0bf7aec64c137fb1d6743be14a37ba7bf66a2a00e,0.07582184486,if7_legacy_anchor_when_all_sources_strongly_concordant
3gbn_h1:0001144:a561fcbd0020,a561fcbd0020e87a8000e3075a4f138bafce2ecccb7ba96d5ed66662f67e89bd,0.3098267987,if7_legacy_anchor_when_all_sources_strongly_concordant
3gbn_h1:0001145:6d570b0c8c48,6d570b0c8c48a3932132c108b53da18e5275a11685cb00e727e72797259784df,0.8729232947,if7_legacy_anchor_when_all_sources_strongly_concordant
3gbn_h1:0001146:290b583948ba,290b583948ba478c499b62b4d1ef7f2b59970606dafce49e57848614d622e323,0.6544715563,if7_legacy_anchor_when_all_sources_strongly_concordant
3gbn_h1:0001147:7b0110cd9693,7b0110cd96939552a40149be13d9439c221acc396a8de5395faef0ae31385bfb,0.2573347489,if7_legacy_anchor_when_all_sources_strongly_concordant
3gbn_h1:0001148:df09ca4a294a,df09ca4a294a5a73444b1e2889f1d1686598597fb5f965ee30995ffc0de4284d,0.9886885881,if7_legacy_anchor_when_all_sources_strongly_concordant
3gbn_h1:0001149:4b375f5803e8,4b375f5803e8302ceca2190df1ef157a65dc48e13357e33b262d66df0aecefb3,0.1758571956,if7_legacy_anchor_when_all_sources_strongly_concordant
3gbn_h1:0001150:d3e2d88933e1,d3e2d88933e14682981ebd06e6fc0e7c54a72b32791fc5d5f43ac54665cc9365,0.617179205,if7_legacy_anchor_when_all_sources_strongly_concordant
3gbn_h1:0001151:b493721efe8e,b493721efe8edb921f14872d3450225c944d81803ebb151d7c2bc816a0161ee1,0.7311770916,if7_legacy_anchor_when_all_sources_strongly_concordant
3gbn_h1:0001152:c6325b9493d0,c6325b9493d0d8004389d59823c55ac5650d5d405280633376bb39b1f76f1d00,0.1086956499,if7_legacy_anchor_when_all_sources_strongly_concordant
3gbn_h1:0001153:981727c4e6ba,981727c4e6ba4b9f46cbdc2c00e5a9f4462b8577eb29bde5e4007af42ced6bd8,0.06203605513,if7_legacy_anchor_when_all_sources_strongly_concordant
3gbn_h1:0001154:9fa5aae3bbd9,9fa5aae3bbd95d39265f6e25d42fe60764c9e985d8de0173e89d8592a3bac199,0.2341816872,if7_legacy_anchor_when_all_sources_strongly_concordant
3gbn_h1:0001155:f2e5da7a9ae3,f2e5da7a9ae346dcc7c5e5c521d9d2ee1e117dce6fc104604e1e8d1c92175e20,0.1463414592,if7_legacy_anchor_when_all_sources_strongly_concordant
3gbn_h1:0001156:0df17c58d2fe,0df17c58d2fe5254a3a09f2bd7d6f9d6e195bae9e465c3e1f925011e0654ea6d,0.6694945296,if7_legacy_anchor_when_all_sources_strongly_concordant
3gbn_h1:0001157:bb8e007c4e14,bb8e007c4e14565652ce8144d268b05f05489871f4119ad650d3ddf948f1103c,0.6010957758,if7_legacy_anchor_when_all_sources_strongly_concordant
3gbn_h1:0001158:1e8ff6db6c96,1e8ff6db6c96d10faccb280ffe7b60cd665f5ead8ab07e924e08c52a7879f183,0.4183457096,if7_legacy_anchor_when_all_sources_strongly_concordant
3gbn_h1:0001159:91d995414767,91d995414767d2d54aa7ffa0c414d9355591085b3dde4f2f251467ba05375828,0.4080947389,if7_legacy_anchor_when_all_sources_strongly_concordant
3gbn_h1:0001160:cd816bba5d7a,cd816bba5d7abfe10efc849bf1a9a7f0493017d0ede30eddf6238314ebd83d76,0.8670908411,if7_legacy_anchor_when_all_sources_strongly_concordant
3gbn_h1:0001161:4bb401dd51b5,4bb401dd51b51e476071ad109c5b10cc4cd07c184a886ea51dc9131fec4ce6f3,0.4468009869,if7_legacy_anchor_when_all_sources_strongly_concordant
3gbn_h1:0001162:829fd3fc23a5,829fd3fc23a5364d9ee49b8ec422f39eca7b527a02bcc8cd91a9e857466a5cb9,0.8980205059,if7_legacy_anchor_when_all_sources_strongly_concordant
3gbn_h1:0001163:d6fd8fb7edff,d6fd8fb7edff12afa43839207aec0a230302271b7cb20bd1cc677c4779062ad2,0.7256981134,if7_legacy_anchor_when_all_sources_strongly_concordant
3gbn_h1:0001164:fb2b6673ab31,fb2b6673ab31ab3fa76a232e65aaf6d1b24a8fcd22f51e967be27e321c80d2ec,0.4013785819,if7_legacy_anchor_when_all_sources_strongly_concordant
3gbn_h1:0001165:ee2ab0f16e0b,ee2ab0f16e0bbba21e2cda43f86426d2870b2d1d6660db28b811439aab73d275,0.4176387489,if7_legacy_anchor_when_all_sources_strongly_concordant
3gbn_h1:0001166:d7570f6c6283,d7570f6c628346eb365c69aedff5a3643cf82635c7640b18507e80b84d231dd9,0.4307175775,if7_legacy_anchor_when_all_sources_strongly_concordant
3gbn_h1:0001167:d4a63b52993c,d4a63b52993ca5af045b8e0d47765fe0925507e43f25fc9f4d8bd993d3914da4,0.08660303927,if7_legacy_anchor_when_all_sources_strongly_concordant
3gbn_h1:0001168:bd4fe658dddf,bd4fe658dddff3c2f6ff25067b6bffc7387432a9324b1522316aee51f6f79b03,0.5199717085,if7_legacy_anchor_when_all_sources_strongly_concordant
3gbn_h1:0001169:069ebd14ed74,069ebd14ed74187eb9b5294a10f96efbb7d70c5b6083e530e42a24fc49892c0b,0.821138223,if7_legacy_anchor_when_all_sources_strongly_concordant
3gbn_h1:0001170:cac0422cc356,cac0422cc35644a4ad267764509395ac41e84040efc5c1091bbdaf54669aea99,0.6237186293,if7_legacy_anchor_when_all_sources_strongly_concordant
3gbn_h1:0001171:3b6c828a0c3d,3b6c828a0c3d6bf3de5c8a0c733527ee29d158d25f13c87b0db178b7bb43b78d,0.571226577,if7_legacy_anchor_when_all_sources_strongly_concordant
3gbn_h1:0001172:80c31bed0d7f,80c31bed0d7f14eb82a36813f5b11af28f5c01adf0a03b07a54aaf53535f8727,0.6560622156,if7_legacy_anchor_when_all_sources_strongly_concordant
3gbn_h1:0001173:7a027d07cf23,7a027d07cf230d94ec52f5e544fa15db2f803d3fe283a0ce2eee32fdbc7d5617,0.3511841595,if7_legacy_anchor_when_all_sources_strongly_concordant
3gbn_h1:0001174:b0159d35a95a,b0159d35a95a7c47519b1dc598179fbcf552bd3e492559f8d52422c2d839754f,0.4261222978,if7_legacy_anchor_when_all_sources_strongly_concordant
3gbn_h1:0001175:cd9881310999,cd9881310999b6996728012ac1e3060e76839f1ad601d9a36ddd1f99aac03006,0.9236479402,if7_legacy_anchor_when_all_sources_strongly_concordant
3gbn_h1:0001176:4b7a1ef60d72,4b7a1ef60d724f2ab6a4bac1360a58850d65cc9a7b7d884bfc7083d94380aee8,0.5782962143,if7_legacy_anchor_when_all_sources_strongly_concordant
3gbn_h1:0001177:ca5efec45445,ca5efec45445a77383efd61c44bf9b0f6f7d2452289c40215b9756b0af5002dd,0.691763858,if7_legacy_anchor_when_all_sources_strongly_concordant
3gbn_h1:0001178:2525a3b674c5,2525a3b674c5efedced1dc0407892dbf55b58000d38d83f2cd28b860ee4c0a43,0.2401908835,if7_legacy_anchor_when_all_sources_strongly_concordant
3gbn_h1:0001179:e8fea2dd03e7,e8fea2dd03e7bbb2872253f48b326a303d56ea5af3332a0ef3f85e91a92b6d38,0.6553552449,if7_legacy_anchor_when_all_sources_strongly_concordant
3gbn_h1:0001180:67ce0333d7d2,67ce0333d7d27101b688633851ae12989dc0d75fe792aaac4c3bf334fc3e91a3,0.7359490991,if7_legacy_anchor_when_all_sources_strongly_concordant
3gbn_h1:0001181:d6c27255830f,d6c27255830fc290d8a23977826064ff4720f484845fbc081648c4fe97404f10,0.7386001945,if7_legacy_anchor_when_all_sources_strongly_concordant
3gbn_h1:0001182:312c0a0094eb,312c0a0094ebb686ec92129994442ff90b223a3d215c3293af920ace0544cb30,0.8759278854,if7_legacy_anchor_when_all_sources_strongly_concordant
3gbn_h1:0001183:0ffcfe7c76fb,0ffcfe7c76fb569507197eeab9463907a47cc98589f490465bf470a6e139954e,0.1300812997,if7_legacy_anchor_when_all_sources_strongly_concordant
3gbn_h1:0001184:5309349b7d68,5309349b7d686116bbe55675059b900fb99a54b5bdaa53a7c09771dc754156d3,0.8757511377,if7_legacy_anchor_when_all_sources_strongly_concordant
3gbn_h1:0001185:4bcb7c204364,4bcb7c2043648f37ca3995a11d98428eea98110683132dbcaa5316d964b6fe60,0.3518911277,if7_legacy_anchor_when_all_sources_strongly_concordant
3gbn_h1:0001186:783a8d3ff8d5,783a8d3ff8d5a3f280a6c34a489782940384c42e33b57b0867bfe66c24d36293,0.507246385,if7_legacy_anchor_when_all_sources_strongly_concordant
3gbn_h1:0001187:7dccf9f8fb5d,7dccf9f8fb5dc8cefd7e9784e62d0ec5b7798cc586c417f8c59409b42477ec88,0.8213149508,if7_legacy_anchor_when_all_sources_strongly_concordant
3gbn_h1:0001188:cfda2d4c94c4,cfda2d4c94c45892918dad9e613787e793a4caf292a83645e6ecb1cc52fee750,0.0452456704,if7_legacy_anchor_when_all_sources_strongly_concordant
3gbn_h1:0001189:4bce6a93f417,4bce6a93f41763308652cd996d05aaf8cd62fc136956c5540717fa7b235f83b7,0.6458112498,if7_legacy_anchor_when_all_sources_strongly_concordant
3gbn_h1:0001190:6a999346fcd2,6a999346fcd241d9e9a38fa8fac03fe98a8f5ab557281146acc491289a6251d5,0.568398714,if7_legacy_anchor_when_all_sources_strongly_concordant
3gbn_h1:0001191:5621ff4fd0d3,5621ff4fd0d3c8a7ec962b3cf77a32c1bb2fe32747fb89c6eaa49033048eb722,0.453517139,if7_legacy_anchor_when_all_sources_strongly_concordant
3gbn_h1:0001192:2401333150c8,2401333150c800a1102de25b966959ea882e874b18c4faf9ad44a54612240b23,0.4133969645,if7_legacy_anchor_when_all_sources_strongly_concordant
3gbn_h1:0001193:9c24b4f18e39,9c24b4f18e39c97c9dd8fad736acc057e178fff5f3dbcd68bf2b62cda0b4d64d,0.3771650791,if7_legacy_anchor_when_all_sources_strongly_concordant
3gbn_h1:0001194:fa26ff350d85,fa26ff350d85bfdaf91c2c28cdece6d81ed94fc894310f87ec55a91cd0c20b49,0.2433722118,if7_legacy_anchor_when_all_sources_strongly_concordant
3gbn_h1:0001195:f456cd12fec6,f456cd12fec63469ec7f1cccab76bbec1465043b314d909bd04126db03ed2f01,0.8313891888,if7_legacy_anchor_when_all_sources_strongly_concordant
3gbn_h1:0001196:9705ed0a5e50,9705ed0a5e502cf962f21218742c760a96fc16a65a2daa3c8f719319efef8cd8,0.3126546542,if7_legacy_anchor_when_all_sources_strongly_concordant
3gbn_h1:0001197:8c392443b34e,8c392443b34e5c84ab386bdfaea9161b817acb7a3030ff70dad5f4b6b9747321,0.4247083664,if7_legacy_anchor_when_all_sources_strongly_concordant
3gbn_h1:0001198:976f2afa0f60,976f2afa0f60e1bb0eaccae9aed3ae00e7d23def119229c8adf594d872cdf261,0.2622834941,if7_legacy_anchor_when_all_sources_strongly_concordant
3gbn_h1:0001199:1bec34b857e2,1bec34b857e2b5e59ec67342a6816cdcce629472846ba0e17627331c3bc9e98d,0.4144574106,if7_legacy_anchor_when_all_sources_strongly_concordant
3gbn_h1:0001200:1eb2c9ff9f0e,1eb2c9ff9f0e9d1c11eaec72f41b639df0f16bb58447620eeb2748bbad0cb348,0.9255920847,if7_legacy_anchor_when_all_sources_strongly_concordant
3gbn_h1:0001201:f082be721416,f082be721416a9ce8a347080ec3401830f348e0c5ef7ecee0a256f900d6f1ef9,0.3702721844,if7_legacy_anchor_when_all_sources_strongly_concordant
3gbn_h1:0001202:37db9848268b,37db9848268b305ecce97b2c59c64708847d2785735cf3e882c76b8ae33c5e2d,0.03517143832,if7_legacy_anchor_when_all_sources_strongly_concordant
3gbn_h1:0001203:fcdc4887b2ab,fcdc4887b2ab0a4eb0fbd0f0270c78b6cb4107e0a646f9dbcafb5ef55a2fe88c,0.4059738318,if7_legacy_anchor_when_all_sources_strongly_concordant
3gbn_h1:0001204:f139c16c4455,f139c16c4455d5c37fe0040aed8eb9f6b0dc8e4c8bf2e2c85a1c95b9cb650435,0.5715800623,if7_legacy_anchor_when_all_sources_strongly_concordant
3gbn_h1:0001205:da3ec55d8612,da3ec55d861234162b531c5013580a0d1564ada4b2fcf9794bf7acaf9c6eb6d0,0.1581831016,if7_legacy_anchor_when_all_sources_strongly_concordant
3gbn_h1:0001206:43c07b07f02d,43c07b07f02d4d9a8f125b9531d90a81e8a655dd5978b9cb8dcd26e1c57c37f1,0.08271474329,if7_legacy_anchor_when_all_sources_strongly_concordant
3gbn_h1:0001207:be5a628b1cf5,be5a628b1cf5be642cfa6bd2bde7acd335e4bcba026553e4a6aa4efaa943ce69,0.4061505844,if7_legacy_anchor_when_all_sources_strongly_concordant
3gbn_h1:0001208:36b1842b8891,36b1842b88916d020db6846241d6cfb213029af968495d30f7bb504aff45ed20,0.4089784374,if7_legacy_anchor_when_all_sources_strongly_concordant
3gbn_h1:0001209:17accf133322,17accf13332201f4405d5eaf7be0445559288efae581cfc8b1a519653fded8cd,0.9872746666,if7_legacy_anchor_when_all_sources_strongly_concordant
3gbn_h1:0001210:9b2dfa0c4694,9b2dfa0c46944785b29d96c4a1cd440a40391df266f22c57cd36d2febebfa222,0.9006716013,if7_legacy_anchor_when_all_sources_strongly_concordant
3gbn_h1:0001211:fc95b5b61238,fc95b5b61238e22797769b5fbf3fc6ad62626d1e50b3d40d33f8aad91d609238,0.4125132561,if7_legacy_anchor_when_all_sources_strongly_concordant
3gbn_h1:0001212:792b59992822,792b59992822222ed1ca88d15b1d9623b9a9456e8ba907e47a06db60ab9f4dae,0.4422057221,if7_legacy_anchor_when_all_sources_strongly_concordant
3gbn_h1:0001213:c548a0da1aba,c548a0da1aba914a2c38e7f57170d56c568ca1d1d9c63ec13b68c55d60b94243,0.3757511477,if7_legacy_anchor_when_all_sources_strongly_concordant
3gbn_h1:0001214:dd639748926c,dd639748926cb41c61257a87f1955d416a6a405b55d7443c12202e9a05673446,0.5904913346,if7_legacy_anchor_when_all_sources_strongly_concordant
3gbn_h1:0001215:1aac17073f72,1aac17073f7266119ec40165a9379e451162492fb82c3de211c1cfa436903505,0.5208554318,if7_legacy_anchor_when_all_sources_strongly_concordant
3gbn_h1:0001216:d4713f749d8e,d4713f749d8e890b87649ffd67ca18c876759db5e7075980a96bc023e46ab05b,0.09314245164,if7_legacy_anchor_when_all_sources_strongly_concordant
3gbn_h1:0001217:a95a5479cb54,a95a5479cb54bc95cd40c877bdc041c379300212055710fe57c16f0c27d45211,0.4022622854,if7_legacy_anchor_when_all_sources_strongly_concordant
3gbn_h1:0001218:50f010f5dcd4,50f010f5dcd48188a4ea71b56b29f24a56263f0eea97038c5ea8fde53e7802e8,0.4881583502,if7_legacy_anchor_when_all_sources_strongly_concordant
3gbn_h1:0001219:ba6375c9b486,ba6375c9b4869f81e7cb5ce6a4c394ab61ebb25a7665a1126978a3c506f3693e,0.8757511378,if7_legacy_anchor_when_all_sources_strongly_concordant
3gbn_h1:0001220:8ec81c115474,8ec81c1154743a6e6761556ff6b250a8d00e99974f5d9f43bdbf01b40ea710f6,0.1046306093,if7_legacy_anchor_when_all_sources_strongly_concordant
3gbn_h1:0001221:64cdb5dcfdcb,64cdb5dcfdcba64ee690e3c01fd54c2d0ce5a1acea6704377a80a1a0e5b6506b,0.8214916984,if7_legacy_anchor_when_all_sources_strongly_concordant
3gbn_h1:0001222:ec1a50282276,ec1a50282276b3c604a18f6694c265b907922fcfdf0ce2d3754def6c5b300f42,0.9657122691,if7_legacy_anchor_when_all_sources_strongly_concordant
3gbn_h1:0001223:15f27011f304,15f27011f3046915e4df2004a3f6a124541a72af311bbb6de070f1406bce0592,0.8073524237,if7_legacy_anchor_when_all_sources_strongly_concordant
3gbn_h1:0001224:5f7f83be5b2a,5f7f83be5b2a56badcc2761f356950df4eb739276d0e92510529fedeaa29642c,0.7313538392,if7_legacy_anchor_when_all_sources_strongly_concordant
3gbn_h1:0001225:2a8fe3481d53,2a8fe3481d53d7501dc30695e821491fafa8fe9bd2e1ce8f49b6ac397fe149b1,0.8147755265,if7_legacy_anchor_when_all_sources_strongly_concordant
3gbn_h1:0001226:626a9e11a2df,626a9e11a2df094c32bab0d918050375e43d2ad6b9b5c70b36742d79aa64fc0a,0.7193354368,if7_legacy_anchor_when_all_sources_strongly_concordant
3gbn_h1:0001227:4dfa315462b1,4dfa315462b1db10d7e72de78e6c5de341c178d2689fd6d658d286e9978bc2c1,0.1170024723,if7_legacy_anchor_when_all_sources_strongly_concordant
3gbn_h1:0001228:862dc8d8ea62,862dc8d8ea62f0de6e1441905042341ba7650449a39c2adb0429648f2eba2b89,0.54789679,if7_legacy_anchor_when_all_sources_strongly_concordant
3gbn_h1:0001229:05b9fa9f97cb,05b9fa9f97cbc533a4f89a30eca579a1d851c055efa342e411d9eeaad5c71e78,0.1111700237,if7_legacy_anchor_when_all_sources_strongly_concordant
3gbn_h1:0001230:bea688ab0743,bea688ab07434bd46e36c9c0b6ab0ba9557f0d1511e788bca20074ad2590644f,0.3018734505,if7_legacy_anchor_when_all_sources_strongly_concordant
3gbn_h1:0001231:bd85966d2508,bd85966d25083dcf2e674d36bc0630c146b470eb978b74615613cc2acbac4a79,0.7847296,if7_legacy_anchor_when_all_sources_strongly_concordant
3gbn_h1:0001232:41caf17cfb1c,41caf17cfb1c5e35752faae23e668483968e84c0a8c8847c20d2cac724d8a10e,0.6977730592,if7_legacy_anchor_when_all_sources_strongly_concordant
3gbn_h1:0001233:0ec5813d05b8,0ec5813d05b83b7651559e39ebc96201f24907480e4aef40aa589b248126d276,0.2211028592,if7_legacy_anchor_when_all_sources_strongly_concordant
3gbn_h1:0001234:80e19e26dc69,80e19e26dc69755dadc497b9fa2bd3ba16387837a15d2870e363399e743247ee,0.6702014804,if7_legacy_anchor_when_all_sources_strongly_concordant
3gbn_h1:0001235:eb9be95578b3,eb9be95578b34983441ebabb086c7fcbc84ef83d63b7f2fbc6adf2ac1f2d87aa,0.3034641196,if7_legacy_anchor_when_all_sources_strongly_concordant
3gbn_h1:0001236:bc00a41580a6,bc00a41580a689eb25a0d5a0b266018b09ecb33c7689d30effd22c62ebd7a17a,0.4696005682,if7_legacy_anchor_when_all_sources_strongly_concordant
3gbn_h1:0001237:4313e91f273c,4313e91f273c44d504e13891bdc280bc9547012c6a836459a55dfe93076e10a4,0.5054789881,if7_legacy_anchor_when_all_sources_strongly_concordant
3gbn_h1:0001238:ebed75f6bfff,ebed75f6bfffe07753ce4f2279cb20c0b14b9f475ca2ba0f8ba136d3165bd2f5,0.1917638741,if7_legacy_anchor_when_all_sources_strongly_concordant
3gbn_h1:0001239:29d362e8aa56,29d362e8aa56a2b06596dce3d22a5acb66d9bbc54ff706bec02e7742fa7253ae,0.7463768125,if7_legacy_anchor_when_all_sources_strongly_concordant
3gbn_h1:0001240:5a4f06a6ea53,5a4f06a6ea538edf6d885ce95e973c8d89b831d2cb061d552507778c248e5883,0.3913043539,if7_legacy_anchor_when_all_sources_strongly_concordant
3gbn_h1:0001241:475f32b8762d,475f32b8762de295c562f4c839a673271182f54f40d01dbdc0020c9633358b0f,0.9460940162,if7_legacy_anchor_when_all_sources_strongly_concordant
3gbn_h1:0001242:653ee7be9e4b,653ee7be9e4b8d5f41fb43b0a765d0e440588287f629d69d89c0867ced2c8e33,0.8094733159,if7_legacy_anchor_when_all_sources_strongly_concordant
3gbn_h1:0001243:eeb2064cb45f,eeb2064cb45fd7c0e2298832f6ea652cbae368e7db0ffd1b84f44b53eeec3fd7,0.5957935552,if7_legacy_anchor_when_all_sources_strongly_concordant
3gbn_h1:0001244:fc4484d3e9e1,fc4484d3e9e1961de2ec45009d6436df309d1e0ffe4359fb42616706928270f2,0.8745139639,if7_legacy_anchor_when_all_sources_strongly_concordant
3gbn_h1:0001245:276fd083b9c3,276fd083b9c325222730cabd4a6ae7c70280dfbb54c0b43b64b3ab5794f2ae93,0.7260516087,if7_legacy_anchor_when_all_sources_strongly_concordant
3gbn_h1:0001246:4ea0db1fb939,4ea0db1fb939005fba8201f8e8daccba0a95885ab0415b2a8b3eca42987944ef,0.638388137,if7_legacy_anchor_when_all_sources_strongly_concordant
3gbn_h1:0001247:1f13750fc853,1f13750fc853664905b6fa13ac371c3bb39b297885219b69651dd543862fdc39,0.3734535277,if7_legacy_anchor_when_all_sources_strongly_concordant
3gbn_h1:0001248:695101c0c75a,695101c0c75a5ea8c42f96a64ff367dceb10f924f9848dc91a5138480fde90a6,0.3746907016,if7_legacy_anchor_when_all_sources_strongly_concordant
3gbn_h1:0001249:35c2f5b11c7f,35c2f5b11c7fd9986595feb6ccb95f09d3879858410e34bcc56f6de5c297c04a,0.3278543651,if7_legacy_anchor_when_all_sources_strongly_concordant
3gbn_h1:0001250:17f0e18dd3a1,17f0e18dd3a15654f529a9ffbf0d7cd9ef30050fdc97bbf279d5148de7f6e0e7,0.6942382455,if7_legacy_anchor_when_all_sources_strongly_concordant
3gbn_h1:0001251:52c4775cefaf,52c4775cefaf7388641d4a18c386c184c3dab7acc0801b72bb4f1dea82594ce3,0.4075645109,if7_legacy_anchor_when_all_sources_strongly_concordant
3gbn_h1:0001252:8d97e8c7416d,8d97e8c7416dc6a272996eb103e975ea3dcab24b2076e948a6df83a718433428,0.2843761096,if7_legacy_anchor_when_all_sources_strongly_concordant
3gbn_h1:0001253:2ed35227ff9a,2ed35227ff9a888bc09fa10547fbc3dd3bebd0c797714fb43157238df2300961,0.6196535826,if7_legacy_anchor_when_all_sources_strongly_concordant
3gbn_h1:0001254:db9dea2431b5,db9dea2431b56ff5d9e3be89890ac8007a96d3a4925c77dd92618e703547769c,0.7847296,if7_legacy_anchor_when_all_sources_strongly_concordant
3gbn_h1:0001255:6a7f7a1120fa,6a7f7a1120fa78e8a5c0d05cf0fc887d1691d95a4469443bbcfb18bdd6a799eb,0.3511841744,if7_legacy_anchor_when_all_sources_strongly_concordant
3gbn_h1:0001256:b84a48637ac5,b84a48637ac58c55f0babf8b016bbb9aab96d72c1dba96ea604e514bf9c71f54,0.2750088374,if7_legacy_anchor_when_all_sources_strongly_concordant
3gbn_h1:0001257:2d8e87a4db9b,2d8e87a4db9b1dd64df0a1d5dc601902eb10674eb87f1f78adb9b3b84b45fe24,0.8252032399,if7_legacy_anchor_when_all_sources_strongly_concordant
3gbn_h1:0001258:2a24f30c2201,2a24f30c220159dbfc442277454453f7d1b788deccbc3885c19428c1ad886c34,0.647401909,if7_legacy_anchor_when_all_sources_strongly_concordant
3gbn_h1:0001259:b895892c7e1c,b895892c7e1c7b1cb3029dd40c3b6fc548913e707f69dfe79dc6105bf8becc28,0.5362318953,if7_legacy_anchor_when_all_sources_strongly_concordant
3gbn_h1:0001260:34b5a075270e,34b5a075270e5b96573cde58dc3f94cad0b2ca9af63c7beefa9672cc599ec09f,0.5848356287,if7_legacy_anchor_when_all_sources_strongly_concordant
3gbn_h1:0001261:727363bf57c8,727363bf57c811c5ed488f020a0cfed40f0bbb4ac692d57d0df8e434a29917c5,0.3361611913,if7_legacy_anchor_when_all_sources_strongly_concordant
3gbn_h1:0001262:6624c6faee1b,6624c6faee1bc6cf73937ebb387f9bd1afe09665a649257a73e42ea30c9ebee1,0.59084481,if7_legacy_anchor_when_all_sources_strongly_concordant
3gbn_h1:0001263:9dc7faff6b1c,9dc7faff6b1c88ed4979f53d186c01bc0c7d569402d6673fb97eff6f9156d910,0.2926829259,if7_legacy_anchor_when_all_sources_strongly_concordant
3gbn_h1:0001264:17badb891471,17badb891471704dfe1dec48307e120403546e671bd5b852890f13efbbb8af30,0.5759985894,if7_legacy_anchor_when_all_sources_strongly_concordant
3gbn_h1:0001265:ec0c18bf56f4,ec0c18bf56f44544bc2342c35efa3db6ddac6b947a855b042cbd968b6356630b,0.8190173308,if7_legacy_anchor_when_all_sources_strongly_concordant
3gbn_h1:0001266:05cbccdfb77b,05cbccdfb77b2f3d4dbf7436c524fa3b682a140acddb605590ba24d3e266b020,0.9050901334,if7_legacy_anchor_when_all_sources_strongly_concordant
3gbn_h1:0001267:d533daa81650,d533daa816504b4b4cc6556cf87ad282998fb690d76ab4ae066ddd20b95daae0,0.7435489495,if7_legacy_anchor_when_all_sources_strongly_concordant
3gbn_h1:0001268:872a982133b4,872a982133b4a8ea5d8df06846ae66ebefbe3d4b8c109e801c44aa8562953f31,0.530222699,if7_legacy_anchor_when_all_sources_strongly_concordant
3gbn_h1:0001269:04fff9611e74,04fff9611e740cb133575beba3bfd74318d859ee9ffcd131d2d81439532fa460,0.7928596536,if7_legacy_anchor_when_all_sources_strongly_concordant
3gbn_h1:0001270:5bb9c05a88d3,5bb9c05a88d3f44545f8d0cce86c4583a273f607373801d66282d64fc28ed90f,0.8259102106,if7_legacy_anchor_when_all_sources_strongly_concordant
3gbn_h1:0001271:6ddf9c7ebb20,6ddf9c7ebb2021d73d3e21cf26900fbbccef0ea8c6709e5b89d796900f7d474d,0.3461470505,if7_legacy_anchor_when_all_sources_strongly_concordant
3gbn_h1:0001272:536b1a87290b,536b1a87290b0fa1ea6dc8b56c7a002752270cb2871298ed7645bcda9422daef,0.3253799925,if7_legacy_anchor_when_all_sources_strongly_concordant
3gbn_h1:0001273:839bce5fb497,839bce5fb4974762f6de54aa268e31ff48ea05a7870bf2bae7aae1f8e0e91104,0.5068928997,if7_legacy_anchor_when_all_sources_strongly_concordant
3gbn_h1:0001274:0de64967569d,0de64967569dcafb37f219bbcdd13ef029aab0da580bf1609505199f6d432d28,0.1428066461,if7_legacy_anchor_when_all_sources_strongly_concordant
3gbn_h1:0001275:5a203575c6ce,5a203575c6ce68151df1128c28749bc659d557d7bd4398bf1ac2748f17826fdc,0.7785436511,if7_legacy_anchor_when_all_sources_strongly_concordant
3gbn_h1:0001276:b30bd1a8084a,b30bd1a8084a2a26f16480d00fb67f4e4e5e6c20ae8b0fa848e16b63a0fa5139,0.1438670928,if7_legacy_anchor_when_all_sources_strongly_concordant
3gbn_h1:0001277:ff8866d5d08e,ff8866d5d08e7864f846b0098a00f13a3ccc435a4999a5f4ffeb7615037923d3,0.8688582579,if7_legacy_anchor_when_all_sources_strongly_concordant
3gbn_h1:0001278:92daa757ef24,92daa757ef246bdecb4d2bf50fbc120601b08c46a70609252f717a1c7aa640a7,0.3990809421,if7_legacy_anchor_when_all_sources_strongly_concordant
3gbn_h1:0001279:6589c42cfa62,6589c42cfa62d2f628c029f632c3822bbda76b0812df53e950b192c43627bca4,0.8614351551,if7_legacy_anchor_when_all_sources_strongly_concordant
3gbn_h1:0001280:9d53fd1fdb08,9d53fd1fdb08f1dc49ee1bfd3b152c1934590d8155d0f67475a4827324f071cf,0.9641216,if7_legacy_anchor_when_all_sources_strongly_concordant
3gbn_h1:0001281:2b3aa3bdcbf8,2b3aa3bdcbf8c18f9f9a6d1fe8c05ee3621e8c05b2f2131f492828dbb322a864,0.2451396286,if7_legacy_anchor_when_all_sources_strongly_concordant
3gbn_h1:0001282:52f6729f8b76,52f6729f8b7654cd3a12febd3f980f99b38d840874a0fdcb14242ab006dfd4af,0.5008837084,if7_legacy_anchor_when_all_sources_strongly_concordant
3gbn_h1:0001283:5ba3aeea141f,5ba3aeea141ff4f0ec0dd9adb304d04164b3b1d1513c5b234b4d8a9ca8257fd5,0.3852951626,if7_legacy_anchor_when_all_sources_strongly_concordant
3gbn_h1:0001284:68bcf98267fd,68bcf98267fdc46512d4f211404ffc380ab3ff92416369bf051533dc2c130e2f,0.2817249894,if7_legacy_anchor_when_all_sources_strongly_concordant
3gbn_h1:0001285:1a3304c07b55,1a3304c07b55833d65312b24fa5c3001c016965a47641e559051417c90259167,0.5899611116,if7_legacy_anchor_when_all_sources_strongly_concordant
3gbn_h1:0001286:894b328998c0,894b328998c0af02197b6982ffa6e5a83d901feb0f070a553cb31761f1db5aeb,0.765111347,if7_legacy_anchor_when_all_sources_strongly_concordant
3gbn_h1:0001287:a6ed0a760c4c,a6ed0a760c4c640e5250a1732ddb50ca82209a2121adbe8687173ab1f1fb99ca,0.6406857371,if7_legacy_anchor_when_all_sources_strongly_concordant
3gbn_h1:0001288:39c543f73987,39c543f73987bd96cbc36cb5607905c0c54b1bb87c3cdc2109ba801c7d85186c,0.5058324635,if7_legacy_anchor_when_all_sources_strongly_concordant
3gbn_h1:0001289:3388da324a53,3388da324a53fb018c2a3f0379856c6c28677ab6c7e1e2414e1865b0ffcbf99c,0.9741074642,if7_legacy_anchor_when_all_sources_strongly_concordant
3gbn_h1:0001290:f3a2d94942cb,f3a2d94942cb77b660484f0530dd884b9f77c8bb11eb620a4162fd3c0b22431f,0.9379639427,if7_legacy_anchor_when_all_sources_strongly_concordant
3gbn_h1:0001291:99e115496bd7,99e115496bd7bb7901c1a19ce89c1ccc6a316002dbd9824a160d8a5e2d035018,0.7278190057,if7_legacy_anchor_when_all_sources_strongly_concordant
3gbn_h1:0001292:a5d093f77666,a5d093f77666cdd21fe32d60f4f86334bc1105474168cd382ed2ba0516df00ff,0.5107812087,if7_legacy_anchor_when_all_sources_strongly_concordant
3gbn_h1:0001293:2fbcf0f306f9,2fbcf0f306f9c4fe937af4819cec299211289f7fa68034c592ad2ace0230153b,0.4483916561,if7_legacy_anchor_when_all_sources_strongly_concordant
3gbn_h1:0001294:793f16c33c7e,793f16c33c7eb7e1e196bab36cba8d6ce71ef98b652bbbf100576b33e70cfc02,0.58854719,if7_legacy_anchor_when_all_sources_strongly_concordant
3gbn_h1:0001295:745a746db4a4,745a746db4a4df53e944b58cb75db6bc587ee2af2cd8c367f8841f8146b58719,0.01802757099,if7_legacy_anchor_when_all_sources_strongly_concordant
3gbn_h1:0001296:0c2069f8f64c,0c2069f8f64c022408caddc3162bb12c6749ac5d6ea78eb9bee9b13852e3b854,0.1125839502,if7_legacy_anchor_when_all_sources_strongly_concordant
3gbn_h1:0001297:e0085284df7e,e0085284df7ef89f28ac392dcd31a31ceb50689b2a9c7810c52d3127d43708c1,0.2271120523,if7_legacy_anchor_when_all_sources_strongly_concordant
3gbn_h1:0001298:f18158f91d1a,f18158f91d1a2f2e87e562e0444a51017cf3242e5884496af24b503a794889b3,0.1237186268,if7_legacy_anchor_when_all_sources_strongly_concordant
3gbn_h1:0001299:947d6561301f,947d6561301fd668c1fe22a2a854d262356a52a2284dd3b2c3a3e42a7ce89d56,0.1504064972,if7_legacy_anchor_when_all_sources_strongly_concordant
3gbn_h1:0001300:1157ca6ee77a,1157ca6ee77afa5b35bb1d4f15c12400481ecfc30d9e0fd90477b566634c2497,0.7453163465,if7_legacy_anchor_when_all_sources_strongly_concordant
3gbn_h1:0001301:fbc71e3dea1c,fbc71e3dea1c656e6199bae43bc5c02a845246d32e3e3638ceeb9cf040cc91f8,0.6366207103,if7_legacy_anchor_when_all_sources_strongly_concordant
3gbn_h1:0001302:baf66b9a896e,baf66b9a896e4dab7ba66ac3a458c614b6bd61c9eb4fa908f2a1df7213c67846,0.2840226243,if7_legacy_anchor_when_all_sources_strongly_concordant
3gbn_h1:0001303:0989999fa475,0989999fa475160d7ab472b8f42cc1c7e26c117eb4f67c3d9cb9c8bc96c522ed,0.07423117693,if7_legacy_anchor_when_all_sources_strongly_concordant
3gbn_h1:0001304:1fa9578e93c7,1fa9578e93c73e52e364eac8ffe91418394adbcb8aec0b0958cd08668698ca1b,0.7799575726,if7_legacy_anchor_when_all_sources_strongly_concordant
3gbn_h1:0001305:374dbef55d06,374dbef55d0648ba25c44b695522bc8332ad36c2a1c2adaf586d4f1a1082a9b5,0.6012725333,if7_legacy_anchor_when_all_sources_strongly_concordant
3gbn_h1:0001306:0941a37d3fd6,0941a37d3fd6ccf16ac6cc418cd1db6f55c621840ce343781938d8deee1f868c,0.0268646162,if7_legacy_anchor_when_all_sources_strongly_concordant
3gbn_h1:0001307:117286af1461,117286af1461822990ab10e93754d4264dd92732c08acdb2ab61d9c9dd95bbe7,0.05001767383,if7_legacy_anchor_when_all_sources_strongly_concordant
3gbn_h1:0001308:620c2c59f834,620c2c59f834c2afca9ebcf39df56bb7febc975271600bc0e20642d4041644d7,0.5696359177,if7_legacy_anchor_when_all_sources_strongly_concordant
3gbn_h1:0001309:ecf28707427c,ecf28707427c5faddd832fd3fbb27f74986bb5cdf3f0920f4f65aa320f38a275,0.8359844486,if7_legacy_anchor_when_all_sources_strongly_concordant
3gbn_h1:0001310:1d4c9ad16745,1d4c9ad167451ff03ba4ed55d232518a85556636b40636694818401466f937d5,0.4209968249,if7_legacy_anchor_when_all_sources_strongly_concordant
3gbn_h1:0001311:7a9773004232,7a9773004232a9dcd1e75b1398137b7f5facbd3882e5a9217e63e23c52631ac2,0.4761399825,if7_legacy_anchor_when_all_sources_strongly_concordant
3gbn_h1:0001312:3ccb30798351,3ccb3079835151cbec0d4435af611e6539e6f24e9740cc8b97c6a744b5eefb0c,0.7317073345,if7_legacy_anchor_when_all_sources_strongly_concordant
3gbn_h1:0001313:71c335564ef0,71c335564ef0efcebf2772b424cb82e02360d82ba8192a8add3dd670c359b840,0.1127606953,if7_legacy_anchor_when_all_sources_strongly_concordant
3gbn_h1:0001314:c54381b2a0c5,c54381b2a0c5b0fc96be4a8aae0a4c252f74388fbab2f236c29c702f31e16b2b,0.03658536511,if7_legacy_anchor_when_all_sources_strongly_concordant
3gbn_h1:0001315:b1d20711574b,b1d20711574b54f5e2641a4234a9046d56e792c11cb771e55b0b3f8f34b49c66,0.715800643,if7_legacy_anchor_when_all_sources_strongly_concordant
3gbn_h1:0001316:1cfe18715656,1cfe187156563b5754ab3d8235df85f5b4d8d7589f78f67d5e35dc319356d0b8,0.3193708075,if7_legacy_anchor_when_all_sources_strongly_concordant
3gbn_h1:0001317:99b3f1d8b253,99b3f1d8b253c8ebee56e779863d6091a4777ef0d61d3b6d21fdd88a8fc42b83,0.7150936524,if7_legacy_anchor_when_all_sources_strongly_concordant
3gbn_h1:0001318:66827305526d,66827305526d478c9c2d57742ea60e230431a3392e518990e4bee01e5b0bd300,0.5977377295,if7_legacy_anchor_when_all_sources_strongly_concordant
3gbn_h1:0001319:d92e3eb1b96f,d92e3eb1b96f2cf987e9103419962b92a1fb3ca6cc3eae45a5f87ba0a34215b4,0.07953340187,if7_legacy_anchor_when_all_sources_strongly_concordant
3gbn_h1:0001320:8dcae563e8b7,8dcae563e8b7b40ac490c4ba5af2ac9d3ef15aade163450503353b1e96f5dc4b,0.4171085159,if7_legacy_anchor_when_all_sources_strongly_concordant
3gbn_h1:0001321:1e5455586e0c,1e5455586e0ce120c0897ba66d5af38d872c083fa4d0adba3be411945ba257dd,0.6489925782,if7_legacy_anchor_when_all_sources_strongly_concordant
3gbn_h1:0001322:9d5bcbad27c1,9d5bcbad27c1c98f6980ef3c262c94ab37066aa4f7271b6cc1df4410330fa0b9,0.119123367,if7_legacy_anchor_when_all_sources_strongly_concordant
3gbn_h1:0001323:a67bc1788492,a67bc17884924bebbe7f7da2bf7f602fa1b7aa098d9f91ae01badb2834534865,0.1083421689,if7_legacy_anchor_when_all_sources_strongly_concordant
3gbn_h1:0001324:ed25ace0e1fa,ed25ace0e1fafb900ad30f235e5dc75a183b42a874bad738152322dd88fbb136,0.5516083439,if7_legacy_anchor_when_all_sources_strongly_concordant
3gbn_h1:0001325:a266ef8f1b38,a266ef8f1b388d21b4691eec381a07b8e78b123cf3a93edc2d5d3b81fbd51a73,0.7161541383,if7_legacy_anchor_when_all_sources_strongly_concordant
3gbn_h1:0001326:75193f26e75f,75193f26e75f88b76594ae5c81be68ad554e60c75cd828792528795557a1c4d1,0.1306115265,if7_legacy_anchor_when_all_sources_strongly_concordant
3gbn_h1:0001327:d59da2d61d1f,d59da2d61d1f21e9b7100e66749fbfc34514611fdf66163576f7d2d58a07dd86,0.9047366381,if7_legacy_anchor_when_all_sources_strongly_concordant
3gbn_h1:0001328:2686adf5cf18,2686adf5cf1803ea0ea7983e3e612f71479eaa8eede9c463b7096b95c9454550,0.07228702679,if7_legacy_anchor_when_all_sources_strongly_concordant
3gbn_h1:0001329:2cc1c77e4ad3,2cc1c77e4ad3b1c4dcd65792db1b0f6dddb9ed280c1b50acfbb4c76e49faa3fa,0.5051254829,if7_legacy_anchor_when_all_sources_strongly_concordant
3gbn_h1:0001330:36be4b32e277,36be4b32e277a2ebc2134948bfacb268455096a99c5175ec2fe394dd85f0ca71,0.03375751246,if7_legacy_anchor_when_all_sources_strongly_concordant
3gbn_h1:0001331:82360421a291,82360421a2912c3397f0fe1f7a5ac58dc6df2e4abd541209f92da501f13c4224,0.7811947465,if7_legacy_anchor_when_all_sources_strongly_concordant
3gbn_h1:0001332:5a9b2c6500c8,5a9b2c6500c8255d8f6d12a0ff8f79b6604d838e73300c601e1636e39e54589e,0.3762813658,if7_legacy_anchor_when_all_sources_strongly_concordant
3gbn_h1:0001333:35b467caa470,35b467caa4701304a948b00c6ac13e483f1f6cbf1298f079d861248504ccc82c,0.5742311776,if7_legacy_anchor_when_all_sources_strongly_concordant
3gbn_h1:0001334:8bf06431d2dc,8bf06431d2dc2a0763ffce39ed676805d7f6ff840abf4daf9285658413471600,0.5768822829,if7_legacy_anchor_when_all_sources_strongly_concordant
3gbn_h1:0001335:3716e55f62cc,3716e55f62cc6467fd6e2bef887e15809170534b5a2826e303f48459b35762de,0.2665252735,if7_legacy_anchor_when_all_sources_strongly_concordant
3gbn_h1:0001336:dff67101212b,dff67101212bc7570fb62d206259114d369a3b5301652c99844f7a4978e17fa1,0.8308589657,if7_legacy_anchor_when_all_sources_strongly_concordant
3gbn_h1:0001337:4ead9d524bd6,4ead9d524bd6a2ca96eabd41e5450794195eae5fbf63e532746609fad9de5ba6,0.4916931788,if7_legacy_anchor_when_all_sources_strongly_concordant
3gbn_h1:0001338:222d6afff336,222d6afff3363024f6c0a30c32b21a9e109ca287748252f04f9e0cc1e425e416,0.5592081944,if7_legacy_anchor_when_all_sources_strongly_concordant
3gbn_h1:0001339:d83d1f822b82,d83d1f822b82a2fb4e5e4ba23cb3e81d11ec4b977d5926016e495e796d621a5c,0.7393071651,if7_legacy_anchor_when_all_sources_strongly_concordant
3gbn_h1:0001340:d240bc3741a3,d240bc3741a3c7bfeefdbce210a9112729b7291d6de29992f19582f738c105f1,0.1429833894,if7_legacy_anchor_when_all_sources_strongly_concordant
3gbn_h1:0001341:a463e11b962b,a463e11b962b175921cea765941cb16d02951f5782d88d87c5c47a3efde79e48,0.4217037658,if7_legacy_anchor_when_all_sources_strongly_concordant
3gbn_h1:0001342:54ec25c7bee3,54ec25c7bee38da4a086e5a7134e8dc50c61d5c625eab8b2cc64f982c4eded98,0.1891127601,if7_legacy_anchor_when_all_sources_strongly_concordant
3gbn_h1:0001343:36a4225dbbbe,36a4225dbbbe357e44cca928c4b853d63b25856d283fd4366425acd6dfc73f2b,0.8596677184,if7_legacy_anchor_when_all_sources_strongly_concordant
3gbn_h1:0001344:a44ac36c0976,a44ac36c0976e2e831b26323e1fdb1c5071c84033ab9e1444f1f1f40ca763888,0.4065040549,if7_legacy_anchor_when_all_sources_strongly_concordant
3gbn_h1:0001345:0a3e9f0188dc,0a3e9f0188dc8eb54241c61ecd27eb6ebbbd04bd11e45b5a3664a20c399099cc,0.2796040972,if7_legacy_anchor_when_all_sources_strongly_concordant
3gbn_h1:0001346:662a187a5822,662a187a5822b8da37b2a744d8690aee41fce5884950ec401b1d9c451b85fee1,0.3780487925,if7_legacy_anchor_when_all_sources_strongly_concordant
3gbn_h1:0001347:98dab3070618,98dab30706184fab053b9a0c4e6487fbc4bb957a9c00248fd913cbfb0416ea9b,0.7251679102,if7_legacy_anchor_when_all_sources_strongly_concordant
3gbn_h1:0001348:d51fec215c16,d51fec215c1657e76d56f0d699de4422a05f68b025338a6905578ee29e0a6e25,0.3561329047,if7_legacy_anchor_when_all_sources_strongly_concordant
3gbn_h1:0001349:8594149e59ba,8594149e59bacd2717a6584390e0a2d5dbd19b15f8c41b5b47a9992161eda1f4,0.8140685757,if7_legacy_anchor_when_all_sources_strongly_concordant
3gbn_h1:0001350:585d0630d84a,585d0630d84a99c8f1a2bb75f8ca92f8452e6571edd3fddbb94dbc03a6e267c6,0.4869211714,if7_legacy_anchor_when_all_sources_strongly_concordant
3gbn_h1:0001351:abef99758b59,abef99758b59309406d559b671c195f9fd679f19ce2d64c1af1d94d9f705b407,0.6696712673,if7_legacy_anchor_when_all_sources_strongly_concordant
3gbn_h1:0001352:1705c7716ec1,1705c7716ec130340766c780e17b60bd67adeaf67e575eafd3794820795e7f98,0.1816896473,if7_legacy_anchor_when_all_sources_strongly_concordant
3gbn_h1:0001353:2871464fdad6,2871464fdad629f1a6c0a55d430a22e6deaca576279dd4f6b430647a72303d56,0.8015199701,if7_legacy_anchor_when_all_sources_strongly_concordant
3gbn_h1:0001354:7d78a3c0fb58,7d78a3c0fb586d386920ff8c40ee97cb3f2bff13ceba8f38de5aafb5df099684,0.6078119377,if7_legacy_anchor_when_all_sources_strongly_concordant
3gbn_h1:0001355:cd12d627bb8e,cd12d627bb8e6163d0dd818e4dd07216e60730791cfb5c4298b2415ec8cb9fdf,0.5093672673,if7_legacy_anchor_when_all_sources_strongly_concordant
3gbn_h1:0001356:534a31e049d6,534a31e049d6ad4ece8930d01c9f55af2f1b25c24772476e2f66e6c0a26197ec,0.2536231888,if7_legacy_anchor_when_all_sources_strongly_concordant
3gbn_h1:0001357:9dac72275ab4,9dac72275ab43720839d335b768bc623497b63567c2eb96b128bbcd9d2f63ed0,0.8062919577,if7_legacy_anchor_when_all_sources_strongly_concordant
3gbn_h1:0001358:8cad1d924963,8cad1d924963d834a5e099693ed71f9fceaff622c93f1871c73615d5c4f4bcad,0.4780841271,if7_legacy_anchor_when_all_sources_strongly_concordant
3gbn_h1:0001359:6d86f217d529,6d86f217d529adf5a8ca359976f40ef757fbd29bcf4c4a65de8d2adae96f3cb0,0.5643336872,if7_legacy_anchor_when_all_sources_strongly_concordant
3gbn_h1:0001360:20e9c9efeae9,20e9c9efeae942e3985304af6aa55970f6c3518b22c0194c7c110ccc532e5e1e,0.4118062953,if7_legacy_anchor_when_all_sources_strongly_concordant
3gbn_h1:0001361:b6c848cc0a56,b6c848cc0a561a6a49ccc69a764e1a7232f6fa4a4443966616d51ae6c2dfc8fe,0.720219175,if7_legacy_anchor_when_all_sources_strongly_concordant
3gbn_h1:0001362:93c710a92a48,93c710a92a48a8777c10c2cda613375698b85e78d59586a89c5537122fa476b2,0.6170024673,if7_legacy_anchor_when_all_sources_strongly_concordant
3gbn_h1:0001363:0cb7b8f30ccb,0cb7b8f30ccb903f04270362caf7b2f1a95b65ce6ff0a4bd1337d0ab12014c8b,0.252209266,if7_legacy_anchor_when_all_sources_strongly_concordant
3gbn_h1:0001364:63e75be28e7a,63e75be28e7a643d0ce12961c6136ef448c000f3b221016b5d8005f0e2397daf,0.8322728872,if7_legacy_anchor_when_all_sources_strongly_concordant
3gbn_h1:0001365:65faaf9786a3,65faaf9786a3c8c51f7abfe139c86cd8ca2ff28196e7d37d9c3e9dbde2d1ac0b,0.7310003638,if7_legacy_anchor_when_all_sources_strongly_concordant
3gbn_h1:0001366:77888d816f89,77888d816f895d15f7893d42ddc0ce4df6e93c003e1c19a87469df5d8e3845ef,0.4367267589,if7_legacy_anchor_when_all_sources_strongly_concordant
3gbn_h1:0001367:d21961a05ba4,d21961a05ba470ec128a67f1d10aa543cc0713a80625ffd283d29e8732af4083,0.2942736025,if7_legacy_anchor_when_all_sources_strongly_concordant
3gbn_h1:0001368:8c6651bd08de,8c6651bd08deae54fa631e65cdcee37dc1ce27e252dd5464b1169fb5712b3951,0.4906327426,if7_legacy_anchor_when_all_sources_strongly_concordant
3gbn_h1:0001369:4dd1c106a2c3,4dd1c106a2c31fa150099f4a71a4ee46227614a8849a96631e112773892db7c9,0.2534464474,if7_legacy_anchor_when_all_sources_strongly_concordant
3gbn_h1:0001370:27fd217cc05d,27fd217cc05d4e465f3a6c7f14792b6172b6acd733d2308a6d1bc2ca6f10b779,0.1039236474,if7_legacy_anchor_when_all_sources_strongly_concordant
3gbn_h1:0001371:c078aafd4198,c078aafd4198997e2485362b056190f9c7a67cd70e0f1b9972b1f1a706e3687c,0.6230116685,if7_legacy_anchor_when_all_sources_strongly_concordant
3gbn_h1:0001372:0846fe2317fa,0846fe2317fa525e1375c94092c5539f476b617bc636ffe7657297381904cf46,0.5068928947,if7_legacy_anchor_when_all_sources_strongly_concordant
3gbn_h1:0001373:26714f5902b4,26714f5902b40565faaf60ce1228c7e77090a5609e1d3ecb22b56f591dfdec8e,0.6461647352,if7_legacy_anchor_when_all_sources_strongly_concordant
3gbn_h1:0001374:bdc990840eef,bdc990840eef5280719c14a08178ea527320f2c303ce20cc05261926ce8bf6c0,0.02509720767,if7_legacy_anchor_when_all_sources_strongly_concordant
3gbn_h1:0001375:848ffa938996,848ffa9389969d9d0b080144b7be7f57e02b35b3629230e1b9d6179039ee5753,0.08359844362,if7_legacy_anchor_when_all_sources_strongly_concordant
3gbn_h1:0001376:211f1a85b370,211f1a85b37031754972e182180c59792a75611956d814c812b3bf3336d157c8,0.7560975552,if7_legacy_anchor_when_all_sources_strongly_concordant
3gbn_h1:0001377:f66c79dfcfd8,f66c79dfcfd8279556177dd29edfb7cecf319195c01383b4b3478e22a3cae94b,0.4802050193,if7_legacy_anchor_when_all_sources_strongly_concordant
3gbn_h1:0001378:4c128e68e6f2,4c128e68e6f2349c052a79f2549c7ecfee1bda8a14f8e2dd8afd2a70cd17490c,0.5600919028,if7_legacy_anchor_when_all_sources_strongly_concordant
3gbn_h1:0001379:7bce35c72783,7bce35c7278357d287ac6d7f7e57deb8004f3bc0c37cbcc90c25fc0b09a9ed3c,0.1952986891,if7_legacy_anchor_when_all_sources_strongly_concordant
3gbn_h1:0001380:dc583dcd11f9,dc583dcd11f91c7f5c3d561b4f56950a20529fc675cadd69283636582c46ca4e,0.8814068437,if7_legacy_anchor_when_all_sources_strongly_concordant
3gbn_h1:0001381:7596c0261c5d,7596c0261c5da33699b9b031013beb682169d266687db5c2993e793f73e1366d,0.3669141134,if7_legacy_anchor_when_all_sources_strongly_concordant
3gbn_h1:0001382:4ec1ac8b7e36,4ec1ac8b7e365e15a7637c2a3b417b7e8abe0a2490b8b7ee3b4e73445e6132a7,0.7340049545,if7_legacy_anchor_when_all_sources_strongly_concordant
3gbn_h1:0001383:8b9f5dac17f7,8b9f5dac17f71996bea1f67ae38ee2b546c1fee0c36ba5cb8470e62b6dbdb3f7,0.3221986492,if7_legacy_anchor_when_all_sources_strongly_concordant
3gbn_h1:0001384:3ecd2830b551,3ecd2830b551359c503e130867181400442081a35a237a2eddf361810694fd33,0.4704842667,if7_legacy_anchor_when_all_sources_strongly_concordant
3gbn_h1:0001385:877d561f6425,877d561f64254d808ce95dffe2ae90250635926dea405f14a093f40e2458af2a,0.7979851564,if7_legacy_anchor_when_all_sources_strongly_concordant
3gbn_h1:0001386:51e28631455c,51e28631455c5f61a39f1f12e16503ca8d2b76c72727c3cc4b267f46b6160356,0.4361965358,if7_legacy_anchor_when_all_sources_strongly_concordant
3gbn_h1:0001387:b12847ea7006,b12847ea700654c98d740fd3559a258717f23294344f9ef53908921554251038,0.6511134704,if7_legacy_anchor_when_all_sources_strongly_concordant
3gbn_h1:0001388:313154d4a60a,313154d4a60a4644104dceb8353fa38fdda11fe6a8457d4e5dac8ac744515a1d,0.8495934804,if7_legacy_anchor_when_all_sources_strongly_concordant
3gbn_h1:0001389:0573597f440a,0573597f440a1ab93461ed91fe19e29ebba9ebbc72a1584a9cc045b1e4be1274,0.6097561022,if7_legacy_anchor_when_all_sources_strongly_concordant
3gbn_h1:0001390:d68f1fb039c5,d68f1fb039c57a4507baa8bf59e685d4c49bf4f69e2853c249e8a25437868820,0.283669139,if7_legacy_anchor_when_all_sources_strongly_concordant
3gbn_h1:0001391:476c2a11558b,476c2a11558b19ecf7258ef1b96e58272a2625b25c950482af14c80a6c627d18,0.4471544772,if7_legacy_anchor_when_all_sources_strongly_concordant
3gbn_h1:0001392:da22f7e0e661,da22f7e0e661fd43ad36081aac6ad12baf49c499cf698d40c40e036acc8985cd,0.4655355265,if7_legacy_anchor_when_all_sources_strongly_concordant
3gbn_h1:0001393:7bb819e88e07,7bb819e88e07ad548b0034d024e2b943ff4be7a63fb2e28ad08847bd7f0fc006,0.9667727351,if7_legacy_anchor_when_all_sources_strongly_concordant
3gbn_h1:0001394:bc84b55d94c1,bc84b55d94c1263a878a132807edb6df597c2d37039d9d918c971b0c86460dda,0.8685047825,if7_legacy_anchor_when_all_sources_strongly_concordant
3gbn_h1:0001395:234a4bdf3bf8,234a4bdf3bf8dcda4f1d5d3a7c847108c97715fe6fb4976a6e6da89abfb4fa93,0.8596677184,if7_legacy_anchor_when_all_sources_strongly_concordant
3gbn_h1:0001396:8e2571832a43,8e2571832a432389d33022603fbf9ebb10622efa719b0fc02016438f4ed5784c,0.7951572935,if7_legacy_anchor_when_all_sources_strongly_concordant
3gbn_h1:0001397:afa6ea48491c,afa6ea48491cb5d4f37d1f343ee00c2d4a6c5ebbc97f7f4682e425f9b49a7ef5,0.2027218143,if7_legacy_anchor_when_all_sources_strongly_concordant
3gbn_h1:0001398:b14f072fd19b,b14f072fd19b427ea0c1f22ee7adf3af0c417738f71c1aadb3048a1ea15840a9,0.6947684884,if7_legacy_anchor_when_all_sources_strongly_concordant
3gbn_h1:0001399:fe429330d316,fe429330d316f6415f27c865599b04e88003e49be3bae351c8082f4582d73f1d,0.690526704,if7_legacy_anchor_when_all_sources_strongly_concordant
3gbn_h1:0001400:3a107eb6659c,3a107eb6659c0e5c3fabf82491c7f53bc2df725dd9d475348818f99af3037a68,0.6594202817,if7_legacy_anchor_when_all_sources_strongly_concordant
3gbn_h1:0001401:206f405e79c6,206f405e79c65830cc33fff1caa143423704cc3571053036b70243f963946a7a,0.7106751402,if7_legacy_anchor_when_all_sources_strongly_concordant
3gbn_h1:0001402:87d1d0dcd24e,87d1d0dcd24e730478fb1dbc9f08ed94243b0a284d8b90ec3f60c1e515d6e3e6,0.604807357,if7_legacy_anchor_when_all_sources_strongly_concordant
3gbn_h1:0001403:17e1df5ca727,17e1df5ca7274f521bc3eb222194e3b8d219c354544a72a8265a218b3eb462fc,0.7539766828,if7_legacy_anchor_when_all_sources_strongly_concordant
3gbn_h1:0001404:cdba56ddf6ad,cdba56ddf6adfd04cc870d90fa9484f6c381bb27c48d5475ba7b61fe86cb29ed,0.4418522418,if7_legacy_anchor_when_all_sources_strongly_concordant
3gbn_h1:0001405:f0d0813a5fb1,f0d0813a5fb1ece052872545f350819fe7beeb5a715e2c92f4a0887b754eb6ce,0.3488865296,if7_legacy_anchor_when_all_sources_strongly_concordant
3gbn_h1:0001406:170228d5d1e5,170228d5d1e52260e159a842cabd79f8375053d2ce8cd63394aadb1436448c22,0.9162248373,if7_legacy_anchor_when_all_sources_strongly_concordant
3gbn_h1:0001407:093802abc158,093802abc158372ad0fd9e3644a42194433dd431faeaa2a78b614d3239be215f,0.5844821533,if7_legacy_anchor_when_all_sources_strongly_concordant
3gbn_h1:0001408:8e31313edc9b,8e31313edc9b88b5ae485531e5c73d3c842ecd568853255f0a2618d3650603f0,0.2831389147,if7_legacy_anchor_when_all_sources_strongly_concordant
3gbn_h1:0001409:c16803f5aab1,c16803f5aab1ce70703ef010af25c48ea4f39e97c1fd2e7eef5d23dccc5a12b0,0.7707670629,if7_legacy_anchor_when_all_sources_strongly_concordant
3gbn_h1:0001410:38a62e1934b4,38a62e1934b4d5a7bafbc3e6f65a2374943e7bffde9a2ebfbdae68f8ee05153f,0.5219158729,if7_legacy_anchor_when_all_sources_strongly_concordant
3gbn_h1:0001411:0fb2ae8c2437,0fb2ae8c243774826f0c60f68288e8d1ede697fe146e2af1b9aba65977c6c13d,0.05496641994,if7_legacy_anchor_when_all_sources_strongly_concordant
3gbn_h1:0001412:74a0914456df,74a0914456dfa26eb70a1687f51e20e591b15ef8d5cbf5fa737482bb6b2276f2,0.9554613034,if7_legacy_anchor_when_all_sources_strongly_concordant
3gbn_h1:0001413:37abdd621b21,37abdd621b214ec3c53a6dc944efb32e1789ddf1c84e6ec67a9373c403182c2f,0.8474725882,if7_legacy_anchor_when_all_sources_strongly_concordant
3gbn_h1:0001414:79a1796e5166,79a1796e5166ad9d6ae96b272a6b7ec81f430a9ffa9bcba0ba3e51f5953acef2,0.7921527227,if7_legacy_anchor_when_all_sources_strongly_concordant
3gbn_h1:0001415:8af2e873f473,8af2e873f4730ba95fb65b71eee7c0179a43f895af7585d31bd469d478d01c5c,0.735949099,if7_legacy_anchor_when_all_sources_strongly_concordant
3gbn_h1:0001416:c5288aebde3a,c5288aebde3a836a4c42aea1d2b9c90800f157342a770bc10396f054f2526888,0.8655001919,if7_legacy_anchor_when_all_sources_strongly_concordant
3gbn_h1:0001417:588a43d9cff3,588a43d9cff334ef067ccfa026195c2bf8841b4daee1e3f9e2973f32f6dd3e3a,0.1808059414,if7_legacy_anchor_when_all_sources_strongly_concordant
3gbn_h1:0001418:7ae68578829b,7ae68578829b7063cbd76a11e8e6bac71f90cc33d4dc79e34a35607202d0ad39,0.5365853707,if7_legacy_anchor_when_all_sources_strongly_concordant
3gbn_h1:0001419:df6d8ac10712,df6d8ac10712acb0e2ac249e40d17e21bbf8236a63ad9c1334117ea47807f366,0.244962881,if7_legacy_anchor_when_all_sources_strongly_concordant
3gbn_h1:0001420:fea06b546592,fea06b546592dc0f0588ff69168a73a640313f60a31a7016a57cc3f56da58ad1,0.2872039552,if7_legacy_anchor_when_all_sources_strongly_concordant
3gbn_h1:0001421:7e19666fbd90,7e19666fbd908c2a74f519c1bfd4b90a36ccb1b859201ec10dcd34bdcbec7610,0.7462000648,if7_legacy_anchor_when_all_sources_strongly_concordant
3gbn_h1:0001422:9f3bac172799,9f3bac1727993db3725624665aef293ecf67d8142f14ebbe1cf0f951a7c430a0,0.4996465047,if7_legacy_anchor_when_all_sources_strongly_concordant
3gbn_h1:0001423:15adec9098b3,15adec9098b3d33c170356d705d6216ad88c732a9813b057e26dffd997160d1d,0.5731707314,if7_legacy_anchor_when_all_sources_strongly_concordant
3gbn_h1:0001424:56a88adaae7f,56a88adaae7f0e7111c82445b351992d75394843dac0ebc72ccc5b5257f96256,0.5950866143,if7_legacy_anchor_when_all_sources_strongly_concordant
3gbn_h1:0001425:8f1ca87089ce,8f1ca87089ce47da0bbac828a1886255854a3c9563d41706fd72bd36ee13a63f,0.6117002566,if7_legacy_anchor_when_all_sources_strongly_concordant
3gbn_h1:0001426:b3bae1a7dfd5,b3bae1a7dfd50f38faf2196f7711102288b53fab650c0cf48609fb0157f4f3c6,0.5982679328,if7_legacy_anchor_when_all_sources_strongly_concordant
3gbn_h1:0001427:83cc5e09fd87,83cc5e09fd87568608da03e47aa9adad62f5a5352cc6a434cd95cd1f6b94eb35,0.6162955264,if7_legacy_anchor_when_all_sources_strongly_concordant
3gbn_h1:0001428:7a4765fcd2e5,7a4765fcd2e597f7bac8f5016a85238e6936d261c2f12033eceb103044409d05,0.3656769122,if7_legacy_anchor_when_all_sources_strongly_concordant
3gbn_h1:0001429:401ba93bcb95,401ba93bcb95e192674140035f3e5ad33338e35a914e138ad4e21760e66d61d2,0.8115942081,if7_legacy_anchor_when_all_sources_strongly_concordant
3gbn_h1:0001430:7c5f47b6c73d,7c5f47b6c73d3cf48d2d127cc0e5f56f17d832139e819c3839835eee8901e2b5,0.7926829258,if7_legacy_anchor_when_all_sources_strongly_concordant
3gbn_h1:0001431:fabb40de7c95,fabb40de7c956558bb4eeffe4fa9b2ddedb9ccdae45250d63ac094c2e0da77ba,0.1640155468,if7_legacy_anchor_when_all_sources_strongly_concordant
3gbn_h1:0001432:503cdd7d2d31,503cdd7d2d31f3ee9ac076e4e6790820e158a7f433ea4c1ebe4a929e8ab3dd64,0.9342523813,if7_legacy_anchor_when_all_sources_strongly_concordant
3gbn_h1:0001433:00a077a19989,00a077a199899e196f3b4b9da765b1f80fc6b62a055d721bff38fd74f5e77ea2,0.8361611764,if7_legacy_anchor_when_all_sources_strongly_concordant
3gbn_h1:0001434:88f5cf108925,88f5cf108925a38822006012a0c59d16fafb3b1ce8d82548f57e218b16e97468,0.6453693907,if7_legacy_anchor_when_all_sources_strongly_concordant
3gbn_h1:0001435:b6ee8c490c14,b6ee8c490c14b767adcc5055f84698bb3d4aaebaff867e9aeac90ff6248dff59,0.8085896174,if7_legacy_anchor_when_all_sources_strongly_concordant
3gbn_h1:0001436:f2c31f5b7f24,f2c31f5b7f248ad313d1591f5356cd531a7700630e2c7388812bcd01663df712,0.7170378168,if7_legacy_anchor_when_all_sources_strongly_concordant
3gbn_h1:0001437:1d4b547e70a4,1d4b547e70a4d74f9fa1728e466ab2b2562fee0067ded8183b12dbf89bbf1242,0.4856839776,if7_legacy_anchor_when_all_sources_strongly_concordant
3gbn_h1:0001438:67035fb7a0ce,67035fb7a0ce26b0cdfa7ba98595b35510cb695fb1c6416e662f1dc511da6e9c,0.1663131863,if7_legacy_anchor_when_all_sources_strongly_concordant
3gbn_h1:0001439:bcd6a15d0f1b,bcd6a15d0f1b3deea8b4183af35e8b24fa3807ab38a0cc0ac366cbd233a93a4c,0.9008483688,if7_legacy_anchor_when_all_sources_strongly_concordant
3gbn_h1:0001440:a9968b645593,a9968b645593ab921e9e0d8f79b1c30e74abfa8d8cfac738e01cc19146c71d9b,0.8939554691,if7_legacy_anchor_when_all_sources_strongly_concordant
3gbn_h1:0001441:aaaac13241e5,aaaac13241e5a850a4de8e4a9d7f4f8452ebcbb8bb4f0be888ea747d6d9b0bc2,0.2338282118,if7_legacy_anchor_when_all_sources_strongly_concordant
3gbn_h1:0001442:6d504910eca0,6d504910eca0827c6e40cd5f49976b825aab5a68166dd26e893ce64a85160fab,0.1325556735,if7_legacy_anchor_when_all_sources_strongly_concordant
3gbn_h1:0001443:7c25bdb03999,7c25bdb0399949386ba909e70963310209f74d752877f517a1b297e17ce38e40,0.4538706243,if7_legacy_anchor_when_all_sources_strongly_concordant
3gbn_h1:0001444:4b830f31e554,4b830f31e55439e428690543d396974de6c547ceba2c8acb6858ef819df6f173,0.3766348436,if7_legacy_anchor_when_all_sources_strongly_concordant
3gbn_h1:0001445:f1334712ef44,f1334712ef4477692abaab6d34087b5395300b6e8ec387cf8b9e3c279fc1ae55,0.8183103601,if7_legacy_anchor_when_all_sources_strongly_concordant
3gbn_h1:0001446:61c93dff4942,61c93dff494217d1a1684f651a0b0ea7f01789381738d339615fe27423e77be7,0.7370095452,if7_legacy_anchor_when_all_sources_strongly_concordant
3gbn_h1:0001447:53a59b72e82f,53a59b72e82f3a5573bc2fc3da1d074c028efb530fe86f13b249cdde151425fb,0.3845882018,if7_legacy_anchor_when_all_sources_strongly_concordant
3gbn_h1:0001448:3c5d87ddb12d,3c5d87ddb12d610f891f82d0e1d2b398ffbbfd3d1c6059fb8e3e8af0c06f0ab2,0.2896783253,if7_legacy_anchor_when_all_sources_strongly_concordant
3gbn_h1:0001449:4fce130d0872,4fce130d0872087b8bf0f136b575ca68dcb4e70dbaea2b0ca30a05792ad28caf,0.1286673744,if7_legacy_anchor_when_all_sources_strongly_concordant
3gbn_h1:0001450:329de36487c1,329de36487c1c0c2ec08f681123a75891476325f7fddcbe6c6523244f9712f11,0.6696712673,if7_legacy_anchor_when_all_sources_strongly_concordant
3gbn_h1:0001451:9a1f2452c298,9a1f2452c298dece97d8f57d7b351d68506b0de98a8faf517dcd93837851b4f9,0.7002474467,if7_legacy_anchor_when_all_sources_strongly_concordant
3gbn_h1:0001452:de8b521025ee,de8b521025eec8174edd42c5c36e2b757489f07f948a4de0860950daff24c8cf,0.4768469433,if7_legacy_anchor_when_all_sources_strongly_concordant
3gbn_h1:0001453:b1c1fdfee668,b1c1fdfee668c7c48d6b1b81498968a5f57fef7458fe31a77b73ed35304d21c9,0.3115942031,if7_legacy_anchor_when_all_sources_strongly_concordant
3gbn_h1:0001454:f180a4163c8d,f180a4163c8d516028cb8f997c3702f1ccb2c7e8c6ecd40efd6303477b0b2264,0.9333686828,if7_legacy_anchor_when_all_sources_strongly_concordant
3gbn_h1:0001455:cf36233cd6f4,cf36233cd6f460603140202e6909d914e78c7e1e67b0eee6677c6f9ad142233b,0.08695652213,if7_legacy_anchor_when_all_sources_strongly_concordant
3gbn_h1:0001456:11a55b817460,11a55b81746048b85715f37c5c17f41bba7f27fcbe4683adc41c2a9a394f137b,0.8962530891,if7_legacy_anchor_when_all_sources_strongly_concordant
3gbn_h1:0001457:51f6ace09c4c,51f6ace09c4caa1e7f2c41834920f5bb6f8c15dafabcfc710a00197da9ee49a0,0.1795687526,if7_legacy_anchor_when_all_sources_strongly_concordant
3gbn_h1:0001458:5eb841664783,5eb84166478344924226da235f0e610e6a1109b561dff7fefd549c28368e42cb,0.9650936921,if7_legacy_anchor_when_all_sources_strongly_concordant
3gbn_h1:0001459:9bec9e8f20fe,9bec9e8f20fe7b59ec03715631a329a89c332cffbae3fd169c398e1d3f86759a,0.3886532287,if7_legacy_anchor_when_all_sources_strongly_concordant
3gbn_h1:0001460:9007d321e207,9007d321e207617e4efcc144facc9c2c830a84af1638d7b376e55f35ab20201f,0.3015199825,if7_legacy_anchor_when_all_sources_strongly_concordant
3gbn_h1:0001461:dd58b58fe463,dd58b58fe46398fea9ce79e260602f53367a9d6c0ad42dc65599d0bf5b1108e6,0.5830682417,if7_legacy_anchor_when_all_sources_strongly_concordant
3gbn_h1:0001462:2d21d7db90f5,2d21d7db90f5b750610c5d92414be232328c399b6f77e8f7151ce55c443cb647,0.9471544623,if7_legacy_anchor_when_all_sources_strongly_concordant
3gbn_h1:0001463:a7f7c2f5ef17,a7f7c2f5ef178f0c7e4dd42818ce3f027cedac975d430694fcfe23c0922a643d,0.6786850492,if7_legacy_anchor_when_all_sources_strongly_concordant
3gbn_h1:0001464:f094ab904b9f,f094ab904b9fc6e4ae14fc75a9b55607253b38f55e8957a011e158dcdb68c144,0.5979144573,if7_legacy_anchor_when_all_sources_strongly_concordant
3gbn_h1:0001465:d5c7bfea2c33,d5c7bfea2c33b18fa6d51deca9749dd95219642604f1bcfad457bdb4a7181f87,0.9819724162,if7_legacy_anchor_when_all_sources_strongly_concordant
3gbn_h1:0001466:25ac6705bd7a,25ac6705bd7ac4e2f189ec13613c8a823c87c93a6e2e8d0114b12af4f3bfac16,0.2119123389,if7_legacy_anchor_when_all_sources_strongly_concordant
3gbn_h1:0001467:7ed26ebb6ff4,7ed26ebb6ff4468427b0d5c7b551d42747e76894d4981d67b44b5676bc895464,0.5150229633,if7_legacy_anchor_when_all_sources_strongly_concordant
3gbn_h1:0001468:565963edb069,565963edb069afc143a899c466bcd793037d8f2e2eb30ecaa88569318f402b1c,0.4542241096,if7_legacy_anchor_when_all_sources_strongly_concordant
3gbn_h1:0001469:43078591cd48,43078591cd4861f420a6cba9a1df7f0c20ce3943ad5b752133a3fe43d0fd6e0a,0.6629551053,if7_legacy_anchor_when_all_sources_strongly_concordant
3gbn_h1:0001470:229464205249,22946420524956549683dcd622289b02f4d58ac7492557c8037bbca7475a6c35,0.7202191552,if7_legacy_anchor_when_all_sources_strongly_concordant
3gbn_h1:0001471:8500c6e521ab,8500c6e521ab8bf8d9b6ab897c411b47516a8e258050e018c3bb2ea554a4bb0a,0.7361258467,if7_legacy_anchor_when_all_sources_strongly_concordant
3gbn_h1:0001472:ba69486b5034,ba69486b5034013ddcaa5cbb24e20f2602f9a1090b739583d884cc651fa4d09e,0.7186285059,if7_legacy_anchor_when_all_sources_strongly_concordant
3gbn_h1:0001473:0d8ae47244bd,0d8ae47244bdc374f918551160805510c9145cae2699e49f3eae958a1d19af76,0.5758218566,if7_legacy_anchor_when_all_sources_strongly_concordant
3gbn_h1:0001474:207bf500bbe0,207bf500bbe06c835c53f19c7143f489fde630cccd67f88749d3a77a101b58ad,0.7737716635,if7_legacy_anchor_when_all_sources_strongly_concordant
3gbn_h1:0001475:c6f25279ec6b,c6f25279ec6b18d9b7868a9fd98f14ed0994648864338fde943efa7f7d8a8655,0.2066101084,if7_legacy_anchor_when_all_sources_strongly_concordant
3gbn_h1:0001476:a9f0602d7b25,a9f0602d7b2595aa52e18265c65ce285c7cd05124dd0fb18cd4ef2de538c1e1d,0.4360197981,if7_legacy_anchor_when_all_sources_strongly_concordant
3gbn_h1:0001477:1153515fb72a,1153515fb72a0e768deda88c14e31c7888fa82b4d1a1b1d1324506fa72438ccd,0.4840933283,if7_legacy_anchor_when_all_sources_strongly_concordant
3gbn_h1:0001478:6e9331a59f28,6e9331a59f2861723cbdcf9d46e40f4d2c9af6e85c16c2dbd3d58da791f51a5d,0.7082007925,if7_legacy_anchor_when_all_sources_strongly_concordant
3gbn_h1:0001479:8ad930a1d6a0,8ad930a1d6a0fa605ebfbe2ea63c5079ba416ffa69018dd2cc92d49717fac948,0.785259823,if7_legacy_anchor_when_all_sources_strongly_concordant
3gbn_h1:0001480:a0f8752cd0f6,a0f8752cd0f6833831fbb3b595dbf31b1cddce06bf2473b8071f14df1ed65c82,0.8660304149,if7_legacy_anchor_when_all_sources_strongly_concordant
3gbn_h1:0001481:c04d74dde744,c04d74dde744b0f2e96af96debeac2f2322e9bc27681ffe1b7df665bd3987672,0.8020501733,if7_legacy_anchor_when_all_sources_strongly_concordant
3gbn_h1:0001482:0939b827d59c,0939b827d59c6d11f51a1ea01007e1fba8b6c90d6d8902282201587e3f96a962,0.6392718355,if7_legacy_anchor_when_all_sources_strongly_concordant
3gbn_h1:0001483:ba257b438698,ba257b4386987f4402f932bcc052222f645d5a298ba9b95e3256b23d800bf9ba,0.9793213209,if7_legacy_anchor_when_all_sources_strongly_concordant
3gbn_h1:0001484:0475df069e1c,0475df069e1c08aa35bc16c4079d05c4be3588d768589ae433ac69994b59f73c,0.892895023,if7_legacy_anchor_when_all_sources_strongly_concordant
3gbn_h1:0001485:8a864ba8d206,8a864ba8d206e0a29adf6b2fff3f3acbc77e420d8718668c62613127183496e6,0.7849063277,if7_legacy_anchor_when_all_sources_strongly_concordant
3gbn_h1:0001486:9e2f15051158,9e2f15051158c83ac97dade2c8a7cce79c0b8e202f5b320ae84fcb43ab88cd0c,0.7594556411,if7_legacy_anchor_when_all_sources_strongly_concordant
3gbn_h1:0001487:5d8a7ae5c91a,5d8a7ae5c91add03d00fd6e8c76440fbc3a9f4e17de47127f93885e17ddd8905,0.395722871,if7_legacy_anchor_when_all_sources_strongly_concordant
3gbn_h1:0001488:e56579e2d340,e56579e2d3400a1ab7e89a69f57da99486abed44650d7e5ce064ffad5be873bd,0.2011311452,if7_legacy_anchor_when_all_sources_strongly_concordant
3gbn_h1:0001489:a3a0469c223d,a3a0469c223d6f20190563bb6479e06ad0155c4e1ebf01b8f9331363008e0ea9,0.9729586442,if7_legacy_anchor_when_all_sources_strongly_concordant
3gbn_h1:0001490:c2d11f099859,c2d11f099859d158f822289b554f2fb76c399d3369014b846b36e67f01d8ed71,0.7225167751,if7_legacy_anchor_when_all_sources_strongly_concordant
3gbn_h1:0001491:1adeb4ebd488,1adeb4ebd4887acf675c71ab49553f80f64ad6bcff019d8a5e3ba138bb47c101,0.2004241795,if7_legacy_anchor_when_all_sources_strongly_concordant
3gbn_h1:0001492:5690aa0822e7,5690aa0822e743cd8ad0cfc18599ccc459adb88e60761497c43a44463ba01109,0.8123011788,if7_legacy_anchor_when_all_sources_strongly_concordant
3gbn_h1:0001493:139f10623ee1,139f10623ee1d9076fd002f87396185f049a317750624bdb926ec68a05a96b70,0.6537645857,if7_legacy_anchor_when_all_sources_strongly_concordant
3gbn_h1:0001494:fe231cfa303d,fe231cfa303d9bd8daacb9208f79547d36195e3882274c818ed8a3984e800097,0.5146695077,if7_legacy_anchor_when_all_sources_strongly_concordant
3gbn_h1:0001495:1c8b404b7d6e,1c8b404b7d6ec939eeaac46084c5c9a5ddead4daf9c2f964aa2e4885c7cea1df,0.8533050418,if7_legacy_anchor_when_all_sources_strongly_concordant
3gbn_h1:0001496:c5897f27f029,c5897f27f0299fd942789daef995961f99ff11765d19ddf5276918536f6085cc,0.7504418592,if7_legacy_anchor_when_all_sources_strongly_concordant
3gbn_h1:0001497:ba7cb7714d61,ba7cb7714d61fd665eb3a76e68c9f3b144e39512803e26fbb08d2d746d2ac25e,0.2591021558,if7_legacy_anchor_when_all_sources_strongly_concordant
3gbn_h1:0001498:b2a00c774e04,b2a00c774e04706c51b5e61724a4c2bd4d50fa63dfa46677ebd7fa0fdb185a36,0.6208907862,if7_legacy_anchor_when_all_sources_strongly_concordant
3gbn_h1:0001499:acd7b255b6dc,acd7b255b6dc42c95c963195eb8c1c1d10b9f91b6071d3ac4aa6476552fea3e3,0.7341816823,if7_legacy_anchor_when_all_sources_strongly_concordant
3gbn_h1:0001500:63b47fa6024c,63b47fa6024c302d478d9d51f4059a58f1334c5cd329e5ada73aaeec87d749de,0.5443619688,if7_legacy_anchor_when_all_sources_strongly_concordant
3gbn_h1:0001501:37085fadd8fe,37085fadd8feebba67fd23e34eec8c23655ef5de422dd40008bec5c12e12dbb6,0.8223753969,if7_legacy_anchor_when_all_sources_strongly_concordant
3gbn_h1:0001502:bdb531ee5423,bdb531ee54234b29d89540cf0b2654c8bbfdcececd0c159f92cd551f3eda6ede,0.8319194118,if7_legacy_anchor_when_all_sources_strongly_concordant
3gbn_h1:0001503:e6faa2959527,e6faa2959527e125d27dafd062f511d5dd3e9315e64437bec0cb0b7be224bf53,0.8941321969,if7_legacy_anchor_when_all_sources_strongly_concordant
3gbn_h1:0001504:27365363dcae,27365363dcae1a06acd0468b94188983cab3152d0e0e561f403dd99692488d86,0.7165075938,if7_legacy_anchor_when_all_sources_strongly_concordant
3gbn_h1:0001505:18f554e43b20,18f554e43b209345b481d2d14a1f6b020b971d8a2e0c4ed6a11324642a40295d,0.4413220286,if7_legacy_anchor_when_all_sources_strongly_concordant
3gbn_h1:0001506:b39f3465e5be,b39f3465e5be9f81af16e226cbaa68236d5fca747c43fe158296f3afbec8ab4a,0.566101104,if7_legacy_anchor_when_all_sources_strongly_concordant
3gbn_h1:0001507:6c0461b5fea3,6c0461b5fea308ce216006584ccce5e802c40a7fda1a4ee9e8f714eed98355f5,0.02279957632,if7_legacy_anchor_when_all_sources_strongly_concordant
3gbn_h1:0001508:ba5fcf9c8eaa,ba5fcf9c8eaa181862048403244b54a8db93d0c0523fff3ba7d8da48ce29b073,0.9080947439,if7_legacy_anchor_when_all_sources_strongly_concordant
3gbn_h1:0001509:ccd617ca3de1,ccd617ca3de1bc946367b5bfdc20dc8af1dfba93a1a351f653266d99d6293304,0.6583598455,if7_legacy_anchor_when_all_sources_strongly_concordant
3gbn_h1:0001510:fcae754da779,fcae754da779a57f807ffbbc111f33cb65179c4b8cebcf83b650754dd677d428,0.9579356909,if7_legacy_anchor_when_all_sources_strongly_concordant
3gbn_h1:0001511:50f21e0dbd9d,50f21e0dbd9dfa45dd1583c37da206d8b6ed656102b0d94f47489f76f3cc48ff,0.1889360199,if7_legacy_anchor_when_all_sources_strongly_concordant
3gbn_h1:0001512:d34471108edf,d34471108edff6d77928075c6976e9e1609e7b9afcc0f20bcbf3491758eb437e,0.6578296125,if7_legacy_anchor_when_all_sources_strongly_concordant
3gbn_h1:0001513:c27034488671,c270344886711c9a6301e5f2b32bac0b9bf81a58299c541652fb321f5b4a9397,0.284199362,if7_legacy_anchor_when_all_sources_strongly_concordant
3gbn_h1:0001514:dda6147f2325,dda6147f2325cd0b7002410b6968b724020f5833ab1d8d21a8fa127a14d7dbb8,0.8290915489,if7_legacy_anchor_when_all_sources_strongly_concordant
3gbn_h1:0001515:c4e7ac1a5154,c4e7ac1a51543b90b8f0c1c32c616b3738a860023efb0b445c6382220b4e6705,0.8875927925,if7_legacy_anchor_when_all_sources_strongly_concordant
3gbn_h1:0001516:a2d0f501082f,a2d0f501082f638bf4cfce2f72cd56e2aa70065045f0b2f7de4d994af0cd3a03,0.1291975975,if7_legacy_anchor_when_all_sources_strongly_concordant
3gbn_h1:0001517:bd8caf51371b,bd8caf51371bfe17d48522675ee3b32e248122638dbcf5af957f732a5600e1d8,0.1981265445,if7_legacy_anchor_when_all_sources_strongly_concordant
3gbn_h1:0001518:33524c0d8d7a,33524c0d8d7a2089c331f8c8a8dfc7a71848aa5ce8f6107b377ac342c72642ff,0.1726758629,if7_legacy_anchor_when_all_sources_strongly_concordant
3gbn_h1:0001519:fe57b4d4ce02,fe57b4d4ce0231363309e494e99acfc3bb8f3f33e327984ba120abb22c7bcef5,0.4918699265,if7_legacy_anchor_when_all_sources_strongly_concordant
3gbn_h1:0001520:7df009e5e115,7df009e5e115c605ae15a1b363163b6e5973e140e080ec1385e34cbf7b271757,0.4616472224,if7_legacy_anchor_when_all_sources_strongly_concordant
3gbn_h1:0001521:5557e4ab95ae,5557e4ab95ae6af6c4052c51a62fc67ed3717d27dbb14842b6b6ae1df7c15f13,0.2753623178,if7_legacy_anchor_when_all_sources_strongly_concordant
3gbn_h1:0001522:ff28bc254471,ff28bc2544715ffe0a594fd2b762ddadc35afec6a1edeb76e9527dd204011910,0.5772357782,if7_legacy_anchor_when_all_sources_strongly_concordant
3gbn_h1:0001523:f62664ba4809,f62664ba48099fc221f18a5891f55be8db6052dc0d7bd03161a6023c69a80ef9,0.5256274343,if7_legacy_anchor_when_all_sources_strongly_concordant
3gbn_h1:0001524:4780767668c2,4780767668c29ee0e2f87914ae51d5041a1e563391b89903948824a598c83d44,0.2971014529,if7_legacy_anchor_when_all_sources_strongly_concordant
3gbn_h1:0001525:05b79e82300a,05b79e82300aef79e04687a7b0e8b73dab054be471b99094dbe77c48c46f3f90,0.2720042517,if7_legacy_anchor_when_all_sources_strongly_concordant
3gbn_h1:0001526:f9cbfc8191a4,f9cbfc8191a4919be9201194deb4a5fcc7e2bce5e9b890204246239ef7914c29,0.3605514367,if7_legacy_anchor_when_all_sources_strongly_concordant
3gbn_h1:0001527:a8b20f3ac6b2,a8b20f3ac6b295a6bf36a1c4be772c67092522dfacfe328c3ca36645d501a87b,0.8547189633,if7_legacy_anchor_when_all_sources_strongly_concordant
3gbn_h1:0001528:79b6c8760eec,79b6c8760eec6109c61f7dfbb45a785bb06514cbadef3e44083ae5606457d287,0.4718981981,if7_legacy_anchor_when_all_sources_strongly_concordant
3gbn_h1:0001529:74959e8aba56,74959e8aba5650d629fe1319f942077e9e03bbf3805786b746d59e30a67a7669,0.6668434143,if7_legacy_anchor_when_all_sources_strongly_concordant
3gbn_h1:0001530:8359d0d0c8f9,8359d0d0c8f95c9d8bc7a101c0e554bdcd2bd1121fbcc20ef1aa4bcac32df761,0.6187698941,if7_legacy_anchor_when_all_sources_strongly_concordant
3gbn_h1:0001531:9b38542c478b,9b38542c478ba936085a18e985a4d4b1c52b1b44b8e6e51a00bcfa8a03fad419,0.5452456673,if7_legacy_anchor_when_all_sources_strongly_concordant
3gbn_h1:0001532:5bdb8e3b9b1a,5bdb8e3b9b1adc920f016f5d8cf7a9d05b4fbb54b08ed1345398ff4ea53ed309,0.7205726306,if7_legacy_anchor_when_all_sources_strongly_concordant
3gbn_h1:0001533:3fdfdbbbb86d,3fdfdbbbb86d7e5a08c4f137071c57efc5b49ead68f1ac271d052c047af846f6,0.4900141358,if7_legacy_anchor_when_all_sources_strongly_concordant
3gbn_h1:0001534:1f61d2fad30f,1f61d2fad30f78704b683237c522351d4384ddd4e989d9371cc48a7a7d649500,0.3343937794,if7_legacy_anchor_when_all_sources_strongly_concordant
3gbn_h1:0001535:4cb0b5292d5a,4cb0b5292d5a248c464241cbfb0b3a975445b30f7722cb5ce8045c567876b30e,0.5940261583,if7_legacy_anchor_when_all_sources_strongly_concordant
3gbn_h1:0001536:5021af27b01f,5021af27b01f7107d3149d69d16ea857fef1398f3dd72dda42af176e20b9a565,0.6504064997,if7_legacy_anchor_when_all_sources_strongly_concordant
3gbn_h1:0001537:929c61c11d4e,929c61c11d4ec0e924682a892197a27f4f0d771717d007cbca260f46366e69be,0.5215623876,if7_legacy_anchor_when_all_sources_strongly_concordant
3gbn_h1:0001538:88bfdc7f0584,88bfdc7f0584c4c187ac32edf409e0a1e64369af70fa9f05683a1d39aa32562d,0.7529162367,if7_legacy_anchor_when_all_sources_strongly_concordant
3gbn_h1:0001539:76ac53f0ea90,76ac53f0ea90e9284a47701fa18805b030c7e34acb57f565ad3f1c45c6fc3e71,0.2606928249,if7_legacy_anchor_when_all_sources_strongly_concordant
3gbn_h1:0001540:242cce02692a,242cce02692ab84bff5b389153031226ee41229110925fe210067c547f231606,0.676564157,if7_legacy_anchor_when_all_sources_strongly_concordant
3gbn_h1:0001541:8332fa5cbb14,8332fa5cbb143e4660f1cf404a7a1ee37a704d0eb49150be719b2a972c6cd6d9,0.8096500635,if7_legacy_anchor_when_all_sources_strongly_concordant
3gbn_h1:0001542:e6825bcfb06b,e6825bcfb06b0f7071df108fb4d09c7b40964f8c539d1491b57271db752f6468,0.4174620013,if7_legacy_anchor_when_all_sources_strongly_concordant
3gbn_h1:0001543:e60a5a105697,e60a5a105697d541a6bdb10cd498d2850fffa274a6b24906b4664b39f98b2947,0.8432308237,if7_legacy_anchor_when_all_sources_strongly_concordant
3gbn_h1:0001544:ea007dcf333c,ea007dcf333ce4b0d66a582acba35aee43ada415232fef69007990ceb3c6a198,0.1620714019,if7_legacy_anchor_when_all_sources_strongly_concordant
3gbn_h1:0001545:344466026015,34446602601597fe36fec1671ee462521bef8ba37ca579661b11142e8eb9950e,0.3999646505,if7_legacy_anchor_when_all_sources_strongly_concordant
3gbn_h1:0001546:2770f95efee8,2770f95efee81aa86a7d1bb009e4c92cd877973d7cba4bfc261d7e5dd49360fb,0.1542947993,if7_legacy_anchor_when_all_sources_strongly_concordant
3gbn_h1:0001547:e0cdb4ad7d16,e0cdb4ad7d1633d43790f41c60bd9908ed38d00d499bec51c8910e7b69c8dd5d,0.7302933931,if7_legacy_anchor_when_all_sources_strongly_concordant
3gbn_h1:0001548:7fe8ba25617f,7fe8ba25617feb7dd19679ad3e0a3470eddf05e33dc26d1175ad80d1d93e1e88,0.7760692835,if7_legacy_anchor_when_all_sources_strongly_concordant
3gbn_h1:0001549:75e950a2d0f1,75e950a2d0f15a959cd9b448c10ecbdea53cfcd8c7058a31a01f33e39f33da8a,0.3547189733,if7_legacy_anchor_when_all_sources_strongly_concordant
3gbn_h1:0001550:337c47346a8b,337c47346a8b2a3a571990e4220d9f0ef562a88a54c3f1c14284a35c0c39c140,0.3561329146,if7_legacy_anchor_when_all_sources_strongly_concordant
3gbn_h1:0001551:d5d46692f1d2,d5d46692f1d208de3fe6fcefb4f8a6d46058387a91a9a77025d3ee5dbeaf54da,0.5853658517,if7_legacy_anchor_when_all_sources_strongly_concordant
3gbn_h1:0001552:ddba354bb6d9,ddba354bb6d9895c9d1a0840631b572747ad705f2beb073945e965de99ccca42,0.1799222355,if7_legacy_anchor_when_all_sources_strongly_concordant
3gbn_h1:0001553:d636500470fc,d636500470fc24000fa96536ace5b1555b017d89abb70baa4a5930fc8ce1e64b,0.6544715365,if7_legacy_anchor_when_all_sources_strongly_concordant
3gbn_h1:0001554:e5be96b7216f,e5be96b7216f6cf6f2dc318b3bb592a06531be22e98eed1599b5a35d4339024f,0.3418169022,if7_legacy_anchor_when_all_sources_strongly_concordant
3gbn_h1:0001555:65e2a2a3cdf1,65e2a2a3cdf1d3f0e9cf9a73c47c222304279d605521cf3840840f6e493a4c7f,0.3893601994,if7_legacy_anchor_when_all_sources_strongly_concordant
3gbn_h1:0001556:c4554f4ecbf0,c4554f4ecbf0c3dcd19dde4d31096df0f753ce945ad64c618f4e0d4064d9cb5c,0.7955107888,if7_legacy_anchor_when_all_sources_strongly_concordant
3gbn_h1:0001557:523076a53d28,523076a53d2859b9aec40000be18bad62520c64f69a7c837e1145be4eebd5259,0.796571215,if7_legacy_anchor_when_all_sources_strongly_concordant
3gbn_h1:0001558:d69380b9619c,d69380b9619c161a2e5d6f1322eac9e3fd9ac0d883dea0732ee2fa794faeb299,0.8529515863,if7_legacy_anchor_when_all_sources_strongly_concordant
3gbn_h1:0001559:a9cdc9da8dbb,a9cdc9da8dbbcc53ea94a068e3d8caabc82365397d65186ea83a2b70e2669cfd,0.5086602966,if7_legacy_anchor_when_all_sources_strongly_concordant
3gbn_h1:0001560:fa860a9c640e,fa860a9c640e8f458788a02147c0792ac73005c36c744b94de3c62f719491490,0.8430540761,if7_legacy_anchor_when_all_sources_strongly_concordant
3gbn_h1:0001561:5500358cb160,5500358cb160500c880bc3f4738d9c10eb1cc99d3ea398ee844143a99381b417,0.6058677832,if7_legacy_anchor_when_all_sources_strongly_concordant
3gbn_h1:0001562:163b3dda20fd,163b3dda20fde02786295fa09932e69d5eba9964ea710539a4e7f43d45466708,0.216330866,if7_legacy_anchor_when_all_sources_strongly_concordant
3gbn_h1:0001563:d0036986a929,d0036986a9293312e4f0f17261942e4561fd7e2b2ac37c492a4a5f0b0601db8b,0.7138564785,if7_legacy_anchor_when_all_sources_strongly_concordant
3gbn_h1:0001564:5d2c8d104352,5d2c8d1043525966a14fd23362f96c9814d3ed6d307cacf589760a78da1bab99,0.5874867439,if7_legacy_anchor_when_all_sources_strongly_concordant
3gbn_h1:0001565:a70568edf7ec,a70568edf7ec896ef976a455b6dcce4831437cb4a6d321b1cff781cfd69207eb,0.4586426318,if7_legacy_anchor_when_all_sources_strongly_concordant
3gbn_h1:0001566:899af471f99a,899af471f99afd0ef92f5aeb83c129f4c385666d9dddb11bcd930a4c33796c73,0.2873806953,if7_legacy_anchor_when_all_sources_strongly_concordant
3gbn_h1:0001567:32fd05b07263,32fd05b07263bab0719304101ea3eb59174bdc6f4b3c25af4829d6c4c6ad4edc,0.4964651764,if7_legacy_anchor_when_all_sources_strongly_concordant
3gbn_h1:0001568:3cb49cc5904e,3cb49cc5904ea84888ebaee3e010855bd58f444d1814b620cc3c6d4fe23edad0,0.7389536897,if7_legacy_anchor_when_all_sources_strongly_concordant
3gbn_h1:0001569:82876b7bacf8,82876b7bacf8c42f6191c8ca81bc3249b04f39282d3c4293cf0f21dc2ed65513,0.7979851564,if7_legacy_anchor_when_all_sources_strongly_concordant
3gbn_h1:0001570:22f526b84809,22f526b848091d3119835a4bfbf36a7e604167e9a7ad024bd0fb4e4cb50525df,0.3778720349,if7_legacy_anchor_when_all_sources_strongly_concordant
3gbn_h1:0001571:927e9baff903,927e9baff9035e2db7accdce7be6de54ef648d5823d630a86d18fa0f37201141,0.4816189508,if7_legacy_anchor_when_all_sources_strongly_concordant
3gbn_h1:0001572:cbe5a91a9f59,cbe5a91a9f590200924a5450bfa804d4e05c9bd3277e304516f676c26a623a6b,0.4738423526,if7_legacy_anchor_when_all_sources_strongly_concordant
3gbn_h1:0001573:a6b029e47091,a6b029e470915b005957b98fd5e25b90a87ede53f626a9cba30a665ec9a38e74,0.7992223302,if7_legacy_anchor_when_all_sources_strongly_concordant
3gbn_h1:0001574:399be40f3b45,399be40f3b458ef0087bf7e0aca2a3ab01407013f8f5f342aa5cd7baf96ec8c7,0.8114174605,if7_legacy_anchor_when_all_sources_strongly_concordant
3gbn_h1:0001575:994746c8ef9e,994746c8ef9ec36050a34055674eb477aec23d82e9cf09a6fcee4d1fa2b3f990,0.2278190274,if7_legacy_anchor_when_all_sources_strongly_concordant
3gbn_h1:0001576:4edbe842bc31,4edbe842bc31968de25733f70fa41e39936e089e9aa399c280733a63856f1111,0.6173559626,if7_legacy_anchor_when_all_sources_strongly_concordant
3gbn_h1:0001577:b08b9af58714,b08b9af58714b007d69a71cf6a4b7c8a2b8c720a29de25189bc7090dfa0428cc,0.8785789808,if7_legacy_anchor_when_all_sources_strongly_concordant
3gbn_h1:0001578:c78d54e5a87d,c78d54e5a87d154165ede5096ca0b9ac898b8b0c1046868e639b8ace69abfff8,0.7967479626,if7_legacy_anchor_when_all_sources_strongly_concordant
3gbn_h1:0001579:1a5c665ec4d0,1a5c665ec4d02246b08e8808dd5e4ab134dbc78ff06cfafbf2abe1baae28f79b,0.7819017172,if7_legacy_anchor_when_all_sources_strongly_concordant
3gbn_h1:0001580:00be432ced0f,00be432ced0f1969e476070b859e53c3e69b7a3d6b89dbe54c8a69d46ecd49e1,0.8918345769,if7_legacy_anchor_when_all_sources_strongly_concordant
3gbn_h1:0001581:94dae9b3dc39,94dae9b3dc39e624344519eef7b1d4b7f554bf0eb3b4fec6dbe3a9eefd1c4ad5,0.638388137,if7_legacy_anchor_when_all_sources_strongly_concordant
3gbn_h1:0001582:28cde1c21c8d,28cde1c21c8d693609ad8b4b6e4868a527fff6b05bf59109c7a72c09b7810a86,0.9342523813,if7_legacy_anchor_when_all_sources_strongly_concordant
3gbn_h1:0001583:bbb904df73e9,bbb904df73e965d4b7391866255244585ef3bca198d94dd0a60db3e6b2b7ed33,0.9551078081,if7_legacy_anchor_when_all_sources_strongly_concordant
3gbn_h1:0001584:f9863b3566cf,f9863b3566cf9bb5e3b8be601400f9e1c78eccbc405eaebe0a2377d18aec3890,0.7414280573,if7_legacy_anchor_when_all_sources_strongly_concordant
3gbn_h1:0001585:cb2e7f6cc722,cb2e7f6cc722cc68130c4184f90b353ec804bffe3e935a7d1bbe05c0bb61c9d6,0.4676564336,if7_legacy_anchor_when_all_sources_strongly_concordant
3gbn_h1:0001586:42bc23f2d9c8,42bc23f2d9c8253c4972e6c795ff760e8dc26d512afd12f4cee4c92f8d14d5f2,0.8213149707,if7_legacy_anchor_when_all_sources_strongly_concordant
3gbn_h1:0001587:aa3c2080f1ec,aa3c2080f1ecbdacf2c189ea46d4832a1850a12db517df80206ce8da301e23e5,0.8363379439,if7_legacy_anchor_when_all_sources_strongly_concordant
3gbn_h1:0001588:db8158478c0b,db8158478c0b408ceefe772954bdce5e1150a5ceaa86d5232135c65e6ae56514,0.3886532286,if7_legacy_anchor_when_all_sources_strongly_concordant
3gbn_h1:0001589:17cf73d7a0c3,17cf73d7a0c369cd451d9192f73d38e12c24960d71e3fd8faeed7d9b6c0df0c6,0.7355956236,if7_legacy_anchor_when_all_sources_strongly_concordant
3gbn_h1:0001590:0b156560b309,0b156560b3094f92c215bbe8f7b796eaec0b71d496755664166fe6484538644d,0.2064333657,if7_legacy_anchor_when_all_sources_strongly_concordant
3gbn_h1:0001591:8b41d26c29c2,8b41d26c29c2899c86acaa76e606ef4e505e03202367cacc8d928a880699edf3,0.548250258,if7_legacy_anchor_when_all_sources_strongly_concordant
3gbn_h1:0001592:1de190f9fab6,1de190f9fab6346db78b5f6cef192a6173500a333e4a9beea006a1c4cb7ac39f,0.6399787863,if7_legacy_anchor_when_all_sources_strongly_concordant
3gbn_h1:0001593:7ab64af6ba17,7ab64af6ba1780d0191626df9de4679b613b37df9190dbd3a5f3d44f0f8042b7,0.3837044934,if7_legacy_anchor_when_all_sources_strongly_concordant
3gbn_h1:0001594:240985d2cb0d,240985d2cb0de67b74e7c099ed8391444b1e52fecfa5b9d9ef10bcef8c5e0c5f,0.3844114443,if7_legacy_anchor_when_all_sources_strongly_concordant
3gbn_h1:0001595:7ed4c1cd3fab,7ed4c1cd3fab72083581b6ce71fafccc8f2b2a37478b13d9ea2c3932446b3f5f,0.2863202542,if7_legacy_anchor_when_all_sources_strongly_concordant
3gbn_h1:0001596:8670a19f8a9f,8670a19f8a9f6923604281b2a6478665c21bb1dccd847b7063bce223bbb5bd61,0.9323082367,if7_legacy_anchor_when_all_sources_strongly_concordant
3gbn_h1:0001597:748b6ccddef5,748b6ccddef5cd12f5f9d4cab2d792e776bb59a6efe43a0b713c9f4ef3acde82,0.3953693906,if7_legacy_anchor_when_all_sources_strongly_concordant
3gbn_h1:0001598:5ee49c357349,5ee49c3573492774a7b74b603bcf5836fdde319fa9e1c037afd28500d7e003bb,0.830151995,if7_legacy_anchor_when_all_sources_strongly_concordant
3gbn_h1:0001599:c3d74cfc9297,c3d74cfc9297f5e2bff877cb4d60a8745ee3c2fb85deafeb9b3dffdde5e0ad15,0.1097560997,if7_legacy_anchor_when_all_sources_strongly_concordant
3gbn_h1:0001600:b1dcdac04ae4,b1dcdac04ae431a4e75ae921fe9b5c01f1a28908382d9966ba9a9b1463de9bea,0.3918345769,if7_legacy_anchor_when_all_sources_strongly_concordant
3gbn_h1:0001601:7092d442f7b2,7092d442f7b2a7583a58f14f08d7f2982edc4bbb62d1f4464b7eb33d783ae471,0.7990456224,if7_legacy_anchor_when_all_sources_strongly_concordant
3gbn_h1:0001602:120d1e82234c,120d1e82234ca271f298488d8cba2e954875c8456636699d8d882ad6a3ac6da6,0.2131495327,if7_legacy_anchor_when_all_sources_strongly_concordant
3gbn_h1:0001603:6dfc84d4b4e5,6dfc84d4b4e577fdd9b88b1005bef326fbe114e25902e1a8eae9ade00ab26489,0.6048073371,if7_legacy_anchor_when_all_sources_strongly_concordant
3gbn_h1:0001604:111d4df50743,111d4df50743530e8a6b0487e0817284f5efc0e99ddc4a63bf4f647aa8af0df3,0.1334393769,if7_legacy_anchor_when_all_sources_strongly_concordant
3gbn_h1:0001605:69871bec7a46,69871bec7a4647c5df5b82b91b3b2874a1b33b1d5a0ec5c1c36d55228cae8e52,0.4153410991,if7_legacy_anchor_when_all_sources_strongly_concordant
3gbn_h1:0001606:3da3bf5649af,3da3bf5649af16f487f113e5b686dd7ab2a0b8d332b9c75406d5e907b4bc1ce5,0.2739483962,if7_legacy_anchor_when_all_sources_strongly_concordant
3gbn_h1:0001607:8b62ceccf1cf,8b62ceccf1cfda1e35f21002998e9e4524aa27aed6d16b29b18df44f593ed037,0.4892188112,if7_legacy_anchor_when_all_sources_strongly_concordant
3gbn_h1:0001608:874eed874299,874eed8742992dafb4572615b4e385e8b2ecfadf92c118b45f06a96db1123dab,0.3158359826,if7_legacy_anchor_when_all_sources_strongly_concordant
3gbn_h1:0001609:061a7dc5cab3,061a7dc5cab3b315b15fe032f5772d2e8f27e372125038101de687ad6632db1a,0.8598444859,if7_legacy_anchor_when_all_sources_strongly_concordant
3gbn_h1:0001610:c1b2b9177f14,c1b2b9177f149eb9a755e2f0ec63c3e9c710d672baf6518977716b8004542d03,0.8248497645,if7_legacy_anchor_when_all_sources_strongly_concordant
3gbn_h1:0001611:20c90dfbd309,20c90dfbd3096130b674695fbc6415053f9fc28838d046f926747bacb36c9b28,0.5761753122,if7_legacy_anchor_when_all_sources_strongly_concordant
3gbn_h1:0001612:af6bb2f4a322,af6bb2f4a322a8721a2e8b7ea1b03ee3bdc1c206ddc3fef25c4e10c37b082d86,0.6383881171,if7_legacy_anchor_when_all_sources_strongly_concordant
3gbn_h1:0001613:c8a9c56f9914,c8a9c56f9914b70f44871b5d54f41c9ef13dd885e111f3cddf6766d1722b7cfb,0.5194415053,if7_legacy_anchor_when_all_sources_strongly_concordant
3gbn_h1:0001614:9d99419fa4fc,9d99419fa4fc0337ccfdccf48bf0de3bdbf3c294b8a6f386231719b0786caf3f,0.6804524462,if7_legacy_anchor_when_all_sources_strongly_concordant
3gbn_h1:0001615:beb975c2ccb5,beb975c2ccb56a6782457e7ffa594ba5a47923756388d03d70836c3b22797983,0.5302226941,if7_legacy_anchor_when_all_sources_strongly_concordant
3gbn_h1:0001616:035bcbfe1474,035bcbfe1474e318a0941ed16a25165dcee6cf258b714b49469ea3cc0a9fca63,0.3168964386,if7_legacy_anchor_when_all_sources_strongly_concordant
3gbn_h1:0001617:f2581679e300,f2581679e300a84b01627a876d9808b1aed7a4f1f7e028d3b238cd820a5df3ff,0.396253099,if7_legacy_anchor_when_all_sources_strongly_concordant
3gbn_h1:0001618:d618ee53e48b,d618ee53e48b7b41f7a5b8081f91af6ee0a20d0393529f4713c037afd401026b,0.2636974181,if7_legacy_anchor_when_all_sources_strongly_concordant
3gbn_h1:0001619:38b57f2c143d,38b57f2c143d87c57088fcf0ab51864ccbe7431f54dbe3dbe84e9f5b59d6b83c,0.4908094903,if7_legacy_anchor_when_all_sources_strongly_concordant
3gbn_h1:0001620:9ab3a873d9d3,9ab3a873d9d3350572f82b26881fd46b4165d36321b78c4088166387130758e5,0.1864616473,if7_legacy_anchor_when_all_sources_strongly_concordant
3gbn_h1:0001621:325855ba4639,325855ba46397a992745deb637bdf725d533cafd6f7542d65106f30671faa919,0.8628490567,if7_legacy_anchor_when_all_sources_strongly_concordant
3gbn_h1:0001622:6de5d018e71a,6de5d018e71a3491927bc0b996007a44780a953c657a1417aa63227f13eb967e,0.4826793969,if7_legacy_anchor_when_all_sources_strongly_concordant
3gbn_h1:0001623:7353b9a16d9f,7353b9a16d9f1d4f9220cc08150d729d466fae9b531ebaf7fb5f7006cd1e0c2b,0.9749027888,if7_legacy_anchor_when_all_sources_strongly_concordant
3gbn_h1:0001624:d26c83692976,d26c836929761d2e7f630ae494405055f167fb8f48ef7b6055a5827f44256689,0.8343937794,if7_legacy_anchor_when_all_sources_strongly_concordant
3gbn_h1:0001625:a09b82dee38c,a09b82dee38c655e966c195d31b89585bdd0557565e80f874dbd67950d1b322d,0.8934252461,if7_legacy_anchor_when_all_sources_strongly_concordant
3gbn_h1:0001626:9aec11ceb159,9aec11ceb159db33a81d61bf30b598a9e09e21f9f2b8e2d227359f3a1606ae4e,0.2905620386,if7_legacy_anchor_when_all_sources_strongly_concordant
3gbn_h1:0001627:8dc787ddf643,8dc787ddf643da9c3548e7f9fad2f8ba9fce7206805ad716a755223b6d6cf1d0,0.9710144996,if7_legacy_anchor_when_all_sources_strongly_concordant
3gbn_h1:0001628:c2e6e94fc929,c2e6e94fc9297cf8fc184165d5d9206bef32315e0d481120b2d575168fc507c1,0.6638388236,if7_legacy_anchor_when_all_sources_strongly_concordant
3gbn_h1:0001629:678d41bc2cbe,678d41bc2cbeaa474d2fe04ed1ec9949967a391a89373435a003a8b36b1e7207,0.5837752024,if7_legacy_anchor_when_all_sources_strongly_concordant
3gbn_h1:0001630:4bee1f70f95a,4bee1f70f95a20a153b4c05194bc901b3183f835a82b3be194ece06cc325f60d,0.7958642642,if7_legacy_anchor_when_all_sources_strongly_concordant
3gbn_h1:0001631:1bbb00bc0522,1bbb00bc052263969bf6ac3362dbc196a76dcd9e1e9a6a1f3de2d25062e4700f,0.8384588162,if7_legacy_anchor_when_all_sources_strongly_concordant
3gbn_h1:0001632:277f2c32622b,277f2c32622bc6a26de34ff26c50576d87d5792d0d3ca087c9c21a73a102f76c,0.4422057271,if7_legacy_anchor_when_all_sources_strongly_concordant
3gbn_h1:0001633:c7190d9842eb,c7190d9842ebb65c7e670126e30b71302dd2102ba0b8ae56d87e50660ba97a06,0.4529869159,if7_legacy_anchor_when_all_sources_strongly_concordant
3gbn_h1:0001634:477bf350e697,477bf350e69790d94de7518a7cfd2efaab8bbfe1e3257b4a86ffca859154b856,0.2481442243,if7_legacy_anchor_when_all_sources_strongly_concordant
3gbn_h1:0001635:1d33c5b8a730,1d33c5b8a7303a967b19750a9d62e16203d4c8491390234daa0774313532a7ed,0.6615411838,if7_legacy_anchor_when_all_sources_strongly_concordant
3gbn_h1:0001636:7b47a42da712,7b47a42da712438d676a634002d8d349d1f06a1a514fce88904ecf1dfa5f5eaa,0.8875927925,if7_legacy_anchor_when_all_sources_strongly_concordant
3gbn_h1:0001637:8651aa729f9f,8651aa729f9f7fb4a999c480d5d3e4f61e15db675098cd49e145c6c53027d5a3,0.5957935651,if7_legacy_anchor_when_all_sources_strongly_concordant
3gbn_h1:0001638:37431ac4a2f7,37431ac4a2f7658a11f7c7f977bf148e06b79b1ebd9e9253b6d6796e68b5c81a,0.07608695702,if7_legacy_anchor_when_all_sources_strongly_concordant
3gbn_h1:0001639:8252958f9839,8252958f9839461047e0e2dafc822705186f51c0360ce566132b07545fa2cd7d,0.6652527451,if7_legacy_anchor_when_all_sources_strongly_concordant
3gbn_h1:0001640:676f67e2e1f4,676f67e2e1f43c0488679249332176b8bbb8eb2b7c449941b842d3abdd58b937,0.5715800772,if7_legacy_anchor_when_all_sources_strongly_concordant
3gbn_h1:0001641:1a248a609530,1a248a6095307bb44acfc14379fe470e07a13ca1f7592999aa5d0b6462424126,0.2811947614,if7_legacy_anchor_when_all_sources_strongly_concordant
3gbn_h1:0001642:36ed5bef9bf4,36ed5bef9bf4f8c9f9360e194ff84331ea5f666631c98af2a75c46e13defd934,0.6279604236,if7_legacy_anchor_when_all_sources_strongly_concordant
3gbn_h1:0001643:072cf58f73d2,072cf58f73d22b1b5e31faeba0ea1a398509b4004242c2ba4154b743b3c245d4,0.1686108112,if7_legacy_anchor_when_all_sources_strongly_concordant
3gbn_h1:0001644:2f99aa1104d6,2f99aa1104d6fe5642c3b75ff14ad3e9dc05dab63f631af9d2310b6acfda8888,0.9280664523,if7_legacy_anchor_when_all_sources_strongly_concordant
3gbn_h1:0001645:7c6a2766e9af,7c6a2766e9afc7006bb691bbc00275a633ffd3867cf7a86408e11406f4537742,0.1132909122,if7_legacy_anchor_when_all_sources_strongly_concordant
3gbn_h1:0001646:0c86a5eba3c5,0c86a5eba3c5e2d8fa1b896f46593ca5bedf3eac4831161b105171e6282b03c0,0.2523860037,if7_legacy_anchor_when_all_sources_strongly_concordant
3gbn_h1:0001647:6e67cdd36e04,6e67cdd36e04126ef7760035b263d63e8391a58c08e783491bcbc3d599417783,0.9358430505,if7_legacy_anchor_when_all_sources_strongly_concordant
3gbn_h1:0001648:947f12d2100c,947f12d2100c93d6d61878aeb97559bed27c2d124bc9449f6f39564820f29f6b,0.06044538535,if7_legacy_anchor_when_all_sources_strongly_concordant
3gbn_h1:0001649:ed8ddb596210,ed8ddb596210071d60f65b32705642d8591b910ba08b60732ec7665f05d84049,0.2727112025,if7_legacy_anchor_when_all_sources_strongly_concordant
3gbn_h1:0001650:70b949008d87,70b949008d876592c4cfb6589130502ae12ac7648c0bba2c102c740a4331ece3,0.6693177819,if7_legacy_anchor_when_all_sources_strongly_concordant
3gbn_h1:0001651:bdad1dbb8e43,bdad1dbb8e434447b63749297f6dc07c0a5d6b42667d1f09b9849c9f6128697e,0.3531283165,if7_legacy_anchor_when_all_sources_strongly_concordant
3gbn_h1:0001652:b9ccf7311f43,b9ccf7311f438bb115f89ccd74179819c84ed232a043bc7bbb85b06e30b96f37,0.3002827962,if7_legacy_anchor_when_all_sources_strongly_concordant
3gbn_h1:0001653:b98513eeb1fc,b98513eeb1fcaf1128fee8fec3ae4e03a1bf0acdc995dff7b08cff53d5434997,0.8188405832,if7_legacy_anchor_when_all_sources_strongly_concordant
3gbn_h1:0001654:073dcf18fd38,073dcf18fd38fe024c0cda904a35fd5078d3bc1048384769845cbba119134c79,0.702368329,if7_legacy_anchor_when_all_sources_strongly_concordant
3gbn_h1:0001655:619caa8e82f2,619caa8e82f280910fd980380e743934666fbf641e61d91e5b9af742ed20d312,0.4589961072,if7_legacy_anchor_when_all_sources_strongly_concordant
3gbn_h1:0001656:49538c89bc65,49538c89bc654521a6549e351a1063702cc292fbd220f065446d5b1edfcf2b81,0.8073524237,if7_legacy_anchor_when_all_sources_strongly_concordant
3gbn_h1:0001657:69551e151eeb,69551e151eeb5072d37613762593e29977c77432feed17ab14d1eda35d6b2263,0.6783315639,if7_legacy_anchor_when_all_sources_strongly_concordant
3gbn_h1:0001658:f8425bcf6057,f8425bcf605707c61e62dfdae01e6f3f342f9e6a0aee5ee5fdb142b1fa4cd998,0.6542947888,if7_legacy_anchor_when_all_sources_strongly_concordant
3gbn_h1:0001659:3657ef36fc30,3657ef36fc308ffc6b35d4cea6eff79924a802955f426697b868005f4e2d7976,0.5510781209,if7_legacy_anchor_when_all_sources_strongly_concordant
3gbn_h1:0001660:a018b0b35cd0,a018b0b35cd0a589e2ec1293ce0f460f49a4c0b6cba4761375d955f88b6288dc,0.3124779028,if7_legacy_anchor_when_all_sources_strongly_concordant
3gbn_h1:0001661:8fc555d87d0e,8fc555d87d0e80d4e921d5e6e8f801c25e840bd57ffe348b9dd6d9522b999eb9,0.7021915913,if7_legacy_anchor_when_all_sources_strongly_concordant
3gbn_h1:0001662:86d57afd3fd9,86d57afd3fd98e8c3fcb0ed31759f8d168cd27848f2855ef0f4b7f1683abfab4,0.9356663227,if7_legacy_anchor_when_all_sources_strongly_concordant
3gbn_h1:0001663:34120b624432,34120b6244324c2fa52336542a76bb161cf8e114c5a76cb9dd5f0683d3cd108d,0.7672322393,if7_legacy_anchor_when_all_sources_strongly_concordant
3gbn_h1:0001664:e31fd7d8cc8a,e31fd7d8cc8a0af5f140706bce8494633fc560a92e591195aa3615b141e2e545,0.7232237458,if7_legacy_anchor_when_all_sources_strongly_concordant
3gbn_h1:0001665:7ea3495f0563,7ea3495f05630da91549745896e63bffc201aed4ef3637178d9ad3c57385b9f9,0.7041357359,if7_legacy_anchor_when_all_sources_strongly_concordant
3gbn_h1:0001666:2ec65dfdede5,2ec65dfdede52815746fd6386a4ff74b66462ff8c00e89e992cacbf3b3fd511d,0.858253777,if7_legacy_anchor_when_all_sources_strongly_concordant
3gbn_h1:0001667:c83b7ce8dffb,c83b7ce8dffb2a090f3fb5371e45751da6bf160f1c806054c9116c5639f09ff5,0.5945563813,if7_legacy_anchor_when_all_sources_strongly_concordant
3gbn_h1:0001668:d2848f0785ed,d2848f0785ed9f6e87a735274f46e96aa742ef052116b470fbaeb1f5fcca3a7d,0.1433368698,if7_legacy_anchor_when_all_sources_strongly_concordant
3gbn_h1:0001669:199aad3aab7b,199aad3aab7b2f2848ea3bc1c0e7b5a1b30a86075db5fb646041f60e4b6412a5,0.1636620711,if7_legacy_anchor_when_all_sources_strongly_concordant
3gbn_h1:0001670:c973d9d7728f,c973d9d7728f6b23269625faae607caab5119546e9fe1b5bc028bbe7a739dc81,0.7036055128,if7_legacy_anchor_when_all_sources_strongly_concordant
3gbn_h1:0001671:dfc46a4c517a,dfc46a4c517a43282a51fbe9cdb11b2a2497049a753de6c8a4ab52c254f60456,0.5586779713,if7_legacy_anchor_when_all_sources_strongly_concordant
3gbn_h1:0001672:d6ecc06f160f,d6ecc06f160fbb736883cfdc91c752a6487740afa0e6e3f6d932214aed77e20d,0.7265818318,if7_legacy_anchor_when_all_sources_strongly_concordant
3gbn_h1:0001673:3eb249c639e5,3eb249c639e569e30ac4c01a2b261de51cb3dc741fbf1c8874a81756b525c7ba,0.9123365283,if7_legacy_anchor_when_all_sources_strongly_concordant
3gbn_h1:0001674:a675c081c4b0,a675c081c4b0c9f3027df235d9bdfe18f900ba2b018398fc445432b34a04e4ea,0.9531636635,if7_legacy_anchor_when_all_sources_strongly_concordant
3gbn_h1:0001675:21eb7745051f,21eb7745051f3c6e8a13533e51c82334d529f7fe61b524a9b3924a6f2d2c0cba,0.3142453184,if7_legacy_anchor_when_all_sources_strongly_concordant
3gbn_h1:0001676:685857bd5560,685857bd5560a932fa702dde92df71d5e6b3c7b30415ae68a59cc27736c3bfcd,0.6808059514,if7_legacy_anchor_when_all_sources_strongly_concordant
3gbn_h1:0001677:a9478afa579d,a9478afa579d5d38a9aee3fa9bfacb52b5367162580955ad6b4c033159ef7fb7,0.5379993121,if7_legacy_anchor_when_all_sources_strongly_concordant
3gbn_h1:0001678:8705e1c9cdff,8705e1c9cdff73eb67588209cc72b76b048db84102be9a9b93f0e6e090532e70,0.8039943377,if7_legacy_anchor_when_all_sources_strongly_concordant
3gbn_h1:0001679:4d1fa48846e4,4d1fa48846e4dff08dba4d0dd8db8f9377b9d7129eb270aae527143b403eafc7,0.5501944224,if7_legacy_anchor_when_all_sources_strongly_concordant
3gbn_h1:0001680:1a1e0946bdc4,1a1e0946bdc4e24dac8106d14f03bac70137be8e6594e4c57fdc5074fe15610b,0.1344998243,if7_legacy_anchor_when_all_sources_strongly_concordant
3gbn_h1:0001681:ac361c18c0d7,ac361c18c0d77936fe3d436c20b753cb2b8afc47d3a466b13ac9e64e99bb02da,0.7817249894,if7_legacy_anchor_when_all_sources_strongly_concordant
3gbn_h1:0001682:2b305f4b6862,2b305f4b686206139f6707ed5f64f7534def045d79bb64c1d12351e782c66c34,0.2338282118,if7_legacy_anchor_when_all_sources_strongly_concordant
3gbn_h1:0001683:25902a01dbe4,25902a01dbe4157fcadd3b8e436db54081f95647b4055fdc0e97d405a5b2da7c,0.9501590729,if7_legacy_anchor_when_all_sources_strongly_concordant
3gbn_h1:0001684:90a8630b64f2,90a8630b64f2b94e5ccbe52750327c97eed7370de9b3a0626afa52566afe91f1,0.3617886156,if7_legacy_anchor_when_all_sources_strongly_concordant
3gbn_h1:0001685:f73d21599fdd,f73d21599fdd200fd5840a0e2e2586de13e1e14704a0b63b68dd26d8edb9bcd8,0.3808766355,if7_legacy_anchor_when_all_sources_strongly_concordant
3gbn_h1:0001686:2cca9feb7531,2cca9feb7531bd56364d303c2dbd776c0b42f88f77965f10f32f652bade26a8a,0.5957935651,if7_legacy_anchor_when_all_sources_strongly_concordant
3gbn_h1:0001687:4af009846d23,4af009846d239df8be032197286f92c62d26fc21216a7b24b9ac4ebc920dbcb3,0.6811594069,if7_legacy_anchor_when_all_sources_strongly_concordant
3gbn_h1:0001688:a90d673d7e3e,a90d673d7e3effe2aa07871dd15d3e1cc8a881301c50270cc17463a4b847f4db,0.5109579464,if7_legacy_anchor_when_all_sources_strongly_concordant
3gbn_h1:0001689:37ab0e9d9194,37ab0e9d91943bf65d68483574248ff7460cf7eb113c13c97afa6612827621a0,0.6825733384,if7_legacy_anchor_when_all_sources_strongly_concordant
3gbn_h1:0001690:628a108f5097,628a108f5097b4f4ffdbb4f927d0a3dbf0ce450d8abf397f56bd114c5ce10c13,0.9390244087,if7_legacy_anchor_when_all_sources_strongly_concordant
3gbn_h1:0001691:85e2320b500c,85e2320b500c508c9a82197595f411bafa71f585329bfb0e1e7560e2fe15ceea,0.186108162,if7_legacy_anchor_when_all_sources_strongly_concordant
3gbn_h1:0001692:4e062bc2842f,4e062bc2842f4cf8d01bc7d73b4c3e9690e4e8bed04a4e71b00fc9897b38341a,0.2504418542,if7_legacy_anchor_when_all_sources_strongly_concordant
3gbn_h1:0001693:84d4c40a3568,84d4c40a35684b17b76c6cf1bfa28f6d92120830d0580c1bcefef50948f209da,0.6606574655,if7_legacy_anchor_when_all_sources_strongly_concordant
3gbn_h1:0001694:30d09a3ed194,30d09a3ed19444177e6228f821629b2e16c410e9f6a76ebdbf72123018daa164,0.5740544498,if7_legacy_anchor_when_all_sources_strongly_concordant
3gbn_h1:0001695:70bf8fa0f197,70bf8fa0f197ae37f842d2cf392052f9aeace8a51e1b517f3c6bef710350bc25,0.5996818542,if7_legacy_anchor_when_all_sources_strongly_concordant
3gbn_h1:0001696:2cc367ac1228,2cc367ac1228992d93b918c07405a5cbc7a25477369fc6d8bd2bde726a3edd9e,0.1735595638,if7_legacy_anchor_when_all_sources_strongly_concordant
3gbn_h1:0001697:267c72231df7,267c72231df7bff32974e22bf0abc858c86a2220217b0285c1fa5a03e3f90745,0.5210321645,if7_legacy_anchor_when_all_sources_strongly_concordant
3gbn_h1:0001698:70dbb67f66da,70dbb67f66da5ddab2d313a8bd2e3f6f8f10655c2d7a0cfd633b068b949779c1,0.7826087077,if7_legacy_anchor_when_all_sources_strongly_concordant
3gbn_h1:0001699:a05097eaa606,a05097eaa60624d0c5256123dd3f54eab14a2a74d12d8c63c1ade4caf7101e9c,0.5277483066,if7_legacy_anchor_when_all_sources_strongly_concordant
3gbn_h1:0001700:21d374d3ce1b,21d374d3ce1bd02dbb030ff259c2de573c3c46faf6021b1d8dd17ab21482bc56,0.9432661732,if7_legacy_anchor_when_all_sources_strongly_concordant
3gbn_h1:0001701:faa8df2a320a,faa8df2a320aacf8a5e200348bc5a13b677b036f3ca6dfb56cc48c70b73485ff,0.9464475115,if7_legacy_anchor_when_all_sources_strongly_concordant
3gbn_h1:0001702:6f404da123d6,6f404da123d6b79bf3394500feb6df4b9d540aefe097aa77eab2d19c20e002d0,0.5316366255,if7_legacy_anchor_when_all_sources_strongly_concordant
3gbn_h1:0001703:1fcfdcbddb6e,1fcfdcbddb6e7c77b4950bc70df18e9cde75fcce9280b3e2af8e18c6f4604f05,0.5169671178,if7_legacy_anchor_when_all_sources_strongly_concordant
3gbn_h1:0001704:470d2fc1bc6c,470d2fc1bc6cc741878344fea4fe0e18f4ced24e3d29860dd7214028daf83ea5,0.5376458168,if7_legacy_anchor_when_all_sources_strongly_concordant
3gbn_h1:0001705:226eb3e483e5,226eb3e483e577e7c5a07cdb46d5f7064db78f1bedff7d93b8b20933e1129ce4,0.3518911203,if7_legacy_anchor_when_all_sources_strongly_concordant
3gbn_h1:0001706:213fde5f682e,213fde5f682ef8a82f4a56365ee10731b493ca0bcf37457a162135064ce6e861,0.1910569122,if7_legacy_anchor_when_all_sources_strongly_concordant
3gbn_h1:0001707:10f1d006e940,10f1d006e940279efc8faded5d79f86525f790d2088027a7d18fc9b4e71b9bb2,0.6422764262,if7_legacy_anchor_when_all_sources_strongly_concordant
3gbn_h1:0001708:43e8342cb784,43e8342cb78413fa35bc2059c7632151645c2e0049561eeacb28cccef117f420,0.87787203,if7_legacy_anchor_when_all_sources_strongly_concordant
3gbn_h1:0001709:8d4f7423af07,8d4f7423af076dce19dd056e0fbd183c849b466cf0ba2577f1eb1c05fe8bd56d,0.5494874617,if7_legacy_anchor_when_all_sources_strongly_concordant
3gbn_h1:0001710:be20e7e23673,be20e7e2367354d1bbb7bc433687ee9423d814bd97dfb37a2bf5fce2679a9d48,0.5021209021,if7_legacy_anchor_when_all_sources_strongly_concordant
3gbn_h1:0001711:ae66af5c2704,ae66af5c270466130ed53f3f1886f4cac809ea4c1734167253c6d3ac0e1a412b,0.2629904523,if7_legacy_anchor_when_all_sources_strongly_concordant
3gbn_h1:0001712:b1595bc8d5c1,b1595bc8d5c1d5d21cdae928a6b506d3ff45f57b1dcdbe74d0db0c334dec9c4b,0.9699540536,if7_legacy_anchor_when_all_sources_strongly_concordant
3gbn_h1:0001713:b8c67dfaf82e,b8c67dfaf82efc05c550b8d6ddcd9695a77dffdf92c716ae21b19f8159cf7836,0.6090491315,if7_legacy_anchor_when_all_sources_strongly_concordant
3gbn_h1:0001714:2d886e6d8d47,2d886e6d8d473f4275eb2ddda68047af07d83005d563dc51d57dfc79aa9d3d8b,0.2672322393,if7_legacy_anchor_when_all_sources_strongly_concordant
3gbn_h1:0001715:6f49a30efc7b,6f49a30efc7b011f9203b9876d8f63fa2447facb9041aea064a1fc560bbb40e7,0.1277836685,if7_legacy_anchor_when_all_sources_strongly_concordant
3gbn_h1:0001716:4dac8579ad5a,4dac8579ad5a70e7fcc81f8a0d17e0a259a62fa3a402954d71232e9e1e7482b8,0.3253800025,if7_legacy_anchor_when_all_sources_strongly_concordant
3gbn_h1:0001717:a54576482fb9,a54576482fb953e1207edfe3691bbbf1c34b4bed051cf8d1a46d1d097c9db41f,0.4416754991,if7_legacy_anchor_when_all_sources_strongly_concordant
3gbn_h1:0001718:16333c9aa424,16333c9aa42485bd13d88eb5e83efff28836643b76fe58d62ea9054497c1dfc9,0.3960763564,if7_legacy_anchor_when_all_sources_strongly_concordant
3gbn_h1:0001719:f6eb759dd402,f6eb759dd40262b3cc8e5b982f5d6e18575c5d0bc7b3e43762137f3e644cf849,0.6963591476,if7_legacy_anchor_when_all_sources_strongly_concordant
3gbn_h1:0001720:fdfca9c15a65,fdfca9c15a65c40d3a827df643aa0da72cb4c910ac998f2bd5e0980fea34e288,0.7302933733,if7_legacy_anchor_when_all_sources_strongly_concordant
3gbn_h1:0001721:f07c94de1225,f07c94de12258db972d30ee20e3e3e2adf9f1a36a51232631333638bf7b68b69,0.8204312523,if7_legacy_anchor_when_all_sources_strongly_concordant
3gbn_h1:0001722:9e006fbbad4e,9e006fbbad4efa5cc50fa44c9aaa63dc9f87605cace1de07a9a1a90f8caa986b,0.4828561445,if7_legacy_anchor_when_all_sources_strongly_concordant
3gbn_h1:0001723:e47283279305,e47283279305cbe569343ba9f6df8f2b03fb7bc5a66d532d1ed5a7b8b988551c,0.5595616897,if7_legacy_anchor_when_all_sources_strongly_concordant
3gbn_h1:0001724:65619e60f5c1,65619e60f5c1828cede68e4ba4990baa0e60e9a3cfc9aaec97ff4f07d816e426,0.4450335751,if7_legacy_anchor_when_all_sources_strongly_concordant
3gbn_h1:0001725:a60b901f7fa4,a60b901f7fa4690470705ad85e47bc8878b0f0d7b9404b02205c131090b38ccf,0.9387592872,if7_legacy_anchor_when_all_sources_strongly_concordant
3gbn_h1:0001726:209584ee337b,209584ee337b26141829e61143194ae0521fd4a106cc9a994f413fd7d5ecdd8f,0.09384941558,if7_legacy_anchor_when_all_sources_strongly_concordant
3gbn_h1:0001727:dd98988995fa,dd98988995fa255b55115c9df30d9431d1f3e4398ab22803f3c83152f85b78d6,0.8168964386,if7_legacy_anchor_when_all_sources_strongly_concordant
3gbn_h1:0001728:5c82d302c5be,5c82d302c5be3df154c1c5b7d5fbe81a4cb63c4e209f284aaa2c67155c4b08b3,0.7299398979,if7_legacy_anchor_when_all_sources_strongly_concordant
3gbn_h1:0001729:83a3dbbbca35,83a3dbbbca358a8d9fd85a02d1befddab34078998bd65419db61145d0b636598,0.3342170417,if7_legacy_anchor_when_all_sources_strongly_concordant
3gbn_h1:0001730:028c32e2ab6a,028c32e2ab6a2505bcf28cade331241101489be09f1fb81965167bb206157e9f,0.6023329894,if7_legacy_anchor_when_all_sources_strongly_concordant
3gbn_h1:0001731:586583250b21,586583250b2145bd693442df04dd931d2fcd6e24fb26180e6d1e9d6e2f826dda,0.5860728125,if7_legacy_anchor_when_all_sources_strongly_concordant
3gbn_h1:0001732:d3f7a7ac00af,d3f7a7ac00afcdd0781f1be87b9c8a1368028290cb335985b5ddc3e7c361e5cf,0.8087663651,if7_legacy_anchor_when_all_sources_strongly_concordant
3gbn_h1:0001733:015c9d9e59c7,015c9d9e59c7ecaef85725aaf1f23f4cd1fae16ed6a806044cfb42d8c4161739,0.7972781857,if7_legacy_anchor_when_all_sources_strongly_concordant
3gbn_h1:0001734:435204b142a1,435204b142a1e2ba74b52712c5dfc4d2c9ba2975c586c02fccc413d9478c7ab1,0.8119476835,if7_legacy_anchor_when_all_sources_strongly_concordant
3gbn_h1:0001735:1b128ac27b37,1b128ac27b37294b070d8888c3d978b1423e58917b13fa233a1d7e20350280d4,0.7956875165,if7_legacy_anchor_when_all_sources_strongly_concordant
3gbn_h1:0001736:bf7604aea33b,bf7604aea33bf1f634b194ccac76a0c44c12d67a6ebebd4cd90d2f714aa4e812,0.5938494206,if7_legacy_anchor_when_all_sources_strongly_concordant
3gbn_h1:0001737:d7e251db4e3b,d7e251db4e3b005656e955730378c238ca23fabc2af3515974bc8ebe5c5d0938,0.892895023,if7_legacy_anchor_when_all_sources_strongly_concordant
3gbn_h1:0001738:b3c72a8b28b7,b3c72a8b28b796a91f8b5b2da95c1671ac69fbed190d72bd2d58669e94c11217,0.7932131489,if7_legacy_anchor_when_all_sources_strongly_concordant
3gbn_h1:0001739:8967ac1eadec,8967ac1eadec133ad97ea9ada958999bdf08cf5b9bc5dd7762eccf32d0ac6125,0.0602686489,if7_legacy_anchor_when_all_sources_strongly_concordant
3gbn_h1:0001740:3696542e2929,3696542e29294af3a6a212b0cecdcc5cd4db289395226db7dadfa67632966c23,0.816719691,if7_legacy_anchor_when_all_sources_strongly_concordant
3gbn_h1:0001741:f7951a7a40f2,f7951a7a40f2dcd9e5b5ebeba57416d730b6db747d26a2a5555d2186dda392d4,0.6334394018,if7_legacy_anchor_when_all_sources_strongly_concordant
3gbn_h1:0001742:a52affc2d8d2,a52affc2d8d26ddd8cf3ca291bfc3f4790a3b9e8039219dc2c2dbbac51cf08b5,0.6765641371,if7_legacy_anchor_when_all_sources_strongly_concordant
3gbn_h1:0001743:25831e7e4bb4,25831e7e4bb41cbb46db576dc9acf952a84e713eefca519e1aa9df87b3ec2f10,0.604277134,if7_legacy_anchor_when_all_sources_strongly_concordant
3gbn_h1:0001744:0b87318a47ff,0b87318a47ffc061246499749108f3744fbbc67837aeebd73f0997e16ffb1f89,0.7811947862,if7_legacy_anchor_when_all_sources_strongly_concordant
3gbn_h1:0001745:2582454fae82,2582454fae8216da502fbb4e6836e93c523e2b815ad2c456f24f02b57918327e,0.8623188535,if7_legacy_anchor_when_all_sources_strongly_concordant
3gbn_h1:0001746:4084231ca6bf,4084231ca6bf6abe55808dbb01eb2f5c0a92a27bb5ba19dbe427fc116633c457,0.9483916561,if7_legacy_anchor_when_all_sources_strongly_concordant
3gbn_h1:0001747:dd96e2e32a92,dd96e2e32a921960c9f398a12a60180557a4428aa6e5d10472a92123e06fa374,0.4010251015,if7_legacy_anchor_when_all_sources_strongly_concordant
3gbn_h1:0001748:4756c688ceb4,4756c688ceb44ef8e293f470bcc857df4c0d78dc38f3a73bfdfc7aeee276b9a8,0.7497348785,if7_legacy_anchor_when_all_sources_strongly_concordant
3gbn_h1:0001749:d2b344c92cfb,d2b344c92cfbc0814d800ecbad50e133874509caa4fb78d6fb72b35ac027e64f,0.7241074642,if7_legacy_anchor_when_all_sources_strongly_concordant
3gbn_h1:0001750:71b7e9c3a199,71b7e9c3a1993a872c6aa40dbbd3fe9bf0d3ad55b7ae34b0f720622993d4e492,0.6346765757,if7_legacy_anchor_when_all_sources_strongly_concordant
3gbn_h1:0001751:b11c2afc99d4,b11c2afc99d45be19c8034528a245b004adbd7d4daa4a93152b19b1d0a75dafd,0.5017674069,if7_legacy_anchor_when_all_sources_strongly_concordant
3gbn_h1:0001752:7c8f43bcc706,7c8f43bcc706292c3ac3b6410e3ee87ccf9dde0362a64d1d564e3fe50d5e30d4,0.8690350056,if7_legacy_anchor_when_all_sources_strongly_concordant
3gbn_h1:0001753:f0be763b968c,f0be763b968c217ad66898bb6e1e222feda9507fa0009dc8a663bbb9199e0590,0.7267585794,if7_legacy_anchor_when_all_sources_strongly_concordant
3gbn_h1:0001754:ce3770eccdf2,ce3770eccdf2aa730c0b7386155936aa3d330517b4ebd90bd7bd936bbfd48b79,0.7988688747,if7_legacy_anchor_when_all_sources_strongly_concordant
3gbn_h1:0001755:647e4f48e3c6,647e4f48e3c61cab536a3721c8dd7dbaa8252614e479efca5f3ed425fd1fb747,0.5802403589,if7_legacy_anchor_when_all_sources_strongly_concordant
3gbn_h1:0001756:1e19281cb7a6,1e19281cb7a6a55aabdb4129b99d62ed0683671a6c34da7bba772b246fe36b2d,0.4008483589,if7_legacy_anchor_when_all_sources_strongly_concordant
3gbn_h1:0001757:5d032616dc98,5d032616dc988ab4b94d822e1d0b3aa7b6a9316214f9112392a06840164d18c7,0.6507599751,if7_legacy_anchor_when_all_sources_strongly_concordant
3gbn_h1:0001758:c802bbc3f4a7,c802bbc3f4a7bb6016facb488120ba0afb46b0d3770954c85648833d9433a959,0.07688228942,if7_legacy_anchor_when_all_sources_strongly_concordant
3gbn_h1:0001759:14914aeb8804,14914aeb88044b5dfc09c56af9ee3b905a99a41d74659eb6c1ec49ea3818354b,0.4096853932,if7_legacy_anchor_when_all_sources_strongly_concordant
3gbn_h1:0001760:cd09fafb99f3,cd09fafb99f3dfc568d4e89757d32864a2390d4518cf459ea661e0395e58eceb,0.4227642219,if7_legacy_anchor_when_all_sources_strongly_concordant
3gbn_h1:0001761:50c42db5a82a,50c42db5a82a202019aea8ebdc3b9323d9e3d5f7f24a1d5545b9601b4f2a0ec3,0.878402253,if7_legacy_anchor_when_all_sources_strongly_concordant
3gbn_h1:0001762:861759c4ba32,861759c4ba32e8bbc6f546e24bfa6255eed4de3fc32fdd1dca3a247c993835b4,0.006185931618,if7_legacy_anchor_when_all_sources_strongly_concordant
3gbn_h1:0001763:748eaf943e2d,748eaf943e2df68a952a7a0213624dc31cef6a1205a6b4041c5e260ae37e05f3,0.7560975551,if7_legacy_anchor_when_all_sources_strongly_concordant
3gbn_h1:0001764:dd6667f8cd4e,dd6667f8cd4e9bc81234e241b2586f447a8d0c18800be49669b7fd1362460e33,0.7725344698,if7_legacy_anchor_when_all_sources_strongly_concordant
3gbn_h1:0001765:e31f38622cef,e31f38622cefab9846df2875f6a54634590017f3c31c19a4b8189965ace453ed,0.6861081521,if7_legacy_anchor_when_all_sources_strongly_concordant
3gbn_h1:0001766:49e26db2ba87,49e26db2ba87b01741e9770eca940a7f9ae648a36f0963b4f35f161f1e734a71,0.2810180262,if7_legacy_anchor_when_all_sources_strongly_concordant
3gbn_h1:0001767:09d730c82555,09d730c8255560e4384d03cac0f711ebda33af8916999c6a0f8b446800623608,0.2391304374,if7_legacy_anchor_when_all_sources_strongly_concordant
3gbn_h1:0001768:fdcd365d5069,fdcd365d50697a0ffab02c369145a9743c03fe981694603302f363911a08e802,0.6056910356,if7_legacy_anchor_when_all_sources_strongly_concordant
3gbn_h1:0001769:ee0f445b2a5e,ee0f445b2a5ec082c26b1b93d9f444e4a94f5cbf122a3efadc1599f14d8f837f,0.4156945993,if7_legacy_anchor_when_all_sources_strongly_concordant
3gbn_h1:0001770:c9e7eab96a71,c9e7eab96a71685d075906f4d0e66e3812feb20a3d2c097fdc1d420a19a75b55,0.6212442418,if7_legacy_anchor_when_all_sources_strongly_concordant
3gbn_h1:0001771:709f362644c8,709f362644c880d7f21be12eafc0504cdb8f10f7897021320aafd159dffe084b,0.5413573682,if7_legacy_anchor_when_all_sources_strongly_concordant
3gbn_h1:0001772:25387896ae1b,25387896ae1b1c3f0fb1ad308234f02a7256672651acc806b539ba2b37972a49,0.7857900262,if7_legacy_anchor_when_all_sources_strongly_concordant
3gbn_h1:0001773:f7629850aa81,f7629850aa8146eb0c049aa9f90c5fd139875fcdd186e0cb666f0297582bca1d,0.1214210006,if7_legacy_anchor_when_all_sources_strongly_concordant
3gbn_h1:0001774:27b8cbe30c4b,27b8cbe30c4b2007498ea4b744bfd007b88a731324372c34c8bd5bd8891c0c4c,0.5339342455,if7_legacy_anchor_when_all_sources_strongly_concordant
3gbn_h1:0001775:f57887eb738a,f57887eb738ae1c10644bd72971f1b225ab7de0b8b705954516d090daaa7dd39,0.5919052661,if7_legacy_anchor_when_all_sources_strongly_concordant
3gbn_h1:0001776:09e34a676e40,09e34a676e40ece489abbd28df51214be81358984f0a148bc795e7e81e56a37a,0.2974549333,if7_legacy_anchor_when_all_sources_strongly_concordant
3gbn_h1:0001777:9fd089c92f45,9fd089c92f45c002af609a104740b7666443980f6f20c7f9f52a86b768ccc300,0.5662778417,if7_legacy_anchor_when_all_sources_strongly_concordant
3gbn_h1:0001778:ad2c62fffba5,ad2c62fffba523d4cf61e486193b83c91f0ff89a6b7b3a91033874f5c5355883,0.3329798579,if7_legacy_anchor_when_all_sources_strongly_concordant
3gbn_h1:0001779:8963c577b18d,8963c577b18daa6e0fbd1bc0605448516d4a44dbe3a2902de5bbff875acc0c21,0.3145987938,if7_legacy_anchor_when_all_sources_strongly_concordant
3gbn_h1:0001780:a1fe914b7c19,a1fe914b7c192ea425d635a53b7a8ac7dbf1a5ab5e94c0469ba2e0901171cefb,0.5911982953,if7_legacy_anchor_when_all_sources_strongly_concordant
3gbn_h1:0001781:e816103b34f5,e816103b34f5fb0a15f2f9044011bc063acadea20d7a18944a1e78c61a1eb422,0.7166843414,if7_legacy_anchor_when_all_sources_strongly_concordant
3gbn_h1:0001782:86e4b736f02d,86e4b736f02dae024a140fe1877e75b9e6f3dccfa71910a5a65862355f388499,0.9034994642,if7_legacy_anchor_when_all_sources_strongly_concordant
3gbn_h1:0001783:b9cd27a4496d,b9cd27a4496deaef274ad5a0088f78cc08b087ac65eb49a17dca98d228209d94,0.8230823676,if7_legacy_anchor_when_all_sources_strongly_concordant
3gbn_h1:0001784:ab287960e40c,ab287960e40ccb2ee81df417a7b4e8458db641a22e8c44ee23955c8acc1ce53c,0.4234711826,if7_legacy_anchor_when_all_sources_strongly_concordant
3gbn_h1:0001785:8ab993dccb15,8ab993dccb1562aad2e4e977f18b9781ff4d6298664083e01a5500adfaddb254,0.3907741209,if7_legacy_anchor_when_all_sources_strongly_concordant
3gbn_h1:0001786:475717005c61,475717005c61a6991abdffa0c7457c84eab2fdaab17f7da13c52efb53d5961f6,0.1993637333,if7_legacy_anchor_when_all_sources_strongly_concordant
3gbn_h1:0001787:ab12e24521a9,ab12e24521a974fec5d85d85855f6cfb3d6dbea8ae8b75d7b8981bf997d8cea7,0.2265818343,if7_legacy_anchor_when_all_sources_strongly_concordant
3gbn_h1:0001788:6e3aeb681607,6e3aeb681607b6cb30055eaf305f069b3e2254280f5f75d677be7d544a1ffa87,0.1044538716,if7_legacy_anchor_when_all_sources_strongly_concordant
3gbn_h1:0001789:9e63d98810a0,9e63d98810a0203f1d10d2acba4159b22d829118ec217d609c5cfeac57acddc3,0.022092612,if7_legacy_anchor_when_all_sources_strongly_concordant
3gbn_h1:0001790:7246a18479c3,7246a18479c3a872e8ebdc717d3f621ab6ee6f6676b1b82158b2c99d4764f2f4,0.8142453233,if7_legacy_anchor_when_all_sources_strongly_concordant
3gbn_h1:0001791:c41be5785ab1,c41be5785ab13d453abbed32b48cfa756728e0a17e860aade950df17e3de41e9,0.6109932959,if7_legacy_anchor_when_all_sources_strongly_concordant
3gbn_h1:0001792:9a9985bde3bb,9a9985bde3bb0a9e09b35155246ebc498ecc2dd8b33fc63dbd46dc13609e7b2a,0.2212796037,if7_legacy_anchor_when_all_sources_strongly_concordant
3gbn_h1:0001793:21f483eee15a,21f483eee15a980c4376f87c60c673c349d43a777dd3cd69782e0ae5e82ae017,0.3020501931,if7_legacy_anchor_when_all_sources_strongly_concordant
3gbn_h1:0001794:e90d9b5f6d19,e90d9b5f6d19a17c5300439519a30ab2c7c38f602d32f54b2b480e9a1155cc49,0.2882644038,if7_legacy_anchor_when_all_sources_strongly_concordant
3gbn_h1:0001795:5eb3dd1c523c,5eb3dd1c523cf6cbbc983c5b911c8aa9c40886ddea11b94a246d78397fe67c24,0.8762813608,if7_legacy_anchor_when_all_sources_strongly_concordant
3gbn_h1:0001796:9aa338d3c3b4,9aa338d3c3b4b25bf641806863102bfc468138d8d150d10e9b5e2e519c005c47,0.5081300934,if7_legacy_anchor_when_all_sources_strongly_concordant
3gbn_h1:0001797:4a723944fa2a,4a723944fa2a631ef2e0d902c9bb0738971488100c8cc37a206ca62e3ac4e487,0.2907387714,if7_legacy_anchor_when_all_sources_strongly_concordant
3gbn_h1:0001798:f55d244cea80,f55d244cea80832b26eefb98eb51b4d045cea87156322e4360292c20ccfb10f6,0.04878048707,if7_legacy_anchor_when_all_sources_strongly_concordant
3gbn_h1:0001799:55d1496f3fc5,55d1496f3fc58276d4776b43b05485d0e310e358d36361dd801986a6a83b7c96,0.5372923215,if7_legacy_anchor_when_all_sources_strongly_concordant
3gbn_h1:0001800:d22276269946,d22276269946dc2d74ad64cec4d6c8ded3e37ac7fa46e337b03cd870b1b804e4,0.4393778741,if7_legacy_anchor_when_all_sources_strongly_concordant
3gbn_h1:0001801:8121cca05dbe,8121cca05dbe199ed9a64832867be6467e4da4a1a157398bc8e690f22623ffea,0.7080240448,if7_legacy_anchor_when_all_sources_strongly_concordant
3gbn_h1:0001802:568712c21349,568712c21349b17634d1b78a97be57174abfa4c7f61ca09cda1e6c65e45c2e91,0.7543301384,if7_legacy_anchor_when_all_sources_strongly_concordant
3gbn_h1:0001803:2ecc3e61e484,2ecc3e61e4846057c3dce95f4dfb5bb8fd58b16ba99c067b6d233fb04b67ea60,0.4077412586,if7_legacy_anchor_when_all_sources_strongly_concordant
3gbn_h1:0001804:34f14e4df253,34f14e4df2533675fb426281005733bb1a61de424892bffabf29cd5d005bcaa0,0.6187698941,if7_legacy_anchor_when_all_sources_strongly_concordant
3gbn_h1:0001805:72a3b00b2f0d,72a3b00b2f0dfe894918a1816af39801456b5f1f845ddaac790819e414f3c544,0.5065394143,if7_legacy_anchor_when_all_sources_strongly_concordant
3gbn_h1:0001806:258addba4498,258addba44988956bbb9c4ae58e0ede14e6ab7ad0714278951ea0368e3c36035,0.7580416997,if7_legacy_anchor_when_all_sources_strongly_concordant
3gbn_h1:0001807:fea3c5f3c8d8,fea3c5f3c8d8926828bd4228167547dae69cb397810c7f3a999e6a49c337623c,0.01908801744,if7_legacy_anchor_when_all_sources_strongly_concordant
3gbn_h1:0001808:84afc93fae4f,84afc93fae4fdab5b00cfad6cd0ca390c03ed4228550d5518ce8d02214ba0bc2,0.4335454106,if7_legacy_anchor_when_all_sources_strongly_concordant
3gbn_h1:0001809:25b217ee8d8b,25b217ee8d8bfa6b4d4be64609c7889cde288797be338fcd1885524c46677eed,0.558324486,if7_legacy_anchor_when_all_sources_strongly_concordant
3gbn_h1:0001810:3483b1224fd2,3483b1224fd2988a2897c0decd765702f77ad9978f2f7bf44495df93ca6b8dde,0.5010604362,if7_legacy_anchor_when_all_sources_strongly_concordant
3gbn_h1:0001811:915ebfdfc69a,915ebfdfc69a4f2246b2295d27011a4920f31dacc47a771358bda23780e71473,0.4561682592,if7_legacy_anchor_when_all_sources_strongly_concordant
3gbn_h1:0001812:eadb71f1e306,eadb71f1e306bd9f5b0a61f8e2003c2aa18b683c8b6aefc2ce18ae5881301733,0.1629551085,if7_legacy_anchor_when_all_sources_strongly_concordant
3gbn_h1:0001813:71f22c70f1f2,71f22c70f1f29d6452bf1713747e4e4baab00f80cc632b0f3747ca7603ba0378,0.654648294,if7_legacy_anchor_when_all_sources_strongly_concordant
3gbn_h1:0001814:d22861a3520e,d22861a3520e82a79cd7610178f27a004b1556078ebcf840b1fd59e4a509cb76,0.1215977396,if7_legacy_anchor_when_all_sources_strongly_concordant
3gbn_h1:0001815:b996245175cc,b996245175cce74c1d51837f7073db3c10eba034b930a61622734e6830de0626,0.1019794966,if7_legacy_anchor_when_all_sources_strongly_concordant
3gbn_h1:0001816:2fa9e93c776f,2fa9e93c776fdfb5f30f97650c8d52e9f1b5b16a853b8c23bb234f17d62abf32,0.6035701732,if7_legacy_anchor_when_all_sources_strongly_concordant
3gbn_h1:0001817:d925675fb1b2,d925675fb1b25a4fbe16b83e43de54bb2219a3afc02c8c58d46f2acbad84ec6c,0.4575821956,if7_legacy_anchor_when_all_sources_strongly_concordant
3gbn_h1:0001818:e178c3890b1e,e178c3890b1e74121c38b030528e74bef7aaadfc4ecc18a3a0b9776a7c6fdff3,0.6429833968,if7_legacy_anchor_when_all_sources_strongly_concordant
3gbn_h1:0001819:f804e593d582,f804e593d5822415df739146db0817185af00e7079daa0d1741f92626551c4e0,0.1578296224,if7_legacy_anchor_when_all_sources_strongly_concordant
3gbn_h1:0001820:2728a7a0b327,2728a7a0b3274f44bf477faea79ea05bc8693c63e8685cf5b48ee87ab36bb185,0.6465182106,if7_legacy_anchor_when_all_sources_strongly_concordant
3gbn_h1:0001821:8c3465d48a3f,8c3465d48a3f265f285e83e7c244eff911bc62571b1e297e7586a4849c8a77ab,0.3983739863,if7_legacy_anchor_when_all_sources_strongly_concordant
3gbn_h1:0001822:29808df091f5,29808df091f59ad77e10c3728e6965199f1add21927a9dd4a8ca14b229eb1bd1,0.1350300486,if7_legacy_anchor_when_all_sources_strongly_concordant
3gbn_h1:0001823:15a46970f0ca,15a46970f0ca6ec47e152986a61c339f9228c350a441f73600e8de0fa5ab6f3c,0.2902085582,if7_legacy_anchor_when_all_sources_strongly_concordant
3gbn_h1:0001824:3784dd621489,3784dd621489d3b6291b35059124899d2fbf1f1242c63a8beea75a8de330ff71,0.3930717558,if7_legacy_anchor_when_all_sources_strongly_concordant
3gbn_h1:0001825:5b214665602f,5b214665602f50e0695a67345355135dca284a76bdbb8a3b8137eb0256e339cc,0.506185929,if7_legacy_anchor_when_all_sources_strongly_concordant
3gbn_h1:0001826:f7adaa4b9123,f7adaa4b91235012b74353c223f5999f5f1875366f1f9ff3771f49d6d1aabecc,0.4172852536,if7_legacy_anchor_when_all_sources_strongly_concordant
3gbn_h1:0001827:b1d97799de13,b1d97799de13cc96b6a230776330710228b9ab4f7f33ba78d10505396bfa4c65,0.4130434791,if7_legacy_anchor_when_all_sources_strongly_concordant
3gbn_h1:0001828:b5ae7ef379f4,b5ae7ef379f46e7a80bb5cd47e0340caddbf86ecb605bd9618baea672be995f0,0.5855425795,if7_legacy_anchor_when_all_sources_strongly_concordant
3gbn_h1:0001829:f49a1609020a,f49a1609020a442abd65545e7611f3274f1a9cca28c7b1c921bc68e9a26ea8ff,0.5719335576,if7_legacy_anchor_when_all_sources_strongly_concordant
3gbn_h1:0001830:fdf7252627da,fdf7252627daece0373f66f0a24da33cee3efb084e2a0b67d3ec9fd1833a0e38,0.8617886305,if7_legacy_anchor_when_all_sources_strongly_concordant
3gbn_h1:0001831:ca21dd29c3d6,ca21dd29c3d609caef451b076d2e2026997147941ef55306a30230e90093e4dd,0.2253446405,if7_legacy_anchor_when_all_sources_strongly_concordant
3gbn_h1:0001832:67268d59dcb9,67268d59dcb9619e47c3261e782bd726ff629632c0c3857c4092a3961d31be57,0.3860021234,if7_legacy_anchor_when_all_sources_strongly_concordant
3gbn_h1:0001833:13fc6dddc480,13fc6dddc4803dfefb664e6f71bfea97305dc310bac588197acd5a00c1a7a89c,0.6486390829,if7_legacy_anchor_when_all_sources_strongly_concordant
3gbn_h1:0001834:8e35c84be34a,8e35c84be34a53775f0722ff491b38c0a86426fa78ca17ac37369d91939b8cf4,0.4634146392,if7_legacy_anchor_when_all_sources_strongly_concordant
3gbn_h1:0001835:61c5e18af1f2,61c5e18af1f2e131badec5fbe7bb1f5d2da057897b5f20290e9d8dcc6b9052e0,0.6657829583,if7_legacy_anchor_when_all_sources_strongly_concordant
3gbn_h1:0001836:11e060a91fad,11e060a91fadcf455e0fe722873c88033d4ee07036bf8b846e45e2c5375db7a6,0.2168610791,if7_legacy_anchor_when_all_sources_strongly_concordant
3gbn_h1:0001837:9240287bfbd5,9240287bfbd5a07b79a3a12ee409e4cc79a4f1b0ee0cc260261369bc8da84db4,0.8252032399,if7_legacy_anchor_when_all_sources_strongly_concordant
3gbn_h1:0001838:ace5280089f7,ace5280089f71b2016ee3a9cc7831412018d9755aecfb4d40cd747291b509496,0.3207847277,if7_legacy_anchor_when_all_sources_strongly_concordant
3gbn_h1:0001839:cfde3c96c8bc,cfde3c96c8bcc4c480784e403d7ed42f92519692b2f3fac022a84fd1b9ba60cc,0.5205019514,if7_legacy_anchor_when_all_sources_strongly_concordant
3gbn_h1:0001840:5e13ea1114ad,5e13ea1114ad6cc17e16f3071fc8095f275d81e1223d88e4bf1b3df05073d6f9,0.4846235514,if7_legacy_anchor_when_all_sources_strongly_concordant
3gbn_h1:0001841:7711de6622f3,7711de6622f333e2034e437a245132ccf3ec96351865af95c65c907a7cba0d1b,0.5473665595,if7_legacy_anchor_when_all_sources_strongly_concordant
3gbn_h1:0001842:3218f536832b,3218f536832b8e07164a232df49b4b850aaf7d731c9ef24be38815a715303fde,0.7426652511,if7_legacy_anchor_when_all_sources_strongly_concordant
3gbn_h1:0001843:cb0360817fea,cb0360817fea173630ce500cc1c3bacfff4c57b590cfcf2843cf7a2a2170808b,0.9121597807,if7_legacy_anchor_when_all_sources_strongly_concordant
3gbn_h1:0001844:f5b3fbef5e46,f5b3fbef5e4642f55788d2e74cc7882846d52275b4301b63d03804975325c762,0.8202545047,if7_legacy_anchor_when_all_sources_strongly_concordant
3gbn_h1:0001845:164bf57d82c7,164bf57d82c7486e3d4bc0208b26c1bdd122e2f4217e643e76a39240f5f3d9de,0.6710851788,if7_legacy_anchor_when_all_sources_strongly_concordant
3gbn_h1:0001846:a9ae9107a367,a9ae9107a367995a29f5cdb6beb9eb3320a02ccd4c582158aeb7c118a412eadc,0.8024036884,if7_legacy_anchor_when_all_sources_strongly_concordant
3gbn_h1:0001847:62c6634d4903,62c6634d49036828509f576ef8e25b4d46bd0f9b707f03019c736a784802a3aa,0.9383174181,if7_legacy_anchor_when_all_sources_strongly_concordant
3gbn_h1:0001848:747ef96a4a74,747ef96a4a748a90d3aef86e36e3833f34d3bfe821d165d3cf7ed5408e28bcf8,0.8844114542,if7_legacy_anchor_when_all_sources_strongly_concordant
3gbn_h1:0001849:17e0f13af650,17e0f13af65011760e776bccf54fac724e06a1d37b9a63eacd359b9ea4af79ea,0.6382113795,if7_legacy_anchor_when_all_sources_strongly_concordant
3gbn_h1:0001850:470b794db4d7,470b794db4d74d8df3cd88790910f1dfd3fa3df06805c1ee9579454b17082f9e,0.4821491738,if7_legacy_anchor_when_all_sources_strongly_concordant
3gbn_h1:0001851:1926bbe9cf9c,1926bbe9cf9c599178a1d12f31e130fa52a04425289b9ef07a77cf6ef97fc636,0.6090491414,if7_legacy_anchor_when_all_sources_strongly_concordant
3gbn_h1:0001852:234f5032a716,234f5032a716d968cbf54e16b29bac8998b3c89ed0ca298f5147427a39f0d746,0.2711205433,if7_legacy_anchor_when_all_sources_strongly_concordant
3gbn_h1:0001853:fcdcfe297f3a,fcdcfe297f3ab9f436a44c22f3eae5619614eb2a4b921374ab5b2b342783fb15,0.2824319576,if7_legacy_anchor_when_all_sources_strongly_concordant
3gbn_h1:0001854:085681bde041,085681bde0419a123f23784e0564f9037dd809bb22a6a68c040b64d024c20c29,0.6553552349,if7_legacy_anchor_when_all_sources_strongly_concordant
3gbn_h1:0001855:44c0c2c797e6,44c0c2c797e607f9706b8b71777e2a840e6a6f8bf084b5cad06fa54ae9d9dfd5,0.6903499564,if7_legacy_anchor_when_all_sources_strongly_concordant
3gbn_h1:0001856:35d9e322bdaf,35d9e322bdaf66e811cc978300074e29e4b9dfdf092fde79417cf87da3c367ca,0.4082714716,if7_legacy_anchor_when_all_sources_strongly_concordant
3gbn_h1:0001857:40cc5db37e8f,40cc5db37e8f609a9c9d4f08ab68f2712595b1f62d6f82d64290425b2f5796db,0.3828207851,if7_legacy_anchor_when_all_sources_strongly_concordant
3gbn_h1:0001858:82acbe130cca,82acbe130ccacccd65219e6f8512fc0d2c3778616e498616731ce6a1ac3e9bb7,0.6451042692,if7_legacy_anchor_when_all_sources_strongly_concordant
3gbn_h1:0001859:d544f1899c33,d544f1899c33f6902cb79bac5667ed29a026f3de4a90a53eaf861efc9fc96df1,0.444503357,if7_legacy_anchor_when_all_sources_strongly_concordant
3gbn_h1:0001860:b1580f8f3467,b1580f8f3467b470a4326921baee752da820e7a9a60c1bdd218d0b866ef296fe,0.1931778044,if7_legacy_anchor_when_all_sources_strongly_concordant
3gbn_h1:0001861:cc61b3add957,cc61b3add957b9bef3091869777891489f60b7ad6a409cab0c818b0852345cf9,0.5744079153,if7_legacy_anchor_when_all_sources_strongly_concordant
3gbn_h1:0001862:81b38e4ec827,81b38e4ec827f746a34ef95f1316f7457aa9b500b2cdefcb6f7038f583bb88b9,0.4441498816,if7_legacy_anchor_when_all_sources_strongly_concordant
3gbn_h1:0001863:aa6265c35254,aa6265c352547dcc97c6690687bd42dfd91262c590139abd5a2fdad370c7c9e0,0.349770233,if7_legacy_anchor_when_all_sources_strongly_concordant
3gbn_h1:0001864:3872030d9fe5,3872030d9fe5d7264c63afd66b2f484604b9e8b22c6594acd766ca2792d88f3f,0.6152350605,if7_legacy_anchor_when_all_sources_strongly_concordant
3gbn_h1:0001865:57df3500ecc2,57df3500ecc205443751a0e198ca5badcf9fb5549eb7c8cf12b7e812f8dba9a4,0.4342523913,if7_legacy_anchor_when_all_sources_strongly_concordant
3gbn_h1:0001866:23d2dcb6508e,23d2dcb6508ed566c3f4674bf4e94edb25a14f9a03ce662df512e56e1d4ed21d,0.6650760174,if7_legacy_anchor_when_all_sources_strongly_concordant
3gbn_h1:0001867:64dcc8442c65,64dcc8442c654504861874a394956f4d6dc681fe1056cf0fd28e71e4c351f9ac,0.7103216648,if7_legacy_anchor_when_all_sources_strongly_concordant
3gbn_h1:0001868:53b4825daa0a,53b4825daa0a2d61468e14db6f09be3a759e7e313b26969a0a7fe48ed945011d,0.8458819389,if7_legacy_anchor_when_all_sources_strongly_concordant
3gbn_h1:0001869:0a832b51bd6f,0a832b51bd6f6255c42ecbc35f300c88ced05f4a0f4a147d74ae7686c09c574f,0.5968539914,if7_legacy_anchor_when_all_sources_strongly_concordant
3gbn_h1:0001870:bea4977f965a,bea4977f965ab3e9136cf7cc613188a489b11c53602302804ddec8a99a017e83,0.2619300038,if7_legacy_anchor_when_all_sources_strongly_concordant
3gbn_h1:0001871:2773b38cb7b1,2773b38cb7b11e58dc4de17b7b85ef74608a94ec7b94cecc1105132178228f05,0.1808059433,if7_legacy_anchor_when_all_sources_strongly_concordant
3gbn_h1:0001872:10e63c854b12,10e63c854b12174d746807ee86af4399cd60795a07507c6c808391f777853bdd,0.07705903302,if7_legacy_anchor_when_all_sources_strongly_concordant
3gbn_h1:0001873:f967a6e51a0b,f967a6e51a0b333e0e72c4f3522e1a999bdbe792aff1d125b3ae472403aed70c,0.2651113526,if7_legacy_anchor_when_all_sources_strongly_concordant
3gbn_h1:0001874:7393542d2d2e,7393542d2d2e834f45e0d9f0f2d400afb32c53264e838ebb5f04890e180b41c3,0.1474019121,if7_legacy_anchor_when_all_sources_strongly_concordant
3gbn_h1:0001875:11b1e9c93c13,11b1e9c93c133fb62b541ed4cdfb5cfbbcb5920c149fad240dc607b99368983f,0.2518557708,if7_legacy_anchor_when_all_sources_strongly_concordant
3gbn_h1:0001876:6e9304576f92,6e9304576f92b3108dcfcc3f7680d4265214802c72e371f62eb0e9b3e9da58ba,0.2317073146,if7_legacy_anchor_when_all_sources_strongly_concordant
3gbn_h1:0001877:97e9e4a50cb8,97e9e4a50cb84330bc8b5b2ae2d9602653dd9a4a5f21b21383491961dfb8b776,0.09261223115,if7_legacy_anchor_when_all_sources_strongly_concordant
3gbn_h1:0001878:ac9bb2654d23,ac9bb2654d23dca3075f58dbefa0fed05f12f4870718c592dc0d71be18e506f9,0.4434429109,if7_legacy_anchor_when_all_sources_strongly_concordant
3gbn_h1:0001879:589ec25a7ab5,589ec25a7ab506ad2981487ea30ad24e3fccf2c227c471a2a7ec2bce111b9124,0.2928596685,if7_legacy_anchor_when_all_sources_strongly_concordant
3gbn_h1:0001880:4095e20e4d04,4095e20e4d04210fc676e612f248667688de062b5aadac6a0824bd9d08ab5d56,0.316719691,if7_legacy_anchor_when_all_sources_strongly_concordant
3gbn_h1:0001881:46e50b6dd779,46e50b6dd779f3fb835d6712ef9443bd438d1c774a98efae3178c93551dccea5,0.06733828286,if7_legacy_anchor_when_all_sources_strongly_concordant
3gbn_h1:0001882:ab793e0bd23b,ab793e0bd23bc000279cdbe06445a50869f84f1adfb54c464ac213fd3ad8f1ce,0.346412167,if7_legacy_anchor_when_all_sources_strongly_concordant
3gbn_h1:0001883:e30f8e434947,e30f8e4349477005496ff6b2d1018839ecc8a9197dc2d04317455d57ce84fe44,0.1675503676,if7_legacy_anchor_when_all_sources_strongly_concordant
3gbn_h1:0001884:a6e3098289c1,a6e3098289c145514bf8b110ab95609f043c8612ed091569116a912221fd6b46,0.2714740174,if7_legacy_anchor_when_all_sources_strongly_concordant
3gbn_h1:0001885:d3622a18bbb4,d3622a18bbb4b2be23dd01a5aaa627100691d251436442b207cdd2551cb77aad,0.2949805558,if7_legacy_anchor_when_all_sources_strongly_concordant
3gbn_h1:0001886:2a033e3f208a,2a033e3f208a8f7f7853f7c2f73acb6f845c22d9d5b3fc4805e11db8744ed6f1,0.0795334056,if7_legacy_anchor_when_all_sources_strongly_concordant
