row_id,sequence_sha256,log-likelihood,d4_par1_if10_policy
5a12_ang2:0000000:ebe9ee1d547f,ebe9ee1d547fa245dbb52d3dba1e626bbeafa2fc64edfa3b3f79835e9a7073bf,0.4453870356,if6_consensus_when_public_stable_and_legacy_neutral
5a12_ang2:0000001:2e29026839c4,2e29026839c4c8e7b24a8678a4dafe140444fe45a0a0108690f17be699472da9,0.5613290668,if6_consensus_when_public_stable_and_legacy_neutral
5a12_ang2:0000002:b86e570c286c,b86e570c286c2081cfe39ba842156d752d7d27ce2c4dcffb3b76bad9f7e639af,0.5298691988,if6_consensus_when_public_stable_and_legacy_neutral
5a12_ang2:0000003:96eb071addfd,96eb071addfda9ad84750d51ace25cd8a9656b7802a834e624b27e20686eb27f,0.4121597707,if6_consensus_when_public_stable_and_legacy_neutral
5a12_ang2:0000004:f9bf4774b5c1,f9bf4774b5c15e2cb53fb3e7a692885e9d3007f4996307cfe7e0d65ea48990de,0.5471897721,if6_consensus_when_public_stable_and_legacy_neutral
5a12_ang2:0000005:0de39ff5e135,0de39ff5e1358c19c5f0676d0632ca31fad550defaff94048d998e90c1fc9b19,0.5033580661,if6_consensus_when_public_stable_and_legacy_neutral
5a12_ang2:0000006:287e5ac87fcc,287e5ac87fcc4356c3c22648ab2eec8c6114c4e794b0bcd2b1a9a06e882dcdab,0.4977023602,if6_consensus_when_public_stable_and_legacy_neutral
5a12_ang2:0000007:588f249dcd7f,588f249dcd7fdc6f935d52eb2e79f1652e3014b945e9b36fe8bd9de313c0ce77,0.5012372136,if6_consensus_when_public_stable_and_legacy_neutral
5a12_ang2:0000008:8e4bd309ee39,8e4bd309ee39f6f8730e938daa77333663dbcb7e0a29adf690d4bd2035f5ba72,0.2591021359,if6_consensus_when_public_stable_and_legacy_neutral
5a12_ang2:0000009:7cfef3a6cfa9,7cfef3a6cfa9a569186c1c4c054364e148bdbc7fb2dc34da82e256ccdbe0224c,0.3114174604,if6_consensus_when_public_stable_and_legacy_neutral
5a12_ang2:0000010:21ae2fe308a3,21ae2fe308a3f7a3def3d6fc6267a64f889e4c74b9faffb9abe9e7e9dfd8e746,0.3103570044,if6_consensus_when_public_stable_and_legacy_neutral
5a12_ang2:0000011:6723b4ba0758,6723b4ba0758d8e795c318c6d2502c746decc8c160653cd1c8ca3af7a24cda24,0.6104630828,if6_consensus_when_public_stable_and_legacy_neutral
5a12_ang2:0000012:ad9e933b5005,ad9e933b50058629902423d3f7f72e5fde1af5807ee06e9ab0a4939f55bfc05b,0.3517143726,if6_consensus_when_public_stable_and_legacy_neutral
5a12_ang2:0000013:0a2bf7a539e6,0a2bf7a539e6cd5117ac7f0f455a891b10ebeec0cd08251728784b8f70bf5721,0.3308589756,if6_consensus_when_public_stable_and_legacy_neutral
5a12_ang2:0000014:4d74501001e3,4d74501001e358234d7b113a71575110329072bdc8b7c0d24cf46352858fcab5,0.3577235639,if6_consensus_when_public_stable_and_legacy_neutral
5a12_ang2:0000015:5745d9a275d6,5745d9a275d6fd70ce66eab8312e799d0628fe55839a9a37686207bbd1b4cd59,0.3828207552,if6_consensus_when_public_stable_and_legacy_neutral
5a12_ang2:0000016:7af5082891f0,7af5082891f05118097d63a3e0e78ca95174bae215d878347b4a0145a1ee52d3,0.3478260934,if6_consensus_when_public_stable_and_legacy_neutral
5a12_ang2:0000017:c2b8462ed7fa,c2b8462ed7fa32779c0b825ccab1b9bf644a8825eceeab46e3e69ab9e00b48fd,0.2089077383,if6_consensus_when_public_stable_and_legacy_neutral
5a12_ang2:0000018:cb158f5ff0f9,cb158f5ff0f92b7fdd94b090e6b6178e692fe91e8008b8ca045de956b9afac3a,0.3782255352,if6_consensus_when_public_stable_and_legacy_neutral
5a12_ang2:0000019:633321825fcb,633321825fcb97233d937e67476695e6b3d053470df0da47fb14009c65ede797,0.07281724364,if6_consensus_when_public_stable_and_legacy_neutral
5a12_ang2:0000020:52fabdaa017e,52fabdaa017ea42e44d1612841b0d72e940b1b54aa84e334f2edd2c95ecfc049,0.1965358853,if6_consensus_when_public_stable_and_legacy_neutral
5a12_ang2:0000021:941b0de3c832,941b0de3c832afb4d16a88c031e5963282111f3bc80df662e7fa13e6846b0f49,0.06115235016,if6_consensus_when_public_stable_and_legacy_neutral
5a12_ang2:0000022:e2ce2bc0966f,e2ce2bc0966f054c0ad837760fefc658e309436921fcf50701c79f68d9465010,0.3089430928,if6_consensus_when_public_stable_and_legacy_neutral
5a12_ang2:0000023:a4b5eeced28d,a4b5eeced28da1533c44da79f0b3fe04864aca3f7884ffc2ee33e34ec1e74ea2,0.1714386791,if6_consensus_when_public_stable_and_legacy_neutral
5a12_ang2:0000024:60e6cbbc4ace,60e6cbbc4aceae34a64391df7ff5a6a79eff7a1c0b8bdc9b4a2e68a991ee2f7e,0.3209614754,if6_consensus_when_public_stable_and_legacy_neutral
5a12_ang2:0000025:67ac03e9f4ea,67ac03e9f4eac2a03e4e32e95cf4a5d20c5d103bffe8e8f8623082bc98f82106,0.4234712124,if6_consensus_when_public_stable_and_legacy_neutral
5a12_ang2:0000026:21dc775cb380,21dc775cb38056fe8fdf9b1eb9fe8c56b367d30910446b3d5588ea85ca295740,0.4570519626,if6_consensus_when_public_stable_and_legacy_neutral
5a12_ang2:0000027:f1e73ad0e354,f1e73ad0e3545ebf79468065b5c74f9c01780c8fbc09a2ff5705c6836607a0c0,0.04489219189,if6_consensus_when_public_stable_and_legacy_neutral
5a12_ang2:0000028:861c54489806,861c544898061688fdcf2c237ec08a5f081acc314d06c180221c393f7f6e5034,0.1049840823,if6_consensus_when_public_stable_and_legacy_neutral
5a12_ang2:0000029:e833df3f6a62,e833df3f6a6257293db2c628fc76e06dafbf22a3ff9a040b55d5e325d38f113d,0.08554259688,if6_consensus_when_public_stable_and_legacy_neutral
5a12_ang2:0000030:b9719106b305,b9719106b305c2dad7e8812bc401697abdfbbe4b79bc80188a7c20ca57fcd7b8,0.04029692337,if6_consensus_when_public_stable_and_legacy_neutral
5a12_ang2:0000031:c93fc68ce835,c93fc68ce8358e2b52ac679ade833c98b38ccde36b777dd2ee3b4a1e3100b012,0.1240721121,if6_consensus_when_public_stable_and_legacy_neutral
5a12_ang2:0000032:4529f77317c4,4529f77317c46eebb21c6b0f3965ddabb01e211dce0f7a7df9708c7a0a97a9b5,0.08271474391,if6_consensus_when_public_stable_and_legacy_neutral
5a12_ang2:0000033:e5a90030eeff,e5a90030eeffea5810b9516143ac2e23279aeab5e3f6b9a514d847f76b9aa8d8,0.1120537296,if6_consensus_when_public_stable_and_legacy_neutral
5a12_ang2:0000034:c0932de46dcf,c0932de46dcf3cd2f8bb57c745ba7973dba5f521526843f4a9584b4d00302d1e,0.2188052386,if6_consensus_when_public_stable_and_legacy_neutral
5a12_ang2:0000035:9d6ea42223a6,9d6ea42223a6c258e5dcac29da9a3bd70f180c06e5b478325116260d22a9324e,0.1541180611,if6_consensus_when_public_stable_and_legacy_neutral
5a12_ang2:0000036:a1f9a59cdad3,a1f9a59cdad37f132d596ed1213cc5e4217b7d31c42c44dc58b87a8af27beb7e,0.2142099738,if6_consensus_when_public_stable_and_legacy_neutral
5a12_ang2:0000037:96dc94072730,96dc94072730a19abfad44abe5faf8b2f1a25a1963cacd5435562392b0e57fbe,0.04065040872,if6_consensus_when_public_stable_and_legacy_neutral
5a12_ang2:0000038:3e3daa6ce6f0,3e3daa6ce6f0ac4c86554267c5edac8b2e2d76a8251e3e245531ae13d17ddeda,0.1109932736,if6_consensus_when_public_stable_and_legacy_neutral
5a12_ang2:0000039:b73ad87e009c,b73ad87e009cddd6fef3b4df7f27b8f80114a5c865b2da97f29aa7d68b38720c,0.1124072149,if6_consensus_when_public_stable_and_legacy_neutral
5a12_ang2:0000040:9ff6171f39b4,9ff6171f39b4480b9ff7455887548ef4f8cee23c2bf4b9e200b140d5a915d031,0.04065040872,if6_consensus_when_public_stable_and_legacy_neutral
5a12_ang2:0000041:46fed6f4f345,46fed6f4f3451889fe3eb5dbbb756b68390538d80b06757d4168a9edfdae910f,0.08978438377,if6_consensus_when_public_stable_and_legacy_neutral
5a12_ang2:0000042:96b95fab08d2,96b95fab08d26e497503d9d70843d99bd20f06d4a5bc1ce61fa328885a9ab311,0.1682573408,if6_consensus_when_public_stable_and_legacy_neutral
5a12_ang2:0000043:02e1cdadd3cd,02e1cdadd3cda7d11cd11840d3fdc564b92f61ef681171d052b26fd0bd4bdb36,0.1792152673,if6_consensus_when_public_stable_and_legacy_neutral
5a12_ang2:0000044:ce9ec02137c4,ce9ec02137c4d101e435b8451bbba1d382f778049ea93bbbce74a77c81e59426,0.1233651415,if6_consensus_when_public_stable_and_legacy_neutral
5a12_ang2:0000045:4186acaa6850,4186acaa6850dbb9962374d94c4ec1d03cc4db93284fd95dad25749f5e26633c,0.1184163988,if6_consensus_when_public_stable_and_legacy_neutral
5a12_ang2:0000046:d5214f529dfb,d5214f529dfb365e6051506cfeda96b8d2f792f990684b99a689d2e1e8b0d254,0.09685400873,if6_consensus_when_public_stable_and_legacy_neutral
5a12_ang2:0000047:1eaf0a8b1c81,1eaf0a8b1c814e6557085c0d0b57a0b42b8697a8f4b9729000e47cf94b8f7754,0.1060445383,if6_consensus_when_public_stable_and_legacy_neutral
5a12_ang2:0000048:0ccfe0b935a9,0ccfe0b935a9457127e0c116797c3edac6bc0257c50964440f6b74d560a224c1,0.09437964112,if6_consensus_when_public_stable_and_legacy_neutral
5a12_ang2:0000049:cd77159e0b62,cd77159e0b62e1d5e50763ba40de8ee02b44ba9d6d6d9df6ca1262e3e08f0d42,0.09137504548,if6_consensus_when_public_stable_and_legacy_neutral
5a12_ang2:0000050:d05e3fa7c6b7,d05e3fa7c6b7b9e326e5d29b67d7765283cf5a51aa98439036bd93fb64d7972c,0.08784022927,if6_consensus_when_public_stable_and_legacy_neutral
5a12_ang2:0000051:96331425d57b,96331425d57b97e7481f59b5c10621363a605c3e76fcc758d1ff614ec24caca1,0.2223400474,if6_consensus_when_public_stable_and_legacy_neutral
5a12_ang2:0000052:6a32fc316bc2,6a32fc316bc24582b32fe76bdb2c5d930fb50f9928c6b1f8c0d0545b606aba0b,0.1891127676,if6_consensus_when_public_stable_and_legacy_neutral
5a12_ang2:0000053:764c41c484fe,764c41c484fe2701bd3cb8e79c155768438decf9392fda80f9cc61bdaa840e96,0.1650760025,if6_consensus_when_public_stable_and_legacy_neutral
5a12_ang2:0000054:6b8ead6c98e4,6b8ead6c98e4bad8fa48e7bf09abe6d5075d736b14810c417e3d40ac9aa3ab0d,0.2439024299,if6_consensus_when_public_stable_and_legacy_neutral
5a12_ang2:0000055:649880a6e7ec,649880a6e7eca3c9963b97cf954850179455c5894537bc592ef856705e5749b9,0.2021915913,if6_consensus_when_public_stable_and_legacy_neutral
5a12_ang2:0000056:b7d3c2509e67,b7d3c2509e67652bd21475bedd755fd001b69e05cd34b4c8c0aa59afcd143f1f,0.3061152399,if6_consensus_when_public_stable_and_legacy_neutral
5a12_ang2:0000057:93e3f3ef0bf0,93e3f3ef0bf0ef94f497ca547adcb365691a2daec81bb1adf5b97fc5bfd2712b,0.08872392774,if6_consensus_when_public_stable_and_legacy_neutral
5a12_ang2:0000058:cf2558bedbd9,cf2558bedbd9d09b03a25e2c01db8bb6c2530ba0d86f4599d6a7b94c37290b2f,0.1689642817,if6_consensus_when_public_stable_and_legacy_neutral
5a12_ang2:0000059:7c222bcc399c,7c222bcc399c254440e734946b2b1742c265eae83b7280f48e79b96252bb3338,0.1410392374,if6_consensus_when_public_stable_and_legacy_neutral
5a12_ang2:0000060:36a20f077c5d,36a20f077c5d0de7a5d71ab9a3508a86ef37ae915677b94da6706349ad48b984,0.1728525907,if6_consensus_when_public_stable_and_legacy_neutral
5a12_ang2:0000061:f966e9ae10ed,f966e9ae10ed0706f541b57ad3e1a04b7cfc1ffefd24325905dcc9180777bd78,0.2414280623,if6_consensus_when_public_stable_and_legacy_neutral
5a12_ang2:0000062:56bf0866223b,56bf0866223bf3330f6059b9e03e6e50f72315abcfa8e7a4fb1ff0f350bfdfd4,0.09367267042,if6_consensus_when_public_stable_and_legacy_neutral
5a12_ang2:0000063:5d2f98ccb851,5d2f98ccb851b04e95bd7c4fa7d999ed4fb0f63726095134c1a344f9509540f3,0.1198303327,if6_consensus_when_public_stable_and_legacy_neutral
5a12_ang2:0000064:1899fb754fa1,1899fb754fa1bfd90f6c645d1d728ded1bee12cad27a33ee117e3bc6f23dd8c5,0.1477553993,if6_consensus_when_public_stable_and_legacy_neutral
5a12_ang2:0000065:452c9e2813f4,452c9e2813f47c423fd7f6ec5bc4431cd520c305da57f3c9e7a6362e9f36e90d,0.1244255975,if6_consensus_when_public_stable_and_legacy_neutral
5a12_ang2:0000066:fe74ac4a952a,fe74ac4a952a2a70a711cd1a8a88c3ecbd5aff06a7d852f803971bba76239642,0.1042771339,if6_consensus_when_public_stable_and_legacy_neutral
5a12_ang2:0000067:9a07556a61a2,9a07556a61a2e72d989d6c0aae1fef9d48a979f1573c97497daa717279a46615,0.08624956012,if6_consensus_when_public_stable_and_legacy_neutral
5a12_ang2:0000068:29690743c571,29690743c57112642cf02ae29b531fd5d417bdb7a93082b3295c3e75a142d9b9,0.1385648698,if6_consensus_when_public_stable_and_legacy_neutral
5a12_ang2:0000069:1e2b8c1652e3,1e2b8c1652e3b44c8da10412b7201a1add63796f94979a6453152e439d1b44fc,0.1166489944,if6_consensus_when_public_stable_and_legacy_neutral
5a12_ang2:0000070:2b6af97cf724,2b6af97cf7242f1740c92b9effababa81ac4b1f5d595365fca6faae6124af55c,0.1527041346,if6_consensus_when_public_stable_and_legacy_neutral
5a12_ang2:0000071:5ecbcf5fc5d9,5ecbcf5fc5d9ace56929f90dbdfad95cfd2f869c9cf3aaa5f7e57b11a093ff31,0.1304347813,if6_consensus_when_public_stable_and_legacy_neutral
5a12_ang2:0000072:222cf56d8bb2,222cf56d8bb26b45944a2a1f63e19eb054d16ae7e2784f8ddd6518b0f670c2d8,0.1396253109,if6_consensus_when_public_stable_and_legacy_neutral
5a12_ang2:0000073:8c4880ca9585,8c4880ca9585eeecb1fd979014cefd32510aed348ca77f6f55d6259348e18883,0.1108165458,if6_consensus_when_public_stable_and_legacy_neutral
5a12_ang2:0000074:bc860436876c,bc860436876c73d50b67d963b2a5cb9d749b0375febfc19a6219a32a937ec89e,0.1329091638,if6_consensus_when_public_stable_and_legacy_neutral
5a12_ang2:0000075:48c73351a99f,48c73351a99fc2adcec3cdc74c22042a6e57fe81701848f701b115b7732d9768,0.136797443,if6_consensus_when_public_stable_and_legacy_neutral
5a12_ang2:0000076:fcb8b69c98d1,fcb8b69c98d1ef5b61f38b7251fe336f1f4c9bd50db169b890a8dbcd69153b9e,0.2078472972,if6_consensus_when_public_stable_and_legacy_neutral
5a12_ang2:0000077:977d01d6bffe,977d01d6bffee6fe180e58b8cedf441969119e597327387a6def36cd1d75513d,0.3039943278,if6_consensus_when_public_stable_and_legacy_neutral
5a12_ang2:0000078:9902534b2b51,9902534b2b51de66918b0af9cae7ca24b601c95ae3d9f3ba4b0b2e1b4d7e9f5c,0.3061152399,if6_consensus_when_public_stable_and_legacy_neutral
5a12_ang2:0000079:1e1a7389b65f,1e1a7389b65fbae82084cad5c064155380ac448deea5efb2119f2a442d4cb058,0.3319194019,if6_consensus_when_public_stable_and_legacy_neutral
5a12_ang2:0000080:43117141925c,43117141925c3f5995cd574ad003e202d698d96644bafcbfbaa95715820262c2,0.2930364311,if6_consensus_when_public_stable_and_legacy_neutral
5a12_ang2:0000081:0849b93ee608,0849b93ee6087ed94e9f0533f544485adae1b1f2ceddc46ce56cf997e552afd5,0.255567342,if6_consensus_when_public_stable_and_legacy_neutral
5a12_ang2:0000082:75eb5602fc5a,75eb5602fc5adc05a6b008e9aab6e351bb4efff1adcf9d6e05a64a979f179931,0.2138565034,if6_consensus_when_public_stable_and_legacy_neutral
5a12_ang2:0000083:b5f5fc8110e5,b5f5fc8110e5124eac185423b984afab8cef839edd22af4f2e14b5238e4daa5f,0.2446094006,if6_consensus_when_public_stable_and_legacy_neutral
5a12_ang2:0000084:ad16da7ed2e9,ad16da7ed2e9ac720b8e1fd2fba180bbb232923820850f5353b86b855a6e3ec4,0.2679392099,if6_consensus_when_public_stable_and_legacy_neutral
5a12_ang2:0000085:4b279129a459,4b279129a4599107b5203e2306b5ee06830d1fe3246dd892c4596574f771b1cb,0.2608695924,if6_consensus_when_public_stable_and_legacy_neutral
5a12_ang2:0000086:aca53b916b46,aca53b916b4695dfaadb16eca3df43216465e501ace6f7ef48c7af7b49ce7d32,0.2923294306,if6_consensus_when_public_stable_and_legacy_neutral
5a12_ang2:0000087:338a6293f0ec,338a6293f0ec0fe86a5971c3c4b804374b312c3b94b7320bbc26d866c804b670,0.3725697994,if6_consensus_when_public_stable_and_legacy_neutral
5a12_ang2:0000088:32234caa9e5d,32234caa9e5d232612f07ef2b29c603e6191eb02cc5272f97b5bf8e9b1b2f0dd,0.1438670903,if6_consensus_when_public_stable_and_legacy_neutral
5a12_ang2:0000089:860024801f10,860024801f100ccfea504c87ad2b578a69b92b831cb50a1aa9857e962d9fe57a,0.1148815826,if6_consensus_when_public_stable_and_legacy_neutral
5a12_ang2:0000090:4dbd684065c1,4dbd684065c115aba30844796226234a7c3b70981c5537f0873039d07ea94a82,0.1445740461,if6_consensus_when_public_stable_and_legacy_neutral
5a12_ang2:0000091:a61358171a18,a61358171a180fcf42ffc2fe6944d1cd836519ea914c2b88269765a22b7db6eb,0.04135737196,if6_consensus_when_public_stable_and_legacy_neutral
5a12_ang2:0000092:87b25203eb3e,87b25203eb3e2be9227c585244e3258542db1ad8ee89e68b0c5fa509587c50ed,0.1396253109,if6_consensus_when_public_stable_and_legacy_neutral
5a12_ang2:0000093:aff72cb6715c,aff72cb6715cc0724a00bdb3ac9134dc93ff29fd31cd5ffb44d59faae0a1e6c4,0.1159420237,if6_consensus_when_public_stable_and_legacy_neutral
5a12_ang2:0000094:fd4a8871ec7a,fd4a8871ec7a364510674511e1faad40a6abbddf9922b5958cbf705de0729e34,0.0996818766,if6_consensus_when_public_stable_and_legacy_neutral
5a12_ang2:0000095:d538360f77a2,d538360f77a210888ad241b3c6f22fd45093a46e8c3bbc469ae478c51fef1920,0.08660303801,if6_consensus_when_public_stable_and_legacy_neutral
5a12_ang2:0000096:ccebb7baa04b,ccebb7baa04bb4502a2655eb43ecb050e9d23f125597fe840eea88976e6cf240,0.1060445383,if6_consensus_when_public_stable_and_legacy_neutral
5a12_ang2:0000097:8f5d3835f49f,8f5d3835f49fcf51362bbde522eac3d9d5f513757975640674c9e534f9c6da08,0.1010957882,if6_consensus_when_public_stable_and_legacy_neutral
5a12_ang2:0000098:8dd1ce990f48,8dd1ce990f4851122f05deb413497926aaee254fcefbb0460755d009a6aad75f,0.07034287602,if6_consensus_when_public_stable_and_legacy_neutral
5a12_ang2:0000099:8f09005df4ce,8f09005df4ce9924946ca18333f3553bc61f55dd703e7704f53ef855ee9aa4b6,0.1449275315,if6_consensus_when_public_stable_and_legacy_neutral
5a12_ang2:0000100:dce254142e14,dce254142e141653656483a16cfe17b73dd949df81d34323377a75db670072f7,0.1127606928,if6_consensus_when_public_stable_and_legacy_neutral
5a12_ang2:0000101:5cf8516c3959,5cf8516c3959aaef8c1ab40a8d2398444bc548dd0857ff713fd6a9b9062e1393,0.09508660436,if6_consensus_when_public_stable_and_legacy_neutral
5a12_ang2:0000102:205eb321918d,205eb321918dbdb5d46d722ce6fc25da82fe2db00fc9585ff1611aefd997a776,0.1120537296,if6_consensus_when_public_stable_and_legacy_neutral
5a12_ang2:0000103:4e46e1dcc546,4e46e1dcc546e0ffd80a5b6b11f5c63dbffbc498c5caad6736599f82c059cec5,0.3029339015,if6_consensus_when_public_stable_and_legacy_neutral
5a12_ang2:0000104:e033ea643f1b,e033ea643f1bcf6d935202053bb40be0b9368bce8a231d573761a12a088455f6,0.2241074592,if6_consensus_when_public_stable_and_legacy_neutral
5a12_ang2:0000105:33d614cee011,33d614cee011f01de6caf8a02347c16563204df7b64854f31bd33625861120a5,0.1983032972,if6_consensus_when_public_stable_and_legacy_neutral
5a12_ang2:0000106:47a9c1544502,47a9c1544502dd90b8f460ae5c5dc7c0763055091731dd6ec154e20e984a30be,0.2198656797,if6_consensus_when_public_stable_and_legacy_neutral
5a12_ang2:0000107:a6162bab58fe,a6162bab58fecdb4ef97e5ea94d935b4c1a4c34262ee25e5c3a1b14be0a63616,0.2439024448,if6_consensus_when_public_stable_and_legacy_neutral
5a12_ang2:0000108:74f618973590,74f618973590dc01f02a3fdb088ad22c777f10ee44ccc16e35c5310289fb71c2,0.2778366804,if6_consensus_when_public_stable_and_legacy_neutral
5a12_ang2:0000109:adbf4a9fb42a,adbf4a9fb42a1f59379c7d2c4ae35aca805d7e5e715f6631ecaff3be2a73a2ee,0.3662071228,if6_consensus_when_public_stable_and_legacy_neutral
5a12_ang2:0000110:6c762b4cfa5b,6c762b4cfa5bdefeb04715155965259bf9605ae0d301661cd24c6ec60425b353,0.09791445732,if6_consensus_when_public_stable_and_legacy_neutral
5a12_ang2:0000111:9a3d40c95737,9a3d40c957375bb96baf41fc7d123f3c33c4ea772a6540015f8671c495938d8d,0.03852951154,if6_consensus_when_public_stable_and_legacy_neutral
5a12_ang2:0000112:55f26d01ea06,55f26d01ea06c416a78093a9e5aaeeff4c9b424fee1d34bc26fa751b7fbc53a3,0.08837044984,if6_consensus_when_public_stable_and_legacy_neutral
5a12_ang2:0000113:6b5d197da4a0,6b5d197da4a0d62d976fd53f8e5cc7ff15c7e3f2da5e1145fba9524f8bb8083c,0.1221279725,if6_consensus_when_public_stable_and_legacy_neutral
5a12_ang2:0000114:72fe0deaf354,72fe0deaf354619f3cd1f86db87c867457431fd3c2aa360279064d6753e993b5,0.3927182853,if6_consensus_when_public_stable_and_legacy_neutral
5a12_ang2:0000115:a924f4572a4b,a924f4572a4be9d915feb7ed8a01b3d36913b6acdeaaea45e14a0338b658d394,0.3980205059,if6_consensus_when_public_stable_and_legacy_neutral
5a12_ang2:0000116:d675f56897f4,d675f56897f4b05eafabfa9653cc3427d417aa73207b47ac182f8cf652263b1a,0.2089077383,if6_consensus_when_public_stable_and_legacy_neutral
5a12_ang2:0000117:5cc3a45d30a8,5cc3a45d30a886f8292231bff2ec2f86d6ef2913c2361bc303956f85a7f0140f,0.1516436934,if6_consensus_when_public_stable_and_legacy_neutral
5a12_ang2:0000118:e54e02386b1e,e54e02386b1ebf62f24b2029b4865bfb09a7c772f64f629ce18f19d46993f890,0.2636974156,if6_consensus_when_public_stable_and_legacy_neutral
5a12_ang2:0000119:a9cd821c1568,a9cd821c1568a25d151ac311eb33a58e49ec71c78fe97186bd712f5197862648,0.1329091638,if6_consensus_when_public_stable_and_legacy_neutral
5a12_ang2:0000120:32a7ec76be0d,32a7ec76be0db252980fad0c64ba822d7dfbea0b3b8399cfad4ab26f19cf2f49,0.1258395165,if6_consensus_when_public_stable_and_legacy_neutral
5a12_ang2:0000121:5af16b8b9435,5af16b8b9435686a5aede71d30579c7580d48e2ac2ae8bc25738a400bc838d2c,0.1527041346,if6_consensus_when_public_stable_and_legacy_neutral
5a12_ang2:0000122:c25c5036c127,c25c5036c127d746cc48103bd52b825194e0d617d55a99f5963ce88201897ae4,0.04171085358,if6_consensus_when_public_stable_and_legacy_neutral
5a12_ang2:0000123:c68e0f277a10,c68e0f277a109a2e605407bab4d8cb24cea7232fd4a1dafd1c18062fd7b4b41b,0.08907741308,if6_consensus_when_public_stable_and_legacy_neutral
5a12_ang2:0000124:851924087506,851924087506a59a60330db909febe1b79440442d6b8e04553646e69710b2546,0.1307882667,if6_consensus_when_public_stable_and_legacy_neutral
5a12_ang2:0000125:62abef1619e2,62abef1619e209f4df97c67ccf1b0d7511a81749ec10cc13dec52df632bd1a6a,0.150229767,if6_consensus_when_public_stable_and_legacy_neutral
5a12_ang2:0000126:304efb3a6300,304efb3a630094c75f19371c047142efc24a740309d7d3c77ac95ca768f65d53,0.1569459289,if6_consensus_when_public_stable_and_legacy_neutral
5a12_ang2:0000127:69a52292ce5b,69a52292ce5b67300d6b7f6dda91c8d4b6ebbf2cf466809d105bb03e41bfb866,0.1205372885,if6_consensus_when_public_stable_and_legacy_neutral
5a12_ang2:0000128:0c990963eab7,0c990963eab779405c4bd3845ad4c276f364f88ef9bf4005d7fa63834aa1f3fc,0.2152704,if6_consensus_when_public_stable_and_legacy_neutral
5a12_ang2:0000129:b280acee54ba,b280acee54baf490cc7222f6af0470277107d02d500de9958d7b055c9a50f647,0.3011665046,if6_consensus_when_public_stable_and_legacy_neutral
5a12_ang2:0000130:3a77fe7cdeb0,3a77fe7cdeb0ed1fa39af58d3b5ee4c3b9d7e9fd134d95922e8e95000c5e86b8,0.3142453134,if6_consensus_when_public_stable_and_legacy_neutral
5a12_ang2:0000131:2726055525cc,2726055525cce04b793e4c1d1edaccbc67aa03a73f934e2f335b2f594fd163c1,0.2509720922,if6_consensus_when_public_stable_and_legacy_neutral
5a12_ang2:0000132:b1ace44a654e,b1ace44a654e784df73e8544f1d90a557f51529943213e1062b650bc2bbca67b,0.2234004885,if6_consensus_when_public_stable_and_legacy_neutral
5a12_ang2:0000133:ddab411d1355,ddab411d13550c589f38ac34d069efce08ca9d44d094404fbea87f5e428f65fc,0.2329445034,if6_consensus_when_public_stable_and_legacy_neutral
5a12_ang2:0000134:b7db447964dc,b7db447964dc1b8f86db2388655f90765132bee941645738ab04d6d2dbc85aa6,0.3103570044,if6_consensus_when_public_stable_and_legacy_neutral
5a12_ang2:0000135:5d87396d6a35,5d87396d6a35bd2dc4d0a03b50f202b5943ab20115d55e19fb92192f428c68d0,0.2813715041,if6_consensus_when_public_stable_and_legacy_neutral
5a12_ang2:0000136:0af17b48ae1c,0af17b48ae1c44698c481c57e0184970cf424e3d549af2a0c5a0b19b53b5977d,0.2849063277,if6_consensus_when_public_stable_and_legacy_neutral
5a12_ang2:0000137:783360fcd547,783360fcd547373a13311da3f6a87dba2e427e3c00040a544cb7b4ebb25f8f2b,0.2700600922,if6_consensus_when_public_stable_and_legacy_neutral
5a12_ang2:0000138:17693f2593fa,17693f2593fa346e33ce9fe8a623b9eb4e3d09d185d9d3162042b2f3cea0453d,0.3011665046,if6_consensus_when_public_stable_and_legacy_neutral
5a12_ang2:0000139:21adbd69f784,21adbd69f784f65f35b563ebc5941622ac02e60ee22b5b95584769468ad2dc8e,0.4001413882,if6_consensus_when_public_stable_and_legacy_neutral
5a12_ang2:0000140:e79f6c0147e6,e79f6c0147e60d12f63b0b68fff0e22277aaa1be8654c29bdcf5f23d29c8fd3c,0.1184164062,if6_consensus_when_public_stable_and_legacy_neutral
5a12_ang2:0000141:170bc59e0b70,170bc59e0b70b6960177b66564a71814b455b6e41d3ca8ca983821c993817900,0.1664899141,if6_consensus_when_public_stable_and_legacy_neutral
5a12_ang2:0000142:bb8656975c24,bb8656975c2413a43ed03c343e2e4f804efdb2c4f587ef809f58d2cb9281696d,0.1756804585,if6_consensus_when_public_stable_and_legacy_neutral
5a12_ang2:0000143:2d400487f121,2d400487f121c0b21201a096a37a20d5af8129469ba11238d41c9036314d4397,0.1523506492,if6_consensus_when_public_stable_and_legacy_neutral
5a12_ang2:0000144:1008617d610e,1008617d610e28026386a9afdde41b8452c437b7e28872f9a72f1ecd9cb2aab5,0.08271474391,if6_consensus_when_public_stable_and_legacy_neutral
5a12_ang2:0000145:04bbc49b0ce9,04bbc49b0ce9af1697a8fbebff0223962c8c4944b6ddf7e3fc1bd27eaf34f8b6,0.1968893558,if6_consensus_when_public_stable_and_legacy_neutral
5a12_ang2:0000146:0580a0ae73dc,0580a0ae73dcf6b667e120cc7fed310a0b2d49e001d2baff3c6d16b0ab7c1d68,0.1399787813,if6_consensus_when_public_stable_and_legacy_neutral
5a12_ang2:0000147:dcb57f82f773,dcb57f82f773256a8a219e3d556a3080aef60328f3d90a131647d9aa5c00e99a,0.238246724,if6_consensus_when_public_stable_and_legacy_neutral
5a12_ang2:0000148:7333712b27dc,7333712b27dc133331822e5f576797cdb2e1694b3c464cd9a075b0d0b3114402,0.2647578716,if6_consensus_when_public_stable_and_legacy_neutral
5a12_ang2:0000149:b0f3a92a3c76,b0f3a92a3c76fcdf4e78f0ba70e92e585183728bc5078d3933d676f59344aa92,0.2361258268,if6_consensus_when_public_stable_and_legacy_neutral
5a12_ang2:0000150:ebe2cb1ca686,ebe2cb1ca6869985d4d87f38dae0c1bfc96e7af4376e92bc3a9938e464dad198,0.2813715041,if6_consensus_when_public_stable_and_legacy_neutral
5a12_ang2:0000151:d33c365e54f7,d33c365e54f77a427b9a8f0c56f850c911782949141d7c82a4749f88938402fd,0.146341458,if6_consensus_when_public_stable_and_legacy_neutral
5a12_ang2:0000152:5a5f0cfbed36,5a5f0cfbed363f8762dca792a96c20276d831190daa9d367225ac87dc9ac99e2,0.1438670903,if6_consensus_when_public_stable_and_legacy_neutral
5a12_ang2:0000153:32f91d95d597,32f91d95d59710b95da4d463f491d88d6253697e69f44b65bce7880de06a031a,0.06928243488,if6_consensus_when_public_stable_and_legacy_neutral
5a12_ang2:0000154:4a956177feaa,4a956177feaad3f06cef8601ed1a0385dd7490688f890e175376bd65aae8650e,0.1261930019,if6_consensus_when_public_stable_and_legacy_neutral
5a12_ang2:0000155:8a75c06198ed,8a75c06198edb9a933a7c13cddf6b1873cf8eef4bf464588eff44074bb9937fb,0.127253443,if6_consensus_when_public_stable_and_legacy_neutral
5a12_ang2:0000156:d0e26493884a,d0e26493884afa915d7107d0c359bbee8f131afff4319aac09b3ce972e95b334,0.09013784677,if6_consensus_when_public_stable_and_legacy_neutral
5a12_ang2:0000157:8f512d5eb65b,8f512d5eb65bb6b118b18e2bf2d12376b1eaf651475d02b82922285650a6c607,0.07599858195,if6_consensus_when_public_stable_and_legacy_neutral
5a12_ang2:0000158:e88aa4e71626,e88aa4e716261ba7145887f0835f0d4035b78666cd9daa813706b5a37f490296,0.1194768474,if6_consensus_when_public_stable_and_legacy_neutral
5a12_ang2:0000159:793376f0f7c2,793376f0f7c20be46f2b70dd5410c93f6bf1c29f178e029bc058d626e4855670,0.1198303178,if6_consensus_when_public_stable_and_legacy_neutral
5a12_ang2:0000160:160a562f1ac7,160a562f1ac72a907248ecfb3b4f5fdd6173ce07123a2db1ed1dca7744b08175,0.1060445309,if6_consensus_when_public_stable_and_legacy_neutral
5a12_ang2:0000161:947fd2d5350c,947fd2d5350c621c174c111f71d2e0f689829d41f4e65f5975d99011e5a773f5,0.1078119501,if6_consensus_when_public_stable_and_legacy_neutral
5a12_ang2:0000162:54ff4533c9c8,54ff4533c9c8ca72c8b36a70adc8e0d4655798f41683d7dd2c7592f696216a6d,0.1307882518,if6_consensus_when_public_stable_and_legacy_neutral
5a12_ang2:0000163:edba302cc626,edba302cc62656047d2878bfd5c68ef2b723ebfc459160589322c3fa2e10449e,0.1845175028,if6_consensus_when_public_stable_and_legacy_neutral
5a12_ang2:0000164:b418e9319675,b418e931967597fcea1aa324ecfb338b39a6a25c30884b1eb538a840d8f78cd7,0.2887946367,if6_consensus_when_public_stable_and_legacy_neutral
5a12_ang2:0000165:612a7c6220b1,612a7c6220b1ccd52e2df7298847923362fb4df93938b7ffdd0607d0fa81a6c4,0.2184517533,if6_consensus_when_public_stable_and_legacy_neutral
5a12_ang2:0000166:a6c4e62889f0,a6c4e62889f04ea2d7e4ec366aa9dc0c27bf4b800aba47e92d28350aebbcea51,0.2064333707,if6_consensus_when_public_stable_and_legacy_neutral
5a12_ang2:0000167:7524d21055d8,7524d21055d83810b9a929789e9187f309e562ad5660733bca52ed73fc649df2,0.2085542679,if6_consensus_when_public_stable_and_legacy_neutral
5a12_ang2:0000168:11ff2a9f34b4,11ff2a9f34b4f41e3b11a472aa8fb2015ed70ef5fbb9e9542285698abd598b1a,0.2552138567,if6_consensus_when_public_stable_and_legacy_neutral
5a12_ang2:0000169:bdd1bcb7672a,bdd1bcb7672a88f5977c3f373f9682057e0c5339fc643d7d3db5a51b8395686a,0.2350654006,if6_consensus_when_public_stable_and_legacy_neutral
5a12_ang2:0000170:0e05565e9d77,0e05565e9d774a36f3fdade731787c7fa1fbc236c2e342843624599f6c711448,0.3481795788,if6_consensus_when_public_stable_and_legacy_neutral
5a12_ang2:0000171:ff6591954b8c,ff6591954b8cc2d29efe7d7588d6c5e7758e303742b5d4e5d5d76c83084e55c4,0.2195121795,if6_consensus_when_public_stable_and_legacy_neutral
5a12_ang2:0000172:f4a2a3a7ee50,f4a2a3a7ee50c275b09e8cec60fc687118d46a152c86abc40beeca16ca9f9610,0.1788617969,if6_consensus_when_public_stable_and_legacy_neutral
5a12_ang2:0000173:a59d91ea823a,a59d91ea823a40e5bc218b9d1ad6d21d28fa705fee8372efd95371b8a22450e8,0.1565924287,if6_consensus_when_public_stable_and_legacy_neutral
5a12_ang2:0000174:9fc9c02abd1d,9fc9c02abd1d94f560cdd7f81a379659f9cc38bef8c9d9a559dd6733fc69b55e,0.2439024448,if6_consensus_when_public_stable_and_legacy_neutral
5a12_ang2:0000175:06cfb2d51ed6,06cfb2d51ed6f1794d1f45e77bf945dc7f66d1687c23cb8a988ddff1537a4293,0.2067868561,if6_consensus_when_public_stable_and_legacy_neutral
5a12_ang2:0000176:d56b7cc9010b,d56b7cc9010bc9e5e0ac76afbd1f281c729ecbc6d92f67c84463e7cef41aa6ff,0.1961823851,if6_consensus_when_public_stable_and_legacy_neutral
5a12_ang2:0000177:b68fcd41101a,b68fcd41101a4bc95afc6daa83171324ad1e81ff852b4eb7404a0dc6b5b8b15f,0.1219512224,if6_consensus_when_public_stable_and_legacy_neutral
5a12_ang2:0000178:84f244c2f581,84f244c2f5811645b1ff8bf16e7e2c8b98a312deb460e732afd53866af8ff64f,0.1431601197,if6_consensus_when_public_stable_and_legacy_neutral
5a12_ang2:0000179:0c829e4bea4d,0c829e4bea4d1bfd3a627a7fa1879bc9c018c0f171fce20d34737db2f49663cd,0.1558854729,if6_consensus_when_public_stable_and_legacy_neutral
5a12_ang2:0000180:cbb512d2fae7,cbb512d2fae79bb29242f881cd31ac2c60c24b3242136c0a5e19aefc43603404,0.2014846206,if6_consensus_when_public_stable_and_legacy_neutral
5a12_ang2:0000181:9103d5817384,9103d58173849e61a50f18c6d9c6a7a83711db5e4e5bd684b70e810c7f657c4c,0.3220219314,if6_consensus_when_public_stable_and_legacy_neutral
5a12_ang2:0000182:4b6cc7866732,4b6cc786673261a138c4dcd6cfaad2a4c08862b079ca90ab9bc008268cb161e7,0.2633439302,if6_consensus_when_public_stable_and_legacy_neutral
5a12_ang2:0000183:adf1ae745f3e,adf1ae745f3e752020cbfc7a749a039f3203e20a4bdcb229131975c32a023ca8,0.1944149882,if6_consensus_when_public_stable_and_legacy_neutral
5a12_ang2:0000184:11f2c996203b,11f2c996203b64ff78e2556deb6a00b414abd4b40c83cab4cfd8b0b2e13c9053,0.176033929,if6_consensus_when_public_stable_and_legacy_neutral
5a12_ang2:0000185:76c73eb65704,76c73eb65704943209aecbeee57c6de50dbb37eda350545918f5ba4ef021d833,0.1937080175,if6_consensus_when_public_stable_and_legacy_neutral
5a12_ang2:0000186:0aacee6d53d0,0aacee6d53d0a5a99c68ce5dd5cce470b482c6a7337d7426b9bdfcd53297c58d,0.2944503427,if6_consensus_when_public_stable_and_legacy_neutral
5a12_ang2:0000187:dc13b570307c,dc13b570307cd823e97727f3ee4145a1efb52a7c155cf29c58c4a07e65c28631,0.3704489172,if6_consensus_when_public_stable_and_legacy_neutral
5a12_ang2:0000188:5ac12ed309ac,5ac12ed309ac5a0022bf704f4d8a62de0b1db89036c9387f25e8632716c13611,0.3358077109,if6_consensus_when_public_stable_and_legacy_neutral
5a12_ang2:0000189:a30fb8756ae4,a30fb8756ae4ffdb16b37d5d974ef987093935fc377481e6dd4345e692b59523,0.3446447551,if6_consensus_when_public_stable_and_legacy_neutral
5a12_ang2:0000190:08391dac318b,08391dac318bc953222f1f436aa7cb9e616041a61ab5d587e3cbac1c9885cd42,0.4110993445,if6_consensus_when_public_stable_and_legacy_neutral
5a12_ang2:0000191:ba10e84b20f7,ba10e84b20f73fb6e574d2945c0b5ec5916070eb5e8ed9b151af7133db620c8f,0.1767408848,if6_consensus_when_public_stable_and_legacy_neutral
5a12_ang2:0000192:1c4ee0a098de,1c4ee0a098dec2a726b7515cf72486159eb42800206f9f54c965e055bb4a49c0,0.1831035614,if6_consensus_when_public_stable_and_legacy_neutral
5a12_ang2:0000193:4fed4dbf4620,4fed4dbf4620d9596b1383645f9e1f9c21077ed110ead8e801881ae7cfbddd54,0.2877341807,if6_consensus_when_public_stable_and_legacy_neutral
5a12_ang2:0000194:e6a6e2d3d547,e6a6e2d3d5475d590a7aee88071175ad35ed226da1b1dcd9a96a100c48755154,0.1912336349,if6_consensus_when_public_stable_and_legacy_neutral
5a12_ang2:0000195:d63bececefa9,d63bececefa9908e70107e4ca69ec0394d2ec9cb447af20ea59a7c2015869ef1,0.3121244013,if6_consensus_when_public_stable_and_legacy_neutral
5a12_ang2:0000196:671366316cc5,671366316cc5f3a23da3ceb6a674573e3dc916bda28db1289e3f5bdb7c76f794,0.1286673695,if6_consensus_when_public_stable_and_legacy_neutral
5a12_ang2:0000197:b386397016fc,b386397016fcee90eeeb9a4e4a551042f26709a20994ce6e497b0ff575335f62,0.131141752,if6_consensus_when_public_stable_and_legacy_neutral
5a12_ang2:0000198:3d10a4b4f933,3d10a4b4f9334e3b3e554f3d29f7341c49c806c2746c6ff1f350e3ed2afd52c5,0.1859314293,if6_consensus_when_public_stable_and_legacy_neutral
5a12_ang2:0000199:e33f89d57831,e33f89d578317361e434068fc0f3755aef2cff949d5965940c3e086cda410f06,0.1046306118,if6_consensus_when_public_stable_and_legacy_neutral
5a12_ang2:0000200:0b5e51b37aa2,0b5e51b37aa284d5ce619ed0f168e1b6726138b6bc997b30976ed42757f7579c,0.1099328399,if6_consensus_when_public_stable_and_legacy_neutral
5a12_ang2:0000201:727288639510,727288639510d7ebd9d86393504031c7453fdd17074d44246a1dc422b774b961,0.08448214084,if6_consensus_when_public_stable_and_legacy_neutral
5a12_ang2:0000202:b4049302dc05,b4049302dc05f793ec53c8e6dced51d7b5b5e511eda94af02fe4e48ff334752b,0.1696712524,if6_consensus_when_public_stable_and_legacy_neutral
5a12_ang2:0000203:bc0817c354ab,bc0817c354ab4cb36196c501fa05e9cfcee332e7ed731898011cc468792a7906,0.1668434143,if6_consensus_when_public_stable_and_legacy_neutral
5a12_ang2:0000204:cea790b6b2d4,cea790b6b2d44530ab7c2e4ec4b152257e2492997c9394b40b439861f918b36a,0.1580063701,if6_consensus_when_public_stable_and_legacy_neutral
5a12_ang2:0000205:c8469997bce1,c8469997bce10def0f0d2c98bc551e8362b2318c8f4a57a10be800bd0070ef4f,0.1449275315,if6_consensus_when_public_stable_and_legacy_neutral
5a12_ang2:0000206:96daf9908c60,96daf9908c603f26e10974c9e3d8f929e3064176e707c6f07ca661d67e6ce60e,0.1654294729,if6_consensus_when_public_stable_and_legacy_neutral
5a12_ang2:0000207:6150aaf5eccc,6150aaf5eccc1f1b721a41d66f11f906df59cb3e04c965ec51a726ab60e16e2d,0.2725344598,if6_consensus_when_public_stable_and_legacy_neutral
5a12_ang2:0000208:694f79154f3a,694f79154f3ace57956fafdc44ef773c034b8c87788a6b5e69b240eba280ffd9,0.3849416673,if6_consensus_when_public_stable_and_legacy_neutral
5a12_ang2:0000209:a44c102014a1,a44c102014a199492120ce205539d9facbdf41ed62ddea000393f8ffe2518365,0.3343937695,if6_consensus_when_public_stable_and_legacy_neutral
5a12_ang2:0000210:74efb8cb2192,74efb8cb21921949af609058cde37ee4d7b5070c267730d456381dcb9e151194,0.2972781956,if6_consensus_when_public_stable_and_legacy_neutral
5a12_ang2:0000211:9881496f496a,9881496f496a4e183fb4867597729a54294fe992ea51f418437c9e2d93e7bcd9,0.3177801371,if6_consensus_when_public_stable_and_legacy_neutral
5a12_ang2:0000212:ceafdf92aa6d,ceafdf92aa6d502e525540e8b54090bfe7032f94485bc1541a1270fae0eb332c,0.2951573133,if6_consensus_when_public_stable_and_legacy_neutral
5a12_ang2:0000213:88ddaa5cea14,88ddaa5cea142d928bf76259502d5deb73b76fd0b68c2396ef10254bd36a2d95,0.3534817994,if6_consensus_when_public_stable_and_legacy_neutral
5a12_ang2:0000214:90895b2fb1f7,90895b2fb1f7039f8aa1a4a06b38e676b11f0d007406bc0329ea0605a5405016,0.3294450343,if6_consensus_when_public_stable_and_legacy_neutral
5a12_ang2:0000215:9aa7105f2d02,9aa7105f2d02dfcf9c8b360074b9bb46c2ec6be124e4002295d2f91b0fda66f6,0.3343937397,if6_consensus_when_public_stable_and_legacy_neutral
5a12_ang2:0000216:c7496b3b055e,c7496b3b055e69e34e4ceb38556f598c5c5893935ff9abaf3f742e09c07f794e,0.4513962269,if6_consensus_when_public_stable_and_legacy_neutral
5a12_ang2:0000217:d8dfcd81982d,d8dfcd81982d2efba42e7e17fd1002a618c5c25b235d8eec45eb25b8af538981,0.1604807377,if6_consensus_when_public_stable_and_legacy_neutral
5a12_ang2:0000218:ef3e3108279d,ef3e3108279d1b7530e6820527d97d396e3ebd4a4ef3f2bf4036a0caf9c7bbb7,0.1558854729,if6_consensus_when_public_stable_and_legacy_neutral
5a12_ang2:0000219:dbc182b3662f,dbc182b3662f7eb22335c2b3b7d6d5edb980dbe45238f3f5370e14aff9801557,0.4750795364,if6_consensus_when_public_stable_and_legacy_neutral
5a12_ang2:0000220:7eb98347901a,7eb98347901ab6616a484ec6adaa4e09af594d76a17fc285e1dbde94a974e5ad,0.04241782054,if6_consensus_when_public_stable_and_legacy_neutral
5a12_ang2:0000221:4043a35cd449,4043a35cd449b6407edbfcb3e4cae45fd81bf9f5aac5537f2bcb82497e946552,0.03782255203,if6_consensus_when_public_stable_and_legacy_neutral
5a12_ang2:0000222:cf3ffa456ea2,cf3ffa456ea2f72a723a5ac46d4ba407cfb1af6065a80e3a7b7c286c3f4c8668,0.1544715315,if6_consensus_when_public_stable_and_legacy_neutral
5a12_ang2:0000223:c6f00ae83325,c6f00ae833253d42b251d2d9450ff23ffad18d6890c55dae6b51950822242391,0.1032166854,if6_consensus_when_public_stable_and_legacy_neutral
5a12_ang2:0000224:7c37ffdbec0e,7c37ffdbec0e2890b180394f73f206f9cfac1b0ff75819af3741fe8deebba208,0.2216330916,if6_consensus_when_public_stable_and_legacy_neutral
5a12_ang2:0000225:da1bebc9658e,da1bebc9658e8a7278b52936d930bf3e3b57392f5bcbc651e6b05c12ec03d7e9,0.4174619913,if6_consensus_when_public_stable_and_legacy_neutral
5a12_ang2:0000226:bbda3ae03d6f,bbda3ae03d6fcd0459b1025fcd640e6759eb14fa31109308d1bb6b9045379685,0.8356309533,if6_consensus_when_public_stable_and_legacy_neutral
5a12_ang2:0000227:4fcac0c2ec81,4fcac0c2ec81c808f797afc6da8490d3c1786ef3c3a316717dc35098d750b340,0.5843054056,if6_consensus_when_public_stable_and_legacy_neutral
5a12_ang2:0000228:14292d357891,14292d3578918cc24cb2334e7f85255acbfee1a8ba68fdfb4355a8a09f419e14,0.897136867,if6_consensus_when_public_stable_and_legacy_neutral
5a12_ang2:0000229:7449cf110264,7449cf110264fd15c0e0e2c50fb74d0b9cc5dbd81fe91ef4f1a07520a0206c89,0.6161187291,if6_consensus_when_public_stable_and_legacy_neutral
5a12_ang2:0000230:ed30ee90c076,ed30ee90c076d2ff1a09aa1e76647df71cbc147bed789edde68983c4880a0d6e,0.9476847053,if6_consensus_when_public_stable_and_legacy_neutral
5a12_ang2:0000231:04c122dc5df4,04c122dc5df446fae0975eda05b3996a97aea2ada1b2f8fde28e569050932fab,0.9218804836,if6_consensus_when_public_stable_and_legacy_neutral
5a12_ang2:0000232:bf7b9c3836c2,bf7b9c3836c29f6e914e383f2573ed5c95c85ecfce89d80b0bbfc69bd9ac0d7e,0.9063273072,if6_consensus_when_public_stable_and_legacy_neutral
5a12_ang2:0000233:0f5cebbfd0c5,0f5cebbfd0c5e082b078bf0278208bafa8f909a4bba9f83df82cee7459d4b8f0,0.9374337196,if6_consensus_when_public_stable_and_legacy_neutral
5a12_ang2:0000234:5fb4b21ddd08,5fb4b21ddd08f5d4ef9a0e97489abba61134043d62cc83fb58b33967718abdc0,0.6175327301,if6_consensus_when_public_stable_and_legacy_neutral
5a12_ang2:0000235:a05a5a28a5f3,a05a5a28a5f31f436f896e6c3931bc51b8c4d43fbf90c3c3dafb23dfc7a8b97f,0.6581830978,if6_consensus_when_public_stable_and_legacy_neutral
5a12_ang2:0000236:fb810f58cdb3,fb810f58cdb38111ed100b5f8de5d594ce990c1f634e5fffccbf32d95a7eaad6,0.9657122493,if6_consensus_when_public_stable_and_legacy_neutral
5a12_ang2:0000237:265dc638acc5,265dc638acc56b0c91056db9c5dfcf71898dbcb3b1088b9948a62e34f1c80d82,0.7027218342,if6_consensus_when_public_stable_and_legacy_neutral
5a12_ang2:0000238:de3c57780eb3,de3c57780eb347bb46779a195542803fcd6dccc0f8bfcb9abafa7258b49a13be,0.6861081123,if6_consensus_when_public_stable_and_legacy_neutral
5a12_ang2:0000239:99caa5619408,99caa5619408b5d2273aa3b537ec9837be460af01e79e313c37491e1e5133ffd,0.9399080873,if6_consensus_when_public_stable_and_legacy_neutral
5a12_ang2:0000240:1282b0094573,1282b0094573334221d49e1ab676dc44d563188ecbbacaeffdf50152e83093e8,0.9763166904,if6_consensus_when_public_stable_and_legacy_neutral
5a12_ang2:0000241:71d483c10f06,71d483c10f069a6600bfb1011127f67a8feec9dd9d0b68358babf3f3f1491787,0.8179568648,if6_consensus_when_public_stable_and_legacy_neutral
5a12_ang2:0000242:0fda1fe188fc,0fda1fe188fc6482ab155dc09cb590ed312d46b4bb8450736d5f374e8fd0502f,0.9904559255,if6_consensus_when_public_stable_and_legacy_neutral
5a12_ang2:0000243:7ec4a69106ae,7ec4a69106ae1e753aca7038b660ffcec47bb9f812e6b54ba0b40e88524b27c6,0.8108872771,if6_consensus_when_public_stable_and_legacy_neutral
5a12_ang2:0000244:101de63b6271,101de63b627160851c069568050cd2e567b5ddb4c06f360c034c476a04434525,0.8434076309,if6_consensus_when_public_stable_and_legacy_neutral
5a12_ang2:0000245:91693ae05479,91693ae05479b6bfed4b265c63804c14c501624ce564fa7d1d233279205d58a6,0.6811594367,if6_consensus_when_public_stable_and_legacy_neutral
5a12_ang2:0000246:923086f974da,923086f974dad8ddb0335566a233c6b26a8838b82a9dc071b2798da3ec14d0dd,0.8939554691,if6_consensus_when_public_stable_and_legacy_neutral
5a12_ang2:0000247:adec3c039b5d,adec3c039b5db123ce79aeaccf42414cc8d4847406d80fcbdc3ab9a7b664c9c5,0.8649699688,if6_consensus_when_public_stable_and_legacy_neutral
5a12_ang2:0000248:e3e9ae57b9b3,e3e9ae57b9b3946fdbf66035ace48ad040efce8b395f9a7dd0d9892627337383,0.9448568225,if6_consensus_when_public_stable_and_legacy_neutral
5a12_ang2:0000249:db5026e21473,db5026e214732049e81a88d7b0c50aa5c0f5798ed9871778c655fba0e3e3df9b,0.9589961171,if6_consensus_when_public_stable_and_legacy_neutral
5a12_ang2:0000250:3f5ffe2825f6,3f5ffe2825f6b81ea8ad7333e205ead969e20bb147933599bf969ec97311fb94,0.9331919551,if6_consensus_when_public_stable_and_legacy_neutral
5a12_ang2:0000251:56db96fd86b5,56db96fd86b5df5c84f1103ac08bfc9c09535088d1a61377c42d5de6dd5acf52,0.9148108959,if6_consensus_when_public_stable_and_legacy_neutral
5a12_ang2:0000252:87465bb1f713,87465bb1f7134116dcac1d698d993afbfbedeccf0f7ffeb2198572ae0faa8045,0.6387416124,if6_consensus_when_public_stable_and_legacy_neutral
5a12_ang2:0000253:575c3c07555e,575c3c07555e561a2f7d1bc95233962d1180b4070c7799f5917041b700908527,0.6574761271,if6_consensus_when_public_stable_and_legacy_neutral
5a12_ang2:0000254:a620e6189e18,a620e6189e18119b8b254781b86891614cdee73b43f2bb3b949c24bce370d1fb,0.9413220286,if6_consensus_when_public_stable_and_legacy_neutral
5a12_ang2:0000255:c579c873d77a,c579c873d77a52f4d9678f333a188af8abf52b85cc45ac59f856e6bb09efbccc,0.6617179513,if6_consensus_when_public_stable_and_legacy_neutral
5a12_ang2:0000256:1faf3d3407d0,1faf3d3407d03a1714e17268f772be201ea5af01d7ef47c959dfc65c5ffd10e8,0.6970660686,if6_consensus_when_public_stable_and_legacy_neutral
5a12_ang2:0000257:0434a9e62402,0434a9e624028176fae4c472bd6527082dbd81736d318df3f55abba1b5693375,0.4266525209,if6_consensus_when_public_stable_and_legacy_neutral
5a12_ang2:0000258:175a08b457fc,175a08b457fc371b520c01a0a5f21d87fa0d63aa46c01f40851b82e3a7377535,0.5878402591,if6_consensus_when_public_stable_and_legacy_neutral
5a12_ang2:0000259:3c43b67a763b,3c43b67a763be70b2032552e92b98a8a6835ed7461c12c255a6f0954437b3af4,0.6083421707,if6_consensus_when_public_stable_and_legacy_neutral
5a12_ang2:0000260:71a4edd1d1ec,71a4edd1d1ecb03936f8660c6647d79c0b888b7e6840d933ab48ae14cdfecfb5,0.3927182853,if6_consensus_when_public_stable_and_legacy_neutral
5a12_ang2:0000261:47d91daaca23,47d91daaca232e59027186778870c1711de15d29f09d3c1e510db60ce63cb672,0.3085896075,if6_consensus_when_public_stable_and_legacy_neutral
5a12_ang2:0000262:7d2f4ad2736a,7d2f4ad2736ac42b1b378aa05a411cc0d9210266c2de8b278af08fa077b476de,0.4178154767,if6_consensus_when_public_stable_and_legacy_neutral
5a12_ang2:0000263:c17f65cfcd5f,c17f65cfcd5fd1117967e5c4f25b4addf727d03545f591dfc2f3242ac2eda2fa,0.4513962567,if6_consensus_when_public_stable_and_legacy_neutral
5a12_ang2:0000264:500b36412bc6,500b36412bc67794b8708ee6528bd434433c682874f938e657f486390312d2c6,0.6118769646,if6_consensus_when_public_stable_and_legacy_neutral
5a12_ang2:0000265:2a430f5b6aea,2a430f5b6aeae4c88cda67a62f8c84a4d5443d2920e85894d6df68065f94990f,0.6168257594,if6_consensus_when_public_stable_and_legacy_neutral
5a12_ang2:0000266:84a05cc8bfb5,84a05cc8bfb5f3cff1eb6e04985c401b9c7f471df67ff9abb3e6e4aa8fb66b48,0.6369741559,if6_consensus_when_public_stable_and_legacy_neutral
5a12_ang2:0000267:c79570d805ad,c79570d805adb0d15efce8e3ff721a160c00ab0813d23ba946e157a6ddce94b7,0.4414987564,if6_consensus_when_public_stable_and_legacy_neutral
5a12_ang2:0000268:5edf269b93a5,5edf269b93a5dea845e044981d76e98d8f5f4991aa5f2c03d09ee6a2b66212e2,0.5083068013,if6_consensus_when_public_stable_and_legacy_neutral
5a12_ang2:0000269:4fc114c46c30,4fc114c46c304929553706e8f5cd3a4c14d504f48b42b108c62ecc9ad6ff9dd6,0.6164722443,if6_consensus_when_public_stable_and_legacy_neutral
5a12_ang2:0000270:2d95965f3d45,2d95965f3d4538a2281721d596749bfbdf59e84935bae3a54c40bb1a4c7ddaa8,0.6041004062,if6_consensus_when_public_stable_and_legacy_neutral
5a12_ang2:0000271:e9ed88074e23,e9ed88074e23b9eff6e163b21a8b89cfdd4bcc3dbf8b606586e7a153816a8c6f,0.4810887277,if6_consensus_when_public_stable_and_legacy_neutral
5a12_ang2:0000272:7cf1475c3492,7cf1475c3492926b4c49447f781671bee54c79554510b4e9141a61b85c1046e4,0.6033934355,if6_consensus_when_public_stable_and_legacy_neutral
5a12_ang2:0000273:347e090f29a8,347e090f29a8bd8daada44b472a8c7ce5c09969462553cd8b29b8725702b9cdb,0.5493106842,if6_consensus_when_public_stable_and_legacy_neutral
5a12_ang2:0000274:689fc08f6e86,689fc08f6e86eb20823a41656f73ee536bd762243ac501b86a890b841b594ec5,0.4369034767,if6_consensus_when_public_stable_and_legacy_neutral
5a12_ang2:0000275:5dec975f7f93,5dec975f7f932218e0da7c2b9f3b6f420b77f61df122876cd8152ad22925cffb,0.577942729,if6_consensus_when_public_stable_and_legacy_neutral
5a12_ang2:0000276:64f859e00cd1,64f859e00cd1edfe9aa767f94339aac780402479a2a52428b022c2886795c3d9,0.6550017595,if6_consensus_when_public_stable_and_legacy_neutral
5a12_ang2:0000277:6caca152d6e0,6caca152d6e0fe4c8a4814a0652111a483d43ac750095da98a453ebd2afa960f,0.621067524,if6_consensus_when_public_stable_and_legacy_neutral
5a12_ang2:0000278:8ea0edd5c657,8ea0edd5c657eb5804c0022c0d54d61c292f09e870e74de2409ddc5157126502,0.6242488027,if6_consensus_when_public_stable_and_legacy_neutral
5a12_ang2:0000279:1cf160e454da,1cf160e454dae7e01aa4395b006f6abe2e0aa0039d1f0ca791ad2e06de30d775,0.6242488623,if6_consensus_when_public_stable_and_legacy_neutral
5a12_ang2:0000280:5948a7551eb9,5948a7551eb915af1053da6b6f0ea561deb60c04b1ed6e0238738fc54505f9b9,0.5507246256,if6_consensus_when_public_stable_and_legacy_neutral
5a12_ang2:0000281:56caaae808cb,56caaae808cb6e5aa837d5adbb45e1f8a1b0b84f2d7c04a93090b878abb4ce92,0.6320254207,if6_consensus_when_public_stable_and_legacy_neutral
5a12_ang2:0000282:afc3a1575f5c,afc3a1575f5c257316405bb059fb1646c7bf584f7086ca5f8a65c974dfbaf3a4,0.6125839353,if6_consensus_when_public_stable_and_legacy_neutral
5a12_ang2:0000283:1816bc53a4d8,1816bc53a4d807a01014a64833f607503f1ea20ec0d9a0a8e3e275d926fec095,0.4513962567,if6_consensus_when_public_stable_and_legacy_neutral
5a12_ang2:0000284:be64795c7d06,be64795c7d061fa323ea62deb0cbda6025d798a45c23f3e1ed5c65433e79f15a,0.6525273919,if6_consensus_when_public_stable_and_legacy_neutral
5a12_ang2:0000285:f9608b46eb70,f9608b46eb703d59790624cd9708eefdf9bbbe8a8ba0a82c4ebe5dad8db1377a,0.5949098468,if6_consensus_when_public_stable_and_legacy_neutral
5a12_ang2:0000286:0c9b1a7587e0,0c9b1a7587e02db779f0611446228f8e8632c7377d87162d428f69b6bdf39ec7,0.5182042718,if6_consensus_when_public_stable_and_legacy_neutral
5a12_ang2:0000287:3827e5a9ec13,3827e5a9ec13fe37d86d7289387f994007abc89cb5fc51d646674566ce84bf20,0.5835984349,if6_consensus_when_public_stable_and_legacy_neutral
5a12_ang2:0000288:d0fe2f9ea9af,d0fe2f9ea9afe31c08e4548117fb8cdcfd39cd58f943b76255db8977c8e7cf85,0.6398020387,if6_consensus_when_public_stable_and_legacy_neutral
5a12_ang2:0000289:b38ae394601f,b38ae394601f1befcb878c691c0013119be2b40b7c05a1e14c66605b70616e85,0.5666313171,if6_consensus_when_public_stable_and_legacy_neutral
5a12_ang2:0000290:836548b5f991,836548b5f991b89fdfbfabcc006ed2c5fd706fc14be6a413fdbae133e7c9e196,0.6327323914,if6_consensus_when_public_stable_and_legacy_neutral
5a12_ang2:0000291:fa53bcd101a3,fa53bcd101a3c018aa29d5e4702774f654e4c3b6767c34921f763d9e2835d9a0,0.5871332288,if6_consensus_when_public_stable_and_legacy_neutral
5a12_ang2:0000292:39e0f1b82fe2,39e0f1b82fe2ea384e52016846d7ab105dac1ff313fb64137cb747b67f0ba5db,0.5033580661,if6_consensus_when_public_stable_and_legacy_neutral
5a12_ang2:0000293:fd1943fe4e45,fd1943fe4e45ea0c9bc6ad426c579b67ba4f52c26ec742f92a34f91ff20b2838,0.585719347,if6_consensus_when_public_stable_and_legacy_neutral
5a12_ang2:0000294:e9e623887e78,e9e623887e78d441781fbb68b9ed2791a65edbc1006d28dd9e86e0a495ade063,0.6150583625,if6_consensus_when_public_stable_and_legacy_neutral
5a12_ang2:0000295:2577d0982554,2577d09825545f2cfb093872c941cf5b652786d29dc2841f474afa70fe5a9d08,0.5334040523,if6_consensus_when_public_stable_and_legacy_neutral
5a12_ang2:0000296:5ed1b9922854,5ed1b9922854b93ca64daf04133fef84abbac6e4442d8627daf62cde197a53a9,0.4340756238,if6_consensus_when_public_stable_and_legacy_neutral
5a12_ang2:0000297:5d1a53e26e0f,5d1a53e26e0f4da30bbddf8972d2e2e29cf50d7c2477e940fb5c2cf79d24dc8a,0.554259479,if6_consensus_when_public_stable_and_legacy_neutral
5a12_ang2:0000298:623b101c0d95,623b101c0d95784661f9825caffdc3eaade8e6a388ec60df0a28f81907517d75,0.3524213731,if6_consensus_when_public_stable_and_legacy_neutral
5a12_ang2:0000299:4dbcd2f04918,4dbcd2f04918b9a72a9dbf7f4df8b7e675975a40e465faafb309d5cafea58c8f,0.6327323914,if6_consensus_when_public_stable_and_legacy_neutral
5a12_ang2:0000300:c82404edf63c,c82404edf63cde601a979369a4823bdd31aeca98b88380894ad7b7232d4598e4,0.621067524,if6_consensus_when_public_stable_and_legacy_neutral
5a12_ang2:0000301:275aed538df4,275aed538df4567f3a3d1d9251ed2221aa24115d6ac6a6e2e574dbd30d1ca8c3,0.5577942729,if6_consensus_when_public_stable_and_legacy_neutral
5a12_ang2:0000302:63bcd511a5b0,63bcd511a5b0e12b2c431ceeb620a7c4bc5d527bfdf59cc078c22b73ca7b1dab,0.624955833,if6_consensus_when_public_stable_and_legacy_neutral
5a12_ang2:0000303:5b06b6ae5ccc,5b06b6ae5ccc6714ea1e896a436fa86d0247240b52fdcdb69ee22c2f7d839dd0,0.4591728747,if6_consensus_when_public_stable_and_legacy_neutral
5a12_ang2:0000304:3a2e55478ed3,3a2e55478ed3d14f0b4736ff46bfa03ef04dd545abfa605c44b93b499c676055,0.6253092885,if6_consensus_when_public_stable_and_legacy_neutral
5a12_ang2:0000305:1eb6fef2e0bc,1eb6fef2e0bcc40b5827f50668d3588eb7c1f8a379748b60b75d88030caa1a37,0.5733475089,if6_consensus_when_public_stable_and_legacy_neutral
5a12_ang2:0000306:18c8930bb6c2,18c8930bb6c2e690bab520d87777177f6a227843e107f023b33af8a04486433f,0.6387416124,if6_consensus_when_public_stable_and_legacy_neutral
5a12_ang2:0000307:fb26557f22f7,fb26557f22f797af021f2b705dfd4a4ce653927a73420f1a6cf6d8f284d3d762,0.4839166105,if6_consensus_when_public_stable_and_legacy_neutral
5a12_ang2:0000308:453d4dcf38f6,453d4dcf38f66e26c4d093d64168d9df0b538831d4093b3d80809a9f2cef46fb,0.5966772437,if6_consensus_when_public_stable_and_legacy_neutral
5a12_ang2:0000309:1cfc8b7535c4,1cfc8b7535c4de6ca06a8960c365c061ffaac699de257c6bb57df9b3c7016341,0.4330151975,if6_consensus_when_public_stable_and_legacy_neutral
5a12_ang2:0000310:0f9b48fe7911,0f9b48fe7911adbb31a0e1ad742b4b14d4c8adba7c4d945c3b50590a8e56e4fc,0.6691409945,if6_consensus_when_public_stable_and_legacy_neutral
5a12_ang2:0000311:8f1b8b321969,8f1b8b321969873a9164221f875b98ed6abc5a288b5999c10d6de7854747eb8c,0.6161187291,if6_consensus_when_public_stable_and_legacy_neutral
5a12_ang2:0000312:80c6771a8659,80c6771a865921db375dd8c78f5838ed036e278a6bc8b8a159bcfcce0929768f,0.6069282889,if6_consensus_when_public_stable_and_legacy_neutral
5a12_ang2:0000313:394ff6adce5d,394ff6adce5da6ce9380c2777718473617ac1f4f2e2d8db4a4eca3bde6e5a4d1,0.6617178917,if6_consensus_when_public_stable_and_legacy_neutral
5a12_ang2:0000314:0a9e7aad1ac0,0a9e7aad1ac08120e4ff6895b340ef61906594f59b104b864191a79267285bd8,0.6564157009,if6_consensus_when_public_stable_and_legacy_neutral
5a12_ang2:0000315:52cb95a626ad,52cb95a626adfa860bc665824efc66add74b9949d3141961ef578a9352ae0777,0.6631318927,if6_consensus_when_public_stable_and_legacy_neutral
5a12_ang2:0000316:9d7dd4394b82,9d7dd4394b828f2d3a9a52758b2fa2c8e531d1bdba7d92978d284ef7238825e0,0.6521739364,if6_consensus_when_public_stable_and_legacy_neutral
5a12_ang2:0000317:58dc0d0c3cc9,58dc0d0c3cc9d60d686ad39c0f16ab5bf61a74b9447bebced1bbf9d2eff58f9a,0.6648992896,if6_consensus_when_public_stable_and_legacy_neutral
5a12_ang2:0000318:73fc160644ef,73fc160644efb88e178ba45b44e79d4af574ed089b5bb200d3152c6770c7f4d8,0.5015906692,if6_consensus_when_public_stable_and_legacy_neutral
5a12_ang2:0000319:3d8b98ba9576,3d8b98ba9576f35ab402cbed31925681f6d5983d660db0dc15ba26a6ea246065,0.6786850095,if6_consensus_when_public_stable_and_legacy_neutral
5a12_ang2:0000320:4a90ba1e209e,4a90ba1e209e436b8b45d49e74cbd1ffcfb6843693584c3dee3822dd0182b322,0.6532343626,if6_consensus_when_public_stable_and_legacy_neutral
5a12_ang2:0000321:d519238c0737,d519238c0737e8a3d9d2c80e1193c8ad80c2eb160a8fc27aaa22c2dfa5b11885,0.6475786567,if6_consensus_when_public_stable_and_legacy_neutral
5a12_ang2:0000322:6e02e2b56857,6e02e2b56857aa130fa1444e43b86d0db98c2057b67eefa780a26ca3e5caa292,0.6136443615,if6_consensus_when_public_stable_and_legacy_neutral
5a12_ang2:0000323:25ec95243ae3,25ec95243ae3f115aacdfead012fa1255b20ea566befe96ab647942340ee3cfd,0.6599504948,if6_consensus_when_public_stable_and_legacy_neutral
5a12_ang2:0000324:3de3bbb7f4a9,3de3bbb7f4a944e60893eed1825856684b13838e6ca8629543bff40e882b5c33,0.6528808475,if6_consensus_when_public_stable_and_legacy_neutral
5a12_ang2:0000325:d449ec6f90e0,d449ec6f90e05d33010b9e60e6d2dbef490f3c0bea6f896206372192005bc21a,0.6373276711,if6_consensus_when_public_stable_and_legacy_neutral
5a12_ang2:0000326:e8a956fa4e56,e8a956fa4e562b9bc4691fd0a353e098bd9a8ec36e94d8d62a58aa61cdcada64,0.6804524064,if6_consensus_when_public_stable_and_legacy_neutral
5a12_ang2:0000327:59b4f729d97e,59b4f729d97ed40d65cadc9229736c323e63d7b02ae688d8b2473dad3c22b023,0.6405090094,if6_consensus_when_public_stable_and_legacy_neutral
5a12_ang2:0000328:19ff96885edf,19ff96885edf3d8bead4768f36525fe8fad468d4871077d3f87f413d0a5660de,0.650759995,if6_consensus_when_public_stable_and_legacy_neutral
5a12_ang2:0000329:7887c629bd3c,7887c629bd3c7521f7ad38825a73a26e9fb68d0fc46ec9ae6bd2f4d09300b62c,0.6779780388,if6_consensus_when_public_stable_and_legacy_neutral
5a12_ang2:0000330:fcad065182d0,fcad065182d070041617a6ded85444aa8923c75f79b8569a0c7bd9e3e678d857,0.5722870231,if6_consensus_when_public_stable_and_legacy_neutral
5a12_ang2:0000331:411281994c77,411281994c777772b15992d3916d844465b34f306c3c4027513464b280c9aed2,0.6705549359,if6_consensus_when_public_stable_and_legacy_neutral
5a12_ang2:0000332:85d84bbe2504,85d84bbe25045207241163d7b8d00b72daf35c59cc87e38d29d9ee39f05c6ba7,0.6758572459,if6_consensus_when_public_stable_and_legacy_neutral
5a12_ang2:0000333:5257cca4b2c3,5257cca4b2c30ba22cd8b734173a9bdf864185ad5a7a873699e817fe3f477adf,0.6783315539,if6_consensus_when_public_stable_and_legacy_neutral
5a12_ang2:0000334:157d732a6c29,157d732a6c296f6d8a6ad2f8a36d33c80c0b1d0e391b716baa8cc28ecd716ca1,0.6960056424,if6_consensus_when_public_stable_and_legacy_neutral
5a12_ang2:0000335:27fd8c796c3b,27fd8c796c3b17b0e66879f0fb5baaafa71433d2e15caf4457cc7c5a64339cad,0.6454577446,if6_consensus_when_public_stable_and_legacy_neutral
5a12_ang2:0000336:a33f45bb4933,a33f45bb4933ca4f6b0449f7a5d18b44633cc105ee3faca0aa41964a423848ab,0.6914103627,if6_consensus_when_public_stable_and_legacy_neutral
5a12_ang2:0000337:2c0cc5154c5c,2c0cc5154c5c3a709a7929c079734d7b6db2780c44a3f5d5a8c377bd336abc1c,0.5609756112,if6_consensus_when_public_stable_and_legacy_neutral
5a12_ang2:0000338:d6e5a9ddae78,d6e5a9ddae78937d89b971cbd61e67ce4e16acecc1dad8e3eb20097d3432159e,0.6917638779,if6_consensus_when_public_stable_and_legacy_neutral
5a12_ang2:0000339:3dcb437c3aaf,3dcb437c3aafdef57b5b4b583bcc32bf9fcaf4ecabfdd8e8aa7edaed8745710d,0.6638388038,if6_consensus_when_public_stable_and_legacy_neutral
5a12_ang2:0000340:bc95bc7df633,bc95bc7df633f5b8ec8eb809ae6c789e765bd623faafd3577edf5beb4ec0b9a6,0.6185931563,if6_consensus_when_public_stable_and_legacy_neutral
5a12_ang2:0000341:79fcc0338468,79fcc0338468a6fa249a10d5b80ba06021e8bdeabf0db94eee15a392c47491eb,0.6800990105,if6_consensus_when_public_stable_and_legacy_neutral
5a12_ang2:0000342:01d5c36b52bf,01d5c36b52bf9c59c7945893a5fa8d8741d05b82c9ad8f422d211227e8429f3f,0.6846942306,if6_consensus_when_public_stable_and_legacy_neutral
5a12_ang2:0000343:f29a619ca976,f29a619ca976c664f05535cbbac2964385967ed69ec485bafd002b4b99b406f8,0.5606221557,if6_consensus_when_public_stable_and_legacy_neutral
5a12_ang2:0000344:875fbf2c538e,875fbf2c538ee03b68106a8b013f41f1d87880b827b1c26a6fb9d2e525c9a768,0.6348533034,if6_consensus_when_public_stable_and_legacy_neutral
5a12_ang2:0000345:10a6b948c60a,10a6b948c60aad97cc2471679243cb0b47260a76d8231ef57742eaf1054d0215,0.6673736572,if6_consensus_when_public_stable_and_legacy_neutral
5a12_ang2:0000346:4786674a4b6f,4786674a4b6fdcc61277c482d9b6b50ff56eb24f7f02f9676378e4d479cf4da9,0.6055142879,if6_consensus_when_public_stable_and_legacy_neutral
5a12_ang2:0000347:162180df2407,162180df2407207ca2ffe4d91741a2a31b50e364b6daee84592890769ba50be0,0.4195828736,if6_consensus_when_public_stable_and_legacy_neutral
5a12_ang2:0000348:a1174aa8a6c6,a1174aa8a6c6f4dc5451aaaadbc35238d63a66fbfc00f564ba2c1e1a081a5f03,0.6769176126,if6_consensus_when_public_stable_and_legacy_neutral
5a12_ang2:0000349:4c95b191c00d,4c95b191c00d66c13a752237925956edb328029daded8a066b4fb1096b49d979,0.6786850095,if6_consensus_when_public_stable_and_legacy_neutral
5a12_ang2:0000350:9dc71f0fdcc5,9dc71f0fdcc56ed67f8032b65b5508d9803bf060bd3da5a01eff8bd56aa06850,0.6709084511,if6_consensus_when_public_stable_and_legacy_neutral
5a12_ang2:0000351:0ec1f961b82d,0ec1f961b82d8e7faeb4264e4294961e2f9f4d0af577bc01fcad053de860b139,0.6818664074,if6_consensus_when_public_stable_and_legacy_neutral
5a12_ang2:0000352:e0e5ec69acaa,e0e5ec69acaaf38a38678c4f83b5b87f7b0ec6a9edd89a3a2c26343a508b7378,0.556026876,if6_consensus_when_public_stable_and_legacy_neutral
5a12_ang2:0000353:cb10453b5e8b,cb10453b5e8b66f09cfe8e6c4e7f6cdb5107246e7bb9892dc3292b323a3165bf,0.6535878181,if6_consensus_when_public_stable_and_legacy_neutral
5a12_ang2:0000354:51aed62ab4e1,51aed62ab4e1a4fb17c09696923839dd9f41659ea635c5cfaf759189889d845f,0.6977730393,if6_consensus_when_public_stable_and_legacy_neutral
5a12_ang2:0000355:2487dd946046,2487dd9460466bd802b4d34b8b4196792371ca4f1c58f8a82900a2a45a7acce6,0.6719688773,if6_consensus_when_public_stable_and_legacy_neutral
5a12_ang2:0000356:2c87b234abf3,2c87b234abf399013f8d10aebd76badab1c98af90e4d35a5f306a76532f211c7,0.686815083,if6_consensus_when_public_stable_and_legacy_neutral
5a12_ang2:0000357:a9f7c0e772cc,a9f7c0e772ccb7ffc2a9901a0b394ce406f6838a50235c75e563ac46485507ca,0.4641215801,if6_consensus_when_public_stable_and_legacy_neutral
5a12_ang2:0000358:aedeffddb26f,aedeffddb26fcf2ba56c84fe587e788c22364d94474fc6048dadb3229d00125e,0.5450689197,if6_consensus_when_public_stable_and_legacy_neutral
5a12_ang2:0000359:6809763907b3,6809763907b33715ef7434d90b1bf129b1ddb70b990def7f5107eae137b24bb9,0.5068929195,if6_consensus_when_public_stable_and_legacy_neutral
5a12_ang2:0000360:917d4eb78da5,917d4eb78da54ce9c2277bbaf580ae34c585f4262b6760a696f0d149869a402f,0.5132555962,if6_consensus_when_public_stable_and_legacy_neutral
5a12_ang2:0000361:0af6a7ff8f0d,0af6a7ff8f0d104d2c3f7e6e35f0deabe28a8f12520723b5dc73a988c9c2e18d,0.676564157,if6_consensus_when_public_stable_and_legacy_neutral
5a12_ang2:0000362:ac0f1123aaac,ac0f1123aaacf5122a0a696e66dff667746f7264dec76bf86b0d6ccd0255ac9c,0.8713326454,if6_consensus_when_public_stable_and_legacy_neutral
5a12_ang2:0000363:3f3711e10c97,3f3711e10c97bc6a60e13728ca3f3a516d2f66154eec60de0964a41ec67bfc6c,0.9293036461,if6_consensus_when_public_stable_and_legacy_neutral
5a12_ang2:0000364:b757498186e1,b757498186e1f9035a1cf82eb68767e13cc85f125f40b056bffd8002b28b017e,0.6461647153,if6_consensus_when_public_stable_and_legacy_neutral
5a12_ang2:0000365:5ea666841e36,5ea666841e3646f431620a884d219987554f14be46a6d0b933adcf656effa96b,0.530929625,if6_consensus_when_public_stable_and_legacy_neutral
5a12_ang2:0000366:819107a76b29,819107a76b2916ec48972d73b67dbecea590dc58b30b4ac1dc95aaf7751cc7f8,0.7667019963,if6_consensus_when_public_stable_and_legacy_neutral
5a12_ang2:0000367:18237eb565db,18237eb565db3d11e87bde6ad64867297b634ccfb95ea3fa24989a4e2788ee23,0.5832449794,if6_consensus_when_public_stable_and_legacy_neutral
5a12_ang2:0000368:2d744ec6e593,2d744ec6e593294d59adf721151f2aafa747c464e30385489236548073640897,0.7568045259,if6_consensus_when_public_stable_and_legacy_neutral
5a12_ang2:0000369:006f77c39d99,006f77c39d999728f890c3ff5e6e3f8d4a9475bf8a2bf96bd339ab6b5ef6f2a2,0.7596324086,if6_consensus_when_public_stable_and_legacy_neutral
5a12_ang2:0000370:c06b87ba3f6c,c06b87ba3f6caf8a3ddb322a1fe8163df357f2fca9cb47a2df07ad45311be78a,0.7645811439,if6_consensus_when_public_stable_and_legacy_neutral
5a12_ang2:0000371:692292df1899,692292df189938226f850d8d0bd436f0967276454ba7827b9f3d70deddbd0427,0.8108872771,if6_consensus_when_public_stable_and_legacy_neutral
5a12_ang2:0000372:053c11223aa9,053c11223aa998fc30c7142ade38f03427f826a5c9b00baeed2fb8f1d218aa32,0.848002851,if6_consensus_when_public_stable_and_legacy_neutral
5a12_ang2:0000373:a23db74cd9c5,a23db74cd9c596d058c525f32c35fe434002c05b609f1c4b2740b8b081889d0c,0.7447860837,if6_consensus_when_public_stable_and_legacy_neutral
5a12_ang2:0000374:debbeccbe51d,debbeccbe51d01804ddd60cefa1b43d31a2576faea772cca5a6081e2902d00d5,0.4916931689,if6_consensus_when_public_stable_and_legacy_neutral
5a12_ang2:0000375:77005f7a7557,77005f7a7557b25f4a67f9c62d7593d5fd2d615609675dd59d3000c2809b8d59,0.4644750655,if6_consensus_when_public_stable_and_legacy_neutral
5a12_ang2:0000376:49449f2ab723,49449f2ab72329cfafb15211bce34dd9137b7f2336f3145789206c172129ea21,0.6949451566,if6_consensus_when_public_stable_and_legacy_neutral
5a12_ang2:0000377:499aef66c396,499aef66c39608da18e6a97e85fc6b81e241fdf18ad8c5a8dfc556060202128a,0.5461293459,if6_consensus_when_public_stable_and_legacy_neutral
5a12_ang2:0000378:e31f070df9fc,e31f070df9fcb20287748596e37fa1b4ee4ba6dbafc769ddbffdf2c467a5f541,0.3958996236,if6_consensus_when_public_stable_and_legacy_neutral
5a12_ang2:0000379:c6abe834e7ae,c6abe834e7aefd7734956be4d6c49cd7edc633525b05ed6ab07f19e78e778292,0.6542947888,if6_consensus_when_public_stable_and_legacy_neutral
5a12_ang2:0000380:2be66931c8c3,2be66931c8c35ddc11bd32793900961fc69a62661e2ac11e92658c7187373d93,0.9572286606,if6_consensus_when_public_stable_and_legacy_neutral
5a12_ang2:0000381:778c7c978d5c,778c7c978d5cb5cd0a9de66962b9db3b834d23a568a9b7885f173e8cbcef436f,0.6818664074,if6_consensus_when_public_stable_and_legacy_neutral
5a12_ang2:0000382:d59e7c0ced8a,d59e7c0ced8af5ae63abb2f2a53223205f94bc56e783ca07b985ca72dea64cdb,0.3474725783,if6_consensus_when_public_stable_and_legacy_neutral
5a12_ang2:0000383:a6680dc7cf98,a6680dc7cf98ada409fb5ab06aa8b8b8b8be21126b8709d6425e60f0f867c31a,0.1675503701,if6_consensus_when_public_stable_and_legacy_neutral
5a12_ang2:0000384:a15129a458cc,a15129a458cce2ea216c11f0e6f957ba7f1fcef8ed39e72ebacc133ca4cf9c72,0.5867797732,if6_consensus_when_public_stable_and_legacy_neutral
5a12_ang2:0000385:b6f0375d6cb5,b6f0375d6cb5b6b69d4fef1c1c359c4a1dac0790966c1e71a841165dfcf43a34,0.5468363166,if6_consensus_when_public_stable_and_legacy_neutral
5a12_ang2:0000386:254496bc3d1c,254496bc3d1c67bf167b407130cfeaaf2669e6ca6d969321bf5a14fcd1afe85c,0.4874514043,if6_consensus_when_public_stable_and_legacy_neutral
5a12_ang2:0000387:1ef431e2508a,1ef431e2508a7dd5d6318c57c263d0bf6bd8686da550dca41104371c5293e036,0.532697022,if6_consensus_when_public_stable_and_legacy_neutral
5a12_ang2:0000388:436c41fc11d3,436c41fc11d3ad3fc7e4aae622be5a619b4d856508e2b2d8fd7eb82a9e76c720,0.5669848323,if6_consensus_when_public_stable_and_legacy_neutral
5a12_ang2:0000389:3ded5972c136,3ded5972c1365f9b7c42b77298d9c419bdc1754fbd31270d7c2d2e2dca388854,0.7006009221,if6_consensus_when_public_stable_and_legacy_neutral
5a12_ang2:0000390:c93587d167d4,c93587d167d4b63dc0eb116589f509a88ac1689ec94290c8a422620178e659a2,0.4376104772,if6_consensus_when_public_stable_and_legacy_neutral
5a12_ang2:0000391:4530e7a165a0,4530e7a165a0404445da062505859015fb73278c84ed24103e8878b0078030c2,0.2658183277,if6_consensus_when_public_stable_and_legacy_neutral
5a12_ang2:0000392:b441a059514f,b441a059514f7bb4e60eb2490502716d0efbda904e51cbb411fa69371d251928,0.3771650791,if6_consensus_when_public_stable_and_legacy_neutral
5a12_ang2:0000393:48526aede7f1,48526aede7f155ff4dac26629360c092a106dc4d715d7a9a04d0cb0c1170b343,0.2933898866,if6_consensus_when_public_stable_and_legacy_neutral
5a12_ang2:0000394:bc42d26d4cf6,bc42d26d4cf6614d53447ba12c3a9227df1d2701a6a0da005d10a7565afe14c9,0.6309649944,if6_consensus_when_public_stable_and_legacy_neutral
5a12_ang2:0000395:b4d570bb7a17,b4d570bb7a17b5ea964c706e42dd6fbac7417e4696e88aef15ee47608a533e6b,0.5139625669,if6_consensus_when_public_stable_and_legacy_neutral
5a12_ang2:0000396:364ae0654043,364ae06540432ab078b0af8f2fb0d3a4cc0f4de96563b117ec4f14f67bac5d26,0.4563449919,if6_consensus_when_public_stable_and_legacy_neutral
5a12_ang2:0000397:5280423533ac,5280423533acef30c19f7403a398acc7dac2f19ee23ab712858250ba9b042ea3,0.6129373908,if6_consensus_when_public_stable_and_legacy_neutral
5a12_ang2:0000398:61b1105fa1f3,61b1105fa1f3f7d036fb95b8b843ceb8b680ec694a09efc474bff0ef78c2301d,0.7433722019,if6_consensus_when_public_stable_and_legacy_neutral
5a12_ang2:0000399:0110e33ff963,0110e33ff9637a4b28df648fe40f9011629cbb2a2428ea0e642751301aa020b9,0.7161540985,if6_consensus_when_public_stable_and_legacy_neutral
5a12_ang2:0000400:6354909313a4,6354909313a4240f14147407a86f4d775b701a1a8073d95955cf36f622b742d4,0.6751502156,if6_consensus_when_public_stable_and_legacy_neutral
5a12_ang2:0000401:fe9fb5f3d953,fe9fb5f3d953320a4bee13ca14ec6cc62841e47ae7176ca33cf64328ed9a3d76,0.6981265545,if6_consensus_when_public_stable_and_legacy_neutral
5a12_ang2:0000402:6a29db882b38,6a29db882b38b551cc52be5707dda4066bc1f153b9b75ccdad0dde1c28f95d2f,0.7458465695,if6_consensus_when_public_stable_and_legacy_neutral
5a12_ang2:0000403:0de9a92eff46,0de9a92eff466746b6db02608ea4dadd0d9fdf9e97d417c3019c7788c5f8035e,0.7433722019,if6_consensus_when_public_stable_and_legacy_neutral
5a12_ang2:0000404:213134012579,213134012579020b6b2d14546060bf9958a0b5ce3077072e68ee6f49ece8a288,0.8416401744,if6_consensus_when_public_stable_and_legacy_neutral
5a12_ang2:0000405:161e5a030d41,161e5a030d412fd9dff816cd3b02456914c3408f39970b04822cb1ddb8d1101a,0.4878048897,if6_consensus_when_public_stable_and_legacy_neutral
5a12_ang2:0000406:a40887571941,a408875719418220fc9dd353091e00d20883f490030f3989f12c65a82692bd2f,0.5906681418,if6_consensus_when_public_stable_and_legacy_neutral
5a12_ang2:0000407:cf43dd3d94fa,cf43dd3d94fa64d5cca8d38c22b9ad3fa75b9fe14f15d332484656531fb35c97,0.621067524,if6_consensus_when_public_stable_and_legacy_neutral
5a12_ang2:0000408:ebdf7e91354e,ebdf7e91354ed17afeb144293ac1b06a4f6e125db1c4b4a682470b9f925d3653,0.4994697571,if6_consensus_when_public_stable_and_legacy_neutral
5a12_ang2:0000409:00423aae9eab,00423aae9eab28f5216356c2f83ebce1ee07f399cb9bfe580a0bac3a28579785,0.4644750655,if6_consensus_when_public_stable_and_legacy_neutral
5a12_ang2:0000410:e606f87fc827,e606f87fc82789bbf15a65c1e9296287acc33e1ae682f2b8e6a0cdfc3b428146,0.4277129471,if6_consensus_when_public_stable_and_legacy_neutral
5a12_ang2:0000411:915f2201e464,915f2201e46464f276d94e9363ba3a512d81b667b6d64d0c4b9e4dc27486acd6,0.4941675663,if6_consensus_when_public_stable_and_legacy_neutral
5a12_ang2:0000412:4c83f5f26019,4c83f5f26019e0830849f9ef4bb57d907d49e14f2d3f3099f4bdc1511f6d9b38,0.4955814779,if6_consensus_when_public_stable_and_legacy_neutral
5a12_ang2:0000413:792374ef0a68,792374ef0a687d8bcc8130c217036351f099d4c0fe5a5cfa30cae17d4768ba0c,0.5061859488,if6_consensus_when_public_stable_and_legacy_neutral
5a12_ang2:0000414:79c784266416,79c78426641647b8bb97f0193e2bf7c20026a573c1a6ada626f28ca14c926e82,0.5351714492,if6_consensus_when_public_stable_and_legacy_neutral
5a12_ang2:0000415:f9cc294fd1a7,f9cc294fd1a7c0884f1a176920087117d8d29fc3c8d5bddfb82aa76a65aeac34,0.704842627,if6_consensus_when_public_stable_and_legacy_neutral
5a12_ang2:0000416:aecbbbfdccb1,aecbbbfdccb12fccf8e1d57a33f071fec9585428bdd824657a7574b3d6431305,0.4125132859,if6_consensus_when_public_stable_and_legacy_neutral
5a12_ang2:0000417:9406ecd71e6b,9406ecd71e6b54f94058e84d6adcfc4019018edca17e66cfdf2f559dee361eee,0.3213149607,if6_consensus_when_public_stable_and_legacy_neutral
5a12_ang2:0000418:de4fd6aebeb4,de4fd6aebeb4c1cb0838c0ad4e8529200d40b6828a8be970a86f60f56354ef8e,0.4591728747,if6_consensus_when_public_stable_and_legacy_neutral
5a12_ang2:0000419:d5fb1efc4f1d,d5fb1efc4f1dcc913f056a8d944830e4f628251aff0e343763c3b515016957ef,0.4019087851,if6_consensus_when_public_stable_and_legacy_neutral
5a12_ang2:0000420:efe59f870856,efe59f8708566de3eb2e4217cc258a0f3d199da92c8a4c7c8145ba35d3a7ca49,0.4938140213,if6_consensus_when_public_stable_and_legacy_neutral
5a12_ang2:0000421:a57c9cfbe188,a57c9cfbe1880a773b3f7de3e78e9fab9827f23fbbc7ec958537e663c965feb0,0.6514669061,if6_consensus_when_public_stable_and_legacy_neutral
5a12_ang2:0000422:044bc6733ddb,044bc6733ddb3c8e61858c9b736f5719408e63e5718d2887f5ea4620d4e4a12c,0.4301873446,if6_consensus_when_public_stable_and_legacy_neutral
5a12_ang2:0000423:5d0fd0eb55b5,5d0fd0eb55b56907e848a6f45a239792cdd2de177722c73cc0fc0a95b72b5582,0.3446447551,if6_consensus_when_public_stable_and_legacy_neutral
5a12_ang2:0000424:bd65e624bb64,bd65e624bb64164acbfd3543b901c5b50adf0a98a346a997b1fd79657bb5fb47,0.2834924161,if6_consensus_when_public_stable_and_legacy_neutral
5a12_ang2:0000425:a3f4cdd6af9d,a3f4cdd6af9dece7bb10c62b2a7e5dde23c28e3a67f50051312fb5e52e5073ec,0.4945210516,if6_consensus_when_public_stable_and_legacy_neutral
5a12_ang2:0000426:0017b05e7c13,0017b05e7c13a899d94eaadf06d4d9c8f70b81aa574596da236494677dc9acb2,0.4821492136,if6_consensus_when_public_stable_and_legacy_neutral
5a12_ang2:0000427:cc901a26855d,cc901a26855d2250c49cb7de6f58f621b3e9bc6ee1b0ca71b50843f15dcd18bb,0.3792859614,if6_consensus_when_public_stable_and_legacy_neutral
5a12_ang2:0000428:09d99b5afca9,09d99b5afca910d2199b5471d86d31a430b26b72eeff00fd3076e95dc40d7d51,0.4680099189,if6_consensus_when_public_stable_and_legacy_neutral
5a12_ang2:0000429:d6aedaeeb277,d6aedaeeb2774eae7197dd9c097034eda3d5db577505ceebaabd604e0c42b7d5,0.6560621858,if6_consensus_when_public_stable_and_legacy_neutral
5a12_ang2:0000430:771d09c1fd65,771d09c1fd65a7ce68690cb6f7365fa645327961b33eae3b67088884725b6391,0.3633792698,if6_consensus_when_public_stable_and_legacy_neutral
5a12_ang2:0000431:05dda943723f,05dda943723f0ba168c9ff7b247a0ac93729529c74d65cbfe5f1b73fc41acf50,0.3411099613,if6_consensus_when_public_stable_and_legacy_neutral
5a12_ang2:0000432:4dbae93d51f4,4dbae93d51f4f4a80774f6ab0ac017193f87187348699f3cdb10fcb055640e36,0.3874160349,if6_consensus_when_public_stable_and_legacy_neutral
5a12_ang2:0000433:80f032e6394c,80f032e6394c42abbdeeb9c2b6467fec05f423576ffbdf1e55f8e83e94cdb0d0,0.3029339015,if6_consensus_when_public_stable_and_legacy_neutral
5a12_ang2:0000434:966543edb45e,966543edb45e67acf65537c9b0fc06587a5de3d380d3a116cc0a7eb0469fa688,0.4934605658,if6_consensus_when_public_stable_and_legacy_neutral
5a12_ang2:0000435:c0b120409e74,c0b120409e74375c0f23614cc0e48c742cd7287acdd07a3285e07621e02dd502,0.4874514043,if6_consensus_when_public_stable_and_legacy_neutral
5a12_ang2:0000436:0548f5520534,0548f552053456e6a74c406a2146044934c4a3c25ea0b6cd39bed0d1140e3952,0.3824672997,if6_consensus_when_public_stable_and_legacy_neutral
5a12_ang2:0000437:ba9e956f6f8b,ba9e956f6f8ba4872770de3981cd8eadd7c2c9d12565187a9a8c7bbf261fedaf,0.4782608747,if6_consensus_when_public_stable_and_legacy_neutral
5a12_ang2:0000438:a6b555e15610,a6b555e1561080b7980e932573499afbfc703bb5effc1c45d8205b5e95453ce2,0.4542241096,if6_consensus_when_public_stable_and_legacy_neutral
5a12_ang2:0000439:4c61622faf70,4c61622faf700048e0ef9868b6618fb187da3f50ec5b6c37b0995752418d20a0,0.5683987141,if6_consensus_when_public_stable_and_legacy_neutral
5a12_ang2:0000440:62a911bf272c,62a911bf272ce76c2eec2782f143a8301ac9d91a23312375ff6e1b62800b07d2,0.4916931689,if6_consensus_when_public_stable_and_legacy_neutral
5a12_ang2:0000441:680df4af9d92,680df4af9d9278fa065c3e458491b5928e66c3d94d0c0a4a5726207f18a3984f,0.3799929321,if6_consensus_when_public_stable_and_legacy_neutral
5a12_ang2:0000442:cd3dc33e76cf,cd3dc33e76cf3f56107edb1a435be1a140b9d02c92d633bb0ef3c1bbbb6ad6b3,0.6571226716,if6_consensus_when_public_stable_and_legacy_neutral
5a12_ang2:0000443:56fa510b1e32,56fa510b1e32e48ebf2efc4a1523cfb227c9d7ac30b9a510ca4873c90f096635,0.5705196261,if6_consensus_when_public_stable_and_legacy_neutral
5a12_ang2:0000444:27299febb9d8,27299febb9d82dd0d737d9fec42e28b2b332b08ffdb3c68c4cbe1e6f936e3722,0.4782608449,if6_consensus_when_public_stable_and_legacy_neutral
5a12_ang2:0000445:35add5fdc248,35add5fdc248d0fbea516eea9b221b4715a925e0790a8af6ca2ccb42c69a47d7,0.4344291389,if6_consensus_when_public_stable_and_legacy_neutral
5a12_ang2:0000446:a49d74b606db,a49d74b606db15c2cf663df03a91d7eae30745b42a404fec8cf954c7fca9e73d,0.3782255352,if6_consensus_when_public_stable_and_legacy_neutral
5a12_ang2:0000447:3da9401a1fa9,3da9401a1fa9b14df2c546fee7630de8927c0e89f2e4c49b6f4d059b05608714,0.4499823153,if6_consensus_when_public_stable_and_legacy_neutral
5a12_ang2:0000448:15044db226e4,15044db226e46aa3acf936b3ad1555a80ba435bbaa1d3db9e8d856be0436785e,0.4715447128,if6_consensus_when_public_stable_and_legacy_neutral
5a12_ang2:0000449:e019fd2c6617,e019fd2c661727986fe78d8d5c11491f3300ae10f6e6de16a9d01e73c1f51e39,0.492046684,if6_consensus_when_public_stable_and_legacy_neutral
5a12_ang2:0000450:0fc4951c476b,0fc4951c476bcd075f65434adb463025ef51510981dd4c55d8f8d575c66d80ee,0.4418522418,if6_consensus_when_public_stable_and_legacy_neutral
5a12_ang2:0000451:6a64a1b279e8,6a64a1b279e8481f5c2e480b1caf90126f95e980c0ab512887a3a643aee69f4c,0.4439730942,if6_consensus_when_public_stable_and_legacy_neutral
5a12_ang2:0000452:b44e837073fb,b44e837073fb730ede0821bcccb8e4b5b6fe3970585f59bfd76baf6b371f7322,0.6656062603,if6_consensus_when_public_stable_and_legacy_neutral
5a12_ang2:0000453:866bc337b3ce,866bc337b3ce7fd8997249cbe2d3b60ab4058b382d1cacc0aac9b4316e0addac,0.7143867016,if6_consensus_when_public_stable_and_legacy_neutral
5a12_ang2:0000454:159fa41a54a2,159fa41a54a2f072f653794ac0c4e07ef158e4ea22c0d68baf1d5e0066d762f3,0.7755391002,if6_consensus_when_public_stable_and_legacy_neutral
5a12_ang2:0000455:eb846dc82051,eb846dc820512e0599299e63946a54aa4d5427245a48d6dc2c45a769c6dad5f2,0.6666666865,if6_consensus_when_public_stable_and_legacy_neutral
5a12_ang2:0000456:6cf91328faa5,6cf91328faa57ff3a2f0433887217485a6b091f1bbda46d4af345bfff00eb74e,0.6620714068,if6_consensus_when_public_stable_and_legacy_neutral
5a12_ang2:0000457:fc5a7ab730c6,fc5a7ab730c6c0fe8719af1c2694bf3685d75b1d2e02fc2feb0c12f500df2c2e,0.633439362,if6_consensus_when_public_stable_and_legacy_neutral
5a12_ang2:0000458:d113d813ef80,d113d813ef80cecc124aa27e8a132ad89af3c1dc4a7f8cc84cd78bfd18cb56f9,0.6974195838,if6_consensus_when_public_stable_and_legacy_neutral
5a12_ang2:0000459:616b2d1af69a,616b2d1af69a906e3400513e493cd86d250afea28f57144487e412573a08d564,0.7225167751,if6_consensus_when_public_stable_and_legacy_neutral
5a12_ang2:0000460:6639c93481f3,6639c93481f3949be29597549515c002a2d57671a056f09d553885acdd1e21a5,0.7027218342,if6_consensus_when_public_stable_and_legacy_neutral
5a12_ang2:0000461:cd478c4a56bf,cd478c4a56bf4463fa2018ea42d356e91a2f599850fdc47ea54e0e5084a61534,0.690703392,if6_consensus_when_public_stable_and_legacy_neutral
5a12_ang2:0000462:331f725fd794,331f725fd79409ae000ef9a2967c5a329fb31e58c90b508a373419b82d3aaf9a,0.7458465695,if6_consensus_when_public_stable_and_legacy_neutral
5a12_ang2:0000463:f454bd5cf7dd,f454bd5cf7dd4c7fab7d4bcacdaed76afa99faff70d0c8fa13222bdf61b3a26d,0.7059032321,if6_consensus_when_public_stable_and_legacy_neutral
5a12_ang2:0000464:d091021f6f3a,d091021f6f3aa42ab24ee9e997ea889341e7a6ac28262c2e0030ab0d97f83cb3,0.6974196434,if6_consensus_when_public_stable_and_legacy_neutral
5a12_ang2:0000465:99bcb82dbd37,99bcb82dbd37245f2d8d8832e12c44d40b4f0dcfd048d71cbc681ec78dfa2008,0.7189819813,if6_consensus_when_public_stable_and_legacy_neutral
5a12_ang2:0000466:dd71e1506263,dd71e15062634f81f67ed103f5289d43f17b3f10c775508f8c0f7bb9b7487944,0.8356309533,if6_consensus_when_public_stable_and_legacy_neutral
5a12_ang2:0000467:8d29db360d84,8d29db360d84dd86877b91dc492ed7ea5e5d03080d415cd503f926d91dcc2c0f,0.4655355513,if6_consensus_when_public_stable_and_legacy_neutral
5a12_ang2:0000468:6b9a81b27d81,6b9a81b27d818c5e75d5d0a68b2478ef5637477ffb5763d65f4a2794ba06d25d,0.3616118729,if6_consensus_when_public_stable_and_legacy_neutral
5a12_ang2:0000469:f0eb83a8242b,f0eb83a8242be47636e6b30e73d4a6dcaf363970d2d5c3806a3c0a1fd95414f6,0.4870978892,if6_consensus_when_public_stable_and_legacy_neutral
5a12_ang2:0000470:544fcef89978,544fcef899787be06cb22fcee2fb3b5d4e0c97ed99d23cdf911727b03a5e7673,0.5889006257,if6_consensus_when_public_stable_and_legacy_neutral
5a12_ang2:0000471:97deebaf7ca0,97deebaf7ca01d2811ed11a2267610a3c3d8acbefa72b872fcde3d1b3733f8a2,0.4789678156,if6_consensus_when_public_stable_and_legacy_neutral
5a12_ang2:0000472:52ce3cdcd762,52ce3cdcd762bb59e746ddbd1cf6d2c42cfd34e12920d685e5d935d82a58fbed,0.4945210516,if6_consensus_when_public_stable_and_legacy_neutral
5a12_ang2:0000473:e180c62b9fd6,e180c62b9fd65ff5c2d45353b9c79534458ccd19136fe64df60bddffe3dafb53,0.4916931689,if6_consensus_when_public_stable_and_legacy_neutral
5a12_ang2:0000474:f9c33f21fc4a,f9c33f21fc4a3e6699a688874f8c22c60c5651acbef0181fa76ff82404d47f20,0.360904932,if6_consensus_when_public_stable_and_legacy_neutral
5a12_ang2:0000475:cfd92993a761,cfd92993a7614d848cb718c55333a0282b720937ddc5a9194e71ce1a0bde24df,0.4439730942,if6_consensus_when_public_stable_and_legacy_neutral
5a12_ang2:0000476:1ccbecc86328,1ccbecc863280519ad9b24caf4b3af628a496cd4d69049d855982bde4137d865,0.4885118902,if6_consensus_when_public_stable_and_legacy_neutral
5a12_ang2:0000477:6a5a814b1b9e,6a5a814b1b9e771643f9833758b4712d95cfbc1fa4edf73ad98fe316893919e4,0.3191940486,if6_consensus_when_public_stable_and_legacy_neutral
5a12_ang2:0000478:ae8482f2ec6c,ae8482f2ec6ce02dd6969b41f4fc09020727354d8d8e265138542678c3f15b79,0.3011665046,if6_consensus_when_public_stable_and_legacy_neutral
5a12_ang2:0000479:b6875ba28edb,b6875ba28edb231744716d8bd4b3ab1e159482bb697fbe2840b020175c78f582,0.315659225,if6_consensus_when_public_stable_and_legacy_neutral
5a12_ang2:0000480:b214c21204ca,b214c21204ca056242459966fdec792f12538bea4e8f75639b8701f2d72987f2,0.4524567127,if6_consensus_when_public_stable_and_legacy_neutral
5a12_ang2:0000481:8ca533b3f55c,8ca533b3f55cc3feda6a3f7c6b898a6667d1643c9097f4553353f7f658c9e6ce,0.4517497122,if6_consensus_when_public_stable_and_legacy_neutral
5a12_ang2:0000482:a493d829d66c,a493d829d66c9112004108b4046dbb3a03bb4a7d42fd2bb3c670f6122106de3d,0.4411452711,if6_consensus_when_public_stable_and_legacy_neutral
5a12_ang2:0000483:7a27e59b5222,7a27e59b5222a69fe0a5e0e4ee913a97949fb390331fd930151b85887965b5c8,0.6058678031,if6_consensus_when_public_stable_and_legacy_neutral
5a12_ang2:0000484:7381104d7df1,7381104d7df1bb6e5744e88a2a5c8550786a5b1239397d27ffc7926ae0a401ac,0.5330505371,if6_consensus_when_public_stable_and_legacy_neutral
5a12_ang2:0000485:d362980ade23,d362980ade2321750a1dad94c46833c6aa83829613635bcbf2d5554d1c17e417,0.4262990057,if6_consensus_when_public_stable_and_legacy_neutral
5a12_ang2:0000486:c869d97a69b5,c869d97a69b5dc00f2a5af4bcb5859ca2068e4ab9646bcb53ba010163a76719d,0.3930717409,if6_consensus_when_public_stable_and_legacy_neutral
5a12_ang2:0000487:477515ab8bf1,477515ab8bf19bbde9376a68ec939401177598f3dcbb17bbb036d2278f5f5fc2,0.4471544921,if6_consensus_when_public_stable_and_legacy_neutral
5a12_ang2:0000488:25b38d369f29,25b38d369f2966b33dfaf519b2804cfb70acd8df5100f348fe69ad1d31cebd58,0.4178154767,if6_consensus_when_public_stable_and_legacy_neutral
5a12_ang2:0000489:14f5d7c9fb42,14f5d7c9fb426843ccb5fac69d16d765de1aa51430be1554d7a3c379048f3ed6,0.4482149184,if6_consensus_when_public_stable_and_legacy_neutral
5a12_ang2:0000490:493ffea1a22b,493ffea1a22bc7a5b2d1bff606b40042f389552c57a449e4f83eb978102f836d,0.4344291389,if6_consensus_when_public_stable_and_legacy_neutral
5a12_ang2:0000491:60d92264696c,60d92264696ca74fb8cf21f9db5311a8e9700f92f4e9e33bc912be903d087e1a,0.4376104772,if6_consensus_when_public_stable_and_legacy_neutral
5a12_ang2:0000492:55925eca1502,55925eca1502b02fe2fe5a75f8b58152e34689ce7b06f15ea74004db69847fff,0.4977023602,if6_consensus_when_public_stable_and_legacy_neutral
5a12_ang2:0000493:2d5796945e74,2d5796945e74f4a085e7a464dd62bfa33c65c156fc4726dfbf133cf33c00d4ba,0.6235418916,if6_consensus_when_public_stable_and_legacy_neutral
5a12_ang2:0000494:3d3f55636cda,3d3f55636cda58675d2c8cefa184d4e6d1f6946bd19cb7fa88539fd77c336414,0.7253446579,if6_consensus_when_public_stable_and_legacy_neutral
5a12_ang2:0000495:fa2420390732,fa2420390732f4e05220150c248b6fe11d817d520d6c235448cc2fe53ecaa3e0,0.6659596562,if6_consensus_when_public_stable_and_legacy_neutral
5a12_ang2:0000496:95ddc1d612fa,95ddc1d612fa27afce7f1146f2f719b90f34caa815a650dd74e9397ac4ee0ff7,0.6277837157,if6_consensus_when_public_stable_and_legacy_neutral
5a12_ang2:0000497:7b63af53ffe1,7b63af53ffe194254750fa66b4b9b70059c7dcb5ea4fcb440e6cf143fbbd6ed2,0.6680806279,if6_consensus_when_public_stable_and_legacy_neutral
5a12_ang2:0000498:9e620f9de974,9e620f9de974f6105702347fe072742cae777715b880ca52526ff1e3bdf04319,0.6998939514,if6_consensus_when_public_stable_and_legacy_neutral
5a12_ang2:0000499:f07874ab352e,f07874ab352e25916aaa164d0538bf21ece95e01a5499538ff8658c56f7be4a5,0.6758572459,if6_consensus_when_public_stable_and_legacy_neutral
5a12_ang2:0000500:a9d9f3a13bc3,a9d9f3a13bc364206e8703b2c24fa4985b57a4a47188bd5a9b75e2e9980ea062,0.6603040099,if6_consensus_when_public_stable_and_legacy_neutral
5a12_ang2:0000501:9155338d75d6,9155338d75d6059f088d2a44d48e46aafe5051598c16ba1d916766d189b07b45,0.7020148635,if6_consensus_when_public_stable_and_legacy_neutral
5a12_ang2:0000502:643de43b7bc5,643de43b7bc5ebc7641e503e81dba04c2f0c6c6dc7ad7b3834cb9dd8f0a96f59,0.6839873195,if6_consensus_when_public_stable_and_legacy_neutral
5a12_ang2:0000503:a1ebaf0c4cd0,a1ebaf0c4cd00da3b48383f15591b5f2b5da1ce894c076515d16940c641af880,0.6613644361,if6_consensus_when_public_stable_and_legacy_neutral
5a12_ang2:0000504:f43fc86cab01,f43fc86cab01740849831798be9ba2fa53d19c74c2a29e8a233a666e4ce7c975,0.7207493782,if6_consensus_when_public_stable_and_legacy_neutral
5a12_ang2:0000505:8141ae17f7a0,8141ae17f7a06d5afcf103af860412aacd6f994562226b32b6f6f4eeab853eac,0.806645453,if6_consensus_when_public_stable_and_legacy_neutral
5a12_ang2:0000506:c2beeb97c6f9,c2beeb97c6f9c7d12cd56455079afd5885bc784635344af5a80a335ca353afb9,0.6359137893,if6_consensus_when_public_stable_and_legacy_neutral
5a12_ang2:0000507:f692206d9bd2,f692206d9bd29f43ef7f3472cb6635b8d2219d170449fc8359c7f8a2fd4d2ad8,0.5047720075,if6_consensus_when_public_stable_and_legacy_neutral
5a12_ang2:0000508:0e2eff92e5e1,0e2eff92e5e117f1cc34be0da12b9963751a23c55d3a3b15b104e1c53599c25b,0.4814422131,if6_consensus_when_public_stable_and_legacy_neutral
5a12_ang2:0000509:9446f0f04061,9446f0f040617a80c418349ae32dd01de5b1cdfc66fdea148b1681706a86e6c8,0.4704842567,if6_consensus_when_public_stable_and_legacy_neutral
5a12_ang2:0000510:976f23210167,976f23210167e9a0b1933783b79830619657274b7f1fb20689b9f6da2774fd8c,0.5680452585,if6_consensus_when_public_stable_and_legacy_neutral
5a12_ang2:0000511:9e53537d54b2,9e53537d54b267f5438119e9762eaa8943ceb068e7b9bf8064067b5b5f2fc406,0.5121951103,if6_consensus_when_public_stable_and_legacy_neutral
5a12_ang2:0000512:d54eb0caf172,d54eb0caf172770607db41422c600f648358a9b9ec129119e87f4f4e6f5f7912,0.7522092462,if6_consensus_when_public_stable_and_legacy_neutral
5a12_ang2:0000513:eeaf4a1a5ee1,eeaf4a1a5ee15df640f8d6ea14ed4454d0c836e25c5f6a0914c7c4dee666356d,0.3435842991,if6_consensus_when_public_stable_and_legacy_neutral
5a12_ang2:0000514:202c01ec76c0,202c01ec76c09ad20c0d54a435cb73316291ed0795305b37fba7178053bd5963,0.4312478006,if6_consensus_when_public_stable_and_legacy_neutral
5a12_ang2:0000515:e66c83246fda,e66c83246fdaa0743469b192942f1bf71a3d69623d5017f6650224a6a4849094,0.5040650368,if6_consensus_when_public_stable_and_legacy_neutral
5a12_ang2:0000516:32babfb9ca0f,32babfb9ca0f907eaa318b113fb6aed320d45c37aaa4dbcfa8627cff5a5fa021,0.4110993445,if6_consensus_when_public_stable_and_legacy_neutral
5a12_ang2:0000517:23dae0283be3,23dae0283be35463202158d11d321b99f6fc2f140154f5e43671859ba4ca8dd2,0.4026157856,if6_consensus_when_public_stable_and_legacy_neutral
5a12_ang2:0000518:f4815db2bf94,f4815db2bf944d155b9d16c865ebd5e0294cb56dc0b3a5300ce440738803f0f1,0.3068222106,if6_consensus_when_public_stable_and_legacy_neutral
5a12_ang2:0000519:2488b39b1cbb,2488b39b1cbb43d8a6c3d09baae78ed807f0e0faf05d2a0c0800c3922633f07f,0.3920113146,if6_consensus_when_public_stable_and_legacy_neutral
5a12_ang2:0000520:d539ebc8bc56,d539ebc8bc56b40ac2e3bd1559b85a76a00fa1458fa09775cc52eb7889c44f94,0.472605139,if6_consensus_when_public_stable_and_legacy_neutral
5a12_ang2:0000521:4243694cc87b,4243694cc87b33a6f5a788a54a1b85e0ef97649ba2f667319436b7d3d7203e7b,0.4344291687,if6_consensus_when_public_stable_and_legacy_neutral
5a12_ang2:0000522:4cb3ac43ea20,4cb3ac43ea20007e7585e0758dba9f871abda9a6bb184135cbaf6e1a8b9683a7,0.4881583452,if6_consensus_when_public_stable_and_legacy_neutral
5a12_ang2:0000523:66b2a74c32a8,66b2a74c32a843fe26645137663731a3c8464281cc2d773caf12d4748c6b0f01,0.7115588784,if6_consensus_when_public_stable_and_legacy_neutral
5a12_ang2:0000524:ff72184d5bcd,ff72184d5bcd64602d2e7817b3f3e5d63b4ceeb0c55363c6e1bfd187da683a7b,0.2864969969,if6_consensus_when_public_stable_and_legacy_neutral
5a12_ang2:0000525:3352228fb9c2,3352228fb9c20f2851312c02556a4a484be59f0cd54697af428ab9fc2b6f9cf1,0.3669141233,if6_consensus_when_public_stable_and_legacy_neutral
5a12_ang2:0000526:b2b0d942fdcb,b2b0d942fdcb2b558fdd7f82f897555fb6f6fc12a2d4588d178ebf8d1a310f63,0.3711558878,if6_consensus_when_public_stable_and_legacy_neutral
5a12_ang2:0000527:a480482201d1,a480482201d1342be15668467d9fe41d71ffef3245f00d806a9c5215ff132ffc,0.3174266517,if6_consensus_when_public_stable_and_legacy_neutral
5a12_ang2:0000528:25bb0e73e5f8,25bb0e73e5f8c699fc1bc55856c42c7d552e541fd1db6710a72857540501ae7d,0.4054436386,if6_consensus_when_public_stable_and_legacy_neutral
5a12_ang2:0000529:e9e89070f619,e9e89070f6193551dbfe23d952f74fc85b5035f6604e0f8be07aed3f1d7a7310,0.3612583876,if6_consensus_when_public_stable_and_legacy_neutral
5a12_ang2:0000530:374e7c4c9b43,374e7c4c9b43f6e1b645b572bd947e430a8c5b05fac8500e16fa02623914c71b,0.4992929995,if6_consensus_when_public_stable_and_legacy_neutral
5a12_ang2:0000531:5dca03145865,5dca0314586531cda0e6e8c22218f3593917fe7c9ccd47d48102eeab87025b14,0.5754683614,if6_consensus_when_public_stable_and_legacy_neutral
5a12_ang2:0000532:ff02ab2408c0,ff02ab2408c0c34df97a275291126f01d232c26a1c3a7bf66593cbc4a8f7d626,0.4612937272,if6_consensus_when_public_stable_and_legacy_neutral
5a12_ang2:0000533:d61a70d56b9f,d61a70d56b9f7ea87a3e23837943687a5ca6df50c77367ec3920bccd0264b562,0.4188759327,if6_consensus_when_public_stable_and_legacy_neutral
5a12_ang2:0000534:2c1cf7f46bb2,2c1cf7f46bb206b902bdb7d2e05a761582a2fb1bf5b901455f3bdc28da555682,0.4828561246,if6_consensus_when_public_stable_and_legacy_neutral
5a12_ang2:0000535:8dd204bf8990,8dd204bf8990a94e625c0a202196a6ad6b48a39d5fc7c464a3a563c86772e47a,0.692117393,if6_consensus_when_public_stable_and_legacy_neutral
5a12_ang2:0000536:e3b19f444731,e3b19f4447318781a80d4b7593c8dc7fabd4dd0bae4e4533820505ad31e70bee,0.4892188013,if6_consensus_when_public_stable_and_legacy_neutral
5a12_ang2:0000537:471f461c14cd,471f461c14cd8070d2243eea357138bced2cbd5090b802fb2767ae39afacc581,0.4213503301,if6_consensus_when_public_stable_and_legacy_neutral
5a12_ang2:0000538:c79bcd53fbef,c79bcd53fbefd87071d67a7aa4f9792449ddb3e63873dc7d886b6b07c11ff445,0.4878048897,if6_consensus_when_public_stable_and_legacy_neutral
5a12_ang2:0000539:e54a6188e722,e54a6188e7228ee218ff82ebe658c86b70fd7d5e305e9f16d3d311ae9eb713ba,0.6949451566,if6_consensus_when_public_stable_and_legacy_neutral
5a12_ang2:0000540:45a9e29f9f11,45a9e29f9f110d1ba443380a2e5db19386818e78f880b61002c75c15e6456c9c,0.559915185,if6_consensus_when_public_stable_and_legacy_neutral
5a12_ang2:0000541:f1235a6e88cb,f1235a6e88cbd9caf08a48dec77197c1ed8b15a998c1cbe51d5470add867b480,0.4376104772,if6_consensus_when_public_stable_and_legacy_neutral
5a12_ang2:0000542:adfa3fce8639,adfa3fce8639a8530ddcd02360eaf36619405ca641559b1df6683e78b469af78,0.3923648298,if6_consensus_when_public_stable_and_legacy_neutral
5a12_ang2:0000543:dd8679cc0821,dd8679cc082199571643f154919f2270b24b7fbe3fb9285d566ea472a06458f0,0.4457405508,if6_consensus_when_public_stable_and_legacy_neutral
5a12_ang2:0000544:b283c52dc503,b283c52dc503ae9d4f0fb765235625a903e4a90cc9a67271a8291f839972f46f,0.4262990654,if6_consensus_when_public_stable_and_legacy_neutral
5a12_ang2:0000545:27b96d47a8d8,27b96d47a8d80ce536fa309d5b238b78fde94f277a81d3d7d9fe723c05f95f99,0.688229084,if6_consensus_when_public_stable_and_legacy_neutral
5a12_ang2:0000546:4b9839a9fcb9,4b9839a9fcb99bd136fa13aeddeb61b9ef0601e01b17beb27bde0dbd6008427b,0.7857900262,if6_consensus_when_public_stable_and_legacy_neutral
5a12_ang2:0000547:625c1e4f0c79,625c1e4f0c79b797978ee4c40354853854d412631be6cb9c77ee404d5913c575,0.6815128922,if6_consensus_when_public_stable_and_legacy_neutral
5a12_ang2:0000548:21daead1e0da,21daead1e0dae9b6d7f27848fc5519a6d1a91898e707bf4fa73d0e54665ee476,0.6666666865,if6_consensus_when_public_stable_and_legacy_neutral
5a12_ang2:0000549:3a6d4132b3b4,3a6d4132b3b48b4770ea89b7bf43f3c6d7e618f65047677abf26f0b35deeb6dc,0.6670201421,if6_consensus_when_public_stable_and_legacy_neutral
5a12_ang2:0000550:71c5e7f9c5a7,71c5e7f9c5a7480cd6c2821a5dfcf3167654c28fca438202bc798e93da78328d,0.7310003638,if6_consensus_when_public_stable_and_legacy_neutral
5a12_ang2:0000551:88352ebc1350,88352ebc135004127f45a9655b3dde961cd1d88941b3b3a5296b56ce50c4b04d,0.692117393,if6_consensus_when_public_stable_and_legacy_neutral
5a12_ang2:0000552:0b1e4e3f7c88,0b1e4e3f7c880ac69450c4aabf3bf7fa01598b53a05961783723f7ef25d46858,0.7500883937,if6_consensus_when_public_stable_and_legacy_neutral
5a12_ang2:0000553:2c8cccee895c,2c8cccee895c350e1093d1257bdce95f5c03553658f2b5082a4d444114b80499,0.7239306569,if6_consensus_when_public_stable_and_legacy_neutral
5a12_ang2:0000554:81c669460a8b,81c669460a8bf31507228d0716def84978bc7917a734e7a6dffbe01d57c26bbd,0.7341817021,if6_consensus_when_public_stable_and_legacy_neutral
5a12_ang2:0000555:e4d5c65b8a49,e4d5c65b8a49d4a432a4b3e047c6a99be7f16b085d7a94ed093aadcca1aca624,0.7518557906,if6_consensus_when_public_stable_and_legacy_neutral
5a12_ang2:0000556:9c2c3062c8f7,9c2c3062c8f703f3f6cba596ef0a47bc087e1cd17c73b043bfd4f7b29846faf9,0.8589608073,if6_consensus_when_public_stable_and_legacy_neutral
5a12_ang2:0000557:104f15c92b70,104f15c92b70d932ddf86259210afa0bed4108affa4490fe36045fdd986ae677,0.5606221557,if6_consensus_when_public_stable_and_legacy_neutral
5a12_ang2:0000558:82b69e685af0,82b69e685af08b5e47b36cd1a283f3a38116bba2ee709bdaf7b7140c06017981,0.4814422131,if6_consensus_when_public_stable_and_legacy_neutral
5a12_ang2:0000559:aa01da2ed6ce,aa01da2ed6cef93bd469693b387a535b869f33528252a17f238645d59a4c1fe8,0.3994344175,if6_consensus_when_public_stable_and_legacy_neutral
5a12_ang2:0000560:97503a49ffe9,97503a49ffe9405cccc601fde96aa348b46d1ace4050511aee04e2f9bcf7132d,0.4927536249,if6_consensus_when_public_stable_and_legacy_neutral
5a12_ang2:0000561:585219761f20,585219761f20b15dbf2d1a3d83218647d078db5acb478545eb0a82530b2afd7b,0.6514669657,if6_consensus_when_public_stable_and_legacy_neutral
5a12_ang2:0000562:b3bff0294e15,b3bff0294e1516d5451fa26cd6496f028fe023ec2f42c45bfb421773f6c87781,0.6822198033,if6_consensus_when_public_stable_and_legacy_neutral
5a12_ang2:0000563:d496d090b361,d496d090b361cc377e38ba3410dd76ce64c2adfcade004befc1b691a8d6a2a81,0.741604805,if6_consensus_when_public_stable_and_legacy_neutral
5a12_ang2:0000564:d27d4de98b8a,d27d4de98b8a7f30488f8901accc96cb35a37146aa9679e71ebdc0889b05bd2e,0.7147402167,if6_consensus_when_public_stable_and_legacy_neutral
5a12_ang2:0000565:595054bdb00c,595054bdb00c8375452783a0dce32b7699d157e8dcd105bb3b5d80bce33abe91,0.6571226716,if6_consensus_when_public_stable_and_legacy_neutral
5a12_ang2:0000566:bee32b1bfe22,bee32b1bfe22b8eb97be6b3a78465d98ced2f9c3e16ee0505fd490e13512bed7,0.5828914642,if6_consensus_when_public_stable_and_legacy_neutral
5a12_ang2:0000567:bb1039dc0fe7,bb1039dc0fe70f158c3595d7bb2f6528a7176b3ebdf21c571ad5df223a06b745,0.6574761271,if6_consensus_when_public_stable_and_legacy_neutral
5a12_ang2:0000568:937e4acdcd22,937e4acdcd225c99b94ba827002b7a1d8da9c20eb6ac1105e7a5bf0a6a00c85e,0.6129374504,if6_consensus_when_public_stable_and_legacy_neutral
5a12_ang2:0000569:b709c518bed5,b709c518bed50f71ef11cc1d570834adcc9ef19a26dfc9e58eb01d20dcda3d06,0.654648304,if6_consensus_when_public_stable_and_legacy_neutral
5a12_ang2:0000570:fe5e2d131d7d,fe5e2d131d7d38a2310fe8819591b0093b9e13d9e54f8a7867c4c3e19cf63a86,0.6846942306,if6_consensus_when_public_stable_and_legacy_neutral
5a12_ang2:0000571:e8f9b826628e,e8f9b826628eba5f4202202f497ad6964b44619a023928d01a6b4cf10def85c5,0.8041710854,if6_consensus_when_public_stable_and_legacy_neutral
5a12_ang2:0000572:c8cd8416fa70,c8cd8416fa704db550227e155818a3e16a872e18afd755516c019068f0227ba8,0.429833889,if6_consensus_when_public_stable_and_legacy_neutral
5a12_ang2:0000573:60c5e30199ad,60c5e30199addc27970b771f4631c164a490213cba4a1ee855f8f2046c59f16e,0.3856486082,if6_consensus_when_public_stable_and_legacy_neutral
5a12_ang2:0000574:472e2dd6fed7,472e2dd6fed7cefcf127edf260bd28c1c4bff4e5baff9084bb8ff5a7dd631aad,0.5365853906,if6_consensus_when_public_stable_and_legacy_neutral
5a12_ang2:0000575:d4eb9588f974,d4eb9588f974b9137c049bfa5d2cc00a2e8bcdea20817af1e1d86a4d96a07db1,0.3902438879,if6_consensus_when_public_stable_and_legacy_neutral
5a12_ang2:0000576:d4cb9f15b82b,d4cb9f15b82b815e213db38696d123fce49b9cf892dda94ee2e4ff6cb12c7de9,0.3308589756,if6_consensus_when_public_stable_and_legacy_neutral
5a12_ang2:0000577:d493aa0c0239,d493aa0c023917fe040b823ca065fdd3fa75821870f08b9e5826ca8e2a888910,0.5708730817,if6_consensus_when_public_stable_and_legacy_neutral
5a12_ang2:0000578:5a9f3cd88bbc,5a9f3cd88bbc8175cb8d6e74fb9a7cae94de5d67d787a60c3cd7777a071eb1d4,0.4878048897,if6_consensus_when_public_stable_and_legacy_neutral
5a12_ang2:0000579:e320f5c7eaa8,e320f5c7eaa83db67108e2739776474b4ee8801b72f9da2c9bf83a2091aa691e,0.6825733185,if6_consensus_when_public_stable_and_legacy_neutral
5a12_ang2:0000580:d9ceae6a2ddf,d9ceae6a2ddfee84df2d17957c371e4ceb33890f9fbf894176ac4bc8864d30d1,0.6740897298,if6_consensus_when_public_stable_and_legacy_neutral
5a12_ang2:0000581:dc6c406ccd8a,dc6c406ccd8ad3bcfe8b8bbbf0eba99860301ae6843bdaf350075033d4ee28e7,0.6058678031,if6_consensus_when_public_stable_and_legacy_neutral
5a12_ang2:0000582:685d3996acae,685d3996acae619935022df9aaf0cae8eeb8dc8a4ab256e47b72748a64086462,0.5217391253,if6_consensus_when_public_stable_and_legacy_neutral
5a12_ang2:0000583:2f89d1328862,2f89d13288625938b6033ccc0ddcb05faf05c53627da3d39e5619990fd486d4d,0.6125839353,if6_consensus_when_public_stable_and_legacy_neutral
5a12_ang2:0000584:ca50c8afdcfa,ca50c8afdcfaab81c89ecb2551d09df1dfa5b47de4a2a18ee0ba3bd4d9bcfd61,0.5828914642,if6_consensus_when_public_stable_and_legacy_neutral
5a12_ang2:0000585:da73caf3a347,da73caf3a34742173aa1676eca65a2dd5363c48ffba35d139c652263b5d270ff,0.7691764235,if6_consensus_when_public_stable_and_legacy_neutral
5a12_ang2:0000586:95ec4832a0da,95ec4832a0da4d6b832d9fef29d084405c4679ef4a81b210ae2c63cec91f4f10,0.5005302429,if6_consensus_when_public_stable_and_legacy_neutral
5a12_ang2:0000587:27e2edd5f9d8,27e2edd5f9d8dcc26e021be98fd3b8301fa933e301772b794b05214c96c849ea,0.5040650368,if6_consensus_when_public_stable_and_legacy_neutral
5a12_ang2:0000588:f2f2cac086f1,f2f2cac086f1d64ab8564dfff6c22a4fd2dcac76f0998fddbb52d4024d1d442e,0.465182066,if6_consensus_when_public_stable_and_legacy_neutral
5a12_ang2:0000589:d3e87a5ff769,d3e87a5ff769867eb45c0a852bd5a229cd20c3cfc41e161a57bc821736e3cdec,0.3867090642,if6_consensus_when_public_stable_and_legacy_neutral
5a12_ang2:0000590:4c499db26964,4c499db269649fe75460fd7509f05347451923e44c4184ac8971103a746de73e,0.4535171688,if6_consensus_when_public_stable_and_legacy_neutral
5a12_ang2:0000591:131d17d6ce8a,131d17d6ce8afd348b2970dcdda9357362c69cd05a9bad261add2a059532f658,0.5588547587,if6_consensus_when_public_stable_and_legacy_neutral
5a12_ang2:0000592:b23e7f60c608,b23e7f60c608ec6de87649b4482d60fd0f3dfd0e21644108f6a7ff28813df3bd,0.4839166105,if6_consensus_when_public_stable_and_legacy_neutral
5a12_ang2:0000593:bae7ce714998,bae7ce714998451cdd5fe945fdc5da988d07b2a7135192eb2bfebb744579e814,0.6928243637,if6_consensus_when_public_stable_and_legacy_neutral
5a12_ang2:0000594:7606e708574c,7606e708574c76b81194465e416df674b1d9a28f54f785c6757bbe04035dcceb,0.4460940361,if6_consensus_when_public_stable_and_legacy_neutral
5a12_ang2:0000595:66e01f7ceb7e,66e01f7ceb7eeb740a737f56e7688d836fb1e4cb4e006157fddd7b788c235f03,0.6804525256,if6_consensus_when_public_stable_and_legacy_neutral
5a12_ang2:0000596:25be06ce2a6f,25be06ce2a6f860d733a6c42469be5213a78926e6282e83b253a5a3e41da50c9,0.505125463,if6_consensus_when_public_stable_and_legacy_neutral
5a12_ang2:0000597:62133d514af3,62133d514af3a28a9463cad140c295269b8f1b61852f7da7c373f61df3344f5b,0.512902081,if6_consensus_when_public_stable_and_legacy_neutral
5a12_ang2:0000598:182a2f36ad5d,182a2f36ad5d5832b6355786c5089f210c5a77aabe4b438eba9e333648788a0b,0.4284199476,if6_consensus_when_public_stable_and_legacy_neutral
5a12_ang2:0000599:09bd02f7ec54,09bd02f7ec54d097f86aaaa9b75ca0b9d27ff68640602afc8ec87c363fe1394e,0.3495934904,if6_consensus_when_public_stable_and_legacy_neutral
5a12_ang2:0000600:d1723fb83320,d1723fb83320ae33e3b9ca3b96894fb894bcdb33f224b93b1d9e6611b86d7c3f,0.4340756238,if6_consensus_when_public_stable_and_legacy_neutral
5a12_ang2:0000601:88ca0b6d7803,88ca0b6d78036527289f62cb5921413860371a50a15b8c8b91c1b4dae7a821f9,0.4393778741,if6_consensus_when_public_stable_and_legacy_neutral
5a12_ang2:0000602:2df06e6e1821,2df06e6e18211a914f55965d4398db7c2424562919b2758bb9f786477179a914,0.5659243464,if6_consensus_when_public_stable_and_legacy_neutral
5a12_ang2:0000603:dc7ad2696f1e,dc7ad2696f1e563f5744769bb6453de3fd06e34a1300b0a2ac663231cbccebf2,0.5259808898,if6_consensus_when_public_stable_and_legacy_neutral
5a12_ang2:0000604:b6aca29e93d2,b6aca29e93d25342305a844da5884cbdd26b50b87b55cb575b65268130954e76,0.5934959054,if6_consensus_when_public_stable_and_legacy_neutral
5a12_ang2:0000605:f836c0750bb9,f836c0750bb921f77e6f5aa35f7723bfc037c471eef4b3d20ffe7ed53b4b9ebf,0.7016614079,if6_consensus_when_public_stable_and_legacy_neutral
5a12_ang2:0000606:bfbfdc3a337f,bfbfdc3a337f6c1fd96f1c423b6f8146e6e5e53d45c38b1031d0e1684db3d4be,0.6684340835,if6_consensus_when_public_stable_and_legacy_neutral
5a12_ang2:0000607:245d2d1590ca,245d2d1590caf072a689a8810dc80f35aaa6358f92e8f0ba88aa5efa0be7f7cd,0.6309649944,if6_consensus_when_public_stable_and_legacy_neutral
5a12_ang2:0000608:c98834144f4d,c98834144f4d529bbfa6b0b4ad56e53d471513c02669cce486f07f54fc5436d5,0.5387063026,if6_consensus_when_public_stable_and_legacy_neutral
5a12_ang2:0000609:de49099a55c1,de49099a55c11f724caedf0df57ea192877ceb91ff13103571061801d6d9e84a,0.638741672,if6_consensus_when_public_stable_and_legacy_neutral
5a12_ang2:0000610:ca4fe303fe4c,ca4fe303fe4cd22aabb023039d885838a3136d3ce171274640925255ede1a7c2,0.5927889347,if6_consensus_when_public_stable_and_legacy_neutral
5a12_ang2:0000611:3150c8b0b74d,3150c8b0b74df3cfbba638916b7c8771c58bf0c651a3f9b56bc29e7ae2e00119,0.6277837157,if6_consensus_when_public_stable_and_legacy_neutral
5a12_ang2:0000612:6bee5b7fc55d,6bee5b7fc55df44f2cdd55d14e342450e1b7fd2f06a0c88ad4f417006a9f6e5e,0.6631318331,if6_consensus_when_public_stable_and_legacy_neutral
5a12_ang2:0000613:f4f5cbf1c7a9,f4f5cbf1c7a904a69d3d19f5ef75451641da226a6869c4a0f7aab9ceb4a6798c,0.7843761444,if6_consensus_when_public_stable_and_legacy_neutral
5a12_ang2:0000614:1f6d16878784,1f6d1687878496f4d771494bdb4837b4e179ccb0ca475b7c0433f15b08a532cc,0.6012725234,if6_consensus_when_public_stable_and_legacy_neutral
5a12_ang2:0000615:4121f3d9e497,4121f3d9e49734576c5f4c93376f0375b70eb2e064f1679d3ff93f20b7e5e0e5,0.6723223329,if6_consensus_when_public_stable_and_legacy_neutral
5a12_ang2:0000616:878eb0f447a5,878eb0f447a567f44aa935b4ff81c21ba8d457447cf590b21b01b83d8b50c3f7,0.6496995091,if6_consensus_when_public_stable_and_legacy_neutral
5a12_ang2:0000617:31e55d4e5cbf,31e55d4e5cbf42381952bb18101de3de38c7d3c35b9ef8db306144258aad72f6,0.5949098468,if6_consensus_when_public_stable_and_legacy_neutral
5a12_ang2:0000618:b9d66c912fce,b9d66c912fce848096e627c0610ad3dc314344cfeaac82734ef941068d8f1285,0.5114881396,if6_consensus_when_public_stable_and_legacy_neutral
5a12_ang2:0000619:a3fc5a54b14b,a3fc5a54b14bb5919cc54c125b004b074636fa5b2ff40e69436f6613b8c96911,0.5800636411,if6_consensus_when_public_stable_and_legacy_neutral
5a12_ang2:0000620:cae6198db8d3,cae6198db8d3208332598079ad72a844c1e0e86efb80eeff98abd7756f85af02,0.5669848323,if6_consensus_when_public_stable_and_legacy_neutral
5a12_ang2:0000621:2bbbe52ca268,2bbbe52ca268aabd12362ed018efd771f0eaa8b5e999328e001326a72a5b7374,0.6147048473,if6_consensus_when_public_stable_and_legacy_neutral
5a12_ang2:0000622:c990bd83af3f,c990bd83af3fda9970f440b2a37020d1255faaa815733da36e913dcdfbaa55ed,0.5563803315,if6_consensus_when_public_stable_and_legacy_neutral
5a12_ang2:0000623:504bdfe3494d,504bdfe3494d181d6d4b390f64ef42124906d8c20461e50c09fc5a41da8cb24c,0.5850123763,if6_consensus_when_public_stable_and_legacy_neutral
5a12_ang2:0000624:bd29988f175c,bd29988f175c7a9aea35d274711d8e0a86536c0b1bc69bd1f0ea821b8f4bb5f5,0.6465182304,if6_consensus_when_public_stable_and_legacy_neutral
5a12_ang2:0000625:7f96c9236a6d,7f96c9236a6d3ff5fe8ad59edcc86b834e19b5d915e75fa1993d98665affc876,0.7571579814,if6_consensus_when_public_stable_and_legacy_neutral
5a12_ang2:0000626:d5e9ec603aa5,d5e9ec603aa5bf3749bbcd2732a74efb4e270d7e71296a9e89352318e88847d4,0.8126546741,if6_consensus_when_public_stable_and_legacy_neutral
5a12_ang2:0000627:bca7ae5e51ff,bca7ae5e51ff580ae2c0a17b4fe21961d93f73a5b72d5270c512f7198253dfb7,0.8561329246,if6_consensus_when_public_stable_and_legacy_neutral
5a12_ang2:0000628:1e9dd83b49d7,1e9dd83b49d7cdcaa29316fc3bc2ce1d2ef0f19f528f321e56f29733b741e45e,0.8867090344,if6_consensus_when_public_stable_and_legacy_neutral
5a12_ang2:0000629:d92d4dda3355,d92d4dda33556e3026a5a06fc940b65c5997fa5cc1851b8bb408d3f8a8bdf364,0.8702721596,if6_consensus_when_public_stable_and_legacy_neutral
5a12_ang2:0000630:478913c3fed4,478913c3fed4d93ad7cd14cc2120090b61d7141e10dc97349ab3d75d6751d98a,0.8398727775,if6_consensus_when_public_stable_and_legacy_neutral
5a12_ang2:0000631:71d183547a0b,71d183547a0b6811fb81a145e1c22170fee075ab7a153b60a82925f342672ea3,0.8045246005,if6_consensus_when_public_stable_and_legacy_neutral
5a12_ang2:0000632:e09be3adc9c7,e09be3adc9c7a0c626e5ca6863289f5467baf40bc7d16c497670cae34331f8aa,0.7419583201,if6_consensus_when_public_stable_and_legacy_neutral
5a12_ang2:0000633:6ab0e0b31335,6ab0e0b313353c265d4fd55db86e3e85c3b5d95cae9bdb165a06ddf25c77a6a1,0.8140685558,if6_consensus_when_public_stable_and_legacy_neutral
5a12_ang2:0000634:36c5554c472e,36c5554c472e52453cbac976017ea738c92442375caf0df3ba4999d7e5d5498a,0.7921527028,if6_consensus_when_public_stable_and_legacy_neutral
5a12_ang2:0000635:120ac7b91d00,120ac7b91d00d6631f7fbeb107e6f68ef40291f76dcd16f92a8ef0607ed7e3b1,0.7737717032,if6_consensus_when_public_stable_and_legacy_neutral
5a12_ang2:0000636:c07840549b05,c07840549b0512b9adbe8269255aa958605a7662766c973bb44bb301d3327ead,0.8218452334,if6_consensus_when_public_stable_and_legacy_neutral
5a12_ang2:0000637:8b2a21bdf5fc,8b2a21bdf5fce64c76b9a29493a4f60d8eeb556655d8ac19ec702a94e3aaeccb,0.8119476438,if6_consensus_when_public_stable_and_legacy_neutral
5a12_ang2:0000638:befb73a30128,befb73a301287beee852f77bb87711b2b1014e424e10b914d6943986c467b9ec,0.8186638355,if6_consensus_when_public_stable_and_legacy_neutral
5a12_ang2:0000639:9fbbf0c17438,9fbbf0c174386cc974d5b3cbbbbf3b4432586bc81c00b206683f09ba9489ef09,0.916931808,if6_consensus_when_public_stable_and_legacy_neutral
5a12_ang2:0000640:8635dbee96c2,8635dbee96c26af61e42d812ddfe1129391815304daff068e6937542681a9b52,0.6178861856,if6_consensus_when_public_stable_and_legacy_neutral
5a12_ang2:0000641:e8096e2d9bcd,e8096e2d9bcd7c3d7adb77fe7edf65aa63ce8d2eb6b9daaa064ccdf9d0591dd4,0.6451042891,if6_consensus_when_public_stable_and_legacy_neutral
5a12_ang2:0000642:9c7005314d13,9c7005314d13fec7b305c469c47ab56666defc29c252522254d7bd8201a4d7fa,0.6323788762,if6_consensus_when_public_stable_and_legacy_neutral
5a12_ang2:0000643:dab9e58b080b,dab9e58b080bdbf0c43af7bf8898fe16399fa41176e233376a168202672c49f7,0.5832449794,if6_consensus_when_public_stable_and_legacy_neutral
5a12_ang2:0000644:2daec099d3ea,2daec099d3ea91bad70a7caefb185f2006e72c4b92e3c04373f2fe6549441f58,0.5061859488,if6_consensus_when_public_stable_and_legacy_neutral
5a12_ang2:0000645:9b6f92b65196,9b6f92b65196c3201f4ded3fc0ccc1a02f24d9a54c728feef82ce0a3111e3c86,0.5956168175,if6_consensus_when_public_stable_and_legacy_neutral
5a12_ang2:0000646:93ae248260eb,93ae248260eba52cefda5ce9d55a4d8f07fdd00268acf750e07b35751cdbcd6b,0.5878402591,if6_consensus_when_public_stable_and_legacy_neutral
5a12_ang2:0000647:d8144790c052,d8144790c052d84d895f0881d7b3ba73fb24364400033484c2c344ff022fa295,0.5839519501,if6_consensus_when_public_stable_and_legacy_neutral
5a12_ang2:0000648:d083f1f119d8,d083f1f119d8e592f4decabd1d1169479023da157566842f8e71a3484564b405,0.7104983926,if6_consensus_when_public_stable_and_legacy_neutral
5a12_ang2:0000649:49058802be9e,49058802be9ee5e0c457db99a2416912b2f3c187f18390d2f2b0b6cddf56b3fc,0.2576882541,if6_consensus_when_public_stable_and_legacy_neutral
5a12_ang2:0000650:dfd1dc2bd77e,dfd1dc2bd77e4ec5fe2b8625af24bb11df1a06fc2cd92a5a0b9560d1b784290a,0.6588900685,if6_consensus_when_public_stable_and_legacy_neutral
5a12_ang2:0000651:65c6867f8dbb,65c6867f8dbb1facd83270a3c0240046b4fe09cc04eb869766af82e60f579745,0.661010921,if6_consensus_when_public_stable_and_legacy_neutral
5a12_ang2:0000652:f04233b38183,f04233b38183c758161d274b747e418415e3926ecbbb3258856e0ca945c6cfd4,0.5595616698,if6_consensus_when_public_stable_and_legacy_neutral
5a12_ang2:0000653:06ff686e0801,06ff686e080142c0b2b90681b3f28a309f2ee15c83a113e3c5e09fb1be0823a4,0.4941675365,if6_consensus_when_public_stable_and_legacy_neutral
5a12_ang2:0000654:5eada556f2a5,5eada556f2a5b90ae150416abe1f1a8acc8548c5a80a10bb2a2f2b5e8ed8e1e4,0.5567338467,if6_consensus_when_public_stable_and_legacy_neutral
5a12_ang2:0000655:40e199298ccb,40e199298ccbf9402f950d345de6cc6d991add59ec72b352ee12e7730dd77b04,0.5461294055,if6_consensus_when_public_stable_and_legacy_neutral
5a12_ang2:0000656:2e04c3a89d88,2e04c3a89d88532bcc29c7e893cf7f2421cb8e290fa3ae688897fe5d9f85fd51,0.6468717456,if6_consensus_when_public_stable_and_legacy_neutral
5a12_ang2:0000657:914e857699e7,914e857699e72581908ffda2802a91bfdbbc8da22fb1a1b813a0a6f8f6b924f2,0.552138567,if6_consensus_when_public_stable_and_legacy_neutral
5a12_ang2:0000658:5c3b2886c5e0,5c3b2886c5e0ac4cb4419930759ec96a182fcd8cdf67265fb2e657325cdd8b12,0.5811241269,if6_consensus_when_public_stable_and_legacy_neutral
5a12_ang2:0000659:592f6f60343b,592f6f60343bd39248e154d36eee2e6b72048244c2ea072adea07cda400a3bf9,0.6511134505,if6_consensus_when_public_stable_and_legacy_neutral
5a12_ang2:0000660:0800c07fd4f9,0800c07fd4f99fb3566c6b10d24731111fe5cad41aff596f80c504d582876a27,0.7550371289,if6_consensus_when_public_stable_and_legacy_neutral
5a12_ang2:0000661:9b52e3c7c38e,9b52e3c7c38e3fc95e77c3bd1dab3fdd55e7a7ba3502b7dc087b0b1343b51ede,0.3446447849,if6_consensus_when_public_stable_and_legacy_neutral
5a12_ang2:0000662:08e68abba7df,08e68abba7dfbc5768f861ec7abf54ae78abf0eb92700dac5159605b99179086,0.3216684461,if6_consensus_when_public_stable_and_legacy_neutral
5a12_ang2:0000663:bd8cae8319b7,bd8cae8319b7ffed316829d9941d4b77e17bc5255544ef071a622235f4f98270,0.4570519626,if6_consensus_when_public_stable_and_legacy_neutral
5a12_ang2:0000664:95c4892b5593,95c4892b55937c6fa8f7545adcd54b1f7fe1998219dcfb0ac098914c0813c703,0.308943063,if6_consensus_when_public_stable_and_legacy_neutral
5a12_ang2:0000665:3e0136f40310,3e0136f4031059475e9e8c8430a3036e1a61de6caf790e96c732090f205c23ff,0.3835277557,if6_consensus_when_public_stable_and_legacy_neutral
5a12_ang2:0000666:1709f8badcdd,1709f8badcdd6a31884003af40e25fcde5ad1ed67022a718af77ff7613c54f3e,0.2849063277,if6_consensus_when_public_stable_and_legacy_neutral
5a12_ang2:0000667:bc304ac40c81,bc304ac40c81552793a924d68d72575e558143f62ce095bea52a236a0a64a1c5,0.498409301,if6_consensus_when_public_stable_and_legacy_neutral
5a12_ang2:0000668:a354ff3ac155,a354ff3ac15555aaa94ebc21d9e25a8d785fe23a3cafcdf90f2e0d815c1f4b07,0.4107458591,if6_consensus_when_public_stable_and_legacy_neutral
5a12_ang2:0000669:62ff7e571ff4,62ff7e571ff4c5ad59fffa2465d1b176444268971bb1ad5ecbcfd906a2367b52,0.5150229931,if6_consensus_when_public_stable_and_legacy_neutral
5a12_ang2:0000670:2f0c97ef0bef,2f0c97ef0bef5012a8b503d392dc93c8622b736e1aaab9db3fecf887667867ef,0.4556380212,if6_consensus_when_public_stable_and_legacy_neutral
5a12_ang2:0000671:134c3cc46a7d,134c3cc46a7d0f92d393ed2e31f3c74423ee843b85ed80f5bd10637c73ca24e3,0.284199357,if6_consensus_when_public_stable_and_legacy_neutral
5a12_ang2:0000672:73bab7cbcebb,73bab7cbcebbcea75547f1d87b4549cc916f2e836f70eeaf69d42b180bed0bf5,0.709438026,if6_consensus_when_public_stable_and_legacy_neutral
5a12_ang2:0000673:a8623748bb79,a8623748bb79e93ea479a1041ae40ca46529281302360865c9cd24aca0970932,0.3153057396,if6_consensus_when_public_stable_and_legacy_neutral
5a12_ang2:0000674:4dfa33ac79da,4dfa33ac79dae4a93993cd1b5af96b6c8a9137f0deaf6f459e52ebea9eb84244,0.423117727,if6_consensus_when_public_stable_and_legacy_neutral
5a12_ang2:0000675:ce65dd0dec7f,ce65dd0dec7f9844f73091838644ea7424a9e3237f3617edc033579463b47d74,0.5058324337,if6_consensus_when_public_stable_and_legacy_neutral
5a12_ang2:0000676:68dfb755bea5,68dfb755bea56aaba54106a0e9721bc9a992dfdab95605a765d9bbf424350dba,0.3845882118,if6_consensus_when_public_stable_and_legacy_neutral
5a12_ang2:0000677:d554a21a03df,d554a21a03dff4ff74b30b30897b4561127847698c1691f31a5b53973b2bb124,0.4001413882,if6_consensus_when_public_stable_and_legacy_neutral
5a12_ang2:0000678:9886ce9b5d93,9886ce9b5d93b0c40358748bdbf787408511d4b8df4ee88f32becff547d3e3da,0.2955107689,if6_consensus_when_public_stable_and_legacy_neutral
5a12_ang2:0000679:242428dbf3dc,242428dbf3dc4a94309c270d524708b8d6eb96059e9bc8f7ec8c5bc3613663bb,0.3810533583,if6_consensus_when_public_stable_and_legacy_neutral
5a12_ang2:0000680:fcdc4ef1a8eb,fcdc4ef1a8eb1d0204de2dbc2ffa9e4b184c9b235f7b5aaccaff109fa58f1994,0.3937787116,if6_consensus_when_public_stable_and_legacy_neutral
5a12_ang2:0000681:c04f5a2721c1,c04f5a2721c1ed84963c661c30ae3f98bb4e7c11daaf0b19bc75f4750517c327,0.3771650791,if6_consensus_when_public_stable_and_legacy_neutral
5a12_ang2:0000682:ff8bb4eafe7c,ff8bb4eafe7c31f8022dfc488ca7c6ee86b24c25914cead415942c47df6ce68d,0.4330151975,if6_consensus_when_public_stable_and_legacy_neutral
5a12_ang2:0000683:f558a16696f1,f558a16696f16783f750c7756322f3a462d445a9c43a9692bb29da9b2a823cd5,0.5224460959,if6_consensus_when_public_stable_and_legacy_neutral
5a12_ang2:0000684:8214266999f0,8214266999f039cd67dcda7cf0265fc090ecdc98c712c55b1980bfa63545ed4c,0.4991163015,if6_consensus_when_public_stable_and_legacy_neutral
5a12_ang2:0000685:8ab1a509d601,8ab1a509d60186356d88dcafc32c1021113b2d2eaf442b5632c2fbc9c5414314,0.5934959054,if6_consensus_when_public_stable_and_legacy_neutral
5a12_ang2:0000686:b11fd8075428,b11fd807542881eee6acc0e9c72fcf6f3bb2690d37bd34c116062ecd74ec2c49,0.4344291389,if6_consensus_when_public_stable_and_legacy_neutral
5a12_ang2:0000687:4140bddcc20a,4140bddcc20a07b7da5b45fc10141c095e480920ee2f6bc59da0e1bbb7945d31,0.4810887277,if6_consensus_when_public_stable_and_legacy_neutral
5a12_ang2:0000688:9a5161ca00f4,9a5161ca00f4574d116133d2e70f440fe3e89cc86c96b00d6e08c3c1b0d385e0,0.6818664074,if6_consensus_when_public_stable_and_legacy_neutral
5a12_ang2:0000689:137a62d598a2,137a62d598a29c516c82de068fd6b84fa23be399a759c77dea5ca9082058d0bc,0.5185577869,if6_consensus_when_public_stable_and_legacy_neutral
5a12_ang2:0000690:dccc35961497,dccc3596149735e518a47771ed7c73e023cd93f21b52a9f0ab005ad03e74bc3c,0.4453870952,if6_consensus_when_public_stable_and_legacy_neutral
5a12_ang2:0000691:617595afb59b,617595afb59b725d1bc1b703dea75c581462425ef84a00a4f64ddd0da25e7f7d,0.4906327426,if6_consensus_when_public_stable_and_legacy_neutral
5a12_ang2:0000692:a2d0affacc3a,a2d0affacc3ade689df1b0be4bff7f970a2cc0b24e5f4ae579bc8ff05e16ac1f,0.702368319,if6_consensus_when_public_stable_and_legacy_neutral
5a12_ang2:0000693:4284b8031c09,4284b8031c09cc64aa082786fea45b68badc441be0ae1bf95b36006bfdbf99df,0.5991516113,if6_consensus_when_public_stable_and_legacy_neutral
5a12_ang2:0000694:987defca7ae1,987defca7ae1475ffdd517e534ae3df93fc08a2acd38d6cfdc013b8400802677,0.4934605658,if6_consensus_when_public_stable_and_legacy_neutral
5a12_ang2:0000695:be5ebbef6990,be5ebbef6990d51fcb7cf67ef7b7563ef41cc97cfa072fb05a6c215130872d27,0.4407918155,if6_consensus_when_public_stable_and_legacy_neutral
5a12_ang2:0000696:aa3c0ae4aa7d,aa3c0ae4aa7d32978d5b6c11537de4e19d906afe9d139503d31ab000e248cd98,0.4786143601,if6_consensus_when_public_stable_and_legacy_neutral
5a12_ang2:0000697:03b76f13dd7c,03b76f13dd7ccc4a37c139f6bab6971b7966da06008694149fa9e0df07552238,0.4821491539,if6_consensus_when_public_stable_and_legacy_neutral
5a12_ang2:0000698:dcd8986713b9,dcd8986713b91c628df05ad36d0bdf4cbc49ee414aa992382b27392065ec5ae7,0.4757864475,if6_consensus_when_public_stable_and_legacy_neutral
5a12_ang2:0000699:3e9bc6ecd14b,3e9bc6ecd14ba34c95f28ea86ff0b822371d754fa3d5c3f5534e325bbcca7988,0.484270066,if6_consensus_when_public_stable_and_legacy_neutral
5a12_ang2:0000700:1d704c41bad0,1d704c41bad00148a2d8fc8820c6b8e78b894b75e8a0d79cf1f97138262749c6,0.7059031129,if6_consensus_when_public_stable_and_legacy_neutral
5a12_ang2:0000701:fa6d97a873c8,fa6d97a873c8375682a80518e5f60c0e4e5cfde9c9db0a1d109404cf9257eb7c,0.7783668637,if6_consensus_when_public_stable_and_legacy_neutral
5a12_ang2:0000702:755597531372,7555975313728af2db50d067b1da0d3ea7250f492af069fdef9786b2d57f7736,0.8388122916,if6_consensus_when_public_stable_and_legacy_neutral
5a12_ang2:0000703:097cb6bc1eee,097cb6bc1eeefb558e6d8ed6c36dea52f15b6a12844ccb7ed87337227013f9aa,0.7621067166,if6_consensus_when_public_stable_and_legacy_neutral
5a12_ang2:0000704:5cb4d9ecda3f,5cb4d9ecda3f06ba763e538fed145f73143b646b596a707e485b24f4a88724a6,0.7129728198,if6_consensus_when_public_stable_and_legacy_neutral
5a12_ang2:0000705:fbdd6c9b9824,fbdd6c9b98243002176c737e5931be0a8b6dda179772fe4df0cc072517a8f94a,0.6829268336,if6_consensus_when_public_stable_and_legacy_neutral
5a12_ang2:0000706:15e6c67d96e4,15e6c67d96e4f47218e7efe4e3ec3b85237a2395bddba367c8027d2595919379,0.7674090266,if6_consensus_when_public_stable_and_legacy_neutral
5a12_ang2:0000707:c135c3f9e561,c135c3f9e5618142a8e0a95da586c98a658f34a5730085fab38ef03849267bdf,0.7331212163,if6_consensus_when_public_stable_and_legacy_neutral
5a12_ang2:0000708:a45b50d4724a,a45b50d4724a1819fe96df6cc301760971c3cc8d81f1e5ba5a0ba751b09a2027,0.7426652908,if6_consensus_when_public_stable_and_legacy_neutral
5a12_ang2:0000709:1591d042cebc,1591d042cebcd2a195e2fe7d6ed3b75ea9800deabb33e0b71654e5e564d69497,0.8250265121,if6_consensus_when_public_stable_and_legacy_neutral
5a12_ang2:0000710:122579bd4419,122579bd441918c03f6c43366aa013384839e838ee8c8640d03c3797c2551b06,0.7631672025,if6_consensus_when_public_stable_and_legacy_neutral
5a12_ang2:0000711:2123898d94b2,2123898d94b2d29ec4d7413a30ab2ba890c6e16e68ecb7fdab527e6fb773eaff,0.7617532611,if6_consensus_when_public_stable_and_legacy_neutral
5a12_ang2:0000712:bec3513e5a7c,bec3513e5a7ceb21c9b5ef9428207267a2425f78922fb82883d2e3adc2627f7f,0.8366913795,if6_consensus_when_public_stable_and_legacy_neutral
5a12_ang2:0000713:0fdec899f7a1,0fdec899f7a1e997d7428d03f7089a542ce5aeee66e1426ad7f7848b80209609,0.9066808224,if6_consensus_when_public_stable_and_legacy_neutral
5a12_ang2:0000714:c04445817f4e,c04445817f4e5b53dd544c8687759bae8fb75a9824c7db5d486cb42e1cdbc1b1,0.5111346841,if6_consensus_when_public_stable_and_legacy_neutral
5a12_ang2:0000715:24a8f02119ca,24a8f02119ca8a7106c001dabe5e43edaa5ef1df398c7d6507b3826e95bdd07c,0.5008837581,if6_consensus_when_public_stable_and_legacy_neutral
5a12_ang2:0000716:b93f7938a0d3,b93f7938a0d3f1a9ee984857034254a8b1680224bcdba46aa5c3b067c07faccf,0.4524567127,if6_consensus_when_public_stable_and_legacy_neutral
5a12_ang2:0000717:7782f3b14ccd,7782f3b14ccdd10218dca5f6bbbed9144d25d5ac7ffc91e7376e842d5e4e4906,0.512902081,if6_consensus_when_public_stable_and_legacy_neutral
5a12_ang2:0000718:c8913a3597b8,c8913a3597b8c4d20d386c3c5569e56a1fad95dd9d08dfa7bda0d5838382ed42,0.5125486255,if6_consensus_when_public_stable_and_legacy_neutral
5a12_ang2:0000719:2fe09841a1ee,2fe09841a1ee2a24aa57dc86d3b654fb65998c8141a0f25f1f54cc56652e41c2,0.5959703326,if6_consensus_when_public_stable_and_legacy_neutral
5a12_ang2:0000720:8f4e7db44652,8f4e7db4465257995a0fdbcf98267fb3e93d1ade1b36a808a78f31b86f66f85c,0.5146694779,if6_consensus_when_public_stable_and_legacy_neutral
5a12_ang2:0000721:be443caabf6d,be443caabf6d7f1a9f722edc8be4a7c7af111545b2148cb3c5d174210fc24953,0.5832449794,if6_consensus_when_public_stable_and_legacy_neutral
5a12_ang2:0000722:423bd6dab861,423bd6dab8610cb6726f3f6f2abfd5e27bc62ada4895184b1c768e18751e4ebb,0.6624248624,if6_consensus_when_public_stable_and_legacy_neutral
5a12_ang2:0000723:ab7745bcab9d,ab7745bcab9dd917b66ebd51c9a2478c38bd3b9fe1e72b505dd6736c504578d6,0.5001767278,if6_consensus_when_public_stable_and_legacy_neutral
5a12_ang2:0000724:b1ff0f685ec9,b1ff0f685ec901576173cd7fcaa1644e2f46f01399554e60a37fee9aab444a8e,0.3047012985,if6_consensus_when_public_stable_and_legacy_neutral
5a12_ang2:0000725:ba0ec677edfc,ba0ec677edfcb818f3704ff982919a25ac7ce107023b79828bd9aad4c01657bb,0.6864616275,if6_consensus_when_public_stable_and_legacy_neutral
5a12_ang2:0000726:1d9131f1df71,1d9131f1df71fa9fc015d9e08eb9f6b4f065bb5589aa1bbdf383116e344e785a,0.8822905421,if6_consensus_when_public_stable_and_legacy_neutral
5a12_ang2:0000727:6a7e51c6bcb7,6a7e51c6bcb73dcde7ae197c6271bfca4a409e98d63e20cdcc70fb966b5615d3,0.6398020387,if6_consensus_when_public_stable_and_legacy_neutral
5a12_ang2:0000728:e5efa3624a6b,e5efa3624a6bb0c5a7728b4cb3237a047399418f0f5c56602ecc173b83ce1734,0.6698479652,if6_consensus_when_public_stable_and_legacy_neutral
5a12_ang2:0000729:89c6cc09ecec,89c6cc09ecec1eb65323c43b1f35e196be9b97ba4b7b970da01476c8133e0b9d,0.7578649521,if6_consensus_when_public_stable_and_legacy_neutral
5a12_ang2:0000730:507ecf09f15a,507ecf09f15aeff4f12107fec8812c0fb49a68df341f4a718f407702fa01c283,0.3708024025,if6_consensus_when_public_stable_and_legacy_neutral
5a12_ang2:0000731:30e4a804824e,30e4a804824e33daed5135e49c2a5f058e8544a67a2d98230ebad77686055695,0.5514315963,if6_consensus_when_public_stable_and_legacy_neutral
5a12_ang2:0000732:254cf8839891,254cf8839891e403770f36e80ec07dd8f29b07459bf750d51d3ad877f81a424d,0.5436549783,if6_consensus_when_public_stable_and_legacy_neutral
5a12_ang2:0000733:1de99828325d,1de99828325d67fae128fb51095e3d0f729b4e21088a20a982d22b212a701dad,0.6132909656,if6_consensus_when_public_stable_and_legacy_neutral
5a12_ang2:0000734:caa76d33c29f,caa76d33c29fc4065d844993966ec349bf5244289474f5902c7061361e46f773,0.5793566704,if6_consensus_when_public_stable_and_legacy_neutral
5a12_ang2:0000735:43bd4f42ddbe,43bd4f42ddbe318c362fd4032ae4a9bd4dd2f8eb7160edf97790b3776774436c,0.7122657895,if6_consensus_when_public_stable_and_legacy_neutral
5a12_ang2:0000736:b91c163a637f,b91c163a637f8dfd23bb5866ba3580debefbdd1df3fdc20449f91bca60a94afb,0.8031106591,if6_consensus_when_public_stable_and_legacy_neutral
5a12_ang2:0000737:1c34cd449316,1c34cd4493168b7491af4010bfc8d6e115202ec527222be752d31e968a5c17c3,0.8356309533,if6_consensus_when_public_stable_and_legacy_neutral
5a12_ang2:0000738:ea34c3ac3fc4,ea34c3ac3fc44fef3fd9b063b76acea7951399e06400ef2ecc3cba2c472e83d7,0.8550724387,if6_consensus_when_public_stable_and_legacy_neutral
5a12_ang2:0000739:b0d8058e75de,b0d8058e75de02d66247ffaf393702cc15aa2185e7cbae8f8c07a8973c4c48b0,0.9300106168,if6_consensus_when_public_stable_and_legacy_neutral
5a12_ang2:0000740:a74c1d8c6c5f,a74c1d8c6c5f02503699a4b7cb47f8de97b9a62eadf7d546c928dd64989af267,0.6436903477,if6_consensus_when_public_stable_and_legacy_neutral
5a12_ang2:0000741:df4a91647595,df4a91647595e16e9a817a76fb7c3d260bf7d6d8e1db4f4f5b354d9c8993aa0c,0.5761753321,if6_consensus_when_public_stable_and_legacy_neutral
5a12_ang2:0000742:ba5af8c02ef0,ba5af8c02ef0dbb51a9e5336ce88bc320b8dbfbcbb97ee2e7d600f50806a9a6d,0.5871332288,if6_consensus_when_public_stable_and_legacy_neutral
5a12_ang2:0000743:c449f6ebb64e,c449f6ebb64ed690dac7537f91fe9da46dc5ea0f906748682b9bac0196b5244a,0.6291975975,if6_consensus_when_public_stable_and_legacy_neutral
5a12_ang2:0000744:8880b893613a,8880b893613a2f272b93f717ccd3e0d7d9a2d7ea0fa77b8993fc84c34a8e88b2,0.8126546741,if6_consensus_when_public_stable_and_legacy_neutral
5a12_ang2:0000745:62ccedbfb101,62ccedbfb1019076df25f6cd6a7f9c0eb11cf78133f093cb486b38237b6eeafb,0.3958996236,if6_consensus_when_public_stable_and_legacy_neutral
5a12_ang2:0000746:da8b9f5a3bd4,da8b9f5a3bd4acf83247e1545208ef1f02cae64b994c5b47c8dd67daad5ec961,0.5507246256,if6_consensus_when_public_stable_and_legacy_neutral
5a12_ang2:0000747:24ef1222be59,24ef1222be5935a2be85d8348e45a96f56429dc578076670d14013abcecbfc96,0.4821491539,if6_consensus_when_public_stable_and_legacy_neutral
5a12_ang2:0000748:67a30acd10f4,67a30acd10f46319bb397a2730d9c5036ff280dbea608aa0da20359ac3e43d91,0.4065040648,if6_consensus_when_public_stable_and_legacy_neutral
5a12_ang2:0000749:0f8edba7a8dc,0f8edba7a8dc1a598fd3d02b04c7e37abeccdfe081e00868232e519283819ecc,0.3990809619,if6_consensus_when_public_stable_and_legacy_neutral
5a12_ang2:0000750:b78656b2a7ab,b78656b2a7ab0d779b273c2ccd31a74c0c23ce5c9da8ed6528aed6045afa2749,0.5616825819,if6_consensus_when_public_stable_and_legacy_neutral
5a12_ang2:0000751:03b39da25455,03b39da25455c9234c507568aa79f99208c3a5a328ba05cde95b7a28d3f09b76,0.5397667289,if6_consensus_when_public_stable_and_legacy_neutral
5a12_ang2:0000752:780424ef7efb,780424ef7efb4c7e71f1e6a275558f144d1a904674d028a0ee125bd97f074a4e,0.5906680822,if6_consensus_when_public_stable_and_legacy_neutral
5a12_ang2:0000753:0888a56509b2,0888a56509b29daeda95f5fd20fd689126900fa650f1636ff2d1a17ad321ac78,0.5277483463,if6_consensus_when_public_stable_and_legacy_neutral
5a12_ang2:0000754:22275f8ca30d,22275f8ca30d1575652424ca088369a6988e7429e9c2d3ba6da02d824ce663e4,0.6359137893,if6_consensus_when_public_stable_and_legacy_neutral
5a12_ang2:0000755:c4ee50e710c9,c4ee50e710c980aa39e1f67b5ac197c3f711c620c7d8a1cbdb8affc1e969a3f9,0.6168256998,if6_consensus_when_public_stable_and_legacy_neutral
5a12_ang2:0000756:6734d32f676b,6734d32f676bf451747fa110058d12f6f05b18e33ac268ff8405a92f3cb54a68,0.5917285085,if6_consensus_when_public_stable_and_legacy_neutral
5a12_ang2:0000757:94c00e862392,94c00e86239268615ff3e73995475d541ab65fb620f4282021ec4d376b5096b2,0.4655355215,if6_consensus_when_public_stable_and_legacy_neutral
5a12_ang2:0000758:3fa89d920a5e,3fa89d920a5e145465e4e94c646a1e24e8f457f434947739802de9a0aea48c2f,0.4503358305,if6_consensus_when_public_stable_and_legacy_neutral
5a12_ang2:0000759:46e0d6035d06,46e0d6035d0666b5e3720e29b6568abad28346404ab7db8fcde8479befc34944,0.7165076137,if6_consensus_when_public_stable_and_legacy_neutral
5a12_ang2:0000760:08f4e4befcdb,08f4e4befcdb69794442ea2b80a4e480b77072ef3e3b56ef94732201a2f683ac,0.3418169022,if6_consensus_when_public_stable_and_legacy_neutral
5a12_ang2:0000761:3d0d25dfb929,3d0d25dfb9297ccb085eb5b0df688790e25f220e5d9790e8c9f67111154a3f2b,0.6118769646,if6_consensus_when_public_stable_and_legacy_neutral
5a12_ang2:0000762:ed5149ff9482,ed5149ff9482867e4a1a647c96cf8b7947d1d401ff0ef6851bbf259d3d781b5a,0.5256274343,if6_consensus_when_public_stable_and_legacy_neutral
5a12_ang2:0000763:1e102391603e,1e102391603ee55a65c27b71fab9a4f7844f62fbd21b2971d1c0af9dd924734a,0.6238954067,if6_consensus_when_public_stable_and_legacy_neutral
5a12_ang2:0000764:ca839fbdf5f2,ca839fbdf5f2115b5a8e3c5ce186d2c7f2c7ca4d671a8794c5c70c0b711e0baa,0.7592789531,if6_consensus_when_public_stable_and_legacy_neutral
5a12_ang2:0000765:ad1714051e63,ad1714051e6360ba2e952b58436ea62375e7792f5e02a1c6e64f89b94070fa9d,0.6048073769,if6_consensus_when_public_stable_and_legacy_neutral
5a12_ang2:0000766:6f03bb880144,6f03bb880144ac5bfe137de696391ca3d39528af1ad608d23fb2b078351b8cec,0.6553552151,if6_consensus_when_public_stable_and_legacy_neutral
5a12_ang2:0000767:47d90c2c7c40,47d90c2c7c407752080a32ec09a267b73fe77fdef3d455a67cb95d70b159e785,0.5104277134,if6_consensus_when_public_stable_and_legacy_neutral
5a12_ang2:0000768:891d9a869e87,891d9a869e87b954ddeeb5ec17cc9d0142c76939901dd991a70c193b5126b9d6,0.5114881396,if6_consensus_when_public_stable_and_legacy_neutral
5a12_ang2:0000769:855022776e29,855022776e29c8ea8a6c3e3830dbbb07940cc2f4b57adaf43f406da126b52f31,0.5726404786,if6_consensus_when_public_stable_and_legacy_neutral
5a12_ang2:0000770:47bccf9714ac,47bccf9714ac0ada3a7bddbbafd56dff8fc1dc161d5379248e75631275eb3c0d,0.6115235686,if6_consensus_when_public_stable_and_legacy_neutral
5a12_ang2:0000771:05853b2ad7d2,05853b2ad7d2f4989a4c0a69f8d83f0434283b0d5b8dc71620af4178c3a94e87,0.5563803315,if6_consensus_when_public_stable_and_legacy_neutral
5a12_ang2:0000772:ed28a15dd8a5,ed28a15dd8a553202f04ab2f08b18fad3dd4e39bb77d1f3093b11614738d5019,0.7490279675,if6_consensus_when_public_stable_and_legacy_neutral
5a12_ang2:0000773:cf5e6778157a,cf5e6778157a02df29ed4de7e30ebdfae108af17bba2f915174dd729b2178bf1,0.8699186444,if6_consensus_when_public_stable_and_legacy_neutral
5a12_ang2:0000774:9aa8f03531f8,9aa8f03531f8998d5090290183ba6c992d4eac0816f0227c3d2f23d35398137c,0.7981619239,if6_consensus_when_public_stable_and_legacy_neutral
5a12_ang2:0000775:37dea5aaaf02,37dea5aaaf02c296cadc22aaf2c30adbac74239c2b68ffa7fbfa7ec725eceb9a,0.7804877758,if6_consensus_when_public_stable_and_legacy_neutral
5a12_ang2:0000776:3ff78576c527,3ff78576c52731d10efdeb44c588e726a029dc24f07eb577445f22f8301c30ac,0.7638741136,if6_consensus_when_public_stable_and_legacy_neutral
5a12_ang2:0000777:396344de82e0,396344de82e0d1a30b0b5e240dae663fd6437f701adda8bdcb2b68c033b37d62,0.848002851,if6_consensus_when_public_stable_and_legacy_neutral
5a12_ang2:0000778:18fa185ec706,18fa185ec706245a53fdfb0d60675fe8742ad58a57a6df9a44294088f9c27702,0.8151289821,if6_consensus_when_public_stable_and_legacy_neutral
5a12_ang2:0000779:648c39128a26,648c39128a26a53f36bfb148a4bd19342f60583a022c75467c50f296eee0cec1,0.8476493359,if6_consensus_when_public_stable_and_legacy_neutral
5a12_ang2:0000780:1476d58d1b8f,1476d58d1b8f0aff7b0f04890f6f312e0f6544b8406b3333c7153162e67eb92e,0.824672997,if6_consensus_when_public_stable_and_legacy_neutral
5a12_ang2:0000781:f6354e286d13,f6354e286d1312b9551493b94dc1cc97fc8ecf11f1b2758f9998f28a695fac4a,0.814422071,if6_consensus_when_public_stable_and_legacy_neutral
5a12_ang2:0000782:1566210d5682,1566210d56826aaad33ca5a0295cba7dee82148f1b1e1d3b1b63a0beb81aa1b9,0.8377518654,if6_consensus_when_public_stable_and_legacy_neutral
5a12_ang2:0000783:020c7c06c42e,020c7c06c42e66f80e54464433f2ff7d19c186722b1cb1c2feaccd632f9574ea,0.9197595716,if6_consensus_when_public_stable_and_legacy_neutral
5a12_ang2:0000784:de6f93c94113,de6f93c941130802d342c6e4ce9d4cdf1a603eee169ed9f78effbc2118aff947,0.6606574655,if6_consensus_when_public_stable_and_legacy_neutral
5a12_ang2:0000785:c1d8a3f1d10f,c1d8a3f1d10f9f4db80ac24ae0f154f71f4e1b26a00aeeb2877740f00304672a,0.5592082143,if6_consensus_when_public_stable_and_legacy_neutral
5a12_ang2:0000786:9f28178e1e8a,9f28178e1e8a1d8a5d4a602f16cd1cc01dc9c69e3be9f6f877bfd49161fc90cf,0.5860728025,if6_consensus_when_public_stable_and_legacy_neutral
5a12_ang2:0000787:5a29b8ecaaa6,5a29b8ecaaa6feaf775f843f87a49c409c2aa000cc9b7eae269e0946404011b5,0.6072817445,if6_consensus_when_public_stable_and_legacy_neutral
5a12_ang2:0000788:1cedf933effe,1cedf933effeda4978d5da7a3c92408830511921bf23aa31e8924daee05ff00a,0.6330859065,if6_consensus_when_public_stable_and_legacy_neutral
5a12_ang2:0000789:57616ea2a821,57616ea2a821b55e348847bb257da7f12c50193704aa8951ef74e96800acbc07,0.4369034767,if6_consensus_when_public_stable_and_legacy_neutral
5a12_ang2:0000790:c62a7c5e40f2,c62a7c5e40f2ea03a649beadb6a31997d71985e736b730a5ccb0dacaabf894df,0.3591375351,if6_consensus_when_public_stable_and_legacy_neutral
5a12_ang2:0000791:36ecf8758c83,36ecf8758c837dfccbb3c26c1191cc6263572395f0342b7f211c102771433f58,0.3640862703,if6_consensus_when_public_stable_and_legacy_neutral
5a12_ang2:0000792:ead1065e94c6,ead1065e94c6a0fc9af4093389f954a32440aff7530869ea849d9df95a69e79b,0.6256628036,if6_consensus_when_public_stable_and_legacy_neutral
5a12_ang2:0000793:5f683f25a282,5f683f25a28209029807cc37644c64991cb280d1a3b10b87ac750b663eabafcf,0.5609756112,if6_consensus_when_public_stable_and_legacy_neutral
5a12_ang2:0000794:6b96b98fdbd5,6b96b98fdbd5a1a0517844559ce58838034d74ac3c4cbdbc19dda62085a96d23,0.6935312748,if6_consensus_when_public_stable_and_legacy_neutral
5a12_ang2:0000795:a4e200becff1,a4e200becff14dc2d292e165aa9c1778c60084e7b25480bd848c4c88e0716c0f,0.810533762,if6_consensus_when_public_stable_and_legacy_neutral
5a12_ang2:0000796:40f33750cd2f,40f33750cd2fa3aff2e77442f6ecf7f0002d96fa8c56a2e5d9e9cb3eef187df0,0.7490279078,if6_consensus_when_public_stable_and_legacy_neutral
5a12_ang2:0000797:516dbd6925e3,516dbd6925e3ec32e7afb9a299f6ff7c2f2d90d3b3c7c814883e32ec42bba4db,0.7847296596,if6_consensus_when_public_stable_and_legacy_neutral
5a12_ang2:0000798:4418a9feee78,4418a9feee78896b09f75c34bb2d64c3bd885f14f827b5aad6923cf1526c3f7b,0.7956874967,if6_consensus_when_public_stable_and_legacy_neutral
5a12_ang2:0000799:9b73037a97df,9b73037a97df3d45a04e8132554677bb7cc7604759f5df0a24b1223782a1c580,0.8002827764,if6_consensus_when_public_stable_and_legacy_neutral
5a12_ang2:0000800:e4b7e3cf59d4,e4b7e3cf59d46384eb4b8213162c0a473b5a634cf4e2fd68fe458fa65d3b4222,0.794980526,if6_consensus_when_public_stable_and_legacy_neutral
5a12_ang2:0000801:6439a45c4640,6439a45c4640b345c8a8c88cf3a98a56b50c53a7e00c9b0986942b02fa480e04,0.371155858,if6_consensus_when_public_stable_and_legacy_neutral
5a12_ang2:0000802:d0247b5d465b,d0247b5d465b13f7671a2e9cb8f2a97abf81bab1436f69647f8a26f86f7270d2,0.3121244311,if6_consensus_when_public_stable_and_legacy_neutral
5a12_ang2:0000803:cda16e0d0aba,cda16e0d0abab992fe63bdb9452d311aba8d2dd79fa56b2f16cb8ca3034ec210,0.4167550504,if6_consensus_when_public_stable_and_legacy_neutral
5a12_ang2:0000804:b60ccd1eb876,b60ccd1eb8760768ca2a28793958465234ef7cadf7e7158ca3dfb77b926c7089,0.524567008,if6_consensus_when_public_stable_and_legacy_neutral
5a12_ang2:0000805:ce7fbf484518,ce7fbf484518739f2bbf10ef3c0646af35f84b92ac598cebe83541ba20f7a461,0.3340402842,if6_consensus_when_public_stable_and_legacy_neutral
5a12_ang2:0000806:fb591449241a,fb591449241a347c2ea79c59de6dbdcfa622bd5babef1cd81d5508cb46230ad8,0.5281018019,if6_consensus_when_public_stable_and_legacy_neutral
5a12_ang2:0000807:8d5f05b20aa2,8d5f05b20aa28f3bab56e4d57dfbad65f86dcf81d0091d557a107d9dc2481d07,0.4361965358,if6_consensus_when_public_stable_and_legacy_neutral
5a12_ang2:0000808:be5f171c6a84,be5f171c6a8475043e3e0ecad47ff2cef58041b7dba11b60548835bf25c8a083,0.4344291389,if6_consensus_when_public_stable_and_legacy_neutral
5a12_ang2:0000809:65c67baa6c0a,65c67baa6c0aa64025a85241266bbbdd30fd5aa4e803dca59ca7ce04a6d5ea2e,0.7126193047,if6_consensus_when_public_stable_and_legacy_neutral
5a12_ang2:0000810:9298ef16f5d8,9298ef16f5d8abb0756e6e3e9df1d548d7002d3c1dcf1a8007014a7092d7e24c,0.3817603588,if6_consensus_when_public_stable_and_legacy_neutral
5a12_ang2:0000811:f82033fb6d64,f82033fb6d64b4c343ce11e96e2da371ec6974c533064aff8054bb52b0f82eea,0.3174266517,if6_consensus_when_public_stable_and_legacy_neutral
5a12_ang2:0000812:0b4b79e13dc9,0b4b79e13dc9a56a7e95a320a46aecaae73014b61bec166036e440041efd71b5,0.4026157856,if6_consensus_when_public_stable_and_legacy_neutral
5a12_ang2:0000813:955e9e7d3506,955e9e7d35061d207a28ed8eeb7eaca81ef06b79f480e262931abcc22d3cdf91,0.5701661706,if6_consensus_when_public_stable_and_legacy_neutral
5a12_ang2:0000814:09ff96d0c349,09ff96d0c349eaf5f6bdda21f3defba9df578d9dc42eb8df94c1116cce3bfd02,0.5079533458,if6_consensus_when_public_stable_and_legacy_neutral
5a12_ang2:0000815:37e79860a99b,37e79860a99b6bccab60bd08f7900f1e26f17cf9ac7238b1cbdf115960d28f79,0.7465535998,if6_consensus_when_public_stable_and_legacy_neutral
5a12_ang2:0000816:2c2038be6022,2c2038be60225fd9d8f1e9069be04efb7058beda658768054795b403ac143e11,0.6161187291,if6_consensus_when_public_stable_and_legacy_neutral
5a12_ang2:0000817:64151eea7a34,64151eea7a34d039361289050b7f7fde0e8060b1a03f59f46a4eb00238b2bef0,0.4991162717,if6_consensus_when_public_stable_and_legacy_neutral
5a12_ang2:0000818:4f7fac6f058d,4f7fac6f058d7a714565f1a1a7c18f3ab89f7dc80be5dd7b8d7ce85f3440b2df,0.4627076685,if6_consensus_when_public_stable_and_legacy_neutral
5a12_ang2:0000819:7a0eb4c442eb,7a0eb4c442eb1adbe3129fb79e8eba076c354097ad69ce664f0214781c20f21d,0.4874514043,if6_consensus_when_public_stable_and_legacy_neutral
5a12_ang2:0000820:9a94e258f149,9a94e258f149ce26ed0259121d6d3f1bd7175990421ddcf06791195a1c613b75,0.5355249047,if6_consensus_when_public_stable_and_legacy_neutral
5a12_ang2:0000821:36b4ac89cbbf,36b4ac89cbbf5010155308baf5e0886e75f6dcc063d208a92de54abe0cf85625,0.4878048599,if6_consensus_when_public_stable_and_legacy_neutral
5a12_ang2:0000822:bf03ed24664a,bf03ed24664a5b95c7e014bc1c4092c576a455cf2e24f83bab74e0cf469c5bba,0.5411806107,if6_consensus_when_public_stable_and_legacy_neutral
5a12_ang2:0000823:01c2a5c10fb4,01c2a5c10fb46392799ebe6a53a12d7b87f4a3f755097bd49d9d9bc327e504e7,0.6924708486,if6_consensus_when_public_stable_and_legacy_neutral
5a12_ang2:0000824:b4adcbc67903,b4adcbc67903016e40786d9e1df35fbe9e1cfd552ea216e3e2c34f7f35b7c945,0.7889713645,if6_consensus_when_public_stable_and_legacy_neutral
5a12_ang2:0000825:a2373d633266,a2373d633266406d14bc8e2150b8f2698e3e0076454e37a1dc6c80a6a08daaad,0.7592789531,if6_consensus_when_public_stable_and_legacy_neutral
5a12_ang2:0000826:229595331c87,229595331c87d9a287364b58a90971ae07c47129b7becaa4fcef3690b4c961e0,0.7334747314,if6_consensus_when_public_stable_and_legacy_neutral
5a12_ang2:0000827:17f3e8e0d699,17f3e8e0d699f7ead64e4dc9c6ff4d060ef9d054322c93282d330d02a94af50c,0.8197243214,if6_consensus_when_public_stable_and_legacy_neutral
5a12_ang2:0000828:81ec6add7181,81ec6add7181dbfcd48d927fe1a6a3bc8b4a207e343ca06d7e6386cd778359ba,0.8391657472,if6_consensus_when_public_stable_and_legacy_neutral
5a12_ang2:0000829:e6e16f0afba1,e6e16f0afba164b397dcc2913ba0aa40efa00b20dcb39b9526bbf58bc5439666,0.7917992473,if6_consensus_when_public_stable_and_legacy_neutral
5a12_ang2:0000830:778032a8605c,778032a8605c8202a4d630fe5242393a9c6c5f656408aa3f51446b5792e2c85b,0.810533762,if6_consensus_when_public_stable_and_legacy_neutral
5a12_ang2:0000831:de3c3d58ac00,de3c3d58ac0015235262e66f06997fe2853349a37f1403d2d275864d9472f497,0.8055849671,if6_consensus_when_public_stable_and_legacy_neutral
5a12_ang2:0000832:b5f5421cfcd4,b5f5421cfcd42fa175281669aa280f52268fa58f33a8fc0022f3bd548e869fe8,0.8214917183,if6_consensus_when_public_stable_and_legacy_neutral
5a12_ang2:0000833:55ea65f4c6fe,55ea65f4c6fe0ebc05c975031f21c01d868eeffe6b4e88d0dea6925225a02ce6,0.9151642919,if6_consensus_when_public_stable_and_legacy_neutral
5a12_ang2:0000834:21d097e86969,21d097e869697c9efe71d3f38096096d8ce5221f127d438feaab4cc7eadf09c4,0.7946270108,if6_consensus_when_public_stable_and_legacy_neutral
5a12_ang2:0000835:4b36f42dbc0e,4b36f42dbc0eb35d3661a52e354f17fa0845aace14458f54c94dd846482c448f,0.4443266094,if6_consensus_when_public_stable_and_legacy_neutral
5a12_ang2:0000836:b1504c0225fc,b1504c0225fc276b0a232fc87636e98b447a8616927dd25313c2c1254bb02c2a,0.5850123763,if6_consensus_when_public_stable_and_legacy_neutral
5a12_ang2:0000837:cc0e67017e93,cc0e67017e937bf3a7d38dcac4bc11e604352fa9d64202a2252e5cc04cd94422,0.548250258,if6_consensus_when_public_stable_and_legacy_neutral
5a12_ang2:0000838:71c921d13fde,71c921d13fdeb8d042e73a074cc749c85dfb2b11bf94327df7dfef280a0b6a2f,0.4962884486,if6_consensus_when_public_stable_and_legacy_neutral
5a12_ang2:0000839:e146ebb9c268,e146ebb9c2681bc0f3aae37d3b43210ec70a99ea10da39fa891d6fc342f31a03,0.6716154218,if6_consensus_when_public_stable_and_legacy_neutral
5a12_ang2:0000840:10be0e603e3a,10be0e603e3a441992508f81bf1970351d39bbe68394319233ff36d6979dac4e,0.5143160224,if6_consensus_when_public_stable_and_legacy_neutral
5a12_ang2:0000841:94968a277a24,94968a277a2434ad07a2aa4cdb562aeca52e9e2625ba368474c265c7ecdb6d53,0.6677270532,if6_consensus_when_public_stable_and_legacy_neutral
5a12_ang2:0000842:470d1cb589ca,470d1cb589ca1446662e5230637f23ed4641d43bd352e2895424e86d34eb8843,0.6270766854,if6_consensus_when_public_stable_and_legacy_neutral
5a12_ang2:0000843:bd3aa0c27d20,bd3aa0c27d205dbc6790493b641f3bf8d62ef0dc91dd6b0d6557e86e39d45e78,0.6790385246,if6_consensus_when_public_stable_and_legacy_neutral
5a12_ang2:0000844:f529d97fa584,f529d97fa5844cb44ae6da2f75f565cefd4605df4d6e1de4bfc74df9be8c6394,0.9102156162,if6_consensus_when_public_stable_and_legacy_neutral
5a12_ang2:0000845:5e196af5adb2,5e196af5adb2e2bb86f5aecf281647321973cc6127f0e7851b21dcda5db89932,0.8487097621,if6_consensus_when_public_stable_and_legacy_neutral
5a12_ang2:0000846:9d4c9af33f5c,9d4c9af33f5ca668d2554c13c92e7a27b02de50d0d36d72d17735e234cf1e6e7,0.8844115138,if6_consensus_when_public_stable_and_legacy_neutral
5a12_ang2:0000847:1dc25de9e7ee,1dc25de9e7eec9f0b6f81aa916cbaad70f4804faa44949fac307422104d60a63,0.9077413082,if6_consensus_when_public_stable_and_legacy_neutral
5a12_ang2:0000848:0ec7ca803044,0ec7ca803044fab6f741e287238dce1439a704175bd92ee4f477bdd4d981a892,0.9706609845,if6_consensus_when_public_stable_and_legacy_neutral
5a12_ang2:0000849:4adfdd1f9c5f,4adfdd1f9c5f4868c06297efdc45172123470e117b027578d004bf19a705d736,0.6387415528,if6_consensus_when_public_stable_and_legacy_neutral
5a12_ang2:0000850:dbaedbc59f68,dbaedbc59f6858794270604bf3bf0b7e400cd642c0c69821eedbb8c2a1faf81c,0.6313185096,if6_consensus_when_public_stable_and_legacy_neutral
5a12_ang2:0000851:411789cbe920,411789cbe920e4e7b820c7026eced7838ab397a5044dc78290b7f39f33538f74,0.6465181708,if6_consensus_when_public_stable_and_legacy_neutral
5a12_ang2:0000852:1ba611a6b662,1ba611a6b662da754c1b28f0bf6c0b0d5cceae1e6e30304ea9cec58c2a3b15d0,0.6864616275,if6_consensus_when_public_stable_and_legacy_neutral
5a12_ang2:0000853:5d1ce7977c6a,5d1ce7977c6a65f67e82a4715c201fdcb231cb88632292c699fb8af95add6ec3,0.6984799504,if6_consensus_when_public_stable_and_legacy_neutral
5a12_ang2:0000854:49424c99ea2c,49424c99ea2cecc405f139e5da1f9897a1ef9062f986fc1610727e8bbd520c48,0.4761399925,if6_consensus_when_public_stable_and_legacy_neutral
5a12_ang2:0000855:5d73391b85b1,5d73391b85b1e57b04db28d27b0daa91ccd67de86fa2cbf32d285570d8efd46d,0.4407918155,if6_consensus_when_public_stable_and_legacy_neutral
5a12_ang2:0000856:437430fc335c,437430fc335cc4e11b0d70a4c80ec40a0a196651866ec1de7fc2a79ae22582f6,0.4513962567,if6_consensus_when_public_stable_and_legacy_neutral
5a12_ang2:0000857:f63170b07d08,f63170b07d082f5149c9e1db0de9a03b1a3fccaf5ebf13c0c4f159ef42dd7c10,0.3693884909,if6_consensus_when_public_stable_and_legacy_neutral
5a12_ang2:0000858:1e3b5e4041d8,1e3b5e4041d8823d9636a7557aa141d77485b7d2f9a8721e2dc875c651e38fee,0.4563449919,if6_consensus_when_public_stable_and_legacy_neutral
5a12_ang2:0000859:42b1e647b4cc,42b1e647b4cc4034d8b9198c1a729d18e2280a0f692067b868cf7ad071ea4e2b,0.5104277134,if6_consensus_when_public_stable_and_legacy_neutral
5a12_ang2:0000860:efdde44faaae,efdde44faaaede91eeb7c7d27ca1cc6ddb479ba8575a29d620fe3e4d72a31b7e,0.4287734032,if6_consensus_when_public_stable_and_legacy_neutral
5a12_ang2:0000861:893e5f7b2a85,893e5f7b2a85caecd566360e6058127807f65e6523fc56d28f1fb4fabb4ca423,0.5832449794,if6_consensus_when_public_stable_and_legacy_neutral
5a12_ang2:0000862:89d28d06a119,89d28d06a119fed37d54a4e587ecd4253380725f17874b90cfbfb0722d027337,0.6203605533,if6_consensus_when_public_stable_and_legacy_neutral
5a12_ang2:0000863:fb041e8b40d5,fb041e8b40d50cc7ba656fe77ab57c3945f83998042580b78b98c24954c05e50,0.5669848323,if6_consensus_when_public_stable_and_legacy_neutral
5a12_ang2:0000864:45cc90afe2e4,45cc90afe2e4a448116a9a5ae09d68ad696c2eac5cfa8996ba7fccd2011b3d1d,0.6118769646,if6_consensus_when_public_stable_and_legacy_neutral
5a12_ang2:0000865:6ab640778477,6ab6407784773bc60554a8aecb2b8197cd271d8ea8f6bcfbde8f5ab2716a9ad0,0.796394527,if6_consensus_when_public_stable_and_legacy_neutral
5a12_ang2:0000866:8de1297e0ae2,8de1297e0ae247ef62c534898eb8472b6b61d807b9a24f9ac9a1f1af2c7c91ed,0.9126899838,if6_consensus_when_public_stable_and_legacy_neutral
5a12_ang2:0000867:26620c3fb15b,26620c3fb15b810d055bc886c8825fb422b949a47c78873ebc74ba888b8aab4c,0.8561329246,if6_consensus_when_public_stable_and_legacy_neutral
5a12_ang2:0000868:bda921c79c48,bda921c79c48726a5483beca14d65f98112bbb42314d51ad9134866a731f3a89,0.8409331441,if6_consensus_when_public_stable_and_legacy_neutral
5a12_ang2:0000869:c071ff3a372e,c071ff3a372e96a4f4d2cae5a4d2c8881e402f92f483834736b4c097809148bd,0.9459173083,if6_consensus_when_public_stable_and_legacy_neutral
5a12_ang2:0000870:38b048551b9c,38b048551b9c42f610f6b8b9f94ab8d8f631b8793173fe4148e185670209e99a,0.7440791726,if6_consensus_when_public_stable_and_legacy_neutral
5a12_ang2:0000871:e58fbcde1885,e58fbcde1885c55f953d4a9c15502742c73936f38cb12d4223d8aca1e0f6f7d0,0.3036408722,if6_consensus_when_public_stable_and_legacy_neutral
5a12_ang2:0000872:989ec5ab29d9,989ec5ab29d9e5faaf85be0342a59a9e5b8e79f29d00f929550d137922a23839,0.9575822353,if6_consensus_when_public_stable_and_legacy_neutral
5a12_ang2:0000873:630a6acdb699,630a6acdb699c435a20da229ff1f38eccd2fd995e07048ecab56f69c8491c062,0.7956874967,if6_consensus_when_public_stable_and_legacy_neutral
5a12_ang2:0000874:fd38e3b755ab,fd38e3b755abe3becd0a56e8234b43b23de94add3f89e9f5a6582f6ccd6e0305,0.5390596986,if6_consensus_when_public_stable_and_legacy_neutral
5a12_ang2:0000875:60b4b25a89e6,60b4b25a89e6c775594b032cc9356902427edaf1bcc9afa290930c9aa9c8bd9c,0.3570165932,if6_consensus_when_public_stable_and_legacy_neutral
5a12_ang2:0000876:02f2ccb303e5,02f2ccb303e56ada1b75c9f52b334be362110c0b86a4488ebab2c14093307aaf,0.2962177098,if6_consensus_when_public_stable_and_legacy_neutral
5a12_ang2:0000877:8eaa2d5bc5ba,8eaa2d5bc5ba709b74106cb9760a2a27e4aed3eecb86bf16accce5735d0ed3e6,0.4422056973,if6_consensus_when_public_stable_and_legacy_neutral
5a12_ang2:0000878:25853ceb3214,25853ceb32148e3770a19cf433a90e2def0411d7d350e07c613aa467bcd2e8bd,0.5991516709,if6_consensus_when_public_stable_and_legacy_neutral
5a12_ang2:0000879:9d57f57142f4,9d57f57142f4dd6e90c7a9325d8bd8a0e7e1c5f524c036a73c6a410d9ead7c3c,0.7674089074,if6_consensus_when_public_stable_and_legacy_neutral
5a12_ang2:0000880:18ea1a19f05c,18ea1a19f05c82b4d4ed1a183a059f1015208c749b6ffa0b3902306eb6e1c12c,0.5185577869,if6_consensus_when_public_stable_and_legacy_neutral
5a12_ang2:0000881:96aaa7abb28d,96aaa7abb28d6b5730fcf0c4ff7706caddf03a854c05a15b57a8e154ffd8d4a8,0.8713326454,if6_consensus_when_public_stable_and_legacy_neutral
5a12_ang2:0000882:757920695f1f,757920695f1fb032c7a1aa9e735be942f0e122e58e4bd81b604737fd3fb09ad9,0.4673029184,if6_consensus_when_public_stable_and_legacy_neutral
5a12_ang2:0000883:9cd1e7d2f971,9cd1e7d2f97126a3764e840322fe400180806b13157e2a7920a21788f1fc30b9,0.4422057569,if6_consensus_when_public_stable_and_legacy_neutral
5a12_ang2:0000884:3a5f6e3ad0f3,3a5f6e3ad0f3cd13eef86ab172bdafc0822e6529c97c361bd6009a2a686082e3,0.5068928599,if6_consensus_when_public_stable_and_legacy_neutral
5a12_ang2:0000885:98b23673af30,98b23673af30c0f64a0d8c00e0409475fd5a77ceb9f8ca1e62c0664c7e10f1cc,0.5394132137,if6_consensus_when_public_stable_and_legacy_neutral
5a12_ang2:0000886:cfca83c63a9e,cfca83c63a9ea37c56e6575e3df4358a9b1a56b9e97c46cc7d88fab1f9092239,0.3725697994,if6_consensus_when_public_stable_and_legacy_neutral
5a12_ang2:0000887:d5876711d145,d5876711d1459872ec6f58a4c3949e4f3452a09aa0af673de3697074739be77f,0.4287734032,if6_consensus_when_public_stable_and_legacy_neutral
5a12_ang2:0000888:8b2cbff09bf3,8b2cbff09bf3cec9c323dee69b9feea95e1171b9511893e401b3eb624c6cd197,0.3191940486,if6_consensus_when_public_stable_and_legacy_neutral
5a12_ang2:0000889:8ef3c9935b07,8ef3c9935b078b065fc170e95bac55ed2b5fd9271931cd8418cd8d5d1e9f237f,0.2110286355,if6_consensus_when_public_stable_and_legacy_neutral
5a12_ang2:0000890:28a95ad4532d,28a95ad4532dcc01235f4b347944c47e28f64acd54cff2508cb554123c88a477,0.3138918281,if6_consensus_when_public_stable_and_legacy_neutral
5a12_ang2:0000891:31829c97a7b6,31829c97a7b6509aa6dc9d055cd796879bbe5870340c27b3a46579ce7916488f,0.3983739913,if6_consensus_when_public_stable_and_legacy_neutral
5a12_ang2:0000892:a449644d151d,a449644d151d00194a5b0f1f316eeddf7dffe4d6974b6534a5e5a00a7638d344,0.2682926953,if6_consensus_when_public_stable_and_legacy_neutral
5a12_ang2:0000893:579fd2548b79,579fd2548b791dfcf5624cde12d1f0470ae4f0610213ec00cb0d49380b7edb4f,0.3439377844,if6_consensus_when_public_stable_and_legacy_neutral
5a12_ang2:0000894:8f6956172bb3,8f6956172bb32f3d11b0909397885ccb37576fad1fb6cf7d86b6a02e075f63d1,0.3566631377,if6_consensus_when_public_stable_and_legacy_neutral
5a12_ang2:0000895:fa526101506b,fa526101506bac94091aff70a5e1a6f1b54ea45dcc0f72629d1c6f9c656971d3,0.4768469334,if6_consensus_when_public_stable_and_legacy_neutral
5a12_ang2:0000896:ede635227485,ede6352274852d4a3cbc430efd06592c78866b9c0ac6092a50988f12fac01fa7,0.3778720796,if6_consensus_when_public_stable_and_legacy_neutral
5a12_ang2:0000897:eed8a12c5591,eed8a12c5591fd37f49eeb332c34851280f80d66a0236349abb9e6b9024deaf2,0.4552845061,if6_consensus_when_public_stable_and_legacy_neutral
5a12_ang2:0000898:c30149fe9f2e,c30149fe9f2ec83abb613395b26b6d2c2cdabe0e08d76e3a2529ddb03b65e5cc,0.4941675663,if6_consensus_when_public_stable_and_legacy_neutral
5a12_ang2:0000899:1e4f132dc3dd,1e4f132dc3dd1e94d9b4023424d95abed5e7224e73410923dd8796760e0ae0b8,0.4510427713,if6_consensus_when_public_stable_and_legacy_neutral
5a12_ang2:0000900:dc5e9e3840d5,dc5e9e3840d5e4f0f7cb1caa642846968269b7707eb7048b024fb9514a4ef263,0.6581830978,if6_consensus_when_public_stable_and_legacy_neutral
5a12_ang2:0000901:9ab61c228982,9ab61c228982fda360dcf43747315e7bbd9fd4b3af6af1534a298c06d3fd6f76,0.8016967177,if6_consensus_when_public_stable_and_legacy_neutral
5a12_ang2:0000902:dc1e3f9241b7,dc1e3f9241b7bc691766b00e82ad3648f670df766248c7a8fa0e7df2f3dadbdc,0.7037822604,if6_consensus_when_public_stable_and_legacy_neutral
5a12_ang2:0000903:ee8b7521a468,ee8b7521a46847cb816e351a8d6fb359ac69cae6289055318ffbfee30de56158,0.6613644958,if6_consensus_when_public_stable_and_legacy_neutral
5a12_ang2:0000904:86cd45cdeda4,86cd45cdeda4dd586e293e670474cdc62413b4229e1eaf9fd1ec17e269ce91d5,0.7472605109,if6_consensus_when_public_stable_and_legacy_neutral
5a12_ang2:0000905:d444d281bc16,d444d281bc162afecaced4a489e5b57831dbe4892f543e9cc4a4c0ba91362d89,0.7292329669,if6_consensus_when_public_stable_and_legacy_neutral
5a12_ang2:0000906:a0359266b6ad,a0359266b6ade8dce9b61f4b7a07d59bc593d7f53dea85835bf544c3ccaf7f3c,0.7674090266,if6_consensus_when_public_stable_and_legacy_neutral
5a12_ang2:0000907:957bbd884af0,957bbd884af0440e9485224bad61d1065cffc6cc8157a534b704d4bfdc5e882e,0.744079113,if6_consensus_when_public_stable_and_legacy_neutral
5a12_ang2:0000908:7797fed51f09,7797fed51f09ac67f05df6777faf4ef3497fcd83a9112bdb3e14a67d1db35094,0.8614351153,if6_consensus_when_public_stable_and_legacy_neutral
5a12_ang2:0000909:6cde9df02bf0,6cde9df02bf072bf98cfccd87f9f3d661805270356627f4fdb0c75b7ee3ae191,0.2778366804,if6_consensus_when_public_stable_and_legacy_neutral
5a12_ang2:0000910:0256b7020665,0256b7020665ad56f8998b56a673239710c33bca6f61eaebd0092c32e650a38a,0.7090844512,if6_consensus_when_public_stable_and_legacy_neutral
5a12_ang2:0000911:16906d4caba9,16906d4caba9283731359ade8e5511144ea220e3d58a57565251b9f79c017d36,0.4595263302,if6_consensus_when_public_stable_and_legacy_neutral
5a12_ang2:0000912:cc897d250d06,cc897d250d066d940a629a281f7755296846f18008cf3a166dd4bbd67d66afca,0.2347119004,if6_consensus_when_public_stable_and_legacy_neutral
5a12_ang2:0000913:08095fed18f8,08095fed18f853ce8d9abbfb6cc980ee53067703a569f9693c65f05bfca1d275,0.3619653285,if6_consensus_when_public_stable_and_legacy_neutral
5a12_ang2:0000914:08cf8e306930,08cf8e3069306d8468a6f596fc17ae3646242bfe20b76786096e20690cf0d8a6,0.3252032697,if6_consensus_when_public_stable_and_legacy_neutral
5a12_ang2:0000915:259647f3018c,259647f3018cea577cbebbc3ae568024e0cdd149af82be4d647e31b1f21a640c,0.2442559153,if6_consensus_when_public_stable_and_legacy_neutral
5a12_ang2:0000916:038a2b89407e,038a2b89407e046d4af7776bc450282f0114c62aa78fd7edf4ef198cd1df1b9e,0.2990455925,if6_consensus_when_public_stable_and_legacy_neutral
5a12_ang2:0000917:01e4ce1832b0,01e4ce1832b0636d5500129cd882e4ff64ba5f1391a21b564b7a3f523680c0c7,0.3411099017,if6_consensus_when_public_stable_and_legacy_neutral
5a12_ang2:0000918:893a333d92ae,893a333d92ae061120bf82936f08d2e0ca15f958d8b493537c0c948d0d245de1,0.4209967852,if6_consensus_when_public_stable_and_legacy_neutral
5a12_ang2:0000919:8be2174016e7,8be2174016e71057ef374ca0c782e46b322ed964d60e92499e9bb7a2f4871620,0.3623188436,if6_consensus_when_public_stable_and_legacy_neutral
5a12_ang2:0000920:0be55428900f,0be55428900f8ba9df13be26d9ac6104402028180d4d7a38a92ec53e5d7bdee6,0.7734181881,if6_consensus_when_public_stable_and_legacy_neutral
5a12_ang2:0000921:0e8ea97f79ab,0e8ea97f79abb083da43722008950e4f5dd696ebfb0ecd400e5407f7c5a95963,0.6189466119,if6_consensus_when_public_stable_and_legacy_neutral
5a12_ang2:0000922:765d6853065b,765d6853065b2559b4773758c867adfed859e21f3b5ed10aa957ed9f8b676141,0.6917638779,if6_consensus_when_public_stable_and_legacy_neutral
5a12_ang2:0000923:0d0efbc52097,0d0efbc52097d8e39067757bf18ca1808c054f2d58387bcb4ce6f668f986cfe1,0.8487097621,if6_consensus_when_public_stable_and_legacy_neutral
5a12_ang2:0000924:c068e256cfd8,c068e256cfd83d48f27eb5a1618fa2cad2923b7021dff572011c84aacf568d0e,0.4234712124,if6_consensus_when_public_stable_and_legacy_neutral
5a12_ang2:0000925:9759c8f4d5f2,9759c8f4d5f2149f4eb5ad87243aaec757238750dd690cb483f47500188aa435,0.4853304923,if6_consensus_when_public_stable_and_legacy_neutral
5a12_ang2:0000926:8a6296853262,8a6296853262e371d00983790746de63cbf88c6d441b3d9ac3fe3f36b329d40b,0.326263696,if6_consensus_when_public_stable_and_legacy_neutral
5a12_ang2:0000927:243b146cf1a7,243b146cf1a78c9310a48a8a65b7b09f3a1199f273e863dafec254e7a9a2cb14,0.7656416297,if6_consensus_when_public_stable_and_legacy_neutral
5a12_ang2:0000928:81e85f6dec3d,81e85f6dec3de01b3da209285954367bff600f4ae760c56aaf3988e4f862de66,0.9331919551,if6_consensus_when_public_stable_and_legacy_neutral
5a12_ang2:0000929:660b62b689ac,660b62b689acf90d9e61fc64b4a4f9f20016c845725dbe993b0ddbebff424e05,0.5203252435,if6_consensus_when_public_stable_and_legacy_neutral
5a12_ang2:0000930:557636ba6cb6,557636ba6cb655f7c8fd168de647be6b9a025116d4772c85c4f07da78e38ee9e,0.4135737121,if6_consensus_when_public_stable_and_legacy_neutral
5a12_ang2:0000931:f863258f57f6,f863258f57f6c49d4792fb07d0519edc7835e3fee564df00ed265ee8a8476763,0.2877341807,if6_consensus_when_public_stable_and_legacy_neutral
5a12_ang2:0000932:5b50f34cda25,5b50f34cda252f1c329edbaff7fb19a5abc835648ae54600752b276e198ba9dd,0.3708024025,if6_consensus_when_public_stable_and_legacy_neutral
5a12_ang2:0000933:afc305d86c70,afc305d86c7022b07d1f349f8b0f29796b472a251d29907ad954bd9008289e07,0.458465904,if6_consensus_when_public_stable_and_legacy_neutral
5a12_ang2:0000934:a66f235c7d6b,a66f235c7d6bcd865adc94f5e46c4fa9786a68f75796fc98f806e6cd2f62e538,0.7059031129,if6_consensus_when_public_stable_and_legacy_neutral
5a12_ang2:0000935:ef9d65d713b3,ef9d65d713b3e4fd193324b2d8b21a7e6c95af669da466fd0591fae2c7e4a4d1,0.7875574231,if6_consensus_when_public_stable_and_legacy_neutral
5a12_ang2:0000936:35b1e5092d38,35b1e5092d38263825c10b4a2c949fa1eccc56c4afeb21afb3c99ff453775a33,0.4761399925,if6_consensus_when_public_stable_and_legacy_neutral
5a12_ang2:0000937:730c037182e5,730c037182e515c4c39b0722ddcca9b73a0b56b8ce43e842d77b11d109041b54,0.8197242618,if6_consensus_when_public_stable_and_legacy_neutral
5a12_ang2:0000938:ba68e748b536,ba68e748b536c26d97a7d1cc976f4648008dc0e03f8a11321f3cf1c4d90a8a10,0.597384274,if6_consensus_when_public_stable_and_legacy_neutral
5a12_ang2:0000939:2b24ce765fb4,2b24ce765fb49bbb01d6b8ebad472cd2ce9d2493e708af6dcea8dd5900753e18,0.6355602741,if6_consensus_when_public_stable_and_legacy_neutral
5a12_ang2:0000940:82a660122470,82a660122470ffeb0e37cc252cc6231273be5da51b371757fdc74522d3d10d67,0.9070343375,if6_consensus_when_public_stable_and_legacy_neutral
5a12_ang2:0000941:5c6c88cd5155,5c6c88cd51555838ba8f8a0dcd2d9cb92b2ab130fe73310cd09de48b09e8fb7f,0.6320254803,if6_consensus_when_public_stable_and_legacy_neutral
5a12_ang2:0000942:d1acf1ac218b,d1acf1ac218bca2d35d06991606fe91d3d0bf90ba9840684ce20267721e759c5,0.6449275613,if6_consensus_when_public_stable_and_legacy_neutral
5a12_ang2:0000943:f04485f60bfc,f04485f60bfc4efc339f759f5c9ee2284dd6b66eb30d39a40f29393a88fd3a92,0.6709084511,if6_consensus_when_public_stable_and_legacy_neutral
