row_id,sequence_sha256,log-likelihood,d4_par1_if10_policy
aayl49:0000000:5a52b76a4a1c,5a52b76a4a1c625b5f5fda11880ee52b3d9873257545b2c8f5cd73b5574afa2b,0.3603959084,if6_consensus_when_public_priors_concordant_with_d4
aayl49:0000001:bc8f607f8db3,bc8f607f8db386215c3f7772eff86f6c8adb867f94c67736154ab12ed67bb969,0.3665816486,if6_consensus_when_public_priors_concordant_with_d4
aayl49:0000002:23a2c43594b4,23a2c43594b4f88bbe1ecdea67928d2cd34d84294fcecc9e81084d506ea5c697,0.3770973384,if6_consensus_when_public_priors_concordant_with_d4
aayl49:0000003:4aae92375a6d,4aae92375a6d7755d1d8c72bcbfb9844527f81f04799e9f7003a2e63551a1817,0.1655455083,if6_consensus_when_public_priors_concordant_with_d4
aayl49:0000004:2ee863d572f5,2ee863d572f5a509bd275799b16ed1c553efb27d151dd0ad82015b372c137472,0.7338591218,if6_consensus_when_public_priors_concordant_with_d4
aayl49:0000005:bd489407e9e8,bd489407e9e823d76ac6f309688be44318a4ac07528dd46337a2725cf2e2884d,0.8673934937,if6_consensus_when_public_priors_concordant_with_d4
aayl49:0000006:647405a80ea1,647405a80ea13917fcfec643f2392a707e35e088605e82a9fd3d335576de1dc9,0.4928477705,if6_consensus_when_public_priors_concordant_with_d4
aayl49:0000007:48222d0b741f,48222d0b741f14824f5122f77f09995c4a45630b8d2abea402f35c2bafa5bb6d,0.7469264865,if6_consensus_when_public_priors_concordant_with_d4
aayl49:0000008:20598ace916f,20598ace916f58d3417984fcbf3939f900ec33c4b1d667163809b241755cac15,0.5886492133,if6_consensus_when_public_priors_concordant_with_d4
aayl49:0000009:a4927fae1572,a4927fae15729b404c6045e2ae9006bf77a1289daea1e6a834bac7557b486a0f,0.8966984153,if6_consensus_when_public_priors_concordant_with_d4
aayl49:0000010:e9187747f809,e9187747f8095f2256c31bb87d5c4e803bcb309b5a86445632fcc0ff04873b2b,0.6850691438,if6_consensus_when_public_priors_concordant_with_d4
aayl49:0000011:fa3f2c45ce5a,fa3f2c45ce5af3dcfa1126af861520fceaec8b11b7212eaf881aa46c95fc9b62,0.5757365227,if6_consensus_when_public_priors_concordant_with_d4
aayl49:0000012:a85e070bbee8,a85e070bbee85022d7be2677fa47c4c6625c3f5030ee9345661c365c38dc91ad,0.8212324977,if6_consensus_when_public_priors_concordant_with_d4
aayl49:0000013:6ff9a8217b50,6ff9a8217b5082f468c13633677d3342a1c40fb96d82d0f78a23982d81b0cdeb,0.61029917,if6_consensus_when_public_priors_concordant_with_d4
aayl49:0000014:11ef950e1a51,11ef950e1a5129b950dd1b7f79a53aa50f72271aa68207172672762b69491ad5,0.3226629496,if6_consensus_when_public_priors_concordant_with_d4
aayl49:0000015:21cf7771589a,21cf7771589a137833e781734950455ae13c20c987815b2fa8a4d6aa376ce483,0.4450630248,if6_consensus_when_public_priors_concordant_with_d4
aayl49:0000016:238b168481ee,238b168481ee8756fa19d22e2ce45d4a44905f14164156725894e4b59932dbd5,0.1588185281,if6_consensus_when_public_priors_concordant_with_d4
aayl49:0000017:cf8b25f7b9b4,cf8b25f7b9b4e7c7ebd297b1b0fb9f09c69b2651f22372f34aecdbe6c311829e,0.3386684954,if6_consensus_when_public_priors_concordant_with_d4
aayl49:0000018:aa7b0b9e19e6,aa7b0b9e19e6a6ebd099c134c8f8a9d3aa1bafed764ddfbbd1d0f0d5755f15f1,0.4769968092,if6_consensus_when_public_priors_concordant_with_d4
aayl49:0000019:9535b9332996,9535b93329963caf7ec46503d9db22ff8fbf12a666b7500db8489057020d99d2,0.5207608342,if6_consensus_when_public_priors_concordant_with_d4
aayl49:0000020:f3c75df9dd1a,f3c75df9dd1a73299fcfb5ce8d778009ade056456889565f58e98730142e69a6,0.3782571852,if6_consensus_when_public_priors_concordant_with_d4
aayl49:0000021:5e79a24f6fc9,5e79a24f6fc9e6967603b4f60505fd67b2a51fe12b4f5f5a8cb446d66f2a01b4,0.5980050564,if6_consensus_when_public_priors_concordant_with_d4
aayl49:0000022:8e825c2859af,8e825c2859af05476bed391062e094e5b8739278841a38dafb619414ea19720e,0.6914095283,if6_consensus_when_public_priors_concordant_with_d4
aayl49:0000023:e0ce514f5e05,e0ce514f5e052789bb535e45d607d5ce5dcfe10922b96272f21f10c9e1a2ecf4,0.9096110463,if6_consensus_when_public_priors_concordant_with_d4
aayl49:0000024:f31c3eeda65f,f31c3eeda65fd9b5f600cec384531202d71f95c6409e6984d7feeb611091a6d3,0.3544421196,if6_consensus_when_public_priors_concordant_with_d4
aayl49:0000025:a8961f54164d,a8961f54164d71f7ae27a072142f4f5d6f989187e48fc52794fcf1fe19fb4331,0.2683832049,if6_consensus_when_public_priors_concordant_with_d4
aayl49:0000026:3aedac068ee2,3aedac068ee24e1370148a14dd0c785f8a4855fbee625bff8b65962fed448441,0.3435398042,if6_consensus_when_public_priors_concordant_with_d4
aayl49:0000027:04e2a118782c,04e2a118782cb2b357dc1bb48e50d2126c75691c45f57cfc9df97acaa00cc885,0.2879455686,if6_consensus_when_public_priors_concordant_with_d4
aayl49:0000028:308dbb49358c,308dbb49358c790adce7210b05e7ba5ec8973989d524285c51041a248a8a641b,0.8977808952,if6_consensus_when_public_priors_concordant_with_d4
aayl49:0000029:e8097bece89e,e8097bece89e34579b2a00e3466c736961d73b40b20418fc778e22808470d289,0.4267377853,if6_consensus_when_public_priors_concordant_with_d4
aayl49:0000030:0786ae3321de,0786ae3321de314f060f857058f9167cd9e2fa936c1a63023d2607736a479423,0.05466635525,if6_consensus_when_public_priors_concordant_with_d4
aayl49:0000031:ae7caff7a101,ae7caff7a1013186e6c25f60dc1b3e36392017d6f580e05bb9f76797f7bb88e1,0.2014227062,if6_consensus_when_public_priors_concordant_with_d4
aayl49:0000032:e422f776a703,e422f776a703459ab954fa182719231caedac8c11fe535c527e85ec3e3c04940,0.2507538795,if6_consensus_when_public_priors_concordant_with_d4
aayl49:0000033:f3119a17f2ac,f3119a17f2ac259c65cb7d5bb4b699f4f82d30e90c9c9ec298abc35cde8a6377,0.1419624239,if6_consensus_when_public_priors_concordant_with_d4
aayl49:0000034:bb4fa7d84eac,bb4fa7d84eac93dadb948aa219a50c07d801160e2be102901ee04bd00ff9d97f,0.3951132596,if6_consensus_when_public_priors_concordant_with_d4
aayl49:0000035:965fde6bb31a,965fde6bb31a7e5511578dca2271418e26867bcea6a62f0e65183f7b5df00a40,0.8841722608,if6_consensus_when_public_priors_concordant_with_d4
aayl49:0000036:963c0c45e7fe,963c0c45e7fe396221681485b421cc3bf0dc0e034aca57be8697ebf09720dec6,0.8810021281,if6_consensus_when_public_priors_concordant_with_d4
aayl49:0000037:f05273237fa3,f05273237fa3034b5fac3ae0c87c5a999c001e98f415254f3606ee0968073fce,0.9505915046,if6_consensus_when_public_priors_concordant_with_d4
aayl49:0000038:f4b969e9992f,f4b969e9992fcf8df3885e8a81019f2a9013924111017ccbd05381fad7d26631,0.5942163467,if6_consensus_when_public_priors_concordant_with_d4
aayl49:0000039:46ea11a31ddb,46ea11a31ddb67dcbcdcbf151ed9c97a4a8b56e178502f0282d6abbe97f67077,0.7483182549,if6_consensus_when_public_priors_concordant_with_d4
aayl49:0000040:24e4b43c1abc,24e4b43c1abc87d9722a7966a68373b92d10ab96e6607b434093fb7670ffa744,0.2827650011,if6_consensus_when_public_priors_concordant_with_d4
aayl49:0000041:e05d0b695652,e05d0b6956525a1c3b25b237f7464544fe64e6dd644547c7e6cdd61408f7510b,0.3647259176,if6_consensus_when_public_priors_concordant_with_d4
aayl49:0000042:1488fe7244d0,1488fe7244d0d6b5dff7016e1cbcc42a9861e3725131a8074942ddb292e3e138,0.9676795602,if6_consensus_when_public_priors_concordant_with_d4
aayl49:0000043:219ced9d2dc3,219ced9d2dc38b037bd8aaec95b55231f9939958bc3f05fc0e2552435a104584,0.549215138,if6_consensus_when_public_priors_concordant_with_d4
aayl49:0000044:93c40841ea0a,93c40841ea0a0f5b93fe4ae3fb2f509225412aae7f78afd8ad4c41eafbbc8c7e,0.5311992764,if6_consensus_when_public_priors_concordant_with_d4
aayl49:0000045:436d5f084c35,436d5f084c3528a7de99f0edb4fee494b0f50ef5b8c65a8670e6b9e03144a813,0.3898554146,if6_consensus_when_public_priors_concordant_with_d4
aayl49:0000046:e10eadaf0914,e10eadaf09144c5428a92ac6265032210c5387f21bcdd86f764e3dd43e82a973,0.3972009718,if6_consensus_when_public_priors_concordant_with_d4
aayl49:0000047:6c9b5b586aef,6c9b5b586aef2081e1c65bc50e0ca8905a93fe3a7b8f5a51c825354e47124e3c,0.5774375796,if6_consensus_when_public_priors_concordant_with_d4
aayl49:0000048:86c15d565865,86c15d56586544b269cda2f7d4c3bd642087e7d88bcb1a75e729e925a263711d,0.8842496276,if6_consensus_when_public_priors_concordant_with_d4
aayl49:0000049:d5bea4065f0b,d5bea4065f0bc44ee80fd16c54b962cce582d2746410326a3b3ef34224fa9c09,0.7006108761,if6_consensus_when_public_priors_concordant_with_d4
aayl49:0000050:166326e55b4a,166326e55b4aa9b530db178b0759d6d998ddfe10f58498b210a87565f14547bc,0.8612850308,if6_consensus_when_public_priors_concordant_with_d4
aayl49:0000051:700b1ee4fd09,700b1ee4fd09b59bf3e2369d13b901e0a62751b433349677226c00396327c3b1,0.7828810215,if6_consensus_when_public_priors_concordant_with_d4
aayl49:0000052:51d3aa1d7ab2,51d3aa1d7ab2ff2e950fd96d4054700a648d80989d49fe0754473b8ae1b796b8,0.7231114507,if6_consensus_when_public_priors_concordant_with_d4
aayl49:0000053:ce2ea94cc460,ce2ea94cc4601f0c9c5576a45ffdb29c3f32892a2496a48720d311a240fd71fd,0.8145828247,if6_consensus_when_public_priors_concordant_with_d4
aayl49:0000054:a6d83c03ecf4,a6d83c03ecf4ddabf2d455dc60c89525e6ef9810e3f9cf2e1410241696a669d4,0.9829118848,if6_consensus_when_public_priors_concordant_with_d4
aayl49:0000055:5fa06cfdd878,5fa06cfdd8786c84d2a6b13d4cc2816666830c29bc29e7ee20b67fa5a1f70b8d,0.4255779684,if6_consensus_when_public_priors_concordant_with_d4
aayl49:0000056:da6dac1a36b4,da6dac1a36b4ffe72a6f32d5a16114f2b0981dbc65dad15b316bbd6bf6bae304,0.5522307754,if6_consensus_when_public_priors_concordant_with_d4
aayl49:0000057:8abc15b7dce0,8abc15b7dce0bf49391b6f92badc1914bdfb9fed1dcef981e4623f9c178c8c38,0.5579525232,if6_consensus_when_public_priors_concordant_with_d4
aayl49:0000058:839e73a7fa28,839e73a7fa28769f29f4552f97bb8ab4fa085986a297b727028edf526d3a980f,0.4060929716,if6_consensus_when_public_priors_concordant_with_d4
aayl49:0000059:cd1660c601d4,cd1660c601d46508d8fc8225411e5bc5cd2aeede500acd07b03d9a9968462204,0.9999226928,if6_consensus_when_public_priors_concordant_with_d4
aayl49:0000060:1a15dd95d916,1a15dd95d91619a068c7eb83f045510220de081163f94012fc3f0dcf07eb12cf,0.3589267731,if6_consensus_when_public_priors_concordant_with_d4
aayl49:0000061:38dbe172e518,38dbe172e518c9cfeeae0ce005cf535dd1bba7e194a929d0b34477b5b5141689,0.1996443272,if6_consensus_when_public_priors_concordant_with_d4
aayl49:0000062:604d1780741f,604d1780741f32baa967f6b58ad9258c14ff7f8fcad339677a56456a4bc51c87,0.6801979542,if6_consensus_when_public_priors_concordant_with_d4
aayl49:0000063:2f205bf4cb73,2f205bf4cb7308c41414a808628daf94e71fc6351f676e90fe12ecbf22ee2e8f,0.2432537079,if6_consensus_when_public_priors_concordant_with_d4
aayl49:0000064:0d0382f82e35,0d0382f82e35cf90b91b553c8af35e3d48b15613672a1d4e8bdc0712554da880,0.08876517415,if6_consensus_when_public_priors_concordant_with_d4
aayl49:0000065:065e66b802f6,065e66b802f6ec78a128ead65439e165740cc6d6a9c34f7dfdea52d52f34504e,0.07817211747,if6_consensus_when_public_priors_concordant_with_d4
aayl49:0000066:719894eeaedd,719894eeaedd040fb7de7d7021a775cd3ebaa62e2b3c3012d95380bba0e94169,0.9457976222,if6_consensus_when_public_priors_concordant_with_d4
aayl49:0000067:5af5e1f33fd5,5af5e1f33fd546b5168468f10d686e3ed9791a6ef14b59278d3408de6ca4e160,0.1095646843,if6_consensus_when_public_priors_concordant_with_d4
aayl49:0000068:1538820ee6a4,1538820ee6a483d4fc91b85912658a6be041cebc3f974bc697a2f4400d70ea51,0.2508312166,if6_consensus_when_public_priors_concordant_with_d4
aayl49:0000069:896c91617151,896c91617151493d61b67a88353fc64a8408904bfe0ab5e77d2eefb1e9db072a,0.239696905,if6_consensus_when_public_priors_concordant_with_d4
aayl49:0000070:cd46619d865d,cd46619d865deee721025e411f179958ea05a90f0464389f4813e169dffc2db9,0.06293976307,if6_consensus_when_public_priors_concordant_with_d4
aayl49:0000071:5a2cbd57cd31,5a2cbd57cd3186666ca7cf872526020f114822f44ec78daf9d1bd4f6409cdac6,0.4381040633,if6_consensus_when_public_priors_concordant_with_d4
aayl49:0000072:80c2e521c708,80c2e521c70895daa038699c41e22634dc35ce8a435f4bc615491305546871f7,0.2361400872,if6_consensus_when_public_priors_concordant_with_d4
aayl49:0000073:5209817926c4,5209817926c4f17552f25cca003838f60f69602057635a3a969273409f7e59fd,0.2848527133,if6_consensus_when_public_priors_concordant_with_d4
aayl49:0000074:9bdb2107eb6f,9bdb2107eb6f922371209485aa1fc9913bd199b5f9dd822ab837a7920beb4d5b,0.492809087,if6_consensus_when_public_priors_concordant_with_d4
aayl49:0000075:6df1aaca7340,6df1aaca73401cc930f5e24a358a73ca244a367af311eff5d6bf817a5fe7fa46,0.8278048038,if6_consensus_when_public_priors_concordant_with_d4
aayl49:0000076:1672a9abdbd1,1672a9abdbd1ee7fa245ac2d4c2c3d29b7c0c0203a5705bed3edb1e8284c82f5,0.6546818614,if6_consensus_when_public_priors_concordant_with_d4
aayl49:0000077:4b6d23f56f50,4b6d23f56f5025362cdefdf25cd51786a13bcd1cb564286d93b8366204634201,0.5489059091,if6_consensus_when_public_priors_concordant_with_d4
aayl49:0000078:b721f0ed13ec,b721f0ed13eccf704641117685e9b250148ca8f636c10f73993e20afbac8b4a4,0.6732389927,if6_consensus_when_public_priors_concordant_with_d4
aayl49:0000079:a6e82054fb89,a6e82054fb89c750d3edb351ef57ffd12355ff34c65a328945961129d15627ee,0.428902775,if6_consensus_when_public_priors_concordant_with_d4
aayl49:0000080:aac6100b259c,aac6100b259c9ae6509e26c2a5f096bf9b6b691ee3697586185632fb4be1a465,0.3328694105,if6_consensus_when_public_priors_concordant_with_d4
aayl49:0000081:7403b87d7523,7403b87d7523c4b780706b05672b7b0bf4d5b2a4c345f8829284d05399cf570a,0.4113508165,if6_consensus_when_public_priors_concordant_with_d4
aayl49:0000082:01ea806eecb9,01ea806eecb94b2b22bd0dbad9f2357f12f43c9f5bc0d904f1179149022d94f7,0.2128663063,if6_consensus_when_public_priors_concordant_with_d4
aayl49:0000083:1f574377f1eb,1f574377f1eb0464fb77ceeaa4dd095c2a051966dbb4b5f76a3128e34a10afa3,0.4996520579,if6_consensus_when_public_priors_concordant_with_d4
aayl49:0000084:6c780d807c58,6c780d807c58c7fc91abea4e87131463cfa0d8bc0cee20d3f42f6bb99f899658,0.6074383259,if6_consensus_when_public_priors_concordant_with_d4
aayl49:0000085:bb64fa4b6c1e,bb64fa4b6c1e34d4d752821be1a513e38e5d31f1eacbb7c20ef5c43ed5f8090e,0.4837237895,if6_consensus_when_public_priors_concordant_with_d4
aayl49:0000086:d2c6cf23a738,d2c6cf23a738b560037bb8979e67bde1cea19f744961d15cbb90e09d0644bcda,0.3910925388,if6_consensus_when_public_priors_concordant_with_d4
aayl49:0000087:020b968435f2,020b968435f2ef2ce6b859636eda5f33dee1003289a93c5708931adbd127eb05,0.9417768121,if6_consensus_when_public_priors_concordant_with_d4
aayl49:0000088:1676e2599695,1676e25996955d0bbd0c7b526923232f1d2101f07862db2f9fe36964f20da0cb,0.6232119203,if6_consensus_when_public_priors_concordant_with_d4
aayl49:0000089:56f32ad16409,56f32ad16409cd4407b80c235ca54e66c64c660852ab6a26604290489608c48c,0.4156807959,if6_consensus_when_public_priors_concordant_with_d4
aayl49:0000090:ee259fa064a7,ee259fa064a750c0f074cc67059b796b4a3e101aa21c6a77c89a56c52680f124,0.589499712,if6_consensus_when_public_priors_concordant_with_d4
aayl49:0000091:6e5492d52f68,6e5492d52f68ef0767620f4f1c97403da7903355acd79692216bd90ac871bc4c,0.5642156005,if6_consensus_when_public_priors_concordant_with_d4
aayl49:0000092:58418dd91a3d,58418dd91a3de4c1d64c8a9c5bb9d04d1f15f5adce44737dc391ede1b2351434,0.25531587,if6_consensus_when_public_priors_concordant_with_d4
aayl49:0000093:ab84c05f2877,ab84c05f28778ef15f6d8721a56bdfdc050d4bee1980fe10507c30f3e577d44c,0.3313229978,if6_consensus_when_public_priors_concordant_with_d4
aayl49:0000094:d7dfa0827a7f,d7dfa0827a7fa8a1c1fc8a12f3b709d527336e49908e6cf3fd4f2f4f00c4054b,0.4856568277,if6_consensus_when_public_priors_concordant_with_d4
aayl49:0000095:c13106d19b5b,c13106d19b5bb33743a9407951569d96046ff99762f3fdd2515e3aef2581bde4,0.8278048635,if6_consensus_when_public_priors_concordant_with_d4
aayl49:0000096:d1018539e7f3,d1018539e7f36bd6c417628929c36d74fd78a2ccbbf48d21dea531d025e6340c,0.5136472583,if6_consensus_when_public_priors_concordant_with_d4
aayl49:0000097:609bfc3b1bc3,609bfc3b1bc3e2448846f510e4684d33ceaf4ca1f087fcb9c34326f0af478ab4,0.1852625161,if6_consensus_when_public_priors_concordant_with_d4
aayl49:0000098:391729eda3a6,391729eda3a6c7a1d8ff39731cb7e93f0541dbe0b541d7ad96c87ed1d9093fe5,0.286940366,if6_consensus_when_public_priors_concordant_with_d4
aayl49:0000099:098d9668df66,098d9668df666d2debc0d5109a5e86f56c931f991ddc1724b075f9f59bc383ec,0.4827959538,if6_consensus_when_public_priors_concordant_with_d4
aayl49:0000100:09274b329b0e,09274b329b0e14eaac32d26eeece5539ee402bbc042faf719997990c697bb119,0.5768190026,if6_consensus_when_public_priors_concordant_with_d4
aayl49:0000101:19665deed072,19665deed0722852d52d2e790bf719309f7202b636a13bc280d09be337f01354,0.4280522764,if6_consensus_when_public_priors_concordant_with_d4
aayl49:0000102:0f5378a0509e,0f5378a0509eb22912d2605aa6946ca909dcadf57b703ababf490f79add23441,0.2293357998,if6_consensus_when_public_priors_concordant_with_d4
aayl49:0000103:55e3a5eb53ee,55e3a5eb53eeb73fd82e8b7060ea01c4f86d4bc534a10218d1cf08adb694a00a,0.1277352571,if6_consensus_when_public_priors_concordant_with_d4
aayl49:0000104:57c36316256e,57c36316256e2f211c5ae0240b2e1c283627927f280400a762c25064296815ca,0.8233974576,if6_consensus_when_public_priors_concordant_with_d4
aayl49:0000105:c75b9547d6bf,c75b9547d6bff1de01329b9034a16148402a250b0491c84e45c7cd5168cdd6a8,0.2619655132,if6_consensus_when_public_priors_concordant_with_d4
aayl49:0000106:cd3280513f42,cd3280513f42cc77f0326de7bd0c2e8ca28c770359e6dc95de8096dc9a5ddd37,0.8615943789,if6_consensus_when_public_priors_concordant_with_d4
aayl49:0000107:13acc7284236,13acc7284236f5963797d281d3ed0ec90a606f7bb379d13237965ae3edd5b3fd,0.2286399156,if6_consensus_when_public_priors_concordant_with_d4
aayl49:0000108:e952ebe38004,e952ebe380044ca3b2a61286dc2fcd44949d9816cfd6f5d06edab669bc936d53,0.865537703,if6_consensus_when_public_priors_concordant_with_d4
aayl49:0000109:1a475ef5e3a2,1a475ef5e3a2368e912bdf672f20cf41a7758f86cd4d516714624700c713b904,0.1234825626,if6_consensus_when_public_priors_concordant_with_d4
aayl49:0000110:d29b3860d14d,d29b3860d14dca7373ebeec93a850da842ffb7b52c30d61120c71481329938d4,0.3130750954,if6_consensus_when_public_priors_concordant_with_d4
aayl49:0000111:225bec38ef49,225bec38ef4959b8f9f50750819d26929c3ddae7247c53aa3acfc1a177d75884,0.5083120465,if6_consensus_when_public_priors_concordant_with_d4
aayl49:0000112:d5a56327ba3b,d5a56327ba3bf97b75eda41edbb310fa87c191f9bcaa8457dbc5073b6960743a,0.7026212215,if6_consensus_when_public_priors_concordant_with_d4
aayl49:0000113:5d4e7c3212e2,5d4e7c3212e2232aa08e12a524323d7b621b943486bbb2856560b77d42ec83f7,0.5261733532,if6_consensus_when_public_priors_concordant_with_d4
aayl49:0000114:998f12e50d6b,998f12e50d6b3911463067c0920946e144a1ea98b11b44f82fba6dd643534530,0.9142503738,if6_consensus_when_public_priors_concordant_with_d4
aayl49:0000115:89fc7bc6530e,89fc7bc6530ec62adb7f59478117e82bc056b94af44e6e060da75820cd2b8c5b,0.9427046776,if6_consensus_when_public_priors_concordant_with_d4
aayl49:0000116:a10fac99b4bf,a10fac99b4bfbc27954601a7c0ba0b70872148f1d98886710568be5973c13b3b,0.5708652139,if6_consensus_when_public_priors_concordant_with_d4
aayl49:0000117:e5c551e7f7e8,e5c551e7f7e8b166733906f2e1cec74ce10b92e509a85166b9a2f629303a17c2,0.439109236,if6_consensus_when_public_priors_concordant_with_d4
aayl49:0000118:fcae0b3a2513,fcae0b3a2513ecc7180e2d40df42292b2587c5090a15250b327ac018e0d3355e,0.6410732269,if6_consensus_when_public_priors_concordant_with_d4
aayl49:0000119:f36d64f84644,f36d64f84644ee73c106dec3f1f5554e89cde703213148eb41a5428b234ba166,0.167710498,if6_consensus_when_public_priors_concordant_with_d4
aayl49:0000120:0cbd763f8484,0cbd763f8484dbe3ca9e6ee53cd8905cca26f3c03a31b0f4d51ac15b2576db0d,0.7756127715,if6_consensus_when_public_priors_concordant_with_d4
aayl49:0000121:ca92374fc6e6,ca92374fc6e6700f1e10455243d897607472f0784cc002860a2d748b3325dbe6,0.3656537533,if6_consensus_when_public_priors_concordant_with_d4
aayl49:0000122:a7c7554db428,a7c7554db4283c8af796578d1517a3b2c2c848870e7dd8c9cb26a2bcc9cf83b6,0.5423335433,if6_consensus_when_public_priors_concordant_with_d4
aayl49:0000123:8642527305eb,8642527305eb277f3422f767303cd0a8e8cda5a44fef33f00e54f611da90ebc7,0.1777623147,if6_consensus_when_public_priors_concordant_with_d4
aayl49:0000124:df60334c322a,df60334c322a36be2026752e3ff793a3f9d211f001e67f4dcd112dab8ee5406c,0.1745148152,if6_consensus_when_public_priors_concordant_with_d4
aayl49:0000125:9e54fc2a174a,9e54fc2a174a815b5325c56ed502d0b133d87a964f100d48a869c68f00f473fb,0.3955771923,if6_consensus_when_public_priors_concordant_with_d4
aayl49:0000126:d47a0bdfa207,d47a0bdfa20734dee5fa7e2e215fd77f039c9f93e4683195d4b99da3ede576c5,0.1381736696,if6_consensus_when_public_priors_concordant_with_d4
aayl49:0000127:b9dbfa98352e,b9dbfa98352ee424e9e4a3ece7919c6c43206f63c6f4fbaffab67220122f076a,0.06495013088,if6_consensus_when_public_priors_concordant_with_d4
aayl49:0000128:81ac0a81a46c,81ac0a81a46c93ce3863ce30c1ebcab39862da132acf81ad3e1cc9e58097ea31,0.4275110066,if6_consensus_when_public_priors_concordant_with_d4
aayl49:0000129:5ee5fac10d70,5ee5fac10d70347c65b254e57358e760592e18207b0466dfe326c83c8a069008,0.479857713,if6_consensus_when_public_priors_concordant_with_d4
aayl49:0000130:d88f1ddefdd1,d88f1ddefdd1c4a511150f1d4ec232b8d381f2b2d1c3afcde67af82ead26b705,0.3587721288,if6_consensus_when_public_priors_concordant_with_d4
aayl49:0000131:1ea4ad6c042f,1ea4ad6c042f9791bc70fd7059aa6a80365918bcf4067a082eec199cf0b33bc3,0.05165081099,if6_consensus_when_public_priors_concordant_with_d4
aayl49:0000132:10fb90bd878f,10fb90bd878f5ceb284784a60a62091987d989e52a7f80b33b14ec5074302574,0.8441197276,if6_consensus_when_public_priors_concordant_with_d4
aayl49:0000133:9bdad5eb7f2c,9bdad5eb7f2ca62d69aa549c7c04ae1eccb27cc651fdba73dd44ae9731dcd4dc,0.8995592594,if6_consensus_when_public_priors_concordant_with_d4
aayl49:0000134:4a5a4d21c32c,4a5a4d21c32c36f0f0ed9bf3511146786229ca2d4ea0b4a5dd97f0c137eb80b9,0.05683135986,if6_consensus_when_public_priors_concordant_with_d4
aayl49:0000135:3b8f0dc79f6c,3b8f0dc79f6c4d2fbc8378b5167a149a857814be93b06afc1303f7a0022ca1ec,0.02443361841,if6_consensus_when_public_priors_concordant_with_d4
aayl49:0000136:751e4a1b69ea,751e4a1b69ea97dfcf64631696518c3dba4f72135477066377428d5a2a597eb4,0.2858578861,if6_consensus_when_public_priors_concordant_with_d4
aayl49:0000137:2db64051f0b2,2db64051f0b22318afda64e51380644ebb34ca111806e3306a29220c1bf8ec60,0.4661717713,if6_consensus_when_public_priors_concordant_with_d4
aayl49:0000138:9b62b271d386,9b62b271d386acd27e0a29a062ef4f2efd4faddc2371feea262f99f08bfacedf,0.06077475846,if6_consensus_when_public_priors_concordant_with_d4
aayl49:0000139:78b1ce5b0f36,78b1ce5b0f36dcf92a10c57e5c5f48dc70e50561d0aec3dd89db993577869a36,0.06495013088,if6_consensus_when_public_priors_concordant_with_d4
aayl49:0000140:a59442a7a883,a59442a7a8833b42eb83b234e563a5726c3b30021f4fa18627d135d6f1c1bdc1,0.6638057828,if6_consensus_when_public_priors_concordant_with_d4
aayl49:0000141:acd3d5cf3d0d,acd3d5cf3d0d84596eab047942636afd436fc90c9f366cb20d5f8664eba7de2e,0.945101738,if6_consensus_when_public_priors_concordant_with_d4
aayl49:0000142:45c174a1e27a,45c174a1e27a25f88d72a28f5826695eba2dd2e2752d19ebfaa59bd7c7ce48b5,0.05474367738,if6_consensus_when_public_priors_concordant_with_d4
aayl49:0000143:04d627c777a0,04d627c777a016b5add084afb7fdc8d1d69df42fdc5b6b3b641fa8dec13b6a5b,0.940307796,if6_consensus_when_public_priors_concordant_with_d4
aayl49:0000144:93290d6d9a2a,93290d6d9a2a235970f5cc2f1f0472c7f02de61844e365bcbc1f0b3735fa4773,0.07569783181,if6_consensus_when_public_priors_concordant_with_d4
aayl49:0000145:12dc9ab09507,12dc9ab09507c8ca6b1c53448652fe02d2a9131109b262b7ab0f92f9a832ca37,0.00463929493,if6_consensus_when_public_priors_concordant_with_d4
aayl49:0000146:df8d788bf190,df8d788bf190b7d13a1a3e7705d79fcce700aac87e7826c9dbfd573a3fdc1597,0.7540400624,if6_consensus_when_public_priors_concordant_with_d4
aayl49:0000147:f1bc37b63e21,f1bc37b63e21570cd0f375f429cf12fae68f6b99ab02888514de95565d258674,0.8685533404,if6_consensus_when_public_priors_concordant_with_d4
aayl49:0000148:343568bacde7,343568bacde78fa757cf925ea6c7d320a5a5dfba15cea78fa58838d7ce25abe8,0.07245032489,if6_consensus_when_public_priors_concordant_with_d4
aayl49:0000149:cf9f2278f468,cf9f2278f46882882d930a88f825410c54720ff7970a815d7940249a521f3909,0.4751411378,if6_consensus_when_public_priors_concordant_with_d4
aayl49:0000150:b7519b1e1fb5,b7519b1e1fb5445c75486d829fb7b6dac6ebd0d418e3cf2e416e0904ca24db29,0.9527564645,if6_consensus_when_public_priors_concordant_with_d4
aayl49:0000151:d07cd2efa9b8,d07cd2efa9b85e984e7da99436da1676cca27a6b2f95007f206b93f9adcc14b7,0.87342453,if6_consensus_when_public_priors_concordant_with_d4
aayl49:0000152:36ac967ef6f8,36ac967ef6f815ed30aa8bff5e43d1c468e850a52a0a6bba1a6f1d0ae633c5fd,0.08660017699,if6_consensus_when_public_priors_concordant_with_d4
aayl49:0000153:2888a8631fe1,2888a8631fe1b5b73e70fc331d7eca1675ec10aa27a13aaa907d113a7ba6825f,0.2217582911,if6_consensus_when_public_priors_concordant_with_d4
aayl49:0000154:7f313fae263a,7f313fae263a5e0a907b86c6a44ca5a4e55087548deb2ae0b95f8bac7a7089fe,0.6120776534,if6_consensus_when_public_priors_concordant_with_d4
aayl49:0000155:0a0a161d22fb,0a0a161d22fbe9d51678945b4dbef817361cafa0eb9929535c59aae90440a1c3,0.9243021011,if6_consensus_when_public_priors_concordant_with_d4
aayl49:0000156:2d50ca4ba666,2d50ca4ba666a85bd287524c16da4c407cb29a4b5beac6007d4240b4302e24e4,0.2507538795,if6_consensus_when_public_priors_concordant_with_d4
aayl49:0000157:03f11bf71cc0,03f11bf71cc04b8b2c98e731e7969752e3661be92ee6dd7fb315665d40260f9d,0.03286166862,if6_consensus_when_public_priors_concordant_with_d4
aayl49:0000158:1f8172f718a9,1f8172f718a9d0ff0c00e99548f5d9f65f987352998910d58f29c2f75ac76536,0.6422330737,if6_consensus_when_public_priors_concordant_with_d4
aayl49:0000159:bc8afc207c8f,bc8afc207c8f389ff9ec01dd87ede09b1a0624880ee39599d7819772a47c72b8,0.5304647088,if6_consensus_when_public_priors_concordant_with_d4
aayl49:0000160:f809f985a1c6,f809f985a1c6310ab1cc4cdc157a3d36cf42167c28ebb78b2ca6e44d708f4fe6,0.5581071973,if6_consensus_when_public_priors_concordant_with_d4
aayl49:0000161:6793e1e3a33c,6793e1e3a33cb27019c18986f995e3ca21ec83b8a84c672d0cc1277436c4f569,0.2277120501,if6_consensus_when_public_priors_concordant_with_d4
aayl49:0000162:1e31a3238873,1e31a3238873edbb7b8caa645c7dd7844de0b967e2432eaa04a5abcb864495c5,0.2337431312,if6_consensus_when_public_priors_concordant_with_d4
aayl49:0000163:e9ae588bc454,e9ae588bc4543ab820a28ac29f56cbfd8c415dad596420a599f32af0e6188b01,0.006958942395,if6_consensus_when_public_priors_concordant_with_d4
aayl49:0000164:37c3ce4ade2e,37c3ce4ade2e58799bc68912b589a22cc9e871527c4ac061b9bb509162359788,0.3038738072,if6_consensus_when_public_priors_concordant_with_d4
aayl49:0000165:10a23156936a,10a23156936a26999742e9af4b78da4b1b53a110163932b157cff011cd14f4b7,0.6547591686,if6_consensus_when_public_priors_concordant_with_d4
aayl49:0000166:3e1a68a56293,3e1a68a56293e849d20a8958fd57b24e71005cab15a8b14c56c636184c863980,0.4065568447,if6_consensus_when_public_priors_concordant_with_d4
aayl49:0000167:1e49519ec668,1e49519ec6680bfda8bc24c11af6dd219449d3371e389d6687c94a7dcc30a5df,0.118379347,if6_consensus_when_public_priors_concordant_with_d4
aayl49:0000168:30600527d946,30600527d9469d6237b35ad45ce1f7f141157e8a9b58dff8c751f01c181604e5,0.126498118,if6_consensus_when_public_priors_concordant_with_d4
aayl49:0000169:dd0882baace8,dd0882baace8fd360e78ecc5f9743e87f3ea41802b738da6a539b839f4b9a602,0.7772365212,if6_consensus_when_public_priors_concordant_with_d4
aayl49:0000170:8d0cbdc09e7e,8d0cbdc09e7e3f58e087c1852f1853fc0baaa58177101b85906b12602dd911b8,0.4251914024,if6_consensus_when_public_priors_concordant_with_d4
aayl49:0000171:2db64dbf9445,2db64dbf944593998ea37abe7d17988abee263b76aa4b59a9152efee5eed8930,0.6399133801,if6_consensus_when_public_priors_concordant_with_d4
aayl49:0000172:e833f8808053,e833f88080534ccb7b651b4db8ca854b65563c8a1bdd09c15a19b589b70a50fb,0.5942163467,if6_consensus_when_public_priors_concordant_with_d4
aayl49:0000173:0238dc532474,0238dc53247478166dd1be7f591c7f00b0a17dab41a79c8d19303a50de14d225,0.3345704973,if6_consensus_when_public_priors_concordant_with_d4
aayl49:0000174:aaf55a0043f0,aaf55a0043f0a601f166accc0b620b09ec66f574557d367bb081130ac01faaab,0.8269543052,if6_consensus_when_public_priors_concordant_with_d4
aayl49:0000175:60a79aeaaf58,60a79aeaaf58a1c88e478eee0e062d918632305a05abc63f706eb2e041caa185,0.02041289769,if6_consensus_when_public_priors_concordant_with_d4
aayl49:0000176:a6974e067782,a6974e067782fec94801c34ac023eba6478215d291553d5ed57f17d1433baa4f,0.5074615479,if6_consensus_when_public_priors_concordant_with_d4
aayl49:0000177:7dbf55e0735e,7dbf55e0735e7a4786d5a23fb8e1bc8a333f7d80441acae4b7eb000a2f5d75e3,0.3981288373,if6_consensus_when_public_priors_concordant_with_d4
aayl49:0000178:4343471b78d9,4343471b78d9377724b0dee5e11dee20b9c51ca8e7df03d221d0734cd9057bb7,0.4543416202,if6_consensus_when_public_priors_concordant_with_d4
aayl49:0000179:7c317a4158e9,7c317a4158e94fc66dde126fa7a900542082d193e5e8b24bdf45a4a91803f303,0.9594061375,if6_consensus_when_public_priors_concordant_with_d4
aayl49:0000180:6e7b84e985f3,6e7b84e985f3a5895d366a81a8eb1de77f3a7e0271dcd647e9c1726d9a526284,0.9033479691,if6_consensus_when_public_priors_concordant_with_d4
aayl49:0000181:b3d1a13df600,b3d1a13df6007d56f6a1d2cf13294d35951d51829d0498738ea36a1c17e1c12a,0.2360628098,if6_consensus_when_public_priors_concordant_with_d4
aayl49:0000182:80d4a8ca3d66,80d4a8ca3d667bee85658656c4af52da7141adf3eec167b1d6d91bcc4ff2b984,0.4146756232,if6_consensus_when_public_priors_concordant_with_d4
aayl49:0000183:6fa80ffc6d62,6fa80ffc6d62d93250efb266dc22b48b9d9c110e9eff083b34e49b3958921d86,0.9114667773,if6_consensus_when_public_priors_concordant_with_d4
aayl49:0000184:3badcf62623a,3badcf62623a9a5b50639d2b8835b6e922f8fb9ed769ab0f2b55d48ee2d908b2,0.1524781436,if6_consensus_when_public_priors_concordant_with_d4
aayl49:0000185:af2bf168ea17,af2bf168ea17748584a2e31895478b583e0ae3ac19941b92332236e45d49f30d,0.8666203022,if6_consensus_when_public_priors_concordant_with_d4
aayl49:0000186:4b95982aea19,4b95982aea196e6928be839e228f89cf522ac835e156dd5f3f290c92119525f0,0.488904357,if6_consensus_when_public_priors_concordant_with_d4
aayl49:0000187:69814eb699b0,69814eb699b0b129e680411d81ce5a70a4404108919dca44c1170a7718d2ac2b,0.1496172547,if6_consensus_when_public_priors_concordant_with_d4
aayl49:0000188:dd504d775542,dd504d7755420dd565bb17c9099554f63f923e089f234148d90052f054eadece,0.2969921827,if6_consensus_when_public_priors_concordant_with_d4
aayl49:0000189:7eebc33b945d,7eebc33b945dffe0b549fad00ac381d08ef00e0f83b95a1c0e1ba6b724b05950,0.1870409101,if6_consensus_when_public_priors_concordant_with_d4
aayl49:0000190:cb3c9bb5783c,cb3c9bb5783c41b107286283810fc2d7bd68416f0bf70ebcc6a5337cbe46d331,0.292894125,if6_consensus_when_public_priors_concordant_with_d4
aayl49:0000191:ee3a934eed74,ee3a934eed74eb43c490c455e4297cfb39524de0981630e2857ac8d8fe2039d3,0.7059459686,if6_consensus_when_public_priors_concordant_with_d4
aayl49:0000192:1153653c4661,1153653c46615d4b524f535fe3b2382c8798708824733312299d0d71a0d2394d,0.3614010811,if6_consensus_when_public_priors_concordant_with_d4
aayl49:0000193:275bc69630f7,275bc69630f75ba58189b050bbbed72165a89cc91f492cabda65d65244062d6f,0.2974561155,if6_consensus_when_public_priors_concordant_with_d4
aayl49:0000194:7dc4888c07ec,7dc4888c07ecda8eff905a44ed930c524f887cc26269f55ac5694bf899cbd47d,0.1336890012,if6_consensus_when_public_priors_concordant_with_d4
aayl49:0000195:9e8c610c1ca9,9e8c610c1ca9a9a61a746f7b3c6dfe10ff01c29d074498ed25a6f7efb9894334,0.0441506207,if6_consensus_when_public_priors_concordant_with_d4
aayl49:0000196:d2982cc636ad,d2982cc636ade0f6e1ea5e1fa55bd01c06fee79a1bba204e457068197f16eaa5,0.2008814812,if6_consensus_when_public_priors_concordant_with_d4
aayl49:0000197:419b54dfa4d4,419b54dfa4d49ffb5ccf71c6812b11c59d42834fc330c6b8a083228c685a5451,0.2575581968,if6_consensus_when_public_priors_concordant_with_d4
aayl49:0000198:9b4a87bcd92d,9b4a87bcd92d2e6f09b7d54f223d5205693dfd1b41f8e73be622cd5a36033d05,0.2174282819,if6_consensus_when_public_priors_concordant_with_d4
aayl49:0000199:eb44de26b590,eb44de26b5901faee64768810e3236d1ead3ab548d363d56da2a96c4ff9acc2d,0.569937408,if6_consensus_when_public_priors_concordant_with_d4
aayl49:0000200:df4fd58cc945,df4fd58cc945e0692ce1a7400ba642b5f0141401644742f8a95a4c315996f38b,0.1724271178,if6_consensus_when_public_priors_concordant_with_d4
aayl49:0000201:f154f7ae8b05,f154f7ae8b054d48c1f1153b5568d36a0fce662fc4e1e9e2533f3fc82664600b,0.5810716748,if6_consensus_when_public_priors_concordant_with_d4
aayl49:0000202:0ee82d7c9b19,0ee82d7c9b19f8812f2c9055bbf9149342bd4a5d7de0967bb0ae0b300099fef8,0.08165159076,if6_consensus_when_public_priors_concordant_with_d4
aayl49:0000203:79793e9f4431,79793e9f44313440ba28a8b0225f033e76c7e39d23d983731dd4e8b67cd456c5,0.9264671803,if6_consensus_when_public_priors_concordant_with_d4
aayl49:0000204:e585d5a3f692,e585d5a3f692f5f63391e92d410299e8b2b346771634f04b7159e605b3ee6193,0.8631408215,if6_consensus_when_public_priors_concordant_with_d4
aayl49:0000205:3bcdcd9e6587,3bcdcd9e658751c3fce10b391264c4dc561e8faa1bd6cd1817c9cb78b3a4ce40,0.7525709271,if6_consensus_when_public_priors_concordant_with_d4
aayl49:0000206:38ae9d1aa457,38ae9d1aa457ce61c8384cd89cdf56fc57f12f8b3d36cfa5d068f3a64fbfcf1a,0.3199566901,if6_consensus_when_public_priors_concordant_with_d4
aayl49:0000207:34bbd260436b,34bbd260436b94d55f6a13fcb02bf0aeca2877080f0ae0eb7397ca187f07a80f,0.1244104281,if6_consensus_when_public_priors_concordant_with_d4
aayl49:0000208:6ca9177713e9,6ca9177713e91e398d12d2858c87e57336c7f103d36d810e0fb81cfd5fd2b651,0.1125802174,if6_consensus_when_public_priors_concordant_with_d4
aayl49:0000209:149ccb2a93d7,149ccb2a93d701aeb1d0afd4b96616f74ada1f197759c27b5be4391e144db65f,0.7596845031,if6_consensus_when_public_priors_concordant_with_d4
aayl49:0000210:2fc56a6226a9,2fc56a6226a906ce4386293ee07dec4990889181b5474507f1f874c758103466,0.008041444235,if6_consensus_when_public_priors_concordant_with_d4
aayl49:0000211:96b537798054,96b5377980540d1d3d7292e789aa3112596fce8b2362aca1bd4bafbd35ef7669,0.0686615631,if6_consensus_when_public_priors_concordant_with_d4
aayl49:0000212:ed86a91d400d,ed86a91d400dbe2f181ca9cd9eb6853b2eebc413988d979a7e8bcdf1102dafc9,0.7478542924,if6_consensus_when_public_priors_concordant_with_d4
aayl49:0000213:dda1cdd3c253,dda1cdd3c253a6bf0a34e36f4a175b54df2142e38ed4892f79ff6cddfda5b28d,0.4940848649,if6_consensus_when_public_priors_concordant_with_d4
aayl49:0000214:039c1cc8eb5b,039c1cc8eb5bd9af11ec096424c30fb1aef57b99ecab195cdca8f99818b9c5ee,0.3401376307,if6_consensus_when_public_priors_concordant_with_d4
aayl49:0000215:6914b28ae456,6914b28ae456f978824996b53c6221768403928b4200a308ea3b2df03d728729,0.2719399929,if6_consensus_when_public_priors_concordant_with_d4
aayl49:0000216:8e632e737a6d,8e632e737a6dc5cc6eca317a328c5fe0fcc8e9b75a280454dd79f3984df37fcb,0.241475299,if6_consensus_when_public_priors_concordant_with_d4
aayl49:0000217:dd6c288f4775,dd6c288f4775c57cf111552c1ecf988ec48b023bc4d373ce947d19a15465fca5,0.771128118,if6_consensus_when_public_priors_concordant_with_d4
aayl49:0000218:cdbbdde4368e,cdbbdde4368eac93a3037ab570d111a1c96d53be9a8be4fff55935769aae7f24,0.7220289111,if6_consensus_when_public_priors_concordant_with_d4
aayl49:0000219:5130311680c3,5130311680c35c1f5840feb45d8783517bbf86d0f4d62953fd7085753d2bfe6e,0.5993968844,if6_consensus_when_public_priors_concordant_with_d4
aayl49:0000220:3138626e7554,3138626e7554d04438acc537c833647e0fa1a2c204be35cbe76a20a106fdc50b,0.4776153862,if6_consensus_when_public_priors_concordant_with_d4
aayl49:0000221:36869922e654,36869922e6542a4ca32fd6b6e07335920ccb896db3a68109245dacda6333276e,0.02752648294,if6_consensus_when_public_priors_concordant_with_d4
aayl49:0000222:3ab546a850ad,3ab546a850adb86bfec092ad3af8f0aaa94adcf385b50622f07046dd7c94e97e,0.7705869079,if6_consensus_when_public_priors_concordant_with_d4
aayl49:0000223:28ec6bb96860,28ec6bb96860f1cb695a94732fd72f5d30a1d10d47d53a657baaf4d5ec183bd4,0.2770432234,if6_consensus_when_public_priors_concordant_with_d4
aayl49:0000224:d0e417c04c0f,d0e417c04c0f7d14ea066420a3d668b0580fe05f613d98c1f77e825388324250,0.2181241959,if6_consensus_when_public_priors_concordant_with_d4
aayl49:0000225:4fd6cb33822d,4fd6cb33822d8bfed6ac46df5e5c9e2adc307025dae9f2cf82156559f051222d,0.2249284834,if6_consensus_when_public_priors_concordant_with_d4
aayl49:0000226:2b746679f02a,2b746679f02a98d8dbb6bd7e2f8f6bb3bab366921378549f5efddb8ca02224c6,0.6529807448,if6_consensus_when_public_priors_concordant_with_d4
aayl49:0000227:00137bcdd380,00137bcdd380e2cc17ba9efd8d88acb5e6263b3b66d198b5f6437dd0efe14400,0.4285161793,if6_consensus_when_public_priors_concordant_with_d4
aayl49:0000228:9f19877b4ba6,9f19877b4ba6512663ff4dabfc0cb57753e6c186d0c30d0c89e17df2e7056ac4,0.359468013,if6_consensus_when_public_priors_concordant_with_d4
aayl49:0000229:5812d6fc8069,5812d6fc80690c7531be1c0ea4769566abdadfb36b3a50697722e05f48cdd194,0.7453026772,if6_consensus_when_public_priors_concordant_with_d4
aayl49:0000230:247151932214,24715193221437cb42274e1bd83b35f597b32de4e45a9f26ec378b664ed02273,0.3802675307,if6_consensus_when_public_priors_concordant_with_d4
aayl49:0000231:4b009ae7a646,4b009ae7a6466b09a0a6cd031acb6d5a33ad617b5663dbfbede15f269329d1f2,0.04399597645,if6_consensus_when_public_priors_concordant_with_d4
aayl49:0000232:28faea2976fe,28faea2976fe7a372df7681c8cb08e52b524bfade0d7bfc2f1e6daa332df7db3,0.6221294403,if6_consensus_when_public_priors_concordant_with_d4
aayl49:0000233:a8c4caf73a37,a8c4caf73a375d9a8ed25b6eaf64c523d5865f6e9ebf57dbe7503adfa3b142ed,0.3357303143,if6_consensus_when_public_priors_concordant_with_d4
aayl49:0000234:59c5f29272d3,59c5f29272d3f4b2e58d9ef7ec219dfc0f2439c1476c56d68f732767f9aa02b1,0.08242479712,if6_consensus_when_public_priors_concordant_with_d4
aayl49:0000235:2fb16c7216f5,2fb16c7216f517278123f75ca854514d18dabf8bbdf5bf4eb5cc6e3f2a0ce43c,0.2985385954,if6_consensus_when_public_priors_concordant_with_d4
aayl49:0000236:af5084ff67b0,af5084ff67b05b894c070f914b86e3194299125bae2d0dd10061ea1a3dc86739,0.6836001277,if6_consensus_when_public_priors_concordant_with_d4
aayl49:0000237:b4a624c7f94b,b4a624c7f94b7a4cbc13a3565dda4f96e5181472f4b5c5db78697dcd54d09db0,0.3930255473,if6_consensus_when_public_priors_concordant_with_d4
aayl49:0000238:48a84cd85c2b,48a84cd85c2bdae9744b60c9e38eaec6b4c01aa0e3294fca72c352fd88e21f02,0.4144437015,if6_consensus_when_public_priors_concordant_with_d4
aayl49:0000239:07767c813b93,07767c813b93be9fb63c8589a0b706d5181ca2739f7e90a4c5e50b2800a3a206,0.454921484,if6_consensus_when_public_priors_concordant_with_d4
aayl49:0000240:4a592d329243,4a592d3292433d0e072c295248f0372b1ec5dce7b19b1df7b1e1ca824d41f82e,0.4199335277,if6_consensus_when_public_priors_concordant_with_d4
aayl49:0000241:b9123641db1d,b9123641db1d426aeb46e94e5ca97d28af232c83bd00f49841a327eda255f5e1,0.2226088494,if6_consensus_when_public_priors_concordant_with_d4
aayl49:0000242:c4edbc9c9c74,c4edbc9c9c74acd664b08622eaeb70e28760692f3e92d5d8d13e27d359e6ae4f,0.3495708704,if6_consensus_when_public_priors_concordant_with_d4
aayl49:0000243:dee46258925a,dee46258925aa45663029f2decdc538e97b65d350a8e4f81c07925cecdf7f89a,0.303177923,if6_consensus_when_public_priors_concordant_with_d4
aayl49:0000244:fd44eb1af7de,fd44eb1af7de019f0040c9f14095296746c01092f45370a47b5e58730ebb18a1,0.4905281067,if6_consensus_when_public_priors_concordant_with_d4
aayl49:0000245:2a339ac46971,2a339ac46971192b814419824f843d5d618b7f396efb3f9c3b684b91f0fd8640,0.08080104738,if6_consensus_when_public_priors_concordant_with_d4
aayl49:0000246:77dabd533ffb,77dabd533ffb8762f236698df23c4368438eee50090ae17dbae0d01e323f25b8,0.3644165993,if6_consensus_when_public_priors_concordant_with_d4
aayl49:0000247:0953dcbc3993,0953dcbc3993908c87448e2629a8508d8ec892a6a8257aaf63c9d3a17f3c656d,0.5377715826,if6_consensus_when_public_priors_concordant_with_d4
aayl49:0000248:8e3c9e9cc406,8e3c9e9cc406cea7127838027511940548f4e23714b1d690cacf1b6f24ffe17b,0.5238537192,if6_consensus_when_public_priors_concordant_with_d4
aayl49:0000249:f4ffb15f6d1e,f4ffb15f6d1e8cc042d01ee2becddcddc6e2fe7a2a0473cbb389b5b2cab52845,0.783808887,if6_consensus_when_public_priors_concordant_with_d4
aayl49:0000250:c1b804b38766,c1b804b387662c3f374b97d177b67f8b6221fd38f2505605261a5d14cccef535,0.4583623409,if6_consensus_when_public_priors_concordant_with_d4
aayl49:0000251:c9785fb76a2a,c9785fb76a2a2bf4dd150568e92204f66158d2612a845975c1041b5d50821672,0.7144513726,if6_consensus_when_public_priors_concordant_with_d4
aayl49:0000252:429368f8f2da,429368f8f2daa43ff2bd4573916c2dc90d56ab8a57911a82674fe008607fb651,0.7244258523,if6_consensus_when_public_priors_concordant_with_d4
aayl49:0000253:042940111e73,042940111e73639d992d40ac2086f69a658e13cad1bce0397e494b9516716b42,0.2975334525,if6_consensus_when_public_priors_concordant_with_d4
aayl49:0000254:1b55fb8aa319,1b55fb8aa3190f017f221eba8ef6a0955a119a69281b671a5fd26fe1ab143f99,0.250444591,if6_consensus_when_public_priors_concordant_with_d4
aayl49:0000255:04cbed175aca,04cbed175aca62db7b8c6fdb71c919971f22c5595b446dd154d4c401db96f2e9,0.2816052139,if6_consensus_when_public_priors_concordant_with_d4
aayl49:0000256:2c715dc385ee,2c715dc385eed216c783e0978986824d872feb2dc8b4b371c71e0f241c5e1704,0.4574345052,if6_consensus_when_public_priors_concordant_with_d4
aayl49:0000257:9ca4264f1b13,9ca4264f1b13cf723bdefebf5cd774a31c25493c6840c4c82a06db7edf8c2ee3,0.1721951514,if6_consensus_when_public_priors_concordant_with_d4
aayl49:0000258:6afa39aedc2f,6afa39aedc2fc9a67c251c4d10c5db5bbfb6dfd10ef14cbc5e26f348659e212b,0.9331168532,if6_consensus_when_public_priors_concordant_with_d4
aayl49:0000259:9adad383fe80,9adad383fe8018512baead4ca2a9ecb84dbf6b2932f18291cd6ad3b6b0675a37,0.2633573115,if6_consensus_when_public_priors_concordant_with_d4
aayl49:0000260:49eb01de3d1b,49eb01de3d1b48c38bae34e6ebc5860a4247596a8604880cf5e09a41dd21b9c5,0.1837934107,if6_consensus_when_public_priors_concordant_with_d4
aayl49:0000261:21d838d787d3,21d838d787d36b750d5ca1431a8438646ab99f50158f747fe358833fd64a2835,0.4677955806,if6_consensus_when_public_priors_concordant_with_d4
aayl49:0000262:750625b57f63,750625b57f63a721ead15a16f669c0abfefc7159399eece4267db0f9f758486e,0.2218356133,if6_consensus_when_public_priors_concordant_with_d4
aayl49:0000263:ed2aba757a34,ed2aba757a34bfc132a2f337bdf92be0c4ea7881e72c1f66bc799ed5a3b2f7e4,0.1851078719,if6_consensus_when_public_priors_concordant_with_d4
aayl49:0000264:943b2b1b9037,943b2b1b90370e629773ec4583011fbeaca445d2fc2d8a530d0cbbfc3aa6603e,0.1158277169,if6_consensus_when_public_priors_concordant_with_d4
aayl49:0000265:9a8dc3babb47,9a8dc3babb47f2f0d05f9166c90311ec5a14ff0c6ed561462b8beef2aa5566b7,0.7601484656,if6_consensus_when_public_priors_concordant_with_d4
aayl49:0000266:7488736a5e1b,7488736a5e1bdc6a0d9bab5d37e2726f5de936b74670530e9467a9bc85f3414d,0.2424031496,if6_consensus_when_public_priors_concordant_with_d4
aayl49:0000267:d2e936d163e9,d2e936d163e99110158abb9e776a7fbac6d480af600468f130fecb727d27e45a,0.02018093131,if6_consensus_when_public_priors_concordant_with_d4
aayl49:0000268:eadb1a455c2f,eadb1a455c2fcdf4f657c7aa50e9730a789573280da576170d8e99c5a934ac2b,0.8145828247,if6_consensus_when_public_priors_concordant_with_d4
aayl49:0000269:1977cdc71137,1977cdc71137e309c9ef3e1084f5bc5a4eac02773c528d822043babfb7f00af9,0.4790844917,if6_consensus_when_public_priors_concordant_with_d4
aayl49:0000270:c9268d729e22,c9268d729e22feddac689baecd69ccb45825371e0a28484b429abbcfa3140da0,0.5241630077,if6_consensus_when_public_priors_concordant_with_d4
aayl49:0000271:d1faa35b8e98,d1faa35b8e989ff47a6b161bf17b1b515fc3ae0a38e4d114a040ecb324d43b6b,0.70509547,if6_consensus_when_public_priors_concordant_with_d4
aayl49:0000272:8f326809b9f1,8f326809b9f1cd3a38dfa1c807811fc9d86c3846ea74442ead2af8631ccaf784,0.07183175534,if6_consensus_when_public_priors_concordant_with_d4
aayl49:0000273:e9665692b36f,e9665692b36f6545ba0585c891b4b6e1f9500ebaca03ddce62f0ed98600a1bdd,0.01546431612,if6_consensus_when_public_priors_concordant_with_d4
aayl49:0000274:3e6a386ac8d8,3e6a386ac8d8bf01b8af3931216a2dfea0259a3e1a7a15564148179efaf8e040,0.246269241,if6_consensus_when_public_priors_concordant_with_d4
aayl49:0000275:3d77da43b028,3d77da43b028c3d97a25c5aa27ec65707e95a991244617744eb0e2b358130ee5,0.08729606122,if6_consensus_when_public_priors_concordant_with_d4
aayl49:0000276:a09f8300e918,a09f8300e918cb6b76f4b9698ed4cbbd96da8fbb41f3003c9d3f052ab4f6e8a5,0.4582076967,if6_consensus_when_public_priors_concordant_with_d4
aayl49:0000277:88415ca12bdf,88415ca12bdfbc55c5941dde82f997cbda753f75c5efef425c21219e5366f456,0.8619036674,if6_consensus_when_public_priors_concordant_with_d4
aayl49:0000278:d7f672314160,d7f67231416054ba1635e552d9fe1baed1cd827b46d392852ad94b97f741f69e,0.5044459701,if6_consensus_when_public_priors_concordant_with_d4
aayl49:0000279:c34a7e02ed94,c34a7e02ed94321d34b515d7e0f611c96b50067cafb95988e1c50e3c744e8536,0.1986391395,if6_consensus_when_public_priors_concordant_with_d4
aayl49:0000280:132f2c358ab9,132f2c358ab9a95425d5771f3d4b7ea4abdf2d8890dfeaf3f1d4546f66afb702,0.0447691977,if6_consensus_when_public_priors_concordant_with_d4
aayl49:0000281:03d76b5b9e42,03d76b5b9e42ff392a6468052d11f57efdba7c072c8a8f2954a4e26e3ba17f51,0.0796412304,if6_consensus_when_public_priors_concordant_with_d4
aayl49:0000282:c3aea8ab3a2a,c3aea8ab3a2aa9cb61b3488baaaab76370df1a22d1ba8ffb79e368eeff336754,0.5127967,if6_consensus_when_public_priors_concordant_with_d4
aayl49:0000283:767b03d2a91b,767b03d2a91b9d965f90e7a7da055f39219cc2bed30384415e8955ad9ee3fce6,0.1048480645,if6_consensus_when_public_priors_concordant_with_d4
aayl49:0000284:97ff9f7cb2f9,97ff9f7cb2f99d561f6fc47286131145805af950594fa90eba0ecad88aaa0d27,0.6599397063,if6_consensus_when_public_priors_concordant_with_d4
aayl49:0000285:390f562a15f9,390f562a15f932e333582cd19fa085261bd2b6bf024534c04775cf7decab12e7,0.6340369582,if6_consensus_when_public_priors_concordant_with_d4
aayl49:0000286:4a0c1281667d,4a0c1281667dfe8bb22d1c883d0a0a793d3abe8e43fd0546f95e97dc716409c0,0.1735869497,if6_consensus_when_public_priors_concordant_with_d4
aayl49:0000287:639a525dcd02,639a525dcd029c1732243f7b4c23333a924735d3c87293fd413be618a3c292d1,0.3558339179,if6_consensus_when_public_priors_concordant_with_d4
aayl49:0000288:cf53abf5c9d8,cf53abf5c9d81aadebf7d8104981c557434ec5fb39785b876541196508168b69,0.6325678825,if6_consensus_when_public_priors_concordant_with_d4
aayl49:0000289:559340b12bc5,559340b12bc5eb9641595eec4cc55d93b3b72e6c8f2da9000644b874529c8252,0.5143431425,if6_consensus_when_public_priors_concordant_with_d4
aayl49:0000290:3c0b0fbcfae1,3c0b0fbcfae141d0f82640948df0e594e250597097d0b457794244eff31dc7ae,0.3284620941,if6_consensus_when_public_priors_concordant_with_d4
aayl49:0000291:b3f104c761cd,b3f104c761cddafe1139db9fffa2be22039424d4e957434f967c02595a4a3e6a,0.6696049571,if6_consensus_when_public_priors_concordant_with_d4
aayl49:0000292:99c803c04964,99c803c049648a59e8b97cbe338b46da6939982d89b321867a01047fa2c22681,0.3614010811,if6_consensus_when_public_priors_concordant_with_d4
aayl49:0000293:eaef254114e8,eaef254114e8d3bfbe41c4eb3eea2f4c51a690ca7bd292ccb047bd7d5d245d47,0.3521224558,if6_consensus_when_public_priors_concordant_with_d4
aayl49:0000294:8f625cb8885a,8f625cb8885aacfd08b919a3c03f08766b70b62a5c5929f1ef38e4cfb1827e9a,0.6099899411,if6_consensus_when_public_priors_concordant_with_d4
aayl49:0000295:660e0d8aeff6,660e0d8aeff685777a4a2bf9ca26c7d0be74bfe0a5e7cfa53ec98ea8f7b054b6,0.7567462921,if6_consensus_when_public_priors_concordant_with_d4
aayl49:0000296:f223acfa0990,f223acfa0990499725d7d8962bd35e1631ce9122a2b7b14fcd0da5b26419ef95,0.2287172526,if6_consensus_when_public_priors_concordant_with_d4
aayl49:0000297:72676b6131a6,72676b6131a6bad5b92ecd0f2b2cb3f0cc9647a7ceb47de76fabcf1f6a6180a3,0.01430449262,if6_consensus_when_public_priors_concordant_with_d4
aayl49:0000298:8f1bdb6c6a84,8f1bdb6c6a8448e45d5892d61ce4fefcbfd6c16561e820418ebd6a399a7d71f9,0.7256630063,if6_consensus_when_public_priors_concordant_with_d4
aayl49:0000299:c2600139d077,c2600139d0772529f7d18eb7bea55822f2abecffc4128ec0851cddbee43cf73b,0.09178071469,if6_consensus_when_public_priors_concordant_with_d4
aayl49:0000300:c807120fc76b,c807120fc76b6ce3d4e1c5162c085fa53a97a6fb6dc82360121d4a0158d0c472,0.8295059204,if6_consensus_when_public_priors_concordant_with_d4
aayl49:0000301:2ddb7f77f946,2ddb7f77f946729b65c2a926ddca4af3f278a30b1eefecf165ca143175961e92,0.7725972533,if6_consensus_when_public_priors_concordant_with_d4
aayl49:0000302:dcc5a3976c85,dcc5a3976c857b8381029c615d40e6e799155a0383d41a39013f80a3bd5e3fba,0.8796103001,if6_consensus_when_public_priors_concordant_with_d4
aayl49:0000303:9e2e77120318,9e2e771203182de13c45d8dcd6358bb3e3f3fe0fdd1af4bf47d632eaab5a1f3f,0.4705791473,if6_consensus_when_public_priors_concordant_with_d4
aayl49:0000304:ed6cacc4b957,ed6cacc4b957d4a13b0efcce18defd3197520cc263f25203fc02be4046c97f58,0.7772365212,if6_consensus_when_public_priors_concordant_with_d4
aayl49:0000305:d3cabead8538,d3cabead8538591527f1a5ad8686625b994b8de6628ce80a77e797193457a338,0.3633340895,if6_consensus_when_public_priors_concordant_with_d4
aayl49:0000306:2d3f2c72cf3e,2d3f2c72cf3ebb0c7cf7f90ac04dac50b678713dbd1094e10bd962064dceb0e4,0.7909224629,if6_consensus_when_public_priors_concordant_with_d4
aayl49:0000307:7b957bc40b7e,7b957bc40b7e1ccc7c5c5db8c45906fed9afd4f896d6f26266f1a805cf1891e5,0.8302018046,if6_consensus_when_public_priors_concordant_with_d4
aayl49:0000308:a89cf0715d94,a89cf0715d94d6ba097a125b3f5fdec8cf45b2ebe039d0265b5a3760c0a2aa41,0.7038583755,if6_consensus_when_public_priors_concordant_with_d4
aayl49:0000309:516318edbfdc,516318edbfdce0f02310d7ac35f698a2e6d77304f064131b09de4d18ca5c1d79,0.8957705498,if6_consensus_when_public_priors_concordant_with_d4
aayl49:0000310:967f0cd0055d,967f0cd0055d5508a3e4f9e6704841f52f809df9c3af7417bcf3ae54f0e26184,0.5400139689,if6_consensus_when_public_priors_concordant_with_d4
aayl49:0000311:dea3a4eb68ec,dea3a4eb68ec128382bb2bb32af8d4976ca659b5856e3da6bdf1e82592901cfd,0.8857186437,if6_consensus_when_public_priors_concordant_with_d4
aayl49:0000312:2e2bcd5e3f38,2e2bcd5e3f383dcae0b75156a79780f29db9fee6f8bddc1fdd4d9e816bff00f7,0.4939302504,if6_consensus_when_public_priors_concordant_with_d4
aayl49:0000313:aed59f0ba0c1,aed59f0ba0c17720f3c31aa4443bd8d0c3bb298a061a2decd260d294491b9ef1,0.8293512464,if6_consensus_when_public_priors_concordant_with_d4
aayl49:0000314:98c9c8402c96,98c9c8402c96a28b9556dda8ef452bab6bbe22298bd6e72088d102a7738b3408,0.9512874484,if6_consensus_when_public_priors_concordant_with_d4
aayl49:0000315:d060b0b0acb1,d060b0b0acb16457f95a65ddfe9810a556db3cb1f7f3c8adca96ff5368f797f9,0.6164849401,if6_consensus_when_public_priors_concordant_with_d4
aayl49:0000316:10a12f0bcb7a,10a12f0bcb7adcec7ca5dc06c3d1521f04b9d162cb12949493b3b858b02e57e1,0.6078249812,if6_consensus_when_public_priors_concordant_with_d4
aayl49:0000317:00c8c38ca289,00c8c38ca289ea298f2337c22fbad75fa530b9a36bd4aedb872db28a2cb15878,0.9198948741,if6_consensus_when_public_priors_concordant_with_d4
aayl49:0000318:70899893b063,70899893b0634670d83405f4fb2cc0416aa2be29807b149723fa0fcb6ff45633,0.8769040108,if6_consensus_when_public_priors_concordant_with_d4
aayl49:0000319:663f60936b8b,663f60936b8b998ed4508bb8d471a05f3044aa6fecfb14ac4997a6fe29e0fbb5,0.9814428687,if6_consensus_when_public_priors_concordant_with_d4
aayl49:0000320:c03fa32e823c,c03fa32e823cd943b6029531311706fa5adae5b093c353c51f7eec73fd390926,0.8303564191,if6_consensus_when_public_priors_concordant_with_d4
aayl49:0000321:eb79a07299d8,eb79a07299d8d79cd0603ed41c5075d5b8c94ea03aec71f46515b11a45b71aab,0.7201731801,if6_consensus_when_public_priors_concordant_with_d4
aayl49:0000322:c3030ad6d0b9,c3030ad6d0b94e0216b6257caeba173ae1813e2b7df63836dc952cc629f4be58,0.9198175073,if6_consensus_when_public_priors_concordant_with_d4
aayl49:0000323:31c975daa7dd,31c975daa7ddc435faab19a7f5be1a677a021f866ebe9a1f21d462536755c625,0.8145828247,if6_consensus_when_public_priors_concordant_with_d4
aayl49:0000324:9a295127b25c,9a295127b25c52154f51f40875a34c666f3106e777a73c843e2d7b56d02ad2e8,0.8709502816,if6_consensus_when_public_priors_concordant_with_d4
aayl49:0000325:84bf609857bb,84bf609857bb28b2747d2d24f4d672b3aff347962cd084d2bf9aad8165be6a71,0.6924147606,if6_consensus_when_public_priors_concordant_with_d4
aayl49:0000326:621f4ff2f9f6,621f4ff2f9f6f21b2d4806d158640db0c781ccbdce992c2851982dc74982407e,0.5161988735,if6_consensus_when_public_priors_concordant_with_d4
aayl49:0000327:a982f3718b9b,a982f3718b9b746a7bff285a1e990825f43f816efd19ed10e504eb783c2d65c3,0.9502049088,if6_consensus_when_public_priors_concordant_with_d4
aayl49:0000328:09c3af3f0730,09c3af3f073018550a50ba7734a84ecd4bfcdd1df265d42465e91f279132fe0c,0.866542995,if6_consensus_when_public_priors_concordant_with_d4
aayl49:0000329:54dc6428c410,54dc6428c41026acb7450412f5bd612d8cab76297a8a9824b3f7734b6bac8cfc,0.5861749053,if6_consensus_when_public_priors_concordant_with_d4
aayl49:0000330:3cff1c78e741,3cff1c78e741029ea974d6cb5757f50425de8cf24404e10b1d872230536b5ecd,0.4592128694,if6_consensus_when_public_priors_concordant_with_d4
aayl49:0000331:88b83896d4a1,88b83896d4a1eb940f95df3c5f33869ca44bb311d6b7ec2efee8c3e0a2fff1f0,0.7602257729,if6_consensus_when_public_priors_concordant_with_d4
aayl49:0000332:eec33accb7e0,eec33accb7e03e3a87138e1bef72299433ac2bd8a48e078ad888b76f817c8feb,0.929946661,if6_consensus_when_public_priors_concordant_with_d4
aayl49:0000333:37db57c02965,37db57c0296542573f31cc6ce91271177b534052be703eb8911904c09dbaa68d,0.5687775612,if6_consensus_when_public_priors_concordant_with_d4
aayl49:0000334:6e428a015e30,6e428a015e30ac4141721814f9a91a579a67112939104bde8a6fad730321c3ad,0.3632567823,if6_consensus_when_public_priors_concordant_with_d4
aayl49:0000335:527033b729b6,527033b729b688c30ed23c82a8c125f1284c96f7e66d9c762b0dca79755017ad,0.5704786181,if6_consensus_when_public_priors_concordant_with_d4
aayl49:0000336:559df98ec2fa,559df98ec2fabb1b900bf1f45284a2a98659b26b11c54ecb87d83f433a4ec115,0.6750947833,if6_consensus_when_public_priors_concordant_with_d4
aayl49:0000337:f6d168abaa88,f6d168abaa888baded7f23b56377216dcc764bb11d24403bf05e6ddf08b6433e,0.7116678357,if6_consensus_when_public_priors_concordant_with_d4
aayl49:0000338:3f326265b0fd,3f326265b0fd4626c4f986f3b90dad8581547535c8d258b6f26b42fae4b72eb6,0.6846053004,if6_consensus_when_public_priors_concordant_with_d4
aayl49:0000339:0dac59cf7ec4,0dac59cf7ec4b6402e9e78dcaa2d83c39fcbcdfe28a9abc980445f8baf59f3fb,0.6028763652,if6_consensus_when_public_priors_concordant_with_d4
aayl49:0000340:e49e12787eec,e49e12787eec15ea89d96a2138428c3e925c76ae5482a46a6e8b8feb75f5e605,0.4660171568,if6_consensus_when_public_priors_concordant_with_d4
aayl49:0000341:110b3b562ff9,110b3b562ff98acb5c6f050c3e6f92b2564d545f348b9a03162be8b3fc7e1b26,0.3185649216,if6_consensus_when_public_priors_concordant_with_d4
aayl49:0000342:11612dfd8570,11612dfd8570bc5e3ae1b8c32f2bd4568dd66796b1f72a79dd7f7eb193378456,0.7048635483,if6_consensus_when_public_priors_concordant_with_d4
aayl49:0000343:3f9f43187c8c,3f9f43187c8c0a2f0db617672816ff147b88e7743846cf754b943d44e08cd7bf,0.7413592935,if6_consensus_when_public_priors_concordant_with_d4
aayl49:0000344:3f2078219bbd,3f2078219bbd7ac8f0f158d5b6257edbe839cd6f0a29684a99a79d74d8b7235a,0.6764091849,if6_consensus_when_public_priors_concordant_with_d4
aayl49:0000345:718944942e73,718944942e731c74be87d50438569dacbb6fcba7e3b4d874dbe27d47921103da,0.744916141,if6_consensus_when_public_priors_concordant_with_d4
aayl49:0000346:da880679123d,da880679123deeead9b6be5733790e339fe1e1641fd16f89367ed74eab6b9729,0.3540554941,if6_consensus_when_public_priors_concordant_with_d4
aayl49:0000347:39d51d931c7c,39d51d931c7c2b950c6fe0e5a38c0801f948bad2a7cf03da5c24b729466f9033,0.5877213478,if6_consensus_when_public_priors_concordant_with_d4
aayl49:0000348:4fe39bf0f87f,4fe39bf0f87f4349e0bbe4d87f3f24cd3c32830db210ffb3d035be7ffb2beaf9,0.4015309811,if6_consensus_when_public_priors_concordant_with_d4
aayl49:0000349:59911040c5ae,59911040c5ae3acda12cb2e593e65cc819030d04c154c8396459813b3f56fe37,0.5623598695,if6_consensus_when_public_priors_concordant_with_d4
aayl49:0000350:07810554f772,07810554f7728cdb19b6a2f0f5456c32282b97c434535ae7b4801d1d9f06c44a,0.6927240491,if6_consensus_when_public_priors_concordant_with_d4
aayl49:0000351:7feef2f0d760,7feef2f0d76061745e94302b2c954b42ccb90362181c072a71ad1d9e29fc7e4f,0.6685996652,if6_consensus_when_public_priors_concordant_with_d4
aayl49:0000352:856a9165fe4b,856a9165fe4b11eb38321510532b26c908c3ab5c8cb12397822e97335b07bf25,0.1272713095,if6_consensus_when_public_priors_concordant_with_d4
aayl49:0000353:73a70d11c957,73a70d11c957cd2cd28b7e1876f6d9f89c32c0faf1bbf8e6bbd7c12e2f036b50,0.1102605686,if6_consensus_when_public_priors_concordant_with_d4
aayl49:0000354:e50931ce61f2,e50931ce61f28c7a03a799be01305810143284bb988e463b11deb4be62eb99e9,0.165313527,if6_consensus_when_public_priors_concordant_with_d4
aayl49:0000355:9c907e32f2ae,9c907e32f2aef6a754d170d3484db48fe9a1c0d3d522b6c06830f8037c381475,0.1704940796,if6_consensus_when_public_priors_concordant_with_d4
aayl49:0000356:d6fc42cf6c12,d6fc42cf6c12880c18f2e31a7fc9edd065894741591c2964a7c17e9ab0e2b50e,0.082966052,if6_consensus_when_public_priors_concordant_with_d4
aayl49:0000357:a6e1a576c302,a6e1a576c3029005c9dea6a4394d2f49e1d8998d3614ea746003f0841ca50b65,0.1066264585,if6_consensus_when_public_priors_concordant_with_d4
aayl49:0000358:f26b5bbeb6ee,f26b5bbeb6ee277066c8ac5bf59ccfba634430a67b7be7ac585034ddbfecd6ae,0.2141807824,if6_consensus_when_public_priors_concordant_with_d4
aayl49:0000359:aac4623eaefb,aac4623eaefb51d107de85f247d44b5cc2a570b025645cb7dea1165f75eb8113,0.5614320636,if6_consensus_when_public_priors_concordant_with_d4
aayl49:0000360:37f632113017,37f632113017f10b409b3fd78416b1ac0adc339c64b38ee0810c0e6e86b8ff6d,0.1119616404,if6_consensus_when_public_priors_concordant_with_d4
aayl49:0000361:8cb843f74501,8cb843f745015ac688d0122afbeeebe41329ab644701a24b46bb5d0b0704514c,0.5213794112,if6_consensus_when_public_priors_concordant_with_d4
aayl49:0000362:eb16826746a1,eb16826746a1d6bac1c5fdefb7d26eaa5bdf25f20b50fba69d525c6b09753f28,0.9171886444,if6_consensus_when_public_priors_concordant_with_d4
aayl49:0000363:6eb687516017,6eb687516017a72865b1a5fa6343679c4222f2a8790d94e8fbc2e67caec48ad6,0.6562282443,if6_consensus_when_public_priors_concordant_with_d4
aayl49:0000364:af9065644225,af9065644225616d0f0cc98a8c3f73aa9a803b38c5ffa9b5f0925d9fd68fea19,0.8547127247,if6_consensus_when_public_priors_concordant_with_d4
aayl49:0000365:7bef0e30e645,7bef0e30e6453a1a834e5882fc89bb7ad6fe820ab2042321dc00e2cce263e0ec,0.146215111,if6_consensus_when_public_priors_concordant_with_d4
aayl49:0000366:f3ce58910cdf,f3ce58910cdfa71baf9d8779a244623fc9d2888a2fee435ed4ea94671c346024,0.8704090118,if6_consensus_when_public_priors_concordant_with_d4
aayl49:0000367:a1313c3042e7,a1313c3042e74fd6ab8607e37dc4fa4f8d9521700ba2ec9e020a3f5fd23e97d8,0.3705250025,if6_consensus_when_public_priors_concordant_with_d4
aayl49:0000368:f7108683c3f5,f7108683c3f527056e408368719af4adf0c6741ba4d68f160b8e637650224fcc,0.3971236646,if6_consensus_when_public_priors_concordant_with_d4
aayl49:0000369:585063656931,585063656931892b94287b04759b28b6f216228f8aee7480ecb4d930ac10b568,0.8533983231,if6_consensus_when_public_priors_concordant_with_d4
aayl49:0000370:c7146d7b32b1,c7146d7b32b18d0090bf74990f361618bdcce762e27bfb26c9af05442f098473,0.1077862754,if6_consensus_when_public_priors_concordant_with_d4
aayl49:0000371:c22dfec09e7f,c22dfec09e7fd412ff6023860b810431efe4ca7a65855cbf02e7973311f54e6f,0.7057914138,if6_consensus_when_public_priors_concordant_with_d4
aayl49:0000372:d33055bb4c80,d33055bb4c809c31a6ccb24488f2f5e0a4ceb668b87e859c0dae622653f81bd9,0.7691177726,if6_consensus_when_public_priors_concordant_with_d4
aayl49:0000373:ed6d8c8b5381,ed6d8c8b5381f0f2e6ec20ab8e763ea3c3180df4dcd30ebb9b606641a6ecd823,0.3716848195,if6_consensus_when_public_priors_concordant_with_d4
aayl49:0000374:4d13cfdebb71,4d13cfdebb716594939059d5166b7867f07ea5b69c23d14ed3c263049eb30ee7,0.2485888749,if6_consensus_when_public_priors_concordant_with_d4
aayl49:0000375:22c005665ecd,22c005665ecd4d063175fad37bd2861008a5796c7e36a866909724b8b9606575,0.8087837696,if6_consensus_when_public_priors_concordant_with_d4
aayl49:0000376:d336fb4613b6,d336fb4613b6866d788a606ccd87e22f819e37733a4915ba6a6cab81fb9b2757,0.4319956601,if6_consensus_when_public_priors_concordant_with_d4
aayl49:0000377:59b7060f78db,59b7060f78dbfc0497f30bc7bc3e956d1b9292d03f6ddd0626f7c9c230d0aba6,0.1905203611,if6_consensus_when_public_priors_concordant_with_d4
aayl49:0000378:b52ab85c23e6,b52ab85c23e6388494e49a319c07db6a53208bb1f19eb08d1f71ddde4cd63837,0.9086831212,if6_consensus_when_public_priors_concordant_with_d4
aayl49:0000379:22e35918795d,22e35918795d8b205375292fa67f9ff4471e600e81cef91d94522b4a0e30d846,0.717312336,if6_consensus_when_public_priors_concordant_with_d4
aayl49:0000380:606568757423,6065687574231673ce0b45783948dccbf13cc6455007a4d1899101ffa6f8432b,0.1877367944,if6_consensus_when_public_priors_concordant_with_d4
aayl49:0000381:17733fe23560,17733fe235606f0027de20471b5ef67ffbcd69a253722f9843d4a7aee8e84604,0.818990171,if6_consensus_when_public_priors_concordant_with_d4
aayl49:0000382:a1b992a68cc8,a1b992a68cc867469797ed94f86dcdfd63fbe14ae4e2b7a5f28e43aaffb3afe9,0.8513879776,if6_consensus_when_public_priors_concordant_with_d4
aayl49:0000383:b51743762ed7,b51743762ed7d3f4c5f50ec70fceb85e1679d8b379b6ebe7dc9f73ec41aed266,0.0978891179,if6_consensus_when_public_priors_concordant_with_d4
aayl49:0000384:2890eb047866,2890eb047866d36e78c193e0a40b5f4972c9d5c56388109b2c514d6a57758dfa,0.6858424544,if6_consensus_when_public_priors_concordant_with_d4
aayl49:0000385:dd1b0ba6f0ee,dd1b0ba6f0ee119c394cfe0eaf8a55f762f7c2d4e39a574c0ff91e1d2cc9f1ba,0.9871646762,if6_consensus_when_public_priors_concordant_with_d4
aayl49:0000386:195c4a04de88,195c4a04de8852fb068764b9bf9e33b69244ef2993d557e2c5aec289fbe8aad6,0.4541870058,if6_consensus_when_public_priors_concordant_with_d4
aayl49:0000387:cfff99d7472b,cfff99d7472b7c8becbf19945e6e9e22c9f6a2e9d7a241047b08b45f99e249c9,0.9543029666,if6_consensus_when_public_priors_concordant_with_d4
aayl49:0000388:07f67409de29,07f67409de29fdbfe1f1f2029bd2d6775f7e0b07b4b54bace9319bb0961c90e8,0.6553777456,if6_consensus_when_public_priors_concordant_with_d4
aayl49:0000389:fef284c2ebd3,fef284c2ebd3a8f71402432daa763408bfcfc562649787fbecb91575f02a77b3,0.818371594,if6_consensus_when_public_priors_concordant_with_d4
aayl49:0000390:cadf433321e8,cadf433321e8b664a1043c3bbf75bde57c9124f30354a6f12dfaade600b83f73,0.8441969752,if6_consensus_when_public_priors_concordant_with_d4
aayl49:0000391:09db78cf0643,09db78cf064399bb5e4f67981e59dbeafde976c09c1d202a904cac66804b561f,0.264285177,if6_consensus_when_public_priors_concordant_with_d4
aayl49:0000392:bc902d370c30,bc902d370c3041eff7e402503c7dd3af1531fbda7b837157c9ff50390ab4b800,0.6633418202,if6_consensus_when_public_priors_concordant_with_d4
aayl49:0000393:41a40b67bda5,41a40b67bda51909e043383a87b1715821aabf78ac423aa013da5db28d4ee6a9,0.1452872604,if6_consensus_when_public_priors_concordant_with_d4
aayl49:0000394:0be35fe8d8d9,0be35fe8d8d9b76d7bae9f38cdce60e5d76189ead4d7154f07b42c86b552468e,0.8639913201,if6_consensus_when_public_priors_concordant_with_d4
aayl49:0000395:afb5b7ae1c9f,afb5b7ae1c9fefd4ef0a72783d8c59439df49d2903586122fd7efe7fb35db137,0.4368669093,if6_consensus_when_public_priors_concordant_with_d4
aayl49:0000396:04728ef20689,04728ef20689699905dec216def01a388af76a3c6476ff017c8f2f561725b187,0.3950359821,if6_consensus_when_public_priors_concordant_with_d4
aayl49:0000397:97d24fe104bf,97d24fe104bfbfb45afbcf4cfb525c29d5eb2926403a26054a78ec52d4629b38,0.7275961041,if6_consensus_when_public_priors_concordant_with_d4
aayl49:0000398:5ecabbf154e5,5ecabbf154e55481f85faa08e441224e84bb86a262a6e76a8772025a082b6d74,0.3846748769,if6_consensus_when_public_priors_concordant_with_d4
aayl49:0000399:215ec00fecd3,215ec00fecd33d67dbc6b36bb93562da39431f5a93b52970457a98044c10761b,0.7675713897,if6_consensus_when_public_priors_concordant_with_d4
aayl49:0000400:e6dd1d872c7e,e6dd1d872c7e6739fe6cb6cd74d0f48a15a7a9fc1f6ad81c20bdd734e986f623,0.6483414173,if6_consensus_when_public_priors_concordant_with_d4
aayl49:0000401:2e8d4ed6d296,2e8d4ed6d2963aa586d7c689b12ce11a188b731464c597db8643a76b738c96ae,0.8832443357,if6_consensus_when_public_priors_concordant_with_d4
aayl49:0000402:fee4eb67b8ae,fee4eb67b8ae5676be6ef2e955e18c3f6fa64e63f41eb34476923bc4d377e26e,0.741050005,if6_consensus_when_public_priors_concordant_with_d4
aayl49:0000403:967ba69eb6fa,967ba69eb6fa028c22a2dbccb52f5a5249e2a4db36ba621a46d0097e52907648,0.3431531489,if6_consensus_when_public_priors_concordant_with_d4
aayl49:0000404:b0814e597608,b0814e597608a49bf34499fc37e2483f26a2b0857f41cf0d14d5b693778cd034,0.557720542,if6_consensus_when_public_priors_concordant_with_d4
aayl49:0000405:1abf1556bc4e,1abf1556bc4e3830d21e771825adbb2697679de3aa4558a3620fb0c7bc8049be,0.1878141165,if6_consensus_when_public_priors_concordant_with_d4
aayl49:0000406:bcb9335d7f8f,bcb9335d7f8f7a42c5b38ca6708b1c6d88e3cbf2dd2b128f63f02d26da0a2387,0.7282919884,if6_consensus_when_public_priors_concordant_with_d4
aayl49:0000407:90f4dfcf6d6e,90f4dfcf6d6ea0bc7c984c076f41f0ee21c4c1cf2e85c65a07edee943a01c6f0,0.5482100248,if6_consensus_when_public_priors_concordant_with_d4
aayl49:0000408:94bac7210fd1,94bac7210fd18e406b0138c71093a986483ea117f7d53cc914e7d5bec3aaead6,0.4969457686,if6_consensus_when_public_priors_concordant_with_d4
aayl49:0000409:c4a7c3691912,c4a7c369191200ef34fd72c704461619b0a299746389160de1219050befb55e9,0.3058068454,if6_consensus_when_public_priors_concordant_with_d4
aayl49:0000410:4a4ab69932d0,4a4ab69932d042cd1cbd1ace88521b9ece3dbe76b124674ab14edae1e1f8c32d,0.1917575151,if6_consensus_when_public_priors_concordant_with_d4
aayl49:0000411:859fd1bb06f0,859fd1bb06f01c02e1c47226d596c55808f2fcffed46d36340825d6050cdd9cf,0.2458053082,if6_consensus_when_public_priors_concordant_with_d4
aayl49:0000412:f5cc5d703c7e,f5cc5d703c7e369309983688376ffe25b20a6fb45fcf238debfd80a8e2a4a31b,0.569937408,if6_consensus_when_public_priors_concordant_with_d4
aayl49:0000413:46c46db95f26,46c46db95f262c3cb1fb9e7cc18019ff134bbefe3d70a252b51cccc219496f35,0.6713059545,if6_consensus_when_public_priors_concordant_with_d4
aayl49:0000414:bcf822b1ef12,bcf822b1ef12f9b6c64c0f8270f0118a5217abe0603d909e1924d6a82db913a9,0.5772055984,if6_consensus_when_public_priors_concordant_with_d4
aayl49:0000415:c229df8d6773,c229df8d6773cb2378b815fc275215a1e4db886bf061aa541a2d0ec5fa0f43fe,0.8704863191,if6_consensus_when_public_priors_concordant_with_d4
aayl49:0000416:3f487e65c814,3f487e65c814086b022d7d67debd4451292bcb985f564529acb3a3565699010a,0.9624217153,if6_consensus_when_public_priors_concordant_with_d4
aayl49:0000417:84c24f934bd5,84c24f934bd534708471b1bed4b07a6332bfaf0bf95536a4903a4e62c654e60b,0.558339119,if6_consensus_when_public_priors_concordant_with_d4
aayl49:0000418:7f631dbf104e,7f631dbf104e7c7980f26d32d6af3c8db8c413a9b3e74c6180858c07b1955b1e,0.6587025523,if6_consensus_when_public_priors_concordant_with_d4
aayl49:0000419:d86a0f5b0e0b,d86a0f5b0e0b9760134c461ae5255ed8b932e5326434fb5b8ca4804866e1c336,0.7696976662,if6_consensus_when_public_priors_concordant_with_d4
aayl49:0000420:49f59905ec57,49f59905ec573931460dd26aeb8456aed93dc2b6b9f9c08549a3fa0d2f7d0d29,0.2580994368,if6_consensus_when_public_priors_concordant_with_d4
aayl49:0000421:de008c49cf50,de008c49cf5075ace0d7617eedabff25e02ba0c17cc72b5b107908b1f9156d43,0.8903579712,if6_consensus_when_public_priors_concordant_with_d4
aayl49:0000422:169fef8cee3d,169fef8cee3dee65f1ebb923d00460085b64c43e5cc5c24e8c0dbd5912e9c0ee,0.705868721,if6_consensus_when_public_priors_concordant_with_d4
aayl49:0000423:86c442f780de,86c442f780defb39ff610f0fec374dd0d5ed3d20bac283f4ecb1f06fc1bdd115,0.8491455913,if6_consensus_when_public_priors_concordant_with_d4
aayl49:0000424:1da4eec52fe9,1da4eec52fe9f6d6c916bff240f21428ae816f4385901657c3b440f23babeb2b,0.8651511669,if6_consensus_when_public_priors_concordant_with_d4
aayl49:0000425:4bc175e768d6,4bc175e768d63289c006e3b0830f7a0750418ab5ba85ea799c214f41a789af12,0.6119229794,if6_consensus_when_public_priors_concordant_with_d4
aayl49:0000426:2e6c4fa7fb50,2e6c4fa7fb5032d7b5c815fe160e2957dac8a49c06aefcbc01e2669b3579caa5,0.5684682727,if6_consensus_when_public_priors_concordant_with_d4
aayl49:0000427:fa2a758d319f,fa2a758d319fe2e8b21bb53dc4da24595dd437223308e53af7da0dfeb6c46b0b,0.927627027,if6_consensus_when_public_priors_concordant_with_d4
aayl49:0000428:8f535d1df42c,8f535d1df42c52696752fd60ee962e9ee19ce7151af93d9960052abca3b82aa1,0.7661795616,if6_consensus_when_public_priors_concordant_with_d4
aayl49:0000429:a683daa17a2b,a683daa17a2b5ffc91c70fc5513bfe2386d0d9e47f4de61a5d3354c804c3d895,0.2788989246,if6_consensus_when_public_priors_concordant_with_d4
aayl49:0000430:7e488b0495b8,7e488b0495b8d6940db57cb91fffe2f156249b25c594c72da3ffa8720ff37e6e,0.1785355359,if6_consensus_when_public_priors_concordant_with_d4
aayl49:0000431:4e270b3a092c,4e270b3a092c93f88a92b8bb9008edc9db587e16d532ae3cca8d0c5fdd56ffc6,0.852006495,if6_consensus_when_public_priors_concordant_with_d4
aayl49:0000432:7332de14af62,7332de14af6290f35ddc2d45424ceb7b9f2025ac88f66819070f506340c8c1b0,0.1749787331,if6_consensus_when_public_priors_concordant_with_d4
aayl49:0000433:160e293b77a3,160e293b77a3af2c7d13018b298c0eeeba08dd44b6d20039d3b512984373ce70,0.5434160829,if6_consensus_when_public_priors_concordant_with_d4
aayl49:0000434:9b4ae9c75175,9b4ae9c75175cb7e48700676e3f44787be65d9fcfd4f72878f9fcbfa6c9995d5,0.8622903228,if6_consensus_when_public_priors_concordant_with_d4
aayl49:0000435:3bba3f5ec71c,3bba3f5ec71c954282ecb86f34d411280d15ae0d9c90adb7278d54b022f3394f,0.8330627084,if6_consensus_when_public_priors_concordant_with_d4
aayl49:0000436:62daafcfe629,62daafcfe629c89a5269b563e2320c347bf241bdac6d8a57dd68d1c1c5e82d06,0.8431145549,if6_consensus_when_public_priors_concordant_with_d4
aayl49:0000437:787c07bd57d3,787c07bd57d3e3c3b1dbb2a9a2d131fdaa4f1bca1f493b93ac6b92f710fbbe4e,0.4501662254,if6_consensus_when_public_priors_concordant_with_d4
aayl49:0000438:547b6c6cd12b,547b6c6cd12bf3ce9b56c0b84c8141c851c5c692391f9c7e9bca096876ff694f,0.7744529843,if6_consensus_when_public_priors_concordant_with_d4
aayl49:0000439:5f224eabe9c9,5f224eabe9c902f661ac8588e42898455145d37aa41d6e39924513dd2b99265e,0.6325678825,if6_consensus_when_public_priors_concordant_with_d4
aayl49:0000440:4148422c0e4c,4148422c0e4c0dd4709916427c29e085d24d8ee847ceca1bd5eed6e4bb3578ef,0.3146214783,if6_consensus_when_public_priors_concordant_with_d4
aayl49:0000441:4f7a501d98f3,4f7a501d98f382e47e85d3b5abf3c6d94060e16cf24f120903c31a2acd9ba855,0.8528570533,if6_consensus_when_public_priors_concordant_with_d4
aayl49:0000442:48ba65e36302,48ba65e36302e6db39ec9406bcafe66845215de76838d5b6685fe1d7a2f8226f,0.7408953309,if6_consensus_when_public_priors_concordant_with_d4
aayl49:0000443:14cb1810cd71,14cb1810cd71a242f19f69fb1d4491a6427a4168b8aa72ef959d00ad12a0f52d,0.7471584678,if6_consensus_when_public_priors_concordant_with_d4
aayl49:0000444:250b4c7087a9,250b4c7087a9edb40b19c29431d65fd5e7350f6736264d99427768fcdc4b8f84,0.8043764234,if6_consensus_when_public_priors_concordant_with_d4
aayl49:0000445:184c46d588a6,184c46d588a6e432fd8dcdd67dcc9c71f4fc08095b037d17e156837d3f390536,0.9212866426,if6_consensus_when_public_priors_concordant_with_d4
aayl49:0000446:fc8e024bdd34,fc8e024bdd3498e916634681573740f048369f0afc344a5290d379719cae5fa5,0.6116137505,if6_consensus_when_public_priors_concordant_with_d4
aayl49:0000447:897b7feb7e04,897b7feb7e04ce2c478200791693c26f814ac7ee95dc42adb55dd19f68f544c8,0.9959018826,if6_consensus_when_public_priors_concordant_with_d4
aayl49:0000448:478eb441db54,478eb441db541fa596269ed70c1d32ae8089ea7b092b13f4904eff5d94af8790,0.5470501781,if6_consensus_when_public_priors_concordant_with_d4
aayl49:0000449:22c39fb4fadb,22c39fb4fadbcfe53c9ddba9b4b612ccc9d152e4c0424b91078bca3af9ef9ab4,0.2260882854,if6_consensus_when_public_priors_concordant_with_d4
aayl49:0000450:ed5977107366,ed5977107366ab0b97d79e5b1089b2cdc4168c146e8a3bf13da7a28378650000,0.5482873321,if6_consensus_when_public_priors_concordant_with_d4
aayl49:0000451:80e047d8e81c,80e047d8e81cbcc4c59bedf43a4bfcb8a607f2952169c7dd62e2ee9203431c7e,0.6320266128,if6_consensus_when_public_priors_concordant_with_d4
aayl49:0000452:ef48675cdf40,ef48675cdf40e86f6b253ea64cdd06db1e9b329191ea8d79af2b409c6589d956,0.7731384635,if6_consensus_when_public_priors_concordant_with_d4
aayl49:0000453:64deb9e9d53a,64deb9e9d53a921725fa90863f174190b126da8687b99531f4ca04d7607faabd,0.6091394424,if6_consensus_when_public_priors_concordant_with_d4
aayl49:0000454:97252e630836,97252e630836c13e93f5887b8eb285ad690a82ab8664a591ac5a6809717cd3a0,0.6675944924,if6_consensus_when_public_priors_concordant_with_d4
aayl49:0000455:2694b419b048,2694b419b0481d54b2cc896a43b4f18ca61dbaf3346ca73e4b36eb01644e9556,0.903734684,if6_consensus_when_public_priors_concordant_with_d4
aayl49:0000456:65328eaa59ec,65328eaa59eca07081bb75828b5ced4cddef698c0c829c05d7a3c3c19577aff0,0.7358694673,if6_consensus_when_public_priors_concordant_with_d4
aayl49:0000457:f28abd09f136,f28abd09f136c7afd6ba209aa10c2cd71e619b3db151177c04ab6f98efee8954,0.8091703057,if6_consensus_when_public_priors_concordant_with_d4
aayl49:0000458:c9865c09f6fb,c9865c09f6fbeb1e51dade1a658a7732598c8845697513e346d76918d96031a1,0.638135016,if6_consensus_when_public_priors_concordant_with_d4
aayl49:0000459:b614af28a874,b614af28a8744f530030adac9149717092606ecfde58212386913d8cb63b51a0,0.3500348032,if6_consensus_when_public_priors_concordant_with_d4
aayl49:0000460:f4421950b15e,f4421950b15ebcf0880b2f5a6d62a51851cc0c9c9c75b6132adc85bccd305ec9,0.493234396,if6_consensus_when_public_priors_concordant_with_d4
aayl49:0000461:709417a66b0c,709417a66b0cd176fcce3fdb1548675025a2bf512ffd03edada8fce2a88d6d6f,0.4099589884,if6_consensus_when_public_priors_concordant_with_d4
aayl49:0000462:7686e9db5f01,7686e9db5f0169e2e5cc14577447c2734797d7521c3962ff6095f3be7fe4146e,0.8241707683,if6_consensus_when_public_priors_concordant_with_d4
aayl49:0000463:9722e4d067ef,9722e4d067efec249770f58ba78314982865d51ee4025cea5e77de45915c2359,0.5294981599,if6_consensus_when_public_priors_concordant_with_d4
aayl49:0000464:febfceb2e024,febfceb2e02407639c929382dc914a26ee90eb2747711bf8d8f1c7ed37b976d4,0.3767107427,if6_consensus_when_public_priors_concordant_with_d4
aayl49:0000465:ded17597a311,ded17597a3116e2d0652853779b6f7cb65791d10a6b30e72f12a5517c3a3f58e,0.602335155,if6_consensus_when_public_priors_concordant_with_d4
aayl49:0000466:cb158d3433c6,cb158d3433c633c4e35c1f3defd3d243167112894b7f4e611983bfe361af6491,0.3011675775,if6_consensus_when_public_priors_concordant_with_d4
aayl49:0000467:ed2a45ab13bf,ed2a45ab13bfcb7e14777587897dba973a41771564cfba3c021ff12b96f24e70,0.4041599035,if6_consensus_when_public_priors_concordant_with_d4
aayl49:0000468:494ea1a077df,494ea1a077dfcf274e774958871cbff800adfc87d23c910f83848a691556a23a,0.3446222842,if6_consensus_when_public_priors_concordant_with_d4
aayl49:0000469:7091cff18d1f,7091cff18d1f8d3c181b3f49b7675c00bd469e8ffe154fdb07e7c88552977033,0.7073378563,if6_consensus_when_public_priors_concordant_with_d4
aayl49:0000470:0be343133025,0be343133025d229d11a56c7354ce139b86080b1cce2b81d931b508cf00ce086,0.6884713173,if6_consensus_when_public_priors_concordant_with_d4
aayl49:0000471:4640503d339e,4640503d339e3f5a8d718de70ce58f6013dbcc387e7ae894380d63bde51b65cc,0.6221294403,if6_consensus_when_public_priors_concordant_with_d4
aayl49:0000472:981934b81114,981934b81114b3eafc9435856b8928a891f510ff1697fd06fe2f654a47b1c2df,0.3190288544,if6_consensus_when_public_priors_concordant_with_d4
aayl49:0000473:f9bd0af40989,f9bd0af409894d51d0120350382790509055a60c465db100253f417ce4979922,0.3878450394,if6_consensus_when_public_priors_concordant_with_d4
aayl49:0000474:9f9dc3629dc5,9f9dc3629dc504b833645683e517eb4784d40390c64e30710f8251bf1a9bd175,0.6880074143,if6_consensus_when_public_priors_concordant_with_d4
aayl49:0000475:6a8ac93ee5d7,6a8ac93ee5d74c14f82b691e818330d05e92985e1b0cf27b76f0a5289cf84bbc,0.8281140924,if6_consensus_when_public_priors_concordant_with_d4
aayl49:0000476:6bdba84c862e,6bdba84c862e18aa609d9ee9e66b6590cdeaf5ac3be0df252b3f7a01553cec59,0.6675171852,if6_consensus_when_public_priors_concordant_with_d4
aayl49:0000477:ea8855b8811f,ea8855b8811f32ffc8c01e0e7ddc2e9f5717a83c43797a882b849785cf80e643,0.741050005,if6_consensus_when_public_priors_concordant_with_d4
aayl49:0000478:377d2bb42612,377d2bb426126c525c33495fae1e23d439b8e5d9138d789f1841079fa31a4b7c,0.5936751366,if6_consensus_when_public_priors_concordant_with_d4
aayl49:0000479:364f9ecdea24,364f9ecdea2447e2ad475d436f225c5731af5b7de449b1aa1b3e632db68067b5,0.7870563865,if6_consensus_when_public_priors_concordant_with_d4
aayl49:0000480:b77a71153e7d,b77a71153e7ddea2a387093ac5dd6f8dab0c67fee5fe49ef2ff7ab0734ed6583,0.814350903,if6_consensus_when_public_priors_concordant_with_d4
aayl49:0000481:f450e8e38d41,f450e8e38d41e1e941719c53dc9745d10fd636a9a5d4cec684b83753c216235c,0.6851465106,if6_consensus_when_public_priors_concordant_with_d4
aayl49:0000482:361382d92998,361382d929988ddafa80f0c856efd005f7537c96d5c7988f90f0575dd81361cd,0.7095801234,if6_consensus_when_public_priors_concordant_with_d4
aayl49:0000483:0ea5b70fdb48,0ea5b70fdb481bc8517dd1c966c17ff55f7ee5d845b2e5eeb5d5e9d0bfaacb32,0.8077011704,if6_consensus_when_public_priors_concordant_with_d4
aayl49:0000484:4b1a0ad9cfeb,4b1a0ad9cfeb5489553246cfad875ad117c4faa7c651755fde898e3ac72c911c,0.5776695013,if6_consensus_when_public_priors_concordant_with_d4
aayl49:0000485:5c9d78cfe23e,5c9d78cfe23e000ba1db8cc9a484f0f01683dcae3262a1be89f767f848e13611,0.4795484543,if6_consensus_when_public_priors_concordant_with_d4
aayl49:0000486:c231f29d1fa8,c231f29d1fa85bc231be53d5ef9acd2db407fd953e5091f17bc996d1bf4dbf1c,0.2550838888,if6_consensus_when_public_priors_concordant_with_d4
aayl49:0000487:35c4c5b8b484,35c4c5b8b484999714982978b06ce86bd630c28386f76b5adab0306c9e5467f7,0.4683368206,if6_consensus_when_public_priors_concordant_with_d4
aayl49:0000488:8f8aa8fa9c2b,8f8aa8fa9c2bcfcc7699aeff423dfa88885263d9f2413d61d05de4d6464a938e,0.5874120593,if6_consensus_when_public_priors_concordant_with_d4
aayl49:0000489:01a3a82ca26f,01a3a82ca26f78e11ed60a53f5227460336259d0d7c23c70e042a363f0396f5f,0.8061547875,if6_consensus_when_public_priors_concordant_with_d4
aayl49:0000490:595568ae5a1a,595568ae5a1a11733b067d58b54186068647ce700a0aa1bbf2977214ad648cf2,0.7302636504,if6_consensus_when_public_priors_concordant_with_d4
aayl49:0000491:1f4e8ee46a59,1f4e8ee46a59950e7322c569288d20b3f04e7e057b58e4363469ab4212363d77,0.560813427,if6_consensus_when_public_priors_concordant_with_d4
aayl49:0000492:1210a3ecdadc,1210a3ecdadce2cdd1f43287a1dfa6d22a1d6e739d10a9f4e69f816e35dd2c52,0.4159901142,if6_consensus_when_public_priors_concordant_with_d4
aayl49:0000493:4364b3124a0a,4364b3124a0a6f90381b62434d445b4669907e39ed27600c5fd9d3fdfb7db1ee,0.07198639959,if6_consensus_when_public_priors_concordant_with_d4
aayl49:0000494:a641a14272d5,a641a14272d5c8ecf7796175d04150262c855c52802042d2d7b86ede5e1a170b,0.4549601972,if6_consensus_when_public_priors_concordant_with_d4
aayl49:0000495:0448466035a4,0448466035a47e7334f4f2235932a9b352e5138c1fa6758f42b9dfdf019db9b3,0.5651434064,if6_consensus_when_public_priors_concordant_with_d4
aayl49:0000496:db567da26ee9,db567da26ee94d7880cf3b142c330a124ef9aabc6daf85179eca2e79a01313fe,0.3504987061,if6_consensus_when_public_priors_concordant_with_d4
aayl49:0000497:d5ea76e14d29,d5ea76e14d2931f09189c5476a2a63c329eb3f724b55bb736db3b84b56680d57,0.8539395332,if6_consensus_when_public_priors_concordant_with_d4
aayl49:0000498:a80360e3b683,a80360e3b68357b5a8253d4700ec5de37a68443a89db25f7d8ad572e34bed04e,0.8240160942,if6_consensus_when_public_priors_concordant_with_d4
aayl49:0000499:5ca939929ad8,5ca939929ad871bf9295c3ebb0b6f7a3158d0b8de12f3ef3fa9b59bfd892104a,0.7927008271,if6_consensus_when_public_priors_concordant_with_d4
aayl49:0000500:9c4e16a824c7,9c4e16a824c7e32c65991b656119282fbd93e5d9fd538ae1f8352536ac1f14e2,0.2281759828,if6_consensus_when_public_priors_concordant_with_d4
aayl49:0000501:7039dd069c63,7039dd069c63bc214ac888eee16907eac13eabfbfdccaea632cee25e2fae32f0,0.7865150571,if6_consensus_when_public_priors_concordant_with_d4
aayl49:0000502:59b4cdd1e175,59b4cdd1e17568873b5a518240515a2112657ffb9ad5d5801e22757d9975fbed,0.993968904,if6_consensus_when_public_priors_concordant_with_d4
aayl49:0000503:e18b0cc0a572,e18b0cc0a572398e4ab3f9572d83e41fb86f8fa0822c6dab370190ffc9b560c7,0.9256166816,if6_consensus_when_public_priors_concordant_with_d4
aayl49:0000504:fcfdaadfada3,fcfdaadfada377ecc9f190b0bbd74f9422edc159c79faa75395de0bc208d2740,0.7742210031,if6_consensus_when_public_priors_concordant_with_d4
aayl49:0000505:b1f02a541026,b1f02a541026c25212af0bdae66ba37ba16038be0a274849395464916399de58,0.4753730595,if6_consensus_when_public_priors_concordant_with_d4
aayl49:0000506:d2aba1990af6,d2aba1990af6a98196f7b04a9d97a0f39da081ca284f5893664169720e13f87b,0.3489522934,if6_consensus_when_public_priors_concordant_with_d4
aayl49:0000507:fd15c7264779,fd15c7264779852d03f24b38d126a83102a588b7110ea65a8406b58c6ab20a7c,0.9692260623,if6_consensus_when_public_priors_concordant_with_d4
aayl49:0000508:88f8604ef513,88f8604ef5134dcec8272f2c9917bd6cf62500173a4d6fcc1b218a9888dce971,0.8716461658,if6_consensus_when_public_priors_concordant_with_d4
aayl49:0000509:ad1d3f4d3334,ad1d3f4d33340fef97ea3a81db13cf890edff769c437cb822c76484d40c75adf,0.9678342342,if6_consensus_when_public_priors_concordant_with_d4
aayl49:0000510:8dfd5ad3184f,8dfd5ad3184fb8f6ecf5d2ad5ae80e7b2140de155aa5dd7426c776509fa551f7,0.9307198524,if6_consensus_when_public_priors_concordant_with_d4
aayl49:0000511:9f4c9133f2ea,9f4c9133f2eae212ff17cca01a1848e49ddeefae83c212f63e5493d354e1765a,0.775767386,if6_consensus_when_public_priors_concordant_with_d4
aayl49:0000512:c210d064aa7a,c210d064aa7a56c0c915f2e16cb1b7d1bc7601602a21a8a1e25007c386dfa104,0.4905281067,if6_consensus_when_public_priors_concordant_with_d4
aayl49:0000513:034601f12f6c,034601f12f6c6c53782449f767fb9cea3a4a9ba1b3f4bb582bddda139d8a96a7,0.5403231978,if6_consensus_when_public_priors_concordant_with_d4
aayl49:0000514:a0704a2569a3,a0704a2569a3bf2861ea83daebd8b51c8d41dea76dfff01575df78d0fc114b8d,0.6239078641,if6_consensus_when_public_priors_concordant_with_d4
aayl49:0000515:3c28a8341cea,3c28a8341cea4e5f223ee63ed067138957a9d76cf1154aec8e21531ac7cf3a6d,0.8220057487,if6_consensus_when_public_priors_concordant_with_d4
aayl49:0000516:7fdea2a3a947,7fdea2a3a9472ddb5d42410e6a23d2066da86311ce64d2bb8c403c7f4e6880f9,0.7631640434,if6_consensus_when_public_priors_concordant_with_d4
aayl49:0000517:aa026825933e,aa026825933e013f5ac76a70bf16ee40380f05a073ce0b7a5ccfc2306dfeaa4c,0.8547127247,if6_consensus_when_public_priors_concordant_with_d4
aayl49:0000518:89a760e9609e,89a760e9609e08cd55f6f950deb584abe575604bba57312a2d2297630ed48783,0.8169798255,if6_consensus_when_public_priors_concordant_with_d4
aayl49:0000519:1d50f026d7f1,1d50f026d7f161fefa8f6a1d5c725f9625ef25f984b5eb553138c0a8ff914815,0.5987783074,if6_consensus_when_public_priors_concordant_with_d4
aayl49:0000520:3d30bb8cfe47,3d30bb8cfe47cf0bdf28491840f508909b69502942ac59b83f734211b787a1bb,0.8676254749,if6_consensus_when_public_priors_concordant_with_d4
aayl49:0000521:eec154d53e90,eec154d53e904493713d32648d39bf2ef12fc62324c92c9ddaf20d979f03eed1,0.4906827509,if6_consensus_when_public_priors_concordant_with_d4
aayl49:0000522:5f3c18ccbfb4,5f3c18ccbfb4efd797412fe149d908146fa20ee8ecf57bbf8404aa739d3f8828,0.7589113116,if6_consensus_when_public_priors_concordant_with_d4
aayl49:0000523:3df88d9e11b3,3df88d9e11b304b55fb815a9a9e2cf8243cc48dfccca12be518baab876a372de,0.928864181,if6_consensus_when_public_priors_concordant_with_d4
aayl49:0000524:4b6fe3a3080b,4b6fe3a3080b2a4558abc0c1cafb19f2ef73a404bc22bdb1c2352e555390adaa,0.808165133,if6_consensus_when_public_priors_concordant_with_d4
aayl49:0000525:4d466bf28a0f,4d466bf28a0fd862a0b1a068c9961c84e16e13d082da32dede810321b820cd91,0.9254620075,if6_consensus_when_public_priors_concordant_with_d4
aayl49:0000526:dc1614d84494,dc1614d844940c9afc8742641a730698364d4583b2476cabf3e71f7503462224,0.9196628928,if6_consensus_when_public_priors_concordant_with_d4
aayl49:0000527:b1e51debecc6,b1e51debecc6f3d33e8875e6f9c18be21298c4504baf3862c5fc2760e3107ceb,0.784891367,if6_consensus_when_public_priors_concordant_with_d4
aayl49:0000528:73f63779f2de,73f63779f2de7f46ef94097e490b3806d3bf98e2e55f02c2fa81409e6103541d,0.216345787,if6_consensus_when_public_priors_concordant_with_d4
aayl49:0000529:4d429e103a77,4d429e103a771c425bc1569cc0b40bc7c40e31ed97357931b56ce5fa054e23b8,0.8779091835,if6_consensus_when_public_priors_concordant_with_d4
aayl49:0000530:e9da30fd17f2,e9da30fd17f227af4541f171b60bb9aeea21aedd93b7685d4eec9330ce4efd88,0.6153251529,if6_consensus_when_public_priors_concordant_with_d4
aayl49:0000531:58b35a1ab7c3,58b35a1ab7c36168846422ffce01463ba8089fb99a45d71516bd25fbde99d597,0.470888406,if6_consensus_when_public_priors_concordant_with_d4
aayl49:0000532:95f3b14647c9,95f3b14647c9cc6d5e3c4d980b50689a5e96ce90b039996e61bdfa34a53e3508,0.6101446152,if6_consensus_when_public_priors_concordant_with_d4
aayl49:0000533:8553a743c05f,8553a743c05f779a458a6fc51d12d62b6528edf8776a90a3738426915d3dfdc8,0.8956931233,if6_consensus_when_public_priors_concordant_with_d4
aayl49:0000534:7a9105c193fc,7a9105c193fc6b41a12b1bac1cc198ded5c4d7e1196c3fd148e74b4e8c112688,0.8071987033,if6_consensus_when_public_priors_concordant_with_d4
aayl49:0000535:7ed4f0ce249f,7ed4f0ce249f1a3d3312d12efff4d7b9fe7d9545832636c767f28bf2aebc3475,0.6395267844,if6_consensus_when_public_priors_concordant_with_d4
aayl49:0000536:ef4b7dea9d5e,ef4b7dea9d5e0a0439b22ecc7cf0ca9f6880c77577ef0fc227f0a7d80797675f,0.4290574491,if6_consensus_when_public_priors_concordant_with_d4
aayl49:0000537:29cc7b2a29f0,29cc7b2a29f0915c7f54db37a6877747af5a82f44aacf1a6902e5545d351b734,0.5813036561,if6_consensus_when_public_priors_concordant_with_d4
aayl49:0000538:3c906ff84a0f,3c906ff84a0fc16b1ffe5aa32db5244ddafd192eb84f9173913bdcf1f77ed35b,0.2982293367,if6_consensus_when_public_priors_concordant_with_d4
aayl49:0000539:8e42e76777b3,8e42e76777b39b8d1f1aaf163e8e5d9ea2836bdc8e2583de299a95b7067cecd0,0.4628469646,if6_consensus_when_public_priors_concordant_with_d4
aayl49:0000540:44ae3983939e,44ae3983939ee0b60978671e66bbdfab73b3694472d6358697781271be9c4c59,0.7847366929,if6_consensus_when_public_priors_concordant_with_d4
aayl49:0000541:0bf0282f7ab5,0bf0282f7ab5111259246a78fdb4bdc364e2ef8c44dacb2f748c6e05c5b14cc9,0.367973417,if6_consensus_when_public_priors_concordant_with_d4
aayl49:0000542:d350c2e8b525,d350c2e8b5254c9fc5e69bb97ee1e514c995f52225c9f737e7452d1c3834c994,0.6905590892,if6_consensus_when_public_priors_concordant_with_d4
aayl49:0000543:89cdfbea332a,89cdfbea332a274e0cc94e3e9390edee0902b5b6ad8579e2b70c0828c5a85a57,0.6262274384,if6_consensus_when_public_priors_concordant_with_d4
aayl49:0000544:494537e756b5,494537e756b584739a707f264de2cf07baeb8df1064cc6d446abdcf78b45df21,0.6111497879,if6_consensus_when_public_priors_concordant_with_d4
aayl49:0000545:9af6d000c8cc,9af6d000c8ccc3a89ef69d267a06ff3f35aee830158daf474774d885716c176a,0.0541251041,if6_consensus_when_public_priors_concordant_with_d4
aayl49:0000546:601da9a7799e,601da9a7799e5e143982925f06d5a4dfa4f7f078cc1a3a074aa85f04fde9afd1,0.08366195112,if6_consensus_when_public_priors_concordant_with_d4
aayl49:0000547:2cfaf8fbd1d5,2cfaf8fbd1d5f2c0e42f8d59fc380d6da7d1d82f4518b4af3766b8dcd4988be7,0.1960102171,if6_consensus_when_public_priors_concordant_with_d4
aayl49:0000548:e9381728e9de,e9381728e9de5dd8816d2631fcaebacb33e31de51ebc6916fcc260156a6170d0,0.1476842165,if6_consensus_when_public_priors_concordant_with_d4
aayl49:0000549:1b96f9e6e042,1b96f9e6e042f23e4a6bf8b8cfac50438efb26b7510fbe5470ecb81f5f45d198,0.3177917004,if6_consensus_when_public_priors_concordant_with_d4
aayl49:0000550:2e9cff4841d1,2e9cff4841d18521ebf35ec273a67e0330d3dc2eef70141308c07a31b3dcf096,0.1556483358,if6_consensus_when_public_priors_concordant_with_d4
aayl49:0000551:cca5c9ea13be,cca5c9ea13beb05b6cee6b84bb583c4cc08d709dffa2af2e39446ce666b23b18,0.2144127488,if6_consensus_when_public_priors_concordant_with_d4
aayl49:0000552:fbff931263a0,fbff931263a0b195dcbaea229c868c99d9749cb34f2f4f8863e2b99247d766a6,0.2617335618,if6_consensus_when_public_priors_concordant_with_d4
aayl49:0000553:8708d6058a40,8708d6058a40754d37552ef3abf24f1e5c8b7f28f2c88145ba5b0bdb706a14c1,0.3388231695,if6_consensus_when_public_priors_concordant_with_d4
aayl49:0000554:9eab6c537364,9eab6c5373640b11520fc9a8165172affd93de18a9dd1e910b2d937615499745,0.7725972533,if6_consensus_when_public_priors_concordant_with_d4
aayl49:0000555:064a1beb42d1,064a1beb42d15d75c5039504b8f3042ea2974544c3cdf4237cd1387d32106cff,0.8370835185,if6_consensus_when_public_priors_concordant_with_d4
aayl49:0000556:0c86fb72ad4e,0c86fb72ad4e8b4877cf9eb907e3b3525faf58c7e624692a3d71ac3c1db13dfc,0.8428052068,if6_consensus_when_public_priors_concordant_with_d4
aayl49:0000557:b8ea9f46ae4b,b8ea9f46ae4b9a5993c45dee4f55910ebfb129c76ea2c24f5ff939d766c0f134,0.7947885394,if6_consensus_when_public_priors_concordant_with_d4
aayl49:0000558:4562201dd387,4562201dd3877e96ff29db5c0d771e94e6817a42f3c6a427ed0840986a90555d,0.6369751096,if6_consensus_when_public_priors_concordant_with_d4
aayl49:0000559:91fb98ca7e26,91fb98ca7e26e9f9e66626dd8a5fbda295243b0a37e1d7c33ae75ada6a9348e8,0.5322044492,if6_consensus_when_public_priors_concordant_with_d4
aayl49:0000560:148a89a6d11f,148a89a6d11fc76ab570e5ca9b39aa080f9c408500a94d74012bde325393cd0d,0.4922291934,if6_consensus_when_public_priors_concordant_with_d4
aayl49:0000561:122218680683,122218680683f26d0785a2f8f19e9df6d337763a677062ec4fa4cbee9acf4463,0.9536843896,if6_consensus_when_public_priors_concordant_with_d4
aayl49:0000562:dda991a906b3,dda991a906b3b527f803aeabe1e86e7a2dd1cf7114c9f42123a747a0ea34957d,0.2452640533,if6_consensus_when_public_priors_concordant_with_d4
aayl49:0000563:e755fb04db61,e755fb04db6145f01889924493cf50b81357d68d89eb45c50cca5a3248e9c764,0.1437408179,if6_consensus_when_public_priors_concordant_with_d4
aayl49:0000564:7f4691218d76,7f4691218d76075b67cc66d4d0f1c98d9e44dc3b00fffc2982ad98da0a8d2d9b,0.4236449301,if6_consensus_when_public_priors_concordant_with_d4
aayl49:0000565:1208dd961619,1208dd961619c1933bd4559a6d0ba7ec1cc2da4e0609997f7726105c7b3882c2,0.6957395673,if6_consensus_when_public_priors_concordant_with_d4
aayl49:0000566:d1f5ec68dfd2,d1f5ec68dfd2c79d8aa02a5c231830b88bb2777a0eb1ba6ebb1f69974dcc0f8f,0.24387227,if6_consensus_when_public_priors_concordant_with_d4
aayl49:0000567:1377d3012fb5,1377d3012fb5c4d671fb8009f8f2be77e88f8096d1b6a922703530b5b8a3936f,0.3978968561,if6_consensus_when_public_priors_concordant_with_d4
aayl49:0000568:08243ac5b014,08243ac5b014456f7d4e4c4a2c2c2aae481f5409c8df366525ea8b654f4d1187,0.9231423736,if6_consensus_when_public_priors_concordant_with_d4
aayl49:0000569:ef217ce4eb92,ef217ce4eb92476a900be249aa9923184870ccab3ba23ddea13b000accb6c6c6,0.2258563489,if6_consensus_when_public_priors_concordant_with_d4
aayl49:0000570:3f8ca8e4e0b8,3f8ca8e4e0b80ad2f09ba77308e609f8b2d34ce7515931d878dbc6db2bfd556f,0.1684837192,if6_consensus_when_public_priors_concordant_with_d4
aayl49:0000571:07cb4e550580,07cb4e55058043bfd9fdfd2cef4f3574f80b73e9764087579d2558f196febcb8,0.05574886128,if6_consensus_when_public_priors_concordant_with_d4
aayl49:0000572:0c57e8808d0f,0c57e8808d0fb77072f87982b29fbe5fdfff48fa00bf28fb2ce4fc5e39ffba1e,0.1505451202,if6_consensus_when_public_priors_concordant_with_d4
aayl49:0000573:dcc5ccb45008,dcc5ccb45008e88c81827757ab1ea7f3c4024693ed990ba87b87fc640a7fe9cf,0.8745843768,if6_consensus_when_public_priors_concordant_with_d4
aayl49:0000574:7c87bf6fec67,7c87bf6fec67f9fa68afa2dc523659594261ebbf449bd0dc916545190a47d8f5,0.9090698361,if6_consensus_when_public_priors_concordant_with_d4
aayl49:0000575:7f22f77ae6c6,7f22f77ae6c6d0f04f179b39805c12c520ec9e0fc66b8540fdd11f92226169bb,0.9471120238,if6_consensus_when_public_priors_concordant_with_d4
aayl49:0000576:32c837323e44,32c837323e44f37b805e18134d3cc725b472359c627420213f9ea28a63b38245,0.5736487508,if6_consensus_when_public_priors_concordant_with_d4
aayl49:0000577:fc479de27e5f,fc479de27e5fbd9f5cab6505ed0c65b5182e0acad62af3cca522eee1a954591a,0.6396040916,if6_consensus_when_public_priors_concordant_with_d4
aayl49:0000578:27e5252fa59f,27e5252fa59f82c30f92c61d9bd6ab93bd128af33389739c60d89069f9d6ec8a,0.6080568433,if6_consensus_when_public_priors_concordant_with_d4
aayl49:0000579:4d14bc4a7b23,4d14bc4a7b2390cf7093c2628ab5dea3c21904425ab744f040e75b0f4c641d58,0.5710971951,if6_consensus_when_public_priors_concordant_with_d4
aayl49:0000580:fae0a1f0271c,fae0a1f0271c63c028a705c281d1bcd58590cc382bcb51845592eb9cacc43a8d,0.7842728496,if6_consensus_when_public_priors_concordant_with_d4
aayl49:0000581:cabf32af774e,cabf32af774e430d4a36b1fb01a85bd911bdc9b9f45fb56c5133cce6da1c1075,0.5990876555,if6_consensus_when_public_priors_concordant_with_d4
aayl49:0000582:9beedea64c66,9beedea64c66a8a625068aafeb56b96cc51820ae392718e9bdb424528ca30056,0.8682439923,if6_consensus_when_public_priors_concordant_with_d4
aayl49:0000583:92837ba6bd08,92837ba6bd089f37bc0686524bab746e3ffd416c2da67b9bd6c6de7d51278765,0.7746075988,if6_consensus_when_public_priors_concordant_with_d4
aayl49:0000584:8eb69f25be32,8eb69f25be3218182979a72b9c1dde87423f17cd4486a8c677261cacec66a2d5,0.6788834929,if6_consensus_when_public_priors_concordant_with_d4
aayl49:0000585:2c3ca7fd9005,2c3ca7fd900567b54b19bfb1456549cd62bd24a20dc7b880da7b8ce3ac4700c7,0.4644707441,if6_consensus_when_public_priors_concordant_with_d4
aayl49:0000586:0bf0613d3b5f,0bf0613d3b5f32cb0678ecc747d813e858a3aeea00791049a1d8bc5a73e96240,0.7710507512,if6_consensus_when_public_priors_concordant_with_d4
aayl49:0000587:e4503d26fcd5,e4503d26fcd54da2ec77b121973abd4f5fa89b77f43cce06adb7ee7e31ed1517,0.6909456253,if6_consensus_when_public_priors_concordant_with_d4
aayl49:0000588:245d5db7cdac,245d5db7cdac0808919075d5698a3b7a3607a48d3df1283602755448db5356c7,0.7274413705,if6_consensus_when_public_priors_concordant_with_d4
aayl49:0000589:1c3824102b03,1c3824102b03e055fb91c0b3355c2735e86aa0e94028b1d56484dc5a1b142c68,0.7374545932,if6_consensus_when_public_priors_concordant_with_d4
aayl49:0000590:880affc3ddeb,880affc3ddeb253cf7fb6a1d91e06365797e04d132d4246c7cca6bd30f64be01,0.1449006349,if6_consensus_when_public_priors_concordant_with_d4
aayl49:0000591:2e19439ae8d7,2e19439ae8d71bbd3b4b696af337de356e3f4eb04896ebf1dad063186906fe03,0.3510399759,if6_consensus_when_public_priors_concordant_with_d4
aayl49:0000592:9c850c5e14ef,9c850c5e14ef5ecee49ad1fd91d65ac1e425f9cc08e927a80fb96f5c1a2b553d,0.4241861999,if6_consensus_when_public_priors_concordant_with_d4
aayl49:0000593:39832b2a8f46,39832b2a8f466a2e6a01f080404c0976c82e92c126fbf0cf1705b5406433f04d,0.9389159679,if6_consensus_when_public_priors_concordant_with_d4
aayl49:0000594:666b4849bcc4,666b4849bcc4f816223a1e9edd77d18eed59894d8c3169afe515694ca35b3d29,0.8482177258,if6_consensus_when_public_priors_concordant_with_d4
aayl49:0000595:0243237058bd,0243237058bd77cfe3f1d5eea1d96e15f3434bee2df4491df31b6be0f1c5c7be,0.2645944655,if6_consensus_when_public_priors_concordant_with_d4
aayl49:0000596:021637c56ba3,021637c56ba3c1b63617f7a0e8b5ab8fe801ed7f65bbec7c6fba2e2bb9d3bcd2,0.2059073895,if6_consensus_when_public_priors_concordant_with_d4
aayl49:0000597:208736da9059,208736da905996f175a2e1ba42f29124949ea169b8d260dc8f3d7f3d3af3248b,0.2188200802,if6_consensus_when_public_priors_concordant_with_d4
aayl49:0000598:f3e61f26306d,f3e61f26306dddc52f2dfb89a04eb57b5ccfa9f8c74f4cf988b5693e688af98d,0.3393644094,if6_consensus_when_public_priors_concordant_with_d4
aayl49:0000599:1838555ddf57,1838555ddf57018a94cc6ce0db399917278e7a914c43ea7ae2228e29d664f72b,0.2608056962,if6_consensus_when_public_priors_concordant_with_d4
aayl49:0000600:7d327d5c0c8e,7d327d5c0c8e5594d2ddfc4407ff15892ccd85acf359555a9137c8ff88af64af,0.2573262155,if6_consensus_when_public_priors_concordant_with_d4
aayl49:0000601:4d42c3634f81,4d42c3634f81a7ef2438f5139e61e1b65dd6a7135d67ee19df472984e9f91646,0.09031160921,if6_consensus_when_public_priors_concordant_with_d4
aayl49:0000602:9a0c637d4220,9a0c637d42206bade603e707b022055004dc5ce82e238f0b6abe025aa582766d,0.3484110534,if6_consensus_when_public_priors_concordant_with_d4
aayl49:0000603:ce4c817dd333,ce4c817dd3336603c265fb3a17d857e4aade73644c8a4f797ec516275855299f,0.481094867,if6_consensus_when_public_priors_concordant_with_d4
aayl49:0000604:0d8f7915f823,0d8f7915f8231f29fca88f07c5cd79c8b79d74c192655b4ae23a36ea022fc6fc,0.2799041271,if6_consensus_when_public_priors_concordant_with_d4
aayl49:0000605:e061e08276e8,e061e08276e816dcff25790f81ae50d37b1342c8e26630fded2c305813fe8780,0.5506842732,if6_consensus_when_public_priors_concordant_with_d4
aayl49:0000606:14e6b2b7e4e9,14e6b2b7e4e9388e3acd90fbed34ca93482f45ba088a2b113abf25d366e9bee7,0.9374468923,if6_consensus_when_public_priors_concordant_with_d4
aayl49:0000607:4609996739c8,4609996739c8a27dcc044f1714814e480ec6bbfb035cb719ae22c5c68a30f807,0.4389545918,if6_consensus_when_public_priors_concordant_with_d4
aayl49:0000608:4db6af9002af,4db6af9002af64fee752482ee072a0f13a2dae231fe2c8add85bacd99d78681b,0.264826417,if6_consensus_when_public_priors_concordant_with_d4
aayl49:0000609:aa52f3deb4b3,aa52f3deb4b3a35fee4081f77062db80bcfa0d6f35c27239af45275da13f833c,0.3256784976,if6_consensus_when_public_priors_concordant_with_d4
aayl49:0000610:bf949a78e727,bf949a78e7274cef292227923f1ad1f66ec1126aa83054075962c5e1cee14e0f,0.3695198298,if6_consensus_when_public_priors_concordant_with_d4
aayl49:0000611:b2600cde1991,b2600cde19913a21e9d8f84d049f6195c7d5659fcf388722143c5b2556684251,0.3940307796,if6_consensus_when_public_priors_concordant_with_d4
aayl49:0000612:9b724b7f6409,9b724b7f6409172a2bbc7457893f13a36e472ebb91b495803ab8de98e3cb41fd,0.3958091736,if6_consensus_when_public_priors_concordant_with_d4
aayl49:0000613:438616bb8ba2,438616bb8ba2b6f353caad9015c6effeee5dad1d8b57fba16245fc6e9c17d44d,0.5420243144,if6_consensus_when_public_priors_concordant_with_d4
aayl49:0000614:beca42d30017,beca42d300172f48b13ca5777f1c2bda25259f63690548391221464f4067dc77,0.4479238987,if6_consensus_when_public_priors_concordant_with_d4
aayl49:0000615:09eb49fa7f44,09eb49fa7f44a76d777f603091523c9c19126895e3d39592585ed4ddb9ae8108,0.671769917,if6_consensus_when_public_priors_concordant_with_d4
aayl49:0000616:11ef49e67eeb,11ef49e67eeb25efcc41206bef2bb0b07236d987220be47ea4257ebe255f4feb,0.7433697581,if6_consensus_when_public_priors_concordant_with_d4
aayl49:0000617:77924b62ffcd,77924b62ffcd014ba9ce1f3373badc84a709f8e2f93eb41b1009238dd6efbc0a,0.6773369908,if6_consensus_when_public_priors_concordant_with_d4
aayl49:0000618:d9dbb9c95fef,d9dbb9c95fef18f34c2511166d18a10a6a3b4adf92259c754706349f3e934109,0.7219516635,if6_consensus_when_public_priors_concordant_with_d4
aayl49:0000619:5d80b3695627,5d80b36956276b92a88e64fe9b33e21af4fa26483b855f4737596c66e53a951a,0.5466635823,if6_consensus_when_public_priors_concordant_with_d4
aayl49:0000620:82649cf3523c,82649cf3523cdec1d41ea2c02f81e520c90f025e245520b972e5ba85c4513e71,0.6099899411,if6_consensus_when_public_priors_concordant_with_d4
aayl49:0000621:db8e4228ed0d,db8e4228ed0d92e5bfcbe2cf958dc17902d4c1c55e22dd50446a30bdc93f8dde,0.3228175938,if6_consensus_when_public_priors_concordant_with_d4
aayl49:0000622:28c5f579fce4,28c5f579fce4b78beb8f6385bef39ebab8b4e76f991674d45a3e01f67625c430,0.3233588636,if6_consensus_when_public_priors_concordant_with_d4
aayl49:0000623:47f0faa442db,47f0faa442db555ff2f0bee3685371c581ec02aee43cda0a7084bff9f94dc409,0.06116136909,if6_consensus_when_public_priors_concordant_with_d4
aayl49:0000624:feb9bca9274c,feb9bca9274c90fbf076089cf71042f94ea38c3175abdd820a98bd93d70e9843,0.07623907924,if6_consensus_when_public_priors_concordant_with_d4
aayl49:0000625:c0c90ef9b6c3,c0c90ef9b6c3314b2b834e861826b32830e6f53bfc47235901ded4d9884a2589,0.4859661162,if6_consensus_when_public_priors_concordant_with_d4
aayl49:0000626:9fc194f52fa1,9fc194f52fa1136f038108ba80ce60477d42e27cc28a9e44b4b2096c7d193aa2,0.4991107881,if6_consensus_when_public_priors_concordant_with_d4
aayl49:0000627:185331295f74,185331295f7420f3e58311c5c7bc5e60b80f5df798e002c4fdeec966ce5ace08,0.5854790211,if6_consensus_when_public_priors_concordant_with_d4
aayl49:0000628:e1da4621ffc9,e1da4621ffc98058c6f97436d34be548cac0610afe00ed1b16d0b813b972f491,0.1562669128,if6_consensus_when_public_priors_concordant_with_d4
aayl49:0000629:277ae0abb2ae,277ae0abb2ae70e19889bc3502e501500fbe735d957121a224614948fef343b4,0.07453799993,if6_consensus_when_public_priors_concordant_with_d4
aayl49:0000630:d439938c9eac,d439938c9eaca015ed31f88a8a49cb5ed90209f98a8502d14bf53cf8fafa49e4,0.5270238519,if6_consensus_when_public_priors_concordant_with_d4
aayl49:0000631:a0d162dcd3d5,a0d162dcd3d5c15b888228abc5b2fd68a2fbfdab2202b7e9f228e816a3472701,0.1098739579,if6_consensus_when_public_priors_concordant_with_d4
aayl49:0000632:b7f8a559b5ae,b7f8a559b5ae842dfbc447e380fd32a5cd97bd521803626d42d025b60d6f229f,0.8953838944,if6_consensus_when_public_priors_concordant_with_d4
aayl49:0000633:ebcab262b01d,ebcab262b01d1e0312ca6adc45103d81bf8097e3b186aec943f1e9fff9cf0c19,0.4421248138,if6_consensus_when_public_priors_concordant_with_d4
aayl49:0000634:2deadf4b063c,2deadf4b063c07d118c7958ed09ba911ff0fdeddcf6d1820709f4ddbd8280884,0.8669295311,if6_consensus_when_public_priors_concordant_with_d4
aayl49:0000635:5865177de466,5865177de46687d0a83b5576be62a1a24aef8dd8ef77260f70754ab2939aef62,0.3738498688,if6_consensus_when_public_priors_concordant_with_d4
aayl49:0000636:911bd35cf75c,911bd35cf75c55e2bcdc068015ed699f6e8c13c3f8c37108f8af0e650ec3fb37,0.6951209903,if6_consensus_when_public_priors_concordant_with_d4
aayl49:0000637:062c5912a9d1,062c5912a9d1e2339d5bffbbe404f95908bd34541073cedde1f9cd3809011d23,0.5833913684,if6_consensus_when_public_priors_concordant_with_d4
aayl49:0000638:5a38d00691f0,5a38d00691f06a6e632be495ec561f473213fa9a610f960e756ff50c3f870495,0.6833680272,if6_consensus_when_public_priors_concordant_with_d4
aayl49:0000639:42cd328b2fb1,42cd328b2fb1abae5a2fac48a3d314159277c68f4c65a0ee39dda1f81ac72bfd,0.5376942754,if6_consensus_when_public_priors_concordant_with_d4
aayl49:0000640:1f7d3b79ca5e,1f7d3b79ca5e122ee93f25970dc1f9235f9b5fe23fa80e6d23e6f56b51c1db31,0.3825871944,if6_consensus_when_public_priors_concordant_with_d4
aayl49:0000641:84ff944e6593,84ff944e6593cb49918773ce2ff0118b374587bbba3b170d2f7d8e6bdddd82c6,0.6534447074,if6_consensus_when_public_priors_concordant_with_d4
aayl49:0000642:18b6ad5d26c6,18b6ad5d26c6416bb2db366da3fae51b0bed5b7aeb2b950b1df7af8b6f78a4fb,0.6833681464,if6_consensus_when_public_priors_concordant_with_d4
aayl49:0000643:caf65023d7a0,caf65023d7a09ce222681bf22ce1f8c81f3d9a06ae691ca8486eba7a62c3062a,0.8865692019,if6_consensus_when_public_priors_concordant_with_d4
aayl49:0000644:99eb0f40f5d4,99eb0f40f5d407aa451538250a23246e84c70e947be3fb1f583780132694dd39,0.44761464,if6_consensus_when_public_priors_concordant_with_d4
aayl49:0000645:22558f5a91e8,22558f5a91e8e667821be63a9f531f17980685ae3d0a6bf858362773aa171401,0.6875434518,if6_consensus_when_public_priors_concordant_with_d4
aayl49:0000646:83975db0edd9,83975db0edd9617ffb74096a6118e57cc5396e1da1b52fd7b69571de6a307e52,0.5799118876,if6_consensus_when_public_priors_concordant_with_d4
aayl49:0000647:6fa9591779dd,6fa9591779dd7d7d56d50eddb3772f43020fcd1f6a2b473ac8c9b91356bdd2d0,0.5314311981,if6_consensus_when_public_priors_concordant_with_d4
aayl49:0000648:e5fe9fda1b7a,e5fe9fda1b7a774e27d63d89afc8332af49c3df576f5e7ecdba0cc78cc4cbf34,0.5678496957,if6_consensus_when_public_priors_concordant_with_d4
aayl49:0000649:2ed0e635598d,2ed0e635598d643fe755570fe402204620b1f2aa526e0e5304c59f1d3d02daa9,0.6004793644,if6_consensus_when_public_priors_concordant_with_d4
aayl49:0000650:99a2bcfa2a76,99a2bcfa2a76d2aafea3c896ad1fd0593db1ca05212e520aa5f5f681ba794fd7,0.519446373,if6_consensus_when_public_priors_concordant_with_d4
aayl49:0000651:b937848498be,b937848498be53b5577c4c608e26a5ba49de9fc0da650b017cddd03ecae2c6fd,0.5666125417,if6_consensus_when_public_priors_concordant_with_d4
aayl49:0000652:dc296ab602ff,dc296ab602ff1b5e4085cf6f7802b53b90299cfb6e28a5ef9292e67ce4192492,0.5607361197,if6_consensus_when_public_priors_concordant_with_d4
aayl49:0000653:db327a706e8c,db327a706e8c338c82e47d9534f896293f73293ac19729c383bd5f1b2dda6874,0.6900177598,if6_consensus_when_public_priors_concordant_with_d4
aayl49:0000654:c6cd9a2cd69b,c6cd9a2cd69bcfc997c243e5eb2f168d3a306e6f871ccf7e9a4e1556f0a242d2,0.4261192381,if6_consensus_when_public_priors_concordant_with_d4
aayl49:0000655:dc857937e4a0,dc857937e4a07de991afdf7ad513056874d2d9c28fb4b20825ad7393e7cbca3e,0.4885177612,if6_consensus_when_public_priors_concordant_with_d4
aayl49:0000656:4637e4b64bcd,4637e4b64bcda506d0869dfbddec46d446681614f751e4e37a042cd17b421b23,0.5963039994,if6_consensus_when_public_priors_concordant_with_d4
aayl49:0000657:7ab248a2f331,7ab248a2f3313b4fa92aac554fd22a876d618386a8a7d60b091a3d84f7e2a0a6,0.4120467007,if6_consensus_when_public_priors_concordant_with_d4
aayl49:0000658:576927c19a90,576927c19a903df86f0135ad041246a1d5221836a988e2f02d47a1f7327ea41a,0.4020721912,if6_consensus_when_public_priors_concordant_with_d4
aayl49:0000659:b10baf770fe4,b10baf770fe4a9d36d3835917aa065693cd37ba9e74a228f0d6b069169d84646,0.6266140938,if6_consensus_when_public_priors_concordant_with_d4
aayl49:0000660:f8306ef798a5,f8306ef798a54ee0733d0642de460a24068f5b2712273d81b404e76c52e09936,0.5793705583,if6_consensus_when_public_priors_concordant_with_d4
aayl49:0000661:b851a3d2406c,b851a3d2406cbba42339ca396e988052ebed87a04ed00f068d9b0db13f203718,0.702157259,if6_consensus_when_public_priors_concordant_with_d4
aayl49:0000662:f95eb9986eb3,f95eb9986eb3b48c9dfb9f5f7063d1651123d2f94425d2bcaa0a736b549c13f9,0.1479161829,if6_consensus_when_public_priors_concordant_with_d4
aayl49:0000663:06dada6ee5e5,06dada6ee5e51105dc839611a5977493cf364716ffed2333aaedc59399fabebf,0.3610917628,if6_consensus_when_public_priors_concordant_with_d4
aayl49:0000664:848c0a408056,848c0a408056af871dc34ab4cf4437975098754fff21bb5acd56bb4e0da70b27,0.2765019834,if6_consensus_when_public_priors_concordant_with_d4
aayl49:0000665:748c1c67c795,748c1c67c795538de5b9a0ff12b93870d5b1934b12dfe55491327ac62574774e,0.4989561737,if6_consensus_when_public_priors_concordant_with_d4
aayl49:0000666:416a109a4260,416a109a42605b7e2e87da0052978bdc0d829534f68a344702ae5babf1d0f651,0.4822547138,if6_consensus_when_public_priors_concordant_with_d4
aayl49:0000667:3e6115cc9ded,3e6115cc9dedeef5fb3466140861540ccb3153a38107dbeb4e0b26593a3a0605,0.7285239697,if6_consensus_when_public_priors_concordant_with_d4
aayl49:0000668:6fbdc67e00bb,6fbdc67e00bb440a3787fed689fc566c9cee529166212829d138727a875c51e5,0.738266468,if6_consensus_when_public_priors_concordant_with_d4
aayl49:0000669:4c0f440ea978,4c0f440ea97860895ada5ef671ab6cdc42cb87a5a2b4fa84fcb5ed2cc0549099,0.8344545364,if6_consensus_when_public_priors_concordant_with_d4
aayl49:0000670:f0ca37454534,f0ca374545340a76a6c0e4d9618fc41dcd6c5dc6aeea5a045ec1fd876be20079,0.7101213932,if6_consensus_when_public_priors_concordant_with_d4
aayl49:0000671:f2631a1f8250,f2631a1f8250e338745c00bc5cce8375339aefb07a5efb8c554861210d50f8a7,0.285509944,if6_consensus_when_public_priors_concordant_with_d4
aayl49:0000672:79060f68a968,79060f68a968b816dfaea16346d2884ecf0923d3051c6953da71056cb4efe24b,0.7320807576,if6_consensus_when_public_priors_concordant_with_d4
aayl49:0000673:e210965548c4,e210965548c4952668658410dc4f165409eafa19c5cf2e2807c45791c5178115,0.5506842732,if6_consensus_when_public_priors_concordant_with_d4
aayl49:0000674:0d6782235734,0d67822357341ee07a0f521208d519502bb47c07640cad354227f9e32a4d1aa8,0.6058918834,if6_consensus_when_public_priors_concordant_with_d4
aayl49:0000675:aa3d29bedb15,aa3d29bedb1598347218133f0d9e6ecbed944b1beacb2a29e85edf8f6ff92ca1,0.9256939888,if6_consensus_when_public_priors_concordant_with_d4
aayl49:0000676:fb5b4a7b4288,fb5b4a7b4288324a6bcc1aa9560391697237123438948a3a510e91b6975170cf,0.4588262737,if6_consensus_when_public_priors_concordant_with_d4
aayl49:0000677:fcb90242f8d7,fcb90242f8d706c6af78c6db48fa02cbc0de7fbd5df088b50b594aa07ed06623,0.3513492644,if6_consensus_when_public_priors_concordant_with_d4
aayl49:0000678:0cffbc117751,0cffbc117751effce1b378c2e783356993f7e5fa4f80f64dc92a6154185d5d97,0.7161524892,if6_consensus_when_public_priors_concordant_with_d4
aayl49:0000679:b1dc8e647fb2,b1dc8e647fb22340061c658657713813cddec6cd395562b2cb6bf463c0b925b2,0.8222376704,if6_consensus_when_public_priors_concordant_with_d4
aayl49:0000680:1659600d7d8d,1659600d7d8d95ad3ad4ac6f64918f05574ffc9f7bfa60c51461ac1b1a6b0a8d,0.7413592935,if6_consensus_when_public_priors_concordant_with_d4
aayl49:0000681:40c424dabd21,40c424dabd217b14a62c3ba97e6b5d04908c8bbe679e903e5b4a6d36629652a3,0.7034717202,if6_consensus_when_public_priors_concordant_with_d4
aayl49:0000682:d6f607434d00,d6f607434d00e3e5483bb022a5edb62a57197da1e2e4a722444f1d9488a652e2,0.8756669164,if6_consensus_when_public_priors_concordant_with_d4
aayl49:0000683:b31c50df52e8,b31c50df52e8005309e9eb64c1da8aacd399f06cd9b1bde9315189f57962fd58,0.7997371554,if6_consensus_when_public_priors_concordant_with_d4
aayl49:0000684:c22647228c80,c22647228c802bc2c90e2cd625c0a3840727284a8005bb21334b9924f5533c63,0.6840640903,if6_consensus_when_public_priors_concordant_with_d4
aayl49:0000685:af101b313573,af101b3135737502cd9857bd31976e98530a607dfbeaf23fdfa2fce33675cee8,0.9252300262,if6_consensus_when_public_priors_concordant_with_d4
aayl49:0000686:64939c9b4a77,64939c9b4a77fbb26998ae2dff52039d971fa39f0a628808d17f8849a21cc8b2,0.5870254636,if6_consensus_when_public_priors_concordant_with_d4
aayl49:0000687:e24d07232458,e24d0723245851096df17cd81f062ba3b5f6d97dd9c0014d9f6b0efc28ff6b45,0.4626923501,if6_consensus_when_public_priors_concordant_with_d4
aayl49:0000688:5152fcb1587b,5152fcb1587b9f48aa3591a131936e33efdde66e4f83180165c4d193235d13c9,0.7742209435,if6_consensus_when_public_priors_concordant_with_d4
aayl49:0000689:52e3c550d647,52e3c550d6470132f58bf820c04c5ead3b8bd8d7db0eb64d998c4bcfdd1866fe,0.4898321927,if6_consensus_when_public_priors_concordant_with_d4
aayl49:0000690:02d59154b227,02d59154b227d17ed927e3a50062c330063eee65d9e9f437d2c143f52038bded,0.3931802213,if6_consensus_when_public_priors_concordant_with_d4
aayl49:0000691:19218033f181,19218033f181c431b25f2b745946f1cab3687358cd789ff6275ab5bca0373e76,0.7519523501,if6_consensus_when_public_priors_concordant_with_d4
aayl49:0000692:f44c0d4d8902,f44c0d4d89023dba3757f58f0a4d38054e627426c07becd6256f681a33f360c9,0.2596458495,if6_consensus_when_public_priors_concordant_with_d4
aayl49:0000693:cc64b6d34068,cc64b6d340683949bf6fb6846bd6434c44b94dbcf77fcc635ccbf681351a1c1e,0.6020258069,if6_consensus_when_public_priors_concordant_with_d4
aayl49:0000694:b761ec31c02c,b761ec31c02cc1c7f5523d792aaa830a8def59e41a02cf07e9ff75f7afa2bc7b,0.5996288657,if6_consensus_when_public_priors_concordant_with_d4
aayl49:0000695:01bee50cd0a1,01bee50cd0a1bb89c4a838dfadaebbdbc0982197b59c327247943f9a92cdf58f,0.7187814713,if6_consensus_when_public_priors_concordant_with_d4
aayl49:0000696:e763222f5ac3,e763222f5ac39ce01225b247bcac450477ffd07efd3bc9dc9868a086c4e5fb1c,0.5630557537,if6_consensus_when_public_priors_concordant_with_d4
aayl49:0000697:e1d90fbfae9a,e1d90fbfae9aee7ff6b29b9c248ae9958764916b77200f9d4d0adaa2e2ef856f,0.7780870795,if6_consensus_when_public_priors_concordant_with_d4
aayl49:0000698:f730be5c8853,f730be5c885316b9cf676dced6a2735cc496b580b2e857c23fc477ed0d2c2c99,0.8333720565,if6_consensus_when_public_priors_concordant_with_d4
aayl49:0000699:ebb99117b348,ebb99117b348fbb0cf845acd629f837dfc26c9363c802ed63aedd3d50b12fc9a,0.7017707229,if6_consensus_when_public_priors_concordant_with_d4
aayl49:0000700:f74a9a199c98,f74a9a199c980674411be07a73a7f6335c238f2cc5e067ea86e5c7404ea6866f,0.7318487763,if6_consensus_when_public_priors_concordant_with_d4
aayl49:0000701:4a1912d70bbd,4a1912d70bbddeec23224f8f06811588c5c14b87256aa86b5ef054f84142cd07,0.7823397517,if6_consensus_when_public_priors_concordant_with_d4
aayl49:0000702:2d8191ec0c7d,2d8191ec0c7d8640fe5061c1f950591427f0ea1a68e0ca767ceb30913ae4f8e7,0.299002558,if6_consensus_when_public_priors_concordant_with_d4
aayl49:0000703:c87d81209deb,c87d81209debc9a438e7b55ec1614fff43b84b954d1af121bcb89161625af199,0.1715765744,if6_consensus_when_public_priors_concordant_with_d4
aayl49:0000704:137ecf963188,137ecf96318817d2f64d74318887c86103ffce3190d6091e044d630c431a2eaa,0.5450398326,if6_consensus_when_public_priors_concordant_with_d4
aayl49:0000705:32fac475a6eb,32fac475a6eba1c29bdeb8ebeb505ce1cd2b03ad3c5ad6e97eba3c8abac809eb,0.5956081748,if6_consensus_when_public_priors_concordant_with_d4
aayl49:0000706:49b45c34901f,49b45c34901f5c1090808647a7ccf295cd83233cbc60f06ae8b1cf03bc2e515e,0.3510399759,if6_consensus_when_public_priors_concordant_with_d4
aayl49:0000707:3c64d3ccebaf,3c64d3ccebaf7531d1be01825e39613ae4ccd7280d9f3fd0d645270c8ce316ac,0.4021495283,if6_consensus_when_public_priors_concordant_with_d4
aayl49:0000708:171438ec3402,171438ec34024ddb96b3c3851f911dfa73b138e11e3d1d0c25bd533cbcbfc4c0,0.8700997829,if6_consensus_when_public_priors_concordant_with_d4
aayl49:0000709:2d1f16e11a5c,2d1f16e11a5c20c4756b29648a4e7af098d88faa58264bc956d458433ce4affb,0.7347096801,if6_consensus_when_public_priors_concordant_with_d4
aayl49:0000710:b643415f961b,b643415f961b6f8fdc211e112a7a9d9c97f95077d7fcb00a5034b921efcc2458,0.90141505,if6_consensus_when_public_priors_concordant_with_d4
aayl49:0000711:5813cd198123,5813cd19812368a9977024b7bbd695114a7b729c8d30f1c2330f5adb9fac4564,0.6934972405,if6_consensus_when_public_priors_concordant_with_d4
aayl49:0000712:8dcd2599caf5,8dcd2599caf5ac52521170b2fc3d1f584590b5b9e9c19ee02c5d721de2935cb6,0.735637486,if6_consensus_when_public_priors_concordant_with_d4
aayl49:0000713:4c83a6d969b8,4c83a6d969b83570ce894e600cefa337ef272c0342184671b2d96ae62a237bfa,0.7974947095,if6_consensus_when_public_priors_concordant_with_d4
aayl49:0000714:f345287b8290,f345287b82902a3876d2536334432152d08b3e9a690247b2f3c41bb423823304,0.8603572249,if6_consensus_when_public_priors_concordant_with_d4
aayl49:0000715:1715513cbfb2,1715513cbfb2e24576b0fc9efff00c795a8a4949d2e530d6fc4e0fbd93b5dd3b,0.1628392488,if6_consensus_when_public_priors_concordant_with_d4
aayl49:0000716:95d1ac21c96d,95d1ac21c96d1de407c3560ab5cb5c14e4969d819dae6b07ce6921081ddc393b,0.7990412712,if6_consensus_when_public_priors_concordant_with_d4
aayl49:0000717:6a82dfe7a358,6a82dfe7a358ddcf7c4a0232704a09ca5a50a57ae793a621cf7ab9fe39806d7f,0.8408721089,if6_consensus_when_public_priors_concordant_with_d4
aayl49:0000718:10ac3205a0f9,10ac3205a0f93df30acecec53ab2981ac53eb8a8b788b0ac402282435ec6af47,0.7870563865,if6_consensus_when_public_priors_concordant_with_d4
aayl49:0000719:a512c055466f,a512c055466f55e29d72f826db189849cef3fbc18e018e4a2e759c8ed9515e35,0.7568235993,if6_consensus_when_public_priors_concordant_with_d4
aayl49:0000720:14f88c234749,14f88c2347492bf857674da7e5f50972e9f1a07227a81ed9b6c78c48cfe9c4d1,0.710044086,if6_consensus_when_public_priors_concordant_with_d4
aayl49:0000721:a9aae829143a,a9aae829143aa899fdca09190d91a403a3127a574152b096f8fce01b06e27480,0.7386530042,if6_consensus_when_public_priors_concordant_with_d4
aayl49:0000722:4da2281d3ea8,4da2281d3ea8882055c0e54c69bc5a57b0a3cb8aa11c66cbe2bfc6bfdb8a5657,0.5382354856,if6_consensus_when_public_priors_concordant_with_d4
aayl49:0000723:0af526685f00,0af526685f00fa199efea02710e852d27b8784de5dcb0b9543989edff04cd972,0.6430062652,if6_consensus_when_public_priors_concordant_with_d4
aayl49:0000724:03c1472bb3ec,03c1472bb3ec0cc603cc584bd0368d81619018c0160e56ae8065cfe9be1727e7,0.7167710662,if6_consensus_when_public_priors_concordant_with_d4
aayl49:0000725:20b65f3afc80,20b65f3afc801c9fcefc8b157277d28f8f3f864ffa77c110cd0060459f0671d9,0.3974329233,if6_consensus_when_public_priors_concordant_with_d4
aayl49:0000726:ef61d8a7128f,ef61d8a7128f2c969e383d4f2668d0ac8bbfa29a77c696ed559f6eeb3b5a8904,0.8760535121,if6_consensus_when_public_priors_concordant_with_d4
aayl49:0000727:eaa1664bc91a,eaa1664bc91ae01f8637986231506f4d7dff634fa22051e92322cb00c17891f5,0.8707183003,if6_consensus_when_public_priors_concordant_with_d4
aayl49:0000728:238f9b11621c,238f9b11621ce92659dea0de48539bef5f494ca22855b1059250d31ec9ad8ed2,0.8642233014,if6_consensus_when_public_priors_concordant_with_d4
aayl49:0000729:7fbe46dd0579,7fbe46dd057989e8b04b869e9cf536393c65b2dbd70c0103395a14246d2301a2,0.6968994141,if6_consensus_when_public_priors_concordant_with_d4
aayl49:0000730:2b99d00963c7,2b99d00963c7d18b4a2b186da3f24c9231a9270c80f3ad18762eb2d452f61302,0.7869017124,if6_consensus_when_public_priors_concordant_with_d4
aayl49:0000731:7a5049d6d58b,7a5049d6d58b4bd0b69b216eed786f6124d96d9bba4abb12d39f1bf2d8b7c9c8,0.6634191871,if6_consensus_when_public_priors_concordant_with_d4
aayl49:0000732:18cae1427c63,18cae1427c630e450eda994a4d89c4538364ffaebf0be40611cd676e2457c02c,0.4002938271,if6_consensus_when_public_priors_concordant_with_d4
aayl49:0000733:37a0b6b77709,37a0b6b777093d92d98c4ad3e6a23d8c30e8156c0ecc04b1f607fe6f93021ace,0.2928168476,if6_consensus_when_public_priors_concordant_with_d4
aayl49:0000734:c7b8dfcc4dbc,c7b8dfcc4dbcff9fd1e86a3ce24b468e4e6b9f4c962914206e82cd65574ee46d,0.4738266468,if6_consensus_when_public_priors_concordant_with_d4
aayl49:0000735:4249ea970449,4249ea970449e13ac44350532c76c2ac0baed1abf9f485109f91d313c2be5ebd,0.3783345222,if6_consensus_when_public_priors_concordant_with_d4
aayl49:0000736:4eaf708f2d8c,4eaf708f2d8caf1e755ae3706086b086b0ee47584bfb1fcf8b5c4fbb0140d3bf,0.6621820331,if6_consensus_when_public_priors_concordant_with_d4
aayl49:0000737:f1ebb501f31f,f1ebb501f31f620e873e3ea14b0db090fa1e24216de2ef521e4752943224fca1,0.407407403,if6_consensus_when_public_priors_concordant_with_d4
aayl49:0000738:ba85a6243dd2,ba85a6243dd262aa4245a4f8a513c29154d02bacac1b47ab13851536bed28f38,0.7517204285,if6_consensus_when_public_priors_concordant_with_d4
aayl49:0000739:cbb0f56f6ce8,cbb0f56f6ce869d49c5b620852baee99f8d75f671e40ad47ea7955e1adca2477,0.6301708817,if6_consensus_when_public_priors_concordant_with_d4
aayl49:0000740:98d9386c6055,98d9386c605568cce784a4b4b03f78aa784cdf3745bdaa5fbbd06c746c2ed7ea,0.7494781017,if6_consensus_when_public_priors_concordant_with_d4
aayl49:0000741:03d027a43fb6,03d027a43fb662beaac8b0044225f79e18e85bc0dc5dd4d99ab947a05b150b05,0.4512487352,if6_consensus_when_public_priors_concordant_with_d4
aayl49:0000742:8006a3bdb02a,8006a3bdb02a24a78cc75861c1edd3d5c839a01b825040974deb6bc06435202b,0.9003324509,if6_consensus_when_public_priors_concordant_with_d4
aayl49:0000743:f10accf56c18,f10accf56c188468a6aa27eee4a2e4c834d757396191f28b659307711c76c538,0.849686861,if6_consensus_when_public_priors_concordant_with_d4
aayl49:0000744:31b2288f02fc,31b2288f02fcdce9bce5caa48014e0f3a95687babdc3c0b14e374abe51cb95d1,0.8683986664,if6_consensus_when_public_priors_concordant_with_d4
aayl49:0000745:18ebe5d871e4,18ebe5d871e4a3486183dbcca8e5c9986a34bb475e0f09ea7044cbc443d7a95e,0.4333101213,if6_consensus_when_public_priors_concordant_with_d4
aayl49:0000746:958ced1caa22,958ced1caa2213bb1747524a052e5dc3d010ea5933f7eb6d4e28dd17eaa3ee7c,0.9724735618,if6_consensus_when_public_priors_concordant_with_d4
aayl49:0000747:763cb9e2d051,763cb9e2d051e9ee38690c1ea1760e4b1042c9f723a020727cd26ab7c343c979,0.8917497993,if6_consensus_when_public_priors_concordant_with_d4
aayl49:0000748:edafa79262fd,edafa79262fd3d58f04a711d014589ffe5103ee91fb5f9d9a4b5bad608831d3f,0.5342921615,if6_consensus_when_public_priors_concordant_with_d4
aayl49:0000749:da5e594de4dc,da5e594de4dc3d85be51e26cc8857f57634d710280c9d7cff0865ecd400c7bc9,0.4950127602,if6_consensus_when_public_priors_concordant_with_d4
aayl49:0000750:9729d8136bd0,9729d8136bd0ee54171cdb418e24b7abc470c721f78d88150fff12f854fa6a39,0.6252222657,if6_consensus_when_public_priors_concordant_with_d4
aayl49:0000751:41652fdec273,41652fdec27372e51aea746a1d59c51cd37d4a3ebfd291c0fc45ee156215c875,0.4989561737,if6_consensus_when_public_priors_concordant_with_d4
aayl49:0000752:e1c49f8a1a12,e1c49f8a1a12bac8d83555dc3dbdf933855a225eef35f9d44c37b1d95db3a6ad,0.8893527985,if6_consensus_when_public_priors_concordant_with_d4
aayl49:0000753:8ebac6edbe9d,8ebac6edbe9d9ea6fcbe00f73e0a8a53bb40602fe09d3468bb53088cedb785d7,0.5519214272,if6_consensus_when_public_priors_concordant_with_d4
aayl49:0000754:0d9ce20c1e0c,0d9ce20c1e0ca36af908e02411b0b0d1699f394b818fd4781ec7d689bb9f1227,0.7217969894,if6_consensus_when_public_priors_concordant_with_d4
aayl49:0000755:4075fd227f4b,4075fd227f4ba2c839563d8cd5af12fc54f786edc528872ae5059ff412ad3f6f,0.8223922849,if6_consensus_when_public_priors_concordant_with_d4
aayl49:0000756:2c29c1eb65e2,2c29c1eb65e2a12dd4102c4d6118aebea8060244cf87905a9648a4fa94da588c,0.5588803887,if6_consensus_when_public_priors_concordant_with_d4
aayl49:0000757:b3894c1daa77,b3894c1daa77ef29808a850b6fd51b9805d23de386ee55188fa328e0d6fe17f1,0.8788371086,if6_consensus_when_public_priors_concordant_with_d4
aayl49:0000758:e1e1de435105,e1e1de435105d1fc23c98375069033167a738331cd2be6c21dc28e5d1581075b,0.6050413251,if6_consensus_when_public_priors_concordant_with_d4
aayl49:0000759:31674f911623,31674f911623e390a43dfc5fe04afd31dd6ad215693d8d3ed815bf2bbb8a5771,0.9370602965,if6_consensus_when_public_priors_concordant_with_d4
aayl49:0000760:19c26f2706f4,19c26f2706f483ce6805e1971c64f328e054b65dfffa202a426125bc561dc843,0.4993427694,if6_consensus_when_public_priors_concordant_with_d4
aayl49:0000761:22656ad3509e,22656ad3509e055ee0dce3ba979593cbcac7ecd46b7cea15eef05de0bfd37360,0.4626150131,if6_consensus_when_public_priors_concordant_with_d4
aayl49:0000762:d604f682ec11,d604f682ec11e03bf51d5423690dfe4df3020892655f1addabc2be1facfa8906,0.1538699418,if6_consensus_when_public_priors_concordant_with_d4
aayl49:0000763:6945fe306e5d,6945fe306e5d8cee639917cd1b9a23b07cd35c6cb4272fa432b0ce39b3b5d7ac,0.2587180138,if6_consensus_when_public_priors_concordant_with_d4
aayl49:0000764:f42b9f0fd4b3,f42b9f0fd4b37a75f10698daaa4335e7262a162b68a60a5e982c9fce5ee31443,0.502590239,if6_consensus_when_public_priors_concordant_with_d4
aayl49:0000765:74ba258f88a2,74ba258f88a23cee32b78e88345ac403849a25129ffb7af837488992146dad42,0.4164539874,if6_consensus_when_public_priors_concordant_with_d4
aayl49:0000766:02c902d8aaa6,02c902d8aaa693b743b0071fa92b935081d4034f41b5cbb5cd73d7f8310d3ff8,0.2679192722,if6_consensus_when_public_priors_concordant_with_d4
aayl49:0000767:459bdc8f07fe,459bdc8f07fed797f0da6e2f75b3afce394ee3bf394e8c53b38e072256e45ddc,0.6968994141,if6_consensus_when_public_priors_concordant_with_d4
aayl49:0000768:bc2f3662ffb6,bc2f3662ffb66fca62af36b1d56128c06c38ac411d4486d20782d1ccb948a9d2,0.9246888161,if6_consensus_when_public_priors_concordant_with_d4
aayl49:0000769:9dcd5f3478fc,9dcd5f3478fca1e5dc3a9e134ab8fe4c749ad696a5640aefa9f52a623b3130cc,0.813113749,if6_consensus_when_public_priors_concordant_with_d4
aayl49:0000770:9ddd9f4b8769,9ddd9f4b87699cd0d37deae1b42f68352c6740cc918c875656ba8f7308b89d77,0.8493002057,if6_consensus_when_public_priors_concordant_with_d4
aayl49:0000771:30a8a28ddaf7,30a8a28ddaf702c50c4d02a51f3144b8b61c3eae03d977e907d6ebc85f1c40fd,0.7115132213,if6_consensus_when_public_priors_concordant_with_d4
aayl49:0000772:c40a54335efb,c40a54335efb33321ddedefb06a2503744dab9bd33e4138df394b0e0d5344fc1,0.6085208058,if6_consensus_when_public_priors_concordant_with_d4
aayl49:0000773:ea5aa041be78,ea5aa041be783359a81a53e53c7364e7a6c63e064287fbe90c170b3b57e1d555,0.5409417748,if6_consensus_when_public_priors_concordant_with_d4
aayl49:0000774:ff895efadf47,ff895efadf47140aec9575ff342374cd38b3ae5ae15305956e326a59b7832599,0.5288023353,if6_consensus_when_public_priors_concordant_with_d4
aayl49:0000775:87d17c6de915,87d17c6de9155ca7966ab0bd93d4b05e8ab350c8bb741d822c7b665fad1b5691,0.305033654,if6_consensus_when_public_priors_concordant_with_d4
aayl49:0000776:8a48d0b9a374,8a48d0b9a374e088760b1a85317bb2af389b98803222b6c93065b3d10c702204,0.5867934823,if6_consensus_when_public_priors_concordant_with_d4
aayl49:0000777:964205c591fc,964205c591fc91e78963841b3144a952fcbb8ce3ec63033481963b24b55b1655,0.8641459942,if6_consensus_when_public_priors_concordant_with_d4
aayl49:0000778:f55ccc63d830,f55ccc63d83090fa09f58088868261819421004fec289f6a20574491f5954d9f,0.6440114379,if6_consensus_when_public_priors_concordant_with_d4
aayl49:0000779:1122eaf10250,1122eaf1025065e12ac5e8f3e186c4e1baaf6cdcfb4d28ce2fb57e355238f9e2,0.4173046052,if6_consensus_when_public_priors_concordant_with_d4
aayl49:0000780:504b0a32ded0,504b0a32ded0eafb4269918eded391f94db53a7bad96d637cd6b86bef6727f12,0.8940694332,if6_consensus_when_public_priors_concordant_with_d4
aayl49:0000781:01d4e06397ce,01d4e06397ce66142625662d526f12338dcf3e162524ee9191bd53956aeed6d8,0.5347560048,if6_consensus_when_public_priors_concordant_with_d4
aayl49:0000782:6c8f2dfbf87b,6c8f2dfbf87b634c471206866ebd29cb2e436249fb9f9ed0e45b51944879a573,0.8418774009,if6_consensus_when_public_priors_concordant_with_d4
aayl49:0000783:c55db94aa93e,c55db94aa93e489c8b7a4170efde54965df439375971c461603bdd1d3ccaf36d,0.4773061275,if6_consensus_when_public_priors_concordant_with_d4
aayl49:0000784:f483bad629da,f483bad629da1b261cdcf8fba1156045a384d278296aa069f142800da25c9b7f,0.7453026772,if6_consensus_when_public_priors_concordant_with_d4
aayl49:0000785:ffa4179639b0,ffa4179639b0f5dbd8622f91f84a7804a771106f82f589bb1b9a0faa380a2979,0.1874275208,if6_consensus_when_public_priors_concordant_with_d4
aayl49:0000786:c91dd05b9fb2,c91dd05b9fb29db6ab938d63a6add142f2de2c4b73d1204f3427b47e09fcfe27,0.5466635823,if6_consensus_when_public_priors_concordant_with_d4
aayl49:0000787:b622aef20bf2,b622aef20bf239f31d92273ea66946d7330055e53bdabb4d3ed935e85b4e7098,0.4815587997,if6_consensus_when_public_priors_concordant_with_d4
aayl49:0000788:f3c72851d86b,f3c72851d86bb3ae6fc8d6c0322f1e89b64d7dca77c7e4c63b1154fe1c6fdfdb,0.450552851,if6_consensus_when_public_priors_concordant_with_d4
aayl49:0000789:37c7b31cf555,37c7b31cf55534b6d91c66147d6c72c996dbdd742664b68fb95301e5bffd13b4,0.4602953494,if6_consensus_when_public_priors_concordant_with_d4
aayl49:0000790:a6e4048c4d4e,a6e4048c4d4edc4d7723391528fa9e52637f80608a31fb0fb3410ac74611e7f5,0.2925075591,if6_consensus_when_public_priors_concordant_with_d4
aayl49:0000791:e8ec6ae356b6,e8ec6ae356b63485e470cc093418df5a29b3aa20a616a2bee210c35492b585aa,0.5486739278,if6_consensus_when_public_priors_concordant_with_d4
aayl49:0000792:d4d0bdcebad2,d4d0bdcebad264bcc1464d71d913467b433920e6501589d7faf43518fe890b20,0.2076857537,if6_consensus_when_public_priors_concordant_with_d4
aayl49:0000793:1c839f800651,1c839f8006518e8911ec190525e672bcd9981068706bb4b70cc29da09b2d7f2d,0.2342070788,if6_consensus_when_public_priors_concordant_with_d4
aayl49:0000794:d5a81a9441c4,d5a81a9441c4da9627f7d0e9d0fcde606de7be45d7c96cdc8f612a724198d9d8,0.5636742711,if6_consensus_when_public_priors_concordant_with_d4
aayl49:0000795:76cc965a8528,76cc965a85280589ba1f5b1997064732505784e4e35ac93f436e7d3222b700cf,0.9242248535,if6_consensus_when_public_priors_concordant_with_d4
aayl49:0000796:861a878569b8,861a878569b8d43f009c2907685d962f25ce9816966730e35532a7faa03c592a,0.6173354983,if6_consensus_when_public_priors_concordant_with_d4
aayl49:0000797:521987644ae6,521987644ae6e0429f2e883646b839cdc065858e8efd041b40f0ff4487201902,0.7092708945,if6_consensus_when_public_priors_concordant_with_d4
aayl49:0000798:dd519a039b16,dd519a039b16baf892d14f8579c47a3bde47ae6e12099e58dd49bb1d649b506e,0.3755509555,if6_consensus_when_public_priors_concordant_with_d4
aayl49:0000799:a291d0d4cd1c,a291d0d4cd1c9fa778f671c3fc15f1d70ed34b79b96fa65cfdaada151bb1f2b9,0.5174360275,if6_consensus_when_public_priors_concordant_with_d4
aayl49:0000800:8bb8a1baf3e0,8bb8a1baf3e033e01d152473b770a3f905ff955709c7ff3399b13ab5239560eb,0.7379571795,if6_consensus_when_public_priors_concordant_with_d4
aayl49:0000801:84d3c74dac38,84d3c74dac386c317521431fcbf1c39d2eaa49bd4470fe45e43adbd915de6993,0.6380576491,if6_consensus_when_public_priors_concordant_with_d4
aayl49:0000802:c0eec06e443c,c0eec06e443c3a73e004f897b73fe252a6f0a6fdef6518564c7cedb405e18415,0.6653521657,if6_consensus_when_public_priors_concordant_with_d4
aayl49:0000803:22fb4f24f3b5,22fb4f24f3b5679f05fa3d0506887028ce918138394881205b3c61dbbe486b0f,0.6484960914,if6_consensus_when_public_priors_concordant_with_d4
aayl49:0000804:33ee496e13b4,33ee496e13b40d5539f3b0d5c1aab093af41c38944d819d6693232e60beb7748,0.4640068114,if6_consensus_when_public_priors_concordant_with_d4
aayl49:0000805:80fcb4545208,80fcb4545208f145e7aa874ad4d806c3be6867e2b6b647a0ba3f1752b70aa270,0.7920050025,if6_consensus_when_public_priors_concordant_with_d4
aayl49:0000806:bad2fe5e113d,bad2fe5e113d00c17b24ff402ba736e26d28674d357bcd8b6fb3f0a0f100bf89,0.970231235,if6_consensus_when_public_priors_concordant_with_d4
aayl49:0000807:1bfc29abc0ce,1bfc29abc0cef2ca368d8ad5305fd327c5652fceeddddb9fb098264d4845a84d,0.886105299,if6_consensus_when_public_priors_concordant_with_d4
aayl49:0000808:28b1fc6a9f8b,28b1fc6a9f8bb1b71b40088f48b88b1651c8ffe068fec7b407ea4fea64e95f52,0.8493002057,if6_consensus_when_public_priors_concordant_with_d4
aayl49:0000809:86b9dbe64581,86b9dbe64581940ca9d8f0baf6975405c8f613ef3d5f912bd524b67d2585714d,0.5579525232,if6_consensus_when_public_priors_concordant_with_d4
aayl49:0000810:7ec7dbb40b09,7ec7dbb40b0968d0b66800a662b5a934ea950cc442bdb19fe18a09635e1d83b6,0.4998067319,if6_consensus_when_public_priors_concordant_with_d4
aayl49:0000811:246c218536e0,246c218536e01c4f50dfd4714b0442d562ee8d71244532b1f3cced45c6f8ac9f,0.5997061729,if6_consensus_when_public_priors_concordant_with_d4
aayl49:0000812:55021c6a2a34,55021c6a2a343f5e11f68614d7169046e54e75df8fff566670edbfdd5c7e2246,0.5593442917,if6_consensus_when_public_priors_concordant_with_d4
aayl49:0000813:460c83b0dcf3,460c83b0dcf3621e1121d3915d7918432c9c264e188cd998fb2fff2b9b47d7ab,0.7604577541,if6_consensus_when_public_priors_concordant_with_d4
aayl49:0000814:c9aba3430359,c9aba3430359b3e48bf65456271165014c363416c4fde9b7f30ff5e825b1689a,0.7248125076,if6_consensus_when_public_priors_concordant_with_d4
aayl49:0000815:955e31143e2e,955e31143e2ee6f2e0ec5f736f56a931204e4536cfda6eb4a125a937f47e69c9,0.7541174293,if6_consensus_when_public_priors_concordant_with_d4
aayl49:0000816:809237cb5026,809237cb50261a3f90c607c3cd3358cb8b446a5446dcab1dfd0f92b2986c3bcb,0.7545039654,if6_consensus_when_public_priors_concordant_with_d4
aayl49:0000817:b1bc6391125e,b1bc6391125e2f6906b51630af6191801059610d27e03b80eac3323161cd9466,0.2765792906,if6_consensus_when_public_priors_concordant_with_d4
aayl49:0000818:d43123f441a9,d43123f441a9335e55151c12163ff8120db9e1bd8a5ffdc66195e5248ac81e5c,0.8520838618,if6_consensus_when_public_priors_concordant_with_d4
aayl49:0000819:074690aab7d3,074690aab7d3d04ed424ebc543119ce79be92384fddf41c65ff10fba849819cf,0.9411582947,if6_consensus_when_public_priors_concordant_with_d4
aayl49:0000820:3b4c7f4d5046,3b4c7f4d504653b5dd2e182515fd5804b35714133046a94e2c6938422884cc7d,0.7195546031,if6_consensus_when_public_priors_concordant_with_d4
aayl49:0000821:50d0a334d542,50d0a334d542064ea1206c13cd90c117ad3f117630fb9dd5f361364c85b5ec14,0.6670532227,if6_consensus_when_public_priors_concordant_with_d4
aayl49:0000822:0790a9ed551b,0790a9ed551bd2314ea12fbc451bdb350c22fa3a1e2a3244d5be81cef0b1a6a5,0.6863062978,if6_consensus_when_public_priors_concordant_with_d4
aayl49:0000823:0eb8a455e4fd,0eb8a455e4fd756f467b66f9d6bd8f76864bf13e438a9f45b77d2fbd523d0bfe,0.4199335277,if6_consensus_when_public_priors_concordant_with_d4
aayl49:0000824:035dc32197dd,035dc32197ddb2d83de188c261909b181a9257c68c897bbdc7c5e437d1d1caf9,0.7644784451,if6_consensus_when_public_priors_concordant_with_d4
aayl49:0000825:840ccaddc9ef,840ccaddc9ef1bb4fb6916e9f3ed3c8d08f46ac7e338908c783115857b82b8e3,0.5966905951,if6_consensus_when_public_priors_concordant_with_d4
aayl49:0000826:7f92e3b7a6d5,7f92e3b7a6d5df69401bbc5e77e19c87aa9c3bbfcd604f9f7dd36efb60572ad6,0.1580453068,if6_consensus_when_public_priors_concordant_with_d4
aayl49:0000827:8379c784ec2b,8379c784ec2b3b8c9295e1cf58fbd9c7ac59e0ed03c0ec71ac3717732d2ce329,0.5594215989,if6_consensus_when_public_priors_concordant_with_d4
aayl49:0000828:22ef73190766,22ef73190766f232d11d4f5aed3349e089b7c4c18dfbfed29efd588a5189a870,0.8783731461,if6_consensus_when_public_priors_concordant_with_d4
aayl49:0000829:05b3949293fa,05b3949293fa56384be5b49f2c456db8d2a37737b6ea39fbd48dc74a0d3b1d2a,0.7740663886,if6_consensus_when_public_priors_concordant_with_d4
aayl49:0000830:a6bfc72df41b,a6bfc72df41b42a49907fc2297e24bc3092b5072a81ee09878b6a6a2848f8b27,0.7804067135,if6_consensus_when_public_priors_concordant_with_d4
aayl49:0000831:6385b2e46a51,6385b2e46a51fae92f66ae1e5120deb1fe3fea089c31d55d87b4c4b85b6bfc3b,0.6118456721,if6_consensus_when_public_priors_concordant_with_d4
aayl49:0000832:c90739d22a79,c90739d22a7994021e64388e5efd88b659e971206ce39682b92a31913301ac0b,0.7092708945,if6_consensus_when_public_priors_concordant_with_d4
aayl49:0000833:55c7ed85d081,55c7ed85d0810a740dc309363e8c4ba9eb3b93b2e7a2cef9cdf5f6d1c2b5bd6c,0.0893837437,if6_consensus_when_public_priors_concordant_with_d4
aayl49:0000834:87d1ac0c8449,87d1ac0c8449120200f69dc08714b2968eb31e76ca602724048ae6c2c36bac96,0.5845511556,if6_consensus_when_public_priors_concordant_with_d4
aayl49:0000835:e674330ca2e7,e674330ca2e7f136130aeb78a8a8f4d0e99bd3464277e42c46d846478a2d2c3f,0.4694193304,if6_consensus_when_public_priors_concordant_with_d4
aayl49:0000836:122e6630f79d,122e6630f79d6db211cddeb5613a47a1907bed2f465b785f33d35c598a24dcfd,0.239078328,if6_consensus_when_public_priors_concordant_with_d4
aayl49:0000837:7752d96f53a2,7752d96f53a22c572edd19cdd104a1f8cfd80256fbed77ce5d04d31bd884dae6,0.5963039994,if6_consensus_when_public_priors_concordant_with_d4
aayl49:0000838:e263832b5170,e263832b51709356aff25f8f140082ce5ca3767af1c997a8920d299608b6e932,0.8271862864,if6_consensus_when_public_priors_concordant_with_d4
aayl49:0000839:2220c3edd061,2220c3edd0618b165e5e6244eeca43f3e3106cb6be7b960318afc2174f048ab6,0.5918967128,if6_consensus_when_public_priors_concordant_with_d4
aayl49:0000840:91b88c0bc380,91b88c0bc3804440280052d0abfc54580945e73476fadfbe271533048331291c,0.8914405704,if6_consensus_when_public_priors_concordant_with_d4
aayl49:0000841:fad8b769256f,fad8b769256f98ae629fa88639824c0310eb60477f9d30566458a9798df6fe02,0.2571716011,if6_consensus_when_public_priors_concordant_with_d4
aayl49:0000842:7d52dbf4f739,7d52dbf4f739458bdbf785f30a81a572cd4018805702299ea24efacbdd7a25c2,0.6863062978,if6_consensus_when_public_priors_concordant_with_d4
aayl49:0000843:e75ef44acaba,e75ef44acaba8eacb6ee84b678a6566b90614c739b1f40c4a63777d8a00dfa24,0.251604408,if6_consensus_when_public_priors_concordant_with_d4
aayl49:0000844:bb5b7f314194,bb5b7f31419408c25cc1946d5962ea56fb6642a05c6a8209c65e95b2f06ecf8b,0.09866233915,if6_consensus_when_public_priors_concordant_with_d4
aayl49:0000845:b28e3b1ebc3a,b28e3b1ebc3a5249e9af8b2c3a464a04ac17d64e6451f6c0de107f0c1162f0e5,0.2117064744,if6_consensus_when_public_priors_concordant_with_d4
aayl49:0000846:96b02c40eecb,96b02c40eecb2d12d8a573a1729362c77c9ce57c0c09b1918d198357b43f4204,0.6135467887,if6_consensus_when_public_priors_concordant_with_d4
aayl49:0000847:547ff8d8c19f,547ff8d8c19f4ba592ef07655f6213d4610f65637aa25b670d25ddb89a9b418b,0.782571733,if6_consensus_when_public_priors_concordant_with_d4
aayl49:0000848:4d95df15f31f,4d95df15f31fcf4662cece5a511ad310e75c60dd23893e5c484f03dacec33ef2,0.9784272313,if6_consensus_when_public_priors_concordant_with_d4
aayl49:0000849:eb4cf9267473,eb4cf92674738f1e734a5b1b18e0438505d960775cac3a8a49d8b8a883e6b891,0.6454032063,if6_consensus_when_public_priors_concordant_with_d4
aayl49:0000850:f33f447434ed,f33f447434edc8c4810a5f7147dc519802f1e257ce361e21264f41e5b9e3b4a2,0.7361014485,if6_consensus_when_public_priors_concordant_with_d4
aayl49:0000851:4ea6ac3e484f,4ea6ac3e484f5c6c16b50b70f9de4d3bc5593abfea8427064efd98ffc647e4a9,0.8735019565,if6_consensus_when_public_priors_concordant_with_d4
aayl49:0000852:92e70d98373a,92e70d98373a65355906cc10ae17f98577e7d79023b4b38a6ac18c7084e3027b,0.4701925218,if6_consensus_when_public_priors_concordant_with_d4
aayl49:0000853:9fbe02f2939c,9fbe02f2939c46e2bbe56be47c179295e021c98fa9f7bf8d4325850f83c4176b,0.4430526495,if6_consensus_when_public_priors_concordant_with_d4
aayl49:0000854:729eb3ac48f8,729eb3ac48f856d0ccadc60ac301ab5940a74c56e2d204407b5405245fedd7af,0.507384181,if6_consensus_when_public_priors_concordant_with_d4
aayl49:0000855:2157d698a769,2157d698a7693c19bbd301b0dc0e13dcfce5295bfd2929fb95226b8b161d6b01,0.6500811577,if6_consensus_when_public_priors_concordant_with_d4
aayl49:0000856:c1efcc20fa42,c1efcc20fa4208d3ca3ed780612bb58a800b68d4264b7a40d6bb2db47eb988bc,0.1233279109,if6_consensus_when_public_priors_concordant_with_d4
aayl49:0000857:edbb84691dfe,edbb84691dfe761ec3618a0888d39e5ebed2eeeac8996b5c0c75622bb4436ac3,0.3836697042,if6_consensus_when_public_priors_concordant_with_d4
aayl49:0000858:a420b03fcbd1,a420b03fcbd17699f95c4f0fb1a18a07ff69b6165deb99afcb7b9df1296fd3cd,0.7488594651,if6_consensus_when_public_priors_concordant_with_d4
aayl49:0000859:4235f6941ee6,4235f6941ee61c239751209992e5205603568abb7a74124307756d560b92539a,0.9065182209,if6_consensus_when_public_priors_concordant_with_d4
aayl49:0000860:67bdaae9a39c,67bdaae9a39c31ac8224a4835b01c00bb1db928f8f57ef4ae6ab9cd60c135144,0.7043223381,if6_consensus_when_public_priors_concordant_with_d4
aayl49:0000861:dbd70b8e273d,dbd70b8e273ddabd8d61911abfa6148bdc58e3b6f9ff8ffbd9267187496fafa4,0.2962189615,if6_consensus_when_public_priors_concordant_with_d4
aayl49:0000862:95329149fded,95329149fded84f38987722b5d498fffd1f92bfc5e3318c15bc6077b008bab66,0.3140802681,if6_consensus_when_public_priors_concordant_with_d4
aayl49:0000863:28ad9ed4f54e,28ad9ed4f54e96e8e06a3bba551f590ecd1c607466d04f0f866192b7e671873f,0.3088223934,if6_consensus_when_public_priors_concordant_with_d4
aayl49:0000864:15219696222c,15219696222cb10202b2e6bbf61d0659260f0c35a6223d3c0e18e6f3eb391d3b,0.5359931588,if6_consensus_when_public_priors_concordant_with_d4
aayl49:0000865:b95690011ddd,b95690011dddfec888b0c972e8167ff343d2872f22f8ee852ac0d583b39c9587,0.9226784706,if6_consensus_when_public_priors_concordant_with_d4
aayl49:0000866:3f606be9413f,3f606be9413f8e59ce4fd392eb1c2fcb78a0a6bf30e5a434dbff52ebcc75e1c2,0.8648418784,if6_consensus_when_public_priors_concordant_with_d4
aayl49:0000867:cd3899d7c084,cd3899d7c084acac5211bca8144311e983de831fcdefaa1838627e67ea481908,0.6946570873,if6_consensus_when_public_priors_concordant_with_d4
aayl49:0000868:a88ba4eebd58,a88ba4eebd586dd958168d449d0120ef63827ba2026ae4b08d722856a63eb445,0.3057295382,if6_consensus_when_public_priors_concordant_with_d4
aayl49:0000869:a640e915ed16,a640e915ed1653bd051d2fc34ae210fb0665c8888a353215db4802957d8ea077,0.6335730553,if6_consensus_when_public_priors_concordant_with_d4
aayl49:0000870:3af3312f4f7e,3af3312f4f7ee2d3da7132c1cba83f298d416054e6d87e5418c3651529ba1ce1,0.6830589175,if6_consensus_when_public_priors_concordant_with_d4
aayl49:0000871:741a002e7cc5,741a002e7cc59e034f9c58df7c533681b559cee6ddf226e20107a0e6a7608f8a,0.6061238647,if6_consensus_when_public_priors_concordant_with_d4
aayl49:0000872:fc16413025a2,fc16413025a21e8ff2700240b383d79a1a01c644fa60d3ea680177370ce54bbe,0.6109951138,if6_consensus_when_public_priors_concordant_with_d4
aayl49:0000873:f3ce059fc2b3,f3ce059fc2b38b2a4422b18dc9c771138a8ff99c70603100b91bf95fd4535d0c,0.8275728226,if6_consensus_when_public_priors_concordant_with_d4
aayl49:0000874:620c1784e9d3,620c1784e9d364f2e79a625c9626c9404e888155e0016243d02caf675ae4ff0d,0.8485270143,if6_consensus_when_public_priors_concordant_with_d4
aayl49:0000875:b9f990e96401,b9f990e964019a5efe3bc721d4b64d9364c8f65eb297772233fc2d7f683842e7,0.2919662893,if6_consensus_when_public_priors_concordant_with_d4
aayl49:0000876:d65b592961bd,d65b592961bdac68cbdf9f01e8baa4355eef186085aaa19a36df0dcb21b39029,0.6624913216,if6_consensus_when_public_priors_concordant_with_d4
aayl49:0000877:8b81c7d8000f,8b81c7d8000fd85dd287b1ca7db0ff4f53b1b20216b564d135a37c3924927e76,0.444057852,if6_consensus_when_public_priors_concordant_with_d4
aayl49:0000878:6637b5c0f865,6637b5c0f8654dbb81846faa47be211ff77f0732bcf5a07416ec695e046d95e5,0.6613314748,if6_consensus_when_public_priors_concordant_with_d4
aayl49:0000879:f62f79b513c7,f62f79b513c77212a53485137c2e0242e5d5b5826b6bf6c95fdaedff1da24b56,0.6931106448,if6_consensus_when_public_priors_concordant_with_d4
aayl49:0000880:ca1966c195c7,ca1966c195c7676fc7f4ceadd47e13ffa436cc91cdbc376803c34375eb10660a,0.05319724604,if6_consensus_when_public_priors_concordant_with_d4
aayl49:0000881:746e59d1ff59,746e59d1ff59bf50bee8fe6ce9402ad160cd9920e5813126b98d633820c226ac,0.24387227,if6_consensus_when_public_priors_concordant_with_d4
aayl49:0000882:d1651c1b72ec,d1651c1b72ec31a48332eba98493664fbcec632eb7e0dab3656223257bf7d2e4,0.2188973874,if6_consensus_when_public_priors_concordant_with_d4
aayl49:0000883:bc4b4eb00f76,bc4b4eb00f768cae9d7f4c1f4557d50918e98e60744b97531d9eff851b01070f,0.6225933433,if6_consensus_when_public_priors_concordant_with_d4
aayl49:0000884:116b770add23,116b770add23f5bed46837279272531db40ee92ba5cc270f8fdcc7b6b726743f,0.6585478783,if6_consensus_when_public_priors_concordant_with_d4
aayl49:0000885:fd1b98340b99,fd1b98340b99456b603c892a186a3617859b14c05d836ca0657bebfa853a31d3,0.5615093112,if6_consensus_when_public_priors_concordant_with_d4
aayl49:0000886:e8b9c58e56c2,e8b9c58e56c26aef07bbbb7777642dbfaf5080820dd587cbe6834b414f0dd370,0.1766024828,if6_consensus_when_public_priors_concordant_with_d4
aayl49:0000887:c41fbc00e605,c41fbc00e60510fb396c4e37c9421b4587bfd3809b0da5c80b776bcfa304a352,0.5543957353,if6_consensus_when_public_priors_concordant_with_d4
aayl49:0000888:7f309330f75b,7f309330f75be8dc6469fe0fbf1819c5fdc076ca0dbc3b0d69f265e99f9a0181,0.9735560417,if6_consensus_when_public_priors_concordant_with_d4
aayl49:0000889:f6504c0d52e3,f6504c0d52e371422e01107d86be660a7e710f8417b4e262813c9b4673bd0084,0.4152941704,if6_consensus_when_public_priors_concordant_with_d4
aayl49:0000890:969a71cb89bb,969a71cb89bbbf349d90f729d507126fe7e4444cfb3056273da98f1b9ed0f559,0.148612082,if6_consensus_when_public_priors_concordant_with_d4
aayl49:0000891:4a6929ad0cc7,4a6929ad0cc7244953a06427c178ca2eee627b4e367ce0437721fbd411abf61a,0.2478156686,if6_consensus_when_public_priors_concordant_with_d4
aayl49:0000892:add3f52eff38,add3f52eff384f8a57c9fd4de8194f2c92e0d7c6eed0e49e5f9f20631bcad720,0.2027371675,if6_consensus_when_public_priors_concordant_with_d4
aayl49:0000893:e1e430be00f0,e1e430be00f0d9aac837bd39fe76c68173bb6e3f5e828f1267729dfc536185cb,0.1900564432,if6_consensus_when_public_priors_concordant_with_d4
aayl49:0000894:3267c89d7733,3267c89d77331346ae48892299971bb342a448e09e1c6f9fc2a6fffd688fee97,0.06038815156,if6_consensus_when_public_priors_concordant_with_d4
aayl49:0000895:6b09064d4415,6b09064d44159c60cb3efe85205c7246505a5187e5fc55329a6f5cec2acff6a6,0.1180700436,if6_consensus_when_public_priors_concordant_with_d4
aayl49:0000896:edfb4908fdb1,edfb4908fdb12ef5b6f78c0a27d3f79f69d33589492dcd22d8cb29551ee41ecf,0.3106780946,if6_consensus_when_public_priors_concordant_with_d4
aayl49:0000897:7bc8a1640dba,7bc8a1640dba5cb100719ca5f00f5f216928bc94d48509afd2c93781b348be26,0.03680507094,if6_consensus_when_public_priors_concordant_with_d4
aayl49:0000898:3bbeba382c58,3bbeba382c58525326ef8b8310db7118ad9d89d6b71783079dacaa7d68355ba3,0.02814505436,if6_consensus_when_public_priors_concordant_with_d4
aayl49:0000899:982fa54e89b0,982fa54e89b0fcb6f7b53272b0a5c48b1b182a23e66d0ecf743bee6f5e7b3b6f,0.01863449998,if6_consensus_when_public_priors_concordant_with_d4
aayl49:0000900:fa60a33cad33,fa60a33cad33362cdda9f999646ad5dc907b0d7d4b99b594699f6f1844279f9c,0.1561122686,if6_consensus_when_public_priors_concordant_with_d4
aayl49:0000901:58af463054cd,58af463054cd0fff02974dbd19daa207d175e408d6785259c455e6280eb4843a,0.1687930077,if6_consensus_when_public_priors_concordant_with_d4
aayl49:0000902:baa65df5d05f,baa65df5d05f76f2fd3bcc33502152f625ff7349f9f6a4fe1ec7775fc64828f2,0.3093636334,if6_consensus_when_public_priors_concordant_with_d4
aayl49:0000903:3ec47202e761,3ec47202e7616da370e5b50abbadff1be980a1d60290244670c5f63e3776b65c,0.1583545953,if6_consensus_when_public_priors_concordant_with_d4
aayl49:0000904:f05b11265bfa,f05b11265bfa60db979bda797c2bcc0dfb55b3b5a06d9f47963da3951e28b7b9,0.2528415918,if6_consensus_when_public_priors_concordant_with_d4
aayl49:0000905:35ee6782f587,35ee6782f5877b35d846d9b4680daccc1082c72750e00a57cf6f39126dabbb6e,0.06495013088,if6_consensus_when_public_priors_concordant_with_d4
aayl49:0000906:18ef537f209d,18ef537f209dd3d98bb94cba46a1b1b0e1502659010383e5c8e70045412066a8,0.1439727843,if6_consensus_when_public_priors_concordant_with_d4
aayl49:0000907:e62f65937f35,e62f65937f35cd14566f2b7421a3bb1f8303d5d43faa7cc0660612589907ec9d,0.4028454125,if6_consensus_when_public_priors_concordant_with_d4
aayl49:0000908:a31cd5eeeea7,a31cd5eeeea7ff1eae91e9b066bba9860ead7cb7b04b5b5749bef5604e20f5ac,0.4694193304,if6_consensus_when_public_priors_concordant_with_d4
aayl49:0000909:bbb9c9336568,bbb9c9336568932649187249b382851fa8a5f60250383acaed0f25a3bea86212,0.1458285004,if6_consensus_when_public_priors_concordant_with_d4
aayl49:0000910:68fa95b5e7af,68fa95b5e7af3c8ae0347f7c7adb0ec3300a5480ef82619d777bb12fca8801f9,0.8018247485,if6_consensus_when_public_priors_concordant_with_d4
aayl49:0000911:72116212e968,72116212e9687a65bc70d08e872603c9f310978a4597191a6e980fb02b7ce193,0.04190829396,if6_consensus_when_public_priors_concordant_with_d4
aayl49:0000912:81e712dbb3b8,81e712dbb3b8b1543869a919432e1c15d5d7289a5d48d27d8a3980ed6a241e59,0.09162607044,if6_consensus_when_public_priors_concordant_with_d4
aayl49:0000913:3d4a8c969db4,3d4a8c969db40e6a9eb832cbc4f629a1732958d6e5672147ef04dec44597f73c,0.2505219281,if6_consensus_when_public_priors_concordant_with_d4
aayl49:0000914:3f43fd54a26f,3f43fd54a26f8583edc4d993965d08a2fab2a02517aa140f99bba519b9b8f67d,0.4276656806,if6_consensus_when_public_priors_concordant_with_d4
aayl49:0000915:5868c2365990,5868c23659901fd854dd8a42be1de63d369b43692a839a3704d1066bb7ffb7c6,0.2795948088,if6_consensus_when_public_priors_concordant_with_d4
aayl49:0000916:e7f2554307de,e7f2554307dee9d6b7070068c53f1afe5d728a842593e492041c7553a7468121,0.4723575115,if6_consensus_when_public_priors_concordant_with_d4
aayl49:0000917:9a410b3dbbc8,9a410b3dbbc891bba9e1b87a26143164be8ceb1d94de1dfe7fb2b6b0952392cb,0.557256639,if6_consensus_when_public_priors_concordant_with_d4
aayl49:0000918:ade4c6f0decf,ade4c6f0decffdbd7f7fbaa270eb4b39f817c8a649b6e64c9b88c970c3c6dac6,0.2338204533,if6_consensus_when_public_priors_concordant_with_d4
aayl49:0000919:4d2c9070eb7f,4d2c9070eb7f68d040f91b28f23c6f7183b4d43cbec93ad611e7a5772718b499,0.2639758885,if6_consensus_when_public_priors_concordant_with_d4
aayl49:0000920:0f7eb629575f,0f7eb629575fc1c6e90af69f19c4215b447d93c58b666bbe4f0f493a5480b769,0.1818603426,if6_consensus_when_public_priors_concordant_with_d4
aayl49:0000921:5f11ec122e2a,5f11ec122e2a2e6d38f63a5bd95e0576dc9f8129717dd738d6007576f1e127ae,0.1842573285,if6_consensus_when_public_priors_concordant_with_d4
aayl49:0000922:d079a13e7740,d079a13e77404f1a397c279f172e4ece3336faae98be2066076b7d129d0e52d1,0.1188432798,if6_consensus_when_public_priors_concordant_with_d4
aayl49:0000923:ad9d27233700,ad9d272337009126e2df23799b49ba4bef6f56334637c5907faa33ce846eac13,0.2296450883,if6_consensus_when_public_priors_concordant_with_d4
aayl49:0000924:453e841d2672,453e841d26724aacfa3b5e62b7da5b4b59fec8855d59f45fc4340d14ea274391,0.5307353139,if6_consensus_when_public_priors_concordant_with_d4
aayl49:0000925:a8dbc8a11170,a8dbc8a1117032d42e7c78b826701536d235614e8ac627552b002841dcc0e56d,0.4502435625,if6_consensus_when_public_priors_concordant_with_d4
aayl49:0000926:d467124b2175,d467124b2175db3a9819a9c4be2b6428ae0176a6438a0cd3853659564ca0d4e8,0.2596458495,if6_consensus_when_public_priors_concordant_with_d4
aayl49:0000927:c270fbf26b33,c270fbf26b336ca15530efd2b6eed2cf0342eeaa34fb4c0afdd7cf8e96398a0f,0.3671228588,if6_consensus_when_public_priors_concordant_with_d4
aayl49:0000928:a3ed11794da5,a3ed11794da58acbb628974dc414653e957cc410baf6f3fc0ed835acc8143675,0.5943709612,if6_consensus_when_public_priors_concordant_with_d4
aayl49:0000929:d9c452971ef7,d9c452971ef7f15b98b7e75d4dec87428c639979b45e079091b592c6fae4f353,0.8632954955,if6_consensus_when_public_priors_concordant_with_d4
aayl49:0000930:a809cff7f95b,a809cff7f95b4fffcae031c1defc9502b0f9284eb3af988601c816cb77aedcf5,0.128276512,if6_consensus_when_public_priors_concordant_with_d4
aayl49:0000931:f40ca0ffb180,f40ca0ffb180e5a3d1e55ce70066db0f37a3d3ee7307b910fafdeb9ac533b2a4,0.1651588827,if6_consensus_when_public_priors_concordant_with_d4
aayl49:0000932:1c22dfa426b1,1c22dfa426b131a7d01eb8f40d7f8ffd182f82bb3ae53fb4dc350b0fc1a88737,0.291811645,if6_consensus_when_public_priors_concordant_with_d4
aayl49:0000933:9d9dafc5dc08,9d9dafc5dc084709426badef9eee85dc0512819f5aae878837e0bdd2a66ee0d5,0.1061625257,if6_consensus_when_public_priors_concordant_with_d4
aayl49:0000934:c18de45c5948,c18de45c59482970890fc5b55bad10a2abdad5ad7dcad0a83dc0321b4ceb029c,0.2205984592,if6_consensus_when_public_priors_concordant_with_d4
aayl49:0000935:dc1ad7aea968,dc1ad7aea968297a6f7ca88690945a40aafab8980c97baa1d8af11b56e09fcfa,0.7737570405,if6_consensus_when_public_priors_concordant_with_d4
aayl49:0000936:19411c7f6660,19411c7f6660f31fedaca80f8d71be9f7544c740a78664f596222e3d2781fa91,0.7559731007,if6_consensus_when_public_priors_concordant_with_d4
aayl49:0000937:e27f646a26d6,e27f646a26d63d014b5ff6b76acb240831d2cc0ef9de5c5d8a7b35257e31e676,0.7314621806,if6_consensus_when_public_priors_concordant_with_d4
aayl49:0000938:7f0942b141fc,7f0942b141fc497c00838201756950999cfc6d7e0c63c9de557a3e8a4a42daea,0.742287159,if6_consensus_when_public_priors_concordant_with_d4
aayl49:0000939:4d10dce77456,4d10dce77456d4d43f90ee25be2450093e026f829e637c40d63498af13c1a005,0.7292971611,if6_consensus_when_public_priors_concordant_with_d4
aayl49:0000940:de32cbb4a006,de32cbb4a006e359fbc7ae68e2ee7d9199c424834c846c202ea18df675adfbe3,0.6900951266,if6_consensus_when_public_priors_concordant_with_d4
aayl49:0000941:939e2b9a95b1,939e2b9a95b1cda877b73925ca90222ae13de3be464d804e1a86215f5c1d376f,0.5912781358,if6_consensus_when_public_priors_concordant_with_d4
aayl49:0000942:e50aadeb5e6a,e50aadeb5e6a705a2ed724003e1756cfcb8d9df8d4873e682a43a3b02a671043,0.3921750486,if6_consensus_when_public_priors_concordant_with_d4
aayl49:0000943:d0a4615d99f7,d0a4615d99f7dcb3f20e227ebf02c3ba237169368f89925711360920c38bf555,0.3059614897,if6_consensus_when_public_priors_concordant_with_d4
aayl49:0000944:557b4a07fc01,557b4a07fc01e5bfb7d30912d8d05aac37a24c23ce02b0275b4963fa8882a4e7,0.2243099064,if6_consensus_when_public_priors_concordant_with_d4
aayl49:0000945:d19ccc13c496,d19ccc13c496cf9830bbe1384e068efacc0ce66dfbabae374908c568b65df2b1,0.8709502816,if6_consensus_when_public_priors_concordant_with_d4
aayl49:0000946:e6f24329c77d,e6f24329c77d9efaefb13e3a4ff3cf287bcc786daaf85e3fcbc3408b4017ed2d,0.2809866369,if6_consensus_when_public_priors_concordant_with_d4
aayl49:0000947:80fe576f16c6,80fe576f16c6d6f2b9e24f7e56bc563d31a406c05f84f90e33d89607c668d9cf,0.5802211761,if6_consensus_when_public_priors_concordant_with_d4
aayl49:0000948:4825a9e9e322,4825a9e9e3225f4724008ce79e21bce03d5a02061b7c3d3e5f41836e0da8afb7,0.5701693296,if6_consensus_when_public_priors_concordant_with_d4
aayl49:0000949:7e5325bce0b6,7e5325bce0b6ef8309bc0689a7311905e29456c3d12e46755fbf99ae48f663c3,0.300780952,if6_consensus_when_public_priors_concordant_with_d4
aayl49:0000950:29d218aeaa5f,29d218aeaa5fa9af422ac7ddecd7377feb1cb310e5b11c424fbebff1c1ef7743,0.2764246464,if6_consensus_when_public_priors_concordant_with_d4
aayl49:0000951:ca168455199d,ca168455199df2bf3ac383d8936f5cf575450fb1175d1bb429120175f5f0b2a9,0.6417691112,if6_consensus_when_public_priors_concordant_with_d4
aayl49:0000952:3b20bbef5043,3b20bbef5043e9598854560aa2337d6a0826a3af48beed7d999ea360597f415b,0.4862754345,if6_consensus_when_public_priors_concordant_with_d4
aayl49:0000953:dc3e09a3d65b,dc3e09a3d65b0cff4bbe0606f44b61d0564f31e3af092596344f8542348b523f,0.4582076967,if6_consensus_when_public_priors_concordant_with_d4
aayl49:0000954:ebbf16489a38,ebbf16489a3863ee56b51fb7daa1d14bbae2d26e33721125bf596fecd8afa64e,0.3500348032,if6_consensus_when_public_priors_concordant_with_d4
aayl49:0000955:50d94a4bf947,50d94a4bf94729ab980c65abe5cb0dae5a34d12bc0237b0fab093db3af7f6be0,0.4258099496,if6_consensus_when_public_priors_concordant_with_d4
aayl49:0000956:1d72fcf36263,1d72fcf36263fd68996fec272a9ad0a29a4470f39b7aea37d208d19e208bc68f,0.5623598695,if6_consensus_when_public_priors_concordant_with_d4
aayl49:0000957:18221cb4dede,18221cb4dede7104b6ff81e82a7ff6bf27a69b73e63e7b7e8f48a67589dba9f1,0.4892136157,if6_consensus_when_public_priors_concordant_with_d4
aayl49:0000958:7f5c1f2931b6,7f5c1f2931b618cd5c55c8a778f17d862f7107fce0f0450a1af9cb2ef7969626,0.1655455083,if6_consensus_when_public_priors_concordant_with_d4
aayl49:0000959:eec5cd60a579,eec5cd60a579f23141cca38a53ede8d7fa4f4e95efb35151298af21e69086553,0.4160673916,if6_consensus_when_public_priors_concordant_with_d4
aayl49:0000960:59867bff4e3b,59867bff4e3be3efe95ddabafdb54e3db1707f8c608efabd346f5fecc89a6838,0.3499188125,if6_consensus_when_public_priors_concordant_with_d4
aayl49:0000961:34130c8b1259,34130c8b12592319498bd23b56736c76662ff02728fb45b939ce8917ee8e7df2,0.3699837625,if6_consensus_when_public_priors_concordant_with_d4
aayl49:0000962:a89923be9c4f,a89923be9c4f2ca4b8b3876d304ba3ade34082be584cf5d83a222d8c06435a93,0.06835228205,if6_consensus_when_public_priors_concordant_with_d4
aayl49:0000963:6a7b657b14f6,6a7b657b14f6f418f803da2caccfee09f4448fd7006d03f8d95f54e41e8759db,0.4249594212,if6_consensus_when_public_priors_concordant_with_d4
aayl49:0000964:73ecfc492bdd,73ecfc492bdd3259d9ab67700ba74a5aef15d80c9c202da323d65201695f3291,0.4673316479,if6_consensus_when_public_priors_concordant_with_d4
aayl49:0000965:a8f053ac6cc4,a8f053ac6cc480492ab61cbc6eaabf90dab92193d84e7b714dde6ac86b8bec42,0.2179695368,if6_consensus_when_public_priors_concordant_with_d4
aayl49:0000966:aa69a48ba16c,aa69a48ba16c83432d9320c2b433d3329987aca690586f10710f577585fecec1,0.3317095935,if6_consensus_when_public_priors_concordant_with_d4
aayl49:0000967:65bc5384535a,65bc5384535a0b69d6cb96ceea6a0507613ab92f331b5a586cbfec9aa3941530,0.132993117,if6_consensus_when_public_priors_concordant_with_d4
aayl49:0000968:e2a067e7396f,e2a067e7396f5cb0bfa446e3c03ee4946e5a4e873a4b860af9fb0aab82788e5e,0.06680584699,if6_consensus_when_public_priors_concordant_with_d4
aayl49:0000969:0af560b69c80,0af560b69c808a837c6ee47bf36fbac78220326a5c298099c5d012877f0bcab5,0.6839094162,if6_consensus_when_public_priors_concordant_with_d4
aayl49:0000970:1819566b9569,1819566b9569405c6f363465fd69ed2f8d5ad28500277fd6d069df4fbf386844,0.6232119203,if6_consensus_when_public_priors_concordant_with_d4
aayl49:0000971:e0d4fe8b5207,e0d4fe8b5207054256c15b7edd3c9a38fdf3f827e4dcadde39183f87ad66a8e2,0.7186267972,if6_consensus_when_public_priors_concordant_with_d4
aayl49:0000972:a5057091efbb,a5057091efbb1708921fde80915a1de99c6aafbc7e0b4f5e9befe7ae733208ae,0.4357844293,if6_consensus_when_public_priors_concordant_with_d4
aayl49:0000973:d6593e7bab34,d6593e7bab34f4683bc484ed44735b6e2b39a997844dfc4fc59215d1ee7a7b29,0.75141114,if6_consensus_when_public_priors_concordant_with_d4
aayl49:0000974:ccd7fe95ef44,ccd7fe95ef44fc03e783d1f01246034fc9cbc8b3360909d343d1c30f5b37ec2e,0.5980824232,if6_consensus_when_public_priors_concordant_with_d4
aayl49:0000975:e59ba9f10d09,e59ba9f10d09a5c204fffa63dc767e40fded29efb7880195992591c6df75f537,0.8670842052,if6_consensus_when_public_priors_concordant_with_d4
aayl49:0000976:ca2e3dd2c22d,ca2e3dd2c22d03249ab9a0d4ab68dc9567f3c12015b73ce11c8b062f032b31be,0.2717853487,if6_consensus_when_public_priors_concordant_with_d4
aayl49:0000977:1a73d9a0bcf6,1a73d9a0bcf6863f9de336acd76989cd8ce0ec1ccfe4377f50a8770d1ab50e70,0.8912858963,if6_consensus_when_public_priors_concordant_with_d4
aayl49:0000978:574e031e49fe,574e031e49fef3497626cc353e18ee67f71d851bd4e0905127a79998c350fb7a,0.663264513,if6_consensus_when_public_priors_concordant_with_d4
aayl49:0000979:94e788ad3a4d,94e788ad3a4d99e44f9bed364bcb69c0ca1468b448d40eacde31f47712a27a1c,0.1486120671,if6_consensus_when_public_priors_concordant_with_d4
aayl49:0000980:bbceb46c794b,bbceb46c794b5ede96bdd224a08f3ade5c5c0b17eaf2bc809fb15a4944e91bb4,0.1854171306,if6_consensus_when_public_priors_concordant_with_d4
aayl49:0000981:bd3ff5fd8b85,bd3ff5fd8b858cc0472a3571318593cbf5d8b28d309c734b9f1510237e9348c6,0.4142890275,if6_consensus_when_public_priors_concordant_with_d4
aayl49:0000982:57f8d4a962d9,57f8d4a962d9b204a02e0330903688570580d63bac5595ebd41a9e294194130d,0.4401144087,if6_consensus_when_public_priors_concordant_with_d4
aayl49:0000983:2c0ac8285618,2c0ac828561801910be927dcd270bf04873ae6d405f370a986d30e2cbe7e0f43,0.6120776534,if6_consensus_when_public_priors_concordant_with_d4
aayl49:0000984:1a2511bef1cb,1a2511bef1cbf31d97e39b92eb9898689d158aabbcb89c41e5397b074185a44f,0.3573030233,if6_consensus_when_public_priors_concordant_with_d4
aayl49:0000985:c05837163be7,c05837163be7c9035972e2d9693aec3fca5876f984544226b28aa785b2448912,0.1697981954,if6_consensus_when_public_priors_concordant_with_d4
aayl49:0000986:1f340e31ff72,1f340e31ff72afd7de177e4c6ed814abde61ff3b045b2cbb15448daa9c0fe442,0.2707028389,if6_consensus_when_public_priors_concordant_with_d4
aayl49:0000987:2727013b43bf,2727013b43bfc9f81afb9c4a9a4212f5783fb454bb674afee0daaa1303a5846e,0.572411716,if6_consensus_when_public_priors_concordant_with_d4
aayl49:0000988:6fd84a76076b,6fd84a76076bb1405bd6772384fd420fb8563cd9e0dee729a1c12b036d34e3bf,0.5120235085,if6_consensus_when_public_priors_concordant_with_d4
aayl49:0000989:58a4ec49d83d,58a4ec49d83d8256a42d9f5a3fa3ff9566bf0f73179e57aaa2f262e07e2bdc4d,0.3126884699,if6_consensus_when_public_priors_concordant_with_d4
aayl49:0000990:1ce0e57a3946,1ce0e57a3946aa8750e87006c4f45810dd442deda5fd0dd2ce55f41e7fe79035,0.2757674158,if6_consensus_when_public_priors_concordant_with_d4
aayl49:0000991:a59ea2f0f3c8,a59ea2f0f3c81d26269653be5dd9fddc236f41246421da1e5dbff382907f3702,0.2275574207,if6_consensus_when_public_priors_concordant_with_d4
aayl49:0000992:529e4deaa1a9,529e4deaa1a9aa407f333a6d96fd96825d14d366e74b589aba9a3c053ae43fec,0.3498028219,if6_consensus_when_public_priors_concordant_with_d4
aayl49:0000993:27b12b0a13a1,27b12b0a13a126a285a86581e19736a31bd0a1b9ff67e0723e23e8f7ac4d627f,0.07446068525,if6_consensus_when_public_priors_concordant_with_d4
aayl49:0000994:cba89fd8e094,cba89fd8e0949e92337a29532c8cbaedba80ca68bb4d65246e2715a82059f069,0.06711512804,if6_consensus_when_public_priors_concordant_with_d4
aayl49:0000995:dd16572728cd,dd16572728cd3b77e597a28fa471f3a97ff77dd670cd34bac863d10e680b571d,0.5943710208,if6_consensus_when_public_priors_concordant_with_d4
aayl49:0000996:cea735d95198,cea735d9519812eca620ecdb9202c2460c2fe5955e96298dbd88ecad1da40fec,0.3770973682,if6_consensus_when_public_priors_concordant_with_d4
aayl49:0000997:86ed0f21ec8d,86ed0f21ec8dff82b3e3bf97ef62e38f15ba87081f4432d2a739010750d8b577,0.3467873037,if6_consensus_when_public_priors_concordant_with_d4
aayl49:0000998:a6489004c82c,a6489004c82c9b4ae4ca08c60598dc951671105026a6466afb07c8b7c399b644,0.3522771299,if6_consensus_when_public_priors_concordant_with_d4
aayl49:0000999:93e0f3f08e2a,93e0f3f08e2aa634d52dc6d1284b8085d346e764e31bfd6a8321b703eb11013b,0.09471893311,if6_consensus_when_public_priors_concordant_with_d4
aayl49:0001000:bd914cea2801,bd914cea2801593acbd672c76363d1e27def72a53b373409c7ac48fc305ac0e3,0.1548751295,if6_consensus_when_public_priors_concordant_with_d4
aayl49:0001001:797639371a17,797639371a175f7b64c929c1892332f6904fa028942fc1a49aea19fd69d333d2,0.3079718351,if6_consensus_when_public_priors_concordant_with_d4
aayl49:0001002:5df51231377b,5df51231377ba66ea550782d4bfcaabdd4a259dc218bb14822664b1ddf38c246,0.3333333433,if6_consensus_when_public_priors_concordant_with_d4
aayl49:0001003:4f2cf949c040,4f2cf949c040b13c7e9d2b2fdcd8c8961232ed7a58bb29caca8f042b328a7619,0.1812417954,if6_consensus_when_public_priors_concordant_with_d4
aayl49:0001004:aea5b0e691a1,aea5b0e691a12f76475b0e2b9930a3ab6472d41075daac85a13d77a2a2cce995,0.1581999511,if6_consensus_when_public_priors_concordant_with_d4
aayl49:0001005:5c625364a56c,5c625364a56c5c1666a368b6e4e581627752ea5f9586833d19282bd6f3c9fe90,0.1215495244,if6_consensus_when_public_priors_concordant_with_d4
aayl49:0001006:403e935267bf,403e935267bfac690f041e5566dbab46ffaeae698c05b54a1eee6640577a1278,0.3026366532,if6_consensus_when_public_priors_concordant_with_d4
aayl49:0001007:274007628a42,274007628a42fe27b07b7bdf34dd63a22ef8781098939d6195e0961bc3b63109,0.621897459,if6_consensus_when_public_priors_concordant_with_d4
aayl49:0001008:4d9bdcd3abb6,4d9bdcd3abb68f7ef6a938579a110dc48c187a15bb7fba3c278862932628f472,0.3943400383,if6_consensus_when_public_priors_concordant_with_d4
aayl49:0001009:5eda267ff8c3,5eda267ff8c31f71251bc8e49b44ee653e43f6509ffd416a4f278409807d5a69,0.9094564915,if6_consensus_when_public_priors_concordant_with_d4
aayl49:0001010:204ce60344ee,204ce60344ee0fffd2fe0dc7e627b90546c3c52e022a5c3ebddc41dd2ce54574,0.777159214,if6_consensus_when_public_priors_concordant_with_d4
aayl49:0001011:331037f12dc9,331037f12dc92aad28a76b1fcd327ce980c078f21a186cef4505a5305db3ec96,0.7592206001,if6_consensus_when_public_priors_concordant_with_d4
aayl49:0001012:7bb8b73dda4d,7bb8b73dda4dda8dd781c698c88cf59e5a155bab5898064473d0bd435e4088b2,0.07909997553,if6_consensus_when_public_priors_concordant_with_d4
aayl49:0001013:19175497842e,19175497842ef2e6f0afc293634cefbd0d57afae1f95dfb9b16145f2c78095f7,0.3977422416,if6_consensus_when_public_priors_concordant_with_d4
aayl49:0001014:d09924c869f5,d09924c869f5bb420b2db0ab356ee8b2d184c02399975702514fcc18beb8c31f,0.09417768568,if6_consensus_when_public_priors_concordant_with_d4
aayl49:0001015:c9d73e024404,c9d73e024404c2c1d6b08ec9d2524f4cbaf5fefcad33f415274944218551cdc6,0.1778396368,if6_consensus_when_public_priors_concordant_with_d4
aayl49:0001016:09e6be037610,09e6be0376108a31a6fb8a16f6b2b96b17937489b56e98d27052d2dfbc69b9dc,0.6033403277,if6_consensus_when_public_priors_concordant_with_d4
aayl49:0001017:8e3c8164a3a8,8e3c8164a3a8ffd50153ddca60d2fef0f97bbe20c9a032c1b5962edf5b1b16ff,0.5499110818,if6_consensus_when_public_priors_concordant_with_d4
aayl49:0001018:922683e1bf17,922683e1bf176c17182aef2663d20d80b03d6b20029489ef893929b40d1c3864,0.02915023454,if6_consensus_when_public_priors_concordant_with_d4
aayl49:0001019:e73a37cfdee2,e73a37cfdee236d9b57bd58aa129080c268a9f1c255a5500f5dd226b2f382aca,0.03092863224,if6_consensus_when_public_priors_concordant_with_d4
aayl49:0001020:e4ffcd1191e2,e4ffcd1191e2f93df8228c461bc2a2c95e4527e9b09ef6381c9cb0beecfa24b5,0.02025825344,if6_consensus_when_public_priors_concordant_with_d4
aayl49:0001021:0d942f748bf1,0d942f748bf1fa46f2ba6ff17ac6dd63fb597e7ba9536ee3e0a985b616aa6a36,0.2092321962,if6_consensus_when_public_priors_concordant_with_d4
aayl49:0001022:40d763d52e09,40d763d52e09cc4b03372140f52c91082e09b03f053ae945d71af38bc5cdbd2a,0.1002860889,if6_consensus_when_public_priors_concordant_with_d4
aayl49:0001023:0517ea9b4ca8,0517ea9b4ca893eb654c1836a22e8aa6951ea6f7fb5c3ea49cde40cc9a950b4d,0.3124565184,if6_consensus_when_public_priors_concordant_with_d4
aayl49:0001024:3657e3741ba9,3657e3741ba957378cfffba92141a892f88caaa0f050ebd859b0e50ed2bf594f,0.4985695779,if6_consensus_when_public_priors_concordant_with_d4
aayl49:0001025:2e70cc884225,2e70cc88422532ffff88d220f0423e9e361eb8482bf969bcdcafc4379c7fedca,0.03146988153,if6_consensus_when_public_priors_concordant_with_d4
aayl49:0001026:cabf745cec58,cabf745cec582542658a8928789bd2f48dcc1d7778c43cbe2d48bf80bc992847,0.0214954,if6_consensus_when_public_priors_concordant_with_d4
aayl49:0001027:ba1628128907,ba1628128907578d654025ff2372dc0377db118daf6f9d7641f138782f78bcc2,0.02922755666,if6_consensus_when_public_priors_concordant_with_d4
aayl49:0001028:bb2414bd1c08,bb2414bd1c08570d5517c2277227fef032354889ec679d57e6d6a2d635fdf7cb,0.7020799518,if6_consensus_when_public_priors_concordant_with_d4
aayl49:0001029:ddd7b220d7de,ddd7b220d7de656e31c3b976f61908fb408955a0b062a220c646ee9c5b918e2b,0.2286399156,if6_consensus_when_public_priors_concordant_with_d4
aayl49:0001030:eee7939a9d13,eee7939a9d1395c2313b5f977cf7c32406414f653c50b6fa1434bc6aa65f8360,0.0640995875,if6_consensus_when_public_priors_concordant_with_d4
aayl49:0001031:e77e25e0266e,e77e25e0266e9d1a9ff8784557a33e9b06965a84cd616339d59b0b577b451ffc,0.05806850269,if6_consensus_when_public_priors_concordant_with_d4
aayl49:0001032:d8743a003532,d8743a0035326d8084a76aeb0f854d9740466072460d9f6424d586c811fe1535,0.1231732741,if6_consensus_when_public_priors_concordant_with_d4
aayl49:0001033:8d8bfcdbc711,8d8bfcdbc7113ca999280797996858d35f926d69787e183f51e0f99f61d4bc2a,0.05203742161,if6_consensus_when_public_priors_concordant_with_d4
aayl49:0001034:5eac2a491c30,5eac2a491c30ddb1976356c3bfcdff86e51e39516f0a8a7d116f7e6ab542ca77,0.1615247875,if6_consensus_when_public_priors_concordant_with_d4
aayl49:0001035:9b190463e031,9b190463e03149a487736f0ea15e91a03e0e74a3983f552e2acd98920d2c490a,0.2756514251,if6_consensus_when_public_priors_concordant_with_d4
aayl49:0001036:579938e43b14,579938e43b14c7f5103bc29af3e6680bc649e12a5dd69423c49ec2291b9c378e,0.1858810782,if6_consensus_when_public_priors_concordant_with_d4
aayl49:0001037:3fccf7403f59,3fccf7403f59a2325d67e2e076dc4bd1cf36b28bcd9e11458758917eedba173a,0.003247506218,if6_consensus_when_public_priors_concordant_with_d4
aayl49:0001038:283ee8068de4,283ee8068de4728cee39598f852abec9286e08e63d0286958ad82381fb8f9834,0.03348024189,if6_consensus_when_public_priors_concordant_with_d4
aayl49:0001039:a94e408375eb,a94e408375eb1262c084d319f9e3c702c6adc132cd75562bd1c4e06dc8edade9,0.007886801846,if6_consensus_when_public_priors_concordant_with_d4
aayl49:0001040:db6fdb4a3419,db6fdb4a3419a614d19a5819305623c13132f43517dc6608c4c13dd0e2d4f0b1,0.05567153916,if6_consensus_when_public_priors_concordant_with_d4
aayl49:0001041:c13ed6a4cc8b,c13ed6a4cc8b86ab37fd6bbc517b1f1e7b514c2af8b740affab89a1438a6740d,0.1420397311,if6_consensus_when_public_priors_concordant_with_d4
aayl49:0001042:124cf6cd6eff,124cf6cd6eff428d2ccec5784600098bf9ba4854d92684991fcc9e335b7c2c75,0.1793860644,if6_consensus_when_public_priors_concordant_with_d4
aayl49:0001043:657fde1f2b25,657fde1f2b253254566ceff3fc2e7d5b7980f968ab759d69219235b58246e349,0.3097502291,if6_consensus_when_public_priors_concordant_with_d4
aayl49:0001044:ecc914493347,ecc91449334773b027d8b642c5c58db2114be0eeddfd21a319f42d2b1d75117d,0.261346966,if6_consensus_when_public_priors_concordant_with_d4
aayl49:0001045:bc3e92a26c6c,bc3e92a26c6c2b2be7156f8aecf01b36af2553afbeb85178aabf881477f09fd1,0.02868630551,if6_consensus_when_public_priors_concordant_with_d4
aayl49:0001046:96d62f6f018e,96d62f6f018e698226d4434665aa16fb478eb2199341cb2db339cfda2c68380e,0.1565762013,if6_consensus_when_public_priors_concordant_with_d4
aayl49:0001047:21886cd2c036,21886cd2c03647e1f083d60042d739c89ea90618bf7c0d726da4d4d321324eb8,0.09781179577,if6_consensus_when_public_priors_concordant_with_d4
aayl49:0001048:ba1a74e28d1e,ba1a74e28d1ee677f379bd21d92d7f54b7291e81579e37e5fe10a3c106521c35,0.04152168706,if6_consensus_when_public_priors_concordant_with_d4
aayl49:0001049:1128a9724437,1128a972443767d110717edb792414bdf8a2a5a4273b8ef750d6f503622f59d7,0.084203206,if6_consensus_when_public_priors_concordant_with_d4
aayl49:0001050:f3ebd1f6c78a,f3ebd1f6c78aa6f31b03fa4365e5e55450817381b702e85dae8c0fd0fbcdcf06,0.5502203703,if6_consensus_when_public_priors_concordant_with_d4
aayl49:0001051:2bcb10e4a69d,2bcb10e4a69d150e9647d25a55d534e200310bad4df6f07eebb5d396bdd50782,0.1380963475,if6_consensus_when_public_priors_concordant_with_d4
aayl49:0001052:a3fd6b33dd60,a3fd6b33dd602961d2d4c8e573109421cb6f0a8fc89f13fd753d2d89f841a7ad,0.1691796184,if6_consensus_when_public_priors_concordant_with_d4
aayl49:0001053:c5370776fd40,c5370776fd40ddbfb1a572988a5522b9597c5e2c38578e90a7ebb2a0b74aef82,0.06123869121,if6_consensus_when_public_priors_concordant_with_d4
aayl49:0001054:393b762e4802,393b762e48026763fabe9d375c4086710f1946ec104ddc1daf6bcad7cf686ea3,0.16415371,if6_consensus_when_public_priors_concordant_with_d4
aayl49:0001055:f6886e72b4e7,f6886e72b4e714c7510863ec3258cb62e8b051aaf4f1c9a12fe2a37d0746ebe9,0.1403386593,if6_consensus_when_public_priors_concordant_with_d4
aayl49:0001056:e4a082f7e4bc,e4a082f7e4bcf039b375a1cc1741cadd89804771dd60b9e7b3e377c985158804,0.2336658239,if6_consensus_when_public_priors_concordant_with_d4
aayl49:0001057:23a90c54f927,23a90c54f927eaf27291b247aa44002ddf4f72c16bd3a4e0481c74139bd81900,0.05613547191,if6_consensus_when_public_priors_concordant_with_d4
aayl49:0001058:ea70870c50d8,ea70870c50d801a49e0a264bad3f7c2ef1d5bedff1ec964f991caf90c2b90c9e,0.3517358601,if6_consensus_when_public_priors_concordant_with_d4
aayl49:0001059:8a3c28fff638,8a3c28fff63845217c596b78b13dbacd4ade89ea795c2b97d9f257d727b017fe,0.2336658239,if6_consensus_when_public_priors_concordant_with_d4
aayl49:0001060:2f318f0ed0c7,2f318f0ed0c7d9428198171dc8532a0bf5e9cae42ba9cb5b6b923d5c3f3d8020,0.0936364308,if6_consensus_when_public_priors_concordant_with_d4
aayl49:0001061:9bcfcc3c8ff8,9bcfcc3c8ff882c3e53f41c2d30e116f4dfb4ef87aeea5458422992137453a6b,0.1572721004,if6_consensus_when_public_priors_concordant_with_d4
aayl49:0001062:741b83e32020,741b83e320205ecd9d3c19dd0e861bbf7de99b42213ff7af48f9da41932a0cc5,0.1454418898,if6_consensus_when_public_priors_concordant_with_d4
aayl49:0001063:d10d5cb7879a,d10d5cb7879a27db269588f87ef62b0209f9049f3b18f1b3592eef72fa30d7e8,0.8449702263,if6_consensus_when_public_priors_concordant_with_d4
aayl49:0001064:f8c748cadd0a,f8c748cadd0aa1bd60925f44460052839c308fb566ae9ca6e9c35a2721755744,0.1698755026,if6_consensus_when_public_priors_concordant_with_d4
aayl49:0001065:d02c14d310ac,d02c14d310acff0913f19c1c8075396f0fa57f430193b02bb4a687e66a0ef239,0.138405636,if6_consensus_when_public_priors_concordant_with_d4
aayl49:0001066:15a48f68be0c,15a48f68be0c90d6e63848f84e1fb33c31eb8cf6162a0e358402c205a030fea1,0.0448465161,if6_consensus_when_public_priors_concordant_with_d4
aayl49:0001067:87831be943ce,87831be943ce8df440aa497a1f00afbd20a58aa664db579d93a9a092c6c47efe,0.3625222147,if6_consensus_when_public_priors_concordant_with_d4
aayl49:0001068:48e09e6c56cf,48e09e6c56cf961754c6f6b0fddeb46bd56a26647393c2b564d2cfe3e0457a1e,0.3064254224,if6_consensus_when_public_priors_concordant_with_d4
aayl49:0001069:8e3f99dac4cb,8e3f99dac4cb4db96872ed6fe534f77d88b8d581501af38dcccfdbf89fde3458,0.1589731723,if6_consensus_when_public_priors_concordant_with_d4
aayl49:0001070:ca4a30e822ac,ca4a30e822ac86bcd561838f5d1816b4f759750d9df72fe69699e5e6721cbbe1,0.01152091473,if6_consensus_when_public_priors_concordant_with_d4
aayl49:0001071:61994d51a977,61994d51a9778eb0a3b8a279a7be0c0c090c4a9d4d1e6b0890812eae8884fcd2,0.2139488012,if6_consensus_when_public_priors_concordant_with_d4
aayl49:0001072:113e2ebba0d8,113e2ebba0d80cc6a47b0cb2a0497bf34d8f223527a79bcb77a3efb46e3e9627,0.2335885018,if6_consensus_when_public_priors_concordant_with_d4
aayl49:0001073:7a29d8aef939,7a29d8aef9396c16677470156864b5d683a22c9bbd72f88decfff1849b5d4137,0.1755973101,if6_consensus_when_public_priors_concordant_with_d4
aayl49:0001074:9b5d1242437c,9b5d1242437c0a34080dbcdb8d10789ad1d8183a4ff124ce71434848286b3134,0.1148998737,if6_consensus_when_public_priors_concordant_with_d4
aayl49:0001075:d6593306cb2c,d6593306cb2cad02a206fab43a45c25cfdfaea3b2d92a2152e86b510e168e475,0.2155725509,if6_consensus_when_public_priors_concordant_with_d4
aayl49:0001076:04243e0cad2f,04243e0cad2f06ec242295d97e82c3ecf9014f24f0546bf09de36994b025f8b4,0.1169875562,if6_consensus_when_public_priors_concordant_with_d4
aayl49:0001077:c573cfb2d96f,c573cfb2d96f711e414e9c9df573818a7dbdd813d4507c48764fdd0cfaa15ae6,0.8315935731,if6_consensus_when_public_priors_concordant_with_d4
aayl49:0001078:ab862d887069,ab862d887069a2d333df18e1355aa950d95f49ae2c11567c1fca88b6b5531333,0.04894456267,if6_consensus_when_public_priors_concordant_with_d4
aayl49:0001079:4677d22440dd,4677d22440dd11efe79cdbd7b1080577aa2c802ac912b534a2fcdc7cbf911d81,0.1902884096,if6_consensus_when_public_priors_concordant_with_d4
aayl49:0001080:4d469d3fcc24,4d469d3fcc24efebbba566b607968573359cdd46470047442d65bd8b850420eb,0.08791463822,if6_consensus_when_public_priors_concordant_with_d4
aayl49:0001081:dfde0007b5ab,dfde0007b5ab90748873a11c6e5a254274509d422e2d9840f24a8f65d7ee49a5,0.05458903313,if6_consensus_when_public_priors_concordant_with_d4
aayl49:0001082:a2c004292c19,a2c004292c191ef7bdb406581da14c76d4fcff9f418e8c64f95414aefb805a65,0.1233279184,if6_consensus_when_public_priors_concordant_with_d4
aayl49:0001083:0b5421abc7ac,0b5421abc7ac53fc8ac81935082e3107aeb9c1b950034cc86b3d039dae262636,0.5709425807,if6_consensus_when_public_priors_concordant_with_d4
aayl49:0001084:5a3b0f4a1d2f,5a3b0f4a1d2ffc651091ac09a18eb8b0f9d729b4bda74df8321aceab0873b5a7,0.06177994609,if6_consensus_when_public_priors_concordant_with_d4
aayl49:0001085:7cf1a6d3dbce,7cf1a6d3dbce480aaf2fa6b67b33ee60919a78094cf1910b01b92b37696ddde2,0.4075620472,if6_consensus_when_public_priors_concordant_with_d4
aayl49:0001086:ec2232a4fa22,ec2232a4fa227abba8bee20e4184800a95a3a286ca6282635164508da79de349,0.3991340101,if6_consensus_when_public_priors_concordant_with_d4
aayl49:0001087:2137468ddc62,2137468ddc624ee6bd226e75e573ee8096e8e71ae83ac9a08a2f70ea464cf534,0.264903754,if6_consensus_when_public_priors_concordant_with_d4
aayl49:0001088:78055d490f84,78055d490f8414e39293c8faac55afe78e738d847e1b209a34111d556b64f2d8,0.1295136511,if6_consensus_when_public_priors_concordant_with_d4
aayl49:0001089:cfb567f82f4a,cfb567f82f4a2b7cf96937eb5496e842a076d67a82aaa8c2eb874ba8dd0733a0,0.003943400458,if6_consensus_when_public_priors_concordant_with_d4
aayl49:0001090:889d1e2a103e,889d1e2a103e067aa684e1e9f9581dab30f596f58c337c37bc2f477aec85a7b6,0.2430990487,if6_consensus_when_public_priors_concordant_with_d4
aayl49:0001091:b2045a2be9f5,b2045a2be9f55005ab00c5f8b033b9ad6d0538965d93909d34cf5f5770e52d0f,0.04175365344,if6_consensus_when_public_priors_concordant_with_d4
aayl49:0001092:80d39f83608b,80d39f83608b1412b08ef389a0baa467fb87c444f35077937e2b4bcf2b54e7d6,0.1762932092,if6_consensus_when_public_priors_concordant_with_d4
aayl49:0001093:0cb0a65ad344,0cb0a65ad344a53a093400f3163b62dfeab4ef81e638dcb7ea358092a35c914d,0.7233433723,if6_consensus_when_public_priors_concordant_with_d4
aayl49:0001094:974e1b69ee51,974e1b69ee51676831b8c5ea7315ad9f46b2481b01f2635ce73e8b33efb2927e,0.08466712385,if6_consensus_when_public_priors_concordant_with_d4
aayl49:0001095:6ff9f85c85b1,6ff9f85c85b1936d571ea51e889da7afdb19ee7d83c3327c5ed6151b4bda6616,0.1327611357,if6_consensus_when_public_priors_concordant_with_d4
aayl49:0001096:62fa48a97fd9,62fa48a97fd9ab4b0514f709b69bb8895c8a53270a801152c6ebbbfbd6318e0d,0.3011675775,if6_consensus_when_public_priors_concordant_with_d4
aayl49:0001097:bce85c16aed3,bce85c16aed3d7b26f80b98aa67035ed5f9a354b2ceab17223e9ee286d7c8a95,0.009433233179,if6_consensus_when_public_priors_concordant_with_d4
aayl49:0001098:af6426795f2e,af6426795f2e0f743b415b7d63bbbdb3593cd94a6ef7fa785ecdf697ecf7262e,0.5105543733,if6_consensus_when_public_priors_concordant_with_d4
aayl49:0001099:82e3e9a47357,82e3e9a473571c0491defb87977b078b4b24e95d18962b04b4f4262b2f6a9055,0.1794633865,if6_consensus_when_public_priors_concordant_with_d4
aayl49:0001100:a98305ea62c6,a98305ea62c6e4abbba232ace8909add0f7de6db0f0e90be1df8c9ca7bd67f6a,0.08690945059,if6_consensus_when_public_priors_concordant_with_d4
aayl49:0001101:45ad3e5f6adc,45ad3e5f6adc7acd8e1ae311652ed8844f1935e8a45c86c0e19817a1d19f4810,0.7187040448,if6_consensus_when_public_priors_concordant_with_d4
aayl49:0001102:c235b522bd35,c235b522bd3541d6be782937d730c92cfdc37b8654001b883b06c3997cccf4cc,0.3500348032,if6_consensus_when_public_priors_concordant_with_d4
aayl49:0001103:dfd92c9f4828,dfd92c9f482823d1937e113bf46304e1c0860ff5d72053f1a75bb137a213b6e1,0.9563906193,if6_consensus_when_public_priors_concordant_with_d4
aayl49:0001104:b0a2d0f95875,b0a2d0f958756d3f07c80bb2b176686cfa6b1db2ae29f98cf150da347e135fdc,0.1858810782,if6_consensus_when_public_priors_concordant_with_d4
aayl49:0001105:82bcacc4b39e,82bcacc4b39e2a87052e48014d03b34f0c0d5b5b1a7fbb5af98fad8149b18d72,0.9867780209,if6_consensus_when_public_priors_concordant_with_d4
aayl49:0001106:9d514b4c1a3d,9d514b4c1a3d626650be6517dcb9fe70d8d5f38d3d1c4c14750db850dd18f585,0.4552694857,if6_consensus_when_public_priors_concordant_with_d4
aayl49:0001107:453200170c1f,453200170c1faa8943b532d1a60baf3faf0a6b97166d1c7727a9977a783a56fb,0.3682053983,if6_consensus_when_public_priors_concordant_with_d4
aayl49:0001108:fc03e0820f88,fc03e0820f881009095d388fa9de13ae258cc1df76de7a7f01a4b5c7334b40ac,0.1333024055,if6_consensus_when_public_priors_concordant_with_d4
aayl49:0001109:696c15712c72,696c15712c725a071ec25ee5a87f946f041a6a882a28256eb04f2d28462cb94f,0.340369612,if6_consensus_when_public_priors_concordant_with_d4
aayl49:0001110:3f9a4547c8ca,3f9a4547c8ca6a173cef923a48c2c4abecf952fa6f84b96facc3b2f7b99d1144,0.524858892,if6_consensus_when_public_priors_concordant_with_d4
aayl49:0001111:d31e026c1b8a,d31e026c1b8ae4f486746ed70e627d0db1a2658b233ace4f7ff6aa704fe1f6f4,0.7500966191,if6_consensus_when_public_priors_concordant_with_d4
aayl49:0001112:b1360df0fced,b1360df0fced385204e224eeaa535edc4ea55f89d627fb94125e1ca5f60ec510,0.3944946826,if6_consensus_when_public_priors_concordant_with_d4
aayl49:0001113:45e00f15c357,45e00f15c3576c4778262f1ce38c740e14a3adf59fcfd5a45ca810eabd0eba6e,0.0834299922,if6_consensus_when_public_priors_concordant_with_d4
aayl49:0001114:ee9bea0141b2,ee9bea0141b2f9d1a85443a9f033ef46aadc445f5394da123b87ce1bdbed9b94,0.511095643,if6_consensus_when_public_priors_concordant_with_d4
aayl49:0001115:80664959662f,80664959662f94c5b55ce9375847c5ea1a538768865764fc42ab3372f98d5be2,0.4555014074,if6_consensus_when_public_priors_concordant_with_d4
aayl49:0001116:c08b2e5c3c13,c08b2e5c3c13ccb85b8ff4419bdb66e6ff89fa748697b2de0d794e3ac0cc3fc5,0.1748241037,if6_consensus_when_public_priors_concordant_with_d4
aayl49:0001117:8b6fcde2ce57,8b6fcde2ce572cbf91e624656977b640d4ad19d5cbf4a72e1bcad49d9ee97538,0.1320265979,if6_consensus_when_public_priors_concordant_with_d4
aayl49:0001118:dcfb31677222,dcfb316772221ff827e17a8a729149850e4561eba30424b19a456b14f1d1468c,0.3113739789,if6_consensus_when_public_priors_concordant_with_d4
aayl49:0001119:b73400a3e813,b73400a3e813f5a8caef23414b90738e78ea597185178fb8d0b9148245768cf7,0.3133843839,if6_consensus_when_public_priors_concordant_with_d4
aayl49:0001120:cc679751d563,cc679751d5635fb2279f52a9cab61671727d7c74c0afdd0e47945a899f4922be,0.04546509311,if6_consensus_when_public_priors_concordant_with_d4
aayl49:0001121:bb4d3b137457,bb4d3b1374579d05d1d6788e959b469cdf7117bf72718b2166b4c5bc5752384d,0.153947264,if6_consensus_when_public_priors_concordant_with_d4
aayl49:0001122:50670dd1be4e,50670dd1be4e12bb55538b8fefc4b651ab1902c2e5769c0314ba9bb582cab8e2,0.7340911031,if6_consensus_when_public_priors_concordant_with_d4
aayl49:0001123:12d9db0966bd,12d9db0966bdc7035ae13ec7b72142e189d7d1c063eaa527690192dfcb17c7d9,0.294749856,if6_consensus_when_public_priors_concordant_with_d4
aayl49:0001124:ecaadacf2f63,ecaadacf2f636b4a43895a062287635052ba59b68fdb519c8c946c540cbd43e1,0.6874661446,if6_consensus_when_public_priors_concordant_with_d4
aayl49:0001125:12eb48300693,12eb48300693934c9bc5c573173e86a253f771a8f569f5d59482d95382c69fd0,0.2199798971,if6_consensus_when_public_priors_concordant_with_d4
aayl49:0001126:254075a4a6aa,254075a4a6aaf133c68f617ad33b55d7b153c5364d4adbe9c122827efbf4a50a,0.3278435171,if6_consensus_when_public_priors_concordant_with_d4
aayl49:0001127:184e7527a6e2,184e7527a6e202bce36a9af91d2a932f6046401cbb031e9be97e40e324857590,0.4387226403,if6_consensus_when_public_priors_concordant_with_d4
aayl49:0001128:dd892a69f3b0,dd892a69f3b076cdc371f37e848c0bc6bf3ef1b3c0d56ffbd230f18e5a54fbf4,0.2657542825,if6_consensus_when_public_priors_concordant_with_d4
aayl49:0001129:4cf73e2ab7db,4cf73e2ab7dbd627ef54e110b9301c025c24e89ba92ac9af1a2478b26af3cd2c,0.1979432553,if6_consensus_when_public_priors_concordant_with_d4
aayl49:0001130:8981a5244f94,8981a5244f94d13712f3f9c8cd7a90f1b1bab7676f87f05610aee850bf1185bf,0.3329467177,if6_consensus_when_public_priors_concordant_with_d4
aayl49:0001131:6308200990de,6308200990deaf56fa1997dcadd70378d08296e0ebb18433cdf6e58517d0f4dd,0.06348101795,if6_consensus_when_public_priors_concordant_with_d4
aayl49:0001132:e4797e9a96c0,e4797e9a96c04d41aff259cc926446dce61df6fde06062ba007b90890dee96ed,0.6042681336,if6_consensus_when_public_priors_concordant_with_d4
aayl49:0001133:0d17d34b00a2,0d17d34b00a2ff0c5e976d319358970c9b61908e45ad998b42dd4e6efd724483,0.1271940023,if6_consensus_when_public_priors_concordant_with_d4
aayl49:0001134:fa9e002873b1,fa9e002873b15790306fe11586c1e52972be57a39e85dcc0d63854b773a4ffbc,0.1456738561,if6_consensus_when_public_priors_concordant_with_d4
aayl49:0001135:87af42d3247d,87af42d3247dd86acc3ad2bb7eb46b1741220eb92994a2f400e3099da92d2b07,0.09781179577,if6_consensus_when_public_priors_concordant_with_d4
aayl49:0001136:f4cf6b20ec47,f4cf6b20ec476a28564054945cf8b366fd98e4d1af1414e2aa38770c04a8f176,0.2339750975,if6_consensus_when_public_priors_concordant_with_d4
aayl49:0001137:7b83475c2cf5,7b83475c2cf54c0bd22948b90cf11550760a80e3a7836b0b2365cefdc85a1cb6,0.1740508825,if6_consensus_when_public_priors_concordant_with_d4
aayl49:0001138:858ee0725062,858ee072506287d93178249721baf89be7d69c6fbf687bf74a8235d74de5f107,0.6208922863,if6_consensus_when_public_priors_concordant_with_d4
aayl49:0001139:f5f9df183cc2,f5f9df183cc261be4236850cfc00e25213287ff197581ef273c903b64a7749c2,0.4741359651,if6_consensus_when_public_priors_concordant_with_d4
aayl49:0001140:5251f44bcf56,5251f44bcf56b0aec19858d669e499959fb1b8b17de22972989699750ebc7631,0.522539258,if6_consensus_when_public_priors_concordant_with_d4
aayl49:0001141:78718206aae1,78718206aae1bad0c577c58c04dbdb316d8110f0213e0057af2edfc7ab9d283a,0.03216577694,if6_consensus_when_public_priors_concordant_with_d4
aayl49:0001142:efffee04437d,efffee04437dda5a9eb5d67c0c21e0439a60b44e79eab776bbfae2bd12189fd3,0.3150854409,if6_consensus_when_public_priors_concordant_with_d4
aayl49:0001143:e6d6d5589ca5,e6d6d5589ca5dcb47ff7c8891a0496c6b645bf4894ed10eeca33eb355549305f,0.07098121196,if6_consensus_when_public_priors_concordant_with_d4
aayl49:0001144:d6a39e138ff6,d6a39e138ff689c556c01e43d77b7c0bd39422b66848d163ee95f7191da057bf,0.369751811,if6_consensus_when_public_priors_concordant_with_d4
aayl49:0001145:60e6fd99aa2e,60e6fd99aa2efe88c910e1a051d2668371624a8ee971ccfad1e7e26340322612,0.1192298755,if6_consensus_when_public_priors_concordant_with_d4
aayl49:0001146:a7a1ade5bea8,a7a1ade5bea84488a30e87da702a746bb021341490f37b7a89bee984cc10eba9,0.5157349706,if6_consensus_when_public_priors_concordant_with_d4
aayl49:0001147:a4032943c706,a4032943c7062649f57897c7c7a6945bd326ca643eeacaf11764af5c214e3e73,0.1400293857,if6_consensus_when_public_priors_concordant_with_d4
aayl49:0001148:e68ae04e01de,e68ae04e01de5b76cca1bfa8bccae4596d5b2942750029755df7cf169a28586f,0.0310832765,if6_consensus_when_public_priors_concordant_with_d4
aayl49:0001149:667ba06220da,667ba06220da60dd877994ac06feccbb076a689bb0c607cceb588c6e47ac2123,0.4199335277,if6_consensus_when_public_priors_concordant_with_d4
aayl49:0001150:419d177a601a,419d177a601af196ce70ce38069ac06e2503efaf0a311493e9fe550e85506cc5,0.4518673122,if6_consensus_when_public_priors_concordant_with_d4
aayl49:0001151:e9acbcd23242,e9acbcd232424cd3f4148ebbcbda476ac66434f0904a565201da80ca8447bf49,0.2584087253,if6_consensus_when_public_priors_concordant_with_d4
aayl49:0001152:960f672cf823,960f672cf8238b05d79724fa48c823a16aeff81aacb66271a789ba6e08a6fc7b,0.8558725715,if6_consensus_when_public_priors_concordant_with_d4
aayl49:0001153:1ad31d62bf22,1ad31d62bf227deeb083b3959b80545eba6d6305de1afa910589039df61f729f,0.1663187146,if6_consensus_when_public_priors_concordant_with_d4
aayl49:0001154:cc2bfb6b6eac,cc2bfb6b6eac2ca30b4b74f6d487c3ba54efbcbed923fac95e78bd8470175cbc,0.5176680088,if6_consensus_when_public_priors_concordant_with_d4
aayl49:0001155:d8f1d4faf0f7,d8f1d4faf0f7ca49e09e58c43e92a308a61a68f6ce54fa10fbbcdef3da57ff9c,0.4923065007,if6_consensus_when_public_priors_concordant_with_d4
aayl49:0001156:3d18d1b2ab4e,3d18d1b2ab4ec0cf7ed7ad5362fabf3606ce619c33a070da204d19379f475c36,0.4433619082,if6_consensus_when_public_priors_concordant_with_d4
aayl49:0001157:4c3493b0dd0a,4c3493b0dd0a61f49b52860c9ffac9fcbb8346b332437a1906de5b60ec9a3057,0.5264826417,if6_consensus_when_public_priors_concordant_with_d4
aayl49:0001158:f13a511ce7d4,f13a511ce7d4c175f32974f8840f5b0b7d7510c4efd39840a6285305f8c5bff7,0.3999072015,if6_consensus_when_public_priors_concordant_with_d4
aayl49:0001159:1a3161fb392c,1a3161fb392c4603b171842a520bc44f0b1e714b8fcdf7f6c5aedde9e27a0b9f,0.6011753082,if6_consensus_when_public_priors_concordant_with_d4
aayl49:0001160:bcc53695cadb,bcc53695cadbe21d7af013603e0fb81ee95b91b15b12533c063e6ca8e0f9f98c,0.4794711173,if6_consensus_when_public_priors_concordant_with_d4
aayl49:0001161:73d53dc97066,73d53dc970666b0013ed349fedfa47c790134fddd6782e7b3db12ee324619d10,0.5435706973,if6_consensus_when_public_priors_concordant_with_d4
aayl49:0001162:305f01cca585,305f01cca5858edfb765c2fe2a492be1ff0fbec747c701df0344f1bfdce2cc1f,0.7341683507,if6_consensus_when_public_priors_concordant_with_d4
aayl49:0001163:675cfe46b71c,675cfe46b71cdc628afb8fb7b38c47dc3bca91127c2800eed69d368c9ce49ff4,0.4235676229,if6_consensus_when_public_priors_concordant_with_d4
aayl49:0001164:616e10595d04,616e10595d04763820435bc876c1c51fe20920a3b7d713a4b066814b003762d2,0.3042604029,if6_consensus_when_public_priors_concordant_with_d4
aayl49:0001165:d6e22827bf1e,d6e22827bf1e037fbb9fb577e232321450bda7eab55a9cd514b4829ec49d4ec1,0.3897007704,if6_consensus_when_public_priors_concordant_with_d4
aayl49:0001166:854be5720557,854be5720557be0d8a291b9c84950e6dbff78f3549f1f55f493b300ee97e717c,0.3150854409,if6_consensus_when_public_priors_concordant_with_d4
aayl49:0001167:c6dd713c5b3e,c6dd713c5b3e9519b859c665b3b06e752936313c7e0c3ef47319b8a1932d2ae6,0.4971777499,if6_consensus_when_public_priors_concordant_with_d4
aayl49:0001168:4e2d9a444767,4e2d9a44476792bd7292164a10249d454a1407b27abc9cd9b2233e2c56c53174,0.3516585529,if6_consensus_when_public_priors_concordant_with_d4
aayl49:0001169:37d5c3ae582d,37d5c3ae582d7af72e74405ebfdf6e1b5f7b4b5065139967da0c50cd134d6bad,0.1236371994,if6_consensus_when_public_priors_concordant_with_d4
aayl49:0001170:817afdef484c,817afdef484c9cd754dc78429265b7b5aa22a791c169d8b43c4fb3684d0514b4,0.48774454,if6_consensus_when_public_priors_concordant_with_d4
aayl49:0001171:f78ae1aa9922,f78ae1aa99224cf78a1cb7866fc1cd72eb505b1cea5fbf8a2d335b46a55a6460,0.2895693481,if6_consensus_when_public_priors_concordant_with_d4
aayl49:0001172:2254a845562e,2254a845562eb24a018edfcaf00c4d7f9e96152a9d4b7039715f042e981404aa,0.7315394878,if6_consensus_when_public_priors_concordant_with_d4
aayl49:0001173:01f15cf2fb00,01f15cf2fb0074762b2cb622e1b3adf110cab654fd972a5a073f04e1bc7a27d0,0.0268305894,if6_consensus_when_public_priors_concordant_with_d4
aayl49:0001174:89ffdbce820a,89ffdbce820a3d6399880c39863952e205b7ac700f2e65b10ce810d3f77da227,0.3556792736,if6_consensus_when_public_priors_concordant_with_d4
aayl49:0001175:afebf4819a04,afebf4819a0427b6f1c99f9f98bfff73bcb7bfcc8362afa002ebf4d2736f1373,0.4848062992,if6_consensus_when_public_priors_concordant_with_d4
aayl49:0001176:33ddc55402a7,33ddc55402a73347c166d5adeeb5d8406d4b3cd795a3e921e7b763c5f38ca5d7,0.2251604348,if6_consensus_when_public_priors_concordant_with_d4
aayl49:0001177:99debbaf82c2,99debbaf82c2f7f319feaf1036987ceaf34593969beaf717f5afa2bcc450a185,0.5958400965,if6_consensus_when_public_priors_concordant_with_d4
aayl49:0001178:9487e8e935a6,9487e8e935a6a6d92375231d36cc9e3d5be1e4565bf96bc776c3b1be5e67d3ed,0.4813268483,if6_consensus_when_public_priors_concordant_with_d4
aayl49:0001179:3e26fad56128,3e26fad56128790a1177e95d1093337535f1a2c602cd43474adb2be08374ed55,0.3182556331,if6_consensus_when_public_priors_concordant_with_d4
aayl49:0001180:19d41a81d218,19d41a81d21831089c1550d8a19dd5f27f4b99741a640ee213464e80fc111f6b,0.9205906987,if6_consensus_when_public_priors_concordant_with_d4
aayl49:0001181:f4392eac5fa2,f4392eac5fa2a2437608f9e9481dfba948703b68078064e07aa59094a74bbae8,0.4525631964,if6_consensus_when_public_priors_concordant_with_d4
aayl49:0001182:c0064713cf57,c0064713cf57c2d3193a94fefad04d51876e3435038c8af336331fa0b6c250c1,0.2655996084,if6_consensus_when_public_priors_concordant_with_d4
aayl49:0001183:7c08f11f1d96,7c08f11f1d96a0f48a295a33d0f1bbb971960a307ef77df86d8d5c7ac07b1304,0.7274413705,if6_consensus_when_public_priors_concordant_with_d4
aayl49:0001184:16d6592a9cd4,16d6592a9cd40d96f7b0256cba7bd6fe001891bd1aa2baf5c14ba5b2dd5024a4,0.1370911598,if6_consensus_when_public_priors_concordant_with_d4
aayl49:0001185:d2d0aac37bab,d2d0aac37bab0e444db658d14f88c81c26df0d17948c36349fb897f084a29695,0.4009896815,if6_consensus_when_public_priors_concordant_with_d4
aayl49:0001186:28423bfd805c,28423bfd805c98b34facc0a00b3648939ef093a62a013a7719b9d0f30fd2a052,0.2111652344,if6_consensus_when_public_priors_concordant_with_d4
aayl49:0001187:11c84c1ea7cd,11c84c1ea7cd73628aceee56f644d53b502f588d33d2992623805f6ef6bab048,0.25639835,if6_consensus_when_public_priors_concordant_with_d4
aayl49:0001188:c5f280c7ffb6,c5f280c7ffb67ba28e8b3fd6c34c298c19e4824e9fc47a5487bd914f22ccd685,0.2397742271,if6_consensus_when_public_priors_concordant_with_d4
aayl49:0001189:d6b95e05d51b,d6b95e05d51b163b115a38cb89f1fa8bc89f6b90a85ac33d879a1b57d76fd467,0.1241784617,if6_consensus_when_public_priors_concordant_with_d4
aayl49:0001190:964361beae85,964361beae858b3f32bdf8011a2ebe7139ecf9f0715d2e1c05737aa54bb08ec0,0.6154024601,if6_consensus_when_public_priors_concordant_with_d4
aayl49:0001191:1203a02c754f,1203a02c754f73802c706740ab60cb4345427258994d825666bf7c7bb579c8f1,0.5836232901,if6_consensus_when_public_priors_concordant_with_d4
aayl49:0001192:36181b9e0f60,36181b9e0f60937914ae51ddbe46e9a920a35926d726306ea5da43a81144ffd1,0.1022964641,if6_consensus_when_public_priors_concordant_with_d4
aayl49:0001193:bf9c8e00d24f,bf9c8e00d24f6055df5ac92864132299157c374c914ef32d086b1380ec114a28,0.2584086955,if6_consensus_when_public_priors_concordant_with_d4
aayl49:0001194:4ce70da062f0,4ce70da062f0652da1142ab7a5973af747a56c72a945971222193c77e1fcfec0,0.4764555991,if6_consensus_when_public_priors_concordant_with_d4
aayl49:0001195:46ecbdd39318,46ecbdd39318ac0dbd8217716cb99d9536c311db1e0379e8c040fb7a4b01ade2,0.5628237724,if6_consensus_when_public_priors_concordant_with_d4
aayl49:0001196:1f91dc4e708f,1f91dc4e708f60fa935892b1c4a2cb0cb93665ef868512bc2e91f935aa135ba7,0.3141575754,if6_consensus_when_public_priors_concordant_with_d4
aayl49:0001197:e1e45a672fa1,e1e45a672fa1c88b51266f2071f339b46f56465c957eb9fe16254c7489f5a691,0.4856568277,if6_consensus_when_public_priors_concordant_with_d4
aayl49:0001198:9e769d12f7c4,9e769d12f7c4940bdb4d4fa118eacb4810eac02d3dc6b8132f94fb6e88bf69b2,0.6645016074,if6_consensus_when_public_priors_concordant_with_d4
aayl49:0001199:f7e0cfa4daac,f7e0cfa4daac013a17f2de7f62e1cb3a6291e2dfde984a860b1830583f144c27,0.5174359679,if6_consensus_when_public_priors_concordant_with_d4
aayl49:0001200:49744bcd2901,49744bcd29017bc37a73f763e7b3352e7f2a469c4cc2a29b93330d7975e2cd4f,0.4558106959,if6_consensus_when_public_priors_concordant_with_d4
aayl49:0001201:f8cd822f7ee8,f8cd822f7ee87149b9f0d012c8b48661276ecf636c05f3c99b73cd17afa7debb,0.1098353043,if6_consensus_when_public_priors_concordant_with_d4
aayl49:0001202:66883c0e97a9,66883c0e97a9156d26bfe114e0f37a66113ef362fa48541830e34556412ba3f2,0.25531587,if6_consensus_when_public_priors_concordant_with_d4
aayl49:0001203:d6f006a9a8b9,d6f006a9a8b9f05f2acd90662fa54b0897402001829c0c9632168c2e9f8e39fd,0.04438258708,if6_consensus_when_public_priors_concordant_with_d4
aayl49:0001204:d3241a3f5d75,d3241a3f5d757cf6ad5a04eb28a66e817fdbb0cc11a35d4b0558e0954e5da731,0.4301399291,if6_consensus_when_public_priors_concordant_with_d4
aayl49:0001205:8ef8484a8c15,8ef8484a8c15751109b084ec696f9c851875b26280858e4c089ed610c4b1b133,0.3747003973,if6_consensus_when_public_priors_concordant_with_d4
aayl49:0001206:11ed4272abfe,11ed4272abfe6169fdf5815f74d91313940db1c2b15528de97ff6f3e74e1ef8e,0.1496945769,if6_consensus_when_public_priors_concordant_with_d4
aayl49:0001207:45182976ae10,45182976ae100fd694447da4411edb1ebf2080c79e9170888172233eefd742e4,0.2552385628,if6_consensus_when_public_priors_concordant_with_d4
aayl49:0001208:a9c3723e4e44,a9c3723e4e448ea458de0314380a8e8badf9364ee5cc87ccaaa2b87111183109,0.3436171114,if6_consensus_when_public_priors_concordant_with_d4
aayl49:0001209:ed0c1befba3c,ed0c1befba3c7ab5a68c7e85f130dcc14880b985ce41a85f78b64163bf628f96,0.123095952,if6_consensus_when_public_priors_concordant_with_d4
aayl49:0001210:c5adb264fff9,c5adb264fff95b56b51daa9dc002fc722f1bc2d8d6c4d550df3c801028d3b7bd,0.4388773143,if6_consensus_when_public_priors_concordant_with_d4
aayl49:0001211:38c01124b1ac,38c01124b1ac1bc847a1372d1c1f3cd3a6c55a8164ab21fc2e9a2ecd7e643b1a,0.1568854898,if6_consensus_when_public_priors_concordant_with_d4
aayl49:0001212:a3aa6fd5b158,a3aa6fd5b158d903c5ddf15965c870ab16e1dde783595e5c43c2169deac2f493,0.1245650649,if6_consensus_when_public_priors_concordant_with_d4
aayl49:0001213:4b187471760e,4b187471760e35f0fa0dab7fe4ab8a34fdbce33c61307538048dc33b4ad09e02,0.3451634943,if6_consensus_when_public_priors_concordant_with_d4
aayl49:0001214:af1a211f4b93,af1a211f4b934c2fddeb1cfd183260db5388552ca4c1f2d21cad01e367690083,0.2901878655,if6_consensus_when_public_priors_concordant_with_d4
aayl49:0001215:70f2f1af156e,70f2f1af156ec571c443d6335a62b6f80f88810c0d6dd44b78bb57f80cae81d5,0.4474600255,if6_consensus_when_public_priors_concordant_with_d4
aayl49:0001216:c97bfdf8aa8d,c97bfdf8aa8da9a4759c6635f42bbf0a27d3bca8cc7f1da9d84625e58e37362d,0.3133070469,if6_consensus_when_public_priors_concordant_with_d4
aayl49:0001217:18cee3f318ea,18cee3f318ea10d9485a34b53576d030f737e3b8d73977da871fa097f44b3f1d,0.0648728013,if6_consensus_when_public_priors_concordant_with_d4
aayl49:0001218:63321af35e19,63321af35e1982ac134d1f0a586f728c7b064b98b1111ae3896e637921613ccd,0.1251063198,if6_consensus_when_public_priors_concordant_with_d4
aayl49:0001219:95f91e0e44d6,95f91e0e44d65973b45a16f6e6387bd495f545906faecfd9d2d3c8db116a5cdc,0.1055439636,if6_consensus_when_public_priors_concordant_with_d4
aayl49:0001220:a9f541d6b3bb,a9f541d6b3bbf9b3cf1dee908a44df51b2033b367f079174046044cb0f54c71d,0.4705791473,if6_consensus_when_public_priors_concordant_with_d4
aayl49:0001221:1ee6bf933d1c,1ee6bf933d1ce0b5dbb778ad9dd0a25e213a30084d54bd12fa1c92cfda6f8c47,0.2802134156,if6_consensus_when_public_priors_concordant_with_d4
aayl49:0001222:3650c5631adc,3650c5631adc4cbdcafbe4a4a26a287077018b3f4687425efc5d0ae427123ed6,0.05598082021,if6_consensus_when_public_priors_concordant_with_d4
aayl49:0001223:352670fd6a7e,352670fd6a7e7a92ce6a8712a762ddc6b2a730743bbbce3f2a41290e3f7dd973,0.24441351,if6_consensus_when_public_priors_concordant_with_d4
aayl49:0001224:04cfe8d59abc,04cfe8d59abca867605afb5416baa7ce1ef2026246a1b7395eb641e039d070a4,0.04886724055,if6_consensus_when_public_priors_concordant_with_d4
aayl49:0001225:0a695f37394e,0a695f37394e5b689d563bcf56f72cd17f96d1f80a99d01ba53d6fb15805d2a8,0.2267841846,if6_consensus_when_public_priors_concordant_with_d4
aayl49:0001226:5eedec0159e7,5eedec0159e7d3d0061bff302e8103a4b34ccfa30c50856e26fb60abc5bd82ef,0.4333101213,if6_consensus_when_public_priors_concordant_with_d4
aayl49:0001227:52ecd5d3c5cb,52ecd5d3c5cb5b1ff777fc27fe2928b2023d6e5f8ea053794eb3e4633e420480,0.4005258083,if6_consensus_when_public_priors_concordant_with_d4
aayl49:0001228:987d3fce4291,987d3fce4291340e77473404dfcbd2a447efe2bf4dc6137c73f60e6c5583f2ed,0.6598623395,if6_consensus_when_public_priors_concordant_with_d4
aayl49:0001229:377da0ac2597,377da0ac259775a83b8daa5f98a3ea5f3e1a8c5c6cbe0569d9ec68577f84c5f3,0.7103533745,if6_consensus_when_public_priors_concordant_with_d4
aayl49:0001230:6126619c6684,6126619c6684b0f4b3a6984600ad0d838e087ca8af3fd059fb1bcffde24d5bbe,0.6066651344,if6_consensus_when_public_priors_concordant_with_d4
aayl49:0001231:05403208a2ad,05403208a2ade7648024962898726e00c38caed89345f6ad5b5db6e4f6b74de4,0.7097347379,if6_consensus_when_public_priors_concordant_with_d4
aayl49:0001232:59d40fc4f039,59d40fc4f039c7a1596a6d302277cbbf3cde10572f9fbfbe39dbe69e20752a5a,0.3287713528,if6_consensus_when_public_priors_concordant_with_d4
aayl49:0001233:a2bb1539ceeb,a2bb1539ceeb2d50231930dc547cc3bcfa135a1670d1140637beb16caa608c41,0.397742182,if6_consensus_when_public_priors_concordant_with_d4
aayl49:0001234:e1cd2a67602a,e1cd2a67602a90aaad4dce3a8a6958e935a9937da9840f9b7de7b037090d4aba,0.183329463,if6_consensus_when_public_priors_concordant_with_d4
aayl49:0001235:8474c56cbd56,8474c56cbd56ea0992b4a5ef9a500d2013c5eac298155df715ed6f9de665fe4b,0.2159591764,if6_consensus_when_public_priors_concordant_with_d4
aayl49:0001236:4c7780f50aff,4c7780f50affa62e386c6084660ffdecb08ac2e2ecce87265ec9f16acc6b078d,0.440423727,if6_consensus_when_public_priors_concordant_with_d4
aayl49:0001237:ed844f0113ef,ed844f0113ef9f23fa472e2481bee58aa25c4dfcd7fd08624187493a0e74a29f,0.1356993765,if6_consensus_when_public_priors_concordant_with_d4
aayl49:0001238:5129a76886fa,5129a76886facc821b4017c10724dd71772b43df983b3414553295c8c6caadd5,0.3644939363,if6_consensus_when_public_priors_concordant_with_d4
aayl49:0001239:1e6f260f51b4,1e6f260f51b4338082562bfae4fd42f5350f2e183f1ec686e2c0c28eeef4fb24,0.5056831241,if6_consensus_when_public_priors_concordant_with_d4
aayl49:0001240:21473080e640,21473080e640e083a23e8623cb8c9b51753e6b30c850f434d538775f39985c27,0.1755973101,if6_consensus_when_public_priors_concordant_with_d4
aayl49:0001241:ee1361d9bc83,ee1361d9bc83761c1436e198c126ce67f72d2bdc1275abc081b5667bfb491d45,0.1809325069,if6_consensus_when_public_priors_concordant_with_d4
aayl49:0001242:c23ff60c0b0f,c23ff60c0b0f66a911af94dec12e3db4d5f0c6dd65df8eb04f7d25b1fdc97f55,0.1298229247,if6_consensus_when_public_priors_concordant_with_d4
aayl49:0001243:0aa57b53cc77,0aa57b53cc77b14fef3999383e613ef20262d320f6e19b772f41904c50281453,0.1468336731,if6_consensus_when_public_priors_concordant_with_d4
aayl49:0001244:f8c97b61eb38,f8c97b61eb3848685e186ff017effcc6aca903271acf6d344b657bfb4e4ea5c0,0.2872496545,if6_consensus_when_public_priors_concordant_with_d4
aayl49:0001245:2fd1eaf0a1f3,2fd1eaf0a1f339ff1f96befa0b36965bb718d4df8e9c5b04e8323c936cba6354,0.6397587657,if6_consensus_when_public_priors_concordant_with_d4
aayl49:0001246:138ad0080ab4,138ad0080ab44d601c39fe15e0078900a1851b27c465b3f1363e9487c9c9310d,0.6115364432,if6_consensus_when_public_priors_concordant_with_d4
aayl49:0001247:143309b6e351,143309b6e351fa41e5d9cfc3af661d2b3c6024fbb5dd4ecdb0c7b7d308588d75,0.09757983685,if6_consensus_when_public_priors_concordant_with_d4
aayl49:0001248:53544c067f2e,53544c067f2e18f47bae3ab718e4367b583d28bcee2fd7d5ddec17c0daebd326,0.6615634561,if6_consensus_when_public_priors_concordant_with_d4
aayl49:0001249:dd5bd968e0cc,dd5bd968e0cc3b6cd33364b1a50e7cdefdeb8d15271c0aa5f1a1ec1bb88d130b,0.580530405,if6_consensus_when_public_priors_concordant_with_d4
aayl49:0001250:54813f674af1,54813f674af1255b252d1642b9c390cd6a9512d92606654654e3bad485e78130,0.4766102135,if6_consensus_when_public_priors_concordant_with_d4
aayl49:0001251:0aacbccff1c6,0aacbccff1c6f5ecf10f3633bd88aa202afc1701e94e72c1382579455bc9f6d4,0.1281218529,if6_consensus_when_public_priors_concordant_with_d4
aayl49:0001252:6e13551f20b9,6e13551f20b987dfa0f0e00397f4ca31885785b314b3eb91a559d79a4d9d2be3,0.3208072186,if6_consensus_when_public_priors_concordant_with_d4
aayl49:0001253:b24efb53748d,b24efb53748de432a8e1d2755e6e8cbe916d878ae197162f10344e0543247cd5,0.2609603405,if6_consensus_when_public_priors_concordant_with_d4
aayl49:0001254:40c8790e083b,40c8790e083b75e303c3207ad74b00cd91e18a94645643a6ce052dcab6a4b3a0,0.1309054345,if6_consensus_when_public_priors_concordant_with_d4
aayl49:0001255:e34ebaca8027,e34ebaca8027caa550cb69542d649eb086af4cd530f4d3a9f428563dbeb6525f,0.03533596173,if6_consensus_when_public_priors_concordant_with_d4
aayl49:0001256:1bc96c248178,1bc96c248178d9cd808303c337aa5a93709cad708a15b21e2c2347d551c6f8a9,0.09464161843,if6_consensus_when_public_priors_concordant_with_d4
aayl49:0001257:6fee74f643af,6fee74f643af5c2b4719aa1523c8cb20dcbfe863500ae20885fba8505dc40cf2,0.8042990565,if6_consensus_when_public_priors_concordant_with_d4
aayl49:0001258:9ecf908a7494,9ecf908a7494d8a3c2fb1e5ff69e486925d3a11f2bc434838fa21e9ecbb2f92d,0.4901414812,if6_consensus_when_public_priors_concordant_with_d4
aayl49:0001259:e513b01720d2,e513b01720d22f54398fd081da5763a195681084266c421370b5ecc80c839b96,0.5417923331,if6_consensus_when_public_priors_concordant_with_d4
aayl49:0001260:dad3676b9cd6,dad3676b9cd6238d447ce13088ccedd9ec4601a9ca4a337bef508a04fcb6e225,0.6215109229,if6_consensus_when_public_priors_concordant_with_d4
aayl49:0001261:ba04cd502b97,ba04cd502b974167162d8e92709329d4b555bc08d0ca408071f16f0ec3aa44d4,0.3639526665,if6_consensus_when_public_priors_concordant_with_d4
aayl49:0001262:612a81f99d00,612a81f99d00ba8277e9112e0681f0c86d67b5a94255ad2903dea71b9e03754e,0.2351349145,if6_consensus_when_public_priors_concordant_with_d4
aayl49:0001263:b53162f1d819,b53162f1d8198df4c37a830ad9ec9a2afc9ae25d4c445b19976a48d653abb936,0.3131524026,if6_consensus_when_public_priors_concordant_with_d4
aayl49:0001264:a9f3349abff3,a9f3349abff303f7d5e3b4d8421490c51b44a8e1313fd19acf52140ac5228981,0.5485193133,if6_consensus_when_public_priors_concordant_with_d4
aayl49:0001265:d1e7242be8c3,d1e7242be8c3383231902f25c4f8225644a7b00f19a9a7d6b86e175831902738,0.3779478967,if6_consensus_when_public_priors_concordant_with_d4
aayl49:0001266:1a5ca8064faa,1a5ca8064faa895620b63a192204494896ac08f56a42c6740cf3a87e9f7c124f,0.1530967206,if6_consensus_when_public_priors_concordant_with_d4
aayl49:0001267:53a1b22a79f5,53a1b22a79f53c9d3a50edefde88d2c22f48a696244be4230b922ce576783039,0.2591046095,if6_consensus_when_public_priors_concordant_with_d4
aayl49:0001268:4193d9d85872,4193d9d85872a9f0266476f7bd62baf189428cfc1f00926dd08a060986de352c,0.345163554,if6_consensus_when_public_priors_concordant_with_d4
aayl49:0001269:0073da384169,0073da384169f7492a47079f77472798a9008fc9c1031abb2ad4d5f19283da5b,0.5393953919,if6_consensus_when_public_priors_concordant_with_d4
aayl49:0001270:26daa993476c,26daa993476ce357b436277d7fe34edd07f1a1e61a18e71bd3d86d02f3f62fa5,0.06054279581,if6_consensus_when_public_priors_concordant_with_d4
aayl49:0001271:be79433f7096,be79433f709667cc57e6a2d10f0ced0fca5bcef54320b7336a135a173f8b4e6c,0.2854712903,if6_consensus_when_public_priors_concordant_with_d4
aayl49:0001272:2da055cb9e79,2da055cb9e794bcb27f44099aae000b68f68a17f9247d329feab071a06c8bcf7,0.5738807321,if6_consensus_when_public_priors_concordant_with_d4
aayl49:0001273:3087b15a3d80,3087b15a3d804349984780e36c9020d55594f230854870108628fd66292fce88,0.7664887905,if6_consensus_when_public_priors_concordant_with_d4
aayl49:0001274:28b5714924e2,28b5714924e2643fd0e2b9c23a8600aed5ab9ff69b21863d7675a20373387071,0.2536921203,if6_consensus_when_public_priors_concordant_with_d4
aayl49:0001275:d101e2d99734,d101e2d99734a9b69e4cc1db46b7dc454c0a8b479d84b6723992579ae5fdd1fa,0.5567154288,if6_consensus_when_public_priors_concordant_with_d4
aayl49:0001276:11987c6659c7,11987c6659c70d81921d52c4acd8e8f62f6fb3b6861237ce10891221268d80ed,0.4448310435,if6_consensus_when_public_priors_concordant_with_d4
aayl49:0001277:71151e53a15d,71151e53a15dd83ece8f13ba612925ef4e0458779029d91fa69c6eee1eff766e,0.2945179045,if6_consensus_when_public_priors_concordant_with_d4
aayl49:0001278:761439be6713,761439be6713ea9b5a210633fb7948b3669e5365ce7b82fa2e96681ba16230bc,0.1388695538,if6_consensus_when_public_priors_concordant_with_d4
aayl49:0001279:e872e34a6643,e872e34a6643ac6888f19c019ff45dc2719398c6a0d7a1efe12440188a548522,0.1551844031,if6_consensus_when_public_priors_concordant_with_d4
aayl49:0001280:2522b613112a,2522b613112a6706510da398b663332df5e3963b8a3bc185bfb9aa5b6cb3c2cb,0.8284234405,if6_consensus_when_public_priors_concordant_with_d4
aayl49:0001281:c8fb3675a46e,c8fb3675a46e1729f914bb8a7f19bbddd4828713be8138dce6498aecf910a4b9,0.2543106973,if6_consensus_when_public_priors_concordant_with_d4
aayl49:0001282:027c63165006,027c63165006e371664b10220260c5e6618d9b58133d45c6a29ec5cdff8e1dfd,0.7265135646,if6_consensus_when_public_priors_concordant_with_d4
aayl49:0001283:3a95746ff704,3a95746ff704ab0130302749e71d008ea2e6a655f6e36d36f9ffc23d7350635f,0.3006649613,if6_consensus_when_public_priors_concordant_with_d4
aayl49:0001284:922c155c954e,922c155c954ea67d6c435ecdf4193033db8db01bb0d5d4c77c304bea705a5c48,0.05234671012,if6_consensus_when_public_priors_concordant_with_d4
aayl49:0001285:d6f3b6e2d493,d6f3b6e2d4939cb35df1cfd4c2f4e1ae648bd857cc99dc6da7adab12c3cf3b71,0.0694347769,if6_consensus_when_public_priors_concordant_with_d4
aayl49:0001286:6d227cb0b6dc,6d227cb0b6dcd415845c770fa8baaffa13ccd5a2e0fb44c0628988bf25f579c9,0.3185648918,if6_consensus_when_public_priors_concordant_with_d4
aayl49:0001287:86b63393f353,86b63393f353f07b57feebe4df235f8fbce15f38b4ece48ab048cb18428320c1,0.7709735036,if6_consensus_when_public_priors_concordant_with_d4
aayl49:0001288:f32f22a2c4f6,f32f22a2c4f6d88d44d390cd83f98eca744b628be696b3b1834a84ba0ea0a7b0,0.2222995311,if6_consensus_when_public_priors_concordant_with_d4
aayl49:0001289:79be34059cbc,79be34059cbc8b0c0a40c8f3a33b666a7208aabab20165e889186787be916dc0,0.1322198957,if6_consensus_when_public_priors_concordant_with_d4
aayl49:0001290:3b494b513875,3b494b5138759eff474126049d8cc4ee81f1527ddcd62d71c886c68010cb8e76,0.08397123218,if6_consensus_when_public_priors_concordant_with_d4
aayl49:0001291:fc64251047a2,fc64251047a2890878c53dd2d3f472d3b1dde29e257d78f209bd159d387a5046,0.0402072221,if6_consensus_when_public_priors_concordant_with_d4
aayl49:0001292:721dfc4b575a,721dfc4b575ad1611bfa5128f897a96d191540ba161f1ba04106fae5db198963,0.2996984422,if6_consensus_when_public_priors_concordant_with_d4
aayl49:0001293:5c27de0aab18,5c27de0aab18e76869fbd3d4b1191b18fea579f0c17bb4911a274e28dbbee4ff,0.7327766418,if6_consensus_when_public_priors_concordant_with_d4
aayl49:0001294:8196f892d073,8196f892d073af60de93c5b7804933acd5ba5f906d5a735821d55ad2f3cb3f16,0.3351890147,if6_consensus_when_public_priors_concordant_with_d4
aayl49:0001295:213a708729ac,213a708729acc3a9452ae57c9366415c53806a81490d58e072d39fad95898a7e,0.6228253245,if6_consensus_when_public_priors_concordant_with_d4
aayl49:0001296:b22dc450ad91,b22dc450ad919ac522ec54aa28c9b67d2cff73c592751f85b9de10aac65f9e00,0.2222222239,if6_consensus_when_public_priors_concordant_with_d4
aayl49:0001297:c052b412dc97,c052b412dc977471bd99a7e88ab7a061e1b60a2b110d4b9e58de0e2e78b5568d,0.8797649741,if6_consensus_when_public_priors_concordant_with_d4
aayl49:0001298:5d852c09659d,5d852c09659dff2bfa1e28965dcb1dc92b1b96f1720829ae1688b18a1b81deeb,0.9401531219,if6_consensus_when_public_priors_concordant_with_d4
aayl49:0001299:ca284d40d3b6,ca284d40d3b6f41f6527681e3a2768c39aec88905e03f2ef756080444077833e,0.659553051,if6_consensus_when_public_priors_concordant_with_d4
aayl49:0001300:9ac5eb5a729d,9ac5eb5a729d034f9af167739622c87319437672ee95d97d356c49c8dc6629a5,0.07855872065,if6_consensus_when_public_priors_concordant_with_d4
aayl49:0001301:2064b6e345d4,2064b6e345d4e473303c1c7977d574c7d497127c0ddbc6422f5f202b8fe4a208,0.3598546088,if6_consensus_when_public_priors_concordant_with_d4
aayl49:0001302:e37ea3bea905,e37ea3bea90549b4eb5bc977e99227eb57f0c7d4b5d014c1b28f607b3fa00084,0.3085131049,if6_consensus_when_public_priors_concordant_with_d4
aayl49:0001303:5d4b34209fc7,5d4b34209fc78473512a4162d921f7d3e3e8a53b29b7e5ab35ae33682a21a05d,0.8992499709,if6_consensus_when_public_priors_concordant_with_d4
aayl49:0001304:a12f091e93b7,a12f091e93b7fc3ca624ee6d7c582a6ece84816ca78f9354e77975804e6e0d1d,0.09386839718,if6_consensus_when_public_priors_concordant_with_d4
aayl49:0001305:4b3cdf46a31d,4b3cdf46a31d3f1ce591ba7605e07a38582a613d8444e411524524f027764697,0.5449624658,if6_consensus_when_public_priors_concordant_with_d4
aayl49:0001306:503e19d3a4f6,503e19d3a4f6a6f650e27623b3f2b2add69e411b90de9eba5c1c70e110cddcad,0.7338591218,if6_consensus_when_public_priors_concordant_with_d4
aayl49:0001307:c69018d4cc9a,c69018d4cc9a5491f2baf31ba980139e93898bb585e37c1bb7f37f7def3b5e60,0.5559421778,if6_consensus_when_public_priors_concordant_with_d4
aayl49:0001308:662e88f6233a,662e88f6233aae305296205a9d8090299f0b0e85d77e467d89665070d43d6b0a,0.3181009591,if6_consensus_when_public_priors_concordant_with_d4
aayl49:0001309:c3a6e5780bd2,c3a6e5780bd2fd5f82802d1c1fe60d7fdaf710d7fba64c2ec8edfe4e0bf90c85,0.1823242903,if6_consensus_when_public_priors_concordant_with_d4
aayl49:0001310:08e1861026e2,08e1861026e2b1d7dc73b691234df1aaff2e4d8dbdde9b34d12c81087444cf00,0.5406324863,if6_consensus_when_public_priors_concordant_with_d4
aayl49:0001311:a79df4f61819,a79df4f61819f0f74b9f0b436cd8e6c5cb854f29cc057fedb5079a2a26fe5c25,0.3564524949,if6_consensus_when_public_priors_concordant_with_d4
aayl49:0001312:245668f138af,245668f138afbfe7d7497b068a57b14a1820a8735b6a6c0fe36569813c970094,0.4273563921,if6_consensus_when_public_priors_concordant_with_d4
aayl49:0001313:039b239fe15c,039b239fe15cfc24e03b19e89c3c4fc1b5732b256f0a8be43244f532da1003bc,0.7206371427,if6_consensus_when_public_priors_concordant_with_d4
aayl49:0001314:4090e97603b9,4090e97603b947f61ef51fc608beeaef32294b285708eea618e2f3d3da4cddb7,0.7812572122,if6_consensus_when_public_priors_concordant_with_d4
aayl49:0001315:d39135b54160,d39135b541600d57305359d3802805f160ee0e4d243a8d0c4b7851aab429866e,0.2019639611,if6_consensus_when_public_priors_concordant_with_d4
aayl49:0001316:5425450d33de,5425450d33de2e5d327e9c52c2dbea7b4f565a436ef43a72ad758816de78574e,0.1273486465,if6_consensus_when_public_priors_concordant_with_d4
aayl49:0001317:0495aabce6f1,0495aabce6f164276e2de6aaf0c7e864a890f464947b12f0f026654ace09cc4a,0.2254697233,if6_consensus_when_public_priors_concordant_with_d4
aayl49:0001318:b5fbe469757a,b5fbe469757a3ac37f3cab2e3227b31cdb64765101b3e9c449e81611a8e2fafd,0.3490296304,if6_consensus_when_public_priors_concordant_with_d4
aayl49:0001319:d49abdb0dafb,d49abdb0dafbe4d29fd10c64901172843916930ce77a597f2db643b793677510,0.4305265844,if6_consensus_when_public_priors_concordant_with_d4
aayl49:0001320:6c28aac3e6c8,6c28aac3e6c87d606936c8fae0febb02d6d4dad6560f9fb88b6b5ddb97a6df18,0.09309518337,if6_consensus_when_public_priors_concordant_with_d4
aayl49:0001321:932b3288ee41,932b3288ee41b3d759e95d8c2c7c8443cef4b6646222d27775c28fe41f5a999b,0.4984149039,if6_consensus_when_public_priors_concordant_with_d4
aayl49:0001322:4d8923063b51,4d8923063b51b1be9d9c3db44d35538d24a171feb25ee9bb7cdc5820d7e79df9,0.7867470384,if6_consensus_when_public_priors_concordant_with_d4
aayl49:0001323:afdd14c95888,afdd14c95888e8cb5d3352c8213a63889ba507d5bb1d921ecbbc8370d63c9280,0.4048558176,if6_consensus_when_public_priors_concordant_with_d4
aayl49:0001324:f1251f921a26,f1251f921a2603108b6455a7ee31533d130335da1ddb8e186e74b3a0fd66028a,0.7800200582,if6_consensus_when_public_priors_concordant_with_d4
aayl49:0001325:9f9aad6cb31c,9f9aad6cb31c123db4d5b43d345f52fe6af7588fcad562b1602dd0225147c852,0.1173741594,if6_consensus_when_public_priors_concordant_with_d4
aayl49:0001326:cba318c8bc20,cba318c8bc2062c055cc89f714326b48898e3bcc5e67b49ad95f05d9b01ca39f,0.7149153352,if6_consensus_when_public_priors_concordant_with_d4
aayl49:0001327:22a3bcc5b9f9,22a3bcc5b9f9c16f2c4c8ac2718f23884f4c339887bb9602d291b4ca56ff3c23,0.1158277169,if6_consensus_when_public_priors_concordant_with_d4
aayl49:0001328:a947e123545a,a947e123545a9116726dc0fb3fb5a5e7d9b5f3059ea567d0deea7c1589012503,0.183329463,if6_consensus_when_public_priors_concordant_with_d4
aayl49:0001329:17622af4c74d,17622af4c74d5b692b15e5757ec6983d16a89ceef6fdabde257b1019c53ece71,0.7624680996,if6_consensus_when_public_priors_concordant_with_d4
aayl49:0001330:54d2f5bc10fc,54d2f5bc10fceb7b72f6c4630331fea1bec4e414ef3646731c34ffffe814c03a,0.1346942037,if6_consensus_when_public_priors_concordant_with_d4
aayl49:0001331:1a1263ebc1a5,1a1263ebc1a5355995dc033260cf0f3e3cc0e5a747131f8bdf6c3bdc8ddad342,0.9530658126,if6_consensus_when_public_priors_concordant_with_d4
aayl49:0001332:a11039ba8141,a11039ba8141b21b2fc13d7f34e18ca725142d72f47c56407e4dd8dd6e73de57,0.3354210556,if6_consensus_when_public_priors_concordant_with_d4
aayl49:0001333:750d8682750a,750d8682750a452f80f2c790ba43fdd7421f6c5dbdbb5f66a25bde42a0629272,0.3028686345,if6_consensus_when_public_priors_concordant_with_d4
aayl49:0001334:afa1fae1df5c,afa1fae1df5c9da32268ba3bc4fd94122ca459ac5ac160edfcada9b70e5560aa,0.03750096634,if6_consensus_when_public_priors_concordant_with_d4
aayl49:0001335:e8b6f733eaf7,e8b6f733eaf7fdbea02dc257ae193e25fc939f953b201bd90df7d3d9cf6b985e,0.05443438888,if6_consensus_when_public_priors_concordant_with_d4
aayl49:0001336:cb1204747e46,cb1204747e46f26be974b87345e3dcb3ba85173d1cd266c7ec5db6038c4c24a0,0.0879919529,if6_consensus_when_public_priors_concordant_with_d4
aayl49:0001337:e8ac9d38b1cc,e8ac9d38b1cc2ecdc72fe940063c29e7a658c5d9503dae102e2b70426bc8cbf2,0.2888734341,if6_consensus_when_public_priors_concordant_with_d4
aayl49:0001338:cf8c507db917,cf8c507db9175695022c854daf38d125a258e4a548d15a686cf52fb68f39bbf9,0.1987551302,if6_consensus_when_public_priors_concordant_with_d4
aayl49:0001339:7dfd29354371,7dfd29354371b45e9c558510ed7d4e676f341d6fc68dd809061b65da5027c22d,0.3968916833,if6_consensus_when_public_priors_concordant_with_d4
aayl49:0001340:ff2af2f55ddd,ff2af2f55ddd96cbed6f2f066566171dfa8429d0b52e2c93f69de60e273472fa,0.5141112208,if6_consensus_when_public_priors_concordant_with_d4
aayl49:0001341:5440a7642b5d,5440a7642b5d344cb41fa28ead849d2d06d289326683dfe3844c4350cb303de6,0.1657774597,if6_consensus_when_public_priors_concordant_with_d4
aayl49:0001342:748007ed82a9,748007ed82a9f5dc4538249748871d2c92d87d1e9b9886bf68a5fe5a81e9fb50,0.1688703299,if6_consensus_when_public_priors_concordant_with_d4
aayl49:0001343:54969dbe0fc1,54969dbe0fc1a466639cec72d986b0186d52b3d7ca0c0f8cb4b0833e32d7d49f,0.02157272212,if6_consensus_when_public_priors_concordant_with_d4
aayl49:0001344:fdf1abcd65d8,fdf1abcd65d8dbd88bd0f7a80e70fbf41ef84211f4c12e9b709e9e29cadda6b6,0.2093095183,if6_consensus_when_public_priors_concordant_with_d4
aayl49:0001345:303117d0c3c2,303117d0c3c20a6b8ac86d2f884357e4600bbc597d7ad26f000baf76b4a84455,0.6962807775,if6_consensus_when_public_priors_concordant_with_d4
aayl49:0001346:632bc1de282d,632bc1de282d9fad64fc2358546cafb94552395719110b9e28ac1f208462bcc0,0.2720173299,if6_consensus_when_public_priors_concordant_with_d4
aayl49:0001347:e4893e2bd112,e4893e2bd1120c02fc3b0d16ac5eafc901d698ae5fbd6924fd995d2ca762916a,0.1822469682,if6_consensus_when_public_priors_concordant_with_d4
aayl49:0001348:126df4325081,126df4325081e33b732353835cb29087f809606e18b227845eeca9ea944a4327,0.074306041,if6_consensus_when_public_priors_concordant_with_d4
aayl49:0001349:79db56848a8f,79db56848a8f87013ed564da1c5e3fba8dae1e72e184c3116fe80ad21b6bc3ed,0.8547127843,if6_consensus_when_public_priors_concordant_with_d4
aayl49:0001350:c59e688ff666,c59e688ff6660d9a516a345ff611ed064300f698bcd044b4d9feb6b5a8217f68,0.4885177314,if6_consensus_when_public_priors_concordant_with_d4
aayl49:0001351:5864b4230fe1,5864b4230fe17a1cca305eed7a42f934cf3fef78c3cb45af82b2f6f6186b2f73,0.4568932056,if6_consensus_when_public_priors_concordant_with_d4
aayl49:0001352:9b78512575b2,9b78512575b259be115efa35c13168422ecfb7fa22f04224b71718283390b596,0.9164927006,if6_consensus_when_public_priors_concordant_with_d4
aayl49:0001353:413a33e2e2b8,413a33e2e2b8f455b8738bcd639353d62c89c394249cb43c508f83972a39dd95,0.8448929191,if6_consensus_when_public_priors_concordant_with_d4
aayl49:0001354:a99e168fe8c8,a99e168fe8c85bdc14984e1a9a44be570245d9b0edd3a2324d9fa48de894a17c,0.6438568234,if6_consensus_when_public_priors_concordant_with_d4
aayl49:0001355:dd151d8134f1,dd151d8134f14e74d5d9e5df60dc9cfffb33f05e00181bb67dfb904a8b8a6d46,0.5994742513,if6_consensus_when_public_priors_concordant_with_d4
aayl49:0001356:6b0f587c2809,6b0f587c28093e958e6d54baf880424788e6a616f35271e398ffc4b706c7b77f,0.3543647826,if6_consensus_when_public_priors_concordant_with_d4
aayl49:0001357:fc402fa30074,fc402fa3007463c42dec1f4d0a4ac56805d592992b3a45b3f2e5e19fe06a06dc,0.3981288373,if6_consensus_when_public_priors_concordant_with_d4
aayl49:0001358:79650ccf3c37,79650ccf3c37d87012e90547da4160e67141a0663ca6bedd1b2c8194830cba07,0.2532281578,if6_consensus_when_public_priors_concordant_with_d4
aayl49:0001359:616f87f222de,616f87f222de5ecef74b808af5e95880277dc52dc81905f2a2f25c32dd8f101c,0.2755741179,if6_consensus_when_public_priors_concordant_with_d4
aayl49:0001360:02e666c15950,02e666c159503fe673d7c9971b078e2f1a5646f2ef2663144fadcd33c7e118ea,0.8335266709,if6_consensus_when_public_priors_concordant_with_d4
aayl49:0001361:96567ffa6e43,96567ffa6e4386d649dfc7a106ab9ab81ee41d9870b9818ad0e965ce6cd07e5a,0.5858656764,if6_consensus_when_public_priors_concordant_with_d4
aayl49:0001362:07fb8ef007e8,07fb8ef007e82613b8f06e195c2fee739d9efa17d2c5ebbfdb22bee5282853f2,0.3288486898,if6_consensus_when_public_priors_concordant_with_d4
aayl49:0001363:f06cb2323b56,f06cb2323b5667bf691347b23fe7cb92bd6dfa570ed39d4dd4b7f00405e9c053,0.3578442633,if6_consensus_when_public_priors_concordant_with_d4
aayl49:0001364:a20a6ee53213,a20a6ee53213f329ac1f5da4bbcee9f8fb46186880e1663eb3513f85c484d00b,0.6437795162,if6_consensus_when_public_priors_concordant_with_d4
aayl49:0001365:3f7a3ee045a1,3f7a3ee045a1b794420f4899f6e50c0ae776d203ed9c0635e2fd7e5c06535329,0.713136971,if6_consensus_when_public_priors_concordant_with_d4
aayl49:0001366:3c04fbbb4d0c,3c04fbbb4d0cbe7b66cac7273cb7aef8fb0011458903a5684592c815b5b69887,0.5030542016,if6_consensus_when_public_priors_concordant_with_d4
aayl49:0001367:8afd4508a0d3,8afd4508a0d399f08e55b645b868061496bee984afa12d4e6c59de5ea34da868,0.6244490743,if6_consensus_when_public_priors_concordant_with_d4
aayl49:0001368:7fafafeb2b8e,7fafafeb2b8e39c52f1b834e6768cd59dbcc1540588b78b6bf2ce1647458c980,0.1622206718,if6_consensus_when_public_priors_concordant_with_d4
aayl49:0001369:778b4d901032,778b4d9010322cb9bf66558abec7171f065e753df323654d22bbc11f9975a642,0.1463697404,if6_consensus_when_public_priors_concordant_with_d4
aayl49:0001370:4011eada246e,4011eada246e528bc3f67b54dad4cfe686111895aef569b450f82052608eb47a,0.3925616741,if6_consensus_when_public_priors_concordant_with_d4
aayl49:0001371:1481e4f3d059,1481e4f3d05924cd61ac27f4ad3025d4e492394fa981240d434eed0565d315d4,0.4307585657,if6_consensus_when_public_priors_concordant_with_d4
aayl49:0001372:b983e398a3f6,b983e398a3f675bfb3a2748b57e529876126940fd81e9e4ca8832e875856af7f,0.09495090693,if6_consensus_when_public_priors_concordant_with_d4
aayl49:0001373:0184f2cf60a2,0184f2cf60a27a5b73aa417c7d7acca84afc48ab04662c80fe824497737dc5c7,0.2506765425,if6_consensus_when_public_priors_concordant_with_d4
aayl49:0001374:6dab4c25f59d,6dab4c25f59da8f08a602a1b51127946e580f2af1611963230a165f1d40e1afc,0.1322199106,if6_consensus_when_public_priors_concordant_with_d4
aayl49:0001375:f925696e6908,f925696e6908bb8269f907dc0d8462afea1384af11f92d5c71088dd18841e0ad,0.3860666752,if6_consensus_when_public_priors_concordant_with_d4
aayl49:0001376:72a06afffbf8,72a06afffbf88f9e86c59b32ef01c95a2c679829af2d3ee3ee82a08b6ecc7272,0.5806077719,if6_consensus_when_public_priors_concordant_with_d4
aayl49:0001377:2cea9926e37d,2cea9926e37d19a5490ce24b1a8aa8e4ec1ddd888e55392b15db3443ee78f16b,0.6367432475,if6_consensus_when_public_priors_concordant_with_d4
aayl49:0001378:09eb88d82e5c,09eb88d82e5ca9fe95fdb1f49af8ef49b73c2aff487fc16eda4da19fa382f349,0.09974483401,if6_consensus_when_public_priors_concordant_with_d4
aayl49:0001379:5db398b124de,5db398b124de0b47ca5d5f50995a55b0046a1e8cf0b7fc50fdf557c424695264,0.4891363084,if6_consensus_when_public_priors_concordant_with_d4
aayl49:0001380:bb8c8c621444,bb8c8c62144480467ce7eb35568c03e95161ff345a8d99e94837f7af8ff428ee,0.376942724,if6_consensus_when_public_priors_concordant_with_d4
aayl49:0001381:ffdf18a2467a,ffdf18a2467a2e7cdb92c627ce54317ac68ee3b61b65a2770fdd26e0ac3df608,0.6640377045,if6_consensus_when_public_priors_concordant_with_d4
aayl49:0001382:75d085c6a3de,75d085c6a3dec598615a198cde1d44158250bc0b1f6b15d1e4d79c3a314fdc6f,0.2776618004,if6_consensus_when_public_priors_concordant_with_d4
aayl49:0001383:bb1a6125294c,bb1a6125294c1536c20b37d788a19ccca4646e622f1659af36f008ca6522b01c,0.2665275037,if6_consensus_when_public_priors_concordant_with_d4
aayl49:0001384:834097a0c329,834097a0c3291fbf0f38a951a6b847891656b15667ec04e974ab6ab1bcfe8819,0.3031005859,if6_consensus_when_public_priors_concordant_with_d4
aayl49:0001385:0e99930c4e7a,0e99930c4e7aef5e06303e011350bc0e41ab87985f99376894bc396285dc3ac7,0.4064022303,if6_consensus_when_public_priors_concordant_with_d4
aayl49:0001386:4b4acd4b9d3b,4b4acd4b9d3b8e184df9acd01f86c49acaeb080de8264fdee7e8acefb76060b2,0.2222995311,if6_consensus_when_public_priors_concordant_with_d4
aayl49:0001387:eacf61bdd62f,eacf61bdd62f7731e73dac8f746d668f3ee37312cea69832f51c42abacb8ca91,0.01368591934,if6_consensus_when_public_priors_concordant_with_d4
aayl49:0001388:8cab78663fa1,8cab78663fa1585e7568dd5eeb804c3ac406776750b1b5df34f23b7dc26342b0,0.4929250777,if6_consensus_when_public_priors_concordant_with_d4
aayl49:0001389:7ad9de2472c2,7ad9de2472c2c254d0e213f68b433e14d505557c5c48e00e40df19c58b1605e0,0.116832912,if6_consensus_when_public_priors_concordant_with_d4
aayl49:0001390:3c5f91543105,3c5f91543105e13bed7b59d32f93c94e47af13854ea7560e8998903c45447c7b,0.08373927325,if6_consensus_when_public_priors_concordant_with_d4
aayl49:0001391:a8f3426321b2,a8f3426321b226042d72a0bfe4d6a0fea7ffbc8052c233184db2e79159598403,0.557256639,if6_consensus_when_public_priors_concordant_with_d4
aayl49:0001392:1ed670ba35d4,1ed670ba35d44d10565eaad1e070ff91ea31a6778088897f810c8e130e56b4e2,0.5151163936,if6_consensus_when_public_priors_concordant_with_d4
aayl49:0001393:8a156781a41c,8a156781a41cccb933eb6f54f4f1d367f137ebe0bafe40e740a73395228884fc,0.5680043101,if6_consensus_when_public_priors_concordant_with_d4
aayl49:0001394:18bbc99c2bd1,18bbc99c2bd1574d2d0ca0b13f03cd4cc70cd5f0176e1a58521a929313f331dc,0.6442434192,if6_consensus_when_public_priors_concordant_with_d4
aayl49:0001395:fdabc23b6921,fdabc23b6921c6a7f49b077427fe1a91d8ad06371c72c4679cbd351a4bf88800,0.3310136795,if6_consensus_when_public_priors_concordant_with_d4
aayl49:0001396:fc67529e11a6,fc67529e11a68698513c2f350101a38eac18d1609de312da994d81d6d3e10a56,0.1876594573,if6_consensus_when_public_priors_concordant_with_d4
aayl49:0001397:cfbbf1ee2113,cfbbf1ee2113ae2f47ec2b8add8a7f54a6606a76856db1edbb6715a3ddfc70a7,0.01909843087,if6_consensus_when_public_priors_concordant_with_d4
aayl49:0001398:aa3ba3d5eee6,aa3ba3d5eee693b2c836a649a2b37b8c299a8c8fbb571c6e615e393831af3a2c,0.1190752387,if6_consensus_when_public_priors_concordant_with_d4
aayl49:0001399:38738b43e4e5,38738b43e4e52abb074ba267c7961bceadaf74b35f33686f599d8f22ef3d705e,0.2433310151,if6_consensus_when_public_priors_concordant_with_d4
aayl49:0001400:5af3261c388c,5af3261c388c197b8e6e20f3479a42c2fa05c2e75366ee5533bc881068c8c38b,0.1196164861,if6_consensus_when_public_priors_concordant_with_d4
aayl49:0001401:1cc874de3773,1cc874de37737e3a7596cca75d915e409422a2be150d7e00ab021341ffd1736e,0.4848836362,if6_consensus_when_public_priors_concordant_with_d4
aayl49:0001402:b8013ce28e30,b8013ce28e300a0feba12f01c04694c2ddd6188dcad3bac3550ea90708ee22b2,0.7688084245,if6_consensus_when_public_priors_concordant_with_d4
aayl49:0001403:400a051bcce9,400a051bcce918e3d4f9f21df2e7e89ac67eb1c99e326de41f75abd44b7d84f8,0.8829351068,if6_consensus_when_public_priors_concordant_with_d4
aayl49:0001404:9a5557ffd50f,9a5557ffd50ffb666f16b07b51f5edd9c0fe2cd7b4137a5498a13b821a918929,0.6953530312,if6_consensus_when_public_priors_concordant_with_d4
aayl49:0001405:49511db174e0,49511db174e0d19f0add48b9ab9d688f23348af07948b0c2c1fde028e4204ff9,0.2413979769,if6_consensus_when_public_priors_concordant_with_d4
aayl49:0001406:220847af29ca,220847af29caeb39e30b1dab9746df42dc934e2647bad2c1b00c148aac6cf3d5,0.7656382918,if6_consensus_when_public_priors_concordant_with_d4
aayl49:0001407:f3a2613544e8,f3a2613544e8cdff74a9c88316c15e85da3beb6e1023252f844f42a683d0a119,0.6208922863,if6_consensus_when_public_priors_concordant_with_d4
aayl49:0001408:2a7bc598b008,2a7bc598b00820dff14e372a01ebb46a0a7e47f4e75276771a9a13c885143def,0.8874197602,if6_consensus_when_public_priors_concordant_with_d4
aayl49:0001409:7db3e296a9eb,7db3e296a9ebaa1db1d199603a10eee7d74915720c34c7b6ecb4c5839528af67,0.9735560417,if6_consensus_when_public_priors_concordant_with_d4
aayl49:0001410:e909e5455c99,e909e5455c99958bd0f237790b4d034a1ed303740898ed34d8666e3cff19212d,0.303177923,if6_consensus_when_public_priors_concordant_with_d4
aayl49:0001411:52042f240ba6,52042f240ba6ee5dc3879157c90602615f1e7716cfd28a9f255b96673b0c292b,0.5016624331,if6_consensus_when_public_priors_concordant_with_d4
aayl49:0001412:96d2f0c6ab84,96d2f0c6ab84f20a5a49b01708fde65074d61dfc4c947686455d56959cb35949,0.2187427431,if6_consensus_when_public_priors_concordant_with_d4
aayl49:0001413:9ab8033e7453,9ab8033e7453d82582101e96945baa61634f98a5a3d46a3c454521d4d6bf02d4,0.1155184433,if6_consensus_when_public_priors_concordant_with_d4
aayl49:0001414:b53009709438,b530097094384d3f779cc9542d376791cb045c8f44a7d71cbb6c6433f94e2ec3,0.1630712152,if6_consensus_when_public_priors_concordant_with_d4
aayl49:0001415:32b68b35373d,32b68b35373d38b27fbfeec9f02b1141757f24962eeaedcf944a0e8976833680,0.4888270199,if6_consensus_when_public_priors_concordant_with_d4
aayl49:0001416:b48b16907f55,b48b16907f559101ad0668860f19256af5e86fc1b0673a5fb45d0b40d22c5ffb,0.3936441839,if6_consensus_when_public_priors_concordant_with_d4
aayl49:0001417:b88dd63e3dee,b88dd63e3deef88765d5dbf9ac6796b673bee2b911d86ec54fb6586e616f8dac,0.5036727786,if6_consensus_when_public_priors_concordant_with_d4
aayl49:0001418:c68c101397e0,c68c101397e045f391b2ccd21cf0095a1dd00859f1bbb8992702c5f56c3dc136,0.5573339462,if6_consensus_when_public_priors_concordant_with_d4
aayl49:0001419:0484f3610ccf,0484f3610ccf0db1b97bdbf80eb89a841f9edd15bc59362357fa9b12abbbb853,0.2173509598,if6_consensus_when_public_priors_concordant_with_d4
aayl49:0001420:fc56618b37fb,fc56618b37fb43fe92a92030579449c71a8a2815275b39861b668e26802ab2c3,0.8530890346,if6_consensus_when_public_priors_concordant_with_d4
aayl49:0001421:4e39d59b40c4,4e39d59b40c47a218be14cd069e97ae029f09a7ec5e68d0d07fd3573ed4b3b45,0.6915642619,if6_consensus_when_public_priors_concordant_with_d4
aayl49:0001422:89a29077f8bf,89a29077f8bfdeab04a2da2d40047760d08f7b29915625b1035dff169a4c217a,0.3137709796,if6_consensus_when_public_priors_concordant_with_d4
aayl49:0001423:97507a2a56a8,97507a2a56a82d1fca762fca8a6fdca5b9e2010d9afa64246fa2a2f67293a4d8,0.5735715032,if6_consensus_when_public_priors_concordant_with_d4
aayl49:0001424:9ee7d0b36eaf,9ee7d0b36eaf8a3082ab7abceeb9c2a66858f3bd2ca61f0fab7bdb8397f8f0cd,0.7646331191,if6_consensus_when_public_priors_concordant_with_d4
aayl49:0001425:05983ae517af,05983ae517af99c7bff4640caf0ef0da703977e00789d4b2fe12e2419376de37,0.367277503,if6_consensus_when_public_priors_concordant_with_d4
aayl49:0001426:c6e2c5e629de,c6e2c5e629de396dadd82b3a74107765f354235e8b4e6b5836b7e8bb97a6e2ae,0.543957293,if6_consensus_when_public_priors_concordant_with_d4
aayl49:0001427:c88c78d7be8c,c88c78d7be8caecbe911b5c7b662072d5399883ff7d1646cdd954865413bbee4,0.02520683408,if6_consensus_when_public_priors_concordant_with_d4
aayl49:0001428:2193cc9f82ff,2193cc9f82ff19fac952006b918a93085448d28128b4733a1c74c3cd446c3b02,0.04422794282,if6_consensus_when_public_priors_concordant_with_d4
aayl49:0001429:ba503271400a,ba503271400a528da615a1b1d8c7c6aec0caaabc9db1e9781198e37846f82364,0.129436329,if6_consensus_when_public_priors_concordant_with_d4
aayl49:0001430:eff8c93e42b3,eff8c93e42b3dba7db7dcc89e27ba29e8d777f394e4d0901056c10dc394fb0ef,0.3184102774,if6_consensus_when_public_priors_concordant_with_d4
aayl49:0001431:468c6edd5f1f,468c6edd5f1f222e183062d9498329f2fe2961f737daf9b4e67478cf8e7aed5a,0.4709657431,if6_consensus_when_public_priors_concordant_with_d4
aayl49:0001432:9fc06b066cfa,9fc06b066cfa04c0c1a5f399afda46fec16ea315296b2eecf94bd0bd58607322,0.03757828847,if6_consensus_when_public_priors_concordant_with_d4
aayl49:0001433:fa377973b577,fa377973b57794063fc6e1d980a8017a8abca006102bf5e6d30a3b3d1cef0d22,0.1542565525,if6_consensus_when_public_priors_concordant_with_d4
aayl49:0001434:dd4f8a607050,dd4f8a6070508163e5e8fa02d144a1725a0e7e564ce4d32ed2292d0f5b525e9a,0.3634887636,if6_consensus_when_public_priors_concordant_with_d4
aayl49:0001435:c3c4e34c68bf,c3c4e34c68bffb807b21a8a5c63380aa552213b8afd9cf8e56e2628fe8806ebc,0.5386994481,if6_consensus_when_public_priors_concordant_with_d4
aayl49:0001436:38fb12027327,38fb12027327f42a72c55efa65aa5532d9afc58e90f049e4d0ff9d3e82bd3791,0.8096342683,if6_consensus_when_public_priors_concordant_with_d4
aayl49:0001437:8fae788ad1d3,8fae788ad1d3ca821fc121620f025d2b82739ad3c235a7f6f623c11880d6e8e6,0.3419160545,if6_consensus_when_public_priors_concordant_with_d4
aayl49:0001438:fcbaa4613e6f,fcbaa4613e6f3ab5ec74d6eea6a06553baaed772bd7ddbe02b464629c6d5eeb8,0.1012139544,if6_consensus_when_public_priors_concordant_with_d4
aayl49:0001439:0d47eea2bed0,0d47eea2bed004e747b531b320da4695e789199017ff551b46bddff1d0b3cec3,0.5849377513,if6_consensus_when_public_priors_concordant_with_d4
aayl49:0001440:34e514aeb5da,34e514aeb5da18479f219aa02804ed4c2e56aa3ccc7b7b453feaf792ce144998,0.5438799858,if6_consensus_when_public_priors_concordant_with_d4
aayl49:0001441:73a21d965aef,73a21d965aefab7b00756626db9d59b63f928facbd5583a0dbf8a263bee38a9e,0.6975952983,if6_consensus_when_public_priors_concordant_with_d4
aayl49:0001442:5dcc82ab2dab,5dcc82ab2dabf0fedbecdfc68a3724df9cb93694e711206d23c1f228b175712b,0.2686151564,if6_consensus_when_public_priors_concordant_with_d4
aayl49:0001443:e5e3d3b30b35,e5e3d3b30b35d4ddf71a9d359c5dbf92786904e4a8838880c39e3ba5bc2eb0e6,0.446996063,if6_consensus_when_public_priors_concordant_with_d4
aayl49:0001444:ef0ae0daac8c,ef0ae0daac8c4804d4ec61a2deccd124063783959aa04c2105ebf5bcd3a73e94,0.5904275775,if6_consensus_when_public_priors_concordant_with_d4
aayl49:0001445:e8dd764e1d21,e8dd764e1d21bbf650da6337ff1103ab146687f09fa3f97ccd7fe4ebe4e9aaf0,0.2650583684,if6_consensus_when_public_priors_concordant_with_d4
aayl49:0001446:08bba94a6b64,08bba94a6b640e3c92c6f0e5b696ac8373a07285ad455c88c4ca8dd16f833366,0.6217428446,if6_consensus_when_public_priors_concordant_with_d4
aayl49:0001447:5340b12bb067,5340b12bb067eeaf5cf3f4806be1a0a3515691ed7234036d44947e6942732cea,0.6841413379,if6_consensus_when_public_priors_concordant_with_d4
aayl49:0001448:453b51de763e,453b51de763e2d9e2742a92f0603a2c4634860e30e9202bdbc87ad52a1b151fb,0.5160441995,if6_consensus_when_public_priors_concordant_with_d4
aayl49:0001449:e8e78bb24a47,e8e78bb24a470870cb53c583c23ba313add852b44db8d139d63aa38804061d19,0.9333488345,if6_consensus_when_public_priors_concordant_with_d4
aayl49:0001450:76698e6d1b6a,76698e6d1b6a1a770875381140c5aaab40727d4914afba2353407b69fafd29e6,0.9593288302,if6_consensus_when_public_priors_concordant_with_d4
aayl49:0001451:55bdfded1145,55bdfded1145d16076986eb67eb3e5743e448b65cd01416a0ae8d396ff1e21f0,0.6934972405,if6_consensus_when_public_priors_concordant_with_d4
aayl49:0001452:682e1635bbd0,682e1635bbd00a759a20edd1444c630395b3176b82490dea0753782fa5d913b2,0.7281373143,if6_consensus_when_public_priors_concordant_with_d4
aayl49:0001453:02ca53fed197,02ca53fed19703b64b3ad805887fb454edf711256be559e56f359072c42e9af3,0.9590196013,if6_consensus_when_public_priors_concordant_with_d4
aayl49:0001454:8496bb127fef,8496bb127fef3945ab847eb936cc7f9088eb6d7a8690238bd4e911797026e583,0.1975566298,if6_consensus_when_public_priors_concordant_with_d4
aayl49:0001455:d7ee50e9e65e,d7ee50e9e65ee13f14715564c03e5661f91cbe0cf50dc3163df637253f8188dd,0.1094100401,if6_consensus_when_public_priors_concordant_with_d4
aayl49:0001456:8203d09181e8,8203d09181e871954f685a8748058bf7e094df8d0fea2d7cbcc8216a0f0a85f2,0.4036186635,if6_consensus_when_public_priors_concordant_with_d4
aayl49:0001457:d6fae5b6870d,d6fae5b6870dc91e48dfd5844c841a79fe6d54ef41e3e97cbddc04ba26e26ec1,0.6962807775,if6_consensus_when_public_priors_concordant_with_d4
aayl49:0001458:5c3eec352f5c,5c3eec352f5c1f608b250c8be095a44838918983c3a2b577536bb10b55410565,0.2092321962,if6_consensus_when_public_priors_concordant_with_d4
aayl49:0001459:6bfb48779b40,6bfb48779b40822c04f33be1dc1d91f40a0db09ecf1f24312d9adc6119755215,0.9654372334,if6_consensus_when_public_priors_concordant_with_d4
aayl49:0001460:6da7b28bf730,6da7b28bf730314e50ac8b5edd74fcd11a2a7d8ae49b1253ee6cdd0b189bc83c,0.5056831241,if6_consensus_when_public_priors_concordant_with_d4
aayl49:0001461:9c48cd6462e1,9c48cd6462e184d7089d922d0fc9a4adc6110781809834ea162a53714e0c29f1,0.3920977116,if6_consensus_when_public_priors_concordant_with_d4
aayl49:0001462:fa8d2b2f2767,fa8d2b2f2767bccc41417a0e76df416bd45034ef20bec6393cd399bf4aabe92f,0.9174978137,if6_consensus_when_public_priors_concordant_with_d4
aayl49:0001463:2dcf1011f151,2dcf1011f1510db48946f5d984092fe16f11c234bcd65d8d5295edbcc22c1d31,0.7423644662,if6_consensus_when_public_priors_concordant_with_d4
aayl49:0001464:66c7baae1527,66c7baae15273d5454018ea6fde43b22ab844a9bf3715ba1b0da3510f26743e7,0.126420781,if6_consensus_when_public_priors_concordant_with_d4
aayl49:0001465:db7c78cd1b9b,db7c78cd1b9bdea23adfc2d5362fcdcdc1f4a9c5686725316c55a23d618e0655,0.7378798127,if6_consensus_when_public_priors_concordant_with_d4
aayl49:0001466:e447dda04bdd,e447dda04bdd81c80920664bc4e106ec43a550d3817164e03a1f810282799f31,0.2441815585,if6_consensus_when_public_priors_concordant_with_d4
aayl49:0001467:a142c233a121,a142c233a121da211fcaf3f5560fbc9674d5b516a1f98bdc2a49a1c911a2bf37,0.1416531354,if6_consensus_when_public_priors_concordant_with_d4
aayl49:0001468:ba2fddfbd7c9,ba2fddfbd7c9e0fb67415ba179c6378de16a1e085a3e5e7b4e9225b8d363ddc5,0.2855485976,if6_consensus_when_public_priors_concordant_with_d4
aayl49:0001469:5bc6c61ebae0,5bc6c61ebae0d98f509d553ceca99d8cea192d1fc9ee2d278efcc1fa970f9e43,0.4368669093,if6_consensus_when_public_priors_concordant_with_d4
aayl49:0001470:3ac86987a13a,3ac86987a13a87c21939391134a44650ed2c8b04406ce54d060ce87b8a0d1a24,0.4247274399,if6_consensus_when_public_priors_concordant_with_d4
aayl49:0001471:7ca1642efaa8,7ca1642efaa8293c6aee8ec62704e52e632d89598231d041a348c58ecd9d1165,0.5271012187,if6_consensus_when_public_priors_concordant_with_d4
aayl49:0001472:ed9688c130f8,ed9688c130f83f79a89e637e581baa8bde5ae11f7b77a0bc52fe4d5abed9eca6,0.4070981443,if6_consensus_when_public_priors_concordant_with_d4
aayl49:0001473:ce1ab0338b68,ce1ab0338b688d177ebbfc87fb4f48a4d09156183eac6de66e65b4d9825a8b0e,0.5734168291,if6_consensus_when_public_priors_concordant_with_d4
aayl49:0001474:311724da3e19,311724da3e19b48fd77c7b5c42a8cfbc6a309ac3563cac1f0271de9e96161732,0.690713644,if6_consensus_when_public_priors_concordant_with_d4
aayl49:0001475:b471502f6f65,b471502f6f65ec84b8b1903ec28c12192525fedc0ee3e45c07fe3612d3fdb583,0.2721719742,if6_consensus_when_public_priors_concordant_with_d4
aayl49:0001476:3ca0366fe354,3ca0366fe354194936e318e552b97924709c871697e95703bfb916851bed4786,0.6869249344,if6_consensus_when_public_priors_concordant_with_d4
aayl49:0001477:711b300a942e,711b300a942e32957d4c4b0a91c7677594acd49cc0086308fbd3ab0c02f3d483,0.5453491211,if6_consensus_when_public_priors_concordant_with_d4
aayl49:0001478:1ea7a81eb2c4,1ea7a81eb2c4d70e34ed651ca8f2cb8ebe7a08a4fb1038a055740e1e1beee928,0.4667130709,if6_consensus_when_public_priors_concordant_with_d4
aayl49:0001479:4e9693e46c75,4e9693e46c751a14cb859b904c03d96eae8ed1e2a2a82dd3d090a32c7f881835,0.1585865617,if6_consensus_when_public_priors_concordant_with_d4
aayl49:0001480:34bd0c40fff2,34bd0c40fff27533e9abce07d28361579ef468db99faa9fdc978049aff0d2e06,0.1810098141,if6_consensus_when_public_priors_concordant_with_d4
aayl49:0001481:b4600a4e57ae,b4600a4e57ae1f4a70ea158ab7458bd497990c8e2c9096f0129d164b5fa6c6ac,0.4719709456,if6_consensus_when_public_priors_concordant_with_d4
aayl49:0001482:e0b33da10567,e0b33da10567a4be9560f0414c9d5f670a1f1691754cba0a5fc6d8478d16df38,0.7332405448,if6_consensus_when_public_priors_concordant_with_d4
aayl49:0001483:6c12024b5595,6c12024b559549ec1cd21d8c4a855cf78aaed60e66b0005f1210ff1dd9d4ea93,0.5250135064,if6_consensus_when_public_priors_concordant_with_d4
aayl49:0001484:dae31d3a3b2b,dae31d3a3b2bfc65bf26fabc8446761135f0c1506b78c4a6176da5f38c118147,0.170107469,if6_consensus_when_public_priors_concordant_with_d4
aayl49:0001485:d9405f876321,d9405f876321066d0582bac538ea13ff5613556cb96d6f64ebac60a3b9927710,0.3865306079,if6_consensus_when_public_priors_concordant_with_d4
aayl49:0001486:1d3174d7fba6,1d3174d7fba632158d116da3aba524450ff64e870e1e28a653290983bc18b303,0.2873269916,if6_consensus_when_public_priors_concordant_with_d4
aayl49:0001487:8918661363b8,8918661363b8d5c2329292c80beffb07baccf9aa61c9acc3c29f4f6ad257a284,0.3869945109,if6_consensus_when_public_priors_concordant_with_d4
aayl49:0001488:d1d10c1b3025,d1d10c1b30258120dc9b34b7461d983c6471d5854e61dcfd38d5090ae4dfaf04,0.5991649032,if6_consensus_when_public_priors_concordant_with_d4
aayl49:0001489:c50de6b516b7,c50de6b516b772a6cfd41e62a1604111a1953f8eb74ae25d2461a3a7c9c8ea37,0.09170339257,if6_consensus_when_public_priors_concordant_with_d4
aayl49:0001490:d6ca0e518102,d6ca0e518102670d495f6f404eb22c99cad5276614abcf794d0c7d835abb9637,0.8206912875,if6_consensus_when_public_priors_concordant_with_d4
aayl49:0001491:012faf149ed4,012faf149ed4d385935e5cf49c6e114e0800c85a985b3c1242a2a4ad9b0cd3c1,0.5264053345,if6_consensus_when_public_priors_concordant_with_d4
aayl49:0001492:67ac3e0ad632,67ac3e0ad632ae22f0234f2aac8004b0770a07029144cd56de2d541699172cd5,0.94262743,if6_consensus_when_public_priors_concordant_with_d4
aayl49:0001493:69841b8a1955,69841b8a19550a8945aea55816faf8cb5c087b19d01df959ad0b7e0eee0c3680,0.8686306477,if6_consensus_when_public_priors_concordant_with_d4
aayl49:0001494:831f421d2782,831f421d2782a9c397c063f0ffd428e1c506a0299a0a840b862ad60cf96b08cc,0.8403308988,if6_consensus_when_public_priors_concordant_with_d4
aayl49:0001495:b35ed299ff52,b35ed299ff52bb8280be2e55dde8eef91760c06cb9ad1962669aeabf4155d5a4,0.5450398326,if6_consensus_when_public_priors_concordant_with_d4
aayl49:0001496:eaf21890beb2,eaf21890beb27546fa0a8fd8330ffd7fc20d8c4f0179bc6abaa060e9a8ebe58e,0.2045928985,if6_consensus_when_public_priors_concordant_with_d4
aayl49:0001497:67ed0037f6f6,67ed0037f6f6d4de584228d25388ef641f58e00ffe4edf1fb0026d82a31db02d,0.7258949876,if6_consensus_when_public_priors_concordant_with_d4
aayl49:0001498:e59c390654e9,e59c390654e967ff75b0708340e31f024f1a110b7b5b3276723260ac533ec392,0.7664888501,if6_consensus_when_public_priors_concordant_with_d4
aayl49:0001499:b4637a30e900,b4637a30e900204b785799b514b827e7cf44ae25a9f526400ade5d835ef00515,0.3753189147,if6_consensus_when_public_priors_concordant_with_d4
aayl49:0001500:9aad7fce0137,9aad7fce0137229900802cfee120d6a36f3751b6339251cffb0b26a3859bb982,0.9058222771,if6_consensus_when_public_priors_concordant_with_d4
aayl49:0001501:61edde4b2c6d,61edde4b2c6d6869b8ac3916f396811296b2efb5ef397db686a13392ebae810b,0.2307275981,if6_consensus_when_public_priors_concordant_with_d4
aayl49:0001502:cac60c8fe4e2,cac60c8fe4e29ab8b5582cc74bfb514d982f2f286b0122d259b4b598693dd221,0.2734091282,if6_consensus_when_public_priors_concordant_with_d4
aayl49:0001503:a2c9e8d846e1,a2c9e8d846e12a0430dace4191c7a20f5454cffbaae685525ef9b32e249a6cf5,0.4495476782,if6_consensus_when_public_priors_concordant_with_d4
aayl49:0001504:cd199929b2bf,cd199929b2bf90c836d703bbb595f5ea7a1d69423350bee717436d0b9819b07f,0.4636975229,if6_consensus_when_public_priors_concordant_with_d4
aayl49:0001505:257fcbce87f6,257fcbce87f6dccf54bf758335c019b29c723f8cc9155fddaa00069cbdd4bbf3,0.5144978166,if6_consensus_when_public_priors_concordant_with_d4
aayl49:0001506:0d50b6c6a5cf,0d50b6c6a5cf459f419bcab06574ae6cd644ff26644402475881563812f58cc1,0.7786283493,if6_consensus_when_public_priors_concordant_with_d4
aayl49:0001507:089d4bdcb7b3,089d4bdcb7b39da9e4fcba6546a4c7324454b9e7933ac4a78a18823a2fe99c4d,0.5397046208,if6_consensus_when_public_priors_concordant_with_d4
aayl49:0001508:0c458f72652b,0c458f72652b065965a31e7ed8e5c94d6e4caf8c4f557f6b27faa8891c4daf9d,0.7176216245,if6_consensus_when_public_priors_concordant_with_d4
aayl49:0001509:2199b062b99a,2199b062b99ae479be826e7d2195ab9ad9bcc59b99b5d2e7bbff3e8a4736e347,0.1007500291,if6_consensus_when_public_priors_concordant_with_d4
aayl49:0001510:8ea039ea6975,8ea039ea697571422dca0af873d5d80f369d06a8c3e01c73011b1c1f1a50f5d8,0.108482182,if6_consensus_when_public_priors_concordant_with_d4
aayl49:0001511:b311bf89ec6c,b311bf89ec6c9027688c5b112a47e7e28e04e512720b06bbeecab2fd195b63a1,0.3302404881,if6_consensus_when_public_priors_concordant_with_d4
aayl49:0001512:0927944772f3,0927944772f3b5d1888bbb9bb8157a74b5055de3d874d064f13bebd97499fe1a,0.1759065986,if6_consensus_when_public_priors_concordant_with_d4
aayl49:0001513:4e499324db0b,4e499324db0b95dd3e87d94e8d62574a6c8eaba009a13d209f4f2ff922bf0367,0.05366117135,if6_consensus_when_public_priors_concordant_with_d4
aayl49:0001514:2892f7347ad2,2892f7347ad2008838283c6a438b003da72bad6bd7e6f6efae26f43a6dbffe5d,0.633495748,if6_consensus_when_public_priors_concordant_with_d4
aayl49:0001515:92661f0ead7b,92661f0ead7b634128a3e043c2ef47a5d767007f9bb94b5258389ce7d3adc9f2,0.6935746074,if6_consensus_when_public_priors_concordant_with_d4
aayl49:0001516:7d5c01107364,7d5c01107364dcdaa6cb1d4a7d69f7ba497dbdb0eaf9858f3714defbce22b355,0.4058609903,if6_consensus_when_public_priors_concordant_with_d4
aayl49:0001517:aa259407c7dc,aa259407c7dc6eac021287802b75aae1cf9e0410ce6c3b7e522c28060593898c,0.4433619082,if6_consensus_when_public_priors_concordant_with_d4
aayl49:0001518:fd5a8298bf87,fd5a8298bf8709c77035a3181bcf4306da1ea73bdb355e54d5da938547364e43,0.335420996,if6_consensus_when_public_priors_concordant_with_d4
aayl49:0001519:5af44cf532f1,5af44cf532f168e540af160c83d2d6cf6628589b2b10a857458c4e83431179d9,0.7180855274,if6_consensus_when_public_priors_concordant_with_d4
aayl49:0001520:4ed9549c1f61,4ed9549c1f619634b46a6fd1362bae14b780eb0930299ca63ba76e7045a7cdfa,0.3061161339,if6_consensus_when_public_priors_concordant_with_d4
aayl49:0001521:aefafedc2bd6,aefafedc2bd6d29a91ef5e441b7e66c5d40a5960aed90213f062f648db72c83d,0.9106935859,if6_consensus_when_public_priors_concordant_with_d4
aayl49:0001522:99dc9006b5dd,99dc9006b5dda51182f1fa3efe5a28fecf2f282e4d3088ab68de5b65f3f82902,0.9540709853,if6_consensus_when_public_priors_concordant_with_d4
aayl49:0001523:a49735be5ce7,a49735be5ce77ad5cfdbfa8203b26d4948243e0efec8080f77482d4afd984cbe,0.2485888749,if6_consensus_when_public_priors_concordant_with_d4
aayl49:0001524:965c0f05158a,965c0f05158abbdf22d50bcbb9ce268c0f60987a35683f90854e4f054931874b,0.694425106,if6_consensus_when_public_priors_concordant_with_d4
aayl49:0001525:6a432815b2fa,6a432815b2fa80b51a5fe108f0352bd271547042f9ffe816c2f3b940a95a61d4,0.7018480301,if6_consensus_when_public_priors_concordant_with_d4
aayl49:0001526:7de8bcb0434a,7de8bcb0434a3942a5d9ed1b7bf5a0d941b7dd03036f952fc0851fa59cd9c311,0.2000309229,if6_consensus_when_public_priors_concordant_with_d4
aayl49:0001527:ae3d85a5563f,ae3d85a5563fd6f14d1cce7a92f0d13de491bf80a74cd01d09032cfdcfaf77ba,0.6338049769,if6_consensus_when_public_priors_concordant_with_d4
aayl49:0001528:1b6fa21ebbae,1b6fa21ebbae260b33e7d3cdf2e22c8ce88da9e71f8ecb1021d7c346b5351882,0.3185649216,if6_consensus_when_public_priors_concordant_with_d4
aayl49:0001529:fb849e8f0fa2,fb849e8f0fa2fc57750c2bee6d758dc66e4c89c881883eaa89f1d090ec81c4f3,0.622979939,if6_consensus_when_public_priors_concordant_with_d4
aayl49:0001530:172b5909aa96,172b5909aa96d59bc1f24e169067d2b125eb099da56448f69668a890389c84bc,0.6755586267,if6_consensus_when_public_priors_concordant_with_d4
aayl49:0001531:9c0e2f120857,9c0e2f120857ca912e37f44488a4e7f3018d61ae93f11b8b820b5b98bfc8b1bd,0.8216190934,if6_consensus_when_public_priors_concordant_with_d4
aayl49:0001532:3931215659e2,3931215659e2f48c5b08bfbad9786f78d96dc714ae7eb9c17ad8225babc9d04a,0.2161911279,if6_consensus_when_public_priors_concordant_with_d4
aayl49:0001533:4589e36628f6,4589e36628f679d34c0029a5159257cd1c7a08d2a94a7954d1d8f81d54c2dd2a,0.5061470866,if6_consensus_when_public_priors_concordant_with_d4
aayl49:0001534:ebbf4fbaa561,ebbf4fbaa561b2ecaa48b390f37896b5d013e0b24379715bed95716bd365aa5e,0.2070672065,if6_consensus_when_public_priors_concordant_with_d4
aayl49:0001535:7621b76b8233,7621b76b8233da4baef1d393125233bee817e903ebde2538a2163d055d718bb2,0.04623830318,if6_consensus_when_public_priors_concordant_with_d4
aayl49:0001536:374181ba3cb8,374181ba3cb8f0de0da4e284ff86feca7b8c7819b8f5cf7318647d1cbd9b959e,0.08397123963,if6_consensus_when_public_priors_concordant_with_d4
aayl49:0001537:e348be795b62,e348be795b623ac9ba868401827408716081c235e6f648be4fca2a56df27f0a8,0.4007577896,if6_consensus_when_public_priors_concordant_with_d4
aayl49:0001538:e84d43e946e8,e84d43e946e8913d6cfb34ded4c3c9793181ebd9fc9255ed69bca9cb7b4ff0f7,0.2969148457,if6_consensus_when_public_priors_concordant_with_d4
aayl49:0001539:afa4da656aca,afa4da656acae1b359ad4e8b9f78dde7ad148e75a07f1c53e47441ec004955de,0.06765638292,if6_consensus_when_public_priors_concordant_with_d4
aayl49:0001540:a78ce0381c32,a78ce0381c324eeca097a11eb6cf4711b6287f004c40a72a0506b0f4c4408c9f,0.5570633411,if6_consensus_when_public_priors_concordant_with_d4
aayl49:0001541:51608cbeb777,51608cbeb7778c29916cee925f10fd73fba7fb953fbfd13de969ac8536276cfb,0.06394494325,if6_consensus_when_public_priors_concordant_with_d4
aayl49:0001542:259a439c7b0c,259a439c7b0cadc0a9565b069c9a4b4accff3ebe35221f21d417af12df033fd0,0.06177994609,if6_consensus_when_public_priors_concordant_with_d4
aayl49:0001543:2c609f72453b,2c609f72453be9da9f142040a8e22c44cf1c6dc0a2af39c28dcbf6c9eaa5180b,0.406788826,if6_consensus_when_public_priors_concordant_with_d4
aayl49:0001544:b3ab90ed0d79,b3ab90ed0d79d55c3a79d37de7e16aaa9349dc56959900eefd79c27b7773e707,0.9155648351,if6_consensus_when_public_priors_concordant_with_d4
aayl49:0001545:d26e390f948b,d26e390f948b95a684a946237e95cd28896e383288042d51ceef6a3c8bcaf9d1,0.3126884699,if6_consensus_when_public_priors_concordant_with_d4
aayl49:0001546:f596bbdb7b4a,f596bbdb7b4ae5024869172ffe661db7ffcabf8a220b2bb7a88b00c4ca53c3a9,0.3637980521,if6_consensus_when_public_priors_concordant_with_d4
aayl49:0001547:ffc019ff6ba3,ffc019ff6ba31bbf9cca3c75080cb444754ff8021019f4057dc08252a51f0305,0.114745222,if6_consensus_when_public_priors_concordant_with_d4
aayl49:0001548:29d079064216,29d079064216501ef43d49de0408e4ae650cc981936a1773cd29296cb02a542d,0.1308281273,if6_consensus_when_public_priors_concordant_with_d4
aayl49:0001549:a00e315639ae,a00e315639aee9f38115aa2276ad576f03e2760784d0968789720185f3627313,0.359468013,if6_consensus_when_public_priors_concordant_with_d4
aayl49:0001550:55be37aacace,55be37aacace080979aa54ce94ecbd800476c6836c66aab358658b08951f6611,0.1299002618,if6_consensus_when_public_priors_concordant_with_d4
aayl49:0001551:bc4683c651f3,bc4683c651f34d1b22e58d5027997f507f77b9f199ecfa94975eed68dc424536,0.188123405,if6_consensus_when_public_priors_concordant_with_d4
aayl49:0001552:6918a5864ab3,6918a5864ab3f630b757ba615d3fe2b43426c9af309aa12f6bc27915ae4b6d87,0.2781257331,if6_consensus_when_public_priors_concordant_with_d4
aayl49:0001553:9be453cbec40,9be453cbec40b7ee1ae2ec82338c55cd77d17e5f7399eaf9ca4663c3e47312ce,0.2168870419,if6_consensus_when_public_priors_concordant_with_d4
aayl49:0001554:0f56400f5bb8,0f56400f5bb82bd7190a4d910fcf97b09e4c3e41bd5e7a96d9b0af18287823f5,0.7053274512,if6_consensus_when_public_priors_concordant_with_d4
aayl49:0001555:6d99138272b8,6d99138272b8012bb189f42210ffc443099fea351b4e726c638390612520e9bf,0.8636820912,if6_consensus_when_public_priors_concordant_with_d4
aayl49:0001556:9669623f241e,9669623f241e622e1e49f981bc6191e727239d4a9b62f2b8b5e8567c73710b2e,0.2392329723,if6_consensus_when_public_priors_concordant_with_d4
aayl49:0001557:5592d2a28808,5592d2a288080ad044a0bd8dc5184d48d4fb54e7c314bfa3438a27b9bf8c175f,0.2803680599,if6_consensus_when_public_priors_concordant_with_d4
aayl49:0001558:a519d78b34f9,a519d78b34f9f9b562de2d182d876ac338d05150ee43a6cabcb4484d5caedc08,0.1700301617,if6_consensus_when_public_priors_concordant_with_d4
aayl49:0001559:5e3fa51bbda6,5e3fa51bbda61c659842862810762c2ee0d28e8014b8ac686b81126002e61a0b,0.2592592537,if6_consensus_when_public_priors_concordant_with_d4
aayl49:0001560:f9d00bc585e7,f9d00bc585e7ceb99b3242c60e41982e4d0a7ba2e097d6041ba98e1a9707b926,0.08760534972,if6_consensus_when_public_priors_concordant_with_d4
aayl49:0001561:c8155dd90ed9,c8155dd90ed9ed12df5102d4b3010cea90281435ef7f4c241d99822239acd47d,0.1067811027,if6_consensus_when_public_priors_concordant_with_d4
aayl49:0001562:17c99435ea21,17c99435ea21621afe0bd297f6918b68e7909d005ef3d8f21a1eaa4f945ea1e2,0.07028531283,if6_consensus_when_public_priors_concordant_with_d4
aayl49:0001563:bf0e7efd272f,bf0e7efd272f4ead48cf2d8297e8d4b8d190669430b60f8fe206555255b96cb2,0.08242480457,if6_consensus_when_public_priors_concordant_with_d4
aayl49:0001564:8538b206b70e,8538b206b70e1bc97324c6ddb926b2a1d6e51ca794c195594d993f8f66dbf753,0.1179927364,if6_consensus_when_public_priors_concordant_with_d4
aayl49:0001565:3c8040e1f062,3c8040e1f0621910bf7817fc454f2080a48244e1ed132776025ec89330b938a2,0.1487667114,if6_consensus_when_public_priors_concordant_with_d4
aayl49:0001566:ee6d5814d9be,ee6d5814d9befaf5e3a1e0dd47af3f8c681c78912ffe0f24eee9372180d84ab7,0.7088842392,if6_consensus_when_public_priors_concordant_with_d4
aayl49:0001567:2b7198512e22,2b7198512e2249ca336fa3c5e577446074289ba30afc8d388ee0b16d3f34a556,0.3938761055,if6_consensus_when_public_priors_concordant_with_d4
aayl49:0001568:034bba983699,034bba9836996f9e0d11ffefc41da6fdbff8e90a5d48f8b9321d475ac5837178,0.09951287508,if6_consensus_when_public_priors_concordant_with_d4
aayl49:0001569:7792303243f4,7792303243f45b61e15bcd6292eeadb5a555db9383b9b7dfbdf3ed15b62da7f6,0.5702466369,if6_consensus_when_public_priors_concordant_with_d4
aayl49:0001570:c8efb5a9fedd,c8efb5a9feddff66b2168011293bc8b06de611bb70e1046283df947a07a5fe54,0.5157349706,if6_consensus_when_public_priors_concordant_with_d4
aayl49:0001571:b85b617c17fb,b85b617c17fb99567d6064c4ee8b9c73a02b9679563c61476f582707df6808fc,0.9105389714,if6_consensus_when_public_priors_concordant_with_d4
aayl49:0001572:0104a89dca83,0104a89dca831e21a78c86e61d4a2a6825d3a6ca8175ec34159027fb65dd1c9f,0.3218897283,if6_consensus_when_public_priors_concordant_with_d4
aayl49:0001573:152a066c94b3,152a066c94b3128d66c5bb3c1c2e4f67eba07066b9897aff3fdfe64d9033be71,0.5576432347,if6_consensus_when_public_priors_concordant_with_d4
aayl49:0001574:d16fcf280c41,d16fcf280c413744d04625072e3bf45794f8fb61bbe952e9f8f58ae82e599ef4,0.2992345095,if6_consensus_when_public_priors_concordant_with_d4
aayl49:0001575:c3acf236f496,c3acf236f4961c093a3d3e1e84e39cc686836021d12eb67269a0ca066f82a319,0.8554859161,if6_consensus_when_public_priors_concordant_with_d4
aayl49:0001576:a27b131d2a19,a27b131d2a190f9963036533a08c6821f45f3b512a47d2dfb3230701a4a9bf4a,0.324750632,if6_consensus_when_public_priors_concordant_with_d4
aayl49:0001577:2755587fe72a,2755587fe72a7e13bedbd769aff44f06c7517780a62694c6f23699337865152f,0.2972241342,if6_consensus_when_public_priors_concordant_with_d4
aayl49:0001578:e4d99bbe4e0f,e4d99bbe4e0fb83c1aee229b741a805d23808af0a4ae542f1a67fd05c7d53988,0.1805458814,if6_consensus_when_public_priors_concordant_with_d4
aayl49:0001579:6c5e9ae87bc4,6c5e9ae87bc49f4ec762d4f40973aefc8a2f5412f89f5b1b8ea2e143be848057,0.3526637554,if6_consensus_when_public_priors_concordant_with_d4
aayl49:0001580:fd8a0d2e1e2f,fd8a0d2e1e2fb4e3667db5126c302d7722a1fe0511c412b3378179cf1c06f251,0.7259723544,if6_consensus_when_public_priors_concordant_with_d4
aayl49:0001581:a64334c9f842,a64334c9f842426a05c90d852fb5a7864f395f352d429ec04bc7cad4edad3f15,0.7384211421,if6_consensus_when_public_priors_concordant_with_d4
aayl49:0001582:e68b6dcd75a9,e68b6dcd75a92216239c556b097c6431479b978321d2e63c20b40aadb3eb8330,0.8529343605,if6_consensus_when_public_priors_concordant_with_d4
aayl49:0001583:ffaedd7459a4,ffaedd7459a4aaf1afd9f4186716357dc162c5453db68563a2600a83400cad79,0.7571329474,if6_consensus_when_public_priors_concordant_with_d4
aayl49:0001584:e46d69b19334,e46d69b19334f9dc25aef2545b1972f32c89eba8ad1d55dbf791631725458b80,0.5729529262,if6_consensus_when_public_priors_concordant_with_d4
aayl49:0001585:cdf9342b81f4,cdf9342b81f48f3c49728663b9f41ebdeeb218e7d9377b4570ea81cf4c9ef554,0.1541792303,if6_consensus_when_public_priors_concordant_with_d4
aayl49:0001586:cb4e20bf4ecb,cb4e20bf4ecb9f2d16627a9e850b9faf61e9a03192cbdf30d5be199527f0da47,0.3248279393,if6_consensus_when_public_priors_concordant_with_d4
aayl49:0001587:52f7af3137e5,52f7af3137e5d89f9e9dd0040d7983121c8ab26085fa95f930a933c79cc56aa7,0.5016624331,if6_consensus_when_public_priors_concordant_with_d4
aayl49:0001588:55cbbcf34df2,55cbbcf34df2bda7e93168a2e4452644123354270d0e96c4be63a203915c5486,0.6866929531,if6_consensus_when_public_priors_concordant_with_d4
aayl49:0001589:1ad8e722138a,1ad8e722138a239f3e94a121002acc8213ffea66786562f92514898acd999819,0.6167942286,if6_consensus_when_public_priors_concordant_with_d4
aayl49:0001590:c22c7b8401d0,c22c7b8401d0cdd91365e8b2cec76c127cd22bdd047de06aa746c0211571065e,0.1576587111,if6_consensus_when_public_priors_concordant_with_d4
aayl49:0001591:791f7d9f4cde,791f7d9f4cde4ad4fb3fa7a5288b3495bcdd0330fa2e015b8b4b068659e1bc61,0.4036186635,if6_consensus_when_public_priors_concordant_with_d4
aayl49:0001592:44f4758a5a01,44f4758a5a0100986b4ae746ea63d772d765eb4ec4207ee7b4ab7193054fb027,0.4498569667,if6_consensus_when_public_priors_concordant_with_d4
aayl49:0001593:6caa1a754971,6caa1a754971d6dec89f2c0b808310302fab08d18d21c8bc754ab3e0f6fbcb66,0.518363893,if6_consensus_when_public_priors_concordant_with_d4
aayl49:0001594:12e9a53e06eb,12e9a53e06ebec1d08bc49094e6df6a7b1dcf0e93b18078e14e8b24422cd4234,0.1869635731,if6_consensus_when_public_priors_concordant_with_d4
aayl49:0001595:3cd4796ec03d,3cd4796ec03d7fc2cf8d4f39c8378d984aa70ee5a27c9fa095b5082d96ad6ab8,0.4720482528,if6_consensus_when_public_priors_concordant_with_d4
aayl49:0001596:e9141a680025,e9141a680025a23e74bce62cb4fc93111b75118a035d57fd2dfaa014e6f70333,0.04824866727,if6_consensus_when_public_priors_concordant_with_d4
aayl49:0001597:007d321d6d37,007d321d6d374c56e10bb9dcef842e9607af2c43a01de59a4248dfd19b64b2a1,0.2246191949,if6_consensus_when_public_priors_concordant_with_d4
aayl49:0001598:32238464b21e,32238464b21e3b2af92c7cc08bd97c8d37f23b85b4194d1ad66c979ec1323ffb,0.3559112549,if6_consensus_when_public_priors_concordant_with_d4
aayl49:0001599:305edf82c538,305edf82c5389b4564a9544c42b1390b3c55b0a5abf0dc033dc1bb6e3c509923,0.6195778251,if6_consensus_when_public_priors_concordant_with_d4
aayl49:0001600:22c6a64053c4,22c6a64053c445ca93e755c3345e05605f94017a1652fa125f9ed5422b975d5c,0.1050027013,if6_consensus_when_public_priors_concordant_with_d4
aayl49:0001601:26ea357bea17,26ea357bea174751a2bef929d08a1bfe4d6481077f80aafeebf376c6c1cadb71,0.1485347599,if6_consensus_when_public_priors_concordant_with_d4
aayl49:0001602:12edc310a239,12edc310a23972ff840e863b1be7d08ec4a9ba71c6ca991e6abbea3774b47962,0.7305343151,if6_consensus_when_public_priors_concordant_with_d4
aayl49:0001603:0682868a2880,0682868a2880f6a9c20c85b6fe3f6126d27495946c3ff6c870a64d86ab2e8257,0.7405087948,if6_consensus_when_public_priors_concordant_with_d4
aayl49:0001604:69a1b77846ea,69a1b77846eaecb767850eabdd894a581c3027503793dc1c978c08c3ce517100,0.6590118408,if6_consensus_when_public_priors_concordant_with_d4
aayl49:0001605:b00844bb96e0,b00844bb96e0ce86efff11d7b6b6bb311df5e59682f194790df76d9a84043e8b,0.6981365681,if6_consensus_when_public_priors_concordant_with_d4
aayl49:0001606:f07d7e84b236,f07d7e84b236e60a807e730854f543d185983f6bc618ac237445c8ff28f866de,0.5373849869,if6_consensus_when_public_priors_concordant_with_d4
aayl49:0001607:cea071632e55,cea071632e553ba9c9919643ed71cc69569d3d8e49719d5f118fed9172dc2295,0.658470571,if6_consensus_when_public_priors_concordant_with_d4
aayl49:0001608:176b5efc1326,176b5efc13262545fb42b3939dc551260a93ca42451b6bcaa18aef4c72593339,0.301940769,if6_consensus_when_public_priors_concordant_with_d4
aayl49:0001609:7a6e861c1d42,7a6e861c1d42726455273acf35b3834838139b15787011ad8c6170a26320218a,0.6200416684,if6_consensus_when_public_priors_concordant_with_d4
aayl49:0001610:33578c436a9c,33578c436a9ce71f5fd9c145fabb66545fce699c99a2e981fb5f813db2341374,0.8457434177,if6_consensus_when_public_priors_concordant_with_d4
aayl49:0001611:9a458a274b71,9a458a274b718628c3b6e538826ea61a7fc6205dc5738a7f518c2a8aa2e7584f,0.7852780223,if6_consensus_when_public_priors_concordant_with_d4
aayl49:0001612:4f455188a946,4f455188a946604053e52c38221a763856dd521078e9299955e662ee18d24291,0.7217969894,if6_consensus_when_public_priors_concordant_with_d4
aayl49:0001613:1ec48a9d6309,1ec48a9d6309568a8db6d7fa7dc653b35f4895b81214b5af4dd579a4934183e5,0.6024897695,if6_consensus_when_public_priors_concordant_with_d4
aayl49:0001614:4f6c4af77175,4f6c4af77175530494e8a9a5d589c04a219ac5823cd2d387156d340dbe2b407b,0.7164617181,if6_consensus_when_public_priors_concordant_with_d4
aayl49:0001615:bb5dc3a1a9d2,bb5dc3a1a9d28a737e2212cd69c4b4e1091cf54c2ad8b26799b54862b7397638,0.63210392,if6_consensus_when_public_priors_concordant_with_d4
aayl49:0001616:2864d7cddf4b,2864d7cddf4ba121192f02eb8e748744f080907e144d383bb57550a348485429,0.6893219352,if6_consensus_when_public_priors_concordant_with_d4
aayl49:0001617:9c477265dc54,9c477265dc5402b5a93fa3fca85bd20b6e70b4d6db433dfb51fa21ded91c822a,0.6437795162,if6_consensus_when_public_priors_concordant_with_d4
aayl49:0001618:94e8f7f3a96b,94e8f7f3a96bf327fcc34e4a4c9b0ad0bf30e0ff9e5acfb6e6a7445054d715df,0.6088301539,if6_consensus_when_public_priors_concordant_with_d4
aayl49:0001619:d4b3e6ccb764,d4b3e6ccb764e5ae9bbcd1c7a52e7a2f9c00fcb92bd06c8acf4b5f7c5ac12cae,0.9349725246,if6_consensus_when_public_priors_concordant_with_d4
aayl49:0001620:d0cc91d7e4ab,d0cc91d7e4ab5a3f9ae015b64109fa761dde5823a832552659dff1d8ee540d74,0.8826258183,if6_consensus_when_public_priors_concordant_with_d4
aayl49:0001621:df7888763b07,df7888763b0737bd0ddecd8b6d8f9d6ed150db17d7469ceec4887e840eb5e93d,0.501971662,if6_consensus_when_public_priors_concordant_with_d4
aayl49:0001622:c630de759b28,c630de759b28ede9fa6eefa6b86eed8db9949269ba25cb59ad11cb0c63e6a518,0.3845975399,if6_consensus_when_public_priors_concordant_with_d4
aayl49:0001623:aa5b90d14f9f,aa5b90d14f9fdaeed9c565b7f57cf5b8c43516eedba07234af8db3355c87ff69,0.5131833553,if6_consensus_when_public_priors_concordant_with_d4
aayl49:0001624:4cbf70863c00,4cbf70863c0017c6b20a09b0535221eea66bbeba2e0ad1a2486bcb4f1f27e57d,0.7485502362,if6_consensus_when_public_priors_concordant_with_d4
aayl49:0001625:5e6e869758e1,5e6e869758e130dd3ae2784fa2601e3c001b60402c4ce342896d82703171743c,0.4302946031,if6_consensus_when_public_priors_concordant_with_d4
aayl49:0001626:476b3d171885,476b3d171885d8374da7c9264b169ca785be4f93aecc39819bd822512fd83577,0.51898247,if6_consensus_when_public_priors_concordant_with_d4
aayl49:0001627:83ad6a619857,83ad6a6198577c29dbc122d67358d523910f2f174d2ed89d392122eb81c18aa9,0.6239078641,if6_consensus_when_public_priors_concordant_with_d4
aayl49:0001628:602d80bc6483,602d80bc6483f624901af3e477f448cf38e8c20fe8591fa6f5b4ad49d5f0c8db,0.9658238292,if6_consensus_when_public_priors_concordant_with_d4
aayl49:0001629:e5b7ccdfbd10,e5b7ccdfbd10a54e37b6ba0ffa08c1f6bd8a7adb919132cacf9c9d066fd7f15c,0.9557721019,if6_consensus_when_public_priors_concordant_with_d4
aayl49:0001630:e9f312b9304c,e9f312b9304cceab043184e63f92ee4b7ddd402571aaedf08799acb5e7fef933,0.9509781003,if6_consensus_when_public_priors_concordant_with_d4
aayl49:0001631:4346ce00a72f,4346ce00a72f693d05033e9036713a6e1d2b01653d2ff111baf63f4c27a67aae,0.6081342697,if6_consensus_when_public_priors_concordant_with_d4
aayl49:0001632:cb9cd49caae5,cb9cd49caae5dc84b1db066ee16668bb1ee0143c47ff02b50505576f2a567663,0.5255548358,if6_consensus_when_public_priors_concordant_with_d4
aayl49:0001633:f3fd9551c45b,f3fd9551c45bf9d9b4ea6a24679e65d40ae31a2dd0e42a756c0fa70582f15102,0.554782331,if6_consensus_when_public_priors_concordant_with_d4
aayl49:0001634:7405fdcfdb8f,7405fdcfdb8fdb8d3f661b418c631c491d8bc560359c57070fbd8353dde59f31,0.7589113116,if6_consensus_when_public_priors_concordant_with_d4
aayl49:0001635:d42537303d62,d42537303d6237f1cb93d716f369934105ee98653c2ea966a046c680407b643b,0.5014304519,if6_consensus_when_public_priors_concordant_with_d4
aayl49:0001636:e5defcd3021f,e5defcd3021fc477ca296f3fc3222a89e65bd441bb25c353a86942d9079336d1,0.7974174619,if6_consensus_when_public_priors_concordant_with_d4
aayl49:0001637:542793889e25,542793889e25e728e956e59c5ae00784579ef1f08c6715d602b253cb7d00e37e,0.5107863545,if6_consensus_when_public_priors_concordant_with_d4
aayl49:0001638:5bb6fb8bc1d1,5bb6fb8bc1d13d66733967aa29883096e0c645dcec677607a0a37e501e0a3053,0.7940926552,if6_consensus_when_public_priors_concordant_with_d4
aayl49:0001639:4694bd90fe16,4694bd90fe16743b42cb0317497e517d3e31bf92d1c1d78a56b6e3d8345b34c1,0.6886259913,if6_consensus_when_public_priors_concordant_with_d4
aayl49:0001640:62b110f368c0,62b110f368c036bb808dc75d909f14f8bd4daf9980002420202d9ddd8d6726bd,0.7270548344,if6_consensus_when_public_priors_concordant_with_d4
aayl49:0001641:04e40baaf4d7,04e40baaf4d794b17f96f59391b9c64b24aafdd304420d8e88bd822298b575b2,0.907910049,if6_consensus_when_public_priors_concordant_with_d4
aayl49:0001642:a90387b41efb,a90387b41efbda0d6d1428e533dfd9afbb7761e2eea651bf774bf246f1c9ca81,0.5982370973,if6_consensus_when_public_priors_concordant_with_d4
aayl49:0001643:b1e667c4f6cb,b1e667c4f6cbaab54793edcb3ccd3b8725053fbac32d10abf5c45ca13e5d9851,0.3044923842,if6_consensus_when_public_priors_concordant_with_d4
aayl49:0001644:a459d75dc32e,a459d75dc32e8d5867d3283efbdce9c02daabe4180f379494e2cd9769f7b9e68,0.2734864354,if6_consensus_when_public_priors_concordant_with_d4
aayl49:0001645:dc0159fbbc35,dc0159fbbc35cc3c84150a03c82b66b8ad65cd1fb4d4816a89be3b9a71f99537,0.7163844109,if6_consensus_when_public_priors_concordant_with_d4
aayl49:0001646:b042efbb5f73,b042efbb5f733ce7d500b49183619672ea1b828d780fb616801bf80dbaf3d7b9,0.4330781996,if6_consensus_when_public_priors_concordant_with_d4
aayl49:0001647:023936e22951,023936e22951130d4cf2d0d1d8871ef961309492961f3cf65957eda8341332c7,0.4592128694,if6_consensus_when_public_priors_concordant_with_d4
aayl49:0001648:825e1519cc92,825e1519cc921bb6aa7440b8895820039029accbf2c3a7cdcb889e60d5cd51a3,0.5772055984,if6_consensus_when_public_priors_concordant_with_d4
aayl49:0001649:e75b69ac6e22,e75b69ac6e2229f3a5b590cfdd3a9d30fbdbbdc49297ee0a60e0b70217db9bd9,0.6437795162,if6_consensus_when_public_priors_concordant_with_d4
aayl49:0001650:5823ccc62533,5823ccc62533a95136a9a3d5853ce6a521ca3222189411ec140da6ef0b1f2824,0.7247352004,if6_consensus_when_public_priors_concordant_with_d4
aayl49:0001651:39b4cba7ecc9,39b4cba7ecc957d38679f78a7f1cfd562ea33912aa267a3f08465029e0a08399,0.2325832993,if6_consensus_when_public_priors_concordant_with_d4
aayl49:0001652:46e4b4d5daf2,46e4b4d5daf2febc341403986180b1de229c9d4835b151275aa0e2042f83e160,0.328925997,if6_consensus_when_public_priors_concordant_with_d4
aayl49:0001653:c7945028edd4,c7945028edd4e97680c24a2cbbb05ba2ebb1439344c90154fff1da8491492f78,0.2458053082,if6_consensus_when_public_priors_concordant_with_d4
aayl49:0001654:608a554435a2,608a554435a2349d74b1b2810052a5f787331fde2161cc6fff673359707d92df,0.7456893325,if6_consensus_when_public_priors_concordant_with_d4
aayl49:0001655:31f4eb0eb40c,31f4eb0eb40c74a848cd55a984a6c7667b5710423ce1c27688b86331995e5282,0.8958477974,if6_consensus_when_public_priors_concordant_with_d4
aayl49:0001656:6b5e8e814bc4,6b5e8e814bc4d2773cbb8fe85b21f998db7f56108d87351dfae4eee0b03a3f07,0.707105875,if6_consensus_when_public_priors_concordant_with_d4
aayl49:0001657:455d3be15237,455d3be15237f1d36e8af95b5effacf0f899e93d2f0cc50ea858363d1bd34bba,0.4002938271,if6_consensus_when_public_priors_concordant_with_d4
aayl49:0001658:18316fa1d398,18316fa1d39882c5b551a0a518b6bdb3159d3932c8ac87d5ff91086d55de2257,0.708188355,if6_consensus_when_public_priors_concordant_with_d4
aayl49:0001659:651fd25be854,651fd25be8545e01e809b422de3964248b7636b0a286619324b76b67759c492a,0.3389778137,if6_consensus_when_public_priors_concordant_with_d4
aayl49:0001660:f614e90961e0,f614e90961e0f66fbac73ff283b0389bc6f49617e1c545fa35ce750d1856f516,0.1694115847,if6_consensus_when_public_priors_concordant_with_d4
aayl49:0001661:901938c0a01b,901938c0a01ba3273f606f4349718df6ca52ed2cb242f52ebe994ef4764e4b18,0.4425887167,if6_consensus_when_public_priors_concordant_with_d4
aayl49:0001662:909b530a50d7,909b530a50d7bcabc97a56025e370abcd82cea4d40d470fc253f4fc2ae1ab097,0.428902775,if6_consensus_when_public_priors_concordant_with_d4
aayl49:0001663:afd4664986e2,afd4664986e23f2f3647e04da012edb238ffa40a033ca9f8faa46c7d292fd194,0.6747854352,if6_consensus_when_public_priors_concordant_with_d4
aayl49:0001664:46d57136e069,46d57136e0694d7d88c07fa6d15c8afa34742b81eb3c16e20a082619d0586282,0.6341915727,if6_consensus_when_public_priors_concordant_with_d4
aayl49:0001665:7f9bc3e69bd1,7f9bc3e69bd1b8299fa101e4d7e194dcb3688f087c4df9396f1d30b62b7105ba,0.8871105313,if6_consensus_when_public_priors_concordant_with_d4
aayl49:0001666:81833d7541b0,81833d7541b01631d4c44c1ee644cf08479a32d2f7c898d54bf2b2de67b07883,0.7961030006,if6_consensus_when_public_priors_concordant_with_d4
aayl49:0001667:159a574a0a5d,159a574a0a5d820a2b54a0e2083eb48b8dd55762ad88610a7c2583c4af188a43,0.8086290956,if6_consensus_when_public_priors_concordant_with_d4
aayl49:0001668:65decace59d1,65decace59d10b762456c1d1f30e775b20912637801702bce4af7819b2ccf257,0.7419778705,if6_consensus_when_public_priors_concordant_with_d4
aayl49:0001669:a9190f81c1e9,a9190f81c1e91dfab726736bc7ca415711550d24ee52dd7eaf6781be0a69d487,0.7950978279,if6_consensus_when_public_priors_concordant_with_d4
aayl49:0001670:6ed5559fbbc9,6ed5559fbbc98d7abca0a7d2cab476d40ab61857d2dfe02780664155e22d8772,0.8812339902,if6_consensus_when_public_priors_concordant_with_d4
aayl49:0001671:49f74e7083cf,49f74e7083cf7e086fb1efffc14e24a5ca16cf5e22b5f1c588a272b453020ad4,0.3095183074,if6_consensus_when_public_priors_concordant_with_d4
aayl49:0001672:e4ec172a2f45,e4ec172a2f453066c0b0b5269300ca24fa09fd13f8eba138b6481ed93c5a9936,0.5978505015,if6_consensus_when_public_priors_concordant_with_d4
aayl49:0001673:b5f5a35d6436,b5f5a35d6436e1aef072b0f02763799c2a6d3436fa08eb3ccdeabf61d979b559,0.9089152217,if6_consensus_when_public_priors_concordant_with_d4
aayl49:0001674:2ac832eeffe5,2ac832eeffe58aa23cf86b95deb767cbe8de7f2134604521388c4d607cc29035,0.7921595573,if6_consensus_when_public_priors_concordant_with_d4
aayl49:0001675:dd110437998e,dd110437998ea3db0a9309989c97acf8a25aa48fa7b78d8f1d18b260ef914606,0.9376015067,if6_consensus_when_public_priors_concordant_with_d4
aayl49:0001676:b91c694e3ed1,b91c694e3ed155d3499e2b62b07219094421cbe17578a71d026547f2bfcf2787,0.9585556984,if6_consensus_when_public_priors_concordant_with_d4
aayl49:0001677:503a1a0359ec,503a1a0359ecb23cdac41e5ffc929bb36951ee746eb9fc98eb8ae76ed687f8ab,0.517745316,if6_consensus_when_public_priors_concordant_with_d4
aayl49:0001678:e797fa697418,e797fa6974186c0e83c740882f53c514be0ab6f487f35048b9cfd38e5fac532c,0.7522616386,if6_consensus_when_public_priors_concordant_with_d4
aayl49:0001679:c31ec3c57154,c31ec3c571548e8bfa00d53f1201c7d143bf4cd05bac1d9df3d7245a08e184c8,0.6255316138,if6_consensus_when_public_priors_concordant_with_d4
aayl49:0001680:9e51ef583aca,9e51ef583aca3de22205a9a217439f302ba6fc66a34b52b8c48929847cfc671e,0.3934895098,if6_consensus_when_public_priors_concordant_with_d4
aayl49:0001681:71d44352d0e1,71d44352d0e1124ef288d4ca25f864b639f094819c63b6946d06a5a5a26666c8,0.9497409463,if6_consensus_when_public_priors_concordant_with_d4
aayl49:0001682:ca0b5acf3d2c,ca0b5acf3d2cfcd36022146378a3685450556c30d00de92496603c561c2209ed,0.7311528325,if6_consensus_when_public_priors_concordant_with_d4
aayl49:0001683:915ccd1330fc,915ccd1330fc4ddcfbc137540fc47022fe414e2f4594e3f4dc13034640181857,0.5229258537,if6_consensus_when_public_priors_concordant_with_d4
aayl49:0001684:9a7688f2e297,9a7688f2e2975b162e800c2504d11515f402fc411719dcd8fc9936ae9c73bc9e,0.8131909966,if6_consensus_when_public_priors_concordant_with_d4
aayl49:0001685:a63ada319a51,a63ada319a5175bc2f0563963a8d7dc518903c40ebc1f3465d608b277c27a68d,0.8095569611,if6_consensus_when_public_priors_concordant_with_d4
aayl49:0001686:e1d39a082507,e1d39a0825070326ec41996ff754aec033d15678e3e138fc21e43bf853df98cf,0.9002552032,if6_consensus_when_public_priors_concordant_with_d4
aayl49:0001687:c9d456ecd96d,c9d456ecd96d64bcd29ff3426315ce6a05415204a3484da5d44d2b1cc70b6d6c,0.6914868951,if6_consensus_when_public_priors_concordant_with_d4
aayl49:0001688:779db0f15af1,779db0f15af1726bf63af4ac5de0a3e9f1044cf4536270066882c49673611cd9,0.4560426772,if6_consensus_when_public_priors_concordant_with_d4
aayl49:0001689:f971ad2b5a09,f971ad2b5a09a58f2b0f37292728e2876aad69cbdc136c1c9a5ca4c0a7c03bf3,0.8145055175,if6_consensus_when_public_priors_concordant_with_d4
aayl49:0001690:f576af779fd4,f576af779fd433b9f9dbdb6b78420dd5d57902cd42490f44febace9c34356037,0.9086832404,if6_consensus_when_public_priors_concordant_with_d4
aayl49:0001691:b30864c5afb9,b30864c5afb98d3760edd019520b9a44008aaab8570338dab0309faa68467025,0.7545812726,if6_consensus_when_public_priors_concordant_with_d4
aayl49:0001692:b4b442f7575c,b4b442f7575c1f3ee8fe49f1f542fef3bef1523a3e1673f655d884d21f43634c,0.3966597021,if6_consensus_when_public_priors_concordant_with_d4
aayl49:0001693:ae020927ff15,ae020927ff1527aae694da65a78723941d4f36fc707d9060c50d3b61311a419c,0.8043763638,if6_consensus_when_public_priors_concordant_with_d4
aayl49:0001694:aedf7e8e4619,aedf7e8e4619f3a57012be5cfb5284deef5fd63adb6d830749da5ab533a99162,0.7696590424,if6_consensus_when_public_priors_concordant_with_d4
aayl49:0001695:17f4d8c6d5ed,17f4d8c6d5edcdf4d61d3107c7516ce51cc669802e1a5379a3f2f1df4c53ac37,0.7452253699,if6_consensus_when_public_priors_concordant_with_d4
aayl49:0001696:0322efbb7526,0322efbb752668c6f49c6193daff89c4c993ce01c599664330b25b2a7770ab68,0.7577514648,if6_consensus_when_public_priors_concordant_with_d4
aayl49:0001697:ede153290496,ede153290496473a2fc0f5ecf83cb3f837bb3cc8304cb1446ba6cdb9db6f5f05,0.6667439938,if6_consensus_when_public_priors_concordant_with_d4
aayl49:0001698:fd4df754383c,fd4df754383cd21eab98346e527b32907da73687afac9d101167f0d2a5b042b4,0.9392251968,if6_consensus_when_public_priors_concordant_with_d4
aayl49:0001699:37c72c08ef12,37c72c08ef12583a196b7501ad2c5a6b75a7891c37aa43dbc5ddccb4c63f4944,0.2861671746,if6_consensus_when_public_priors_concordant_with_d4
aayl49:0001700:cbe54cd7ce6f,cbe54cd7ce6fcd40f0e951e0d6f454a8ada11d31e746aca3abad671874cf68aa,0.2620428503,if6_consensus_when_public_priors_concordant_with_d4
aayl49:0001701:2cb282937767,2cb28293776759302b4b88d54907441a49d2d3955c9b15dd142346d82ae9d2bc,0.2211397141,if6_consensus_when_public_priors_concordant_with_d4
aayl49:0001702:2d752209623d,2d752209623d6c2faaf6747b9f61d308cfcfa10f518658a890533b97b9095b7b,0.5192144513,if6_consensus_when_public_priors_concordant_with_d4
aayl49:0001703:85b5724992b4,85b5724992b44b54db02e09e5835fe2f4b1d35db4fdad1eb17fa919d2dc6ebef,0.8843269348,if6_consensus_when_public_priors_concordant_with_d4
aayl49:0001704:2b52ebd42e94,2b52ebd42e94fc871f28f4d85e55b42a8239ba980259a7692902327d190e2371,0.6177221537,if6_consensus_when_public_priors_concordant_with_d4
aayl49:0001705:a6cd7294617c,a6cd7294617c4f8ee85ae3fe2331cc1dab34c276f7a8a14864545d1af85a337f,0.7135235667,if6_consensus_when_public_priors_concordant_with_d4
aayl49:0001706:2cdb895d200e,2cdb895d200ecc7192f0b558cfa00620179000862b04e40a8299dffe118236e2,0.6684451103,if6_consensus_when_public_priors_concordant_with_d4
aayl49:0001707:5f5b8be4e4ed,5f5b8be4e4edd84eb345b30e5fcbc6a896cd4f7b3219b581bf8203ddadba4d08,0.8710276484,if6_consensus_when_public_priors_concordant_with_d4
aayl49:0001708:11a8b180a349,11a8b180a349218f21ed3049b2667137f7c7877841b0b332b2b7f7992876a10d,0.5008891821,if6_consensus_when_public_priors_concordant_with_d4
aayl49:0001709:afc66a239eeb,afc66a239eebe7cb0c847e49422f52494a6caa5c8d9586e5abb1e0ea7f9186a3,0.1375550926,if6_consensus_when_public_priors_concordant_with_d4
aayl49:0001710:838ceb7bf974,838ceb7bf9740022f1c2cd6f86e328fdd48a217078e7413625fe91e362eede50,0.5870254636,if6_consensus_when_public_priors_concordant_with_d4
aayl49:0001711:e8e1542137b1,e8e1542137b159f42a3b505ad04332bbbd9adae2437c12162ad3fcb221386f6b,0.4076393545,if6_consensus_when_public_priors_concordant_with_d4
aayl49:0001712:88713553c880,88713553c880cfc652f8a0ce983ddcd1867817ef40342b0506e5caf3621e105f,0.5448851585,if6_consensus_when_public_priors_concordant_with_d4
aayl49:0001713:0d33194a626b,0d33194a626b465e10669d6fe21940b07d5356ab5344995fc503d7953b366555,0.297301501,if6_consensus_when_public_priors_concordant_with_d4
aayl49:0001714:58ff1ca34ec1,58ff1ca34ec19c11baf8fb6a88bcb1400a75320fc80f1689718e50239b9c31cb,0.673470974,if6_consensus_when_public_priors_concordant_with_d4
aayl49:0001715:b04e0412cc33,b04e0412cc33492844f98a60f9560d37f8016013ce30f5d3de31afaf799837da,0.7302250266,if6_consensus_when_public_priors_concordant_with_d4
aayl49:0001716:d61d938ed41b,d61d938ed41b5a094e4b857d55c0853a58326939b64cd1409fc8448f69505a22,0.6027217507,if6_consensus_when_public_priors_concordant_with_d4
aayl49:0001717:b4969455ec4f,b4969455ec4ffc475721ded41f0b5b6064cc8123877c0f7b27fd86dc62947d0a,0.477383405,if6_consensus_when_public_priors_concordant_with_d4
aayl49:0001718:52c312dba1a1,52c312dba1a12c05ae06d9bb23c5755b08f94b3a751dd4857d7281b43bdc1852,0.3733859062,if6_consensus_when_public_priors_concordant_with_d4
aayl49:0001719:9e874208439d,9e874208439d17ae063e0e50c94a714291d2d4c9f3f3fccc8c10a70bcc976395,0.1609062105,if6_consensus_when_public_priors_concordant_with_d4
aayl49:0001720:8268eb763e49,8268eb763e49678700a6dbee9dbee1efaa6b4d8af4e65d8023fbad9f8faa1c9b,0.7511791587,if6_consensus_when_public_priors_concordant_with_d4
aayl49:0001721:a75c92ccbcec,a75c92ccbcece5a5faf3a783636561556849f2475840c22556253e8b439ee179,0.5034407973,if6_consensus_when_public_priors_concordant_with_d4
aayl49:0001722:69fb2a111eaf,69fb2a111eaf7d01148f37b8b91459ae95bb7453c927f5a4b4d40672256505dd,0.4203974307,if6_consensus_when_public_priors_concordant_with_d4
aayl49:0001723:2e99baafdd40,2e99baafdd40d0042e07a34485129c1e5e747e2fba63c6d430c9657bd47fc2e7,0.3632567823,if6_consensus_when_public_priors_concordant_with_d4
aayl49:0001724:68bf96871c4b,68bf96871c4b2fec20de7889fd65a906438be54336f5e73045bb21eabcd59f14,0.7736024261,if6_consensus_when_public_priors_concordant_with_d4
aayl49:0001725:46dc548c3b70,46dc548c3b700db3ec382ff5985308128e9d318b709b77e5799001b2cb7f4fa3,0.2704708874,if6_consensus_when_public_priors_concordant_with_d4
aayl49:0001726:9e6525beab04,9e6525beab04b395673194e1d18f9a112f90df9d29e079e4614fa9212268c5e9,0.7936286926,if6_consensus_when_public_priors_concordant_with_d4
aayl49:0001727:b3fe4754ac8b,b3fe4754ac8b9524ad3a25f4176acd72fd8fdb4894fcc4d2fd08e8b51e32d790,0.1895925254,if6_consensus_when_public_priors_concordant_with_d4
aayl49:0001728:76d3e3f53dc7,76d3e3f53dc7df6a869a6a869f137212cf5cfc0146f92e743900496b7e170cc1,0.4292120934,if6_consensus_when_public_priors_concordant_with_d4
aayl49:0001729:b79ae9f884ff,b79ae9f884ffd109cada44bcfb62d419207979b8b3f5bd34bb3d7632516e71a7,0.4187736511,if6_consensus_when_public_priors_concordant_with_d4
aayl49:0001730:b6d7cf16e587,b6d7cf16e58700eb842c1b81544b5c30511836fc9cc9766a9f5f58738d1c294d,0.2505992353,if6_consensus_when_public_priors_concordant_with_d4
aayl49:0001731:dcb30ab2ae77,dcb30ab2ae7764282916df93f5639775db7145e80fb7e0cb3458c9553116fa30,0.2076857537,if6_consensus_when_public_priors_concordant_with_d4
aayl49:0001732:a3049a8acd0b,a3049a8acd0bc8365f9761551c83c12132e552fb4c2c029a9b42d6a01b2a16cf,0.8861053586,if6_consensus_when_public_priors_concordant_with_d4
aayl49:0001733:7037605e404a,7037605e404a7b5f76285a584653f7da0cfe1a95ed7b15da2bce97bd71aa857e,0.8355369568,if6_consensus_when_public_priors_concordant_with_d4
aayl49:0001734:64c81e32ed8a,64c81e32ed8ab0822e20a7f617c57f0a4aaa472fb374f85bd5340034fd458c1b,0.8286554217,if6_consensus_when_public_priors_concordant_with_d4
aayl49:0001735:eaf8012ee778,eaf8012ee778711f110c6415e496152c386e27edbc580b19e813b69c55fa0669,0.2475063801,if6_consensus_when_public_priors_concordant_with_d4
aayl49:0001736:0e2e477f1fdf,0e2e477f1fdfec7e8c47d93de2a31df9deb9bc37082d1f544f6cdb7996c9b41b,0.4775381088,if6_consensus_when_public_priors_concordant_with_d4
aayl49:0001737:fc659cfbedf2,fc659cfbedf2666d626f3371c5f25065583debc740df34f46fa221eb28c6e785,0.3712209165,if6_consensus_when_public_priors_concordant_with_d4
aayl49:0001738:a328b4d62bab,a328b4d62babc349b40af7e85b6a68c6d46eb5736c43752b5d70082f7151beee,0.657078743,if6_consensus_when_public_priors_concordant_with_d4
aayl49:0001739:c9fb3c2d4de1,c9fb3c2d4de1ee796ffc99cbe19e7d2e4051f7910aa6cc511d35a032c5885d59,0.4690327346,if6_consensus_when_public_priors_concordant_with_d4
aayl49:0001740:e9da14e7add2,e9da14e7add2b0c81cfa7bdd0ee309b16f4ebf1dec1584bbdec23ed55fa418a5,0.6103765368,if6_consensus_when_public_priors_concordant_with_d4
aayl49:0001741:f063231b8d3b,f063231b8d3b43b4d7be13cdc2c5b29ed613e7c2cd9b0e0ccbb1584482a7b09e,0.7807159424,if6_consensus_when_public_priors_concordant_with_d4
aayl49:0001742:4a0e87f65014,4a0e87f65014d56e462b9d679b0b0fb9a58052aee232b466363797ff3146b4cd,0.4548828602,if6_consensus_when_public_priors_concordant_with_d4
aayl49:0001743:bf58a94addc2,bf58a94addc208ad7427299b353a3ecb2b96380032de04e9a3177b1463531989,0.2633573115,if6_consensus_when_public_priors_concordant_with_d4
aayl49:0001744:41fe4fd1413a,41fe4fd1413a16dcb0d6ca1be7e9759994e4ca8673ac5ac549fefab781333201,0.4401917458,if6_consensus_when_public_priors_concordant_with_d4
aayl49:0001745:8097ca1c5b63,8097ca1c5b6319c7ca77657c3835b682325291639281ea63d4a49ec6da7cbfa9,0.1312920451,if6_consensus_when_public_priors_concordant_with_d4
aayl49:0001746:2ce33c3255d8,2ce33c3255d82c9e9fa7a2cfdc654e41590c32866547909a2d5948d9caedfdf9,0.5988556743,if6_consensus_when_public_priors_concordant_with_d4
aayl49:0001747:e008e3cee4c4,e008e3cee4c451cdfa2a13363a2b7f4e911e9eb89c03eb57fc5c268de6c47565,0.3015541732,if6_consensus_when_public_priors_concordant_with_d4
aayl49:0001748:969938b72411,969938b7241196fd540ec9c3fc209d36ef1e1dfefaeb8741c49709b0df258cbe,0.551070869,if6_consensus_when_public_priors_concordant_with_d4
aayl49:0001749:3f247313a39d,3f247313a39d511ed994369a7187f79c7a7553882cc49fa2ab82343964f544ed,0.437949419,if6_consensus_when_public_priors_concordant_with_d4
aayl49:0001750:3f18ec8604a2,3f18ec8604a2f6537ec1660366e1998cac32d51187bfba1113cfda5bde8e72ae,0.5475141406,if6_consensus_when_public_priors_concordant_with_d4
aayl49:0001751:da0f65eaa2a5,da0f65eaa2a5a1e99980ed7995a7e770602263538b1e67193eb1f125bcf90d0e,0.7810252309,if6_consensus_when_public_priors_concordant_with_d4
aayl49:0001752:d611bd031076,d611bd031076e7f433dd3eabccfb634395dfd9cf890619768834a454911263cc,0.9757210612,if6_consensus_when_public_priors_concordant_with_d4
aayl49:0001753:a17fe0df66f5,a17fe0df66f57bf0134f16f5558ea74458fd0eb6c382be83bff95e3ac885cc84,0.9282455444,if6_consensus_when_public_priors_concordant_with_d4
aayl49:0001754:40d991c65d0e,40d991c65d0e15d06d6e1796425bb6db18210c02e8920eb59b1c013e803f4a43,0.852006495,if6_consensus_when_public_priors_concordant_with_d4
aayl49:0001755:dad265d78034,dad265d780343b32c45975c98382f7c0b890d616511f7bff2a7ba5ac5aed9b32,0.67841959,if6_consensus_when_public_priors_concordant_with_d4
aayl49:0001756:176860d8c127,176860d8c1272fcd79e7ebc237d3d06b9361789b47990b85e21ec9608575158f,0.210314706,if6_consensus_when_public_priors_concordant_with_d4
aayl49:0001757:a0237c76cf85,a0237c76cf8525841e8565a6a32d5eecdf7bac1f96aa6a66f0096e52c3813b66,0.6767184734,if6_consensus_when_public_priors_concordant_with_d4
aayl49:0001758:295595ec2d37,295595ec2d37c56a4147113b05833b844c5dcb79dcb0834ccf74bb5cad331075,0.5803757906,if6_consensus_when_public_priors_concordant_with_d4
aayl49:0001759:0c6b7ab61a8d,0c6b7ab61a8dfb9f2d307b7dabd8891924f5ab68bae1ccb3c866d71b48e1cfc0,0.6414597631,if6_consensus_when_public_priors_concordant_with_d4
aayl49:0001760:470374943780,470374943780386ef5c4c77f39c5ac0c4118ff220f8a278e44e3e9bebd77bc9b,0.8396350741,if6_consensus_when_public_priors_concordant_with_d4
aayl49:0001761:efa6333a815a,efa6333a815a34f265c20af68effae1a3e114c0f5c8fa3738fd7fe75addbe2f5,0.4299852848,if6_consensus_when_public_priors_concordant_with_d4
aayl49:0001762:b35e78abc901,b35e78abc901095249e3baed067949758b14b299775fd7de1097bff170b27208,0.875744164,if6_consensus_when_public_priors_concordant_with_d4
aayl49:0001763:22559e83228e,22559e83228e6a23dd7344642b7ed0407276a868983522138d6199ae91960aae,0.7505605817,if6_consensus_when_public_priors_concordant_with_d4
aayl49:0001764:c84d028629d1,c84d028629d1eb3f79348fadd36222aec1442b0bdffbbbe98d06d927427f892b,0.7639372349,if6_consensus_when_public_priors_concordant_with_d4
aayl49:0001765:ca318b8aebf5,ca318b8aebf5e4ee8e5ba68f8efd160c9eed0478b62afc1091ffe1edfde107b7,0.621897459,if6_consensus_when_public_priors_concordant_with_d4
aayl49:0001766:fd23d5596e32,fd23d5596e3215b2c85b5f03d369b54392cfbf68ea1514b30bfaf086ecc45def,0.705868721,if6_consensus_when_public_priors_concordant_with_d4
aayl49:0001767:8f36c45d5ee5,8f36c45d5ee5eaa5cec69d039a5f4ed78cca898c92430e2aff92e091cc02d161,0.6167169213,if6_consensus_when_public_priors_concordant_with_d4
aayl49:0001768:9e063eaa9b59,9e063eaa9b599ca7feb26b86b556571b606b05ba2dc5bcae474a2df00ce37f71,0.4749091566,if6_consensus_when_public_priors_concordant_with_d4
aayl49:0001769:1882e9a77314,1882e9a773148754632fe3f0644b2cf6b219b184fe9f5d72d04a412961cbd703,0.4429753125,if6_consensus_when_public_priors_concordant_with_d4
aayl49:0001770:95894537c6b8,95894537c6b8a9a4c1d9d0078466e60c81c73a28e3e6551658c77c0b49f0026a,0.8021340966,if6_consensus_when_public_priors_concordant_with_d4
aayl49:0001771:e3ffa8b96383,e3ffa8b96383337466e500f6ffc0ec125b204fa8109c87da9a84b04ca5ff8ca2,0.9425500035,if6_consensus_when_public_priors_concordant_with_d4
aayl49:0001772:104cca2e26d4,104cca2e26d41449289b2d8670963746468405c759fc9faffe1895831bb8fe3e,0.9377561212,if6_consensus_when_public_priors_concordant_with_d4
aayl49:0001773:0006ef30d8b1,0006ef30d8b1682a0a483cb6771b8955e352a4e47191e9dfe6d885292f64917a,0.2877136171,if6_consensus_when_public_priors_concordant_with_d4
aayl49:0001774:23832867c5cd,23832867c5cd4c5ceaeefe7f69d36969495dd98075d423ad1945e6d41dae6afe,0.5643702149,if6_consensus_when_public_priors_concordant_with_d4
aayl49:0001775:42372c69fd98,42372c69fd9857120b7627a5fe1e6ab02a694323793c312e250965cb7ea61db1,0.4350112379,if6_consensus_when_public_priors_concordant_with_d4
aayl49:0001776:d482cd794ea0,d482cd794ea0d00003d6f374de1c0c82db6bc8134da36d86c52594b0d8d44f1b,0.4109641612,if6_consensus_when_public_priors_concordant_with_d4
aayl49:0001777:f19467f4fe21,f19467f4fe213ae1cffe35d132f88c5f5f4430de6b3c580151bb0810667ca5ba,0.7868244052,if6_consensus_when_public_priors_concordant_with_d4
aayl49:0001778:466ac4b9e13c,466ac4b9e13c4119ad21293fa889b1e4ed71a6bfe899e80060d3444c90908c91,0.7944019437,if6_consensus_when_public_priors_concordant_with_d4
aayl49:0001779:a6c9b7807ef4,a6c9b7807ef479b6dddf3bad30374826be305c1fe54fc410f7d76fc78d74240e,0.1646176577,if6_consensus_when_public_priors_concordant_with_d4
aayl49:0001780:77bcd3217a40,77bcd3217a40cbda7521021e79cfeb0ceb37b16536913cb364677ec587f38349,0.1524781585,if6_consensus_when_public_priors_concordant_with_d4
aayl49:0001781:530ca90f12ed,530ca90f12edec987af86515ea29920e2b749da0fc396d1a75abd9f18f728e6f,0.105466634,if6_consensus_when_public_priors_concordant_with_d4
aayl49:0001782:56889bddd2a7,56889bddd2a71ccda1295fb79fd94637821b6046e13c4a70b83749c91666b571,0.1139720082,if6_consensus_when_public_priors_concordant_with_d4
aayl49:0001783:3041c6179f2a,3041c6179f2a601fe1b451989ecde93ddad0a3cf726a8cd5a8645f21e6ceeed0,0.1948503852,if6_consensus_when_public_priors_concordant_with_d4
aayl49:0001784:dbc56346a119,dbc56346a119216bee54af1bc7450fd9edb837bb81f468d528197be7bd885958,0.1555710286,if6_consensus_when_public_priors_concordant_with_d4
aayl49:0001785:68adeee88220,68adeee8822029cbfe3475eff91bae16224ab563b0d8a24c81171638f41f2291,0.3481017649,if6_consensus_when_public_priors_concordant_with_d4
aayl49:0001786:8c815fc1c72f,8c815fc1c72f38bb0d2af1f84394350d3890521fdef7536aa83fd05077b04fac,0.1691796184,if6_consensus_when_public_priors_concordant_with_d4
aayl49:0001787:d7db39353f68,d7db39353f68469a27dce3b3f0038b1f266607e869fcf70e4186340087781c24,0.4916879237,if6_consensus_when_public_priors_concordant_with_d4
aayl49:0001788:b76fc45a7361,b76fc45a73613daa3c5af8f1d6aeebe65481e75f874197af6e224870d16b5b94,0.4166860282,if6_consensus_when_public_priors_concordant_with_d4
aayl49:0001789:188c945b275f,188c945b275f67b46068c295cbcd4bf1d98ee36281ef1d05690e9f849a93161e,0.6084434986,if6_consensus_when_public_priors_concordant_with_d4
aayl49:0001790:50e1057a7d17,50e1057a7d177f2d4ae7867331ac7cd38abe91f4634d3356ca047f7389e66e31,0.5235444307,if6_consensus_when_public_priors_concordant_with_d4
aayl49:0001791:bec0e05f9846,bec0e05f9846a578c18c5de4d6e4495cd51de31f0b18657f7b2b8628f37f70f8,0.8797649741,if6_consensus_when_public_priors_concordant_with_d4
aayl49:0001792:011cecd36249,011cecd36249257d66296463e23e5e59742849423a4646f7d757ee1a165ef1a0,0.0777855143,if6_consensus_when_public_priors_concordant_with_d4
aayl49:0001793:0b4aedaca834,0b4aedaca8347f1ee4c59f0b11bd2f6efa50c3fb79cc51c07191263c9cb098a5,0.6807391644,if6_consensus_when_public_priors_concordant_with_d4
aayl49:0001794:9bdddf0c400c,9bdddf0c400cea6fb88b2fd7bf3832dc4a5570996a604f9fc66e3199895a2b3d,0.696126163,if6_consensus_when_public_priors_concordant_with_d4
aayl49:0001795:3484410d451f,3484410d451f59d648f661bd5d3c1e0647a9825188c4c87baba3eaea7fec58b4,0.2673780024,if6_consensus_when_public_priors_concordant_with_d4
aayl49:0001796:9718ccf16c86,9718ccf16c862a5c8f1cece43aa5d06cb14612be5dc1023910a1bbb4ca25a5c6,0.3549060822,if6_consensus_when_public_priors_concordant_with_d4
aayl49:0001797:da83dbc3fbeb,da83dbc3fbebfeaa9ddd21a3e4a1c9dc0abfc978bd764ee749e97e8cccddf598,0.7593752742,if6_consensus_when_public_priors_concordant_with_d4
aayl49:0001798:b7cb72318705,b7cb7231870582fd4b08694c5f2063d35ff8f1273767f1e7e1d51d52a8e68e2e,0.7007654309,if6_consensus_when_public_priors_concordant_with_d4
aayl49:0001799:eb8d3ae324bd,eb8d3ae324bd3b9699ef6fcef2761c1ac4d66c2fc16094332578f313df865daa,0.4927704334,if6_consensus_when_public_priors_concordant_with_d4
aayl49:0001800:5eff9b52531d,5eff9b52531db9c12ccec05de2933c028023f36c544dcb3fba07ae8fff18da28,0.5904275775,if6_consensus_when_public_priors_concordant_with_d4
aayl49:0001801:83369dd3edad,83369dd3edad9a19f5c99799a5cfd17b1b26a48bebe74d2ed88750aa28d0a183,0.593211174,if6_consensus_when_public_priors_concordant_with_d4
aayl49:0001802:5e72ed20563b,5e72ed20563b1e6a813ed23f67a44229ca0400487d379db31c742792bde32310,0.4137477875,if6_consensus_when_public_priors_concordant_with_d4
aayl49:0001803:a711d0046e1f,a711d0046e1fd4477baac1a6f05b2c48d37ca095c02904c4d47f891da9061c7a,0.4958632886,if6_consensus_when_public_priors_concordant_with_d4
aayl49:0001804:437048897e60,437048897e609dff2aacd2391d79460ee15fb724dc259514ed5708625a723efd,0.5196782947,if6_consensus_when_public_priors_concordant_with_d4
aayl49:0001805:2e7b1b399d8a,2e7b1b399d8aa2bd7e35902dfb79b14cb560e0a7bfba2c59d7d53bfba70a80cb,0.2034330815,if6_consensus_when_public_priors_concordant_with_d4
aayl49:0001806:478ed617f64c,478ed617f64c1d0be26cc15222bdfdd418eabb65c5702fb1de0590e546235d06,0.5288023353,if6_consensus_when_public_priors_concordant_with_d4
aayl49:0001807:9f13740f05f8,9f13740f05f8c8fb3d6a16054e6365f329940c30b4467f4a750cb4707eb220f6,0.8756669164,if6_consensus_when_public_priors_concordant_with_d4
aayl49:0001808:677ff54f4c46,677ff54f4c465f96b792b313ba1d4102aa73c7ceffd9497c0560c8ddbf448cb8,0.8440423608,if6_consensus_when_public_priors_concordant_with_d4
aayl49:0001809:6a2357801dc6,6a2357801dc68bf2132a1b5d4a7b44c4b998d63616d21c58833dfa70ddb7daf9,0.6996056437,if6_consensus_when_public_priors_concordant_with_d4
aayl49:0001810:207b2d4ace06,207b2d4ace06427d9c36dda9cba85a905611fc72b3824361730e030eb31e03c8,0.558339119,if6_consensus_when_public_priors_concordant_with_d4
aayl49:0001811:e7af00a506f3,e7af00a506f3e8cde882bb3aad6d485336d4c9c379a333c7edaea1aff12ff1cb,0.773447752,if6_consensus_when_public_priors_concordant_with_d4
aayl49:0001812:c91b6a437871,c91b6a4378713603bd87272a0bba81f2f3feb614949877c288ff2dd1f5cdf4a0,0.7668754458,if6_consensus_when_public_priors_concordant_with_d4
aayl49:0001813:65ccf1ee2a7e,65ccf1ee2a7e1f5261ea3caa39fc95a630a8a6906bdf4e0c5e20ac6bc43f9586,0.5851697326,if6_consensus_when_public_priors_concordant_with_d4
aayl49:0001814:531734f49d1a,531734f49d1a918405609f172aea8474fa8df0358abde62299d1e86de5576149,0.5744220614,if6_consensus_when_public_priors_concordant_with_d4
aayl49:0001815:0f3f981cf770,0f3f981cf7708814c6a6f48f6378eb037cb7eaaeadf9d89e9dc6fc468b1a8b11,0.8678574562,if6_consensus_when_public_priors_concordant_with_d4
aayl49:0001816:b8c5a842906b,b8c5a842906b8911780be8dc68544952bf7d47c8a857314f5d4b9036332f0b0e,0.5756592155,if6_consensus_when_public_priors_concordant_with_d4
aayl49:0001817:0156e057baae,0156e057baaebcda48efc7f8972e22dd68438c57a0b46ecf8230bc32076d5a78,0.8864919543,if6_consensus_when_public_priors_concordant_with_d4
aayl49:0001818:b07d0abc1480,b07d0abc1480a3a7e908ab6860ff8d28eb9bf4c054d1a0babcb8694226d30636,0.6030309796,if6_consensus_when_public_priors_concordant_with_d4
aayl49:0001819:7885dd4f338c,7885dd4f338c2dbe6e7fb5b789108001f3daa2c002530df3aa162cf2d6419a51,0.5301167965,if6_consensus_when_public_priors_concordant_with_d4
aayl49:0001820:8ac344dc6992,8ac344dc69924fa9d31c4d158f7cb460ddab2d2731e9fe84471cb60b3aef3cef,0.6842959523,if6_consensus_when_public_priors_concordant_with_d4
aayl49:0001821:46b0098d0f6b,46b0098d0f6bd21c622ba57bda04294170caea1aa19517ee117d3f0ec422ce43,0.3249826133,if6_consensus_when_public_priors_concordant_with_d4
aayl49:0001822:a8c1807fe62d,a8c1807fe62d1993057b0a8a52ada9013ef580abed09d54f6954bf1157fbf148,0.1578133553,if6_consensus_when_public_priors_concordant_with_d4
aayl49:0001823:0f5a419ee92d,0f5a419ee92d40128579b91d7205a8ace5446e3f2fb04a138d24e25dcd1d1b41,0.1670145988,if6_consensus_when_public_priors_concordant_with_d4
aayl49:0001824:9ea1a7640c5b,9ea1a7640c5bbdfd199e9cdd536d6a8c3496f20b3eaf540bf6d7bdc857e02d1b,0.7514883876,if6_consensus_when_public_priors_concordant_with_d4
aayl49:0001825:1cf5337714e5,1cf5337714e5bd22b5d2f09ce94cb1fcfe9990def6eafc02247fc076c34a17e6,0.3436170816,if6_consensus_when_public_priors_concordant_with_d4
aayl49:0001826:09cb24049f4f,09cb24049f4fc24a36b0bd70b8513242864ce7542aaababce51654efe4c5e05a,0.2509858608,if6_consensus_when_public_priors_concordant_with_d4
aayl49:0001827:4473d9d11167,4473d9d111676307b54ababedd8505ddfb453837ca341d3cad7c47ac76242a9e,0.1813191175,if6_consensus_when_public_priors_concordant_with_d4
aayl49:0001828:3e71a236a574,3e71a236a5747132f2a75a46d80a0294d6cac37e937b472814da85f10f0b2c73,0.5332869887,if6_consensus_when_public_priors_concordant_with_d4
aayl49:0001829:9c343c70d6af,9c343c70d6affd07b041639081ec64381978e15694476bdd8d61aa0fec808ece,0.1062398553,if6_consensus_when_public_priors_concordant_with_d4
aayl49:0001830:914e36217dab,914e36217dab54a7692285911de5c67a062095dca895ddb562bb77621ed2c748,0.5669991374,if6_consensus_when_public_priors_concordant_with_d4
aayl49:0001831:792377a0d8fe,792377a0d8fe37d01115ba777ad1e1c81b9665014f3b0a944d86c123c7df77be,0.4613778591,if6_consensus_when_public_priors_concordant_with_d4
aayl49:0001832:7aefec91e5ed,7aefec91e5ed5876eb79d09f992619fc638c701f5468a9c0875cc232a31d18a4,0.5864068866,if6_consensus_when_public_priors_concordant_with_d4
aayl49:0001833:26e26ac7696a,26e26ac7696a0f26437db7fed7ec7144fcc81a94f72c4aba5fbdf468ba343565,0.8418772817,if6_consensus_when_public_priors_concordant_with_d4
aayl49:0001834:a7ae773ddd58,a7ae773ddd583391c6472b0f4c26fd95e374c45a67e73972ebdbde6220e97bd6,0.8224696517,if6_consensus_when_public_priors_concordant_with_d4
aayl49:0001835:74d527a7aa80,74d527a7aa8053e9ac9bbd8c624c82d65b8eec89e4fad7adfcd842b2280df2c5,0.1664733738,if6_consensus_when_public_priors_concordant_with_d4
aayl49:0001836:a72c4d429fca,a72c4d429fca06f895a49dec35011ffe181f6142aef1af8bdccdb1a8ea992ae6,0.3484883606,if6_consensus_when_public_priors_concordant_with_d4
aayl49:0001837:e6c5f5939a8f,e6c5f5939a8ff914f91e9d2b2ba9b44ce5b0f5314e834075979be520631647b6,0.6287017465,if6_consensus_when_public_priors_concordant_with_d4
aayl49:0001838:584acbe6f548,584acbe6f548ef6aa6e86ff8702163d4cc0c67b3bdd02e672aac722da81b74fd,0.6829814911,if6_consensus_when_public_priors_concordant_with_d4
aayl49:0001839:fe04ff88730f,fe04ff88730f8b03f1c7998d56a12d54b7be51365cfe6f0f804f670e15c7460b,0.681357801,if6_consensus_when_public_priors_concordant_with_d4
aayl49:0001840:cc11dc8676e5,cc11dc8676e54351b9a66675ca220139de6e573a3ace4cfdde0798a6a87e4bdd,0.5388540626,if6_consensus_when_public_priors_concordant_with_d4
aayl49:0001841:28fc3b22d9b3,28fc3b22d9b3fd442bc5e1a942444b2d38c3e025efce992cb4b01820ee698f19,0.5438026786,if6_consensus_when_public_priors_concordant_with_d4
aayl49:0001842:ecad9a313623,ecad9a313623162e43646950340abeb998b48abd24bce9c2e3016e8db35697c1,0.5491378903,if6_consensus_when_public_priors_concordant_with_d4
aayl49:0001843:2f386dae3836,2f386dae3836f4e1d8277619ca9751446072e396a2535d9da502db889a9dbcb9,0.6104539037,if6_consensus_when_public_priors_concordant_with_d4
aayl49:0001844:bc272a37917b,bc272a37917b9681ac078917df32dd4fcb74b5398ebe83985581cad707e04a8f,0.1639990807,if6_consensus_when_public_priors_concordant_with_d4
aayl49:0001845:c7cd20696873,c7cd20696873fc937a2394d2424a9089ef6ee9ae842e0864ae98a767c7c4fa3a,0.7045542598,if6_consensus_when_public_priors_concordant_with_d4
aayl49:0001846:98a230588183,98a23058818384b248509242cdd63a2371c7f40f42636ad8310dae6e4d56ddc4,0.669295609,if6_consensus_when_public_priors_concordant_with_d4
aayl49:0001847:8227e94e6f97,8227e94e6f97b85741469cda7e5d1ccbaf54749895cfe8d5ff5e25e1971ca61c,0.6839866638,if6_consensus_when_public_priors_concordant_with_d4
aayl49:0001848:1f8413a67dcc,1f8413a67dcc647c7ef0d04e164bacf14d45143cdfcd334b44520ba8896873fd,0.6136240363,if6_consensus_when_public_priors_concordant_with_d4
aayl49:0001849:175629282c86,175629282c868072896d2af49885b4aa1e6df00d099af917bdf962334c6e5fb4,0.5995514989,if6_consensus_when_public_priors_concordant_with_d4
aayl49:0001850:bf6925709314,bf69257093145d668bea6f89d0fde8a93d9bd4071781010c1d43d3caa124aab5,0.7908450961,if6_consensus_when_public_priors_concordant_with_d4
aayl49:0001851:33d8556807d5,33d8556807d50626d5b00b0a5b54fef9945ffe97f1003337ddfae04293610472,0.764323771,if6_consensus_when_public_priors_concordant_with_d4
aayl49:0001852:ff554a63b4ea,ff554a63b4eacafd2625110508b5c014ff24981a7570b6f2f3dc140d478ab2bf,0.4701151848,if6_consensus_when_public_priors_concordant_with_d4
aayl49:0001853:7e4d837e3d50,7e4d837e3d50a09135c4a67fe30cf0689861ba537387d46fea29d6587298f1f3,0.3502667844,if6_consensus_when_public_priors_concordant_with_d4
aayl49:0001854:9a3d89933f07,9a3d89933f073170d545a661424ce264bb2cc93d12ba48671b2fd55f575514a4,0.2208304405,if6_consensus_when_public_priors_concordant_with_d4
aayl49:0001855:a1a649fa0618,a1a649fa061896ff73559b3e58f73cb116e83ef75045be0570cc5e0258e3bc01,0.2989252508,if6_consensus_when_public_priors_concordant_with_d4
aayl49:0001856:3c1d311e8539,3c1d311e853943d66ab2be5a709d7edcc35e566c1317314c51da9ceaca21c5b9,0.5150390267,if6_consensus_when_public_priors_concordant_with_d4
aayl49:0001857:94baade6704f,94baade6704f16db9e300c3375e0819c05fbe6c610970395f036ceaa437dbd93,0.4088765085,if6_consensus_when_public_priors_concordant_with_d4
aayl49:0001858:aa093f0e87cb,aa093f0e87cb710196888f269a4d78b6e091028b20b82ab1d3b0de71587d4bc1,0.657233417,if6_consensus_when_public_priors_concordant_with_d4
aayl49:0001859:d2fb2d4ba375,d2fb2d4ba3752cd4a26deafb0c931fa956f10bcf7e4655e542a1e9a35d3ad157,0.3058068454,if6_consensus_when_public_priors_concordant_with_d4
aayl49:0001860:094e4d175880,094e4d175880f92266691051d0463dc8c3d2eaf8ef40b143219672b53060f813,0.5205288529,if6_consensus_when_public_priors_concordant_with_d4
aayl49:0001861:fed6ce117878,fed6ce117878237c495982e411f89c6729f23681316cd6e0323cf8dee0d1c7ee,0.5826954246,if6_consensus_when_public_priors_concordant_with_d4
aayl49:0001862:5683de7c5266,5683de7c5266014b394ed405e0b2eca0a321c1c7c6dcd045001ee685786d8346,0.7643238902,if6_consensus_when_public_priors_concordant_with_d4
aayl49:0001863:5ec397d34687,5ec397d346871a0233843df4cdc3df45a19be006e2a11f79d4f2fee695b07620,0.8673161864,if6_consensus_when_public_priors_concordant_with_d4
aayl49:0001864:3ea7e16b47e0,3ea7e16b47e04e15c8308f23413f43daceec7ee125d4da863ee9df025c05466d,0.7210237384,if6_consensus_when_public_priors_concordant_with_d4
aayl49:0001865:a643d3d642a2,a643d3d642a2c393becf4d5bd5bea604f39860d55b8fcaf318877c22e4b803ca,0.8711049557,if6_consensus_when_public_priors_concordant_with_d4
aayl49:0001866:80fe0e93ab9d,80fe0e93ab9df316c49e5f25e08f2fef307f6987f42631a291abbc98589d8e98,0.3072759807,if6_consensus_when_public_priors_concordant_with_d4
aayl49:0001867:6fa28993bde3,6fa28993bde395e2c7556676d3a3d201d61638a5e6690eda10a758f8fe544790,0.9443284869,if6_consensus_when_public_priors_concordant_with_d4
aayl49:0001868:68228fee4475,68228fee4475cf7f831dbc2a5962c600337dec0c6ed52622a206bbdcf9d4acd7,0.9348179698,if6_consensus_when_public_priors_concordant_with_d4
aayl49:0001869:0075ab94bab1,0075ab94bab1965c01dac0ab87983bdf0e8f11199d3d0bd43465c0a43faa1894,0.8261811137,if6_consensus_when_public_priors_concordant_with_d4
aayl49:0001870:24f0d2dcb1af,24f0d2dcb1af1cc8c6743ba1ab98b20b2f9f5c778aa699a592ebdfb3fbb5e99e,0.9788138866,if6_consensus_when_public_priors_concordant_with_d4
aayl49:0001871:68afc10b082d,68afc10b082d841e5f398ede5a6b2fc0003c39f27f516f4284ed7f2d3aabcd52,0.6891672611,if6_consensus_when_public_priors_concordant_with_d4
aayl49:0001872:64bd5db01ae5,64bd5db01ae57870b459ce930f89d7231eb4268292fc3f531a7c25f545a3335f,0.3735405505,if6_consensus_when_public_priors_concordant_with_d4
aayl49:0001873:fdaa82667094,fdaa826670947c469847eb19beb4580daf599d3b94fd94df9ad4f41f3aced85a,0.3879223764,if6_consensus_when_public_priors_concordant_with_d4
aayl49:0001874:768b843c47a2,768b843c47a29eb3d47af3c93aafab2f760f9b1db0d0527fc2425f97be16f469,0.6957395673,if6_consensus_when_public_priors_concordant_with_d4
aayl49:0001875:2498e53a8527,2498e53a8527d6c8b147827a91208f809faad15ca46e9698aef3a756274a73d5,0.5588030815,if6_consensus_when_public_priors_concordant_with_d4
aayl49:0001876:4d559ebe855a,4d559ebe855a440a7d641cab0b27bca27ccf5d1322353d64fdb743ff247154e8,0.9178071618,if6_consensus_when_public_priors_concordant_with_d4
aayl49:0001877:c665380ff12d,c665380ff12dbdcfbe85fe1f6fc27e907217dab197349af894a1177d6b68eb41,0.8087064624,if6_consensus_when_public_priors_concordant_with_d4
aayl49:0001878:a75f5224539c,a75f5224539cd09fe52f84155c86386eb99bb1ad6e2ce7a5f8f95fa6f29e8141,0.7205597758,if6_consensus_when_public_priors_concordant_with_d4
aayl49:0001879:1671c90a24f7,1671c90a24f7b36a6004734a03080be4d3dbbcb1b6b3d6e35d1fe14215b14752,0.4760689735,if6_consensus_when_public_priors_concordant_with_d4
aayl49:0001880:00a5b93036dc,00a5b93036dcbbecc696c27119938e5f9e1178d57ab5ed2210bad5c0c2bcfd98,0.668058455,if6_consensus_when_public_priors_concordant_with_d4
aayl49:0001881:6ce322a38d76,6ce322a38d76b8fa4cdbefb95e760cfb949641ec41ba104909758e92d783f3b5,0.5465089679,if6_consensus_when_public_priors_concordant_with_d4
aayl49:0001882:e37197969606,e37197969606bed730298dff71f938265a36e816365a2dba375f7be8a00c77b7,0.7661795616,if6_consensus_when_public_priors_concordant_with_d4
aayl49:0001883:0570b62aa7c9,0570b62aa7c9a124ed657b2ccafb46f587327523b7f096bc502e93d8c6c564af,0.414598316,if6_consensus_when_public_priors_concordant_with_d4
aayl49:0001884:9148406591d8,9148406591d8c16c4157a1f1f01ba47986e7019ab6721964f17bb5a39aa06308,0.7995051742,if6_consensus_when_public_priors_concordant_with_d4
aayl49:0001885:c7212bfed526,c7212bfed5264e0e6f2c64e1754579d1961dd5182d09578520cf2a8c526e38dc,0.7476997375,if6_consensus_when_public_priors_concordant_with_d4
aayl49:0001886:28f34ff6a2c4,28f34ff6a2c4b0846c4188b3fa31120dff2878d9c0ba0235dc98ad2e499ece94,0.1706487387,if6_consensus_when_public_priors_concordant_with_d4
aayl49:0001887:9bde09ea0d32,9bde09ea0d32f1f71064f98ddbbb0ae0ef18294368ad0cef27d0821f9eb161d9,0.2349802703,if6_consensus_when_public_priors_concordant_with_d4
aayl49:0001888:e5fcabe1dd44,e5fcabe1dd4445e3e59faf5e6c6c204bcdaf9e2140d7e8cb6ad471b2b2e9dd10,0.68947649,if6_consensus_when_public_priors_concordant_with_d4
aayl49:0001889:3b213555d7ef,3b213555d7ef524f71d88139719a1e7b1ca13a2b2191cd7a1f50a95929c7aadd,0.7214103341,if6_consensus_when_public_priors_concordant_with_d4
aayl49:0001890:ec977e2f8e9f,ec977e2f8e9f422eb7c3933905e53f408c0b4c85d27ba26736d971df02d250e3,0.2107013017,if6_consensus_when_public_priors_concordant_with_d4
aayl49:0001891:7c4f84d49c9b,7c4f84d49c9bb25f352574b796bbb7fc2ee18bb60c072ed38520c6d9613fa1b7,0.07082656771,if6_consensus_when_public_priors_concordant_with_d4
aayl49:0001892:cf1a6b77771c,cf1a6b77771c074fefd51e04975346329177819f9e8741f00238bee51690d5eb,0.4694966376,if6_consensus_when_public_priors_concordant_with_d4
aayl49:0001893:59831766f61a,59831766f61acbe683e815af8999fe9413ca6f9ebe26f2d4aef05b28f8101a8a,0.4122786522,if6_consensus_when_public_priors_concordant_with_d4
aayl49:0001894:4a65d7735337,4a65d773533785127e56500d6017758b27084201b15bffc85604378a09f109bb,0.2485115528,if6_consensus_when_public_priors_concordant_with_d4
aayl49:0001895:98638583fc5e,98638583fc5ea9b2819cf6dca4458912e4406cff5b1a67c26d75616ba97f8856,0.2458826303,if6_consensus_when_public_priors_concordant_with_d4
aayl49:0001896:bd77a70d7683,bd77a70d76838dc45781825efd6820a89417cf69e385e1f6f72155e5b04bb429,0.02172736265,if6_consensus_when_public_priors_concordant_with_d4
aayl49:0001897:fb320472786c,fb320472786c2a7d16561fd23e6eb59299ceaf78e5275238ec4733b3e5a2df7c,0.5948348641,if6_consensus_when_public_priors_concordant_with_d4
aayl49:0001898:8377d750f6a8,8377d750f6a86e96d0c74c54512a491e7e88b9dca335de1df326438da60e9384,0.784427464,if6_consensus_when_public_priors_concordant_with_d4
aayl49:0001899:3ec7987f45c6,3ec7987f45c6c547ee5827538223d1dfccfa98c7971900f41f9e93e42e6f05ae,0.6879301071,if6_consensus_when_public_priors_concordant_with_d4
aayl49:0001900:9904d5ad16d0,9904d5ad16d0265457385a64a7c71882787566a7f5c20a4a77e1b739ca652458,0.81496948,if6_consensus_when_public_priors_concordant_with_d4
aayl49:0001901:cc2f4b625b11,cc2f4b625b11f565e5cd7f0c5f5a200b75f32eceaa34488459ebb99c1581b4fb,0.4132838249,if6_consensus_when_public_priors_concordant_with_d4
aayl49:0001902:f244b714f022,f244b714f022b3d4e8baa8e56f18b37c6c6fc963be926f4a1a5941cd6333edc5,0.06046547368,if6_consensus_when_public_priors_concordant_with_d4
aayl49:0001903:2974929ed7ff,2974929ed7ffe9b7985f5fdd57c7c2acbd0a53a7c1aca66bf1eb73ccbdc2df4f,0.238459751,if6_consensus_when_public_priors_concordant_with_d4
aayl49:0001904:7065469aebd5,7065469aebd5e68cae271c186407025cb4eeca0f5f28dfb24c200bdbec8cca6f,0.8512332439,if6_consensus_when_public_priors_concordant_with_d4
aayl49:0001905:38d2f87222f5,38d2f87222f546771901ee1e4ccd10294e4cc1a163c4b7a8662d245294036be8,0.6604809165,if6_consensus_when_public_priors_concordant_with_d4
aayl49:0001906:b555c581a56b,b555c581a56b9088092c1a91e057b561590e55d31a9150e7e921e8c0bdbdc51d,0.4570478499,if6_consensus_when_public_priors_concordant_with_d4
aayl49:0001907:c7f3a1414161,c7f3a1414161b8c9ac6f02eba8de8b41fcbcd75904ebe8847c89cd9fe6ecbba2,0.3259104788,if6_consensus_when_public_priors_concordant_with_d4
aayl49:0001908:b9f07aee5d33,b9f07aee5d33e05c4ee356c2e8ce00c75e49caf8222d164308aa8018a41165ba,0.3675094843,if6_consensus_when_public_priors_concordant_with_d4
aayl49:0001909:bd9279228f7a,bd9279228f7a4d1e3f64f5c388edd937519047372365102d8b1c17f527fed083,0.9528338313,if6_consensus_when_public_priors_concordant_with_d4
aayl49:0001910:0197b89f468d,0197b89f468d0c74e737fa64c04d983b389a919de13ff04eeae5bf0f1a90af9a,0.8315162659,if6_consensus_when_public_priors_concordant_with_d4
aayl49:0001911:08942731118e,08942731118e0508069059cfb93d6668e5febb7ba9add701e6693ff4405ed641,0.7592206001,if6_consensus_when_public_priors_concordant_with_d4
aayl49:0001912:5b87bc335f13,5b87bc335f133909c78ac12d8fbd81a70268e559a4a586294e692b9d49f7589a,0.1312920451,if6_consensus_when_public_priors_concordant_with_d4
aayl49:0001913:4d41eb659060,4d41eb659060963e0203a5d26829aff723cd622c3311f0b079728eb609a338d2,0.6146292686,if6_consensus_when_public_priors_concordant_with_d4
aayl49:0001914:9d0eb73022b4,9d0eb73022b49aeec6f329a34c551ba0b5c727d9bd16d59236a438ca940c37d0,0.7552772164,if6_consensus_when_public_priors_concordant_with_d4
aayl49:0001915:38082d8737e9,38082d8737e985c609c0f400c1b7b0f2f3d237a06923d9ff2a06f8a4abf82e48,0.7750714421,if6_consensus_when_public_priors_concordant_with_d4
aayl49:0001916:25666192b339,25666192b339200beda414d1879f56383d5e035d6f0b717b28f6585c215eba16,0.4748318195,if6_consensus_when_public_priors_concordant_with_d4
aayl49:0001917:d798e749d0c0,d798e749d0c09830d24f6c18e756aa68e5fd89be8084d1ed473c05fd12a411f0,0.4537230432,if6_consensus_when_public_priors_concordant_with_d4
aayl49:0001918:be909f2cde82,be909f2cde8270763599a243e7e030f3d17113fa3fb5d68e848f681a51e6b29e,0.5991649628,if6_consensus_when_public_priors_concordant_with_d4
aayl49:0001919:c953d63c5c6a,c953d63c5c6a5d59ecffc9932b8723bbc6773b39723282be2502f76a00de714a,0.3845975399,if6_consensus_when_public_priors_concordant_with_d4
aayl49:0001920:01c11ce77508,01c11ce77508217b8bcbb0145e14140a3a6e31a0ebbbc6487d7b201d5de4cd64,0.8373153806,if6_consensus_when_public_priors_concordant_with_d4
aayl49:0001921:9f0e75e7acee,9f0e75e7aceeab9aa29978e560535b2aa00236f232c4794ac785ddf7a01f77ae,0.8294286132,if6_consensus_when_public_priors_concordant_with_d4
aayl49:0001922:f66cc23374ea,f66cc23374ea2df3f077586684fd8f7499e5d0f5d72b2197352c16f2659d7e06,0.1464470774,if6_consensus_when_public_priors_concordant_with_d4
aayl49:0001923:e6ec8862e2fe,e6ec8862e2fef428520640e405f51df5b92ff22b28e73f31aea547f0ddb66359,0.06170262024,if6_consensus_when_public_priors_concordant_with_d4
aayl49:0001924:f3368e05ab38,f3368e05ab381c4578568b2ee97f9d36da9af66818d5cda73c69d054c1f1be51,0.1575040668,if6_consensus_when_public_priors_concordant_with_d4
aayl49:0001925:c82a50fe04b2,c82a50fe04b2b1870967bda3f3531aab29da75d2df0f921fdd19bf3175155c2a,0.2032011002,if6_consensus_when_public_priors_concordant_with_d4
aayl49:0001926:b07b3caeb0d4,b07b3caeb0d4ad0f18f4e0dcffe08e13188d2112080e3114816b2ed26e3c1543,0.2290265113,if6_consensus_when_public_priors_concordant_with_d4
aayl49:0001927:7256daf1c0a2,7256daf1c0a2194daac1a68edea7150e8bfa1b87e69f0474d84f0b858096fcfc,0.3534369469,if6_consensus_when_public_priors_concordant_with_d4
aayl49:0001928:19e9d5a7be25,19e9d5a7be2520648d634594804fae86d913ae3502ac80b96b39ced932983c7d,0.2674553394,if6_consensus_when_public_priors_concordant_with_d4
aayl49:0001929:f22d00a51f3e,f22d00a51f3ea3a5cc2760380f95bc72b23befef599c71805425d5cd37c6b347,0.1350807995,if6_consensus_when_public_priors_concordant_with_d4
aayl49:0001930:b7fa617d9d0e,b7fa617d9d0ec852242b97a1b1d4a8c570f2b60772c18cfb8e2137c69e841b64,0.262970686,if6_consensus_when_public_priors_concordant_with_d4
aayl49:0001931:487e6c1dbc17,487e6c1dbc17b3cea0cf88db30191a433dfe4338d8f3075013e2208d6b753765,0.2849300206,if6_consensus_when_public_priors_concordant_with_d4
aayl49:0001932:fc72449e5d84,fc72449e5d84e52ff21cfdc42b86afa350e90f6c30697ff471893541b02aaafd,0.3375086784,if6_consensus_when_public_priors_concordant_with_d4
aayl49:0001933:02c4cac41938,02c4cac41938c119661989f43fd1348a56115004c055e89255fe3742c5687e43,0.6457125545,if6_consensus_when_public_priors_concordant_with_d4
aayl49:0001934:1473346a762d,1473346a762df203c5a680c2d436b672253f53c9f598263d6a3064506c477a94,0.3149308264,if6_consensus_when_public_priors_concordant_with_d4
aayl49:0001935:5f7740047aab,5f7740047aabe95d33d4076443e60ee628eae977bb9b3b3ab9cc9caea7d643f4,0.05118688941,if6_consensus_when_public_priors_concordant_with_d4
aayl49:0001936:5f3ebeea8d6b,5f3ebeea8d6b523289d4f6e8b2268023d6d40b7fb3fa5a92b04dcdb83434746a,0.3041830957,if6_consensus_when_public_priors_concordant_with_d4
aayl49:0001937:8254a3f5074f,8254a3f5074f81847a927b0db87fbbdb81665315ec89dbf09cdbdc01a2152a77,0.5250135064,if6_consensus_when_public_priors_concordant_with_d4
aayl49:0001938:b2c4767b0bb6,b2c4767b0bb63f849ac6195b88e4964c430509184da05df7b37ae7245ae54103,0.7480862737,if6_consensus_when_public_priors_concordant_with_d4
aayl49:0001939:3bc904c982fc,3bc904c982fc6cc1ee037ccbd44880e78f351be592381eee23c5c36529a121b9,0.6160210967,if6_consensus_when_public_priors_concordant_with_d4
aayl49:0001940:54c4dd6841bc,54c4dd6841bcd4882f462731ac576e8920ed53e32745387f086c294b38d29f59,0.5141112208,if6_consensus_when_public_priors_concordant_with_d4
aayl49:0001941:80dc911a4500,80dc911a4500a17441947d865ba94e7689adee4f347d9b9461a22f84f2c5d2b8,0.6624140143,if6_consensus_when_public_priors_concordant_with_d4
aayl49:0001942:fc5d3449893f,fc5d3449893fffee10c7fad3f5b642361636cac08e2ce187eeb535202f68715f,0.5581071973,if6_consensus_when_public_priors_concordant_with_d4
aayl49:0001943:7823a98c3e18,7823a98c3e188b9dd1b7c232c69f5b952107f8f3a66d9c1eef743e465a884eed,0.8132683635,if6_consensus_when_public_priors_concordant_with_d4
aayl49:0001944:704b0b137126,704b0b13712690ef5e7cb375549820ad10d827db12f4fd418a18ea7073a03df7,0.9158741832,if6_consensus_when_public_priors_concordant_with_d4
aayl49:0001945:f3de415defb2,f3de415defb2119bb268d85d1e699bb1c048406a3864323b1cf5a70a1de9e5c2,0.7975721359,if6_consensus_when_public_priors_concordant_with_d4
aayl49:0001946:e8905f6c10b8,e8905f6c10b847c485c42b7ca11cbce32557614b1b3b97f051861490165c59bc,0.3471738994,if6_consensus_when_public_priors_concordant_with_d4
aayl49:0001947:c3ae4b1e9b99,c3ae4b1e9b99199d3b5cb18c292251d9d6d58b7614cd2c50e74b53b60a3da8f0,0.4638521671,if6_consensus_when_public_priors_concordant_with_d4
aayl49:0001948:2e487fc2d662,2e487fc2d66222bf63493c59bbc7e453c6cf7532405cb44550038a5c35f48256,0.5779788494,if6_consensus_when_public_priors_concordant_with_d4
aayl49:0001949:977b29b71dab,977b29b71dab1cd8cbfc7d5a4264d8535195b737cecf1a3d93d56e45e720e37f,0.3472512066,if6_consensus_when_public_priors_concordant_with_d4
aayl49:0001950:e03bd27d2f4e,e03bd27d2f4e582e296d47095c4348fc56ac68d0c9ca826704f849648ea8b3f0,0.5072295666,if6_consensus_when_public_priors_concordant_with_d4
aayl49:0001951:86a81bf223d3,86a81bf223d35fd37638f62cf2cbda71d03db8dc458e5fd67c19acc02b01a721,0.8315935731,if6_consensus_when_public_priors_concordant_with_d4
aayl49:0001952:185a1a42ae4f,185a1a42ae4f04f5dd505cdc776f1ab11b696527dfb8611b6a61c9733360df7e,0.7255083919,if6_consensus_when_public_priors_concordant_with_d4
aayl49:0001953:3a4b8f6f08b4,3a4b8f6f08b44d71dd3290b86726adf48acaa9635477a23054b3dd63b7adb9f2,0.7675713897,if6_consensus_when_public_priors_concordant_with_d4
aayl49:0001954:f13208f8cfe9,f13208f8cfe9999742b2710ad11146bf99a22f973bc2ea81309b4a97b61b5e53,0.2448774576,if6_consensus_when_public_priors_concordant_with_d4
aayl49:0001955:96f0da797a94,96f0da797a949524f5188ec6c64a8486833bacec4ef8c8f1e4d00645352f3153,0.74132061,if6_consensus_when_public_priors_concordant_with_d4
aayl49:0001956:87039605cc36,87039605cc3612169c8540c1d089557fa2b6a36933a628a257337f8bf7fef75a,0.6047320962,if6_consensus_when_public_priors_concordant_with_d4
aayl49:0001957:d33f680cdac0,d33f680cdac0856073f3e9cdc3cd1e2c0f47b11202782b55a07e281bcb9a6146,0.1802366227,if6_consensus_when_public_priors_concordant_with_d4
aayl49:0001958:0b834fefa3b1,0b834fefa3b158866672ff1d3042721c81d42eec7c522b4b17b8a69cfc5af2bf,0.5633650422,if6_consensus_when_public_priors_concordant_with_d4
aayl49:0001959:ca5fca1e1437,ca5fca1e14370d2b95cb3200bf211db31bf89b45e4c31dd3e1437214f5bac404,0.6769504547,if6_consensus_when_public_priors_concordant_with_d4
aayl49:0001960:ae038f62002e,ae038f62002eb6324d235d222a27b83d9404a70884eed5842e70298f109aa090,0.6590118408,if6_consensus_when_public_priors_concordant_with_d4
aayl49:0001961:132ce7c75e4a,132ce7c75e4ad37f8a269292ecc44ea3d1c55c78486810eae6b4df775564341c,0.6080569029,if6_consensus_when_public_priors_concordant_with_d4
aayl49:0001962:a7a7a991a262,a7a7a991a26287cba4e8e589be23bdff168677d620208381a3b7c376b076fc5f,0.3466326296,if6_consensus_when_public_priors_concordant_with_d4
aayl49:0001963:471de8984166,471de898416697e156ae46e2316829a1e4da27e1c78c0ccb8c49837b2146a66b,0.6133147478,if6_consensus_when_public_priors_concordant_with_d4
aayl49:0001964:d06e2c2e8fd9,d06e2c2e8fd9070c78c2f13a8b53c90ee85d1441358b5d58449d4cb077204379,0.7208690643,if6_consensus_when_public_priors_concordant_with_d4
aayl49:0001965:2e7018e3defe,2e7018e3defe1818b444fe2102eb7cb5f76daa354f244c5aafbb8db50f60ba96,0.3842109442,if6_consensus_when_public_priors_concordant_with_d4
aayl49:0001966:ddc42fb94d05,ddc42fb94d055d630e37da80ea2519a217facdaa87ee2bffdffff00a7b2d2507,0.3450861871,if6_consensus_when_public_priors_concordant_with_d4
aayl49:0001967:397225f770bf,397225f770bf9fa2902045f9b8d73ffe710f94c7fb17160c37674bc5b68aea6b,0.5061470866,if6_consensus_when_public_priors_concordant_with_d4
aayl49:0001968:c26d5a21626e,c26d5a21626ed1afc5dab6100c895f1b8c90548982786b54b8a100cb05e2dba3,0.1189979091,if6_consensus_when_public_priors_concordant_with_d4
aayl49:0001969:e633b03fb869,e633b03fb869b7d57bed7ecec93efb6f091e02e67c8f1400033a028600423ce8,0.1537152976,if6_consensus_when_public_priors_concordant_with_d4
aayl49:0001970:abece85eb49b,abece85eb49b19d185f3bf183ac4d9168d36fc61724e0e40716ad7fa7e7f40c4,0.5492925048,if6_consensus_when_public_priors_concordant_with_d4
aayl49:0001971:d6de9bca8693,d6de9bca869378c7cf1cdf43149c9f63645ded457d091823da9649e9d39888d6,0.6544498801,if6_consensus_when_public_priors_concordant_with_d4
aayl49:0001972:3c535fb1eea4,3c535fb1eea4f12b3f3d5f84805a4c9fcea97df391ca95736fa7880ba7c20e78,0.3026366532,if6_consensus_when_public_priors_concordant_with_d4
aayl49:0001973:b542c860ed9a,b542c860ed9a1932810d466bd71590b140d3ff3635b107dd4728bf9536161d27,0.3759375513,if6_consensus_when_public_priors_concordant_with_d4
aayl49:0001974:8d690bcefbda,8d690bcefbda0741beb99754506313fee45f734cee27864f6c70787742809833,0.1572721004,if6_consensus_when_public_priors_concordant_with_d4
aayl49:0001975:be7fdb92b344,be7fdb92b34460c91a328b24005390eeba170aac26fbb1d87d1b7cafa9e4ccf4,0.3512719572,if6_consensus_when_public_priors_concordant_with_d4
aayl49:0001976:d60a4bcfc1a0,d60a4bcfc1a07e995fc066280ee6a474db8ad546321711c430b53246fb14acb3,0.4326142371,if6_consensus_when_public_priors_concordant_with_d4
aayl49:0001977:159e93174f88,159e93174f88432060bbc77a1f3bff6c30ff995ed5bc4ba6bd2b929509a7e62a,0.601098001,if6_consensus_when_public_priors_concordant_with_d4
aayl49:0001978:f2ce9825335f,f2ce9825335f1309f8f5444bb06ac5a82157e3bbea9daff4dbc12b7a5b66a883,0.3650351763,if6_consensus_when_public_priors_concordant_with_d4
aayl49:0001979:c78fad4376b7,c78fad4376b71fc322225381cb482c3f523089d6621cbab07899ff95c5edc45d,0.4439032078,if6_consensus_when_public_priors_concordant_with_d4
aayl49:0001980:74533f5a5f62,74533f5a5f62503705ba283a65e8c38793b9eaa6e38ef56e47d4d1ef4a183707,0.5128740668,if6_consensus_when_public_priors_concordant_with_d4
aayl49:0001981:9052cd4addca,9052cd4addcac70a67759582c73d465335831e52ab9cee5fd15fb77b38434094,0.2807546556,if6_consensus_when_public_priors_concordant_with_d4
aayl49:0001982:a53682c4f3db,a53682c4f3db7b3f1af3a51c1a671ed6d9dc5269e65711095dbfcf7b12fa8593,0.1569628119,if6_consensus_when_public_priors_concordant_with_d4
aayl49:0001983:90b7d7d2523e,90b7d7d2523e9aa47791399df4826c90f69d90b02a8e7ed28762a211772a454d,0.08745070547,if6_consensus_when_public_priors_concordant_with_d4
aayl49:0001984:9bff0669f4a1,9bff0669f4a18d9cf42fe179c4f8c485315d8d2db312f3f4bd0ab5417e0d0934,0.1994123459,if6_consensus_when_public_priors_concordant_with_d4
aayl49:0001985:92c6624ddddc,92c6624ddddcf514a60faa364ae6f48d3c88c063efe8878e31ef672b6d679960,0.793396771,if6_consensus_when_public_priors_concordant_with_d4
aayl49:0001986:266dac8ad29c,266dac8ad29c67d97224f6c036fc0dd1a10c21c459a49f98d3579dc9c5eb28ba,0.5344467759,if6_consensus_when_public_priors_concordant_with_d4
aayl49:0001987:30dc263eabc2,30dc263eabc2d2daf1c6c7eff8ddfbc210f941b7bf0d1c2e8dbd93af6b0ef4f6,0.8296605945,if6_consensus_when_public_priors_concordant_with_d4
aayl49:0001988:ac12eb76e797,ac12eb76e797f4641ee74ca8ddec136faed8347c8bc5c2fc53c09b74eb525c05,0.6334183812,if6_consensus_when_public_priors_concordant_with_d4
aayl49:0001989:9a67b0fab1f9,9a67b0fab1f94b493b07324a6ac87798d1912819aae5ce392220daecee51e3c4,0.37624681,if6_consensus_when_public_priors_concordant_with_d4
aayl49:0001990:53b353bdcda2,53b353bdcda2e9fd22d38b9063bc5793b91fd45d0cc30f08b97be098fde30823,0.1227866784,if6_consensus_when_public_priors_concordant_with_d4
aayl49:0001991:e9fb12089c44,e9fb12089c44b25c9951e5802d59e040f29197751ebee4e8871d297d76916fe3,0.2226861715,if6_consensus_when_public_priors_concordant_with_d4
aayl49:0001992:d019c72b5447,d019c72b54475ece3b049f53a4814f965e20cc8cf575d2a227a829029d4dceb9,0.4531817436,if6_consensus_when_public_priors_concordant_with_d4
aayl49:0001993:d5ced14b982b,d5ced14b982b7afc05593e96712445da96c087232b8e1aba16d50d6960fe967b,0.1963968277,if6_consensus_when_public_priors_concordant_with_d4
aayl49:0001994:7aa5ce33f2e8,7aa5ce33f2e8a758705b77e0c8acfca29a4ea82a3b096d56d98a7204b4860129,0.2117064744,if6_consensus_when_public_priors_concordant_with_d4
aayl49:0001995:83134b07b302,83134b07b302c5c2e190c86e8faca960ed4992e88f95be029873ee2b1f898c0b,0.1543338746,if6_consensus_when_public_priors_concordant_with_d4
aayl49:0001996:b7f3a854eefc,b7f3a854eefcb7d256f9ffae149e0df9e18160df5111b39d6934ba3ff5dec2ad,0.0729142502,if6_consensus_when_public_priors_concordant_with_d4
aayl49:0001997:191e73e93352,191e73e93352aae1ef9f6581ca0892599c8edfe0f111e5b0a84dfa6a3c4628f2,0.08234748244,if6_consensus_when_public_priors_concordant_with_d4
aayl49:0001998:7f0a79eb681a,7f0a79eb681a5e6ad17a920ad2cfd2fc576086a4d866ea4680de2f191741e0d6,0.1436635107,if6_consensus_when_public_priors_concordant_with_d4
aayl49:0001999:e5874fec1001,e5874fec1001d67ce257b5a6c7b2fe9464871ada1675969e4d668fbdb78d656f,0.2297997475,if6_consensus_when_public_priors_concordant_with_d4
aayl49:0002000:8d5a27352c4c,8d5a27352c4c683f2e88537bc8238383acafef683923bd1a62b45cf4d5b47cb4,0.864068687,if6_consensus_when_public_priors_concordant_with_d4
aayl49:0002001:a542f190dd42,a542f190dd42cf00e815c5e4017422cfb874f1417b76ee36696c1fc7b96fd489,0.8230109215,if6_consensus_when_public_priors_concordant_with_d4
aayl49:0002002:79492f6312ac,79492f6312ac51a011c7324214a3b8729fbdb1355110584c40862cbeec07810b,0.7486274838,if6_consensus_when_public_priors_concordant_with_d4
aayl49:0002003:2ed2662de17b,2ed2662de17b18c6b43368cfd104813822c6667fcf118a452ff1c75c4d03a41f,0.7986545563,if6_consensus_when_public_priors_concordant_with_d4
aayl49:0002004:b91e10cc4f37,b91e10cc4f37b17222063180f4231f64a615066b64ee82e4a73197f7f16696a7,0.553545177,if6_consensus_when_public_priors_concordant_with_d4
aayl49:0002005:7c09e9400b42,7c09e9400b42b1e41bfc3f43e1b7913643817725059f647cb20fa2f2d5b3ceea,0.5727209449,if6_consensus_when_public_priors_concordant_with_d4
aayl49:0002006:ddee7713911e,ddee7713911e81a72c20dbf1c0e131b7c99f443f2726cb4a85f0ef9cc0686d5b,0.4364030063,if6_consensus_when_public_priors_concordant_with_d4
aayl49:0002007:cd71277ce861,cd71277ce861523942d922c799396167c414e8fabe33af4c39207491650adb3e,0.5390860438,if6_consensus_when_public_priors_concordant_with_d4
aayl49:0002008:aadc08cec278,aadc08cec278119990fd85a21558ec1f7b11bfcdb6c4f5d804b8b4a8c183a680,0.7400448322,if6_consensus_when_public_priors_concordant_with_d4
aayl49:0002009:041773d169e5,041773d169e55809f66e61bfde996bef77350f9d8de39f0194a52278b4041223,0.6049640179,if6_consensus_when_public_priors_concordant_with_d4
aayl49:0002010:32d49638d21b,32d49638d21b08de74a76deb7deafef4404711c369da3c25b2ba6f9f0c2f5978,0.3109100759,if6_consensus_when_public_priors_concordant_with_d4
aayl49:0002011:de444349c816,de444349c81660c7aea48193d4072876415fd8d97ed40b90bc87893edb5d742c,0.2751875222,if6_consensus_when_public_priors_concordant_with_d4
aayl49:0002012:69973a7a3350,69973a7a33509a82e2283c23c38d1fd28a2cb24a38d277389b377f1580dbf6b0,0.5106317401,if6_consensus_when_public_priors_concordant_with_d4
aayl49:0002013:a40425ef3ed3,a40425ef3ed3031f7138dd313ef7b8ae71a5b845cc0966eced767c59c4f26b8e,0.4237222672,if6_consensus_when_public_priors_concordant_with_d4
aayl49:0002014:40192eb2a05c,40192eb2a05cf4263f6fa9a4a7a48d757889b3350387006fee22167ed14f960b,0.5004252791,if6_consensus_when_public_priors_concordant_with_d4
aayl49:0002015:b7e00bfcaa6d,b7e00bfcaa6d9bc0cba4d6149b60b51ed1bb31a8bf11ae50483754976a2f3190,0.4523312151,if6_consensus_when_public_priors_concordant_with_d4
aayl49:0002016:bc8d206df674,bc8d206df674ba191babce577cf78012283ecccf5ee0b8b1384c1f322cfaa79a,0.6535993218,if6_consensus_when_public_priors_concordant_with_d4
aayl49:0002017:8ed3a3e3f66c,8ed3a3e3f66cd8a16bb00ad3b3c87e104d479d6cbf9e00d78249d7728109760d,0.2391556501,if6_consensus_when_public_priors_concordant_with_d4
aayl49:0002018:dd468593627d,dd468593627dd51507f9c0ad4a6a650cd9945f16d1874f2c13a231e49e0870dc,0.1980978847,if6_consensus_when_public_priors_concordant_with_d4
aayl49:0002019:0b6c436de05f,0b6c436de05fa6c0abd983be51524e794d35b81670e93ece538c12ee432aac64,0.6671305299,if6_consensus_when_public_priors_concordant_with_d4
aayl49:0002020:cec5543f359d,cec5543f359d5c47d3124c41ff6395573842be05f0540556623b313b67fad400,0.254078716,if6_consensus_when_public_priors_concordant_with_d4
aayl49:0002021:456d4b8f9808,456d4b8f980882e614840756bfc035dd23e9f8df3055991fc0496f411252ced3,0.1148998737,if6_consensus_when_public_priors_concordant_with_d4
aayl49:0002022:924355953ddc,924355953ddc93439efce96c6566f4fe2371df4e62581ab048deba9c2362f04d,0.1878141165,if6_consensus_when_public_priors_concordant_with_d4
aayl49:0002023:94eb857f51c9,94eb857f51c9860e48a8ad47c2c3af4fa1ab5248950b1e8d2d61e63deb3d7c1d,0.1866542846,if6_consensus_when_public_priors_concordant_with_d4
aayl49:0002024:4a0ffe4549b1,4a0ffe4549b11bb5ec388256d9803d7003360b8e3a9a6c6e1f3cba79a3ce5856,0.09742519259,if6_consensus_when_public_priors_concordant_with_d4
aayl49:0002025:d45b6dae4774,d45b6dae47747e8042d10ed5b3759b41837b456c163f3060432e1d04e618e2e8,0.2086136341,if6_consensus_when_public_priors_concordant_with_d4
aayl49:0002026:1a0a58b6b1a8,1a0a58b6b1a8f0d833938fb6757e65f2e3075ea2d4a4c618cb2f36c35995dc8d,0.2777391374,if6_consensus_when_public_priors_concordant_with_d4
aayl49:0002027:75003bccd540,75003bccd540b9ee217277eea2220e53fd043d37b4638ad6a2bc350ff1e69fda,0.3067347109,if6_consensus_when_public_priors_concordant_with_d4
aayl49:0002028:e85d80e9d99e,e85d80e9d99e1574f6db997cc2923133a8bda6cacd4690df96720b8e978ef3a2,0.157581389,if6_consensus_when_public_priors_concordant_with_d4
aayl49:0002029:9a9bd39ae186,9a9bd39ae186b230549dbf295c3592355c7d9367b20b82b0d5edadc917a07d8d,0.1106471792,if6_consensus_when_public_priors_concordant_with_d4
aayl49:0002030:716512654225,716512654225a28efa93ec5025427e6326e2ed2cd04f2b8c1a76e92f9163cc3b,0.1394881159,if6_consensus_when_public_priors_concordant_with_d4
aayl49:0002031:af97bf401d2f,af97bf401d2fe94774550bb21c6744d3c8e49addf04184015065273e0b6bb180,0.4735946655,if6_consensus_when_public_priors_concordant_with_d4
aayl49:0002032:6231e7aca32e,6231e7aca32ecc8544bfcb4f69f5cdb4861c413a05dae0fc2747ee45601dafab,0.1872728616,if6_consensus_when_public_priors_concordant_with_d4
aayl49:0002033:028f5eda7c5b,028f5eda7c5ba89633091d7bd47d32bbd4905212c431024a6ead1de3626015a7,0.2012680769,if6_consensus_when_public_priors_concordant_with_d4
aayl49:0002034:388cf8d59305,388cf8d59305ae2ca7d5e12ce1cd505d02a89c636572d0a4caea24b91724098b,0.1786128432,if6_consensus_when_public_priors_concordant_with_d4
aayl49:0002035:5e412fdc1059,5e412fdc1059b120b0e78707835ccb63a97f57d8bff026af660ac592b1122b96,0.5041367412,if6_consensus_when_public_priors_concordant_with_d4
aayl49:0002036:8ec1fa31b8e6,8ec1fa31b8e68957f60e9280c23e45d1b3f7ac85265ecc7283dfde7a424f5a71,0.5032861829,if6_consensus_when_public_priors_concordant_with_d4
aayl49:0002037:723cfffd6c43,723cfffd6c43a8fbde3ed2f8b56304b71d3df8c3e91befac5fb946cf341e2f3c,0.239078328,if6_consensus_when_public_priors_concordant_with_d4
aayl49:0002038:136ac9887552,136ac9887552f89431646b9e197d7c2a01f1fff3131622c6d5a73192adf6138b,0.4319956601,if6_consensus_when_public_priors_concordant_with_d4
aayl49:0002039:f3a6476218a8,f3a6476218a8ab8d588020861610a79b9f232924b44831a04b3afffc4b89d52a,0.480630964,if6_consensus_when_public_priors_concordant_with_d4
aayl49:0002040:b3910029d4a9,b3910029d4a91ebc091c6203927c73ad3998f2ee1afacae61c24cdc80a97ad03,0.4257326126,if6_consensus_when_public_priors_concordant_with_d4
aayl49:0002041:4c4f47a3d6d1,4c4f47a3d6d1f4d2b39f03506b5faae59fc88b5555b9ea17aea411d531cab681,0.7130596638,if6_consensus_when_public_priors_concordant_with_d4
aayl49:0002042:e01ac458508f,e01ac458508f89a2ae374ac435d88a82d3bdcea51aed95d2cd8a3b6196d8fbf1,0.5112503171,if6_consensus_when_public_priors_concordant_with_d4
aayl49:0002043:2d77b9486f33,2d77b9486f3337eedfac3c58adaf774200426290b2c527e8b931c3ac75b36fbf,0.6962035298,if6_consensus_when_public_priors_concordant_with_d4
aayl49:0002044:c1e7ce25c76f,c1e7ce25c76fa3cb69701d889cb60ee841287762d2e596e8b1862947e6044cf3,0.3785664737,if6_consensus_when_public_priors_concordant_with_d4
aayl49:0002045:7cc120aa6fb7,7cc120aa6fb73cc692ab37db9697935a442ea487dfbb1c2051b97f560dce0dc8,0.4312224388,if6_consensus_when_public_priors_concordant_with_d4
aayl49:0002046:fd7d050b0e00,fd7d050b0e00c7279c0230ab05fb7d088eb08a9f9eb2a1fb4fafada9ee706e70,0.5553236008,if6_consensus_when_public_priors_concordant_with_d4
aayl49:0002047:5f0cf9b2c017,5f0cf9b2c0170d48ea754e77369a259c8b5aa2d612d559e79769fa9e7499ec07,0.4282069206,if6_consensus_when_public_priors_concordant_with_d4
aayl49:0002048:f0290da0c6a2,f0290da0c6a261bf2fe65eeb1fddc080c771bd2d77c5bec2bdb585abda5b1bc7,0.404933095,if6_consensus_when_public_priors_concordant_with_d4
aayl49:0002049:69a2ab0110a5,69a2ab0110a5e7ff10df7a9bacd4547a3e4b7ad4dd63d4c981d8e7e7b01fb3c3,0.6327998042,if6_consensus_when_public_priors_concordant_with_d4
aayl49:0002050:9eed80f21909,9eed80f21909537dd5c192fb6e9519fa28cd6935ab55752efae00f1b617f29b4,0.5798345208,if6_consensus_when_public_priors_concordant_with_d4
aayl49:0002051:61fb809496df,61fb809496df24bc1dfd10212fedf8e600a08b8e7fa969020d729743e42063b6,0.1863450259,if6_consensus_when_public_priors_concordant_with_d4
aayl49:0002052:a590224c76cc,a590224c76cc9f97de95a0c0b8466e60bada30ff0374201466f69c9c3cf39e7a,0.02992345206,if6_consensus_when_public_priors_concordant_with_d4
aayl49:0002053:b4fd28ccaedc,b4fd28ccaedc2e1737bf89cc8cd1dd6d7ad674650094494eeeb39aa87ec19387,0.06417690963,if6_consensus_when_public_priors_concordant_with_d4
aayl49:0002054:76e3c03060b0,76e3c03060b0a744e9e3c821bf316e5874a2bf00f5c444129e7bb72bee2646f0,0.1481481344,if6_consensus_when_public_priors_concordant_with_d4
aayl49:0002055:54b874ba7cad,54b874ba7cad2384ba14ba988ead9f25d95926d474cb4ca5f077bdd7d89d0200,0.1421943903,if6_consensus_when_public_priors_concordant_with_d4
aayl49:0002056:d0c7ca1aa820,d0c7ca1aa820c474e204c59945b44ab5301d0c6e09eb4bec7841e9a3ec8a5ac9,0.162916556,if6_consensus_when_public_priors_concordant_with_d4
aayl49:0002057:a4c77e0f7b83,a4c77e0f7b83885e911ddb60c0d2e90494e89cdb14fed4af5bfb517598aff417,0.4524858892,if6_consensus_when_public_priors_concordant_with_d4
aayl49:0002058:925cb8e768d9,925cb8e768d9a9749c113ca4b9d81425980ea4188f4dbcb3893ab1d30adab0b6,0.3353437185,if6_consensus_when_public_priors_concordant_with_d4
aayl49:0002059:668b294b490c,668b294b490c128fa80938879fe9eae62ed589b6231651bd1441ff7f50b9b1ea,0.2481249422,if6_consensus_when_public_priors_concordant_with_d4
aayl49:0002060:34db7303d319,34db7303d31954b9e18582c0f2fdf3c262cbab82847ad17d37bd27661e9dd1d7,0.3843655884,if6_consensus_when_public_priors_concordant_with_d4
aayl49:0002061:8a15250a17ba,8a15250a17bafb295ba09b7b3fb005365f8a280a1d4fdea6d85d99253e0e832c,0.20428361,if6_consensus_when_public_priors_concordant_with_d4
aayl49:0002062:ea607314ebcb,ea607314ebcb07ac232c724717d2f0df090e3bea7a4ae319badd82c6547a69b2,0.05451171473,if6_consensus_when_public_priors_concordant_with_d4
aayl49:0002063:83017117aebc,83017117aebca5ff399d6121c892d58ed37ad04c7e121d8f8255c12ec4379829,0.5731075406,if6_consensus_when_public_priors_concordant_with_d4
aayl49:0002064:8ebf6f4a47c5,8ebf6f4a47c58c13261a2fe44181f37ce1ee06240beacae7719e9fbc1d4d4873,0.3644939363,if6_consensus_when_public_priors_concordant_with_d4
aayl49:0002065:76d50ae52e45,76d50ae52e450832e9429d27df88b1d09f2ea7a4d109a39945c890fe2c9cbfc1,0.6851465106,if6_consensus_when_public_priors_concordant_with_d4
aayl49:0002066:f9f3199d1b62,f9f3199d1b6225825cb629e6359c307c3f47f7870b96f57afab3f1a89344f841,0.4165313542,if6_consensus_when_public_priors_concordant_with_d4
aayl49:0002067:26cf0ac0e33c,26cf0ac0e33c31ed74edc3c67711767517cba5aef21c94ead5fb2160faafcb05,0.2498260289,if6_consensus_when_public_priors_concordant_with_d4
aayl49:0002068:441ecb01b560,441ecb01b5605eed5b1a4fdf6afa8cfc767d1bbd82e522bf5c4522e43a0e4df0,0.4016083181,if6_consensus_when_public_priors_concordant_with_d4
aayl49:0002069:3fb4b6438f3d,3fb4b6438f3d80b508b11ecd8c3f1e567d777b91d4519c82895bdfd7a4b0c805,0.01747467928,if6_consensus_when_public_priors_concordant_with_d4
aayl49:0002070:c9178c933ea9,c9178c933ea91403329f119f22f7766691d1de4755adedee196c1f670fbf3e6a,0.6014845967,if6_consensus_when_public_priors_concordant_with_d4
aayl49:0002071:e2f4cff7f97b,e2f4cff7f97bbf0d7c51eb6473044b7b75eb9726bb8bebe5ba1f8e8279f3a91e,0.6779556274,if6_consensus_when_public_priors_concordant_with_d4
aayl49:0002072:7b9257214fbe,7b9257214fbeefe1b4587ce92a46a2481f34b09ac6b612d05380d7585407020e,0.3701384068,if6_consensus_when_public_priors_concordant_with_d4
aayl49:0002073:5b2cb6d87946,5b2cb6d87946bcf72f9e3c859b8ba187939744b35a5a4c4faed399cd95b93fc8,0.4098816812,if6_consensus_when_public_priors_concordant_with_d4
aayl49:0002074:668270b04f39,668270b04f39eae35b15f726d2b3ead74aeb72503b89961295a051371b8c7f07,0.6933426261,if6_consensus_when_public_priors_concordant_with_d4
aayl49:0002075:6b4d63d3c7ad,6b4d63d3c7adb2b72024c157aee6565066cc2f003d9bf88c8bdec49deaef0f77,0.2810639441,if6_consensus_when_public_priors_concordant_with_d4
aayl49:0002076:2c54380362cb,2c54380362cb66abb4cbd3aea22171b755de87d335fe810ec20b61a22ec7495d,0.6472589374,if6_consensus_when_public_priors_concordant_with_d4
aayl49:0002077:0b81df621629,0b81df6216296dbc8a34a02f8a2b804276f3d2c4397345bbb3b4fcc9a9ec9f47,0.6885486245,if6_consensus_when_public_priors_concordant_with_d4
aayl49:0002078:0ee635b76a4b,0ee635b76a4bd0c5b94275675a1defbc7fb527149c8ae87ebbae40c0874e1dac,0.6802752614,if6_consensus_when_public_priors_concordant_with_d4
aayl49:0002079:523a51b1436b,523a51b1436b30290dfca29d250082f03ed058622ea884d0efa7008117e093a9,0.1543338746,if6_consensus_when_public_priors_concordant_with_d4
aayl49:0002080:abb25b766617,abb25b766617e8f37204e530041046f25233446cefed1520dda36890e95d4d36,0.3832057416,if6_consensus_when_public_priors_concordant_with_d4
aayl49:0002081:8fb4a3baf7ee,8fb4a3baf7ee72d84f3b9f2460d454802ae1f3e20c731b6785cc9c5dfe909303,0.01360859815,if6_consensus_when_public_priors_concordant_with_d4
aayl49:0002082:9213d15595f1,9213d15595f1ea51ebbcc80b5fb287ee6b308e51087cdb28f578d483298658f6,0.06672852486,if6_consensus_when_public_priors_concordant_with_d4
aayl49:0002083:2d971c34937d,2d971c34937d0ca173196d221a35825899b2c28a64fa6b2508df30913bd417b4,0.08598159999,if6_consensus_when_public_priors_concordant_with_d4
aayl49:0002084:793048d28b46,793048d28b4681de96d50104f7287c0843a8596ab18e3b89808950161338dcb6,0.4514033794,if6_consensus_when_public_priors_concordant_with_d4
aayl49:0002085:f468abff221f,f468abff221f362a0158817b3a78e800c3b064f5fc0cce203b6cb97962fff9fd,0.5612000227,if6_consensus_when_public_priors_concordant_with_d4
aayl49:0002086:e2c6d03656a4,e2c6d03656a4a944357e7fdff001dbc69b098b9cd1819034b4b14a08ce8b129a,0.3642619848,if6_consensus_when_public_priors_concordant_with_d4
aayl49:0002087:a55f014a2d2b,a55f014a2d2ba973f3f09f04eb14380805d002f78c3acb192439722bb0e71f04,0.8374700546,if6_consensus_when_public_priors_concordant_with_d4
aayl49:0002088:73cdaa3be0f3,73cdaa3be0f3cfdce3532fd3736a2b272a61e077d2a37e4c9128b2f995350876,0.7001469135,if6_consensus_when_public_priors_concordant_with_d4
aayl49:0002089:c1499df2f3d3,c1499df2f3d34576152edae9d0c1145598d1d6c3e3ce5f07342fd6d018d0c58a,0.9331168532,if6_consensus_when_public_priors_concordant_with_d4
aayl49:0002090:41dc5abd4afa,41dc5abd4afa855c6a832151b46f98e178f6cbcbf5e9385a7a20ad5a1497c0ab,0.786283195,if6_consensus_when_public_priors_concordant_with_d4
aayl49:0002091:9c36e015b019,9c36e015b01993e6b1b0b045346b18d8f06f0a3eb675851212ae8d3fc666bb9b,0.9234516621,if6_consensus_when_public_priors_concordant_with_d4
aayl49:0002092:efcb7ece4502,efcb7ece450233c65cbb8354cad3501d044951fe416dd186c428c04c20b57afc,0.6215108633,if6_consensus_when_public_priors_concordant_with_d4
aayl49:0002093:94f7706f9a23,94f7706f9a23551e42b40f29cecffd81ecee3f84056108e29bfd6ca98004a8e4,0.6273872852,if6_consensus_when_public_priors_concordant_with_d4
aayl49:0002094:d07d76670ab8,d07d76670ab82be1b6ce1380c4dbc13f203489665905a690b3f4ab04a5abac7a,0.2671460807,if6_consensus_when_public_priors_concordant_with_d4
aayl49:0002095:407864118834,4078641188347feeb75fa84caa346bad398bf5bafa4ca587bafe874039a462b7,0.7992731929,if6_consensus_when_public_priors_concordant_with_d4
aayl49:0002096:4a420a5984cf,4a420a5984cf41fdc57898e659a6a4288005693f332009ea0d213ae89ee664de,0.8657696843,if6_consensus_when_public_priors_concordant_with_d4
aayl49:0002097:b080888ae3ee,b080888ae3ee30c8fcad182847a212a3d8f660667f16067d03a3033703eb68a8,0.7747623324,if6_consensus_when_public_priors_concordant_with_d4
aayl49:0002098:8490e4e7dcfe,8490e4e7dcfe1c555255bc03334901bfab53c23ad224f8b065866df05ff63fb6,0.8339905739,if6_consensus_when_public_priors_concordant_with_d4
aayl49:0002099:39a626df627b,39a626df627b1266f87f0caa7524f746cfaece3e9c743b8ab0a1c4e049d495ba,0.6311760545,if6_consensus_when_public_priors_concordant_with_d4
aayl49:0002100:e6d29bfb305c,e6d29bfb305c9c78e564fc6851bb5d93ef3a96bf70998a5253e7b1f01cef78ce,0.7486274838,if6_consensus_when_public_priors_concordant_with_d4
aayl49:0002101:66f43e30e922,66f43e30e922267989e5eecbbc3877ade098d44a12ccd6d66f824a7c417d3c12,0.2737183869,if6_consensus_when_public_priors_concordant_with_d4
aayl49:0002102:613d40d5e1b8,613d40d5e1b83dfabff5c8f21802a64398ed0690fb99c74aec992e02a88157b4,0.3937988281,if6_consensus_when_public_priors_concordant_with_d4
aayl49:0002103:80e43009f24a,80e43009f24a335012503baef709a14d89ab05a391e884cb7d696d5a10076b36,0.7091935277,if6_consensus_when_public_priors_concordant_with_d4
aayl49:0002104:f2b85d9edd41,f2b85d9edd41d788f4a43c03dd26c99c8acfaa7adb1299ddec740fac5ad3621f,0.7186267376,if6_consensus_when_public_priors_concordant_with_d4
aayl49:0002105:5dcca3213e5b,5dcca3213e5b6fda2da1adc3e976a0ef4ba02ec4e479bb5c57578d8d33ba64f4,0.4642387629,if6_consensus_when_public_priors_concordant_with_d4
aayl49:0002106:f45885e5dc2d,f45885e5dc2dd12fe02591b30376a437634d45560cd79099ec13a565c15f0b33,0.849532187,if6_consensus_when_public_priors_concordant_with_d4
aayl49:0002107:5eabed6de681,5eabed6de681c0f9460dfe860e7c93eb3093d15247844b8d2ead903cf9384942,0.08180623502,if6_consensus_when_public_priors_concordant_with_d4
aayl49:0002108:e9b47178feb5,e9b47178feb5397f05436f41618bf77577ef5bc358b341f0d2f675ebcc105937,0.7601484656,if6_consensus_when_public_priors_concordant_with_d4
aayl49:0002109:1a6eb34c7074,1a6eb34c70744f050e19a93e4bb4174d4a482868690498146f18a08d90db8d8b,0.1140493378,if6_consensus_when_public_priors_concordant_with_d4
aayl49:0002110:3d2d1e4fea0e,3d2d1e4fea0ef20fe4d2447a9882a08842451c268827ca4997d266d838b12e03,0.2724812329,if6_consensus_when_public_priors_concordant_with_d4
aayl49:0002111:442cbf0d6c1a,442cbf0d6c1ad975d1358ac6ab2eae6e2e83cf42fd7cf98be77a2a41eb1072bb,0.4389545918,if6_consensus_when_public_priors_concordant_with_d4
aayl49:0002112:77c776e41ea3,77c776e41ea304f2450b725d438ffb00be3af51efe277d7a963432974465cbc2,0.6068971157,if6_consensus_when_public_priors_concordant_with_d4
aayl49:0002113:fd73c27880b5,fd73c27880b5bf0ecf71b4c3e136f28748535ca5c91456a565047a59bc3adbdd,0.9304878712,if6_consensus_when_public_priors_concordant_with_d4
aayl49:0002114:1f32603574dd,1f32603574dd60fb3587bf0c16c9afe7644a2613deaff3579c29feb7627941f0,0.883630991,if6_consensus_when_public_priors_concordant_with_d4
aayl49:0002115:9af601557e8a,9af601557e8aebe76b3f9d4e64b74834847c72a40ebb77eb98a0496d2d10039f,0.8387845159,if6_consensus_when_public_priors_concordant_with_d4
aayl49:0002116:754da9458d69,754da9458d6909f1239a6a0d772d49d86b21da6ad4f33940aae995ab5793070e,0.8595840335,if6_consensus_when_public_priors_concordant_with_d4
aayl49:0002117:4d12f26e1924,4d12f26e1924df4b1685c4cb9461173b5c1e3b3b7432db946a7ff2a3393e2f56,0.334338516,if6_consensus_when_public_priors_concordant_with_d4
aayl49:0002118:8ebb70d9c1ce,8ebb70d9c1cee73a4bae79b3f83367de8fff9dfd771896f567931140a078cb74,0.3764787614,if6_consensus_when_public_priors_concordant_with_d4
aayl49:0002119:5494553b1ce0,5494553b1ce01020c76b24f391d69b0fdd6e0623ee115868b6bbac593ed7e631,0.4899868667,if6_consensus_when_public_priors_concordant_with_d4
aayl49:0002120:eb8391eb403b,eb8391eb403b049eb9d47ed497e4eca89b717195e0c4921760b2f829af178d83,0.3920204341,if6_consensus_when_public_priors_concordant_with_d4
aayl49:0002121:a00e9f6bef2c,a00e9f6bef2c5135691b3a73a408acc368e4acb6b67cd34c4ef0666a5dc94936,0.5431067944,if6_consensus_when_public_priors_concordant_with_d4
aayl49:0002122:2b4f0be91ea5,2b4f0be91ea550a2f2fa1be708c6568875f090a03101c4b959041847a013017c,0.7570555806,if6_consensus_when_public_priors_concordant_with_d4
aayl49:0002123:a7b2d8a74ecf,a7b2d8a74ecf39b7bea8d6359498fc034c0d3389298fbe448d84171342c4ea15,0.4676409662,if6_consensus_when_public_priors_concordant_with_d4
aayl49:0002124:abf89597da6c,abf89597da6cd5b9b1583037546d327cb75d94b77e9645aedd354d2afe54150a,0.8066186905,if6_consensus_when_public_priors_concordant_with_d4
aayl49:0002125:500065f8a3ab,500065f8a3abb4f58dee7914db446151a756e92c3572c7e1c37f2a2faf3104ac,0.2744143009,if6_consensus_when_public_priors_concordant_with_d4
aayl49:0002126:6f09d32b36c8,6f09d32b36c859754fdc5bac14e38e8e2228322423cc993c01b453849b3bb91f,0.4606046677,if6_consensus_when_public_priors_concordant_with_d4
aayl49:0002127:e7d6e3a68ae9,e7d6e3a68ae9709a1c0f85ce35dfd297b2efc0d7daebc07826a5e2ff39579b9e,0.2171963304,if6_consensus_when_public_priors_concordant_with_d4
aayl49:0002128:9b76102fa63d,9b76102fa63d5bff0bf59f0cdfbee8765036db85fc1f7ad01867a4a5ca548506,0.09270856529,if6_consensus_when_public_priors_concordant_with_d4
aayl49:0002129:1584f1b097c1,1584f1b097c1c18b1f758f967ea2d31783db9471c3dcac6743b82966bf58e018,0.1109564677,if6_consensus_when_public_priors_concordant_with_d4
aayl49:0002130:96d5c14fe854,96d5c14fe854e9e6d5ec7bbb1958557f775ef69484f3049b77a2460a40de3772,0.5048325658,if6_consensus_when_public_priors_concordant_with_d4
aayl49:0002131:4918be26f88c,4918be26f88c79e0b49e20ae6266c2f50c99b0dbdce6d7a747f29943a82f0cf7,0.08520837873,if6_consensus_when_public_priors_concordant_with_d4
aayl49:0002132:b18034fece8d,b18034fece8d42c37174821945d96b70585861e88c8cd928ce18cffd5dcef6a6,0.2861671746,if6_consensus_when_public_priors_concordant_with_d4
aayl49:0002133:5e1efe59c9ac,5e1efe59c9ac6980837c66c909a2dfafab430665a798deccdabf588e23cf39fb,0.1933039427,if6_consensus_when_public_priors_concordant_with_d4
aayl49:0002134:42e5d76fea27,42e5d76fea271ac00ab041f381f73ecf4310730f159f877863d821cca05a1662,0.8755123019,if6_consensus_when_public_priors_concordant_with_d4
aayl49:0002135:43f722cf00eb,43f722cf00eb2ec59d1f07ce65ba33129846507ba0af1aedeb1cd32a79314b12,0.6571561694,if6_consensus_when_public_priors_concordant_with_d4
aayl49:0002136:15c244f63e49,15c244f63e49b3be3d3a07f2cadabafe27200af378acea6547a460d80973d745,0.9853861928,if6_consensus_when_public_priors_concordant_with_d4
aayl49:0002137:630102ca438d,630102ca438df768a39137dbe656f936ed2c46b2fed6f5cc5595d8797b8656dd,0.8121858239,if6_consensus_when_public_priors_concordant_with_d4
aayl49:0002138:7e5d7b144109,7e5d7b1441092058a9c2d778f3cf20fae56bf14fedfbf26dbe74650a37bbbbf2,0.7623907924,if6_consensus_when_public_priors_concordant_with_d4
aayl49:0002139:7c4440409aa4,7c4440409aa4157b368dc72e0e21dd4bae0398424676e6e612d30aca5e55c031,0.9088378549,if6_consensus_when_public_priors_concordant_with_d4
aayl49:0002140:a364a85936c4,a364a85936c4ba23d616932e432c1f0e601a1a77268e384a7b709b1d0457cc5e,0.8305110931,if6_consensus_when_public_priors_concordant_with_d4
aayl49:0002141:07d5d308c7c4,07d5d308c7c40e933a00d80980a0a613a0ae3ddf2332ac8097f93ad4670b5afb,0.5973091722,if6_consensus_when_public_priors_concordant_with_d4
aayl49:0002142:230b4ec3b44e,230b4ec3b44ea0884484860e7db1f10a3c81b1467858420595dddd655b0c26c3,0.8432691097,if6_consensus_when_public_priors_concordant_with_d4
aayl49:0002143:9d6dc1679e2f,9d6dc1679e2f315174b841eb1ca387622ecc71d0662791264604c2a90c7ea61a,0.5405551791,if6_consensus_when_public_priors_concordant_with_d4
aayl49:0002144:3dd0f540a079,3dd0f540a079ba11feab20cfdddb90aef7eaa11e66ffdfabab6744cf74a327c5,0.828732729,if6_consensus_when_public_priors_concordant_with_d4
aayl49:0002145:bee8f25a1460,bee8f25a1460579ee7912954e9a3cd17e68ca8089edde463d6e5b77aaae9667a,0.8949200511,if6_consensus_when_public_priors_concordant_with_d4
aayl49:0002146:0e350887a294,0e350887a29446e826e5882bda2804587df40904e6e8dfdcb88abc741b5bc820,0.9522152543,if6_consensus_when_public_priors_concordant_with_d4
aayl49:0002147:dc249f0de290,dc249f0de290dcc60a863701d27ed963b5d5d0b6f2314193c7b69b03b77f1b1c,0.1680970937,if6_consensus_when_public_priors_concordant_with_d4
aayl49:0002148:e166a243ed1e,e166a243ed1e259567e39e6e15b5842e551a074f1f7f15fed1245bd02810a92e,0.6529034376,if6_consensus_when_public_priors_concordant_with_d4
aayl49:0002149:150cf2c0ab9e,150cf2c0ab9ec366abc48a3ff68dc69a4acfc84695c0c5f485c84580a850d8de,0.4728988111,if6_consensus_when_public_priors_concordant_with_d4
aayl49:0002150:8ff4a65a5e50,8ff4a65a5e50fd1912b38c362d8499bfffb46a026247e3f864d790b0f643b908,0.6864609718,if6_consensus_when_public_priors_concordant_with_d4
aayl49:0002151:2ee1bad04335,2ee1bad04335619cad5b5d01937003d417469b9c81481f18cbd6fe7c8ba82359,0.6283151507,if6_consensus_when_public_priors_concordant_with_d4
aayl49:0002152:fbe4edfb807b,fbe4edfb807b67594e532a361971aa6c5c205c4293fcd7216577923cd17236bd,0.7535760999,if6_consensus_when_public_priors_concordant_with_d4
aayl49:0002153:0f306a4b50c5,0f306a4b50c528e290dfc09c27a0ae42c33b4a7c17198549285e7d7a95f15d62,0.73026371,if6_consensus_when_public_priors_concordant_with_d4
aayl49:0002154:908bbcb334d8,908bbcb334d8bf5c1285ae5eb4961c770a73a5d5ba5d1188e5ae15abfbde6aba,0.3087450862,if6_consensus_when_public_priors_concordant_with_d4
aayl49:0002155:ead40f6b4248,ead40f6b424822f0af6b3de5b42c42b756a20ebf2fa767ee8b6a7b333d126223,0.2015773654,if6_consensus_when_public_priors_concordant_with_d4
aayl49:0002156:c133b7684894,c133b7684894169a24dbf984004ac0c67f47139a8cf01f06c4771b9ad6f09050,0.1869635731,if6_consensus_when_public_priors_concordant_with_d4
aayl49:0002157:967c457c68c3,967c457c68c3593549be9c07c32fad3eadad0205727178efc3b5b260341b2f21,0.3473285139,if6_consensus_when_public_priors_concordant_with_d4
aayl49:0002158:c043a6f9f32c,c043a6f9f32c8c8f1c3b0c183bbf177895669ffb9793f7f7bbfa5ad75263f6f4,0.4314544201,if6_consensus_when_public_priors_concordant_with_d4
aayl49:0002159:14b2603a484f,14b2603a484f5cda8f6832d2bfbde80b464a7b1ca48f951a74501e2ff3b996ae,0.6910229325,if6_consensus_when_public_priors_concordant_with_d4
aayl49:0002160:2e93307e5c8c,2e93307e5c8c8da051f2659f5f1fa1ff8cf2730d04faef7710de59e7d97f9ee9,0.4019175768,if6_consensus_when_public_priors_concordant_with_d4
aayl49:0002161:2105004f7886,2105004f788695fbd4e704a6db1a3197db96b103be7bba4cd2026676c1f57a36,0.6883167624,if6_consensus_when_public_priors_concordant_with_d4
aayl49:0002162:195b991d9888,195b991d9888ae51e1e354d00256be6d28667f2faabb7aaae744e55e8862bbe7,0.7609990239,if6_consensus_when_public_priors_concordant_with_d4
aayl49:0002163:6f77dc403ee9,6f77dc403ee9d4b55e3d102e634f8d20de69214086cf17a126aec811eb3b6b5d,0.4884404242,if6_consensus_when_public_priors_concordant_with_d4
aayl49:0002164:ae6457f3213d,ae6457f3213d17d2f23a00eb6ac42591a569c9a967101bb7971379e340b1b1df,0.8608211875,if6_consensus_when_public_priors_concordant_with_d4
aayl49:0002165:d3a6473bfd53,d3a6473bfd53e42004eb281392c37e01bed3e0f045f247a5a9856ad75f377410,0.7099667192,if6_consensus_when_public_priors_concordant_with_d4
aayl49:0002166:c58ee538c3f8,c58ee538c3f8a522d9fd7706d711ca710b362a1c5be28446b91acf2b23f697a6,0.8131136894,if6_consensus_when_public_priors_concordant_with_d4
aayl49:0002167:f531467f24b3,f531467f24b3d3da57ddebf7320e3668497e8842f0bcca615641aa7a1f65cdb0,0.6671306491,if6_consensus_when_public_priors_concordant_with_d4
aayl49:0002168:bccd8d23a609,bccd8d23a609c9661e85ecf916519ce36fb43655a22a8d3f632bba2a51f2e976,0.632258594,if6_consensus_when_public_priors_concordant_with_d4
aayl49:0002169:f8dd6f24874f,f8dd6f24874f54dae7504ac18ef638990c23037842a023a8f2c1b0e58f871d6b,0.5539318323,if6_consensus_when_public_priors_concordant_with_d4
aayl49:0002170:70819b44acec,70819b44aceca6e96c2c80336a920c9b817c47c453aa3621db3a860544174b3e,0.1553390473,if6_consensus_when_public_priors_concordant_with_d4
aayl49:0002171:77134cdc79e8,77134cdc79e82a1cf8c2ff210c184e15407a81e7513a21dcddce1b5b4dd7c48e,0.5113276243,if6_consensus_when_public_priors_concordant_with_d4
aayl49:0002172:072e6af015af,072e6af015af12b06e8702c1c581158e6c6389ac7454e808a2d42a274d39e870,0.410925597,if6_consensus_when_public_priors_concordant_with_d4
aayl49:0002173:d37799bcdba8,d37799bcdba8ff73a8fd0b0e3223b41045a01e432b6d2f39ce31b06b40dd6fa4,0.3395190537,if6_consensus_when_public_priors_concordant_with_d4
aayl49:0002174:b08358e5cb6a,b08358e5cb6a49e05839d700b3b71bd96d1be5815550a1888460efed84474185,0.2932807505,if6_consensus_when_public_priors_concordant_with_d4
aayl49:0002175:5759c96eba3d,5759c96eba3d9e9eec2a854af33e97652a07893cdadde8537ea55463ad26be21,0.2406247705,if6_consensus_when_public_priors_concordant_with_d4
aayl49:0002176:bc76c8ee8b96,bc76c8ee8b96b413b02b926b7e2c680e1ca85f200a9df1189f0357fdf7c061cc,0.4863527715,if6_consensus_when_public_priors_concordant_with_d4
aayl49:0002177:a38cf7fa654d,a38cf7fa654d1dfb571dd8bf76a672c65dfb971e1e8ae783335abf928552821c,0.8376247287,if6_consensus_when_public_priors_concordant_with_d4
aayl49:0002178:ff961d0e6947,ff961d0e6947227ad07fbd98692913f1d9baf286271f447ba69b5d946119d999,0.4868166745,if6_consensus_when_public_priors_concordant_with_d4
aayl49:0002179:9187ecc9db0f,9187ecc9db0faa5c8aa6e15bdf60ff2f958003264a51bfabb09a42971122430b,0.5342921019,if6_consensus_when_public_priors_concordant_with_d4
aayl49:0002180:3450ea97c8ce,3450ea97c8ce3af36f69bf082f99eca21176ed7cac3d3920cd362c5920492e07,0.5861749053,if6_consensus_when_public_priors_concordant_with_d4
aayl49:0002181:f1415951cdd4,f1415951cdd439d2b8429a7cfb86ff4b8b652f5dbc7b177ededd93b4cecefaab,0.4838011265,if6_consensus_when_public_priors_concordant_with_d4
aayl49:0002182:9447a06ee188,9447a06ee188edcff13c3a08d5327ed513b2b978e7a36225ddbb2c70de5055cd,0.5991649032,if6_consensus_when_public_priors_concordant_with_d4
aayl49:0002183:ab41ebf7184a,ab41ebf7184a935c2c544b920899194158caaaf5feed778c59e36c72d8ea4e77,0.5526946187,if6_consensus_when_public_priors_concordant_with_d4
aayl49:0002184:7e93aed4c93f,7e93aed4c93f3af790007785203270a3f8eec8670a09922c12f85227778feae6,0.6842959523,if6_consensus_when_public_priors_concordant_with_d4
aayl49:0002185:edd53289c9d5,edd53289c9d50abfbf661cfbe184c04a12861489aa85bbc0715415eaec846504,0.4765329063,if6_consensus_when_public_priors_concordant_with_d4
aayl49:0002186:05031646b0b1,05031646b0b17ae742d2595ce952452ec3090952d5a6bfe9d697819c795c8762,0.7643238902,if6_consensus_when_public_priors_concordant_with_d4
aayl49:0002187:e19f17ba82fc,e19f17ba82fcce0b980239df9a5f7ea495d10f9d07969ffc4ef9af2a7268b0bd,0.8032166362,if6_consensus_when_public_priors_concordant_with_d4
aayl49:0002188:17162eb73763,17162eb73763e5e0cc386b4ae9140c8126ebb3894d927a2a5575144ed034db4b,0.5139565468,if6_consensus_when_public_priors_concordant_with_d4
aayl49:0002189:64d82ece88de,64d82ece88de9265ecc6d5306ebd638bc5f1618ac428af696c1d3b50440646af,0.1088687852,if6_consensus_when_public_priors_concordant_with_d4
aayl49:0002190:467dbe0f4907,467dbe0f4907dd428251fd2cf58d67ae1e07b383588718bdee3cbca9c257ded5,0.1487667114,if6_consensus_when_public_priors_concordant_with_d4
aayl49:0002191:661b6919bfc0,661b6919bfc03f9a77323619dfe29830f5a0b2981058d15a4c0c56d120d03112,0.8445062637,if6_consensus_when_public_priors_concordant_with_d4
aayl49:0002192:c61e8e97f9c9,c61e8e97f9c964fdc7e60ae8fd28895492979ff6ba91e99a7dae5cb6bcf0a4e4,0.7480862737,if6_consensus_when_public_priors_concordant_with_d4
aayl49:0002193:5069e39aa420,5069e39aa420f158231da12d504812b07b0f8d12cffb8fdecf4077fda6355549,0.2869403958,if6_consensus_when_public_priors_concordant_with_d4
aayl49:0002194:ba9705ed0612,ba9705ed061258473f6518a966d324663583d3281eccadaae2117dc906210bd6,0.5294208527,if6_consensus_when_public_priors_concordant_with_d4
aayl49:0002195:c8440118d7e7,c8440118d7e788177842dd850a23939efcd451180d3882db8e9447530230fae8,0.4757596552,if6_consensus_when_public_priors_concordant_with_d4
aayl49:0002196:53469e7d8857,53469e7d885723aa06a4439b76ea6a636db3de09f7f659ad3a5503f721f57ccc,0.5847831368,if6_consensus_when_public_priors_concordant_with_d4
aayl49:0002197:46128ea23c3f,46128ea23c3fc17f73867313c54b00b2b461539c27ae2c7f5ccb608178094a86,0.8483723998,if6_consensus_when_public_priors_concordant_with_d4
aayl49:0002198:fd9f1adc1006,fd9f1adc10064a116e123051c3d79c09c6d9d94189ccfe8a39f06a7bbf6ec985,0.7902265191,if6_consensus_when_public_priors_concordant_with_d4
aayl49:0002199:619f686b6ddb,619f686b6ddb3c4fc5a0da8398e5d9eb8658f72c76a8cff4ff208c216e682c52,0.3426119387,if6_consensus_when_public_priors_concordant_with_d4
aayl49:0002200:ebf134defe43,ebf134defe43241f37306452afe911ee66176117844270314a9a60bf9e4a6896,0.4622283876,if6_consensus_when_public_priors_concordant_with_d4
aayl49:0002201:8d371f3488a8,8d371f3488a87f71a50ae36a42d39139f0d7cc7d250370064a4840c8533365d0,0.7611536384,if6_consensus_when_public_priors_concordant_with_d4
aayl49:0002202:9987c1be9487,9987c1be9487918919669f1818dbf6986f8925834cd894f1306dbd5f0bb2d001,0.7699683309,if6_consensus_when_public_priors_concordant_with_d4
aayl49:0002203:b329b76dd6ad,b329b76dd6adbfa4de604d969830566bed635be45fc0c91f67a13d3d5606bbeb,0.9244568348,if6_consensus_when_public_priors_concordant_with_d4
aayl49:0002204:6fa51c41eb95,6fa51c41eb9554bcf148973f17f3623ec0622aae20a993e0f8da927df806d861,0.8252532482,if6_consensus_when_public_priors_concordant_with_d4
aayl49:0002205:43d6ecc41cbc,43d6ecc41cbcf4169385351787478f999b178f0c677abf6695a4827760bd96f6,0.3116059601,if6_consensus_when_public_priors_concordant_with_d4
aayl49:0002206:a15b32c0ea97,a15b32c0ea971343384353e1d3ac65e2d6b1ccdced3b99b99853204bf49b637d,0.5889585018,if6_consensus_when_public_priors_concordant_with_d4
aayl49:0002207:c825308a945f,c825308a945f1dde4ad2ab0336cb5e67aef1ea132da11f3a983760f5707bd686,0.2679192722,if6_consensus_when_public_priors_concordant_with_d4
aayl49:0002208:8534755939dd,8534755939dd3ccd64c193a01f13fe63484a75b04a8faafd0315ced87607fbd2,0.2329699248,if6_consensus_when_public_priors_concordant_with_d4
aayl49:0002209:2dafb2ba23a8,2dafb2ba23a890f3754b31a49c3ec3f8dcdd0015c56cbc7a24cb88531454ddce,0.5172813535,if6_consensus_when_public_priors_concordant_with_d4
aayl49:0002210:4e7215988e4c,4e7215988e4ca9f3101141661466affc2c657479cbf3c793975d14052c8188ed,0.1193845198,if6_consensus_when_public_priors_concordant_with_d4
aayl49:0002211:f333aaef15ae,f333aaef15ae6efc392da0ca2471f400cb83d980a731d67b2f7a513276638709,0.04492384195,if6_consensus_when_public_priors_concordant_with_d4
aayl49:0002212:905f51abddee,905f51abddeef3c73cd8e4155e966cb476030cc4f3ba315c84437aa352835ad9,0.196551457,if6_consensus_when_public_priors_concordant_with_d4
aayl49:0002213:19ee6c432c8f,19ee6c432c8faf592b2eed1f888fd2d4ba2ebb1a4293e4865666d7313c7b5695,0.596922636,if6_consensus_when_public_priors_concordant_with_d4
aayl49:0002214:441d19a17fda,441d19a17fda548544f65e6dda9ad92203c0e0dac66f82d009a4ea8087ca8d3b,0.4408876598,if6_consensus_when_public_priors_concordant_with_d4
aayl49:0002215:520bf74ac4db,520bf74ac4dbfbb06628a5c4ee73c476d823f933c97eaa79362081e5747b8a1b,0.5800665021,if6_consensus_when_public_priors_concordant_with_d4
aayl49:0002216:d82d9f4b2be5,d82d9f4b2be5f9aa029e8602a918ea11e03c876d40724a858e955574bda93c6a,0.4057836533,if6_consensus_when_public_priors_concordant_with_d4
aayl49:0002217:5937aa48b806,5937aa48b806bf078babe60abbd615f3467c52393dd913be6512152c99c5f4b9,0.3185648918,if6_consensus_when_public_priors_concordant_with_d4
aayl49:0002218:afb18298e043,afb18298e04397d1b91eaf6e619bc8cebd536b6eac3a66008a923cfe57166299,0.2054434568,if6_consensus_when_public_priors_concordant_with_d4
aayl49:0002219:beacc9273412,beacc927341238aeec2ddda9b1e579fea0f48208483b2c1a5f82d83fe8d8e779,0.5857883096,if6_consensus_when_public_priors_concordant_with_d4
aayl49:0002220:945a44f168dd,945a44f168ddbb687f399bcae920ccb02b0c5c9cafef8fc4984cf95a0d75c4e6,0.4834918678,if6_consensus_when_public_priors_concordant_with_d4
aayl49:0002221:a13f6ae561d8,a13f6ae561d8d8e9602de12f76360bc28ce3c33e469a167a6f76f1bee6240824,0.1515503079,if6_consensus_when_public_priors_concordant_with_d4
aayl49:0002222:6e33f5ea1017,6e33f5ea1017d456d9398e96b2ce62fd6e9dec391059cebe2322b9d1de23ca01,0.1797726899,if6_consensus_when_public_priors_concordant_with_d4
aayl49:0002223:83ab4116a945,83ab4116a945759dd2765647e6e9a544e9059dd4dc9c824dd4b777c4b85fcac9,0.197633937,if6_consensus_when_public_priors_concordant_with_d4
aayl49:0002224:6bc91b9d4f27,6bc91b9d4f27283e59ead17e1625aba94bdd616a28082f4323bb94ea7256be19,0.3435397446,if6_consensus_when_public_priors_concordant_with_d4
aayl49:0002225:a33af3f16543,a33af3f16543559d8f7c66c41a9b77870f6413114baa3c85ef9ff2d60ac5e09d,0.7905358672,if6_consensus_when_public_priors_concordant_with_d4
aayl49:0002226:c446dfcb45ef,c446dfcb45effc03d846e1c466d1ac155253fd1026cf079df538b9c67a126086,0.7630093098,if6_consensus_when_public_priors_concordant_with_d4
aayl49:0002227:5a9f8278b43e,5a9f8278b43e502d9384906bae4f61741ea0e65086b6dfd647d58b6823cec25f,0.4536457062,if6_consensus_when_public_priors_concordant_with_d4
aayl49:0002228:7ba8e565c96d,7ba8e565c96df4ce337e19b8be691eb8b459a8ede5d8d8f64f982a6479294e6f,0.7893760204,if6_consensus_when_public_priors_concordant_with_d4
aayl49:0002229:47ab85dfb0f6,47ab85dfb0f6666fa71e23883015d8b02197e7b8fd879d25bc120e5ff3362082,0.5638289452,if6_consensus_when_public_priors_concordant_with_d4
aayl49:0002230:1fb0cba252c5,1fb0cba252c5c2325c1ff0b929c612d5ab3e8e678ceb864d0676cf9eb3f93f1f,0.5497564673,if6_consensus_when_public_priors_concordant_with_d4
aayl49:0002231:2f9929d772d0,2f9929d772d015ed8dd454255543f8ee13a690485ceb90b43f97fc1031b29396,0.7408180237,if6_consensus_when_public_priors_concordant_with_d4
aayl49:0002232:40ca2922f104,40ca2922f104bddcd4b285dd0f2f6a3d2cea97417a14cf89d7a6721055c72ed5,0.111420393,if6_consensus_when_public_priors_concordant_with_d4
aayl49:0002233:d6dbc8e6338c,d6dbc8e6338cba88059acc05f4599dc5a4589415cc48241e2638ef10623fac85,0.2213716954,if6_consensus_when_public_priors_concordant_with_d4
aayl49:0002234:dda7e9711390,dda7e9711390ec081ba6b6ad7fd3af44d6eb5284617a6e319fabc12aefa380c1,0.3136163354,if6_consensus_when_public_priors_concordant_with_d4
aayl49:0002235:b06a4d6fa2a6,b06a4d6fa2a6b88064b414df16c57a9f7c27b889a86dd5b498169efa5e6264ce,0.4013763368,if6_consensus_when_public_priors_concordant_with_d4
aayl49:0002236:edb671928d70,edb671928d702ee0a6f4dfd98f63fa7dfefcf6578da31a9fe5e1b50517f5d190,0.2035104036,if6_consensus_when_public_priors_concordant_with_d4
aayl49:0002237:e200eafda99a,e200eafda99a43a6707c4580987632fb45fef48f9febc4a147a82edc2afc3405,0.713755548,if6_consensus_when_public_priors_concordant_with_d4
aayl49:0002238:a310bdbfc444,a310bdbfc44450b17aad89e1953c3f6c7e3ea3a142cbe9e8df4d49ce5e0841cb,0.1440501064,if6_consensus_when_public_priors_concordant_with_d4
aayl49:0002239:548e45b21ec3,548e45b21ec32e58960ef0063fb7a5023d92d302bd3a2dcb8ec879f519922a20,0.1813191175,if6_consensus_when_public_priors_concordant_with_d4
aayl49:0002240:6a839d0fab09,6a839d0fab09ab5e95bf133775dd540d49959f6647cc82bcae3dbfc3967aae1c,0.04933116958,if6_consensus_when_public_priors_concordant_with_d4
aayl49:0002241:ba7a77e66df5,ba7a77e66df5e959adad267800e762d4b43a1b5f8680cad3f470a7f822e773d7,0.06139333546,if6_consensus_when_public_priors_concordant_with_d4
aayl49:0002242:ba043675d2d7,ba043675d2d78b3bf14e37f6c3606ae23e0b4d03db3addd9de8e09c42931a9e3,0.06046547368,if6_consensus_when_public_priors_concordant_with_d4
aayl49:0002243:5ec4c4c23e85,5ec4c4c23e85d4bd7075850e09d2c1dbc251bb0b2ba6e1c8ca9076c63a0292e5,0.1668599844,if6_consensus_when_public_priors_concordant_with_d4
aayl49:0002244:e2ad9a0f6d85,e2ad9a0f6d85d49f3dba0782adfca55524dade2c556e27c493a0225e02986cfd,0.09170339257,if6_consensus_when_public_priors_concordant_with_d4
aayl49:0002245:7df69ee18a05,7df69ee18a05b9dd9c3c143e8d02d2f0606aff910c2ac6f37c0239739dba4cbc,0.07453799993,if6_consensus_when_public_priors_concordant_with_d4
aayl49:0002246:e51174e19c5c,e51174e19c5cb49ea216b445736fb2205c2976dbe610636694c0510f9d573b27,0.2963736355,if6_consensus_when_public_priors_concordant_with_d4
aayl49:0002247:c1bdc17c9fd9,c1bdc17c9fd9e57b236f2a904e4a87d5ff14b649c7938226a793248d0ffd5cc2,0.8411042094,if6_consensus_when_public_priors_concordant_with_d4
aayl49:0002248:088e9383650c,088e9383650cf5b1966ef2fb0a879629e3642f543e02785ce37e6ea6fac7aeb2,0.5693960786,if6_consensus_when_public_priors_concordant_with_d4
aayl49:0002249:ce3ccb62cd9e,ce3ccb62cd9ef5ac83da5ccbfaf633c921bbfaf580333a57c551adb44bacd715,0.7187040448,if6_consensus_when_public_priors_concordant_with_d4
aayl49:0002250:9ea0ab3b80ae,9ea0ab3b80aec0df832713bb813c34ac22fa49163806114d0099c94dfb3498b8,0.517126739,if6_consensus_when_public_priors_concordant_with_d4
aayl49:0002251:c90da7750955,c90da77509551a25224513c0bce16fde95b884eb827e8424ec551e0040a7fe8d,0.5284929872,if6_consensus_when_public_priors_concordant_with_d4
aayl49:0002252:315cf49d209c,315cf49d209cbf3ef9c149757fe45208663d961184defc296d1766e59639d7e2,0.1899018139,if6_consensus_when_public_priors_concordant_with_d4
aayl49:0002253:e3990d1349c2,e3990d1349c283eb106240b1438c0a206920f3789e05d9529ea1d932a52766a6,0.6261501908,if6_consensus_when_public_priors_concordant_with_d4
aayl49:0002254:0d3887a16597,0d3887a16597123b417906e69465df9ea304ed92017fa70fd01d29c81dc29839,0.7244258523,if6_consensus_when_public_priors_concordant_with_d4
aayl49:0002255:34a7ab8ba7f8,34a7ab8ba7f89b70e91e20356bec6224d51d4a3ad126e64cf15d38f9632eded2,0.5650660992,if6_consensus_when_public_priors_concordant_with_d4
aayl49:0002256:df7cbdeb40d2,df7cbdeb40d2b4a6ed38c091e0653617201ba14419a2015bb6b91cad4acb6bd9,0.4844197035,if6_consensus_when_public_priors_concordant_with_d4
aayl49:0002257:3a92f6fba681,3a92f6fba68171aa0c382f40ee91dc3ed3a6e6cd1cf6412312ebb6ce5bd1d043,0.5425655246,if6_consensus_when_public_priors_concordant_with_d4
aayl49:0002258:15ba106b5aab,15ba106b5aabdf2b3cd7dea02ffba297c90922a7d4e0b2c0eb0afb376dacde0f,0.297224164,if6_consensus_when_public_priors_concordant_with_d4
aayl49:0002259:3da3df3642ff,3da3df3642ffaab5afe2214caabd97cf6c4877d08938959e37a57c4b5479745b,0.7229568362,if6_consensus_when_public_priors_concordant_with_d4
aayl49:0002260:0f19493434f7,0f19493434f7735ce9f5094f3a767845c6bc84a75c5288edb03a199a586a0be4,0.780870676,if6_consensus_when_public_priors_concordant_with_d4
aayl49:0002261:03afb33af709,03afb33af7092903d0611f64316cfc70270dfe34240ad0e17b0f33c8603fd0f8,0.7128276825,if6_consensus_when_public_priors_concordant_with_d4
aayl49:0002262:1fc4014744ce,1fc4014744ce06074f9d4dfd0b06457d3fb926cb79b9607c40b1c5f33e3da4e1,0.4088765383,if6_consensus_when_public_priors_concordant_with_d4
aayl49:0002263:77ecedfa3935,77ecedfa3935f18b54953d80d66237beae5a5d734a131f5570c4b2ca7bff02b1,0.4541096687,if6_consensus_when_public_priors_concordant_with_d4
aayl49:0002264:bd2237d7a11f,bd2237d7a11f0cab83975aaa4805f1f92823234bc0fdbdece5edae060d50a791,0.4722802341,if6_consensus_when_public_priors_concordant_with_d4
aayl49:0002265:72e4da3731fa,72e4da3731fa87ea95f54e0268254485ef60c4d602d8e8ee0d9703694c84c24b,0.4559267461,if6_consensus_when_public_priors_concordant_with_d4
aayl49:0002266:e40db34e1b2a,e40db34e1b2a0352539c742155cb9fd4b29b47c2122f75cdc7b96222109e3120,0.6376710534,if6_consensus_when_public_priors_concordant_with_d4
aayl49:0002267:86b7d842b97e,86b7d842b97ec61d6d9e362932c9deb3f8cd8af8d62ef84f4ee51ba93f3547cb,0.2985386252,if6_consensus_when_public_priors_concordant_with_d4
aayl49:0002268:d5f7442e9c51,d5f7442e9c51b19303317d534d19d0986ab0e1f394e8b2164f89b2c6bc2f5557,0.7180855274,if6_consensus_when_public_priors_concordant_with_d4
aayl49:0002269:ae2521004ae4,ae2521004ae48501b01b781185ffd88884a3804ddca9a1c19eae21ce6835ec42,0.1309054345,if6_consensus_when_public_priors_concordant_with_d4
aayl49:0002270:fae48de1aa7e,fae48de1aa7e6e9dedfb44d9699da172b544d35d7726ce649d28c922994db170,0.06255315989,if6_consensus_when_public_priors_concordant_with_d4
aayl49:0002271:72ecf407d743,72ecf407d74321b2180ece9c4956c1de32c3da0e23a132f8c4ea00c408301603,0.1053893194,if6_consensus_when_public_priors_concordant_with_d4
aayl49:0002272:bb44407bb908,bb44407bb9088d117229b5ffa6a4bcdd770a7cd8100e56e90f70a790711ec13d,0.07229568064,if6_consensus_when_public_priors_concordant_with_d4
aayl49:0002273:54eeddf3e3bb,54eeddf3e3bbf756d8762ae8b66160fd6c4bc16608ded0b31bad07872a19f228,0.05698600411,if6_consensus_when_public_priors_concordant_with_d4
aayl49:0002274:73a11d7fe615,73a11d7fe615e13218e7d1e814bbf5e69bdf7190dea2d70d882056f1e579c4ea,0.5241630077,if6_consensus_when_public_priors_concordant_with_d4
aayl49:0002275:a671cde2a0ee,a671cde2a0eec8a29753e71fd6bdb18bad6e2c1e4fe8c20035681c23ba00dde7,0.5540864468,if6_consensus_when_public_priors_concordant_with_d4
aayl49:0002276:da17dff83816,da17dff838160cd1365327f12a33358b9a6cf1bf06900241cff5fcd737813af0,0.1374777704,if6_consensus_when_public_priors_concordant_with_d4
aayl49:0002277:b80ba2d7c82a,b80ba2d7c82ad441f5a8f0c18116b9687b3b45e386dc9b95af247954c7f57eae,0.6253769398,if6_consensus_when_public_priors_concordant_with_d4
aayl49:0002278:6c0c87db311f,6c0c87db311f0b42768af8f0a3ac686dda977c71e98ecec16db290ad5c50ee00,0.1967061013,if6_consensus_when_public_priors_concordant_with_d4
aayl49:0002279:c2d1cb5b86da,c2d1cb5b86dabeb3a383b0f0dd3d65d0fb9b6fd8421c81554425cc32492594cb,0.3740818202,if6_consensus_when_public_priors_concordant_with_d4
aayl49:0002280:150cf7f550cd,150cf7f550cd9976c84332a76a3492945c083850cd690af8e6830d950c80b35c,0.2434083223,if6_consensus_when_public_priors_concordant_with_d4
aayl49:0002281:159f09213081,159f092130810e86c947d6fbe487d16f3e525644e08a850f7755b8d64f20c9a3,0.6281605363,if6_consensus_when_public_priors_concordant_with_d4
aayl49:0002282:36fc5f944653,36fc5f944653bc833131b061c8cf11d17c989c574a4c0f8f85b8d40cf35a8a9f,0.4957859516,if6_consensus_when_public_priors_concordant_with_d4
aayl49:0002283:03d551a8b1c7,03d551a8b1c73fb3ee94893cee656f6deba84cd7d4a33c592b0289fcda7bfc21,0.01206216682,if6_consensus_when_public_priors_concordant_with_d4
aayl49:0002284:a02c1e1b9d41,a02c1e1b9d4150fe7a10da8eb53cc2e72f0390b5e299e66e0b608de6014dd4e1,0.04175364971,if6_consensus_when_public_priors_concordant_with_d4
aayl49:0002285:99ffc56706f4,99ffc56706f4196515b478396e4f06ea4f6d5d35088f56512bfb84de2e6a6922,0.1131987944,if6_consensus_when_public_priors_concordant_with_d4
aayl49:0002286:a33ea9bd026e,a33ea9bd026ec6482d65c0a291495555c9db14bf85e78257ed313a50e1c52aae,0.05721797049,if6_consensus_when_public_priors_concordant_with_d4
aayl49:0002287:745e301bed20,745e301bed20aec4e155896fdd495e5a2c30cab5c514e20a3ec3676c03bff4eb,0.376942724,if6_consensus_when_public_priors_concordant_with_d4
aayl49:0002288:96d8f80c4753,96d8f80c47534b445eabae371403543dfbd3e41c61e9783c6a62d7d25ccdff41,0.22407794,if6_consensus_when_public_priors_concordant_with_d4
aayl49:0002289:8d53bec8bf3d,8d53bec8bf3da13d9d66f0d549be2699857c522e9a608e5e40b52c67dcf89d74,0.20320113,if6_consensus_when_public_priors_concordant_with_d4
aayl49:0002290:31a68279e3a1,31a68279e3a16c72e77b22f688e8f81c991de577b9acfa5e80254b609040bc16,0.3910152018,if6_consensus_when_public_priors_concordant_with_d4
aayl49:0002291:2b7c8714597c,2b7c8714597cb68d4c9c647e97aaa5529adda1eee31ee29f450be885c45aae3b,0.246810481,if6_consensus_when_public_priors_concordant_with_d4
aayl49:0002292:79754a77fadb,79754a77fadbc2bfb857c69c21ca3d93c9a25a64274bcafd6945331d029e9de5,0.5059151053,if6_consensus_when_public_priors_concordant_with_d4
aayl49:0002293:5f829bcc5fa4,5f829bcc5fa4a9a4c0947b30e4b41a4d7287cdf8be7dafafe3aceef5e5ecd050,0.376865387,if6_consensus_when_public_priors_concordant_with_d4
aayl49:0002294:8115cae7735e,8115cae7735e5c3be72b23d32e5453b6381335a25ab52637d8c67efd097978de,0.5895770192,if6_consensus_when_public_priors_concordant_with_d4
aayl49:0002295:a7ddc0c08348,a7ddc0c08348991e22561dc5ecadbf8f89d774458afce3dd6497822774c4a7e8,0.4653212726,if6_consensus_when_public_priors_concordant_with_d4
aayl49:0002296:dd20b46d0f43,dd20b46d0f43a3e8750418682203b6a0261d61add8f4a777b292d90e1335ea5a,0.1253382862,if6_consensus_when_public_priors_concordant_with_d4
aayl49:0002297:3217255c960d,3217255c960d10e335700a32da42959bf8218d079d51f603431426f2fdc9bb56,0.07786282897,if6_consensus_when_public_priors_concordant_with_d4
aayl49:0002298:a9737d26500c,a9737d26500c385d5cd0292f061f174c08122faf9f6775979fe6a08a0d33ff1d,0.3157813251,if6_consensus_when_public_priors_concordant_with_d4
aayl49:0002299:76c7fbd01264,76c7fbd01264fa2a7e3bc57228bd51276ef457ba567d0fc806f8172169dc491c,0.1516276151,if6_consensus_when_public_priors_concordant_with_d4
aayl49:0002300:934d38d2d05a,934d38d2d05ad7929dc528c9c9aec5af3c40c4531799e67d5944f785c242602f,0.1001314446,if6_consensus_when_public_priors_concordant_with_d4
aayl49:0002301:82ee75e600b2,82ee75e600b2dc8d6f1516bdf08b9a3497117c13870e85801cf04e41ee49ff38,0.1249516681,if6_consensus_when_public_priors_concordant_with_d4
aayl49:0002302:f70ca1005ddf,f70ca1005ddf5aa0a0daa5ce5e45ddf45de9ec39dc2af763ff5093cd5f94b5bc,0.1118843183,if6_consensus_when_public_priors_concordant_with_d4
aayl49:0002303:9c327ec4b5ae,9c327ec4b5ae57b0d028f5e3fd91b4e2d985cf9c7977ba9c8ffc32a442ba1af0,0.2638985515,if6_consensus_when_public_priors_concordant_with_d4
aayl49:0002304:eb24797174d3,eb24797174d37d137a9b6d46b62e5312e80cd9593db0fa23a635bbbd2abcbb19,0.3362715542,if6_consensus_when_public_priors_concordant_with_d4
aayl49:0002305:60fd7132090e,60fd7132090e8237e22a0bd4f17b43b15f269219c79e7333d66622f799511ca8,0.3098275661,if6_consensus_when_public_priors_concordant_with_d4
aayl49:0002306:b35104b0ec58,b35104b0ec584bbb68603d98d83b794387bb6e403fbbc08b86e875389e922e5c,0.5023583174,if6_consensus_when_public_priors_concordant_with_d4
aayl49:0002307:6c9e6e8c9e14,6c9e6e8c9e14f7e693f7e999b4917a42da0e64d40b5b1e3d36ece851897579bb,0.123095952,if6_consensus_when_public_priors_concordant_with_d4
aayl49:0002308:ca846c3fd92c,ca846c3fd92cb89eff1db10c1550f2b81dac38ec6339f5dd361eef9c3e3f0e50,0.1571947783,if6_consensus_when_public_priors_concordant_with_d4
aayl49:0002309:5db31e6bf472,5db31e6bf472fa1cf6578fbeca2e6cc2075ddcd7d707f8e5dee78b1d531b6ff4,0.1070903912,if6_consensus_when_public_priors_concordant_with_d4
aayl49:0002310:85a1b07b2bf8,85a1b07b2bf888523ad5085b2de6c68ef8628f7a5b82690d4109d6e2a13f1db3,0.1632258445,if6_consensus_when_public_priors_concordant_with_d4
aayl49:0002311:6b7c563a40d2,6b7c563a40d299091998cbb65e696f471f4afd982947294b00570a99313bf92d,0.1684837341,if6_consensus_when_public_priors_concordant_with_d4
aayl49:0002312:d4e6d66d5b34,d4e6d66d5b342844bf9f483db914c3e1966854263393277fa6a7db58c6c43766,0.113856025,if6_consensus_when_public_priors_concordant_with_d4
aayl49:0002313:2895f5f8a3ae,2895f5f8a3ae857eb81e406bb13369cef9f5fcaa91899ce87405cc0dfaf86063,0.9437872767,if6_consensus_when_public_priors_concordant_with_d4
aayl49:0002314:fbcab4ec77cf,fbcab4ec77cf161fc1fc26e91e5e574847dab49dd088d5de4f3e84a551771a55,0.7926235199,if6_consensus_when_public_priors_concordant_with_d4
aayl49:0002315:a0efb9e0b884,a0efb9e0b884b1b49b58847d40ff460cd3ffb4b6cce160162361810f72ddd7c5,0.9601793289,if6_consensus_when_public_priors_concordant_with_d4
aayl49:0002316:5261eb9b9344,5261eb9b934466ac5df867f0380eecff63251edf5f92be1a750a728629a38b06,0.6698368192,if6_consensus_when_public_priors_concordant_with_d4
aayl49:0002317:55920d5879ce,55920d5879ce186487869fafc21abdbac422c0eb4cab86764daea92da10c6f7d,0.289414674,if6_consensus_when_public_priors_concordant_with_d4
aayl49:0002318:4e5e7c72002e,4e5e7c72002e096f7c195c38461507afdd1dd6de92738c5fc89bc081ce7f4ed5,0.3823552132,if6_consensus_when_public_priors_concordant_with_d4
aayl49:0002319:10dcd5aa8dae,10dcd5aa8dae6b71c06a0ae1e5b3a0963478db2f42a26ee9330a9c292250272c,0.6617180705,if6_consensus_when_public_priors_concordant_with_d4
aayl49:0002320:582106a04d84,582106a04d8490fb739e21a632ee79613f2b3b287a1f61f09175c42be995cf34,0.3866852224,if6_consensus_when_public_priors_concordant_with_d4
aayl49:0002321:dfc68cc37b7b,dfc68cc37b7b41234bd1b31e952bd87a2a3a9bfb70d0aa2984dc6c3129b14ccb,0.6843733191,if6_consensus_when_public_priors_concordant_with_d4
aayl49:0002322:534507530eb5,534507530eb5f9451b8aa007adff749d4a4619f261971cd67cd6b771bfa6aa34,0.6420010924,if6_consensus_when_public_priors_concordant_with_d4
aayl49:0002323:0f4ec090b00d,0f4ec090b00dd4509355ce67360f4ed39baf410b65bf639d1b2e752d9bc5077e,0.6612541676,if6_consensus_when_public_priors_concordant_with_d4
aayl49:0002324:c62049942dfe,c62049942dfefbfbf49497cdf15d7330da70ce23da5c1c4fc1053297cc3edc11,0.345163554,if6_consensus_when_public_priors_concordant_with_d4
aayl49:0002325:ae30c79d7fbb,ae30c79d7fbb2390cfd97edc94d8c45a4f8a07a6019a7f3f299ad0c6f4693f92,0.370370388,if6_consensus_when_public_priors_concordant_with_d4
aayl49:0002326:1dce77ed70a6,1dce77ed70a601dc88b5fdab1d04ea6a2e6acc04c21b48a23067381610e397c8,0.5833913684,if6_consensus_when_public_priors_concordant_with_d4
aayl49:0002327:c8a355172d0b,c8a355172d0bb1ea5b7eb3b5916fea5d8e2315da1cc58c175cb68302392a9dc2,0.5066109896,if6_consensus_when_public_priors_concordant_with_d4
aayl49:0002328:df49204fa0ec,df49204fa0ec53b75f006f60482eaa70f948e33cd551e8c35a3505a5975ceade,0.891053915,if6_consensus_when_public_priors_concordant_with_d4
aayl49:0002329:78ea1c33eb2b,78ea1c33eb2bfe53ce74cf2fc3b35e0db4b1c773d0d4e160a8192fa07261f50e,0.262970686,if6_consensus_when_public_priors_concordant_with_d4
aayl49:0002330:d0259c4c9b01,d0259c4c9b019668a2050c6e20089fad78eeb1b1977936a349df51e1f953da73,0.417072624,if6_consensus_when_public_priors_concordant_with_d4
aayl49:0002331:c86445f22003,c86445f220031c059aceea9f876238c5801b68b6b638b62477be9db7ebac2734,0.2155725509,if6_consensus_when_public_priors_concordant_with_d4
aayl49:0002332:8672d5d6db86,8672d5d6db86642f4b6bdc6874cf2b453b09b80f1d94375bd82916ca2a597eaf,0.6374391317,if6_consensus_when_public_priors_concordant_with_d4
aayl49:0002333:a23d6ca65ea7,a23d6ca65ea704bd2538d7a1d65e295a2b945453a8aa7a5940e05f3d77ee6f49,0.1435088515,if6_consensus_when_public_priors_concordant_with_d4
aayl49:0002334:29dee39d5d68,29dee39d5d6839c3c79661fdfe09a27aa89e1a5981bae0e6b47cecaa6f3469d7,0.4290574491,if6_consensus_when_public_priors_concordant_with_d4
aayl49:0002335:ca3699cd43e3,ca3699cd43e370f0e4a90d14511907b7752201a4f1995861875265490afef0da,0.4673316479,if6_consensus_when_public_priors_concordant_with_d4
aayl49:0002336:510654d10a2f,510654d10a2f5d4703ef6b4cb973c348721636c4f633044eb270e4e88c5de3b1,0.2398515493,if6_consensus_when_public_priors_concordant_with_d4
aayl49:0002337:56fb6ef822e8,56fb6ef822e8517c503451842d980f16fc43380616dd0ddacd550dadaf108acf,0.1588185281,if6_consensus_when_public_priors_concordant_with_d4
aayl49:0002338:4ad1bee58093,4ad1bee580932327c42be3906a6bba7329365ac2574327ab4296089485dfc996,0.1196164861,if6_consensus_when_public_priors_concordant_with_d4
aayl49:0002339:09779d93bdf8,09779d93bdf88db950c1e2892e1a75890e7b55178813774281bed364a58e98fe,0.2673780024,if6_consensus_when_public_priors_concordant_with_d4
aayl49:0002340:c42850bbf74c,c42850bbf74c1e61e121c9ae59a2442fc3d9f75af7c4d8100735b03c98808579,0.1505451202,if6_consensus_when_public_priors_concordant_with_d4
aayl49:0002341:ac7c32357b6c,ac7c32357b6c3d10fd60249d4f3fd68ffd442d0a07dd9e0521d19b4158271c21,0.2063713074,if6_consensus_when_public_priors_concordant_with_d4
aayl49:0002342:b96d6c123014,b96d6c123014ae2aaa96c4c9d149afc9d72c4f29481dc80c6cd97c508fd866c5,0.4434392452,if6_consensus_when_public_priors_concordant_with_d4
aayl49:0002343:11566235ac1c,11566235ac1c147e5c05bbee28d3a84ea1758186178fc3ce9748fdf4eab82462,0.3389778137,if6_consensus_when_public_priors_concordant_with_d4
aayl49:0002344:d015728c0edd,d015728c0edd0e4f9db9a9a5394b1f0311410fee29c7c830070e707a9e21abc1,0.2169643641,if6_consensus_when_public_priors_concordant_with_d4
aayl49:0002345:52cc362ec034,52cc362ec034157e1b066239e0aab7deaee90ca1e9d262878a3aae03bb8c4e29,0.5968453288,if6_consensus_when_public_priors_concordant_with_d4
aayl49:0002346:6130225e9539,6130225e9539c486df2fdbde8fd3de55c44760c6ef233ca2cd8345c9b9be36c5,0.3234361708,if6_consensus_when_public_priors_concordant_with_d4
aayl49:0002347:d943094db0b2,d943094db0b28871e0db3afbe72ca31314eb0ba1c7a5bbf07d2388a2cf4d3771,0.291115731,if6_consensus_when_public_priors_concordant_with_d4
aayl49:0002348:693df534ed43,693df534ed43c272d639831605cda001a438ddba19e5da70d8c6fbfa7f59c25a,0.5676950812,if6_consensus_when_public_priors_concordant_with_d4
aayl49:0002349:23bff05254d4,23bff05254d4660e3f7fa5db2b86ee7dbda5a4bb7369ca7cad41b447f315a0cb,0.4894455969,if6_consensus_when_public_priors_concordant_with_d4
aayl49:0002350:8b0dbff1b547,8b0dbff1b547a50a870f2049bcc3ae9a45189ff7feac1686d8abe4031ebe01f5,0.6202737689,if6_consensus_when_public_priors_concordant_with_d4
aayl49:0002351:c5359832387a,c5359832387ae5e932d382499600afd795dcb76897c450fef60540e265977a34,0.239619568,if6_consensus_when_public_priors_concordant_with_d4
aayl49:0002352:fb5c125bf0b4,fb5c125bf0b46f3f9ef07606c056f87ba0562c19a2ef347cd3c7e40ab939cbb2,0.2568622828,if6_consensus_when_public_priors_concordant_with_d4
aayl49:0002353:df78319cd8f4,df78319cd8f489076c99f7379d163e44d051d75c06ff4bc1dcfdfd0e69781838,0.225315094,if6_consensus_when_public_priors_concordant_with_d4
aayl49:0002354:c3b7494b8844,c3b7494b8844a4723dc15044b26dd542824257a979e059396bd99fafcb0ae04e,0.3317869008,if6_consensus_when_public_priors_concordant_with_d4
aayl49:0002355:42c1f9719494,42c1f9719494b8f254ac636fdc5e7a71ab781c1d2f34e1cd2ca0eaa329d602d3,0.09278589487,if6_consensus_when_public_priors_concordant_with_d4
aayl49:0002356:f80c392896fa,f80c392896fafa346326a8b668fe5074bd1f301c1fb1b46f93a4a53a078ba9a4,0.1310600787,if6_consensus_when_public_priors_concordant_with_d4
aayl49:0002357:1666ddb9c02c,1666ddb9c02ccad58c3c47ac8cddd1a4dc8288a34c45fac606fd158b9352175f,0.3808860779,if6_consensus_when_public_priors_concordant_with_d4
aayl49:0002358:6cacb33bfd88,6cacb33bfd8808f0bcfded2ddaa742c9fd709bdbcafa5136d3d654f865efca54,0.2747235596,if6_consensus_when_public_priors_concordant_with_d4
aayl49:0002359:494174cf9da7,494174cf9da7743ba18bc04970e894f23032a0490c4528503c6e7153f82b8212,0.2481249571,if6_consensus_when_public_priors_concordant_with_d4
aayl49:0002360:84f1ee0ab3cb,84f1ee0ab3cb07c9d0961defd73e56236f0dba6910fd0b64fcffe9eed6cd953c,0.444444418,if6_consensus_when_public_priors_concordant_with_d4
aayl49:0002361:4172d2b65830,4172d2b65830a18f29c48bf77165033e581408b6997a6dea0742e23a99ee10a2,0.4769968092,if6_consensus_when_public_priors_concordant_with_d4
aayl49:0002362:995b09ca13f0,995b09ca13f09d94f809aca0db84288015aa8a8a877402a0e1264743e676ede3,0.02056753822,if6_consensus_when_public_priors_concordant_with_d4
aayl49:0002363:32f5fc57ba70,32f5fc57ba707b4a1c6c297fc9277fbb5ab391396a763ad35d0138560cd5de11,0.02242325805,if6_consensus_when_public_priors_concordant_with_d4
aayl49:0002364:0cf6e06924be,0cf6e06924be995b03ad08163b99412ee40d9221c199bc373e16e1b4493ea85a,0.04933116958,if6_consensus_when_public_priors_concordant_with_d4
aayl49:0002365:986b8c658999,986b8c658999baff9a9a8fcddf23f1088a8f3478724c62aa2baff32a6a7cba23,0.1060078964,if6_consensus_when_public_priors_concordant_with_d4
aayl49:0002366:e5e45f6a66c1,e5e45f6a66c1da85c59aa371439e87fd4f2d033f0b42776934be37d341170c54,0.0735328272,if6_consensus_when_public_priors_concordant_with_d4
aayl49:0002367:1b557e57f27f,1b557e57f27f8c22fc37298e71a6f1d44cb70093238ad88e4be9528dd3fc1b68,0.3327920735,if6_consensus_when_public_priors_concordant_with_d4
aayl49:0002368:551c6a74377b,551c6a74377b19532fecc2be68c645b5d7c00215bc2d486ccd6422f4a45a09ee,0.02103146911,if6_consensus_when_public_priors_concordant_with_d4
aayl49:0002369:3b482f52387b,3b482f52387b8c71f03d76a9382022bc9eefab0690ffce462224435a91f47988,0.02976880968,if6_consensus_when_public_priors_concordant_with_d4
aayl49:0002370:b457dabd9e83,b457dabd9e83aa724a149b04a853ac4ea3af3a3eff4caf0c99b276b83d787f1e,0.0145364562,if6_consensus_when_public_priors_concordant_with_d4
aayl49:0002371:d52be4a99f99,d52be4a99f99033f47065b8d15e4a6f93c68748ad6aada224e1d6ca7608429b6,0.0245109424,if6_consensus_when_public_priors_concordant_with_d4
aayl49:0002372:ccc83c788f6d,ccc83c788f6d2f538ea0a2067031fd5c8f054d9d827afa7e69efeb913d4248b8,0.03533596173,if6_consensus_when_public_priors_concordant_with_d4
aayl49:0002373:d30ea1bda69e,d30ea1bda69e6059aef14d4078c3f66b6f406fb969a1c9016c5f5d2991f6e43f,0.0438413322,if6_consensus_when_public_priors_concordant_with_d4
aayl49:0002374:5bce76890b28,5bce76890b280aa729d5584ba80a92712f956e192bed5690b9c942f5fe3d380f,0.1116523668,if6_consensus_when_public_priors_concordant_with_d4
aayl49:0002375:82b11ce10520,82b11ce105203268ab4c8790cc224f12655feb8e7a08dbfe36ea043f9eca7d5b,0.04229490459,if6_consensus_when_public_priors_concordant_with_d4
aayl49:0002376:e04d985a4711,e04d985a47115b809b0c21dd8045a13bb19ded2af139c6574fada7f289fae219,0.07036263496,if6_consensus_when_public_priors_concordant_with_d4
aayl49:0002377:6c9a322aa208,6c9a322aa2080ce83413548932ad3ae32143b71e5d8d1f80d7c2f699939a6386,0.871491611,if6_consensus_when_public_priors_concordant_with_d4
aayl49:0002378:cb8002e7b616,cb8002e7b61671e2be17c611ee67349475b5cbbd9a181858aa0f68e1d37b4724,0.66388309,if6_consensus_when_public_priors_concordant_with_d4
aayl49:0002379:628350b3d885,628350b3d885a1ab448d6e3ba92aafd9c7158326c6b1f6b349ebd7fb64e9ff7b,0.5401685834,if6_consensus_when_public_priors_concordant_with_d4
aayl49:0002380:2e65d0104abf,2e65d0104abf48fa22b2f3d28c0531e27865de029623fabe158f2da14de2448c,0.6348875165,if6_consensus_when_public_priors_concordant_with_d4
aayl49:0002381:2ea17dfc6c3f,2ea17dfc6c3f36082afeeb8af3e606f892e03bbf6907de3da3db17c19a534cb0,0.9067502022,if6_consensus_when_public_priors_concordant_with_d4
aayl49:0002382:5c9db6b21bae,5c9db6b21bae20992ac80ebe2c0b06239b11215eefee207ff3c9e8659160849b,0.7988092303,if6_consensus_when_public_priors_concordant_with_d4
aayl49:0002383:1dd2942701fd,1dd2942701fd60680629003e3eb78824b8426c13572966f11f46bfea2a31a75b,0.6765637994,if6_consensus_when_public_priors_concordant_with_d4
aayl49:0002384:315196791d7d,315196791d7db878e3a9dd3e05edfa0c6507c5520f99a2ec09ab092fd680907d,0.5956081152,if6_consensus_when_public_priors_concordant_with_d4
aayl49:0002385:addb82ee07f0,addb82ee07f0bea81ca43d7bb15d7487616e3a49753ba9a222513b4d943efc32,0.9207453728,if6_consensus_when_public_priors_concordant_with_d4
aayl49:0002386:59d08b197784,59d08b197784d87cbbaf58e5ae36112f0bbf529f9525c20cea99ea1ee27d5f16,0.2548519373,if6_consensus_when_public_priors_concordant_with_d4
aayl49:0002387:069dc7e5d9d4,069dc7e5d9d4a323c48babd88cd8920f685d441784a53d0f71c4b29a4ee3d6de,0.5243949294,if6_consensus_when_public_priors_concordant_with_d4
aayl49:0002388:a6648d1cae95,a6648d1cae95023b0df56071b69f42c7435fa9c97dbdea68f8f7805e74fae8b1,0.3272249401,if6_consensus_when_public_priors_concordant_with_d4
aayl49:0002389:c8a36eae5eeb,c8a36eae5eeb57e888b735cef330601916ed8de5e66f7f87aed8ac68d1c256d8,0.9451789856,if6_consensus_when_public_priors_concordant_with_d4
aayl49:0002390:d0f533d53978,d0f533d5397841fe2fc98efd6a6a93fa7bd9d315f9da14331276c3fdb5ed5fc8,0.5247815251,if6_consensus_when_public_priors_concordant_with_d4
aayl49:0002391:44ec055b4252,44ec055b4252bbf30dfc844e0b45075977818575b96093890451249683669b00,0.9209000468,if6_consensus_when_public_priors_concordant_with_d4
aayl49:0002392:3d81868de0af,3d81868de0af98bf07c9c770470714ba6e3107dd49b0da39b70e986723da4009,0.2475837022,if6_consensus_when_public_priors_concordant_with_d4
aayl49:0002393:73bd7bb208d0,73bd7bb208d02de9b60661ed7273e316e33726de519f713d44b48825d4ceff6c,0.2485888749,if6_consensus_when_public_priors_concordant_with_d4
aayl49:0002394:6675de19a389,6675de19a3892cba0cc59d981a00ce2aa656f58cb80455c0026d002894098ccb,0.2431763858,if6_consensus_when_public_priors_concordant_with_d4
aayl49:0002395:2022692b6f29,2022692b6f29baa94e31adabb6cd9a7b11dedaf1d3e8c516a2b17c5743794cf4,0.2098507732,if6_consensus_when_public_priors_concordant_with_d4
aayl49:0002396:223ddf11af03,223ddf11af0371b3bdc91275e4d44e343b7a97bd0dbbc6fa1f1807b3e1df1725,0.3499574661,if6_consensus_when_public_priors_concordant_with_d4
aayl49:0002397:cfbb415eab5e,cfbb415eab5ef4af983b2cb9e959327baaf4f916fda257a2b0e626af802bb2e1,0.1996443272,if6_consensus_when_public_priors_concordant_with_d4
aayl49:0002398:7226eb9a3b0f,7226eb9a3b0f99fb206a0bb10dae2fe8dab8eb55e08861a16d82dc04866787db,0.2401608229,if6_consensus_when_public_priors_concordant_with_d4
aayl49:0002399:63fa58230bcf,63fa58230bcf1e4e87e4cd81a558fb23b9fceee97dcf8c27f4b7c399be5ec415,0.4295986891,if6_consensus_when_public_priors_concordant_with_d4
aayl49:0002400:f9629cdf2f9a,f9629cdf2f9aa3d21f74864dedfe237ce1e13e3a363c8d0762d86c8efc2e4d0d,0.442279458,if6_consensus_when_public_priors_concordant_with_d4
aayl49:0002401:a90fab4baa7b,a90fab4baa7b6bdc8f627a0508dd8e4b5373194c18647f872f5ca11a54f436dc,0.7412047386,if6_consensus_when_public_priors_concordant_with_d4
aayl49:0002402:c74569f3cea3,c74569f3cea357f42822db34fa6259fded7b7cc50b58185c196d3b4a536b4251,0.4350112379,if6_consensus_when_public_priors_concordant_with_d4
aayl49:0002403:a38e34d0fa7f,a38e34d0fa7fbf07dbdf83825db03708345c9b5c4ea8e92186a8c04a03f9916a,0.44815588,if6_consensus_when_public_priors_concordant_with_d4
aayl49:0002404:18199aa9548a,18199aa9548a2843bdab7183c2b4ee039fa77f644b6481baf65253e2c7f30e49,0.4127426147,if6_consensus_when_public_priors_concordant_with_d4
aayl49:0002405:c747237902cb,c747237902cb4007376238c8e8376b605e5d8b962c929509209eb07f8c42b5af,0.4707337916,if6_consensus_when_public_priors_concordant_with_d4
aayl49:0002406:54c1c3d852da,54c1c3d852da4b6d286fd3388f840fbfb6112640308d684fc1506c8903254f39,0.666821301,if6_consensus_when_public_priors_concordant_with_d4
aayl49:0002407:4a497b710b71,4a497b710b71f5a3bcc0cfbbb171196fc204ac76b4f1dff9f329c24fc1bb2088,0.9805149436,if6_consensus_when_public_priors_concordant_with_d4
aayl49:0002408:343c96b7b334,343c96b7b334b4b296679ae74c247348614a331bd63e0f2d8cacfcf10f9933e6,0.6070517302,if6_consensus_when_public_priors_concordant_with_d4
aayl49:0002409:c784b6265085,c784b62650856a0e7156406564fe0d46062712f552090bfda63d35395e4bbd31,0.6530581117,if6_consensus_when_public_priors_concordant_with_d4
aayl49:0002410:c935807254fc,c935807254fcab7ddbbb8eb90281762c97ca9abd5742281dc051f045a276affc,0.4300626218,if6_consensus_when_public_priors_concordant_with_d4
aayl49:0002411:ee5b6b94fd94,ee5b6b94fd948b1910a78b21ffda69be0298ff7981d4c1f044265969f7df945e,0.3790303767,if6_consensus_when_public_priors_concordant_with_d4
aayl49:0002412:217956e9b011,217956e9b0114acde507e0e82a727ea2fc4172e1f6d94ee21a815634964dc40c,0.8469805717,if6_consensus_when_public_priors_concordant_with_d4
aayl49:0002413:f5396d886e52,f5396d886e526cc00e4d073b77f26257e63a94fa94ccbd22b15e0a288d8075f5,0.2423258275,if6_consensus_when_public_priors_concordant_with_d4
aayl49:0002414:7a9b1690470d,7a9b1690470d94c433c5270900f3391c00dfa3e4aa5f7eb71f07d3097fc60fe1,0.1971700191,if6_consensus_when_public_priors_concordant_with_d4
aayl49:0002415:dce4031117b9,dce4031117b9982ecd162b11e5ee50e0561b79a3df8e86579b9877266177cc87,0.3102141917,if6_consensus_when_public_priors_concordant_with_d4
aayl49:0002416:cbe6fefa6348,cbe6fefa6348190f7c410a8dc0f18f9f12fcdf9979baeedd77dd6f14ac87eb55,0.8465166092,if6_consensus_when_public_priors_concordant_with_d4
aayl49:0002417:6527ddad012f,6527ddad012fa319477272c802ee611e74a9de9b16fa8b742a35a6a1b3f399b5,0.568700254,if6_consensus_when_public_priors_concordant_with_d4
aayl49:0002418:f6dfee1a7e40,f6dfee1a7e40fbc5ba12e22aa8c0cac0c2d577c77c95691d728a2e8598804d3a,0.5984690189,if6_consensus_when_public_priors_concordant_with_d4
aayl49:0002419:537469c64aaf,537469c64aaf65381f239323e2a59cac45f630ec41f570279b52d69453107ccf,0.9019562602,if6_consensus_when_public_priors_concordant_with_d4
aayl49:0002420:1ec3cd54804c,1ec3cd54804c645c559f2bed28405a817c95706ff09f9706c480179fb5f8cb8d,0.7078017592,if6_consensus_when_public_priors_concordant_with_d4
aayl49:0002421:44ed5394fcb0,44ed5394fcb0feec25a6e5775e60f1b61462e1e49079e0a3d6fc39f295764158,0.5429521203,if6_consensus_when_public_priors_concordant_with_d4
aayl49:0002422:7b88d1a647ab,7b88d1a647abe0aef84d76bffb17ad2f0da22b993e2e3300971d23fe0f54910f,0.8949972987,if6_consensus_when_public_priors_concordant_with_d4
aayl49:0002423:d398dcdec651,d398dcdec6517e26ebd917546aae102758082d58c50a74ebb3e8b83f69e84d2b,0.5410190821,if6_consensus_when_public_priors_concordant_with_d4
aayl49:0002424:959d07c06765,959d07c067655709d051163c2b15f4349b600f4f02ec8831b82672e7b8c81dff,0.06989870965,if6_consensus_when_public_priors_concordant_with_d4
aayl49:0002425:ad69c2a1b8c0,ad69c2a1b8c0a5d4bf3eb32016d6121849d068ae752832f2a547f761573390d2,0.9497410655,if6_consensus_when_public_priors_concordant_with_d4
aayl49:0002426:5b3269edb122,5b3269edb122e970fcfe12825f5bd5d9c9f7a5ebdded4f6235f306084ab35551,0.1321425885,if6_consensus_when_public_priors_concordant_with_d4
aayl49:0002427:e30beb0d6954,e30beb0d6954d0fb5215000248f95c7ed351f9e301b6324590aaa1899ed86138,0.1779942662,if6_consensus_when_public_priors_concordant_with_d4
aayl49:0002428:3221bc6b86de,3221bc6b86debaea70d32c997b4d1da90511b967ed3060610f8cbc8018dcda4c,0.25585711,if6_consensus_when_public_priors_concordant_with_d4
aayl49:0002429:92421f621afc,92421f621afc0520ac616af285716c4a024ec008425973be9aac4c7f189a3fb1,0.2530735433,if6_consensus_when_public_priors_concordant_with_d4
aayl49:0002430:01d0cd49b304,01d0cd49b30488c086c62355cbd1f4c55dba286a22405ef5996cb56e0b8d3f0a,0.2180468589,if6_consensus_when_public_priors_concordant_with_d4
aayl49:0002431:4323639a6d68,4323639a6d68b7a48695cf3f1b0961e8edab4249b471e8b6986f826d165a09cd,0.337276727,if6_consensus_when_public_priors_concordant_with_d4
aayl49:0002432:ad91e0e68282,ad91e0e68282afcf63627ddbaf32281b26f8736c68be5046c09c0584f9c38731,0.1564215571,if6_consensus_when_public_priors_concordant_with_d4
aayl49:0002433:6a381b9f4ac2,6a381b9f4ac2ef34498366846d1564fd54d9124312620b33389189b71486f57c,0.4237222672,if6_consensus_when_public_priors_concordant_with_d4
aayl49:0002434:b97ad1802db3,b97ad1802db37e48ef5c8156ae95ea83cec7b1e63f4a6da2d3d02cee6f819c1f,0.3086677492,if6_consensus_when_public_priors_concordant_with_d4
aayl49:0002435:f550fdcdfae9,f550fdcdfae9f549feeb91107a5c140955ec4b23d0e4d2a7e37f7f4a078c88d6,0.5053738952,if6_consensus_when_public_priors_concordant_with_d4
aayl49:0002436:b174d458a78f,b174d458a78f71161c157ff2a2aef76da7498ed2a5a8620d1a462e16881cffeb,0.1322199106,if6_consensus_when_public_priors_concordant_with_d4
aayl49:0002437:09e0a9fd4bd0,09e0a9fd4bd0fc1b4378d0b18cb54081e0c1a684158623802e7528a2c9120723,0.7438336015,if6_consensus_when_public_priors_concordant_with_d4
aayl49:0002438:0e3f887b7a67,0e3f887b7a671e6b0890aea5577f9d06a6ea9528a93f8e59849693c50b3bbbb8,0.2978427112,if6_consensus_when_public_priors_concordant_with_d4
aayl49:0002439:ad800957b5c6,ad800957b5c6fa8f4937ca6e375d95c4f10692dee574667aa59ab78f1a8c3e45,0.3417613804,if6_consensus_when_public_priors_concordant_with_d4
aayl49:0002440:c5843785626e,c5843785626e3639e16a91b50bdb9e24a7df1f663f9294e321ce7aa5450a908b,0.744761467,if6_consensus_when_public_priors_concordant_with_d4
aayl49:0002441:1b4edb46f748,1b4edb46f748c4bb0db6c9f49d44d7b0d8f60d51dde977afb2d6c22b4bac4a22,0.03811953962,if6_consensus_when_public_priors_concordant_with_d4
aayl49:0002442:2eab810d20ed,2eab810d20edbcce6926fbd981ce80847207365994b1350042f719342dd69bf3,0.7736797333,if6_consensus_when_public_priors_concordant_with_d4
aayl49:0002443:0c236d244e19,0c236d244e199486b911cfb60fc043d6ba8b5bdf24a2519164aaee9dc6436cf5,0.07492461056,if6_consensus_when_public_priors_concordant_with_d4
aayl49:0002444:475a62dad417,475a62dad41779531e60b7af0af00df0fb06411299601d60d104bc385f3e716a,0.026134694,if6_consensus_when_public_priors_concordant_with_d4
aayl49:0002445:a890c9745c36,a890c9745c36767d8b16d1ff754d4b93e3591a19f97cad0437387496fa57fa76,0.1500811726,if6_consensus_when_public_priors_concordant_with_d4
aayl49:0002446:8b1b75443c85,8b1b75443c85f8e161ee4026eb740db934b9b1337f45fa3100499a059305aa5a,0.1796953529,if6_consensus_when_public_priors_concordant_with_d4
aayl49:0002447:93a083a555e4,93a083a555e4a5c757040ecd78ab14114ca47b964bfd866ac98e1191f7c51a40,0.04677955806,if6_consensus_when_public_priors_concordant_with_d4
aayl49:0002448:2f5d2a916844,2f5d2a9168449c9cc32302530b28780b1e65cc816ed30248db726f9b57b95387,0.06912549585,if6_consensus_when_public_priors_concordant_with_d4
aayl49:0002449:b731738a7cb5,b731738a7cb5a3cc3363d8a15856b08e48f92c711e06c977765cd24e5a0a2453,0.06208923087,if6_consensus_when_public_priors_concordant_with_d4
aayl49:0002450:5cf2bc5109ff,5cf2bc5109ff48dd4b7129c5ecd7d85c28c80d8e39bf889822e3baabce437a5c,0.1854171604,if6_consensus_when_public_priors_concordant_with_d4
aayl49:0002451:27ff79916dd0,27ff79916dd0f14c436fd8ae579c2468e3c6531d00ef4c70f462ebe21377fc3d,0.1187659502,if6_consensus_when_public_priors_concordant_with_d4
aayl49:0002452:57dbc659e51e,57dbc659e51ee3d57e706ad05a28c0e2908733dcb29d1c14997f9503da185225,0.7821850777,if6_consensus_when_public_priors_concordant_with_d4
aayl49:0002453:4199990705fe,4199990705fee8126eabd76537cf039f219e4935a896f389fff399497252e4d0,0.1541019082,if6_consensus_when_public_priors_concordant_with_d4
aayl49:0002454:63d336465231,63d336465231e19a67541ba5cebcf44234bda17e4fe94673083f8cdee5036261,0.09054356813,if6_consensus_when_public_priors_concordant_with_d4
aayl49:0002455:3982fbced93a,3982fbced93a7ea6cf6c502325a48d8b23eb322fc5dc8ba0b3a396fce4d880e9,0.267223388,if6_consensus_when_public_priors_concordant_with_d4
aayl49:0002456:a8450c94ea0b,a8450c94ea0b30c480adb94441b10d77ae99ee671ab0aa4bc9d8d25de7c2e2a1,0.2877909243,if6_consensus_when_public_priors_concordant_with_d4
aayl49:0002457:0e9685818b1f,0e9685818b1f667d38e4a38fe70ef83914de5238925f5c11ec368fa86f4eddd1,0.7584474087,if6_consensus_when_public_priors_concordant_with_d4
aayl49:0002458:f29b4d764e52,f29b4d764e523bf2cce646e6288b877181abc8c34dc48c624d8921cfd4f47680,0.3904739916,if6_consensus_when_public_priors_concordant_with_d4
aayl49:0002459:4fb4b1be6137,4fb4b1be61370a6165b726ef5fe1d582606ebbbe0def957444ae7b3650d04d9a,0.1755199879,if6_consensus_when_public_priors_concordant_with_d4
aayl49:0002460:890b9cff1f3a,890b9cff1f3a6650741cbc9e6e72211875d86d9c0e71443ae29f8142267e16cb,0.519601047,if6_consensus_when_public_priors_concordant_with_d4
aayl49:0002461:0cb76a07a40e,0cb76a07a40e8edca1079412d90542289d8a9e90cd03ee752e1427f2415c8f4e,0.5690094829,if6_consensus_when_public_priors_concordant_with_d4
aayl49:0002462:3a6158e7b4ca,3a6158e7b4ca247575d3d2c33021b8745a19e51d46838dabb89f8dbcac855915,0.7648651004,if6_consensus_when_public_priors_concordant_with_d4
aayl49:0002463:3e64a3ad146e,3e64a3ad146e83b73f28ef17a09c011aec19cff4347c05da83a2e6dc29919f83,0.5718703866,if6_consensus_when_public_priors_concordant_with_d4
aayl49:0002464:ccb391f9294f,ccb391f9294faae3cdc5deea54c93685aa05bef84c8a3e6811964b81d9113bdb,0.4512874186,if6_consensus_when_public_priors_concordant_with_d4
aayl49:0002465:5e7e75338ef8,5e7e75338ef80fb838f5205804193b97714f6951f8204a01b574fad5098db536,0.47993505,if6_consensus_when_public_priors_concordant_with_d4
aayl49:0002466:4008e082eee3,4008e082eee3d38c5e7f179b56896ccee3c5f3caa001fed55992adb588540214,0.450707525,if6_consensus_when_public_priors_concordant_with_d4
aayl49:0002467:25025829cd22,25025829cd22d233c0c273c3587c7f48c5044e75f89f87df7b2b4b4c58fd555d,0.5048325658,if6_consensus_when_public_priors_concordant_with_d4
aayl49:0002468:9b8ee7b403e6,9b8ee7b403e6fa7a9585c09747a27b672903e7c3f061f86bb846220a8633f9f9,0.5175133348,if6_consensus_when_public_priors_concordant_with_d4
aayl49:0002469:555216fc8018,555216fc80185d37a2334ccabde3a639e0508dbad9fc91ee8d4b9826b422e565,0.408644557,if6_consensus_when_public_priors_concordant_with_d4
aayl49:0002470:8fe732f699ed,8fe732f699ed273f3315d908867882661ebacbb8242011635507c0a031711922,0.7316167951,if6_consensus_when_public_priors_concordant_with_d4
aayl49:0002471:97576aa30609,97576aa306090c18813990478fb68a175b7d9cb419c33ed8f588d45e6d8f5856,0.5477461219,if6_consensus_when_public_priors_concordant_with_d4
aayl49:0002472:270ad319e9e3,270ad319e9e33fe46c45b6ce07fe47e8425a7747430bd8c7f0411053d33ede52,0.5219979882,if6_consensus_when_public_priors_concordant_with_d4
aayl49:0002473:eb9932dee59f,eb9932dee59f62585be6580d158f5ff4db84c8f86887833169e693e27751c9b3,0.4776927233,if6_consensus_when_public_priors_concordant_with_d4
aayl49:0002474:94796c6c3428,94796c6c3428d47a490465234e08e496ab3e6d3264cfcf2c6e70cf10b97c1278,0.4888270199,if6_consensus_when_public_priors_concordant_with_d4
aayl49:0002475:a38ac6afa732,a38ac6afa732195def0d6b0898fce79fe4fa5f8ccbeac175fdf07f121c48ee0c,0.4547282159,if6_consensus_when_public_priors_concordant_with_d4
aayl49:0002476:f722bf2cad5f,f722bf2cad5fed41e1516ed3a5f2b802c4b383f33d84bc06b9db3a4f0c3b7c55,0.6165623069,if6_consensus_when_public_priors_concordant_with_d4
aayl49:0002477:0eb5aa44a4e5,0eb5aa44a4e50764db7300c0f142970076db69e7ba0f6c815bcd10e86369fd11,0.563287735,if6_consensus_when_public_priors_concordant_with_d4
aayl49:0002478:741d765077de,741d765077de1642a2027d26a8b0a6102b0028c006287dd0d96f7f3f19635c21,0.6934972405,if6_consensus_when_public_priors_concordant_with_d4
aayl49:0002479:ce8c71809963,ce8c7180996323ad703efc64c5ac2e784262ed6db075c7c13ffba420151bd3c0,0.6179540753,if6_consensus_when_public_priors_concordant_with_d4
aayl49:0002480:b7f2dbb90df1,b7f2dbb90df1190d743a764e5dad62ab570b365981234cbdac8e41d2869488f1,0.8233974576,if6_consensus_when_public_priors_concordant_with_d4
aayl49:0002481:657ab53ec01c,657ab53ec01cce2d42959cdc642326daf0f54b539b9535be30e7a73119c066b5,0.6468723416,if6_consensus_when_public_priors_concordant_with_d4
aayl49:0002482:2ad9658939f4,2ad9658939f4f492139ee26c4aa13e6d6e74dad1cfb7974abaed5503b191997c,0.4736720026,if6_consensus_when_public_priors_concordant_with_d4
aayl49:0002483:d5f43179f741,d5f43179f741c8699930248791d360a794e4c74764e57170afd5e420b57ccefc,0.7439882159,if6_consensus_when_public_priors_concordant_with_d4
aayl49:0002484:eddaea12d054,eddaea12d054d0432dc1db2f7cdb38cf1afe6749af68d89951229a57dd1b5698,0.5873346925,if6_consensus_when_public_priors_concordant_with_d4
aayl49:0002485:febf8079ab6f,febf8079ab6f1f0c9bc1bca3f57943f76f2a2ca494294947ccd97ff5f8625239,0.4115827382,if6_consensus_when_public_priors_concordant_with_d4
aayl49:0002486:43ddf9b8282d,43ddf9b8282d34d52ccf3b071c622724179656a4b94d036376d27dfd58fb67f9,0.5332869291,if6_consensus_when_public_priors_concordant_with_d4
aayl49:0002487:155b7f119ad7,155b7f119ad7c98c91669d77cf1875e3d535da3a9f54c95704aa5043e07c1747,0.4742132425,if6_consensus_when_public_priors_concordant_with_d4
aayl49:0002488:bb7701dc6146,bb7701dc6146ff782f6941227c14d9c30f5cdb3e8d5b3dfdb882dbe5878872ac,0.6239851117,if6_consensus_when_public_priors_concordant_with_d4
aayl49:0002489:5b9baa460363,5b9baa4603633b5da86227ceac0cb98d4141077cbd2349fca6149128c0e933e9,0.6709194183,if6_consensus_when_public_priors_concordant_with_d4
aayl49:0002490:7f625c9e8a6a,7f625c9e8a6aca718f224a8795a1b2dd47fd48d0487a14e68c1a5f3751f474fc,0.6691409945,if6_consensus_when_public_priors_concordant_with_d4
aayl49:0002491:3e98fa67d62e,3e98fa67d62e2f5805e0399ccb8a4eaf81a616d415971afebe46921f0c6bf501,0.6551457047,if6_consensus_when_public_priors_concordant_with_d4
aayl49:0002492:ea633a4a0c4d,ea633a4a0c4d38111a7cbbe45047d2591d00cbf464fec11b986d0cec5d4457ff,0.7589113116,if6_consensus_when_public_priors_concordant_with_d4
aayl49:0002493:a8b428aaed9b,a8b428aaed9b210a59045a39e89f002f9e0621dd13c9a725717ba086bdf1f942,0.8489136696,if6_consensus_when_public_priors_concordant_with_d4
aayl49:0002494:408fa6936495,408fa6936495e74779a87c82fa87ca37515c53634c3199c903acc27ad32f15c8,0.9876285195,if6_consensus_when_public_priors_concordant_with_d4
aayl49:0002495:658dd05190aa,658dd05190aad216fd01433fe62d141c01770dcb91a2ceae9dce87c9adda2dbc,0.9404624104,if6_consensus_when_public_priors_concordant_with_d4
aayl49:0002496:d495e70150f7,d495e70150f742028f90c249385b51d50b2c7b9bc88b425a8065b0806e713e4f,0.8997912407,if6_consensus_when_public_priors_concordant_with_d4
aayl49:0002497:0f5dd0c56a78,0f5dd0c56a784674a2d7e8d5d7557f0aa25c2b56e712655a15e164838bbf97e6,0.9109255672,if6_consensus_when_public_priors_concordant_with_d4
aayl49:0002498:015628586fc8,015628586fc86c7ade91abbd416469baf5fcce536199227ddf2d3d6f340dd409,0.9427046776,if6_consensus_when_public_priors_concordant_with_d4
aayl49:0002499:9811ff0c3be2,9811ff0c3be26047a9f0a629062feb62d5bbf577dc6462992fc97d58e89b9a72,0.866542995,if6_consensus_when_public_priors_concordant_with_d4
aayl49:0002500:54fb14fa393e,54fb14fa393efcf0b66b01b429d38df38d2d68e559b9c357b989cb744ac989b8,0.9296374321,if6_consensus_when_public_priors_concordant_with_d4
aayl49:0002501:3b0757f0ab2c,3b0757f0ab2ced7940f5cef28fdecfc5b6b09c8fbbb3879a58b4eac8137ac42d,0.9350498319,if6_consensus_when_public_priors_concordant_with_d4
aayl49:0002502:830946633882,830946633882e5af2349e9c80411b6d7da202566eabd5b8971d512b11f1f4c80,0.8917497993,if6_consensus_when_public_priors_concordant_with_d4
aayl49:0002503:22d8a9577266,22d8a9577266d946fba95ac16a48a361c40bf7064e085a76effc88e2f955973b,0.9837624431,if6_consensus_when_public_priors_concordant_with_d4
aayl49:0002504:4905550bc35c,4905550bc35cb168c6440419bfbf5b1b13d6d065e84bcf760a2d3b49eb447448,0.7936286926,if6_consensus_when_public_priors_concordant_with_d4
aayl49:0002505:07cf61c64789,07cf61c64789f7e2d8702b6e550eca9a29bb838a29904638cc86d05ef940b58b,0.922059834,if6_consensus_when_public_priors_concordant_with_d4
aayl49:0002506:ae1df579b1de,ae1df579b1def0fb3a6d12a911d60ae5c16daf0bdcc38d11857f749ae9cb3d0c,0.9241475463,if6_consensus_when_public_priors_concordant_with_d4
aayl49:0002507:2a898d708b49,2a898d708b495859b469f2fb1d242f9efc07297f44e3d2be60de25ef6330d00e,0.8624449372,if6_consensus_when_public_priors_concordant_with_d4
aayl49:0002508:9a84fe38d9b4,9a84fe38d9b459679f1c956e9c48a53619d958cce968c99839bb095b2b1b178b,0.8441197276,if6_consensus_when_public_priors_concordant_with_d4
aayl49:0002509:83c63875df11,83c63875df1142b1fa7a2d71a58b7d331b0c27790cf16442105522e2fde82959,0.8877291083,if6_consensus_when_public_priors_concordant_with_d4
aayl49:0002510:61ecc48f6812,61ecc48f681274836d84ee4369e1017cabd4a78b7ebed46c6e38945a8ee31cb1,0.4900641739,if6_consensus_when_public_priors_concordant_with_d4
aayl49:0002511:e156da7eb772,e156da7eb7728deb292117523106081d5558c62158b41642a663ab5d60ff09d4,0.5348719954,if6_consensus_when_public_priors_concordant_with_d4
aayl49:0002512:b410e8957a38,b410e8957a384343f728882697e85520a4f880f15897b3c02c687d8b898fb067,0.6515889764,if6_consensus_when_public_priors_concordant_with_d4
aayl49:0002513:3a04cea2d243,3a04cea2d243c003d73548adb7f3a13776ddce085fa66e74ee1553a9d4bf5512,0.7354828715,if6_consensus_when_public_priors_concordant_with_d4
aayl49:0002514:7010062ac6c0,7010062ac6c0f32f00e798e1c58259cde234d4bfdf7e6aa838eef4c2087175e2,0.5121008158,if6_consensus_when_public_priors_concordant_with_d4
aayl49:0002515:1111211fa472,1111211fa472dc2f0b0637f38dcca1bd624edc7f8e6708e3cde76ca4736380c0,0.9504368901,if6_consensus_when_public_priors_concordant_with_d4
aayl49:0002516:d118d0b73e1d,d118d0b73e1d4e6daba5036bde8894f618dbc6f74ba62d1b1de92af06a577c12,0.8482177258,if6_consensus_when_public_priors_concordant_with_d4
aayl49:0002517:168e62bc00de,168e62bc00deda8b9004778f4b81d360083e9ddf32b3b49ec4925ea228ca6b26,0.9645094275,if6_consensus_when_public_priors_concordant_with_d4
aayl49:0002518:0f18f4366557,0f18f4366557958c25d02c7f029507abb737dad960397415164d0e885ab56885,0.8970076442,if6_consensus_when_public_priors_concordant_with_d4
aayl49:0002519:4caa2bd81acc,4caa2bd81acc974f19c84663b8a4930443eb82a69d5ad58021d470f7c49eadae,0.8316709399,if6_consensus_when_public_priors_concordant_with_d4
aayl49:0002520:a60b2b64d36c,a60b2b64d36ce1e31679b368ea99dc86201c2c5a84c6d607be30b55fb7760e4e,0.9177298546,if6_consensus_when_public_priors_concordant_with_d4
aayl49:0002521:73dd8f95fb68,73dd8f95fb6843e4f89693e2b9678ebe3b8e9bd84620e9b8dc54d5210f07b6d7,0.9075233936,if6_consensus_when_public_priors_concordant_with_d4
aayl49:0002522:e8354d2f80fa,e8354d2f80fa3ff9d164fd21cd38d1c10459076907d44dd06b3795bad2aadf21,0.866542995,if6_consensus_when_public_priors_concordant_with_d4
aayl49:0002523:6cb192fbd4a9,6cb192fbd4a97b27a817504afe6425e626afd113771dc26e39d4dab8f7d7d562,0.7542719841,if6_consensus_when_public_priors_concordant_with_d4
aayl49:0002524:fe45fff81437,fe45fff81437743b56142ac47fde1b42280382c601e25751b67c7d07db781db9,0.9356684685,if6_consensus_when_public_priors_concordant_with_d4
aayl49:0002525:7381fc0de501,7381fc0de501d9aba65370a763b919d3953b716df94731379528cf2d65849b6f,0.936828196,if6_consensus_when_public_priors_concordant_with_d4
aayl49:0002526:20e827bcef74,20e827bcef7480a4a6da25981e0574a1b95c962b000a6a2f834cdbc4b311e975,0.9837625027,if6_consensus_when_public_priors_concordant_with_d4
aayl49:0002527:d0605ab56d36,d0605ab56d36822316276a716c8a8c1a3cd67ba33c862f25797be57317e02eaa,0.9703858495,if6_consensus_when_public_priors_concordant_with_d4
aayl49:0002528:c44b573c1f91,c44b573c1f91276ee306427f674d06858f94a8d29156cba393b966b39388aff9,0.8548673987,if6_consensus_when_public_priors_concordant_with_d4
aayl49:0002529:6587ca05529d,6587ca05529d7e485e878d38e9488b79aad81f162e7a9aec87618975180af408,0.7323899865,if6_consensus_when_public_priors_concordant_with_d4
aayl49:0002530:a2ce20983b90,a2ce20983b90f637ded1055385efaf5711d1cc11109c8c934148bde27d89dba0,0.8025979996,if6_consensus_when_public_priors_concordant_with_d4
aayl49:0002531:4fb4bc7ad2cb,4fb4bc7ad2cb69000bc64d87a839e33dda6de7f023dee8ca5cd4b5b952801098,0.9388386607,if6_consensus_when_public_priors_concordant_with_d4
aayl49:0002532:ad326e0089a1,ad326e0089a117d036835cc74e2d72d3fab3d8bce149994ba2e84b6f08fb369d,0.9913399816,if6_consensus_when_public_priors_concordant_with_d4
aayl49:0002533:e610e5233686,e610e52336866cc90aad28211babb1b52511d2e831ad6ed3642f38e5368cbbe0,0.977963388,if6_consensus_when_public_priors_concordant_with_d4
aayl49:0002534:cdd356d4ef72,cdd356d4ef72e98faac0c7e7bedf6227d1784f5f156e7d033a7fccce89230ca1,0.8676254153,if6_consensus_when_public_priors_concordant_with_d4
aayl49:0002535:2c25cb06089e,2c25cb06089ed4c0bd4cc3c15644bf6a3520ef28758cfbd250facefc200f7637,0.8810794353,if6_consensus_when_public_priors_concordant_with_d4
aayl49:0002536:fe177d82ed10,fe177d82ed1009d9d12c34dcf5894cd5e1bd0e9c95362742551d57f5023cd5b7,0.9205906987,if6_consensus_when_public_priors_concordant_with_d4
aayl49:0002537:e8db743689cf,e8db743689cf4d795333f25a857a82574a70f49544d8e57bfdd89c62ec437adb,0.8715688586,if6_consensus_when_public_priors_concordant_with_d4
aayl49:0002538:b6664a6b7dc2,b6664a6b7dc2b5634e78e265de7861ade08ba84bdc2cb52552614e0a0d5b1c6b,0.9071367383,if6_consensus_when_public_priors_concordant_with_d4
aayl49:0002539:d7566b8adb86,d7566b8adb86d3e9226e2de7349b3f5b05ab1da2eaf0f734184c5d2f61b0bc23,0.9399984479,if6_consensus_when_public_priors_concordant_with_d4
aayl49:0002540:839bc7e6564e,839bc7e6564e8e49a6166b2637dd914eb405ff081246be273025ec288dbe3526,0.9127039313,if6_consensus_when_public_priors_concordant_with_d4
aayl49:0002541:89d8eb321b1f,89d8eb321b1f8a54a78dc16f991ac4f689e7d10b184f51695f9e52f1f37378b0,0.9686074257,if6_consensus_when_public_priors_concordant_with_d4
aayl49:0002542:31cfd212faad,31cfd212faadd70fcfe37eeff39037790db74478ea7aca9b5458971b54897e2b,0.9379881024,if6_consensus_when_public_priors_concordant_with_d4
aayl49:0002543:6569dd5a0148,6569dd5a01484d0f71024e25f0ac30b225f5d9014168397e73d823d2ee6d50c9,0.9389932752,if6_consensus_when_public_priors_concordant_with_d4
aayl49:0002544:14f0a9795fad,14f0a9795fad9f821b8c62e614a061d51b198ce3469f50c0a9410d098c073401,0.8929097056,if6_consensus_when_public_priors_concordant_with_d4
aayl49:0002545:d4961b1ddcd6,d4961b1ddcd639bd03bd55653bc0e4fdedf917f1bf13d78b152defda9a016daa,0.8467486501,if6_consensus_when_public_priors_concordant_with_d4
aayl49:0002546:d9a3fd12ca4b,d9a3fd12ca4b8d568b5470d6ca2b636a9a19c3a39f9ec5569592358c75e965b1,0.881814003,if6_consensus_when_public_priors_concordant_with_d4
aayl49:0002547:9bfd76f9c1cc,9bfd76f9c1cc8f7f26f670752b5fce77bd2ccf91c1388ccc892743c351cb3437,0.7303796411,if6_consensus_when_public_priors_concordant_with_d4
aayl49:0002548:529b1d5c9d23,529b1d5c9d23df40f108aadc232c985630fa7c71e792a337d404950982934080,0.6945024133,if6_consensus_when_public_priors_concordant_with_d4
aayl49:0002549:23fe232c7b91,23fe232c7b91bae2830c2b2bd2407c240b45896ffeb95d33133a6379d769b266,0.765560925,if6_consensus_when_public_priors_concordant_with_d4
aayl49:0002550:6781765725f6,6781765725f61fd0d9c9d8aefbedd72a328dab768f91b19c59479a458aecbbd7,0.9338127971,if6_consensus_when_public_priors_concordant_with_d4
aayl49:0002551:912c9fe68967,912c9fe689677818c28dd5ddc8a6ccf4ed12e397628cb60b232b4c4564b26a0d,0.8970849514,if6_consensus_when_public_priors_concordant_with_d4
aayl49:0002552:e77d21c8e87a,e77d21c8e87af93b96b5da3c1fc78047da8b8fdebee57a003838f4f260d2ba96,0.6730843186,if6_consensus_when_public_priors_concordant_with_d4
aayl49:0002553:25242e124772,25242e12477263fad29209ec88518b057832a27c2eaa34868a0973469ce64f85,0.7907678485,if6_consensus_when_public_priors_concordant_with_d4
aayl49:0002554:cbf5e9dd0df1,cbf5e9dd0df104ceae83dd26af938a3730a75c739de4cee02be225c243bd400e,0.735018909,if6_consensus_when_public_priors_concordant_with_d4
aayl49:0002555:913697f4fa42,913697f4fa426ff443e0e37b51f1c8fc1eb2694a8312d67d2b3f3ce241cbd1ee,0.8398669362,if6_consensus_when_public_priors_concordant_with_d4
aayl49:0002556:79d365c16b19,79d365c16b19897a52065098998ef0875828d31c683b8bf00fb8b3f4e750f465,0.7421324849,if6_consensus_when_public_priors_concordant_with_d4
aayl49:0002557:27a40b2e7947,27a40b2e7947d1ad8307678a8fda7e0d39d153aa4a291e56db99402396d450d8,0.7539626956,if6_consensus_when_public_priors_concordant_with_d4
aayl49:0002558:cb16877e8803,cb16877e8803dbf8654695aebb27b144fafd118606baa0485d79bfc785522b71,0.760032475,if6_consensus_when_public_priors_concordant_with_d4
aayl49:0002559:5cda64cb7165,5cda64cb716587e6a3b5e1366b5522371e9b2afc26a20a8c8b6ca1e8c48406fc,0.8857186437,if6_consensus_when_public_priors_concordant_with_d4
aayl49:0002560:72f150a4e68c,72f150a4e68c48dc535c1483deb79c5328c92b4328573cbbcf17ec5bbb8af750,0.4248047769,if6_consensus_when_public_priors_concordant_with_d4
aayl49:0002561:fe2d1cf91470,fe2d1cf9147000e4f02e1936a4ac1de6acf6951421e0e0055449b8ea8e6e6ada,0.8298925757,if6_consensus_when_public_priors_concordant_with_d4
aayl49:0002562:f5315a7ef2be,f5315a7ef2be0ec5869852106843a0ccdf88784773c95b2ce4f9cda63eb88b9a,0.7784736753,if6_consensus_when_public_priors_concordant_with_d4
aayl49:0002563:89f0bd812158,89f0bd812158f01264e3c760607e9361c8d3ea2d5b00cfc66d16aed8df3e74a3,0.7999303937,if6_consensus_when_public_priors_concordant_with_d4
aayl49:0002564:f3ea0a5739c4,f3ea0a5739c4bedf2617f0c1d8887c167bf56f8c2fe81e13989b13971303adb7,0.7843500972,if6_consensus_when_public_priors_concordant_with_d4
aayl49:0002565:e0e3642fe835,e0e3642fe8350a9bb894e0d017520bee1785eb5c96bd328b9b7fa5fea41ed024,0.7948658466,if6_consensus_when_public_priors_concordant_with_d4
aayl49:0002566:3292fa3315ae,3292fa3315ae335f0e445facc45520b1760bc6e1fae6728b6dcf1a13c1afacc2,0.6994896531,if6_consensus_when_public_priors_concordant_with_d4
aayl49:0002567:e9b826659996,e9b82665999644ce223c32fae48fbfc84dd29907fe37b889f6d2185a56c6d3da,0.7742982507,if6_consensus_when_public_priors_concordant_with_d4
aayl49:0002568:8351f27acaa8,8351f27acaa87dac4d8f37b4564d7f51f1b623827cd28be8c7fa649935694741,0.6388309002,if6_consensus_when_public_priors_concordant_with_d4
aayl49:0002569:4deaaae0cfae,4deaaae0cfae8b836bbe12280be546f942a9f4f0ebcf27b9be6bc5b4cae6a488,0.9282455444,if6_consensus_when_public_priors_concordant_with_d4
aayl49:0002570:eb5d8bfd2d88,eb5d8bfd2d88ce8a744087133034f17696be47e54d3a122016d1ddf4e0f788d5,0.9039666057,if6_consensus_when_public_priors_concordant_with_d4
aayl49:0002571:8f118bf2327a,8f118bf2327afcd55fdb51481e7a007d19eca260a406a29d9d3cac0c49561d92,0.954225719,if6_consensus_when_public_priors_concordant_with_d4
aayl49:0002572:0b0a61f2df7d,0b0a61f2df7d4f903dcfa4e319f6203af7c20d4a7a0085e38f020d908bc8a6b6,0.8757442832,if6_consensus_when_public_priors_concordant_with_d4
aayl49:0002573:4bf836a64967,4bf836a649675cb440391dc4573a73785ea10add67d294a1ac7a9ede7d56a641,0.9430139661,if6_consensus_when_public_priors_concordant_with_d4
aayl49:0002574:ecd80e825e4f,ecd80e825e4ff6d4cb234c071efe35c27ff3a630af494f2fe405c8acc1e18c6d,0.6310987473,if6_consensus_when_public_priors_concordant_with_d4
aayl49:0002575:8744cbd60b1c,8744cbd60b1c1919afb6769ad560b06284e7996fe3979d53a30c9ae7b04353b9,0.5367664695,if6_consensus_when_public_priors_concordant_with_d4
aayl49:0002576:9c8797884d5c,9c8797884d5c3f22d986887996420ddb91439a144d903a68b393edfcd97138aa,0.7064099312,if6_consensus_when_public_priors_concordant_with_d4
aayl49:0002577:881d9de498dc,881d9de498dcb3080c17362646a39a901637e291dc40a9e814edf27ab3a034fc,0.9211319089,if6_consensus_when_public_priors_concordant_with_d4
aayl49:0002578:6075cd17becb,6075cd17becb4cfe57dfa54c120c27e05658a1e3cfa24a5c9c47ef7ad75442b5,0.9417768121,if6_consensus_when_public_priors_concordant_with_d4
aayl49:0002579:ed208d59f70e,ed208d59f70e0986cb15a7812b00bfd570b1e97e9074dea1147545e103177256,0.8383979201,if6_consensus_when_public_priors_concordant_with_d4
aayl49:0002580:3b18be3e5d26,3b18be3e5d26e7467b14ef33b3ff221e98cc98a3837f0b0fe5409a5e9729c3f2,0.7319261432,if6_consensus_when_public_priors_concordant_with_d4
aayl49:0002581:a1fbffd0b84f,a1fbffd0b84fa99f066296a714decfbb6736281f0a872a5b9d1310cf4d37d40f,0.7990412116,if6_consensus_when_public_priors_concordant_with_d4
aayl49:0002582:e9bd1dc94a9d,e9bd1dc94a9d5bf1a5f30fb0b8f0608fb47809ff21b2b066cfe4ada8aea4a94e,0.6546818614,if6_consensus_when_public_priors_concordant_with_d4
aayl49:0002583:7111e9aaa41c,7111e9aaa41cf50c167d20c6c04c24a2c5377909c634be8e05a25c868bbfd670,0.8487589955,if6_consensus_when_public_priors_concordant_with_d4
aayl49:0002584:67e5b318e7b0,67e5b318e7b0e6fe3fa09cc9b445ef1195258c84abf09ce6d54e84572cf0a37e,0.7743756175,if6_consensus_when_public_priors_concordant_with_d4
aayl49:0002585:25fb4f420b12,25fb4f420b12455de5bf095330690f52d19f722dff2471cdb6bace0e3e3747c6,0.9151008725,if6_consensus_when_public_priors_concordant_with_d4
aayl49:0002586:6c059ab97fdd,6c059ab97fdd918961610c5375ce9c0cd70313e8adc7f5a20dd874d922aa820e,0.7028531432,if6_consensus_when_public_priors_concordant_with_d4
aayl49:0002587:8a786c383f09,8a786c383f0970dd7ecb32956242879b083ef4fc6837193fa7fd780b5f9dac69,0.802134037,if6_consensus_when_public_priors_concordant_with_d4
aayl49:0002588:cdb1a699dc56,cdb1a699dc56341abef98252a57f8954dc731e20c78de03bc14f8e87d4775d96,0.8254078031,if6_consensus_when_public_priors_concordant_with_d4
aayl49:0002589:31776a5fa4b1,31776a5fa4b1304f3fa8fe1b28782465ac218af60783886c73e4a2d6b9234719,0.6047320962,if6_consensus_when_public_priors_concordant_with_d4
aayl49:0002590:2df5fa122597,2df5fa122597e1626641c79497366489063324f121274794d44e856f2d3910f4,0.4788525105,if6_consensus_when_public_priors_concordant_with_d4
aayl49:0002591:c5636afcc993,c5636afcc993eefd965300b7e4157a33ab44ca6168b93cf691b564238b03324d,0.8523930907,if6_consensus_when_public_priors_concordant_with_d4
aayl49:0002592:23c8646a2e0b,23c8646a2e0bb067a916e56e44ee39b29ba4fffed0ee62f53cbfb5ce74800b65,0.7904585004,if6_consensus_when_public_priors_concordant_with_d4
aayl49:0002593:9cdb032cb729,9cdb032cb729cd1e44acffadfc647e996f0413b4fa78e7b9a9d0f1942df90dcb,0.7165390849,if6_consensus_when_public_priors_concordant_with_d4
aayl49:0002594:31526b8a6955,31526b8a695551e8bd8ec836c59c38f6c2d0538e6ccfe1f6a1d2d6cae26c6d22,0.7659475803,if6_consensus_when_public_priors_concordant_with_d4
aayl49:0002595:0cc8473fc9a4,0cc8473fc9a4b485f1df72a8aaedc75bbca8757a0ddfc881437cea502414299d,0.7920048833,if6_consensus_when_public_priors_concordant_with_d4
aayl49:0002596:a5151fa8d1b2,a5151fa8d1b2e8d1536c6f5de7b87f8709a39727d453b32f6ad93065346cd50f,0.873269856,if6_consensus_when_public_priors_concordant_with_d4
aayl49:0002597:8923f12c0671,8923f12c06713530205590568ec83d2479ae80c3ae180fcc8cd4d34f7bad2110,0.9645867348,if6_consensus_when_public_priors_concordant_with_d4
aayl49:0002598:f8d0552a22ac,f8d0552a22accfb3a689930a1ed45ba2dc6035afa26fe5160868f270804b1d9e,0.9155648351,if6_consensus_when_public_priors_concordant_with_d4
aayl49:0002599:5a118bacc3ac,5a118bacc3ac3574d6422d2540435f7654fb42550855eb3249570ecf642982e9,0.9042758942,if6_consensus_when_public_priors_concordant_with_d4
aayl49:0002600:0ce322fc65e0,0ce322fc65e06e61135b8657dd080a79eebd18da408b96e9942a5a110ae95cfc,0.9812881351,if6_consensus_when_public_priors_concordant_with_d4
aayl49:0002601:fe42ee4da8a8,fe42ee4da8a8bfe073408200f1118a4f761eb1286d34c17d3f5edd780b8e9026,0.9732467532,if6_consensus_when_public_priors_concordant_with_d4
aayl49:0002602:4b82d97fea13,4b82d97fea13385222743085f69e774011fa0d5317a6c93a9bf2985ee4212ce4,0.9618031383,if6_consensus_when_public_priors_concordant_with_d4
aayl49:0002603:7c3743b6ebf8,7c3743b6ebf8dfc3bcdd05993fe6ff4e2f9194adde76c63bc40be37e02445ad7,0.9200494289,if6_consensus_when_public_priors_concordant_with_d4
aayl49:0002604:24d9f6ac6523,24d9f6ac65239ebc29850fb196dbceace51572cd4678cb1266d10ce9e113006e,0.9643547535,if6_consensus_when_public_priors_concordant_with_d4
aayl49:0002605:6e084b60e3c8,6e084b60e3c844808533dd5bb526c72d352279828cb957b003d61ea4aa181bac,0.9731693864,if6_consensus_when_public_priors_concordant_with_d4
aayl49:0002606:08d6a0770b96,08d6a0770b968734b7a62f59ce7bbe8eca85dfc0466e248003650e259b8b86c7,0.9843037128,if6_consensus_when_public_priors_concordant_with_d4
aayl49:0002607:6f89172405f0,6f89172405f01b78caadd27fdf21945481915d3a65820a0cb56e3fcb8058f116,0.9863913655,if6_consensus_when_public_priors_concordant_with_d4
aayl49:0002608:3e38cc457df5,3e38cc457df58dc04a78d9103bbc1f876ac9f5f92c37a5b8baed17cb2781327e,0.9157967567,if6_consensus_when_public_priors_concordant_with_d4
aayl49:0002609:8012c127ef1d,8012c127ef1db7fd603f3fadbd1a09fba34e60953b401e6a877a2ba8fba67deb,0.727905333,if6_consensus_when_public_priors_concordant_with_d4
aayl49:0002610:6fc5c56dc7c4,6fc5c56dc7c4dcde31d865b393dca0ca240d695610b9466711531c7658985e93,0.8680121303,if6_consensus_when_public_priors_concordant_with_d4
aayl49:0002611:c7fdd735e2aa,c7fdd735e2aa4ff8005be6cf9413e09a1a53b095f2b578fde8d7f461ec24c435,0.7994278073,if6_consensus_when_public_priors_concordant_with_d4
aayl49:0002612:70b96f06c9a8,70b96f06c9a8e02420ec15fa0857fec3e0ea347017bab6ecb3847bfbd76a889b,0.7431376576,if6_consensus_when_public_priors_concordant_with_d4
aayl49:0002613:59babd4beb85,59babd4beb8508ae8464b7994e536e5b782137cbdfd2c70fa97ac5d4b8895ebb,0.8506920338,if6_consensus_when_public_priors_concordant_with_d4
aayl49:0002614:893ff2b1a4ff,893ff2b1a4ffa147528e6591b0e674d4322174c3d5349dd5913db9dabbe87680,0.81605196,if6_consensus_when_public_priors_concordant_with_d4
aayl49:0002615:42c181de46e1,42c181de46e15b43b89296a7988402c49ab582f80a67724c5d7180929323d772,0.8773679733,if6_consensus_when_public_priors_concordant_with_d4
aayl49:0002616:4d45e962c56b,4d45e962c56b06894f3764b8c80f2c3afc418e119e1aa3f923e2b41d0cf7521a,0.7671847343,if6_consensus_when_public_priors_concordant_with_d4
aayl49:0002617:268850f1681b,268850f1681b0a4f23cfe16a194b4ece7f004efe3a106d8ac4f834a1b960d288,0.8382432461,if6_consensus_when_public_priors_concordant_with_d4
aayl49:0002618:477b00f99d09,477b00f99d09db52e326ac5d2bd714a652fa301331c370801804b0a62ac6f386,0.8078558445,if6_consensus_when_public_priors_concordant_with_d4
aayl49:0002619:c3760cc10617,c3760cc10617c5ad1151c0ad44b3134fe193cbf1de472ca41f04db15c64a4f66,0.8845589161,if6_consensus_when_public_priors_concordant_with_d4
aayl49:0002620:02e3ce2b245a,02e3ce2b245a2f34643e2982621f01eab651a1bc086386fd5722f6dbf35bfdf7,0.934740603,if6_consensus_when_public_priors_concordant_with_d4
aayl49:0002621:8ff880cea92c,8ff880cea92c1031832c8d40ca5ab2627b27df022481314ada53722a8084d570,0.8891982436,if6_consensus_when_public_priors_concordant_with_d4
aayl49:0002622:bb2fa6675f56,bb2fa6675f56d33009117f59a511b5b09f21a17352b33182780ca713d4564df5,0.8607438207,if6_consensus_when_public_priors_concordant_with_d4
aayl49:0002623:a433038b15dc,a433038b15dc48756d7e70b790248bd322c05eb9405dd3978ce85d599f919238,0.7215650082,if6_consensus_when_public_priors_concordant_with_d4
aayl49:0002624:221f678fc38d,221f678fc38dcf1e4258eb3541603f8d8615c9822922fcb3d14d2e61da216bff,0.6445527077,if6_consensus_when_public_priors_concordant_with_d4
aayl49:0002625:d6661797663b,d6661797663bd3b419ef7d8428a639c2a2b156fdeb8efb1172302689850cc34f,0.8553313613,if6_consensus_when_public_priors_concordant_with_d4
aayl49:0002626:46bc7b6be65a,46bc7b6be65a5cf66fc40462aa6a9aa0da88c877da36bf5da9d94914f835826a,0.7289105058,if6_consensus_when_public_priors_concordant_with_d4
aayl49:0002627:9d389257fac0,9d389257fac06233429edbd05c2ef0b43de39a54b2a1c7d694846634cec90a4b,0.8515425324,if6_consensus_when_public_priors_concordant_with_d4
aayl49:0002628:6a2e544ffafa,6a2e544ffafa33b3acedbb3ec016a131b670847554665d272327cbaf53966b00,0.8077011704,if6_consensus_when_public_priors_concordant_with_d4
aayl49:0002629:cd0893e19bd7,cd0893e19bd7eee95fc3b79ad13d3217aa316807a1d26afd6a8d7913f598e229,0.9086058736,if6_consensus_when_public_priors_concordant_with_d4
aayl49:0002630:2fb8e76e9067,2fb8e76e9067fd44b397717e8e7c0186e0620bdf25394dd77a3a11b1a150ddcf,0.8336812854,if6_consensus_when_public_priors_concordant_with_d4
aayl49:0002631:721f60a6aa99,721f60a6aa99ef3c22342c57b7bb2a08ceeb62a008dce3c3e5d6b8c71ef24479,0.8042990565,if6_consensus_when_public_priors_concordant_with_d4
aayl49:0002632:647b39da3f3a,647b39da3f3a4e1385915664c1e64bbc75e8a427821165bc345afa1b17d6e007,0.4653985798,if6_consensus_when_public_priors_concordant_with_d4
aayl49:0002633:5953a9a75bdf,5953a9a75bdf6dddba13ad5096eec273a325aee2a211cd8cc0277def68161da0,0.8353824019,if6_consensus_when_public_priors_concordant_with_d4
aayl49:0002634:3583fd26abb3,3583fd26abb3b267ce885ffe8d474dbe936148b83785a3db525155fc62d6072e,0.8354597092,if6_consensus_when_public_priors_concordant_with_d4
aayl49:0002635:da2100872da0,da2100872da0d8d0e0089e4441f6a419af7dcfa2210129ebbf778e7d6c70701a,0.8174437881,if6_consensus_when_public_priors_concordant_with_d4
aayl49:0002636:117a872505ec,117a872505ec2134fcf6d456d7cbc78ebffcacdb65e34b0e545601f419dcc7d1,0.7981133461,if6_consensus_when_public_priors_concordant_with_d4
aayl49:0002637:44063d21dc0f,44063d21dc0fc43a52f873e2ecd54c617fe2374b85e3fa6016f7a33b3206a043,0.8660016656,if6_consensus_when_public_priors_concordant_with_d4
aayl49:0002638:36e7469cc73c,36e7469cc73c711bbd564b799cf217e5055e391fed83e4e371e5ee174a83fcb0,0.9030387402,if6_consensus_when_public_priors_concordant_with_d4
aayl49:0002639:44c7b0b3c4b4,44c7b0b3c4b45f97be8e976268c065d40a3b07ccb6412f2bba8e4f30978a30c0,0.659707725,if6_consensus_when_public_priors_concordant_with_d4
aayl49:0002640:e2d9114fc951,e2d9114fc95111f92ff58a02ca5189e2296532eff0e93553228d3ed059a0051f,0.6314080358,if6_consensus_when_public_priors_concordant_with_d4
aayl49:0002641:b59202375525,b592023755256e4066658078b49c1d62fa1e1ee290439381d055f31ac756e452,0.8243253827,if6_consensus_when_public_priors_concordant_with_d4
aayl49:0002642:53a1d36f1552,53a1d36f155204d100d3ad7e4f6ce0d324e8468079d993740a3bd511afd616cd,0.8155107498,if6_consensus_when_public_priors_concordant_with_d4
aayl49:0002643:bae4a7dfab56,bae4a7dfab567b8519c2b1a78338fc13c7be0ea75d070903764c4b0bf3594c8b,0.5533905625,if6_consensus_when_public_priors_concordant_with_d4
aayl49:0002644:f6633cde4e22,f6633cde4e2202523de5f67c9ee35ea94e74d6e40b9d57b1e0da60f97d5a7bba,0.7077243924,if6_consensus_when_public_priors_concordant_with_d4
aayl49:0002645:071d1947770c,071d1947770c50103ca3e97fdf0ef276c8845d60aa57430e006810d5a47ca4c7,0.6542952061,if6_consensus_when_public_priors_concordant_with_d4
aayl49:0002646:be40cdac9563,be40cdac95634a4142712e2435e1380f371fae28f3bbf8c4baee590500c2565a,0.6907909513,if6_consensus_when_public_priors_concordant_with_d4
aayl49:0002647:41e667a30b8c,41e667a30b8c7cbf78afe1ba0dd9194f066357a86f644932d9d754334e8c1833,0.996443212,if6_consensus_when_public_priors_concordant_with_d4
aayl49:0002648:ed6a5f234267,ed6a5f234267abf2caa36d8f876699630c277c4bc97ba38cd616b6425513c6d0,0.9458748698,if6_consensus_when_public_priors_concordant_with_d4
aayl49:0002649:ea43f0a53f72,ea43f0a53f722d26cd9d0c03268186313abf69610e8b69fd30f2c26ec26ae3c0,0.962189734,if6_consensus_when_public_priors_concordant_with_d4
aayl49:0002650:bee267fe53c8,bee267fe53c8c6fb7739ac96a3559d5db8c7ce9d87d73683b03f4e02c530954f,0.968375504,if6_consensus_when_public_priors_concordant_with_d4
aayl49:0002651:f1298d55bc88,f1298d55bc8800bfcea18241728c047c6faca0e6ed7f235ec3a210fc41e7abe6,0.9776540399,if6_consensus_when_public_priors_concordant_with_d4
aayl49:0002652:5e7081c8c1da,5e7081c8c1dafa24689cb45ca324847555b047284f385eec2126ee2c5ae98e4f,0.9419314861,if6_consensus_when_public_priors_concordant_with_d4
aayl49:0002653:bd35108a6827,bd35108a6827a5aedcb2fcb328529c77f0d1da500604b309dd2108882857d376,0.9513647556,if6_consensus_when_public_priors_concordant_with_d4
aayl49:0002654:e17dd02cde0b,e17dd02cde0b7358bb6a8105e544aca11262bc90a20303018f6a4d092cc64429,0.9373695254,if6_consensus_when_public_priors_concordant_with_d4
aayl49:0002655:f6b9cf91c440,f6b9cf91c440fef6f2bd34c169f5545050efe8beceaa3ecf55de34a0e853eeaa,0.9256166816,if6_consensus_when_public_priors_concordant_with_d4
aayl49:0002656:a95d97b6abad,a95d97b6abad42f0c72f9c6bd330648aacf5a8208ccc53882dbab38b64205406,0.88069278,if6_consensus_when_public_priors_concordant_with_d4
aayl49:0002657:e753d04182dd,e753d04182ddd1979b23ad3fe252af5baa3a62edf6a26a5ad0b4d6d1890b0eec,0.9618031383,if6_consensus_when_public_priors_concordant_with_d4
aayl49:0002658:ac60131d4968,ac60131d4968cf16974ef35c503553e6e628d7cf4a8f6b811a3e95dc8371b52d,0.9757983685,if6_consensus_when_public_priors_concordant_with_d4
aayl49:0002659:580ceccbf88c,580ceccbf88c339bb4ab8143759b326af34719d715e91d44f3ca66a51fe06112,0.7400448322,if6_consensus_when_public_priors_concordant_with_d4
aayl49:0002660:0b51eac19fb9,0b51eac19fb9ed132a0ad23916d42b8765d3aa0613e5d1a7f4833ffd2ebccd74,0.9937369823,if6_consensus_when_public_priors_concordant_with_d4
aayl49:0002661:3ec3a4ab4661,3ec3a4ab4661a51a26357d3cc94def71e14d565050cf5ef6f33557f3cc402342,0.9775767326,if6_consensus_when_public_priors_concordant_with_d4
aayl49:0002662:c5a583d9baa7,c5a583d9baa7993e73177aedd52b91183d8caf1349324e1df67858cb940673df,0.9752570987,if6_consensus_when_public_priors_concordant_with_d4
aayl49:0002663:0010531d8507,0010531d85077e6a492fc32f9d8780af4db7d27f605f936f19e0d8c0f42487d2,0.9405397773,if6_consensus_when_public_priors_concordant_with_d4
aayl49:0002664:82acfc727683,82acfc727683ee90fc301b678a6b1fcd513939614228f27bbd3ffafe9625a02a,0.9489677548,if6_consensus_when_public_priors_concordant_with_d4
aayl49:0002665:e25183ba33ae,e25183ba33aef94b16a0e4e3edc333a9b7c5cf08a1cde22216e0c4f718fa7052,0.7628547549,if6_consensus_when_public_priors_concordant_with_d4
aayl49:0002666:e25fd1f6f661,e25fd1f6f66121f3088bd951bb3576ae9ea95ac8996c0045cbd78f0f686c3c85,0.88069278,if6_consensus_when_public_priors_concordant_with_d4
aayl49:0002667:ca5e06816183,ca5e06816183c794e544296847e1fcd3e73bf5baacd2814a754576c3c3669a91,0.8539395332,if6_consensus_when_public_priors_concordant_with_d4
aayl49:0002668:bea5405362e4,bea5405362e4e128026ccc0d5d29fb22701c6a18530a3abca915c674f2d57825,0.8433465362,if6_consensus_when_public_priors_concordant_with_d4
aayl49:0002669:308d80e8e709,308d80e8e709197b568c60726c1d0f1b578af3dc083d3bf4786e3ee976d42656,0.8669295907,if6_consensus_when_public_priors_concordant_with_d4
aayl49:0002670:603df072ed5e,603df072ed5e6d612157b2a56eefc5f1eaa21bb9e9a06b763c155b61d3714566,0.7611536384,if6_consensus_when_public_priors_concordant_with_d4
aayl49:0002671:9317f3522232,9317f352223203bde00cb556a9aa1ca1b0f296dc00d1dcf5e426d4f4b51416f8,0.9142503738,if6_consensus_when_public_priors_concordant_with_d4
aayl49:0002672:3a00129a4734,3a00129a4734d519644ae529686166350efcfaaa7c10741715de35873d667f84,0.8943787217,if6_consensus_when_public_priors_concordant_with_d4
aayl49:0002673:7921e9be1d9d,7921e9be1d9d4aa1fb022f7f35133d77dfad801775e131fc929f3325ec3cd2b2,0.9275496602,if6_consensus_when_public_priors_concordant_with_d4
aayl49:0002674:1360d341cff5,1360d341cff5507b83fbb2b36be3ba9c5a0f6311e178b7aab920f234a005d3df,0.8811567426,if6_consensus_when_public_priors_concordant_with_d4
aayl49:0002675:0884c55fb646,0884c55fb646284b900cce49efb0e4c34d4edff542102aeae44659252a97e406,0.743524313,if6_consensus_when_public_priors_concordant_with_d4
aayl49:0002676:8f86f57cb6ce,8f86f57cb6ce23431dec1d6edb2c487c712eb096fc6f9298f8b7dcb9f0af6f65,0.9314931035,if6_consensus_when_public_priors_concordant_with_d4
aayl49:0002677:74bc239610c3,74bc239610c3f7dde002fa0bbee4d558bc275499ed6da2d5d17e43aba6fe09e1,0.7135235667,if6_consensus_when_public_priors_concordant_with_d4
aayl49:0002678:32a75106e8ab,32a75106e8ab1c793e200c3566d01bf493bedd2f194152358d2245b397e15d77,0.8629861474,if6_consensus_when_public_priors_concordant_with_d4
aayl49:0002679:5782d3b5732c,5782d3b5732c031805c630b5d0c2a3439c0302cf46b18065fa9ae0c616fd52e9,0.8595840335,if6_consensus_when_public_priors_concordant_with_d4
aayl49:0002680:036b21bb12c2,036b21bb12c2e18bb0a4d805c1ba1841acc84c213cb54ad956a29d4492577289,0.8016701341,if6_consensus_when_public_priors_concordant_with_d4
aayl49:0002681:a2b61efe05ac,a2b61efe05acaff25f9defcc432186b2a76a12acd886fafa568e3d7d7c99510c,0.8152787685,if6_consensus_when_public_priors_concordant_with_d4
aayl49:0002682:2afebb23aa64,2afebb23aa645a55a3a5fd0d9da7bd969d48bb9cd538ea9ea868271e54e2861b,0.7432150245,if6_consensus_when_public_priors_concordant_with_d4
aayl49:0002683:075146e3e502,075146e3e5024635075d6b394cf1113079fade3a9bb14ef24e64d5c6725ee768,0.8578055501,if6_consensus_when_public_priors_concordant_with_d4
aayl49:0002684:a9d6da3fa840,a9d6da3fa84099316ebeee01bd3a987a05695ad599a1f90aaaf717dc5cbed55c,0.8562591672,if6_consensus_when_public_priors_concordant_with_d4
aayl49:0002685:96ae56992534,96ae5699253491ff1055098ba7468b8213abc1095264063d446a81d00e8577e0,0.7220289111,if6_consensus_when_public_priors_concordant_with_d4
aayl49:0002686:cb7581a6a78d,cb7581a6a78dd2a08cf44c8ecd4926784ce6267d1d740870956bba8c4fcef8f5,0.8164386153,if6_consensus_when_public_priors_concordant_with_d4
aayl49:0002687:a702cd4d1ec7,a702cd4d1ec7bbb968d3dce824f473b03b4d8cdf7f5d5965d3cd17a5cfc168bd,0.8822392821,if6_consensus_when_public_priors_concordant_with_d4
aayl49:0002688:30b27f4a6939,30b27f4a6939415dbde4690ce0aa8aca0b91e14a68ec911c802db7dbe61b184f,0.5806077123,if6_consensus_when_public_priors_concordant_with_d4
aayl49:0002689:590d528cf2f4,590d528cf2f45df4cf1ca6cc73df77c1ec793c82fecfede76dd3a24680e3e1c1,0.5697827339,if6_consensus_when_public_priors_concordant_with_d4
aayl49:0002690:480dda9271ab,480dda9271ab05912f959e82fbc67d2e9cd875236ad95e12922784255260cd50,0.6517435908,if6_consensus_when_public_priors_concordant_with_d4
aayl49:0002691:5aa4b1456f00,5aa4b1456f0044b2514cc2281ec46ce8cbe0b9424f9c1461106f35c4d8aa2dcd,0.5419469476,if6_consensus_when_public_priors_concordant_with_d4
aayl49:0002692:87f1167ca612,87f1167ca612513d3bdac10c8a217472868a6533d90f66051e06292aff7154d3,0.8612850308,if6_consensus_when_public_priors_concordant_with_d4
aayl49:0002693:f697cd710877,f697cd710877522eb3f2fa2f409e29ea293914a1f48413a607f200c0a429b585,0.5246269107,if6_consensus_when_public_priors_concordant_with_d4
aayl49:0002694:81244f53e016,81244f53e016819438c49005ad99f6921d4ba1f7333f3d16a027a97d5eba17a1,0.3418387175,if6_consensus_when_public_priors_concordant_with_d4
aayl49:0002695:38b15f5013ef,38b15f5013ef18c4d35126de7c80f255c4922a8ed0262a8771c616d696f9e72b,0.929946661,if6_consensus_when_public_priors_concordant_with_d4
aayl49:0002696:f9b1c8c1a543,f9b1c8c1a5436e5da4db1ac4f999fefc928187cf76222323428311628c5a1fa1,0.9546895623,if6_consensus_when_public_priors_concordant_with_d4
aayl49:0002697:c811190af624,c811190af6248fc913c91a995c966c1e77b73100a7f563e7818eb570d40ca8cd,0.7985000014,if6_consensus_when_public_priors_concordant_with_d4
aayl49:0002698:48011c85b57d,48011c85b57df22661a411a5df6d69462a90ffbb90ab747f79a70c03031dc998,0.8063867688,if6_consensus_when_public_priors_concordant_with_d4
aayl49:0002699:dfb44b9c28ba,dfb44b9c28bac65dc71ffe54a31a64d0acd911de909d019ea1c9ea510ea4271a,0.8590428233,if6_consensus_when_public_priors_concordant_with_d4
aayl49:0002700:4cf554a571a4,4cf554a571a4826cf7cbb79d00a718d007fcd9d568017e958b33d7515db73b95,0.8540168405,if6_consensus_when_public_priors_concordant_with_d4
aayl49:0002701:c5b4cf783ac9,c5b4cf783ac93ecc8f32135734613044ce603351dc3e6ffc1d6130e689c3067f,0.8594293594,if6_consensus_when_public_priors_concordant_with_d4
aayl49:0002702:f5453199f39a,f5453199f39aa3f0dc8da7f891a8382405058517ba341a5d9968af147e9e22be,0.8705636859,if6_consensus_when_public_priors_concordant_with_d4
aayl49:0002703:4dde54bc6231,4dde54bc623105003297ae2b32858ef29634df086a5788372c8c1b532224243c,0.9314930439,if6_consensus_when_public_priors_concordant_with_d4
aayl49:0002704:7101a8d8217d,7101a8d8217d4f351559c13f3d9612b85f485b7694658772e5e41d841fb0f884,0.8988633752,if6_consensus_when_public_priors_concordant_with_d4
aayl49:0002705:7d3b28a955a8,7d3b28a955a86b64b673ad51481ce7ca3f1f3f1deb6797e620e360a162082b1c,0.9198174477,if6_consensus_when_public_priors_concordant_with_d4
aayl49:0002706:0ad9e621a8f9,0ad9e621a8f9f222822249cf323dfd9551b4b0435edea07dc2a7548fbf0958ed,0.8984767795,if6_consensus_when_public_priors_concordant_with_d4
aayl49:0002707:75f333970806,75f333970806dd1646c5b5f53f99e5284d16807da17adb6536dff23417a0bb43,0.763086617,if6_consensus_when_public_priors_concordant_with_d4
aayl49:0002708:5de42fdba7f3,5de42fdba7f347eac602d25120e06c99b02bb3a17d55a4b06b781b7ed6884cf7,0.7946338654,if6_consensus_when_public_priors_concordant_with_d4
aayl49:0002709:881c60b38458,881c60b38458dd13adc7aa83c7d09e06797a1612b7b09b531f5c28a4000cf7bb,0.5291115642,if6_consensus_when_public_priors_concordant_with_d4
aayl49:0002710:837f8516119e,837f8516119ec3900466ebf8e21f7f2827b83c7d0304686690cbc59d8a3d79bc,0.4741359651,if6_consensus_when_public_priors_concordant_with_d4
aayl49:0002711:4e66d739d223,4e66d739d2234b3276287e22631ab99b2e846082a9466a93477e748bd4d1459b,0.4991880953,if6_consensus_when_public_priors_concordant_with_d4
aayl49:0002712:e664cb836a7c,e664cb836a7ce1fce45794ac783e14b9044c8e24ea5472afa07b2d541a27fefd,0.5203742385,if6_consensus_when_public_priors_concordant_with_d4
aayl49:0002713:dcca27ba4cb6,dcca27ba4cb682863113776c8ab545feeba15cd3f83f9a9b2cb9d0e1fde02b06,0.5215340257,if6_consensus_when_public_priors_concordant_with_d4
aayl49:0002714:1fc63ac5dbaf,1fc63ac5dbaf88f4a28ccb89a8b9fc028c13b91a6a98e8ae32eb253254bf9f3d,0.4629243314,if6_consensus_when_public_priors_concordant_with_d4
aayl49:0002715:eff082473e24,eff082473e248dd9e64c1e93c7aea76d44a0c726d6f7f0b764af291d2ca782b1,0.4881311357,if6_consensus_when_public_priors_concordant_with_d4
aayl49:0002716:975747f8bf93,975747f8bf936ce1429d501b2289f8bde4697a987625423c8d67c4f8bb48a52d,0.9548442364,if6_consensus_when_public_priors_concordant_with_d4
aayl49:0002717:87ae729c9311,87ae729c931183a617704718b0c7fa8c828f94a4ea3f151e5638174a8995a486,0.8322122097,if6_consensus_when_public_priors_concordant_with_d4
aayl49:0002718:feca2537ba8c,feca2537ba8ce6570c71ad6f7e502ccbbe29747d07945c4ca34a309a72465975,0.9704630971,if6_consensus_when_public_priors_concordant_with_d4
aayl49:0002719:6bb49b95c01e,6bb49b95c01ec16124b0ef53acb4ee1be3da58bed0bcc973a491fb6d27a4d840,0.9183484912,if6_consensus_when_public_priors_concordant_with_d4
aayl49:0002720:9f3c37b19e68,9f3c37b19e68d497efb5027728f8dcafb31f94012f16e75e64751d6759c1f9e6,0.8970076442,if6_consensus_when_public_priors_concordant_with_d4
aayl49:0002721:b1b43e7afdcd,b1b43e7afdcd1e86b2a3555a85c60f0174e5b699c52c4fb104fe15272af3369b,0.9621124268,if6_consensus_when_public_priors_concordant_with_d4
aayl49:0002722:f6fb0c1c186f,f6fb0c1c186f90e6648e71ab3dfdf6bbb0cbc1c5c63a7e694067e24a58eb3bf0,0.8996365666,if6_consensus_when_public_priors_concordant_with_d4
aayl49:0002723:689e0fcaecb0,689e0fcaecb05579560b2a658f27155b258e2e3dbdea226b304ff2ad4a960b22,0.8966984153,if6_consensus_when_public_priors_concordant_with_d4
aayl49:0002724:3cf2e1dd5608,3cf2e1dd56082fa3217dfbe3c66cb53f3b6573b51a55ab534b098811fa803a42,0.8245573044,if6_consensus_when_public_priors_concordant_with_d4
aayl49:0002725:393b713028b0,393b713028b0884245f74087538e7ae3b6fbd434d63e933a84aaba6ec3b9ccd7,0.9645867348,if6_consensus_when_public_priors_concordant_with_d4
aayl49:0002726:d6e6e64a8100,d6e6e64a8100c9fa7b83f306660ff25a2da09f1e3f674d6dadac440e8c5683d4,0.9161834717,if6_consensus_when_public_priors_concordant_with_d4
aayl49:0002727:cb55a303c420,cb55a303c42052b39cdd8972f1464eaa0e47adab5364a3c3a54cf89132b4fc09,0.9455656409,if6_consensus_when_public_priors_concordant_with_d4
aayl49:0002728:6c98cd0071e1,6c98cd0071e17d819d22270bc2d6d242eb240c09ac4be4fac45477667d36d9b3,0.9062862396,if6_consensus_when_public_priors_concordant_with_d4
aayl49:0002729:380635b1361b,380635b1361b774faf01d2ace386c4c3cbf8015cec5f078d5c433c0cdc206663,0.9189670086,if6_consensus_when_public_priors_concordant_with_d4
aayl49:0002730:9a95cbb17d24,9a95cbb17d247cc61be5a9e0ad84ddba5436044fcf81bc85679dd1f3760b7e60,0.9743292332,if6_consensus_when_public_priors_concordant_with_d4
aayl49:0002731:d3d2cb99505d,d3d2cb99505d0fe8937fd3909d4080a82d92a1b1f17dd523d1551c694f2e8534,0.9901028275,if6_consensus_when_public_priors_concordant_with_d4
aayl49:0002732:6821332afe10,6821332afe10aa64622ef84843debe4f8d95528db200e825b1956105159d38b9,0.9424727559,if6_consensus_when_public_priors_concordant_with_d4
aayl49:0002733:1d8e4efe33a9,1d8e4efe33a9759d75c53d2773b67b61d0ccff0dd3430eacbc88c79464785721,0.9532977939,if6_consensus_when_public_priors_concordant_with_d4
aayl49:0002734:347fc68ef617,347fc68ef6176715ceb0ee6932cb277dad532bb8ec079e9705e97a34172b88ef,0.9931184649,if6_consensus_when_public_priors_concordant_with_d4
aayl49:0002735:358612b820ce,358612b820ceb93a77d667fbbbbb8eae97dd11201a529934c31e83b8e44a70d0,0.9664424062,if6_consensus_when_public_priors_concordant_with_d4
aayl49:0002736:2958ca6727fe,2958ca6727fe91798b0177f5fe97c430ee2b2b1947e16eec6c8912472f52aa20,0.9887883663,if6_consensus_when_public_priors_concordant_with_d4
aayl49:0002737:15efff6f2ecd,15efff6f2ecd84418234c8a62b6c2352b91d41c364cd9f49fcc77bcfe4f6b454,0.9642000794,if6_consensus_when_public_priors_concordant_with_d4
aayl49:0002738:b828526202ea,b828526202ea490ccd2f937fb8c46e1af9b41dfc27282fc0af3b3f127eaefbb6,0.9737107158,if6_consensus_when_public_priors_concordant_with_d4
aayl49:0002739:18eb7c65fcc8,18eb7c65fcc8f6a72011c8f1f3a0c28705eec4a95a6af0878e36d5ff0c2a3c44,0.8790690303,if6_consensus_when_public_priors_concordant_with_d4
aayl49:0002740:479ccfb4a65f,479ccfb4a65f0596e2e9e18579366ed067c3d407f345509df1b35cd391951c33,0.9969071746,if6_consensus_when_public_priors_concordant_with_d4
aayl49:0002741:968d15b784a0,968d15b784a04c3efa09e4208c4c7233e06da721c55fbd87a5190a3478cff8a0,0.9972164035,if6_consensus_when_public_priors_concordant_with_d4
aayl49:0002742:5cc8fe351a79,5cc8fe351a7919f1053d1ab17bf82ac1f24a7b2cec09f9c3ed7cfe98ba706d2c,0.9396118522,if6_consensus_when_public_priors_concordant_with_d4
aayl49:0002743:bbcfbf130c00,bbcfbf130c00fc3b156c27d8b0d937d648d66f8494c5ce9c253f77c7e1c2ba1e,0.9582464099,if6_consensus_when_public_priors_concordant_with_d4
aayl49:0002744:7519e65310d0,7519e65310d0995c781f61765783d0ed1aae055483f17e0d584932d5a6b4d0a0,0.8469032645,if6_consensus_when_public_priors_concordant_with_d4
aayl49:0002745:8943171d6346,8943171d63460226452de1580e3a48af6e9abd1451a4fa21d529293dddee72cd,0.802134037,if6_consensus_when_public_priors_concordant_with_d4
aayl49:0002746:98518699fec5,98518699fec5da3afbc94cfa642f048df48c1c045e524faa807dc3e8ab07c787,0.7017706037,if6_consensus_when_public_priors_concordant_with_d4
aayl49:0002747:8a33896c28c1,8a33896c28c102fa09161866c914042b92192e14b1d18f7fa21a17b26962bd9f,0.7702002525,if6_consensus_when_public_priors_concordant_with_d4
aayl49:0002748:0ccc01e3f33f,0ccc01e3f33f3438765ce36932696ba512c429cba04f0ce40a99362ddecb59c8,0.849686861,if6_consensus_when_public_priors_concordant_with_d4
aayl49:0002749:187928aae046,187928aae04643efe2afaa7cd1b0aa8ff2563ec927d4c8d5aa53a6ecf949a931,0.9470347762,if6_consensus_when_public_priors_concordant_with_d4
aayl49:0002750:f86a4204c94e,f86a4204c94eca0235afcb2181709a6615f940565e36d64ef105f229b95f6d2a,0.8144281507,if6_consensus_when_public_priors_concordant_with_d4
aayl49:0002751:df59f2326645,df59f232664569e59380a3b5580b459bbeb6bf6953bb785f2ae7b57d6596a8e9,0.9621124268,if6_consensus_when_public_priors_concordant_with_d4
aayl49:0002752:73f5910e99d4,73f5910e99d4251e1674261c735f67e7644ec710b28d714c4d83cf4d085957ce,0.7763087153,if6_consensus_when_public_priors_concordant_with_d4
aayl49:0002753:10e4dd0143d6,10e4dd0143d64d1e4957c44f48569d37a998ded03a40b5749b43820a32b36b62,0.7803294063,if6_consensus_when_public_priors_concordant_with_d4
aayl49:0002754:dee173244dc1,dee173244dc188a86bf48d50a03ba6555800d11b207a87665545163431833ee7,0.4208613932,if6_consensus_when_public_priors_concordant_with_d4
aayl49:0002755:d8cf2d06873e,d8cf2d06873ee385f2c1667b827ef7ec5fabdf83182ffd00e2c56ad43194d2ac,0.5027449131,if6_consensus_when_public_priors_concordant_with_d4
aayl49:0002756:d9f286bad84f,d9f286bad84f3679d88ad4ea7e388a0510a91e5f0eda3a5b83f984faff13f778,0.4597541392,if6_consensus_when_public_priors_concordant_with_d4
aayl49:0002757:8e9635197f60,8e9635197f6024c083368dfddb541cd9fee61c4c3ff221c3e004361d2f1cb6bf,0.551689446,if6_consensus_when_public_priors_concordant_with_d4
aayl49:0002758:5e8ca6d5f0de,5e8ca6d5f0de63cf036dd6cd6061af0443a338bac2c2995ffe7a91e6c558c858,0.450630188,if6_consensus_when_public_priors_concordant_with_d4
aayl49:0002759:141205defc51,141205defc51932bf0a0b18e2d76bfe8e02e42baeaec435d8d4f8c57e55754aa,0.6685223579,if6_consensus_when_public_priors_concordant_with_d4
aayl49:0002760:d708b57fd22b,d708b57fd22bb66f68b01589aa6668b801e1ecda7d70a48fc110df64a1d341f9,0.8868012428,if6_consensus_when_public_priors_concordant_with_d4
aayl49:0002761:47032a46fa8c,47032a46fa8cea4f97967d123475a89314889e1aebfd5a6fed96646e894931f0,0.599860847,if6_consensus_when_public_priors_concordant_with_d4
aayl49:0002762:b658a6f74e39,b658a6f74e3940a46f2340b24194da8111de14393a6e6585f4654a2d4789d126,0.7221062779,if6_consensus_when_public_priors_concordant_with_d4
aayl49:0002763:383337f08b76,383337f08b768cc122ae159d0fc92ac8751e6d762b1f64395dfd1d9558f7d615,0.6065878272,if6_consensus_when_public_priors_concordant_with_d4
aayl49:0002764:8bd35eb3fb8e,8bd35eb3fb8ea7a8b004ec79924a234c889c471ac81d1ec5cc3729898d4cdf58,0.6436248422,if6_consensus_when_public_priors_concordant_with_d4
aayl49:0002765:88a26b76f3d3,88a26b76f3d3c578e7be9b9599233bf6f276f6ec16227131be4a9b13fc34284e,0.6700688004,if6_consensus_when_public_priors_concordant_with_d4
aayl49:0002766:0afd3e97ad28,0afd3e97ad28edc64bde00fafb87288d2a460620edfde7b8583a2294f8ce1015,0.6788061261,if6_consensus_when_public_priors_concordant_with_d4
aayl49:0002767:c95e7eaed9f1,c95e7eaed9f1af462ed43a11d3b550218b040dd4fc68c59171eb9139004205a4,0.8042990565,if6_consensus_when_public_priors_concordant_with_d4
aayl49:0002768:913444e759cc,913444e759cca9501301a8e1168e7c21cd300209c7d0f91ada0a3b93f8801bf3,0.7968762517,if6_consensus_when_public_priors_concordant_with_d4
aayl49:0002769:57f8100aff58,57f8100aff581016afbe1a0117f2da3b6ebce99482143238a5dd8687abf0f859,0.7572102547,if6_consensus_when_public_priors_concordant_with_d4
aayl49:0002770:0e9187ba95f1,0e9187ba95f18d349ea49c5127f297d649fcc14565d9b05f926aa044b0e28de8,0.6716925502,if6_consensus_when_public_priors_concordant_with_d4
aayl49:0002771:b3095444e086,b3095444e086bed222204f26d2186d315d350eed3c11cd21980fdf8b6b13dc7a,0.9891750216,if6_consensus_when_public_priors_concordant_with_d4
aayl49:0002772:a8ffec9a7882,a8ffec9a7882b8dacada557766031062a7095a56c4b447848d70d7dfcf88f4c5,0.898786068,if6_consensus_when_public_priors_concordant_with_d4
aayl49:0002773:9fd43b26f32d,9fd43b26f32d9667d5f6c9d283a597f0873ad62657ea7847699860d3faf361aa,0.7436016202,if6_consensus_when_public_priors_concordant_with_d4
aayl49:0002774:632edfe2bc90,632edfe2bc901599664d56c787668a7b2bc96b82bb97573af84a2e56a53721fc,0.8398670554,if6_consensus_when_public_priors_concordant_with_d4
aayl49:0002775:e323cc261e60,e323cc261e6085621af34701ffe4118bf2f8dfaa77975a416b1e43c3fd865a37,0.7902265191,if6_consensus_when_public_priors_concordant_with_d4
aayl49:0002776:69cc36d17fbb,69cc36d17fbb5cd8532b0e6fa38c50d297909640054325776d2b366714354295,0.7767726779,if6_consensus_when_public_priors_concordant_with_d4
aayl49:0002777:422733742065,4227337420652a260e539579accdb41cafcd4f64ba30ac11775106aea6485545,0.9966751933,if6_consensus_when_public_priors_concordant_with_d4
aayl49:0002778:06ca99e88e06,06ca99e88e064adfb6cd11e1ec00b6f887f50858504e16e14b08e2eb9cba3b25,0.7365653515,if6_consensus_when_public_priors_concordant_with_d4
aayl49:0002779:e59a1f47e7d3,e59a1f47e7d38fd5f48e191a1a52a1c457fbb6dad72939cf3e4c866eead96164,0.6995283961,if6_consensus_when_public_priors_concordant_with_d4
aayl49:0002780:a6ddb3cbfd86,a6ddb3cbfd86010613e5f04de122ec488dceeeeeee6dcbeb1d09094d4951ad25,0.8853321075,if6_consensus_when_public_priors_concordant_with_d4
aayl49:0002781:0c0089707854,0c008970785430680b6ba09f435b11551aa32280228b64145071eb52fc86c613,0.9498955607,if6_consensus_when_public_priors_concordant_with_d4
aayl49:0002782:9b1e601677e7,9b1e601677e77ba033093dbb0bf3ea666c2399b3bf2f6a0bfdf790c5df4b2f4f,0.7168483734,if6_consensus_when_public_priors_concordant_with_d4
aayl49:0002783:5ffd62a810e8,5ffd62a810e818e62d7aef40342b8b179d62160b6d81f944c2b24731b3b7de5d,0.7238073349,if6_consensus_when_public_priors_concordant_with_d4
aayl49:0002784:6c7af2b00a30,6c7af2b00a3030aea68472b537982eec5abfca0e2bc35b0f1ce4c4f2c97ffadb,0.6947343946,if6_consensus_when_public_priors_concordant_with_d4
aayl49:0002785:0db47808edeb,0db47808edebafebd06855ddf891ac011202b6eae20654a0d1575f73f4793f2e,0.9614165425,if6_consensus_when_public_priors_concordant_with_d4
aayl49:0002786:5da093d87602,5da093d8760265245f92118b79a888bf179d2aceceb9391dca7abe6977581524,0.5913555026,if6_consensus_when_public_priors_concordant_with_d4
aayl49:0002787:7b7936e7208f,7b7936e7208f65eb9f64671e43c83c3a433711f52915717caff5bc8dbbeca535,0.5780561566,if6_consensus_when_public_priors_concordant_with_d4
aayl49:0002788:cf67460618d0,cf67460618d0cee4e888c25e53edb87da01f40257852cdf87f260580145ba875,0.8533982635,if6_consensus_when_public_priors_concordant_with_d4
aayl49:0002789:8ee423404f99,8ee423404f99d7f5253782b69d97675e49e822f193ab24f032f9239ab368f700,0.6190366149,if6_consensus_when_public_priors_concordant_with_d4
aayl49:0002790:8a152f231f78,8a152f231f784aca77e4c37e3a8e389ca025a1110f223dcde5bd678504ddd5fe,0.8193767667,if6_consensus_when_public_priors_concordant_with_d4
aayl49:0002791:3016e7eb3edd,3016e7eb3edd285874c9c083ea3855c866df56e59c7509485bce6c3219496eec,0.69674474,if6_consensus_when_public_priors_concordant_with_d4
aayl49:0002792:f0d80b01f183,f0d80b01f1838c571aee4a1cddb78a31fbdd9bedbb45224c3694e0617d98b17e,0.9712364078,if6_consensus_when_public_priors_concordant_with_d4
aayl49:0002793:610dbc82ea86,610dbc82ea867c4be47c4e1f5667550fd84fc0d8f8380db441dcd00ba0203ec5,0.6091393828,if6_consensus_when_public_priors_concordant_with_d4
aayl49:0002794:0225cd12bced,0225cd12bcedbd79683c77d16515dfd677e54fa645eb43d5cd7722fc2478cf5f,0.612541616,if6_consensus_when_public_priors_concordant_with_d4
aayl49:0002795:71b52667737f,71b52667737f11b4f509d0a49727315bcd9fa9276a50ebede7c64715a18190fb,0.6409185529,if6_consensus_when_public_priors_concordant_with_d4
aayl49:0002796:f816d9205252,f816d9205252d56cede4065223e54d2b86b088226ac09ff3601ba6cbaac60329,0.9496636391,if6_consensus_when_public_priors_concordant_with_d4
aayl49:0002797:58af77b823cd,58af77b823cddd33a539ae007fa05c2d52a2bf05af48dea66c10652de1bbacba,0.8866465688,if6_consensus_when_public_priors_concordant_with_d4
aayl49:0002798:48336168f7ed,48336168f7ed7b746389a728e4b9a55fea369fbfd426b1f0bff1d25cb78583bd,0.784891367,if6_consensus_when_public_priors_concordant_with_d4
aayl49:0002799:a34334fc6e4a,a34334fc6e4a74e8faef9bd363af680a140f7fe89620af0c795398a86fc6f227,0.9791231155,if6_consensus_when_public_priors_concordant_with_d4
aayl49:0002800:c2d85c02722b,c2d85c02722b4e49a7df31c95cdefd9c6cfd423194c828e63b45e722226fbb2d,0.9145596623,if6_consensus_when_public_priors_concordant_with_d4
aayl49:0002801:41e0f08bc3bd,41e0f08bc3bdc0edeccc57d9d9bab622b6d7793c869ec870aad8e27cee1556ea,0.9546121955,if6_consensus_when_public_priors_concordant_with_d4
aayl49:0002802:b299a8bbf534,b299a8bbf5340dbf8ff036f5c4ff2bb88f721502ec661282500babc66c64b17a,0.93535918,if6_consensus_when_public_priors_concordant_with_d4
aayl49:0002803:768445fef121,768445fef12129c15f6ac5f24b54afdc80a2ba15287c788e2f6cf181cdc5966f,0.9173431993,if6_consensus_when_public_priors_concordant_with_d4
aayl49:0002804:0c11cc4f36c3,0c11cc4f36c332a16a2d66cac426c774502aeb8bf9c6fb6a080e08258bca649f,0.9705404639,if6_consensus_when_public_priors_concordant_with_d4
aayl49:0002805:a7556cd4430b,a7556cd4430b6e97edde368d871638310e6fc63d79344941749907f9a83cdca3,0.9272403717,if6_consensus_when_public_priors_concordant_with_d4
aayl49:0002806:1aee83ad4c62,1aee83ad4c628f03b169d9e995f78aecc2d051448704ddad4043658768abd31f,0.6445527077,if6_consensus_when_public_priors_concordant_with_d4
aayl49:0002807:cdd0623e5371,cdd0623e5371511ab5dd2f45e5a2c88db73bbb99b51913189bd26e9df973fdad,0.9780406952,if6_consensus_when_public_priors_concordant_with_d4
aayl49:0002808:f7beeb027dc9,f7beeb027dc943fd746945cd13e5019fdd2074b23c16ee8ee9a66f634b0f65f5,0.7879841924,if6_consensus_when_public_priors_concordant_with_d4
aayl49:0002809:12ea5285f528,12ea5285f528ed02cc5a05b7ef1567670fd51d431c7d75502348d845c14862b9,0.3745457232,if6_consensus_when_public_priors_concordant_with_d4
aayl49:0002810:337f78c954ef,337f78c954ef55333eafa85f4d4392ed94409929377812436ad18f2c8ceda2f8,0.1349261552,if6_consensus_when_public_priors_concordant_with_d4
aayl49:0002811:e60cffe230fb,e60cffe230fb1c1a46c5e39438ab5c0f0e813e50cc009f0dd12e230740c5586e,0.5750405788,if6_consensus_when_public_priors_concordant_with_d4
aayl49:0002812:4b5a6e0568b0,4b5a6e0568b0d1b967650526c0c5108562530ef17913f6a157caa8b26d271049,0.510322392,if6_consensus_when_public_priors_concordant_with_d4
aayl49:0002813:7f6958581a7d,7f6958581a7d968cfc3c19123b099e472c1dc61894669a4c12260e59466df539,0.659707725,if6_consensus_when_public_priors_concordant_with_d4
aayl49:0002814:0cab3d510288,0cab3d510288119e3073118d38820756dfbda8fe8245533e42abce16996034ad,0.6314854026,if6_consensus_when_public_priors_concordant_with_d4
aayl49:0002815:f863286a78a0,f863286a78a0953568111ed2244a88ada9c4840355c466cdec8804ef01d53b58,0.7780097127,if6_consensus_when_public_priors_concordant_with_d4
aayl49:0002816:c85e5251b9a6,c85e5251b9a6d5b4dfb7d6e0be2dcac50bcf5c7f6889722a924462d685c63114,0.6975952983,if6_consensus_when_public_priors_concordant_with_d4
aayl49:0002817:f8af39f58e96,f8af39f58e962a1d9893bc6ab75c0f8cf13e3b2c92530329c9f962cf072ebc42,0.7867471576,if6_consensus_when_public_priors_concordant_with_d4
aayl49:0002818:358ffd6e7107,358ffd6e7107b1dfca4925f1fc6baaa22644d59e3482a416e9dabe3a334cc52d,0.7510245442,if6_consensus_when_public_priors_concordant_with_d4
aayl49:0002819:4e2cb9cfe74c,4e2cb9cfe74cdbcccd440dc83026bbdbd2640b55c34587937ad6272a3850feab,0.8631408215,if6_consensus_when_public_priors_concordant_with_d4
aayl49:0002820:9a4291a93175,9a4291a93175e2f4717ed6ee1930f25ce950a9c587d9b0afbe7c6b946f307a60,0.4593675137,if6_consensus_when_public_priors_concordant_with_d4
aayl49:0002821:488b3c49dc67,488b3c49dc675be578126db60c68bcdcd3d9374cf5d793ca61f1ffd6e3bc731e,0.5305806994,if6_consensus_when_public_priors_concordant_with_d4
aayl49:0002822:d687e1f12785,d687e1f127851b0fc1657f0c508955e23babd761bec06222901c5af83b425d05,0.5122554898,if6_consensus_when_public_priors_concordant_with_d4
aayl49:0002823:62ad860f3caa,62ad860f3caa8a61361496e561cca4b1bc1a269b77069da99676b0697993c6ac,0.4827186167,if6_consensus_when_public_priors_concordant_with_d4
aayl49:0002824:4f713f03ca3b,4f713f03ca3b20c5f4029b3074dd20cd1a4907c86841a1d853b2a6d0499e54d2,0.9505915046,if6_consensus_when_public_priors_concordant_with_d4
aayl49:0002825:767d9b0b8804,767d9b0b8804f68100ac98095867d9939310fe93cff7203a384d3c6ceda1441a,0.940307796,if6_consensus_when_public_priors_concordant_with_d4
aayl49:0002826:dbdc00fe08ef,dbdc00fe08ef7b3411ac9649729a35e4a9edb7b989330700463e54c76dada04a,0.9734013677,if6_consensus_when_public_priors_concordant_with_d4
aayl49:0002827:9a637dab9560,9a637dab95604012c47c317888fa5575b398efc0e97ff9d7b7710372ae28b5b4,0.9531431198,if6_consensus_when_public_priors_concordant_with_d4
aayl49:0002828:2ce4223de59e,2ce4223de59e9d3af51bb40dc3a727cbd0c443fad8eaf7b88b4d3307b636d5e9,0.636897862,if6_consensus_when_public_priors_concordant_with_d4
aayl49:0002829:d855f1270332,d855f127033240e736683b88e1f6cd9e8a60e1fa151aac5203d373fffbc46774,0.694889009,if6_consensus_when_public_priors_concordant_with_d4
aayl49:0002830:37955aa5dc0e,37955aa5dc0e0a7e2edbde438cecdcb7de65e7437d7278c8677e938327bc671b,0.6272326112,if6_consensus_when_public_priors_concordant_with_d4
aayl49:0002831:9c187c795d65,9c187c795d6525f24f79dc3f54d0f12b0fdcae58d97fae5b93c03cd017d11d10,0.7287558913,if6_consensus_when_public_priors_concordant_with_d4
aayl49:0002832:37e7e8866a92,37e7e8866a92f2c855dc9290fe3b58b8601314edaced31da61b970d7028e1a60,0.9576277733,if6_consensus_when_public_priors_concordant_with_d4
aayl49:0002833:b283192a9840,b283192a98408d0e2ae9707f761011b2b5004b55d9e118b832f3791d9d0a51d0,0.9457976222,if6_consensus_when_public_priors_concordant_with_d4
aayl49:0002834:f9f13a75c0f1,f9f13a75c0f1afb9d5f5adfcbc74e7f5733489f124da646f5c9b700f720a9a2a,0.6839866638,if6_consensus_when_public_priors_concordant_with_d4
aayl49:0002835:9a1b120f68c6,9a1b120f68c691345d7af1eb3bd338836538b7255fab0c4b0137db55b7dae0e3,0.7971081734,if6_consensus_when_public_priors_concordant_with_d4
aayl49:0002836:726bcfa92d37,726bcfa92d372235e5dbeb30443674ce42106440e15ed98127ca61a74737f164,0.4135931432,if6_consensus_when_public_priors_concordant_with_d4
aayl49:0002837:2e1fa40acd75,2e1fa40acd750c97da6f16aa3fa8d5129d840fe3587447eb79ede7ed2d3d19f0,0.9723188877,if6_consensus_when_public_priors_concordant_with_d4
aayl49:0002838:8efffe88ada8,8efffe88ada873172fca28bb51203850b0342a6977df8ccff109f98f44ecd45f,0.8798422813,if6_consensus_when_public_priors_concordant_with_d4
aayl49:0002839:842d58c1b2e4,842d58c1b2e40bd39424011b7bacfd024ff6cd7d9a42fbbd3d710895c27edcda,0.3847521842,if6_consensus_when_public_priors_concordant_with_d4
aayl49:0002840:ad92ffc5d468,ad92ffc5d468fa0ea22183a4589f7c0c63d05ba6791b6585e823a712087305d4,0.4303719103,if6_consensus_when_public_priors_concordant_with_d4
aayl49:0002841:44dd22c33af3,44dd22c33af39f337aaf419415dfce72cffe7732f55762cc6208cba71fdba25b,0.6887033582,if6_consensus_when_public_priors_concordant_with_d4
aayl49:0002842:37ef3843e252,37ef3843e252c48d258af4229df1118d61f50872ecec0ae72689d4b759936383,0.3284620643,if6_consensus_when_public_priors_concordant_with_d4
aayl49:0002843:209188937a8e,209188937a8eb8e3ed120c77f14930166e75be10f28ac643906b7250bb9c107b,0.5322817564,if6_consensus_when_public_priors_concordant_with_d4
aayl49:0002844:68af6b837085,68af6b83708504829ca2f6fd4824652574ac2b3ab99043d9ab0f70c3cbe197d9,0.5688548684,if6_consensus_when_public_priors_concordant_with_d4
aayl49:0002845:b83be2b362a5,b83be2b362a5f79d1b2ca435f75573946382f91e1cfe6498950fe1f4a7ac9f5a,0.6685997844,if6_consensus_when_public_priors_concordant_with_d4
aayl49:0002846:b49a316b315d,b49a316b315d2a3cfe9daee27c2cf8e0a8fdc4f75c07bfe26ab6f195daaf3467,0.2795948386,if6_consensus_when_public_priors_concordant_with_d4
aayl49:0002847:89641ceb6616,89641ceb66168ea6c10388239ff97961532e6a5b9c2b783e4913b3df5d40f731,0.6628778577,if6_consensus_when_public_priors_concordant_with_d4
aayl49:0002848:e8730211471d,e8730211471db389eecc516affdf32291584c4584771e30b51ccdf07d851b22a,0.4442898035,if6_consensus_when_public_priors_concordant_with_d4
aayl49:0002849:c73d0612553e,c73d0612553eb436032a973b63474d9722ea12a07acc8d6d63bca3e4da65dd3c,0.6104539037,if6_consensus_when_public_priors_concordant_with_d4
aayl49:0002850:972a59777338,972a597773382db85d2565f11357617b16d12876720bdb49c36c608a89c58ba8,0.5871801376,if6_consensus_when_public_priors_concordant_with_d4
aayl49:0002851:65c6f571cf65,65c6f571cf6512042b453bc8955cad1e41bfb84158eac00aa12104d351893d8d,0.6371297836,if6_consensus_when_public_priors_concordant_with_d4
aayl49:0002852:fd01cabf286c,fd01cabf286c7bfad45f97cd99565dae74d5329f695ffc9ee17e43a7bc664da4,0.3269929588,if6_consensus_when_public_priors_concordant_with_d4
aayl49:0002853:e14a674110e4,e14a674110e46a70ddfc56710bdb6286478db1d6eafb2aeec44bd8c93b373c12,0.780870676,if6_consensus_when_public_priors_concordant_with_d4
aayl49:0002854:abfe5cbc3728,abfe5cbc3728e480aba7c7409dbc81e744cf752e959c374890d877ae983843bc,0.844583571,if6_consensus_when_public_priors_concordant_with_d4
aayl49:0002855:29c846e8b24f,29c846e8b24f24ab1225404e9cacb6c2cf8760f74a4dee9d9e712bf47b6c9ead,0.9128585458,if6_consensus_when_public_priors_concordant_with_d4
aayl49:0002856:13b2656cad63,13b2656cad63884faa890c10ac24acfa39b70004a45933831466f17eeb20d276,0.9264671803,if6_consensus_when_public_priors_concordant_with_d4
aayl49:0002857:32345db01e73,32345db01e73cf14707fc25db36b9e977b2721638408492a85d6b5714266d4ce,0.9010283351,if6_consensus_when_public_priors_concordant_with_d4
aayl49:0002858:a117ed0b1a74,a117ed0b1a74a61060a7a8bf1e20ee49c36a299c11a4e9f7e741b61076315840,0.6680583954,if6_consensus_when_public_priors_concordant_with_d4
aayl49:0002859:3a12619e99ae,3a12619e99ae196163cde4c8934c663a4171976d2f41a3761302712fed388804,0.7814118862,if6_consensus_when_public_priors_concordant_with_d4
aayl49:0002860:381f7651e1c7,381f7651e1c7408620640ea996631af2cbc0f0377353d1a895d536d6c51f9fe3,0.804608345,if6_consensus_when_public_priors_concordant_with_d4
aayl49:0002861:3049aa81a864,3049aa81a864f0cd0e135e78c6482e95d07e06bce3caea49bf25dd11c058408f,0.7347096801,if6_consensus_when_public_priors_concordant_with_d4
aayl49:0002862:76cbc7a70b7e,76cbc7a70b7e6e3ea7d3e8d4dbdf3b790a666925c4dba76ab7ce1c50c4d90a0e,0.744916141,if6_consensus_when_public_priors_concordant_with_d4
aayl49:0002863:344df224f2a6,344df224f2a62bfe8622bc22e000050cb6c161bf0354bd952744193b1e28a6a5,0.5751952529,if6_consensus_when_public_priors_concordant_with_d4
aayl49:0002864:51137b6d235f,51137b6d235f165132411bb7e9cce7354564e4d96afd89e98e1d52fc051ba961,0.7237300277,if6_consensus_when_public_priors_concordant_with_d4
aayl49:0002865:eece11b59802,eece11b598024b33828fc744bb71206f55131882e83a67803165df3b9ba13e56,0.5946029425,if6_consensus_when_public_priors_concordant_with_d4
aayl49:0002866:6b123a2ab038,6b123a2ab03880a7e6f74f0528f3bb165d159d3f9e672e833d2abf1070077e36,0.8169024587,if6_consensus_when_public_priors_concordant_with_d4
aayl49:0002867:39b0ae06bf44,39b0ae06bf443cda1ce5b190a11851b6c6fcf636e70b5b05d4c060d0696fdaa4,0.8257171512,if6_consensus_when_public_priors_concordant_with_d4
aayl49:0002868:9a5e4c7a5172,9a5e4c7a51725336e6e535599072550e53231b9c0f23d7adbcd7f0956da5a3d5,0.5562514663,if6_consensus_when_public_priors_concordant_with_d4
aayl49:0002869:91d34fd61999,91d34fd619995e094ef7c098480a543420d6712ed1988bf1627663796da8ae3b,0.4376401603,if6_consensus_when_public_priors_concordant_with_d4
aayl49:0002870:32fe65804a73,32fe65804a73a786db5dd9282e6a6b315ab0fc3f7a708447f3bb562271fcf45d,0.8267223239,if6_consensus_when_public_priors_concordant_with_d4
aayl49:0002871:edae141f28ec,edae141f28ecd561a94685dc20f74482c730817441cda195d353f9786694627c,0.8339905739,if6_consensus_when_public_priors_concordant_with_d4
aayl49:0002872:049299b511c4,049299b511c425aef303eaf8a3ed83bfbe2730557b12b4cf64db3eb5a617adce,0.882393837,if6_consensus_when_public_priors_concordant_with_d4
aayl49:0002873:0a4300fd2f6c,0a4300fd2f6ca622b01daf63aa6b6b4b2ac4aec70c9266b94b673b20b53da471,0.9021881223,if6_consensus_when_public_priors_concordant_with_d4
aayl49:0002874:436fb572e655,436fb572e655be88cad38b823ac746db9a95901ad5830c8c4fb5734fb11e22d4,0.8115673065,if6_consensus_when_public_priors_concordant_with_d4
aayl49:0002875:e9df105af267,e9df105af267ead7ac36d50d17d06a20b9e3b0bef83505ddf80cabdecee3bfb4,0.8760535121,if6_consensus_when_public_priors_concordant_with_d4
aayl49:0002876:36f8edbc4070,36f8edbc4070cc9199ac442f252ee55dc1469820967a777eba4f259d006406d1,0.2143353969,if6_consensus_when_public_priors_concordant_with_d4
aayl49:0002877:bc9fa574f2f5,bc9fa574f2f5cb1d121ea55ccad9b486de69dca60adda08239387a02d6f541a2,0.6982912421,if6_consensus_when_public_priors_concordant_with_d4
aayl49:0002878:e2c490f818b2,e2c490f818b215a19015003c9f987074487253ef1a8bad972931516238a7e36a,0.9795870781,if6_consensus_when_public_priors_concordant_with_d4
aayl49:0002879:db2c3b194672,db2c3b19467285cc45a8a26eac2d0d4f9ac076facb13ec2d21278dd46ed342e9,0.8829351068,if6_consensus_when_public_priors_concordant_with_d4
aayl49:0002880:6b85ddadaf78,6b85ddadaf7843ffaa4cff480c4fbcf63ec7f8e0dadb807de57ae9b68ac89fb6,0.839944303,if6_consensus_when_public_priors_concordant_with_d4
aayl49:0002881:1e2465e01b7a,1e2465e01b7aa65b08bc35f2b8179bfc742b244417f4998a100884a077fbce8e,0.6203510165,if6_consensus_when_public_priors_concordant_with_d4
aayl49:0002882:c9aed73f5d1d,c9aed73f5d1d5415eb26628f9d252e868c42970b0ba79204dc8238c3cd8a9bb9,0.5108637214,if6_consensus_when_public_priors_concordant_with_d4
aayl49:0002883:1a0e03aa767d,1a0e03aa767d3af301f87f19da5a7f211d0d9ede92cb12bf65c585e8fead3517,0.4045464993,if6_consensus_when_public_priors_concordant_with_d4
aayl49:0002884:c308c8f3e4d6,c308c8f3e4d6448df610243c0dbc52dcaba154197c6cce9e0dfecbb64892618b,0.4364802837,if6_consensus_when_public_priors_concordant_with_d4
aayl49:0002885:e5f506349800,e5f506349800895e44a4f7a496bbde444ab261546893cd1e04bf1c19f4a77a71,0.5040593743,if6_consensus_when_public_priors_concordant_with_d4
aayl49:0002886:e068c2e953ef,e068c2e953ef7df3597ff4bcc51146e80a70ecc67ec12d2574445253844589fe,0.7281373143,if6_consensus_when_public_priors_concordant_with_d4
aayl49:0002887:37da79c5f0d3,37da79c5f0d32cc24f71353177a4712340845e3400b80379c9320028116da615,0.5909688473,if6_consensus_when_public_priors_concordant_with_d4
aayl49:0002888:5d34f415067b,5d34f415067b39fc37b0753b0a633e8b93e74d36d6ed706865eb655c6eb82430,0.6339597106,if6_consensus_when_public_priors_concordant_with_d4
aayl49:0002889:1911768add11,1911768add11a93d33c5428dfbda9822c8e8b5fe352463d018e5fc5c711e3601,0.6100673079,if6_consensus_when_public_priors_concordant_with_d4
aayl49:0002890:ca4cf2a6371d,ca4cf2a6371d8c0e0d366833b355ac878e33043e8e37766238fef158a2d53ba8,0.6263048053,if6_consensus_when_public_priors_concordant_with_d4
aayl49:0002891:ee0b701a2be6,ee0b701a2be69c7cec49a34fd0ce252f02f86f1b4dd11a32590d74d909ef2076,0.3163999021,if6_consensus_when_public_priors_concordant_with_d4
aayl49:0002892:585c2b4542c9,585c2b4542c957b1df2a5117c714075cefd06b2cb6c0d63608db65da8a9f5367,0.4180777967,if6_consensus_when_public_priors_concordant_with_d4
aayl49:0002893:c7c92cb198af,c7c92cb198af88fbce747f1106cac337ff5b464cc23d096f0385361ee31f756f,0.3406015635,if6_consensus_when_public_priors_concordant_with_d4
aayl49:0002894:68e687fa4975,68e687fa4975ffca993bebbd744942766771ae25bc6c6daa6278c089f9ceb339,0.4687234163,if6_consensus_when_public_priors_concordant_with_d4
aayl49:0002895:fbd7504bc66a,fbd7504bc66a62030477223ebc6998d6074726efc5253a94f65be4572d2a0b8d,0.7530348897,if6_consensus_when_public_priors_concordant_with_d4
aayl49:0002896:77870c4dc245,77870c4dc245d21f9475080cd584c603313eb864bdf5abbd3b9a01d2b7465463,0.8653831482,if6_consensus_when_public_priors_concordant_with_d4
aayl49:0002897:197d5e9b12e8,197d5e9b12e88b7ec106d4b01cfdb79870dadd91c88f00a19b815ffe580696f5,0.8305110931,if6_consensus_when_public_priors_concordant_with_d4
aayl49:0002898:4731ecd759b2,4731ecd759b2babebb4de7cb54510e73c01c0943956de61df3ca8a226fe78972,0.9335806966,if6_consensus_when_public_priors_concordant_with_d4
aayl49:0002899:711e6fbabd82,711e6fbabd82cdb6bc3a13169889e92fc99f4279642dea24c03a4dd1bff788de,0.8971622586,if6_consensus_when_public_priors_concordant_with_d4
aayl49:0002900:4a7963ae1f0b,4a7963ae1f0b90413c6c3204a44447421c1755ec05d480d2432b879835231f33,0.8101754785,if6_consensus_when_public_priors_concordant_with_d4
aayl49:0002901:4c3d2b6357ea,4c3d2b6357ea7349e1ab7460fca4c3638c4c4c47bde3066522b360b6ccf0937d,0.6001700759,if6_consensus_when_public_priors_concordant_with_d4
aayl49:0002902:0c7a68276280,0c7a682762803e22be4630050ad6f1a801100e4e5ac6867ddb3382521fc20050,0.6818603873,if6_consensus_when_public_priors_concordant_with_d4
aayl49:0002903:a09cda8ca73e,a09cda8ca73e078d747cbedb589578885c45474213a7f8ca60b6f706837703b5,0.2532281578,if6_consensus_when_public_priors_concordant_with_d4
aayl49:0002904:cef6580f1a54,cef6580f1a549985d1831dd687e10709158cfa652be7ecd117b9fa97775ad118,0.6495012641,if6_consensus_when_public_priors_concordant_with_d4
aayl49:0002905:86ba03756e2d,86ba03756e2daabb9a15ae454ed772ea473a99984c585470575c79d64675520d,0.6641923785,if6_consensus_when_public_priors_concordant_with_d4
aayl49:0002906:d443c4a24234,d443c4a24234a746c414f3e84af498900fcf1ca9eb13d16688b685826341108a,0.7079563737,if6_consensus_when_public_priors_concordant_with_d4
aayl49:0002907:b6beec59ddb0,b6beec59ddb09f7f6e8b839ddac9bf0a78b7db4e2b65838c8feddee6d3d76383,0.6401453614,if6_consensus_when_public_priors_concordant_with_d4
aayl49:0002908:71daea2d064e,71daea2d064ee8982c82a252180f05e6d601e8e56ebf55dff05df7635b4dffb4,0.454264313,if6_consensus_when_public_priors_concordant_with_d4
aayl49:0002909:b71d515e0077,b71d515e00776916f401bf2b29b7dcedb88b231d30e89e43d9d88c485fdff9a8,0.5594989657,if6_consensus_when_public_priors_concordant_with_d4
aayl49:0002910:a759d66480d6,a759d66480d6fe448a883626b9e926421090066399b6779dce9954dbfeb773df,0.7698135972,if6_consensus_when_public_priors_concordant_with_d4
aayl49:0002911:caed26f8805b,caed26f8805bf2d25432d1360c0c04f2acf9f97ae5f7e0a646f4198c529b0801,0.3121472299,if6_consensus_when_public_priors_concordant_with_d4
aayl49:0002912:ec582806ec2c,ec582806ec2ca64855291d3584eaa994a05b8cc838b51a255f8db366605709eb,0.4561973512,if6_consensus_when_public_priors_concordant_with_d4
aayl49:0002913:48f4ae726118,48f4ae726118fb5ac5fda74a1e7532260de225cefbe91529c1188a7de13359ca,0.6899404526,if6_consensus_when_public_priors_concordant_with_d4
aayl49:0002914:63869b48edab,63869b48edab8f23a1be41692238a2f173da01f8c6734190279d0cd881283eb4,0.7637825608,if6_consensus_when_public_priors_concordant_with_d4
aayl49:0002915:59b889277526,59b88927752640acc97a2a6d97190a19c5e8a6f54d5de77e4b644c18a0142883,0.7231114507,if6_consensus_when_public_priors_concordant_with_d4
aayl49:0002916:439bd1cae416,439bd1cae4160b2aada0da85cccc081c533edf2190101ee8a92b2e8b928fdf84,0.9175751805,if6_consensus_when_public_priors_concordant_with_d4
aayl49:0002917:39b78ec4277c,39b78ec4277cc70592f7fe7dda07e7a61d83ccdfd03bf98f4d1309af8189a309,0.7397356033,if6_consensus_when_public_priors_concordant_with_d4
aayl49:0002918:b8e141186071,b8e1411860715d4d0c2264896f47630b6c79d6a614f88f768127844b8a4baa14,0.8737338185,if6_consensus_when_public_priors_concordant_with_d4
aayl49:0002919:8f3d4f508c01,8f3d4f508c01232bbeb09a23a9b4ae24b578e346898f725f1a9e8fd523fb059b,0.8132683635,if6_consensus_when_public_priors_concordant_with_d4
aayl49:0002920:81d121d5e1ac,81d121d5e1ac8a5788443d1774c880e4abd8ba38c0bf92827b6c6f280f9022e8,0.5920513272,if6_consensus_when_public_priors_concordant_with_d4
aayl49:0002921:ac5601c91239,ac5601c9123997a3190b4c68df385309724a5f2ba9fe70abca0fa83e03b19d2f,0.637516439,if6_consensus_when_public_priors_concordant_with_d4
aayl49:0002922:e54a33b2de65,e54a33b2de65cb80ab2289138f0846993fda3a1333a2971eef6ffc24e42e5d48,0.3839016855,if6_consensus_when_public_priors_concordant_with_d4
aayl49:0002923:45d8097559f5,45d8097559f5e4b9dd9125b42f17060d8eda01ec73c01543f5a4bdc497a622b6,0.2787443101,if6_consensus_when_public_priors_concordant_with_d4
aayl49:0002924:ca1318090b1e,ca1318090b1e7c4add14a68a5ebfe60df72390cc74738bb8adf9bb3fc8fb51c0,0.4458362162,if6_consensus_when_public_priors_concordant_with_d4
aayl49:0002925:d5eac8acc486,d5eac8acc4866076e485d05367376d5b81f2bf95e04cfc445a1caec866f2ebfa,0.6363565922,if6_consensus_when_public_priors_concordant_with_d4
aayl49:0002926:ba343a088e5f,ba343a088e5f35ef631a8241234bebcdc4bdb8979fb32530d2ddbc94b527ed75,0.4120466709,if6_consensus_when_public_priors_concordant_with_d4
aayl49:0002927:6b22434ad7c1,6b22434ad7c1606fdc45e4bead2f12216fc73b6906dbdd4022d685fe2c0be404,0.4810949266,if6_consensus_when_public_priors_concordant_with_d4
aayl49:0002928:2d9eb37b49d0,2d9eb37b49d0798455707559b7362a7ac713b616ed03ec180c74c0e217236a98,0.639990747,if6_consensus_when_public_priors_concordant_with_d4
aayl49:0002929:182730717e4f,182730717e4fb1fa8ff48abf9ca7075c550925a0bd5333ac01fc87e4779ab769,0.6037269235,if6_consensus_when_public_priors_concordant_with_d4
aayl49:0002930:62ed4adb93a1,62ed4adb93a183ca452d5eb1090203389bdee0859e4403999b0c39d1edafb640,0.4193149507,if6_consensus_when_public_priors_concordant_with_d4
aayl49:0002931:c44ee046ba89,c44ee046ba8972166c2cd36d313a0fee8cb1973a72c54277a37684be95669b68,0.5732622147,if6_consensus_when_public_priors_concordant_with_d4
aayl49:0002932:782fe6d862de,782fe6d862de5494716f7462ffecfd5ed0514d7cdfd4dc080228fdb319703d11,0.8127271533,if6_consensus_when_public_priors_concordant_with_d4
aayl49:0002933:dd4d19f859ae,dd4d19f859ae8004c5552dcc8c9da4a3c15ec52ae1add918db9b2ea394be2fa3,0.7273640633,if6_consensus_when_public_priors_concordant_with_d4
aayl49:0002934:88adcb90efba,88adcb90efbab36bf0e9be5be48d7d89b730d50e66c640b321f54bb5870cee12,0.6596304178,if6_consensus_when_public_priors_concordant_with_d4
aayl49:0002935:9c6ec9c409e3,9c6ec9c409e36ac2d72606f47af299b8d921095dc6725b13dec231c878f4d26b,0.8010516167,if6_consensus_when_public_priors_concordant_with_d4
aayl49:0002936:3c410d43ad68,3c410d43ad68c87e6a0e57b9f90617f00fb7839a642bd40fbcb109d329018822,0.6300162673,if6_consensus_when_public_priors_concordant_with_d4
aayl49:0002937:79bf938063ef,79bf938063efdc0358cfb3b8d5b799057416c9c490e16471ab116c5c50f27f41,0.7530348897,if6_consensus_when_public_priors_concordant_with_d4
aayl49:0002938:cc86e8c9d577,cc86e8c9d577ef7e9f3a2aba29b6c4460450729a3ad989526e87145000592192,0.4214026034,if6_consensus_when_public_priors_concordant_with_d4
aayl49:0002939:e32496609183,e32496609183aa04f690013ebd57c86aa41dd6c25b406eb77992a3aece4874aa,0.5758137703,if6_consensus_when_public_priors_concordant_with_d4
aayl49:0002940:c11e843b8650,c11e843b865024cee5e803c2a50d314f64a7199b7abfb49e64fc03951058ae37,0.7258176804,if6_consensus_when_public_priors_concordant_with_d4
aayl49:0002941:914cff08a53e,914cff08a53ea6cf2500c0dfa5902b2a978eebb300f536bee36d2e9ce994c52b,0.6474909186,if6_consensus_when_public_priors_concordant_with_d4
aayl49:0002942:752179cce0ac,752179cce0ac177471f62910f1f5d2c81f1f40dad2a7933e59aa432c7b16e331,0.6486507058,if6_consensus_when_public_priors_concordant_with_d4
aayl49:0002943:4ea30cc29128,4ea30cc2912808149b4844d356225d3fa5eb7e62050663c2093b8eecb993c43f,0.7842728496,if6_consensus_when_public_priors_concordant_with_d4
aayl49:0002944:61115def1248,61115def1248d48f066c938a9ac6dc2d438546767fb9a8a8206e3fff48a86a96,0.4050877392,if6_consensus_when_public_priors_concordant_with_d4
aayl49:0002945:824deb6b45e5,824deb6b45e5b7055725ac5ea082efe09c1fe40ba2f945443e76cf86155b21c5,0.1489986926,if6_consensus_when_public_priors_concordant_with_d4
aayl49:0002946:d9fe17632ac3,d9fe17632ac3c8316e01cfcac901c4154253c365aad855b87dadc1f2eff3f6e5,0.3116059601,if6_consensus_when_public_priors_concordant_with_d4
aayl49:0002947:e2d1eb83fc1a,e2d1eb83fc1a4cc420e295e8b77c2ccc045f3069cc7caf83891d1f9db9c5586e,0.4213252962,if6_consensus_when_public_priors_concordant_with_d4
aayl49:0002948:f0dd8585c2a5,f0dd8585c2a568a8f7378b5332df15e76a00398ca9b1f65c8e1d98d3522ea6a4,0.3408335149,if6_consensus_when_public_priors_concordant_with_d4
aayl49:0002949:e56b03b5fe45,e56b03b5fe452f989b6845152bff7e918636d81cc8dc08cfbfedaad406738c42,0.3405242264,if6_consensus_when_public_priors_concordant_with_d4
aayl49:0002950:cd06b938ca9a,cd06b938ca9a7bc69f502f5a2f1ee5ed7dd8536d3e7edee6235e23dc74e4775d,0.4754503965,if6_consensus_when_public_priors_concordant_with_d4
aayl49:0002951:f6778b2136fc,f6778b2136fc1617cf27ad02a6dd6ee0abf4ccae709b7d7f7bd5c5df3525249c,0.4510167837,if6_consensus_when_public_priors_concordant_with_d4
aayl49:0002952:1166f06e0ba8,1166f06e0ba86bb2f1bebbda889e5e1588812eb3d43fee550d294d5d6b4510df,0.7497873306,if6_consensus_when_public_priors_concordant_with_d4
aayl49:0002953:e87291cf739d,e87291cf739dd97ce84ef5b0a73dc8645665dd61cdcc23808653218739f341d5,0.8578055501,if6_consensus_when_public_priors_concordant_with_d4
aayl49:0002954:a66a46f62006,a66a46f62006d4e4b16f501c17d8c1af3573232282dfa6d37a030402fcdccc9b,0.7546586394,if6_consensus_when_public_priors_concordant_with_d4
aayl49:0002955:9fa1ab2180c6,9fa1ab2180c63b06e5a6c8756c5443f92548bea8c766947f14dfc9653cb7727e,0.71746701,if6_consensus_when_public_priors_concordant_with_d4
aayl49:0002956:304800227ce9,304800227ce9ef0bdd6d71cb6fa45237e77176b9fbec085779de11187b553202,0.7286785245,if6_consensus_when_public_priors_concordant_with_d4
aayl49:0002957:f8e98f391c26,f8e98f391c26026c42495c441532893a6c6c63a72c246b0000f452de66c9fce7,0.7040129304,if6_consensus_when_public_priors_concordant_with_d4
aayl49:0002958:c799239bb655,c799239bb6559581282913bf7476b1dc0723af8502c5530fd1a3408ac4a79428,0.9058222771,if6_consensus_when_public_priors_concordant_with_d4
aayl49:0002959:6d250956fd2d,6d250956fd2dec681ecaff17a2ba6020bb44f90c04c00a90e3c217a16a052e9a,0.7892213464,if6_consensus_when_public_priors_concordant_with_d4
aayl49:0002960:24ca8ca2b379,24ca8ca2b379dd076791edb7c41a90e93ec830f788e27cb5b7bd154a085c1886,0.9001005292,if6_consensus_when_public_priors_concordant_with_d4
aayl49:0002961:a745169cb0d9,a745169cb0d98e646e099d40f4e59868f979e7b328ae3d779e26b2dd52cd618d,0.4831052721,if6_consensus_when_public_priors_concordant_with_d4
aayl49:0002962:bfdcaf931de7,bfdcaf931de75c2e239702ca4bc31ce26a7b331b8966a1bb7f0f403820ae31b3,0.44034639,if6_consensus_when_public_priors_concordant_with_d4
aayl49:0002963:d089df9eeb78,d089df9eeb784e81d29f1413d978728daf4bf34271e4ba6964d0e215f495fe4b,0.5002706051,if6_consensus_when_public_priors_concordant_with_d4
aayl49:0002964:3027b9788bf5,3027b9788bf5a40615ba00c5dea4217f97f27580d42691907b1533eba9d0d96e,0.5469728112,if6_consensus_when_public_priors_concordant_with_d4
aayl49:0002965:f6bf8347169d,f6bf8347169dbe2de263000510a40169618cb7a4843196c56296368558a6c687,0.9323436618,if6_consensus_when_public_priors_concordant_with_d4
aayl49:0002966:3b5d01384b32,3b5d01384b32086ec486566c4b42eb297b3ae82d0ea76553f8f8353681e28acf,0.9164153934,if6_consensus_when_public_priors_concordant_with_d4
aayl49:0002967:86ddc6f9d91c,86ddc6f9d91c86b9520bba13e238a21bbd902cba2222a722ec3ec080f9f5eed2,0.9562359452,if6_consensus_when_public_priors_concordant_with_d4
aayl49:0002968:5405da260b6e,5405da260b6e64fa2243485648803cd725b6e041451f94cc1f378c8632af9ded,0.9878605008,if6_consensus_when_public_priors_concordant_with_d4
aayl49:0002969:36bb94eab4b1,36bb94eab4b18157daded0f33226f5983ccdc59f15a8c997378482988c005525,0.4850382805,if6_consensus_when_public_priors_concordant_with_d4
aayl49:0002970:d50edf38c1d1,d50edf38c1d17144881394c12922bc67ceb34fc901e937f1e111646d724fa4f2,0.9768034816,if6_consensus_when_public_priors_concordant_with_d4
aayl49:0002971:50b8de286ae3,50b8de286ae36c3a7f0518c90b89f816b43554c3215da960e21854bcc67af11d,0.9453336596,if6_consensus_when_public_priors_concordant_with_d4
aayl49:0002972:89d1a6505aa2,89d1a6505aa218e2ed4f2353beab83f226dd5e65fe90e2705f17f73e9f5df9f5,0.9030387402,if6_consensus_when_public_priors_concordant_with_d4
aayl49:0002973:accd05cb028e,accd05cb028e4460a3387a7757c3b6fda37931af744a9b1e8bd4e067ee74d864,0.9277043343,if6_consensus_when_public_priors_concordant_with_d4
aayl49:0002974:deded93ac5c5,deded93ac5c56051f1611b2180244b356750b85ea47ccd210d824945ab81c06d,0.9815974236,if6_consensus_when_public_priors_concordant_with_d4
aayl49:0002975:272367b972a9,272367b972a900bf6090f2cd7b102d1dca66a7116ba0df90a51e60ef234e40f8,0.897703588,if6_consensus_when_public_priors_concordant_with_d4
aayl49:0002976:dfc6c9cefd6f,dfc6c9cefd6f8c5df1d74b6a91ed0f46eb77bf02e873b1b5674169faac3631df,0.4821774065,if6_consensus_when_public_priors_concordant_with_d4
aayl49:0002977:004ee525b1f5,004ee525b1f560caa6c5d2dcdabca7852899132b336df1d4366b911d66f258f3,0.6331090927,if6_consensus_when_public_priors_concordant_with_d4
aayl49:0002978:d7aada224976,d7aada2249764a3de6cbb71be718f580a1609295d88c5afa0abdeb88237f8e89,0.8913631439,if6_consensus_when_public_priors_concordant_with_d4
aayl49:0002979:c8d92aa32ac5,c8d92aa32ac548b01b752ea0d4a91cce6b4890b138f854bbe4506a7e9c79bb9f,0.44034639,if6_consensus_when_public_priors_concordant_with_d4
aayl49:0002980:5d25f633f6a6,5d25f633f6a6ee6be1fb4419b211c814923a7a170785a4f7c6bb9262dba7bdfe,0.4864300489,if6_consensus_when_public_priors_concordant_with_d4
aayl49:0002981:2234f43cd2c8,2234f43cd2c8b8721ca9074726c77e742518aa171d3448fb56571b523b4a6028,0.5682362914,if6_consensus_when_public_priors_concordant_with_d4
aayl49:0002982:fe1f35cbd892,fe1f35cbd892405560beed9b8bfbaa8f8b1fdf3f7eeec7de4012bbe384dbdbc8,0.7884481549,if6_consensus_when_public_priors_concordant_with_d4
aayl49:0002983:f160e38a2c89,f160e38a2c89a162e2a24924cfe14ecf788502b82951752c880cf48e5f8ca6e9,0.6372844577,if6_consensus_when_public_priors_concordant_with_d4
aayl49:0002984:4ac5df98251b,4ac5df98251b66b97c6af7365f32c8754281e62351f7d21cb4e864e119286b90,0.7347869873,if6_consensus_when_public_priors_concordant_with_d4
aayl49:0002985:8b989da60a15,8b989da60a152cd489bee61dfd41d6e96870b86e9e01ebd5569c2b11014795ee,0.7608444095,if6_consensus_when_public_priors_concordant_with_d4
aayl49:0002986:66af8e64d61b,66af8e64d61b3d2680bc181f8dfd1507f55ef88c0694da9ffcad5bd0c7fcf6bc,0.298461318,if6_consensus_when_public_priors_concordant_with_d4
aayl49:0002987:09887343772d,09887343772db4955863c8397cf471f51a351ebaa336ca444a01019e72c10deb,0.6268846989,if6_consensus_when_public_priors_concordant_with_d4
aayl49:0002988:f7a351cd2453,f7a351cd24537991bd3b835e8d381d33203a69387df743ab65c9d54ade30efac,0.9508234859,if6_consensus_when_public_priors_concordant_with_d4
aayl49:0002989:da3501a05907,da3501a059073e4015d9a985880770568fcac1b38658b96d7693fec053f88e6a,0.962808311,if6_consensus_when_public_priors_concordant_with_d4
aayl49:0002990:778f750a2072,778f750a2072f20da6996d57d4f6b73d2fcd1272968f3e7fac75166b58a754de,0.9706177711,if6_consensus_when_public_priors_concordant_with_d4
aayl49:0002991:86df2421566d,86df2421566df105fab6963a8e86913731179338a705e22300f2f1c6a4c32b2a,0.6481094956,if6_consensus_when_public_priors_concordant_with_d4
aayl49:0002992:e403bf129687,e403bf129687b7c652a0a4840d13aebef7a7fddb06dcedd7f02954c1879314d6,0.7567462921,if6_consensus_when_public_priors_concordant_with_d4
aayl49:0002993:df024a11decd,df024a11decdc8bbc725eb3170cef833b4848670dfea6c21ec52affd759f0a82,0.5644475222,if6_consensus_when_public_priors_concordant_with_d4
aayl49:0002994:ca14c5235d7f,ca14c5235d7f47df30febb436b76bdd9d6f8d7931b0fcf918bf5c4c96a7690d7,0.5048325658,if6_consensus_when_public_priors_concordant_with_d4
aayl49:0002995:99c744150f9c,99c744150f9cded46d98db634260196f4b5073818d1fc5ad1c24027b96a71651,0.816825211,if6_consensus_when_public_priors_concordant_with_d4
aayl49:0002996:017f47623fa1,017f47623fa198c60b7793302ba16a65171fd8b572d1c145201c692c886f97b2,0.5827727318,if6_consensus_when_public_priors_concordant_with_d4
aayl49:0002997:3387dbe6859b,3387dbe6859b1d7154799fa24ed22a96fdfe7983966be93df06dbcb51b20eaf1,0.7961030006,if6_consensus_when_public_priors_concordant_with_d4
aayl49:0002998:8b1c626eb0d9,8b1c626eb0d95f75ed2f648f4bedf2d20280235184bcc786b461e250eb3090ed,0.8738111854,if6_consensus_when_public_priors_concordant_with_d4
aayl49:0002999:b96a0ddfb675,b96a0ddfb6759e5f4df79333923df071ad99fb5f72e2e776626c86277bcbf754,0.4169179499,if6_consensus_when_public_priors_concordant_with_d4
aayl49:0003000:ad9a0b50bd00,ad9a0b50bd00e81d07a1556891c41b953323929a24c4656e77a6f71bb69212f0,0.3851387799,if6_consensus_when_public_priors_concordant_with_d4
aayl49:0003001:da6f00affd0e,da6f00affd0ed98c1a4f69eed5d457f9d017d22974bc99c77a223e1fa1789491,0.5673084259,if6_consensus_when_public_priors_concordant_with_d4
aayl49:0003002:f1bd581db5a5,f1bd581db5a5c74a97f0ad6f189247c61e006bf04f4ccaabf36775db25a646a2,0.9323436618,if6_consensus_when_public_priors_concordant_with_d4
aayl49:0003003:29e17ea72e86,29e17ea72e866d9f8e89affc719632a6427b19f55e1b5c27b84acdd915805c02,0.6728524566,if6_consensus_when_public_priors_concordant_with_d4
aayl49:0003004:3cd0da49c823,3cd0da49c823697e1f3bd18435fbbdd4a9022231396d3f3a0755159d778801b6,0.8421093822,if6_consensus_when_public_priors_concordant_with_d4
aayl49:0003005:b4ee9f4547be,b4ee9f4547be6d4a5ebb1e2f8d099fe394b8b6f1abc7192bd6df2e7086485052,0.7421324849,if6_consensus_when_public_priors_concordant_with_d4
aayl49:0003006:543932067311,543932067311708e90865c38e5f78c6074bcb8a5b871af5ddbc2b13cb0be9697,0.9376788139,if6_consensus_when_public_priors_concordant_with_d4
aayl49:0003007:9d2198f526d5,9d2198f526d5fe7a4db0a7ed2fc1040be00c742517cd64e165fb8ca3bd022af8,0.8579602838,if6_consensus_when_public_priors_concordant_with_d4
aayl49:0003008:0c8315420c09,0c8315420c09d17ea0241cb4aab5d04513fa860fbd3f5cf1cadaefe19afbfe42,0.8377793431,if6_consensus_when_public_priors_concordant_with_d4
aayl49:0003009:3c9991b366e6,3c9991b366e673130028361e4423a351a51e1fda2ab9fa503fd6be0c728cf0d3,0.9212093353,if6_consensus_when_public_priors_concordant_with_d4
aayl49:0003010:71006449356d,71006449356d979f7a0e7c583aa6a919e1b77ae5ae2f7e875f12a6ecf2b8c04f,0.8932962418,if6_consensus_when_public_priors_concordant_with_d4
aayl49:0003011:9e95cad4a969,9e95cad4a969275db6e30d6f80b52f453b821135d9436994cb5e3ebf932e7976,0.8892754912,if6_consensus_when_public_priors_concordant_with_d4
aayl49:0003012:7d5887483b3d,7d5887483b3dbcfff24f9326feeffe058cf84a4fcfb5dd6ae217f98aede8ad24,0.1705714017,if6_consensus_when_public_priors_concordant_with_d4
aayl49:0003013:14429db509ca,14429db509ca71caf63a1e36e52d73466be345a90f83b942c0ba6c5604e908c3,0.3661949933,if6_consensus_when_public_priors_concordant_with_d4
aayl49:0003014:7d279382f11e,7d279382f11e2ff471bb360cc9e816c85eb81807074f4c6f2d38d0cd7836cccb,0.5134925842,if6_consensus_when_public_priors_concordant_with_d4
aayl49:0003015:dd039c62d6ae,dd039c62d6ae70e1522e45ab6c5d01cc36e327d13a561cce9ef075fc5d877721,0.5738034844,if6_consensus_when_public_priors_concordant_with_d4
aayl49:0003016:557068f6fba1,557068f6fba1cb671fee95755a4a62ae809c1a209c0434c55aab28b688acd155,0.5301941037,if6_consensus_when_public_priors_concordant_with_d4
aayl49:0003017:2d342ffa180b,2d342ffa180b4b2016cbcf7ee541e89535c9a644402d5d93aa24defcadc6edc6,0.4149849415,if6_consensus_when_public_priors_concordant_with_d4
aayl49:0003018:d1ff828b7484,d1ff828b7484d3b4c9d8c6eea0fb13e586e58e87b31361f6310e4b8059dbce3a,0.5058377385,if6_consensus_when_public_priors_concordant_with_d4
aayl49:0003019:b29d75d2bebb,b29d75d2bebb2c0e4f2782270b58d57749695fc30b971ffa61a492dd375bb81c,0.8750483394,if6_consensus_when_public_priors_concordant_with_d4
aayl49:0003020:50b41a35e786,50b41a35e7866b857e6ccc4c0f7c5fa454b6f8764eed161d1b26b86fdacb8047,0.8489909172,if6_consensus_when_public_priors_concordant_with_d4
aayl49:0003021:ffa2123fde60,ffa2123fde6030e10cf2cfb75eb904c8d372cbd3d498fa8df65b4d0ad07f3e53,0.3863759041,if6_consensus_when_public_priors_concordant_with_d4
aayl49:0003022:ba05cf367da8,ba05cf367da8aa5678a4d1ee26284a06eba3c06bd2dbb9c0126bfa7776c3d093,0.3891595304,if6_consensus_when_public_priors_concordant_with_d4
aayl49:0003023:8fb62a017eb7,8fb62a017eb7d8b54621efb9211a5eff504f4a2bae9979425a735d5ab7bbd895,0.5505296588,if6_consensus_when_public_priors_concordant_with_d4
aayl49:0003024:8959b3212a50,8959b3212a5029d0cef768cc749616433ea39effca8904d379de01b8a3d3fdee,0.7755354047,if6_consensus_when_public_priors_concordant_with_d4
aayl49:0003025:605dd3e0c8e5,605dd3e0c8e5ec18bd667c5c6bc520406dfaf3f5b9a4e54bc689f7988bc5b728,0.689863205,if6_consensus_when_public_priors_concordant_with_d4
aayl49:0003026:cbdb165231c0,cbdb165231c01ebaf90515bcd886da065397f52b72c08fc8ff82264ea270858e,0.6390628815,if6_consensus_when_public_priors_concordant_with_d4
aayl49:0003027:2558cb1067df,2558cb1067df3e753d9a5c570504c5a3e32943710339e17606ec96764551ceea,0.5587257743,if6_consensus_when_public_priors_concordant_with_d4
aayl49:0003028:d05d1b46db86,d05d1b46db864b9c191e228a01359b5befcc2152439f12a32533c57dd0133725,0.4322276115,if6_consensus_when_public_priors_concordant_with_d4
aayl49:0003029:f14a1f6080c2,f14a1f6080c28869ad920c45cc76d325fe3ee10a96d1caab488458f200c93bce,0.7246578336,if6_consensus_when_public_priors_concordant_with_d4
aayl49:0003030:9154356675f5,9154356675f56b8fce3b936753f38f81eab681d4e0bb1458ed032ae097106ea3,0.8993272781,if6_consensus_when_public_priors_concordant_with_d4
aayl49:0003031:44bea889d202,44bea889d2029f7757af2c176c48303d66c8808b01c8706012c02cf747e4a22e,0.581612885,if6_consensus_when_public_priors_concordant_with_d4
aayl49:0003032:a0a67cc541cc,a0a67cc541cc7168c51a18d5ae402d20e9eb0b22128fc0a1e4a16e35d2140399,0.7580607533,if6_consensus_when_public_priors_concordant_with_d4
aayl49:0003033:5601ebb845e1,5601ebb845e1eb06164d4963d815d208dde001feed670b0c4c6787c9757cf627,0.7592206001,if6_consensus_when_public_priors_concordant_with_d4
aayl49:0003034:edc0f688325c,edc0f688325c4b095989cadfbe21394eec1742db2d5587ef8ae1b35e4df04f4a,0.9431686401,if6_consensus_when_public_priors_concordant_with_d4
aayl49:0003035:b58216d89cb5,b58216d89cb591ab6c29cdd676db1896ef7b77f1c499a3bd126bfe4f891440ea,0.9028840661,if6_consensus_when_public_priors_concordant_with_d4
aayl49:0003036:02071d93bd87,02071d93bd874c007b3945b61f44f91bd0933f70669336d124abdf8ebfc9e8b3,0.886105299,if6_consensus_when_public_priors_concordant_with_d4
aayl49:0003037:13f6710c58e1,13f6710c58e1b4c08b4aab3c4486b7599175331bf088ef8bdbe03be315b771a8,0.7052500844,if6_consensus_when_public_priors_concordant_with_d4
aayl49:0003038:60371fcc0a06,60371fcc0a0691fbc1d4a3853948b127bab05bbc595ebc47da8a6c8b7eb6bbd2,0.5956081152,if6_consensus_when_public_priors_concordant_with_d4
aayl49:0003039:60342dd866e5,60342dd866e51bac7624a622a26b2be13d0698e139191473afd3141f2139e939,0.7534214854,if6_consensus_when_public_priors_concordant_with_d4
aayl49:0003040:bde765702198,bde7657021981dccd2b6bbb2a8e1fbe363f690f64d67f46f8143c2b815b75c78,0.8465166092,if6_consensus_when_public_priors_concordant_with_d4
aayl49:0003041:c125cae01c21,c125cae01c212fe5b156896beb5f270a32faa8458b309b68499086dafbdeafe7,0.5687775612,if6_consensus_when_public_priors_concordant_with_d4
aayl49:0003042:bbb7395969f2,bbb7395969f25e48aa61a4020e4eea9f5ac09364462084bdad649900e67e625c,0.2864764631,if6_consensus_when_public_priors_concordant_with_d4
aayl49:0003043:cecd21f77707,cecd21f777077bc2cfbf53e26872d03475dd46afcce3efff19c57d37e1b565bf,0.2500193417,if6_consensus_when_public_priors_concordant_with_d4
aayl49:0003044:d11a2f1fc721,d11a2f1fc721fe197095f31385ae1aa368949b331b6126e849d38da1f91e887c,0.3987473547,if6_consensus_when_public_priors_concordant_with_d4
aayl49:0003045:5f9b24fb01d2,5f9b24fb01d29d05a670b12f5e079c6c2f0a5ab74c92e89d8c23111b0c0fcf48,0.4861207902,if6_consensus_when_public_priors_concordant_with_d4
aayl49:0003046:ea1a438a791f,ea1a438a791f52fde9352a8259c31aeaaac6d3b40e8fb2fa12be49a0495190f3,0.489600271,if6_consensus_when_public_priors_concordant_with_d4
aayl49:0003047:04a1db6593f7,04a1db6593f7595a6b87ed6dea393612961be9a26bbf1eb1fe50d7448229fcf6,0.4417381585,if6_consensus_when_public_priors_concordant_with_d4
aayl49:0003048:d0e162aa2171,d0e162aa21713539eecf784dba5d3e6de36acf43b80fbc03139441308df1378f,0.5292661786,if6_consensus_when_public_priors_concordant_with_d4
aayl49:0003049:18348135f277,18348135f277ebf6e4cbaff275d2adc2d3ff6587878481cf59900c8c2b87e1af,0.5481327176,if6_consensus_when_public_priors_concordant_with_d4
aayl49:0003050:7d61bbb544ad,7d61bbb544ade3edaaa8129f2306fbc96cbd425deef85990b8e89f1a82720159,0.4218665659,if6_consensus_when_public_priors_concordant_with_d4
aayl49:0003051:387b59097dbb,387b59097dbb040e62a969bc9befc9683dedfe4bfab13d8ed922effaccf1af85,0.3866852224,if6_consensus_when_public_priors_concordant_with_d4
aayl49:0003052:fc56f4f10892,fc56f4f108929bf35132f801743ab7aeec05b8bb404c24a3bcf1c80f13fb0b6b,0.4219438732,if6_consensus_when_public_priors_concordant_with_d4
aayl49:0003053:464b76bd23b2,464b76bd23b2b3eea822bbffdc9ec237c7c14669f5e6566d4f1a0312c46b03ad,0.5284156799,if6_consensus_when_public_priors_concordant_with_d4
aayl49:0003054:4d6ae420cb56,4d6ae420cb5645ec5cea22f03c1271ce56734f5b530de37aad5c5449bc6be83d,0.4533363879,if6_consensus_when_public_priors_concordant_with_d4
aayl49:0003055:63e68ecc1cb0,63e68ecc1cb0837ca0a5bb68c4a9fddc7bc04d56cf0e3104573b10adda41335f,0.4244181216,if6_consensus_when_public_priors_concordant_with_d4
aayl49:0003056:0273a9e8424b,0273a9e8424b3cb97ade6ad17df382ce5a5810c80457ad0b560f3ab647566fcc,0.62375319,if6_consensus_when_public_priors_concordant_with_d4
aayl49:0003057:3b55910b69a3,3b55910b69a33baba33d5dd0dde03ca146e153d3a7c703599e90f75b2a9be4ab,0.735637486,if6_consensus_when_public_priors_concordant_with_d4
aayl49:0003058:1d3602ee0381,1d3602ee0381b735fb5b7f1d960cb9fd577a323abfac634a4b7dcaab888caecc,0.6396813989,if6_consensus_when_public_priors_concordant_with_d4
aayl49:0003059:6f5bb0ef6bdd,6f5bb0ef6bdd1ab573468b151115df825bb8ecf8c64c5115ad438492da425c2e,0.7162297368,if6_consensus_when_public_priors_concordant_with_d4
aayl49:0003060:f8043fe3ba88,f8043fe3ba88ab83a39ebba8e96ecdc23c28b5856d5c44cccfae20e85bef811f,0.7268228531,if6_consensus_when_public_priors_concordant_with_d4
aayl49:0003061:4f89b9dffb90,4f89b9dffb900e425e35a6506d7766e91b6d025df7dde2947da86a38b65ba2bc,0.622516036,if6_consensus_when_public_priors_concordant_with_d4
aayl49:0003062:c737fe5f556e,c737fe5f556e88bec7ad8960c2a5c41accf7ca3d9652eb19a2e7dca527dc6779,0.6309440732,if6_consensus_when_public_priors_concordant_with_d4
aayl49:0003063:44c1534fe41e,44c1534fe41ed6a66d7bc29056fa3745ca2169fe323a0a2b0d67fab47bc4727a,0.4653213024,if6_consensus_when_public_priors_concordant_with_d4
aayl49:0003064:c731d1fdba2d,c731d1fdba2d1a89bb43937f2cf2618ffbe2a70bd9320b8769c02e71227f82e4,0.4057063162,if6_consensus_when_public_priors_concordant_with_d4
aayl49:0003065:c6af23d65c1e,c6af23d65c1ee258e990b8ae0ce764c27be8bd98619d618d40155ea68fba924c,0.55911237,if6_consensus_when_public_priors_concordant_with_d4
aayl49:0003066:ce06970f549e,ce06970f549ef19a42729f254280cc7e043753f1aad0be24f48c6802a225eba8,0.3713755608,if6_consensus_when_public_priors_concordant_with_d4
aayl49:0003067:bb5e3ee317d2,bb5e3ee317d25153b2e3deb3fd9e4db6c9a00f74b7259eacd8fc3ce4db61454e,0.7224928737,if6_consensus_when_public_priors_concordant_with_d4
aayl49:0003068:cb1a8cb3518b,cb1a8cb3518b87d7491f41163010a144aa4ab2e3f92f74e03478f7b95ee9cef5,0.5438799858,if6_consensus_when_public_priors_concordant_with_d4
aayl49:0003069:6efc3e779b43,6efc3e779b43d50a99fdf6e80d68cdf4ace65c03bb9b80931073d4afa02771f9,0.6576200724,if6_consensus_when_public_priors_concordant_with_d4
aayl49:0003070:ef6c39685fbc,ef6c39685fbc6a0c0c16e265867553198c7ab1ce4f9f7501907a0246b34a3f9d,0.6270006895,if6_consensus_when_public_priors_concordant_with_d4
aayl49:0003071:096cc0e9a3e1,096cc0e9a3e18bf56c40c235613cc9f9cc59a3637cc36d5b153ed91310378760,0.3392097652,if6_consensus_when_public_priors_concordant_with_d4
aayl49:0003072:d199472baeb7,d199472baeb7f646e71e841628da6af18b94ce5b40ca32d10b24c2534f580256,0.1483801007,if6_consensus_when_public_priors_concordant_with_d4
aayl49:0003073:969d326888a5,969d326888a53de3fb9aef5f9afcb406744b1201b9945a602ebaf1e42592cb55,0.3075079322,if6_consensus_when_public_priors_concordant_with_d4
aayl49:0003074:890f384c35e3,890f384c35e3f1c0e3a59b553186df9f81cd222168a3a6f6b39f746306677028,0.1711899787,if6_consensus_when_public_priors_concordant_with_d4
aayl49:0003075:a4e0b1d5efd1,a4e0b1d5efd1e11a41dc1fc3bbab597737e3a2856e99d7612db036faaa93b440,0.2737183869,if6_consensus_when_public_priors_concordant_with_d4
aayl49:0003076:3abdf3dbe526,3abdf3dbe526022ddbe1690237cf6928ce11a09c3205a7e1f25ff8b4fa6b5900,0.5672311187,if6_consensus_when_public_priors_concordant_with_d4
aayl49:0003077:61564683e251,61564683e25116c78a63e6c188f27b4436f7d5b10e76caac17e5da6064ab7db3,0.2945952117,if6_consensus_when_public_priors_concordant_with_d4
aayl49:0003078:d9a427172110,d9a42717211081ce445ba355ec6ae9a41edbfd5219ef823781704055e9bda189,0.1326838285,if6_consensus_when_public_priors_concordant_with_d4
aayl49:0003079:59769a3c6008,59769a3c6008eaf9f3eb56571ec9d0210defebdddb85f6ebceb82fb356f5ed1f,0.5406324863,if6_consensus_when_public_priors_concordant_with_d4
aayl49:0003080:e5a93ae68608,e5a93ae68608cb47cb8b2f1569b16413cce4522b1731bfc2f1c3da55f88d40ac,0.3160906136,if6_consensus_when_public_priors_concordant_with_d4
aayl49:0003081:662a677114dd,662a677114ddeca2174cdf4dec73cf510580987b6daf1d522948edc537d522d3,0.255161196,if6_consensus_when_public_priors_concordant_with_d4
aayl49:0003082:f2410fb2618c,f2410fb2618c193c8a19fb0200c5b3d3d7e7bb2b3d0e694973ee74e07e23194f,0.6617180705,if6_consensus_when_public_priors_concordant_with_d4
aayl49:0003083:0c787d941c1b,0c787d941c1b745c2b513f2097dc1a2c311d7f31d62bfd54e7f6d7ca4b9b35f2,0.7538080812,if6_consensus_when_public_priors_concordant_with_d4
aayl49:0003084:53052c03a3f8,53052c03a3f84d58d5338d03ebdd9e3354eead8719162855f9795e00a597e791,0.4653985798,if6_consensus_when_public_priors_concordant_with_d4
aayl49:0003085:730a3c74e003,730a3c74e003a1c323e3f2153401790a8b8867eb21c99e3ab6c4d98ca3cea284,0.7470811009,if6_consensus_when_public_priors_concordant_with_d4
aayl49:0003086:3e674f3cf08a,3e674f3cf08af43245a11ade56d6c57d8c54ca23218102020f44d91e5209ec05,0.8278048038,if6_consensus_when_public_priors_concordant_with_d4
aayl49:0003087:6ba76942098f,6ba76942098f49814d0d75accaa6d18cd1579d8acc3df12ec6493b5395547469,0.7946338654,if6_consensus_when_public_priors_concordant_with_d4
aayl49:0003088:a718831228c7,a718831228c7ef254d42d1c8b8f502c9b844c9b82a59743952dc31e607c0f890,0.8293512464,if6_consensus_when_public_priors_concordant_with_d4
aayl49:0003089:62fa4834cb48,62fa4834cb48f2fba3df35eebade560e821bf044f81ea6b01f440e51c9d55ea6,0.9205906987,if6_consensus_when_public_priors_concordant_with_d4
aayl49:0003090:74195b83e12d,74195b83e12d188313a7941c458ba10fb028426204dfb8fe901043049358ab13,0.9314931035,if6_consensus_when_public_priors_concordant_with_d4
aayl49:0003091:5e915c40551d,5e915c40551d204dd543bc6828a3c001b0ce76f850a5b86e3fab3282d039e5a9,0.8590428233,if6_consensus_when_public_priors_concordant_with_d4
aayl49:0003092:2e081c7d2e3b,2e081c7d2e3b4c0ff26d341c6c9769c3ff9115aea3145e781ee9640ea8cd4994,0.829969883,if6_consensus_when_public_priors_concordant_with_d4
aayl49:0003093:b0737bc46d96,b0737bc46d9681d3bc64dab081512609336943300d1eb7b42582028c121e54c1,0.9164927006,if6_consensus_when_public_priors_concordant_with_d4
aayl49:0003094:8d511d1583a2,8d511d1583a2e99af7c26189648f2e3bae2521b30ab8f74f15b836312be872da,0.4000618458,if6_consensus_when_public_priors_concordant_with_d4
aayl49:0003095:8f427ba248e9,8f427ba248e9ab851ae3263491bed2aa150156f34a20f5c47377906774cfabc2,0.956158638,if6_consensus_when_public_priors_concordant_with_d4
aayl49:0003096:f91be33cd731,f91be33cd731cfa327d8d7a988e07d09964603faf613d68c40feffb14f5ccea2,0.4645480216,if6_consensus_when_public_priors_concordant_with_d4
aayl49:0003097:01811bb9ada3,01811bb9ada37f1eb083a1a21fb108636384dbecbf5be204881e9f9cd48f6fab,0.7240393162,if6_consensus_when_public_priors_concordant_with_d4
aayl49:0003098:3b4906936fbd,3b4906936fbd86920d2bb6bba560a03b8813b01effa972dfd946d55ed606ab79,0.7130596042,if6_consensus_when_public_priors_concordant_with_d4
aayl49:0003099:01ed14ec370c,01ed14ec370ce56ce6f1b914c1c84c09192db59582f867c1f896fdf19ef91767,0.3965823948,if6_consensus_when_public_priors_concordant_with_d4
aayl49:0003100:d792d225d096,d792d225d09615d800ae5131fb89708ce7d18220762c07c6ccc1a593a08c83be,0.5123327374,if6_consensus_when_public_priors_concordant_with_d4
aayl49:0003101:fe62a105c9b3,fe62a105c9b387d09f0a489740f94b210668114836f6ad2761b02bd2967a3b5a,0.3937988281,if6_consensus_when_public_priors_concordant_with_d4
aayl49:0003102:ead5288365ea,ead5288365ea492e0b7079fa73d12b4915c66e55817fdd4db817ffc026be9f29,0.4173818827,if6_consensus_when_public_priors_concordant_with_d4
aayl49:0003103:3aebd1b37e51,3aebd1b37e5160b2a3dbe02c45177c52ec4e0b0b1759f773c07f00b06b762e05,0.5136472583,if6_consensus_when_public_priors_concordant_with_d4
aayl49:0003104:470a42a8274e,470a42a8274e5e86ad56ffa819c8eb08ca0fdd33938c19343c5e2625606be592,0.8298151493,if6_consensus_when_public_priors_concordant_with_d4
aayl49:0003105:551f204ba16d,551f204ba16defe84d410fd4321e9df44e9e4e0fbe4efbbd441abdbbe5b2cb4c,0.5055285096,if6_consensus_when_public_priors_concordant_with_d4
aayl49:0003106:7c0420052f83,7c0420052f8326a443b989c00c2a3b075287479570c90a4995ed5679119660e2,0.4769968092,if6_consensus_when_public_priors_concordant_with_d4
aayl49:0003107:f66ee69841b8,f66ee69841b88104368ecb4358374ddbdb8029658f706797ad78146ff95cb2bb,0.4500888884,if6_consensus_when_public_priors_concordant_with_d4
aayl49:0003108:645b0c9e7002,645b0c9e7002555cd8790020ee180a33832fe14bfb8724bf416be4990d78b806,0.5676177144,if6_consensus_when_public_priors_concordant_with_d4
aayl49:0003109:430c348fd585,430c348fd585f232a89f5528c9f6a1d0690ca0b465ba9d6c8c21290601a98515,0.5344467759,if6_consensus_when_public_priors_concordant_with_d4
aayl49:0003110:0e726db5314b,0e726db5314ba2a0156d2e5bb6040aeec37a40e44acdc541812abb28346d2928,0.9051263928,if6_consensus_when_public_priors_concordant_with_d4
aayl49:0003111:eec89a800d2e,eec89a800d2e18adc0eec8458ea38729cde362ee12ad277cbe4b98fbbfa5edf2,0.5690868497,if6_consensus_when_public_priors_concordant_with_d4
aayl49:0003112:aaa4b7bfade9,aaa4b7bfade990d95ee7da77538547e5644a2bc87bd0e86a70e392d05f188a91,0.9383746982,if6_consensus_when_public_priors_concordant_with_d4
aayl49:0003113:591c3828b60c,591c3828b60c52181d0f62cc58278b02dce05a937e4e05411512d9efc38c6e9b,0.7207143903,if6_consensus_when_public_priors_concordant_with_d4
aayl49:0003114:5467d9361972,5467d9361972a462ebf4bbb87f91d58d06d4cea7e3413549847d7ff2ad342a1f,0.6740894914,if6_consensus_when_public_priors_concordant_with_d4
aayl49:0003115:5f9f3b30d109,5f9f3b30d109837b54fa0427b3c58bd02904315aad3590ebdbce3663aeecf61e,0.8919817805,if6_consensus_when_public_priors_concordant_with_d4
aayl49:0003116:5326006c6fda,5326006c6fda9f6702548724838c508c3999781a4fa0cb8f310128ac80b7b1b2,0.8134229779,if6_consensus_when_public_priors_concordant_with_d4
aayl49:0003117:cda6a03d7fe8,cda6a03d7fe83302ece276809f346bc02bcbfcb73137075eb4702c1542730869,0.3085131049,if6_consensus_when_public_priors_concordant_with_d4
aayl49:0003118:6b39f8401790,6b39f84017905fd3a5151975572f1e00d5a3370174c7fde9b52df4213ce94570,0.5793705583,if6_consensus_when_public_priors_concordant_with_d4
aayl49:0003119:a30137148338,a301371483386ee0b54b84dd33c3ce3f724c8983b2292b5f024e755fcd7a2ad6,0.7574421763,if6_consensus_when_public_priors_concordant_with_d4
aayl49:0003120:4134ef1f738b,4134ef1f738b7c52f5cb357ffe491f1c1bed5b43025023b27fe51692da0fd1ad,0.3007809222,if6_consensus_when_public_priors_concordant_with_d4
aayl49:0003121:b7c05802b42c,b7c05802b42c6156d9b2c71621a07ac8f353ca2e2642becdac0a05861c47dc6a,0.238459751,if6_consensus_when_public_priors_concordant_with_d4
aayl49:0003122:82bc9eec6939,82bc9eec693986c2c88e55fc4ca6cd1aba38dc819854e0cc9883a244827dc761,0.2925075293,if6_consensus_when_public_priors_concordant_with_d4
aayl49:0003123:9178386e027b,9178386e027b328a0b60c07882bc74879115444777f489ed028451d9436404e0,0.1353127658,if6_consensus_when_public_priors_concordant_with_d4
aayl49:0003124:5ee4f94cd2b8,5ee4f94cd2b870a73c313b5bb1ed63d5e603f523e7d089e4d4ae4cbb43978446,0.2144900709,if6_consensus_when_public_priors_concordant_with_d4
aayl49:0003125:7df5414cfcf3,7df5414cfcf3323a7729ca24548c384b1980c472fcf77f151a39da6fd7092b48,0.1307507902,if6_consensus_when_public_priors_concordant_with_d4
aayl49:0003126:91e83d46da43,91e83d46da43c8218f8a476cbab5fa9e07401b6464489bace35c8884396a319f,0.2736410797,if6_consensus_when_public_priors_concordant_with_d4
aayl49:0003127:39dbb91f67b7,39dbb91f67b725c6d08b28008da696d90b8955fc1aa00dd084d96c2cc470eec4,0.3479471207,if6_consensus_when_public_priors_concordant_with_d4
aayl49:0003128:1154d4ac47b6,1154d4ac47b6f53858eda2684b8618ffdb87498c7302b46b3eae94c498311ee0,0.4201654494,if6_consensus_when_public_priors_concordant_with_d4
aayl49:0003129:4df42e86fbd6,4df42e86fbd6ecda06868cdc2c0f2924dec71cfcf9ef0fc7a7580702591fed6d,0.2144127339,if6_consensus_when_public_priors_concordant_with_d4
aayl49:0003130:3e03aea24236,3e03aea24236ef7de45df82f8c9c763244501fcf9d3dfc7b86c4e36b23d2b8ff,0.2033557445,if6_consensus_when_public_priors_concordant_with_d4
aayl49:0003131:5255863bd067,5255863bd067e838ca731e6514a2368f5d66a2399fa8a755fed509b685b1d7f5,0.3464780152,if6_consensus_when_public_priors_concordant_with_d4
aayl49:0003132:23b72e35bc5c,23b72e35bc5c122cc2da2f5ed67436944435dd8c27249951e82cd01b4b500caa,0.4449083805,if6_consensus_when_public_priors_concordant_with_d4
aayl49:0003133:f50278d306c3,f50278d306c36700abe35c79cb02089ba9cce609be9df9feec7a822dc1a68464,0.8588881493,if6_consensus_when_public_priors_concordant_with_d4
aayl49:0003134:2d883c4eca3c,2d883c4eca3c7ce812a7117c1d838611f87d174a470863cf29cfff24944e8ff6,0.8414134383,if6_consensus_when_public_priors_concordant_with_d4
aayl49:0003135:2c2e503171fa,2c2e503171fa07dd993b89eb020055c67f4f173af4ed50652a50c77c4670f0df,0.9332714677,if6_consensus_when_public_priors_concordant_with_d4
aayl49:0003136:0bd0b9bd466d,0bd0b9bd466dc8c586397fecd0debee6b88d610d40b96d39ea626ac7fbf73d21,0.9549987912,if6_consensus_when_public_priors_concordant_with_d4
aayl49:0003137:eb3af03128c0,eb3af03128c0eeac4193f3ae1fa746f6e559424d1795bd2f1658eb0756b79624,0.8496481776,if6_consensus_when_public_priors_concordant_with_d4
aayl49:0003138:23dbec11636f,23dbec11636ffdb877b1ba73724955cb35c6c87d36e1d4a280b15a15ba04db35,0.9694579244,if6_consensus_when_public_priors_concordant_with_d4
aayl49:0003139:83bb6531897b,83bb6531897b1120cca2b32fec968a8f4d46c12f053bd40ca7d60c1b47bcd9e1,0.6805071831,if6_consensus_when_public_priors_concordant_with_d4
aayl49:0003140:07ed43e06e4a,07ed43e06e4a3c22f82890bc4091ebd19bba8d7a2535187dc502d29478d8e824,0.440423727,if6_consensus_when_public_priors_concordant_with_d4
aayl49:0003141:138b7d0cedf0,138b7d0cedf006d7eedf65ce4d5a2fee715f8e33bde423d69970e9d2c63948b8,0.4758369923,if6_consensus_when_public_priors_concordant_with_d4
aayl49:0003142:45882ff5b38f,45882ff5b38f790cc90f3a0881ec7a7d78f66fbee136db40f9e2ce24de6be9aa,0.4352431595,if6_consensus_when_public_priors_concordant_with_d4
aayl49:0003143:5c026520f6ca,5c026520f6cac6d56f4e83eba282a3bf448699b3ccc103038013893b84c8b565,0.4872032702,if6_consensus_when_public_priors_concordant_with_d4
aayl49:0003144:074674e47a46,074674e47a46773a4bdf4df64ffebc7eaf2f5dee3a5081c86d97e7ba18fcd7c1,0.4084125757,if6_consensus_when_public_priors_concordant_with_d4
aayl49:0003145:a8995ce2ad70,a8995ce2ad70c29b8cd946c3e5f10281822ba1604f7121f102d6fc5446076a45,0.3129977584,if6_consensus_when_public_priors_concordant_with_d4
aayl49:0003146:638ea42787df,638ea42787df5f92366b8aa3e1ca61b8da13870c92d8f70f17040033e816b6cd,0.5307353139,if6_consensus_when_public_priors_concordant_with_d4
aayl49:0003147:a57e1ad2b5a2,a57e1ad2b5a2b15ec610abf227b9b587045738e8c1c82de2336b65e834f115da,0.6911776066,if6_consensus_when_public_priors_concordant_with_d4
aayl49:0003148:1789466d2afc,1789466d2afc1938b2dfa2222dcd471ea404fdf63059ea19a1fc08cfcf5b203f,0.4486198127,if6_consensus_when_public_priors_concordant_with_d4
aayl49:0003149:a4f0c46ee7c4,a4f0c46ee7c45767be843d518bc7341afe67bffe0f0b215fb8749d6eeec51439,0.6501972079,if6_consensus_when_public_priors_concordant_with_d4
aayl49:0003150:1b831dc078b3,1b831dc078b39a96fd92abed693c5ee7d4d8ed49ca3abe5e1c5ddc335f02caab,0.704631567,if6_consensus_when_public_priors_concordant_with_d4
aayl49:0003151:04f00b6dd205,04f00b6dd205c2b11976b93e958db2ad584766430fe161af3a8fccbc0653ce57,0.7354055047,if6_consensus_when_public_priors_concordant_with_d4
aayl49:0003152:4174b8df2f43,4174b8df2f43fc1e37734057ada4533f6204464228f915929ef425f538f7d6d2,0.7807933688,if6_consensus_when_public_priors_concordant_with_d4
aayl49:0003153:ea0f6fb88eb6,ea0f6fb88eb6e5806c16ed917c7335d084cd5aa3369ab4f377bc65ee336448b0,0.9374468327,if6_consensus_when_public_priors_concordant_with_d4
aayl49:0003154:9bdb0a38ac92,9bdb0a38ac92d52e4d68a3df2192005b2dbe8836d05f3ad9590b8a76a5c241da,0.8349957466,if6_consensus_when_public_priors_concordant_with_d4
aayl49:0003155:eb8db4795280,eb8db479528051e847f4a0b31ca2d88180158295b843e44ecdc9adb68c9a423c,0.7800974846,if6_consensus_when_public_priors_concordant_with_d4
aayl49:0003156:86392d5d4711,86392d5d4711f5e4a4c9987f772ffb45ba5ed1ba3acdeec35d876bbf3ab3240e,0.8998684883,if6_consensus_when_public_priors_concordant_with_d4
aayl49:0003157:97bdaa1ab83b,97bdaa1ab83b9d7503d8ca3527845030b5683d27a6ab795a3d5c4efcd2c86934,0.8725740314,if6_consensus_when_public_priors_concordant_with_d4
aayl49:0003158:8242b00c5f9c,8242b00c5f9c7a4acafa15f5f857459d2cd9284cfdabbd760a3baff4ee35887e,0.7026985288,if6_consensus_when_public_priors_concordant_with_d4
aayl49:0003159:7c6b66fe00e5,7c6b66fe00e500eb110fcb09aeed61e3be40f8b9d4a23cd3085c516ef4b13191,0.4905281067,if6_consensus_when_public_priors_concordant_with_d4
aayl49:0003160:3e7ca48ecb0e,3e7ca48ecb0eee61018fba1b27a2f9cdde0099b5eee88105fcbf83fb73f85b34,0.7550452352,if6_consensus_when_public_priors_concordant_with_d4
aayl49:0003161:bd1d83c2dbe9,bd1d83c2dbe914fc190ff62aed4ad724650dd49f8b22bcbc54e8457464b5aa55,0.9706950784,if6_consensus_when_public_priors_concordant_with_d4
aayl49:0003162:218b42d1471b,218b42d1471bdb1f972d8537dc1ecf24021b661164195ce7573d2ac585fac174,0.5677723885,if6_consensus_when_public_priors_concordant_with_d4
aayl49:0003163:f69487be779a,f69487be779a6fbdef1effb609fd1dabcaf2f16f25127d5a30f849c3adc945b9,0.4452176988,if6_consensus_when_public_priors_concordant_with_d4
aayl49:0003164:99b8bb61b1ab,99b8bb61b1ab61ad891c8bc3fed85e7bef47441d095eaff65fd66d0e5b19f372,0.8024433255,if6_consensus_when_public_priors_concordant_with_d4
aayl49:0003165:d21d56d3627e,d21d56d3627edd6b51f8a114594607aaeae5de2b027b3c67e34cd3b2602e0d73,0.6280832291,if6_consensus_when_public_priors_concordant_with_d4
aayl49:0003166:15d3fb2162d6,15d3fb2162d632ac5e2154b6eaf1b34c20101d5911d755fe7f0ba6731d27315e,0.7801747322,if6_consensus_when_public_priors_concordant_with_d4
aayl49:0003167:9bfa0ef64786,9bfa0ef64786011999545b8c70c4a27c6aed84120278a69978d19687280ac6bf,0.741050005,if6_consensus_when_public_priors_concordant_with_d4
aayl49:0003168:7b822b109850,7b822b109850480b647ca8c8d40e6745f6d054c7ce2d7df6ef4ec90c67c5312d,0.6272326708,if6_consensus_when_public_priors_concordant_with_d4
aayl49:0003169:3bdb7bda3b15,3bdb7bda3b159d96fe13e3c5e2224dd08e78560954a8693544885dd480662bab,0.9107708931,if6_consensus_when_public_priors_concordant_with_d4
aayl49:0003170:62934c4b5352,62934c4b535230e140e721b0853cff8379c9a50d9641633368404041236c6dc1,0.6144745946,if6_consensus_when_public_priors_concordant_with_d4
aayl49:0003171:f0ab69a4c54b,f0ab69a4c54b79b3b0bf61ebc5473c11e74ee1505b090f0787eeeaa4a07b186d,0.9357457757,if6_consensus_when_public_priors_concordant_with_d4
aayl49:0003172:ddba54683168,ddba54683168cfbff5ae26383ba250cef636c9e1f634ddb4797c212999360123,0.9044305682,if6_consensus_when_public_priors_concordant_with_d4
aayl49:0003173:900c02bc3aef,900c02bc3aef1748c3a4e7a4e284c17cd5743d7f3cc4be6b451c1e8ff5adf379,0.9678342342,if6_consensus_when_public_priors_concordant_with_d4
aayl49:0003174:2854b46d0dc4,2854b46d0dc432209ebc3816a9eca3ebc9ae7cef08e5cbc49c0e158dfb1dcd87,0.9814427495,if6_consensus_when_public_priors_concordant_with_d4
aayl49:0003175:c05023491ca5,c05023491ca56e18e4ebe74201c78aeca32ecd2a654b7e639b19e56c0bd070aa,0.8630635142,if6_consensus_when_public_priors_concordant_with_d4
aayl49:0003176:5f8a0bd45f5c,5f8a0bd45f5ce8eeae3ff2f0aafcfa794a7924ba735f0a2eed856cffc7761e14,0.9754117131,if6_consensus_when_public_priors_concordant_with_d4
aayl49:0003177:85dd3a7ba5cf,85dd3a7ba5cf2c378ee450519374cd4341424a072fc11b29d74290ead40277eb,0.2059846967,if6_consensus_when_public_priors_concordant_with_d4
aayl49:0003178:6e1ef75b0f14,6e1ef75b0f1449e09bbd8f041e126c1a35a5c292c02083110daa9b1927154733,0.2354442328,if6_consensus_when_public_priors_concordant_with_d4
aayl49:0003179:eb11407fc780,eb11407fc7807b2de6e811fe815c1198334afd72f4e754417e8098a7770293b3,0.521302104,if6_consensus_when_public_priors_concordant_with_d4
aayl49:0003180:b0a9c1bbbf68,b0a9c1bbbf68e3bcb3d9560e61e3081631305f01770610c11854c8d54de1e52f,0.3729993105,if6_consensus_when_public_priors_concordant_with_d4
aayl49:0003181:ba2e7c606044,ba2e7c6060448754fee63bb8b56272bb38855cdc2942efac8db38edd737e5fa2,0.2483569235,if6_consensus_when_public_priors_concordant_with_d4
aayl49:0003182:89f180978ecc,89f180978ecc18dd9c2c74fbd33921eb1847c5ec4215aecb16901c8f71a136a1,0.7638599277,if6_consensus_when_public_priors_concordant_with_d4
aayl49:0003183:9303bc47c487,9303bc47c487665f8d5280ec3308bf8dae6c24ce2d406decdd5699aec0c90ba5,0.6041908264,if6_consensus_when_public_priors_concordant_with_d4
aayl49:0003184:68f6a1d99e08,68f6a1d99e0862fd68ea40b34bc49374fa1c5d4a95e98b27ea708c43647e52bb,0.7373386025,if6_consensus_when_public_priors_concordant_with_d4
aayl49:0003185:dae77824439a,dae77824439af45d53ea4b7783e4d9416d8b2b56bfd3df575cdb6dc937cd1097,0.9130905271,if6_consensus_when_public_priors_concordant_with_d4
aayl49:0003186:da427b2ca77c,da427b2ca77c47700544b977c8aa05a8b57139d36f3ea522ff128a61a631c004,0.7597618103,if6_consensus_when_public_priors_concordant_with_d4
aayl49:0003187:33c880c9f70d,33c880c9f70d3873f9af3125c78df2ce326507931a6358d62159c550a6e1ff96,0.2641305029,if6_consensus_when_public_priors_concordant_with_d4
aayl49:0003188:9e12823fb9b9,9e12823fb9b9754585ef7879e58c8a1468915605428a6d3bbc58d033307542f2,0.1844119579,if6_consensus_when_public_priors_concordant_with_d4
aayl49:0003189:45703f701fd9,45703f701fd962775f35b37835a85fad3c9873ccde564baf0668db5d2664b5c4,0.2584086955,if6_consensus_when_public_priors_concordant_with_d4
aayl49:0003190:1041987014d0,1041987014d01efcf0d5ed41f0e5f708e93e09ada27a97ae91c2f32617bcc89c,0.2556251585,if6_consensus_when_public_priors_concordant_with_d4
aayl49:0003191:bc34a96094c5,bc34a96094c5e1787a111c90233ad841d4bd116492bae2c04b253ed3730d8d8b,0.2411659956,if6_consensus_when_public_priors_concordant_with_d4
aayl49:0003192:0732b9c585e5,0732b9c585e5d21abf30f042a3720d2d68e9ecb4d966be18ce1637069f8e3348,0.2603417337,if6_consensus_when_public_priors_concordant_with_d4
aayl49:0003193:bcc1ee6396f7,bcc1ee6396f70773ce0dbbb1ca3b430b32aa625d77f16d2ba10f43b4e5a8492a,0.3890048563,if6_consensus_when_public_priors_concordant_with_d4
aayl49:0003194:143acf28ab4e,143acf28ab4e6eda62a425cab5be58110da8fe6af4cc3018e47b73eb77181559,0.4839557707,if6_consensus_when_public_priors_concordant_with_d4
aayl49:0003195:58427f7dfdba,58427f7dfdba6ab6fbf33e328037b7529733ef2c7cc1089fd3e0cdab1ae3ee6b,0.356375128,if6_consensus_when_public_priors_concordant_with_d4
aayl49:0003196:cc581936b8e4,cc581936b8e4724601ca3c90628bd0382e7cdbbf8c2f85e9647263ca04a287a7,0.4758370221,if6_consensus_when_public_priors_concordant_with_d4
aayl49:0003197:e11fb8ddd9e2,e11fb8ddd9e2792dbfd5e70140db55805090fa28bef9cd7bb0ffd899c742ae66,0.7574421763,if6_consensus_when_public_priors_concordant_with_d4
aayl49:0003198:2f53b5bbd685,2f53b5bbd685b7c4886e19e70af0289c7d336fc939eb615e21bfa3edcb9e3ce8,0.4189282954,if6_consensus_when_public_priors_concordant_with_d4
aayl49:0003199:b82ee56f5822,b82ee56f58225f4a6232a427ab1c626bf510f2e0830d8b97d61dffc2d92576de,0.241475299,if6_consensus_when_public_priors_concordant_with_d4
aayl49:0003200:2f8be19ed16f,2f8be19ed16f9d62a4fceeac16412e4a121c890e8c0fc17cb200191b48881155,0.3753189743,if6_consensus_when_public_priors_concordant_with_d4
aayl49:0003201:5f3388ba0afb,5f3388ba0afb4de9d23333739391258a382265e24d53ba7f792492f3ee658c06,0.6523621678,if6_consensus_when_public_priors_concordant_with_d4
aayl49:0003202:ca44847724ab,ca44847724abda27ec8313fa1015826cc1d3fe82793362a4828dbf13760f3056,0.569898665,if6_consensus_when_public_priors_concordant_with_d4
aayl49:0003203:3daf44718952,3daf44718952749f5b2da0cbc03baf42030d378cb1824cdb0c9a007e0242d671,0.3248279393,if6_consensus_when_public_priors_concordant_with_d4
aayl49:0003204:155826e081dd,155826e081dd327eeae4c68087d76ae8323ef48effeb5ca928a78869a22d875b,0.3873811066,if6_consensus_when_public_priors_concordant_with_d4
aayl49:0003205:4c88a9e3c1ab,4c88a9e3c1ab6a8287eed98b93157db9532952b10d56e2ba8901b7f0a456c600,0.239000991,if6_consensus_when_public_priors_concordant_with_d4
aayl49:0003206:4619535a4dc2,4619535a4dc2a0ff6a698bc11f5a75fe475331995179b77285716d6908e26834,0.6934972405,if6_consensus_when_public_priors_concordant_with_d4
aayl49:0003207:9bb010f75d73,9bb010f75d73be472d5936377fbff424ed84fcdb5fc192d1de25b28e292b5627,0.7708961964,if6_consensus_when_public_priors_concordant_with_d4
aayl49:0003208:4c00820dcd90,4c00820dcd90636258e84cf05cccbcc39e820d181aa7e33d520f6916974972c0,0.6813576818,if6_consensus_when_public_priors_concordant_with_d4
aayl49:0003209:88d0141e2326,88d0141e23263a831660f89e6dd8a64858d080505b7bdfeb1361ab0dc6d580e8,0.7897626758,if6_consensus_when_public_priors_concordant_with_d4
aayl49:0003210:0a5a3a1ff7ea,0a5a3a1ff7ea931fa193bade05c7b0fcda9354f4f366e89572005128074cd025,0.7353281975,if6_consensus_when_public_priors_concordant_with_d4
aayl49:0003211:bb5fae33ecef,bb5fae33ecef9f66bab2df06b70c14345bd6516de4b5c2a694d258476d1dee4e,0.6829814911,if6_consensus_when_public_priors_concordant_with_d4
aayl49:0003212:f3767c88ca74,f3767c88ca74d9e64bcd2420b48554dc190a8ec025c54fb44ec7348dfde5f876,0.5605814457,if6_consensus_when_public_priors_concordant_with_d4
aayl49:0003213:eda5e71f66df,eda5e71f66dfbed0dbb8b3f2962f005d909107171408ea75a79808ef4e03ffba,0.7695043683,if6_consensus_when_public_priors_concordant_with_d4
aayl49:0003214:d334e90f8c41,d334e90f8c41bdd75b52a31227f60555668d81176fa1246aef70b4b460f60295,0.4989561737,if6_consensus_when_public_priors_concordant_with_d4
aayl49:0003215:da57c70e2210,da57c70e22108c0a60a6478ecf882ef6cccdcae1aa894d9b1244e18736077908,0.1101059318,if6_consensus_when_public_priors_concordant_with_d4
aayl49:0003216:db5ceef069b2,db5ceef069b204f79813fde8bd81cda229ed2f4f04c2d53f812c4f03696b41c6,0.1235598847,if6_consensus_when_public_priors_concordant_with_d4
aayl49:0003217:e782ca4cd5da,e782ca4cd5daa3eb10566a2339387a462d8b3fdf06dd1ee6d90c9a0d27cbc639,0.2858578861,if6_consensus_when_public_priors_concordant_with_d4
aayl49:0003218:0f3cf0d4b2f2,0f3cf0d4b2f23e1eec6a0d79c4bbeb36c27be9a6c8406ea96ea6ecd936f7050b,0.5777468681,if6_consensus_when_public_priors_concordant_with_d4
aayl49:0003219:35fed4e4d9e1,35fed4e4d9e1b67aef291484d4452fcfcb9ebdaac05d366dd9b04aefae90ee8f,0.1553390473,if6_consensus_when_public_priors_concordant_with_d4
aayl49:0003220:fd2fa85412a3,fd2fa85412a3053fe7b9e3f4d45861c837634e155b43faf17f934c4c4e952cb5,0.05420242622,if6_consensus_when_public_priors_concordant_with_d4
aayl49:0003221:0e6f6ff8d581,0e6f6ff8d581903030538aa7af1b383962d45a13e218d91a5b74394f82a98d44,0.1615247875,if6_consensus_when_public_priors_concordant_with_d4
aayl49:0003222:906ab40ed8bb,906ab40ed8bb375840d85b2c4f45a0abed7f586afeaec1b8ef11f903489f7c6a,0.5312765837,if6_consensus_when_public_priors_concordant_with_d4
aayl49:0003223:dcb3e40025f1,dcb3e40025f1c9de76ecf35fe6f688954cf4fc57c3bdf7fbe71f2a24573755af,0.06556870043,if6_consensus_when_public_priors_concordant_with_d4
aayl49:0003224:7e5b65e18ba6,7e5b65e18ba68ac1ae77b0ec27191928b05602504e79779c22d545edb57bce5c,0.1980205774,if6_consensus_when_public_priors_concordant_with_d4
aayl49:0003225:5250d0918b39,5250d0918b39efd1799357c9d3fd1f82e2af7237e430c788e546a6ffdae269b5,0.632258594,if6_consensus_when_public_priors_concordant_with_d4
aayl49:0003226:8be4be8db3ab,8be4be8db3ab1c268917767a22a1505f1931dda28abe0eb05dfd0e484ea8cbbb,0.0886105299,if6_consensus_when_public_priors_concordant_with_d4
aayl49:0003227:1c60079b7cdf,1c60079b7cdf34a0b4bdb64084360b688c434fab85a7999594cf196261b2ddf4,0.4675635993,if6_consensus_when_public_priors_concordant_with_d4
aayl49:0003228:8e49d01d74ff,8e49d01d74ffd29131e2d3af73bd625593d9c62172c5ca977e08dc0dd2e2d807,0.1388695538,if6_consensus_when_public_priors_concordant_with_d4
aayl49:0003229:b753f6ff0859,b753f6ff08598c4724ef71701299ffa41bbe91591f13266b790f284cce99407f,0.1798499823,if6_consensus_when_public_priors_concordant_with_d4
aayl49:0003230:97778d0d1b19,97778d0d1b19dc6f00502cf77c5a096de6db74326e4871c3fbeb419f3790cb7c,0.6027989984,if6_consensus_when_public_priors_concordant_with_d4
aayl49:0003231:b4186c0d2978,b4186c0d2978a8ef9d78551bdadb6ea6a8e1bb0eb2889d425bfe954aed953e7c,0.07167710364,if6_consensus_when_public_priors_concordant_with_d4
aayl49:0003232:ac0b3197d6cb,ac0b3197d6cb1d44b331d63d88cbc2c7d894b76b2a9bc3192952bede24be5519,0.09897162765,if6_consensus_when_public_priors_concordant_with_d4
aayl49:0003233:4b4b98874884,4b4b98874884418f78560c45363ca0fd6639a742d6289998d451871207408851,0.1337663382,if6_consensus_when_public_priors_concordant_with_d4
aayl49:0003234:5834cca73a35,5834cca73a3534e9606c04c5f3f2cab67e5e6de5344fd9e4332b656feab45d50,0.04283615947,if6_consensus_when_public_priors_concordant_with_d4
aayl49:0003235:2536295b557e,2536295b557e47b050f16c79e726dc7fb1d1cc89f54d7c8938f189720f6e4e83,0.1626072824,if6_consensus_when_public_priors_concordant_with_d4
aayl49:0003236:bb55eba8dae8,bb55eba8dae80e1f5f64aead659d0deeb5a9859fe330b244d5656260c9ce34e3,0.1127348617,if6_consensus_when_public_priors_concordant_with_d4
aayl49:0003237:3ba425f5f65b,3ba425f5f65b991b5765808e76038db30fd4a484d31905531ad4b29ff15403b4,0.08551766723,if6_consensus_when_public_priors_concordant_with_d4
aayl49:0003238:00d8f65b72eb,00d8f65b72eb3f3c811e232ebcaa4a60cb0a4949b39b2fde77de27649d4f4673,0.01840253733,if6_consensus_when_public_priors_concordant_with_d4
aayl49:0003239:7edc81754199,7edc817541997aca1b1ecb753c9135290d078fb72fee3192c85ecd4a6b85892f,0.1266527474,if6_consensus_when_public_priors_concordant_with_d4
aayl49:0003240:941bc520f0c0,941bc520f0c0d097277fc4618e70715df6181eb7afe43954462adacc12d279ef,0.01299002487,if6_consensus_when_public_priors_concordant_with_d4
aayl49:0003241:949c00917fa2,949c00917fa2d1f4e5c62f9abdfc2824590fab6f04c47e1b6046ef764e1199c6,0.08806928247,if6_consensus_when_public_priors_concordant_with_d4
aayl49:0003242:c5d058f69d68,c5d058f69d68bb65faeaa430dcd1151f4d92d4d10e277d449f574e1847bf0193,0.1095646843,if6_consensus_when_public_priors_concordant_with_d4
aayl49:0003243:3d36cf107f14,3d36cf107f1441cb7b848715151331b870674d7743179c13057270e91eca9cb8,0.7839635015,if6_consensus_when_public_priors_concordant_with_d4
aayl49:0003244:56e4ef029061,56e4ef029061178c71ac2fa0c5012a2d7ed1bd3a79cf1d811677b3b025c174a0,0.02250058018,if6_consensus_when_public_priors_concordant_with_d4
aayl49:0003245:0e76321d6f85,0e76321d6f8505c11ec4335bb82cbbf3ff0ee844f91adc9294efd9dfdaf8b7b4,0.07701229304,if6_consensus_when_public_priors_concordant_with_d4
aayl49:0003246:c70e96a4e2f8,c70e96a4e2f8b2936f43320495b781db81b4ee30e4ff26434d9e7b7ff6ab9246,0.2112425566,if6_consensus_when_public_priors_concordant_with_d4
aayl49:0003247:9e2bfe3520e2,9e2bfe3520e2a81227cf15b8b2c7b80ada019ef157e170f47bb619e5f050c271,0.0977344811,if6_consensus_when_public_priors_concordant_with_d4
aayl49:0003248:4e4e156b453e,4e4e156b453ec5e7aa411325d1f9f28ef01e613d730219eea7d0f1d84bbdefd1,0.2521456778,if6_consensus_when_public_priors_concordant_with_d4
aayl49:0003249:8d80acda40d0,8d80acda40d02bb83d7e1478f72442b32e0c217d52bee033a4126414f6d39b16,0.2690017521,if6_consensus_when_public_priors_concordant_with_d4
aayl49:0003250:2df8bd617d19,2df8bd617d19f35c483a91ec318e57ebc39af5b2e80347e703bc8da6b36a1ea5,0.3433078229,if6_consensus_when_public_priors_concordant_with_d4
aayl49:0003251:084839f095fd,084839f095fd99696d818c4c70140e1e01b7c570804529f722fc99526aef6cdd,0.1265754253,if6_consensus_when_public_priors_concordant_with_d4
aayl49:0003252:1f46473daa08,1f46473daa08c5caed8615f588b961ae2edd81202916acc668d001b359ad5984,0.03348024562,if6_consensus_when_public_priors_concordant_with_d4
aayl49:0003253:f6b080b59542,f6b080b59542681b5d9ac73daaed7b8fdf93c1a085055f40be3dd3afb99abb8d,0.01322199032,if6_consensus_when_public_priors_concordant_with_d4
aayl49:0003254:a2f3f7b3c73e,a2f3f7b3c73e1f291113ba98f1fffc56d5d48fa5949b896da5c6fc80ff622f60,0.01268073916,if6_consensus_when_public_priors_concordant_with_d4
aayl49:0003255:277d5556df97,277d5556df975f0be38abd22f9d0a78b8aeb8ce1430b8077f228ed45094e0b61,0.0790226534,if6_consensus_when_public_priors_concordant_with_d4
aayl49:0003256:6c83d124b34c,6c83d124b34c0e8c317b03df1ccf35eaac1dabc39a22d4f081012a2659705c13,0.1325291842,if6_consensus_when_public_priors_concordant_with_d4
aayl49:0003257:6d0d650786d4,6d0d650786d43df5e8fc52db9f6bfd3a154cbc524b5f97cca1c789784653f3d2,0.4310678244,if6_consensus_when_public_priors_concordant_with_d4
aayl49:0003258:6ecfd81cf374,6ecfd81cf374ce51c42db939833894e2771734c8bf906072f87d33d7cf9c6b68,0.302559346,if6_consensus_when_public_priors_concordant_with_d4
aayl49:0003259:374665b0a678,374665b0a678695278d147f24c3a04ca8108988c98450814c93ea64c4947ccd4,0.29652825,if6_consensus_when_public_priors_concordant_with_d4
aayl49:0003260:06f29a4aefce,06f29a4aefce1d0a0fea8cf49d9b82eab5551dc3fcb869b40c831c1f274e55ab,0.3847521842,if6_consensus_when_public_priors_concordant_with_d4
aayl49:0003261:226e362945ba,226e362945baa682afc1cc31d7c82fc1ea722858a1b63f7669de824c9dfc8e0f,0.5002706051,if6_consensus_when_public_priors_concordant_with_d4
aayl49:0003262:ac1dc1815ff0,ac1dc1815ff018c13c95a848c6a01fcb1c532e8d3a202ad4e6d2e754842fc4b0,0.1792314053,if6_consensus_when_public_priors_concordant_with_d4
aayl49:0003263:a0adadb58825,a0adadb58825242b1e49cbff72deb8095c2e4419942615f072e59778c1c2ea0b,0.2553931773,if6_consensus_when_public_priors_concordant_with_d4
aayl49:0003264:443a58f5516b,443a58f5516b27758e81a588e10ff761866d2d9b26616a402325f9a17218bf54,0.1471429616,if6_consensus_when_public_priors_concordant_with_d4
aayl49:0003265:7ecbaf804ff9,7ecbaf804ff94e4d1b81679ef04253e0c7dba69adc33f9a55c3fd0e2a9ca2954,0.3205752671,if6_consensus_when_public_priors_concordant_with_d4
aayl49:0003266:2a7d7596b47b,2a7d7596b47b7f8316b643ff06d83bc1dd1cec38681eed0a7bce48a37d919c0f,0.06402227283,if6_consensus_when_public_priors_concordant_with_d4
aayl49:0003267:7d6372242f9c,7d6372242f9c8064e6532615941a6512825a4276d458bf4350f9a1a363114f07,0.6232892871,if6_consensus_when_public_priors_concordant_with_d4
aayl49:0003268:c4cdf25efcaa,c4cdf25efcaac7078e3b8ecb194eff65652cdeae578291f8ddc9d49a0c0250b2,0.05273332074,if6_consensus_when_public_priors_concordant_with_d4
aayl49:0003269:c01a5fdec0c3,c01a5fdec0c30abc64545d2488eed70cd4ca2acc0e9fc3a8a0d26d36e8d2a4a6,0.3001624048,if6_consensus_when_public_priors_concordant_with_d4
aayl49:0003270:e8f66f1f827b,e8f66f1f827b208f622932f762c70a65705535678a7f4691d41c82a61d84b1a0,0.0779401511,if6_consensus_when_public_priors_concordant_with_d4
aayl49:0003271:a07376bd2c80,a07376bd2c80c077924e07f2abd580ffee5623b382153c565efc67bb2010d7b4,0.117142193,if6_consensus_when_public_priors_concordant_with_d4
aayl49:0003272:e5dd40097653,e5dd400976539a1e4dd094b3c401c94b4b512de8fe413e8ffd83e89935d48dcd,0.1549524516,if6_consensus_when_public_priors_concordant_with_d4
aayl49:0003273:a91fb9054595,a91fb90545958d2a95ea00ee6e76b489a1991544083fbae6ba9c0f97babdab9e,0.1759839058,if6_consensus_when_public_priors_concordant_with_d4
aayl49:0003274:34c5942eba08,34c5942eba08581af8335a6f844c639f1bc2066b50cd62e4ecfddab855704264,0.2274800986,if6_consensus_when_public_priors_concordant_with_d4
aayl49:0003275:7630c82f826c,7630c82f826cd60e20751a96e8253abf6946b3703b831db7ee69f4eafffa7e2a,0.5704012513,if6_consensus_when_public_priors_concordant_with_d4
aayl49:0003276:7e4c2dd420f8,7e4c2dd420f8506f44235878977c046844e4fe1948791f11d8647df620dbff40,0.03595453128,if6_consensus_when_public_priors_concordant_with_d4
aayl49:0003277:62a22507ceca,62a22507ceca7027a98fc24b47376c8c516b33d787b516ee59071899c881de24,0.1043068171,if6_consensus_when_public_priors_concordant_with_d4
aayl49:0003278:970c10b45825,970c10b458252d146a1d05f323a8b172c0e4a3f649c3977e64459ac884c3de79,0.2296450883,if6_consensus_when_public_priors_concordant_with_d4
aayl49:0003279:3de894379487,3de8943794878180004c160579e54e5af161598cbda404731ac7464df7f5a06c,0.3211165369,if6_consensus_when_public_priors_concordant_with_d4
aayl49:0003280:07ffda22457a,07ffda22457a30052fc68f4bfd3fc19c8beb5e441c13d72cb8d3538f88b625fc,0.4930796921,if6_consensus_when_public_priors_concordant_with_d4
aayl49:0003281:0363f9cf6694,0363f9cf669468231f53dfd4578a215caaf65e28b53f2e77537b6687f39fc38c,0.07407407463,if6_consensus_when_public_priors_concordant_with_d4
aayl49:0003282:68763aae052d,68763aae052d428665bc5382fd5a8cdb914d551e3d9b3f0fc7d2c0fa3d6ea9c8,0.2416299433,if6_consensus_when_public_priors_concordant_with_d4
aayl49:0003283:4a26fa1f0203,4a26fa1f020346b77150556c360492a395ee8777440597fe4b8ed4c181909dd3,0.1673239022,if6_consensus_when_public_priors_concordant_with_d4
aayl49:0003284:07145d58a58f,07145d58a58f2feb64d02ed26da659af6bdf1e13194eec008183bdd915090d29,0.006263047922,if6_consensus_when_public_priors_concordant_with_d4
aayl49:0003285:f68e43b666e8,f68e43b666e8c981bbac7ab636b4097f88d788ca26d0a081aec04df349050f75,0.1466017216,if6_consensus_when_public_priors_concordant_with_d4
aayl49:0003286:33bd46ac8f86,33bd46ac8f868a2a2e5234cf472c86a0633219bff15f10e57eea22c655336540,0.02095414698,if6_consensus_when_public_priors_concordant_with_d4
aayl49:0003287:6303da2431da,6303da2431da964e0203f23a3dcb05d7338d316029454e2d7731264a29e4d3fd,0.4324595928,if6_consensus_when_public_priors_concordant_with_d4
aayl49:0003288:81fbc1f6d5d6,81fbc1f6d5d693ebfaaa04ad07735c669365cd3bbc22757ab2fbbe605dab44dc,0.2219902724,if6_consensus_when_public_priors_concordant_with_d4
aayl49:0003289:6101593a6168,6101593a616888c5aabe0268f4e533b3728cd65175eb23c50e2dbaea03a7a7e6,0.0398206152,if6_consensus_when_public_priors_concordant_with_d4
aayl49:0003290:e2da1927eea4,e2da1927eea4f39bb237c40be9624c8f25fa40aecfcde9f1f5707b112c2cb7d0,0.343501091,if6_consensus_when_public_priors_concordant_with_d4
aayl49:0003291:bbd40f72d5bc,bbd40f72d5bc65921ea4a6eb2f81e914978730fd0bcb23f32d76df1047c26427,0.07577514648,if6_consensus_when_public_priors_concordant_with_d4
aayl49:0003292:d0e5826004ed,d0e5826004edb080a2c7ecd46e0cd4031d2e4d41aa7cd11b916406c6ce4db517,0.112657547,if6_consensus_when_public_priors_concordant_with_d4
aayl49:0003293:6318b06043b3,6318b06043b38f7f7a46f31636a702261c9449ba9b4c822264cd2958ab5358fa,0.1904430538,if6_consensus_when_public_priors_concordant_with_d4
aayl49:0003294:373e189768c7,373e189768c7f992d65aaba59d0451bcd74e4ecaede03be3ea9798e058621b30,0.1582772732,if6_consensus_when_public_priors_concordant_with_d4
aayl49:0003295:c479decd0414,c479decd0414b54460d57962e0e1f783dfa94beeb14b8cad6144e1c1a9749797,0.3597773314,if6_consensus_when_public_priors_concordant_with_d4
aayl49:0003296:7f5a90ecbfe7,7f5a90ecbfe7246396fa0043aeeeaafb5ac032a721670ce600decf5ed6d538cf,0.0694347769,if6_consensus_when_public_priors_concordant_with_d4
aayl49:0003297:5cd2f00afeae,5cd2f00afeae9722f58b58f447dbfdccc8b14a6d447978bf9e0a220d04f94e89,0.3987474144,if6_consensus_when_public_priors_concordant_with_d4
aayl49:0003298:9a08206be08b,9a08206be08b9b94edc5bcd327ca19805630fadb9db23bc255750471dda1719d,0.159359768,if6_consensus_when_public_priors_concordant_with_d4
aayl49:0003299:5fcf0984f45b,5fcf0984f45bf9fce13cc3d736b9a3836821d4549cb19268b249923b4eb0219a,0.2341297418,if6_consensus_when_public_priors_concordant_with_d4
aayl49:0003300:916a4749b95c,916a4749b95c895f64fb4cd7a67127c204aad6c7eda671aed6069fa9e21d5b2a,0.2273254395,if6_consensus_when_public_priors_concordant_with_d4
aayl49:0003301:b2d775c2b39f,b2d775c2b39fcf79e1f4e246cb86ea9a2002807cadd56403af3630e103373e8c,0.1812417954,if6_consensus_when_public_priors_concordant_with_d4
aayl49:0003302:1494855b76ef,1494855b76ef45eb914ff2b7c5c7d84aa69102f8a5775fade157666156d8da48,0.2086136341,if6_consensus_when_public_priors_concordant_with_d4
aayl49:0003303:017e2159fc85,017e2159fc8584f19484dc4f22ecdbea1cffa646d8a5a0744f0445f9b583d122,0.4728214443,if6_consensus_when_public_priors_concordant_with_d4
aayl49:0003304:2ece05ac1a11,2ece05ac1a11c8d4e95820c92a392fb4d773b80b6023fb7be4102704dd6e0f61,0.367973417,if6_consensus_when_public_priors_concordant_with_d4
aayl49:0003305:2544367f3bfc,2544367f3bfc79a30d407235ed9e89e2890f27a8049cac7d8aa54af585067b5c,0.3826644719,if6_consensus_when_public_priors_concordant_with_d4
aayl49:0003306:168ebb4eaca7,168ebb4eaca715dfa8e41421efd1d824924f07899a6394f84802da3df700be62,0.09526018053,if6_consensus_when_public_priors_concordant_with_d4
aayl49:0003307:145ab46dbef4,145ab46dbef4e6acc41948ff360e224eefed32d505c23f2775a110e298d8079c,0.1909843087,if6_consensus_when_public_priors_concordant_with_d4
aayl49:0003308:d47d2140c468,d47d2140c46839fa7e2da5e1231fe0616c7892408012ef42b067da47cf4af6e0,0.1869635731,if6_consensus_when_public_priors_concordant_with_d4
aayl49:0003309:ab6c3136ae0a,ab6c3136ae0a774f52711ae989ea0bda9a8805ae4d5bed0e095a73a7f11edf32,0.4060929716,if6_consensus_when_public_priors_concordant_with_d4
aayl49:0003310:70a5970d9f98,70a5970d9f98ffa24676d10d91dae2d76c6373923e74ed7e01e9638e0ce517cd,0.4593675137,if6_consensus_when_public_priors_concordant_with_d4
aayl49:0003311:e91c21a531dd,e91c21a531ddd3bcda7ab8bcab96ac66ba630a7e37c760cdd732ae59920f5b15,0.2327379584,if6_consensus_when_public_priors_concordant_with_d4
aayl49:0003312:f0059efe9ad8,f0059efe9ad87ae3f384c8c06c99b088372201f557ef533dcc47411e2d8a755a,0.4431299865,if6_consensus_when_public_priors_concordant_with_d4
aayl49:0003313:804de49891c4,804de49891c409ea92e3a077b64837c4b0ebd124d4fd1242f2a0b7cecd218f93,0.3110647202,if6_consensus_when_public_priors_concordant_with_d4
aayl49:0003314:dc83ab500cf7,dc83ab500cf7db937af9538f30654bf68a3acab5c3597a12faaaff36f3a958c4,0.357612282,if6_consensus_when_public_priors_concordant_with_d4
aayl49:0003315:b42274b64037,b42274b64037d69ff200c253e238c8ad398b028d66ae0e2ea4276023d79e191a,0.485424906,if6_consensus_when_public_priors_concordant_with_d4
aayl49:0003316:ad8d14690667,ad8d14690667d65c1b46ef47e762f1de6129e5a623d0d3177767d74d0bd960d6,0.2426351309,if6_consensus_when_public_priors_concordant_with_d4
aayl49:0003317:04bc8d73f6c6,04bc8d73f6c6b9959a8ac891a906aaf13eafd46524ac29441c52a2ef557223f3,0.242093876,if6_consensus_when_public_priors_concordant_with_d4
aayl49:0003318:701e162830b8,701e162830b8f595c89f87af4ca3d48ed9833217576c644ab2afc94bea814cbe,0.08211552352,if6_consensus_when_public_priors_concordant_with_d4
aayl49:0003319:4270d75c5aef,4270d75c5aefab18e7b5f91a82e6efdf1d3306ca367ab12c8ade23fc08b64f00,0.3944174051,if6_consensus_when_public_priors_concordant_with_d4
aayl49:0003320:9312253508ad,9312253508ad1b979a7c2e1f7b48c8925894410d9ff5545bf89c078d3555c763,0.201422736,if6_consensus_when_public_priors_concordant_with_d4
aayl49:0003321:6e098d651a98,6e098d651a98f601ea11951626c7a5ea5cf923a3e342e8b4fee536e8ceb37a1c,0.7605350614,if6_consensus_when_public_priors_concordant_with_d4
aayl49:0003322:acbdc7522c30,acbdc7522c309aaf6c4e5b1fedec219910698139639e976fffca1636326fc4cd,0.3640300035,if6_consensus_when_public_priors_concordant_with_d4
aayl49:0003323:064b6e0daf22,064b6e0daf22663ddc55ea62d8ff3218153e6a377ecba6d37f505e4175f8e196,0.2784350216,if6_consensus_when_public_priors_concordant_with_d4
aayl49:0003324:ee44636eb5d2,ee44636eb5d222690560e3c23b5733d371e301fae9756fab7337776ff1202e28,0.1928400248,if6_consensus_when_public_priors_concordant_with_d4
aayl49:0003325:9421e47b1b97,9421e47b1b97e3381a3f058d1bf2405ad7a112f39315ac5fbb4105b8fbfba66e,0.5891130567,if6_consensus_when_public_priors_concordant_with_d4
aayl49:0003326:8bf1d6ad7130,8bf1d6ad71302af0ec4bb8ddb44976c49ad1f66d0bab9bbbb30dccd17f109e07,0.4630789459,if6_consensus_when_public_priors_concordant_with_d4
aayl49:0003327:7cf36e74fda3,7cf36e74fda3e9a6d651e7d09f54583edb943055c614b2527fcf0f6e5f0c4b88,0.4746771753,if6_consensus_when_public_priors_concordant_with_d4
aayl49:0003328:d0065926ed58,d0065926ed5811711136ba0406a724824dac97de20210c1b289a7272f7239b1b,0.2372999191,if6_consensus_when_public_priors_concordant_with_d4
aayl49:0003329:842fb14483ac,842fb14483acca74001359afe42ff39028e5607339a5cd54eb9278278af7b6e5,0.301399529,if6_consensus_when_public_priors_concordant_with_d4
aayl49:0003330:5b929cbf7c99,5b929cbf7c99b2bd031fd8dd55cd02c2e80ef20d1aceecf53996a1b37de81920,0.4286708534,if6_consensus_when_public_priors_concordant_with_d4
aayl49:0003331:4f39af252a5b,4f39af252a5b2dbd666d739d7ebcc1905677afc4ca3b5e8c9b72df6075fbadf1,0.234284386,if6_consensus_when_public_priors_concordant_with_d4
aayl49:0003332:7d69e124f300,7d69e124f30083b58fb34bcffc7dac88872da2e224b2c6e15f0e80f5b917c59a,0.3177917004,if6_consensus_when_public_priors_concordant_with_d4
aayl49:0003333:3a877e11b87e,3a877e11b87e445612f911226a76b9371d69457857d006c882b45d6697c08ca0,0.06332638115,if6_consensus_when_public_priors_concordant_with_d4
aayl49:0003334:ca98151259ec,ca98151259ec97cea7058119d179d31a12809a312aef880bff9cde840f9835f7,0.4282069206,if6_consensus_when_public_priors_concordant_with_d4
aayl49:0003335:da017bba70b0,da017bba70b0f9dc8768d33186b2d725d6b0eb2408535e3dd435c2d7ea370696,0.4074847698,if6_consensus_when_public_priors_concordant_with_d4
aayl49:0003336:aeda99eff7db,aeda99eff7dbb4ccc9cebcd36e6da45dd1b0df0a9d819da59f058b880d1c466f,0.3695198298,if6_consensus_when_public_priors_concordant_with_d4
aayl49:0003337:8b63ba3ea1c4,8b63ba3ea1c4f7847625251989f9a31b8c9a1964c85b9719bd0ca26f4fc73e40,0.2829196751,if6_consensus_when_public_priors_concordant_with_d4
aayl49:0003338:c1113bd9c800,c1113bd9c80020658ae87bef2be114731d7d55a6a33d8d4c2c8ac141e9d883a8,0.3426119089,if6_consensus_when_public_priors_concordant_with_d4
aayl49:0003339:64219ad75d04,64219ad75d0413feca1cb192e18682e4cec00a672b788d325293abbf4a9ea80f,0.2579447925,if6_consensus_when_public_priors_concordant_with_d4
aayl49:0003340:e3fa0767a169,e3fa0767a16923983b90c867d63bc99f6cbbc58602f59e97724852c42136f81b,0.4217891991,if6_consensus_when_public_priors_concordant_with_d4
aayl49:0003341:1f550d46f396,1f550d46f3963bd6482ea0eb94a231d2568585c99bf1a6a9275cd4ca2d9e8c03,0.2792082131,if6_consensus_when_public_priors_concordant_with_d4
aayl49:0003342:7a89006bbece,7a89006bbecef0d6da950b07bf81eda8fb265303fefa63371c14528f7f4826ff,0.4689553678,if6_consensus_when_public_priors_concordant_with_d4
aayl49:0003343:6c2b406b52d8,6c2b406b52d8ec9cb40795e1fd2a10a39e5937e14f69d7e144d93a4308de4998,0.3975102603,if6_consensus_when_public_priors_concordant_with_d4
aayl49:0003344:1efc170597df,1efc170597df52e0532976cc492174af295fa96908d42c3c5d51ba1ebebae84a,0.7342457175,if6_consensus_when_public_priors_concordant_with_d4
aayl49:0003345:858071ff00ec,858071ff00ec342961dee92aa90f90ba5dd04218fa62afc26791c16c3764e30e,0.6563055515,if6_consensus_when_public_priors_concordant_with_d4
aayl49:0003346:65f1864a99d0,65f1864a99d023e36bdb7e16a5e189d50ffb67ac8c2388c84380b7165ea3799b,0.295291096,if6_consensus_when_public_priors_concordant_with_d4
aayl49:0003347:99fff9cb0b23,99fff9cb0b234204a4ebe3f6be2d2cdd318de5878a8436e30fa7d6700d60ccc3,0.4338513911,if6_consensus_when_public_priors_concordant_with_d4
aayl49:0003348:bf71a45ab604,bf71a45ab604b2267d51fd5491945fd43799c7886c9c3ee98c565af1577017f5,0.1452099234,if6_consensus_when_public_priors_concordant_with_d4
aayl49:0003349:22cf31728a15,22cf31728a156cff340e9b3f7ffea0269724ffd096a2a8bef31ea0240361005b,0.4174592197,if6_consensus_when_public_priors_concordant_with_d4
aayl49:0003350:c20f8770862a,c20f8770862abd6b24d892176bb22f2364bc6ff3ca757613f69be60dcc48837d,0.3116832972,if6_consensus_when_public_priors_concordant_with_d4
aayl49:0003351:0dbd6b715513,0dbd6b7155138bc6dce8795a82b60c6889dec2beb32cab849338387fbe6d5e0b,0.7909997106,if6_consensus_when_public_priors_concordant_with_d4
aayl49:0003352:ad8ad0a827fb,ad8ad0a827fb200b93a3bff7ce30aa7136c43c16354e91062a476bbcb813af21,0.2629707158,if6_consensus_when_public_priors_concordant_with_d4
aayl49:0003353:f7b30905ad99,f7b30905ad99b5fd8affc14d167b110475133d4ca9cbd0dd6ad5ce74571dca71,0.7578287721,if6_consensus_when_public_priors_concordant_with_d4
aayl49:0003354:fd84c57396f2,fd84c57396f264e9d26a15410a73eb5a252d2e80feb8a2bb10db3a2889675a2f,0.1025284156,if6_consensus_when_public_priors_concordant_with_d4
aayl49:0003355:3dbbc49bc98a,3dbbc49bc98a0898c1450445b4b23927b455a6ae4438945af58bf19464ebe043,0.08683213592,if6_consensus_when_public_priors_concordant_with_d4
aayl49:0003356:a38044670ccc,a38044670ccc69293a6fd0fb3c0dd60aa04a3b76d2f03299137a9df9c5459968,0.7306115627,if6_consensus_when_public_priors_concordant_with_d4
aayl49:0003357:6884acd7511a,6884acd7511a49a6b027d6860d7ff258a17eefce9a1edbd1224fca00155ba284,0.7997371554,if6_consensus_when_public_priors_concordant_with_d4
aayl49:0003358:b4ef516ecef5,b4ef516ecef5e9bff5fac8185f91160d54847101f964a25e2c53defdc583f500,0.7335498333,if6_consensus_when_public_priors_concordant_with_d4
aayl49:0003359:8b3a1696aeb6,8b3a1696aeb602f1b12e3c6eb75edf98ed3e6722b6face0c35b1c414819ea555,0.0739967525,if6_consensus_when_public_priors_concordant_with_d4
aayl49:0003360:952f24d3e14e,952f24d3e14e0ca468295ab5a9243d44485f96213bb2fb8387b0649ae9325570,0.3988246918,if6_consensus_when_public_priors_concordant_with_d4
aayl49:0003361:f3ace1dc0388,f3ace1dc03882b7c46633a612637aa40f8df3431e629d90c753cac2914885a1e,0.927472353,if6_consensus_when_public_priors_concordant_with_d4
aayl49:0003362:4c8b390760dd,4c8b390760dd9a0cf85326eba2d776774cb3be4e8e8f822ba0a56b5376c2665f,0.2045155764,if6_consensus_when_public_priors_concordant_with_d4
aayl49:0003363:a11b3e2fc40d,a11b3e2fc40df757e0f78e81ec579fa614041e17f11c9540b2f40fd24589dd5c,0.06208923087,if6_consensus_when_public_priors_concordant_with_d4
aayl49:0003364:3a1a7397838c,3a1a7397838c68a5ea0f94d359329f3a6c94d0a12935fb2a9fe83e53dc5e9ccb,0.1769117713,if6_consensus_when_public_priors_concordant_with_d4
aayl49:0003365:181777f66605,181777f666050b9b9da1c9c32e8eaaf314ae53aaa6a65e2f7e21b1f18a3b5ba4,0.9628856182,if6_consensus_when_public_priors_concordant_with_d4
aayl49:0003366:d588d73b7d88,d588d73b7d88f872b6f7f6735c672f48ca5ec82259722d7e8dec6671cd1d7313,0.2979200482,if6_consensus_when_public_priors_concordant_with_d4
aayl49:0003367:2af2315bc5a5,2af2315bc5a533de317f7467f8e9fcef9f242971785f861b547193d91a3da277,0.9826026559,if6_consensus_when_public_priors_concordant_with_d4
aayl49:0003368:42734e63856b,42734e63856b02497e59bb161e441429727ee600938d98964551c4cbbb1cede5,0.02018093318,if6_consensus_when_public_priors_concordant_with_d4
aayl49:0003369:bc9a285763c6,bc9a285763c642b0a2077df8b24e1c90ee6fd7db225f2e0baff37fe8e2b42635,0.665584147,if6_consensus_when_public_priors_concordant_with_d4
aayl49:0003370:3368c6b4e3a6,3368c6b4e3a6a131521988cc5ddbe53eaf1d4f179757aa7185bace580f86c3ae,0.07214102894,if6_consensus_when_public_priors_concordant_with_d4
aayl49:0003371:e18b98fbee70,e18b98fbee7061b44241933d5b662d280f67d9591281233e23e9e03c10281e6a,0.9625763893,if6_consensus_when_public_priors_concordant_with_d4
aayl49:0003372:fec13116eb67,fec13116eb67c57151df65abc3cef3e082c558b88cc6b6d6b8754a01bbf41e00,0.007422871888,if6_consensus_when_public_priors_concordant_with_d4
aayl49:0003373:5dd4607b0839,5dd4607b08393e153e45384a424917cf6bab4277f2e6a2124c5dc7b69c78b325,0.006495012436,if6_consensus_when_public_priors_concordant_with_d4
aayl49:0003374:5598a9a28f34,5598a9a28f3443bca2da08084dc9b6e933f6e1f0c7185e03bb1c0bc411a395d4,0.5441119671,if6_consensus_when_public_priors_concordant_with_d4
aayl49:0003375:58902244fad3,58902244fad3a0025f540522e847db525b6d90a5b48fb6d64d18b4768eff0bd9,0.0391247198,if6_consensus_when_public_priors_concordant_with_d4
aayl49:0003376:fdc53d62e7b2,fdc53d62e7b2f7854fe67ceec8936d81bc41851ff00f102b1314e58734dca89c,0.01376324147,if6_consensus_when_public_priors_concordant_with_d4
aayl49:0003377:629335b53d64,629335b53d6435af3c94bbd980d47f3da25a1730e389bfcd22aa3bc1d320611c,0.02505219169,if6_consensus_when_public_priors_concordant_with_d4
aayl49:0003378:67852b9a2e4d,67852b9a2e4dbfe29731bb0ef3a07740d7cc4f10c0b5f83888575ca73f61ca4e,0.03054202348,if6_consensus_when_public_priors_concordant_with_d4
aayl49:0003379:a1b9784ee4d9,a1b9784ee4d928251736a49c3723818c22bd5f5e942858ff653bcea301787f20,0.8356916308,if6_consensus_when_public_priors_concordant_with_d4
aayl49:0003380:8052bd775e74,8052bd775e74714bc58f0a7ce4bb8763f775d7934443c469c192fca5ad3bff0b,0.7671847343,if6_consensus_when_public_priors_concordant_with_d4
aayl49:0003381:e21fab786df2,e21fab786df2aac6cf696a2660d6edc7d505f18aab189b56a0717e9d07eb0763,0.04136704654,if6_consensus_when_public_priors_concordant_with_d4
aayl49:0003382:856334dddd1f,856334dddd1f95a9e0b67192562ac493a18ae78d19e896510a2ca555b65cc2c7,0.1701847911,if6_consensus_when_public_priors_concordant_with_d4
aayl49:0003383:ef9ae78e335e,ef9ae78e335ed1a649b3363b9724e7f8df97fcb9e725caf6435d18ba761f0e0b,0.9303333163,if6_consensus_when_public_priors_concordant_with_d4
aayl49:0003384:eca01bdc6218,eca01bdc62187af6095a008469c728da8234d0d7a3e97298a65034fd613eb1c1,0.1728137285,if6_consensus_when_public_priors_concordant_with_d4
aayl49:0003385:92442d7981a2,92442d7981a2e439511c2237fa3484a0c528e0abf5e133fc4625164106ffa55e,0.1948503852,if6_consensus_when_public_priors_concordant_with_d4
aayl49:0003386:79a2271981eb,79a2271981eba251e98fdebc7a5cd7d2deff547e1d423ae2e9e2144f9e04cda4,0.1236372069,if6_consensus_when_public_priors_concordant_with_d4
aayl49:0003387:485d93570bff,485d93570bffdfc41e87e6fc5c352e7f1b0cefd124c8f56eb091a1d90e6ba027,0.01886646636,if6_consensus_when_public_priors_concordant_with_d4
aayl49:0003388:4cb50833f186,4cb50833f186a4ca790f2607d5c3564cc64136787b43a77a7b3e12e6cf12b6cf,0.07283692807,if6_consensus_when_public_priors_concordant_with_d4
aayl49:0003389:5d6d23868604,5d6d238686048a52caf5e2a95ba8aea9e571de3f4d6e86bd49a307ada5af6f74,0.1582772732,if6_consensus_when_public_priors_concordant_with_d4
aayl49:0003390:1f8dd323bf7c,1f8dd323bf7c755cfce1a0f57afe85cd4f959f896235ff1417183a9dcf3aec7c,0.1435088515,if6_consensus_when_public_priors_concordant_with_d4
aayl49:0003391:161ee2c205ea,161ee2c205eae56676e76a9d8234d034598615fec5dc099fd2b5f92ccfddba61,0.03031005897,if6_consensus_when_public_priors_concordant_with_d4
aayl49:0003392:750b766867a7,750b766867a74861701079cbbd55cdc2e3f6195967c2ff790c0e129c82578a7a,0.05489832163,if6_consensus_when_public_priors_concordant_with_d4
aayl49:0003393:baf4d5116dee,baf4d5116deeb6dd6fbe378ab9f28104455eeb0f5d383053a994d11068986926,0.4261965752,if6_consensus_when_public_priors_concordant_with_d4
aayl49:0003394:49798edf52ab,49798edf52ab448be2c880d4540216c5af82b41c22c162dcea383b461910799f,0.9127039909,if6_consensus_when_public_priors_concordant_with_d4
aayl49:0003395:34b24932a2bd,34b24932a2bd60291a74dcd6fd87fc8fb73decf296533ea5ffc84d1d2b1417db,0.5422562957,if6_consensus_when_public_priors_concordant_with_d4
aayl49:0003396:b1dfcc62ce6d,b1dfcc62ce6d1314d837930d9f6a13f4e8256101efe7af0987df7bb92538f1a2,0.3215031326,if6_consensus_when_public_priors_concordant_with_d4
aayl49:0003397:a807666e2c20,a807666e2c2085d2ed0709f3f4cfa91ecea4362d8a47bdbcec7944d7df7b3921,0.8035258651,if6_consensus_when_public_priors_concordant_with_d4
aayl49:0003398:d6ca4042d6cf,d6ca4042d6cf8da86bcaef6fbb137e6fdc71ff70bb0a9eb9f69a6067bd371afb,0.04128972068,if6_consensus_when_public_priors_concordant_with_d4
aayl49:0003399:0526c3ea9a4e,0526c3ea9a4ef32012a69e022dac9eabf0fdd47ce2b3cf0ee56d5fbaebd38734,0.08250212669,if6_consensus_when_public_priors_concordant_with_d4
aayl49:0003400:cb477b43ba07,cb477b43ba07a2f1cd5e8ca254d3ad9eed96f7f1d0ecb061cf89980f9616c813,0.09224464744,if6_consensus_when_public_priors_concordant_with_d4
aayl49:0003401:11bba59eb845,11bba59eb845d21eb2c9f609406486fdd401b51d1c36cdf0394d2643fba18268,0.2105466574,if6_consensus_when_public_priors_concordant_with_d4
aayl49:0003402:f3ad9bbf7b51,f3ad9bbf7b51b4652c71b8987af08f4119023de01c727b4b334deb5629bc7086,0.2148766667,if6_consensus_when_public_priors_concordant_with_d4
aayl49:0003403:4d5f297e1b78,4d5f297e1b78fa1307134b903b9c54e6d3ad1c60f1916dfaf8479c4b8cbd1057,0.4958633184,if6_consensus_when_public_priors_concordant_with_d4
aayl49:0003404:30d1e2a8aca5,30d1e2a8aca57980f742303e5bb2eb39d74d9271aea3799750f45506d14497d6,0.2359081358,if6_consensus_when_public_priors_concordant_with_d4
aayl49:0003405:cb48ecadb8ca,cb48ecadb8ca0454defcbbda5e9f738e243533b8bfb35ff957c3b0df0252344d,0.3232041895,if6_consensus_when_public_priors_concordant_with_d4
aayl49:0003406:89789d1afbd5,89789d1afbd577b03429f8b4f441368959d3af55f81b9000011bd9aaef97586f,0.07229567319,if6_consensus_when_public_priors_concordant_with_d4
aayl49:0003407:66795ffdc34c,66795ffdc34c7b120bc8a93fc7da24fe11663ff0b865c1f03d9568a3cabf35ca,0.3842109442,if6_consensus_when_public_priors_concordant_with_d4
aayl49:0003408:6b57af089651,6b57af0896511708a7852980a4905ec4cf4d521d7094e0bf785ba0398abfcc0a,0.3599319458,if6_consensus_when_public_priors_concordant_with_d4
aayl49:0003409:a2c0d1333213,a2c0d133321312e4de7c2f0951ba46a78343e255611e88f8c1832117015a1cb5,0.09216732532,if6_consensus_when_public_priors_concordant_with_d4
aayl49:0003410:5ca241c36b91,5ca241c36b91130ee79892c82e18e1da26ba581fdcc5f3b52be894786f62fbba,0.3079718649,if6_consensus_when_public_priors_concordant_with_d4
aayl49:0003411:3357692bce5b,3357692bce5b1427dd75817357ece65834e029d11412e59960d6cf2d03b76ea0,0.1883553714,if6_consensus_when_public_priors_concordant_with_d4
aayl49:0003412:cc9043ec43e7,cc9043ec43e79f573040eebd92df0c910d832c55a77c33464036f4b7b934ea12,0.1046160981,if6_consensus_when_public_priors_concordant_with_d4
aayl49:0003413:bc5c9ad36817,bc5c9ad36817b53c45bc0eeda78da4f76b8a17484de79071bb39e6d9420260f5,0.07221835852,if6_consensus_when_public_priors_concordant_with_d4
aayl49:0003414:2ea39ac32d24,2ea39ac32d240fedb765736eca227faeb9eb5232a1fbc16a1bfb04a55287ddcb,0.1297456175,if6_consensus_when_public_priors_concordant_with_d4
aayl49:0003415:c6d38f340e5b,c6d38f340e5b07b2f9054053bf9d80567edbd2b924846066a317423774c26a8b,0.08915177733,if6_consensus_when_public_priors_concordant_with_d4
aayl49:0003416:166680cc9335,166680cc9335c47083b7c591168974f8de1af4e4bd60f5fb886691e4f98444fa,0.8355369568,if6_consensus_when_public_priors_concordant_with_d4
aayl49:0003417:89630553e8b3,89630553e8b37f9308c4989cf291d540bd1cf7bfeb441d0902a8ec5520d46ab2,0.1349261552,if6_consensus_when_public_priors_concordant_with_d4
aayl49:0003418:c56ff28a4b3c,c56ff28a4b3cf5a2124ef978c9fbfd2967fa7d9dc17b9422738b1595ee11f78a,0.07198639214,if6_consensus_when_public_priors_concordant_with_d4
aayl49:0003419:8877c3cf0272,8877c3cf0272301f8703e6f6d9223967eabc9611a088bbc74e061d7b71f1402a,0.1749787331,if6_consensus_when_public_priors_concordant_with_d4
aayl49:0003420:0c20b0da9e31,0c20b0da9e31042e261acb6296b19718252d89e6e80336aa2836b7d4e37ca66e,0.1135854051,if6_consensus_when_public_priors_concordant_with_d4
aayl49:0003421:a01e420c62b2,a01e420c62b2b2796187d2c267cce5d76f35695692421bd395bc21cd4415bde6,0.2550838888,if6_consensus_when_public_priors_concordant_with_d4
aayl49:0003422:adf88e855ef7,adf88e855ef7cd43a2254f84ef1d941abb06faf08f41105724659262190f1dd6,0.142580986,if6_consensus_when_public_priors_concordant_with_d4
aayl49:0003423:fb30daa8abbd,fb30daa8abbdc977209d9f872e8f9aefbaefb1ad3963e018d32b65ec749e3d69,0.3123018444,if6_consensus_when_public_priors_concordant_with_d4
aayl49:0003424:eec57294b1c0,eec57294b1c017000815ba5779722df451d79f897e9379e57f7ea1b1d097a9c4,0.3044923842,if6_consensus_when_public_priors_concordant_with_d4
aayl49:0003425:622927cae8c9,622927cae8c95492a382ea6266bc1e8cbe0a87217b33b3ca5cc1a6c4f9c0d850,0.1685610414,if6_consensus_when_public_priors_concordant_with_d4
aayl49:0003426:ef18f5cc94d2,ef18f5cc94d2faf0e63833019f980427fcb2c5a3fddf9f164c6f051ea86bc0d6,0.07971855253,if6_consensus_when_public_priors_concordant_with_d4
aayl49:0003427:049da76c9352,049da76c935271f0256470e78c65264955d2308c96e318543fe7d57d18dd7ad4,0.299543798,if6_consensus_when_public_priors_concordant_with_d4
aayl49:0003428:d0c920813d63,d0c920813d637675ab6bd981fce57d1b3a15561fb1df6ce7ce966405ebd0b4d7,0.2006494999,if6_consensus_when_public_priors_concordant_with_d4
aayl49:0003429:b7e1eb921640,b7e1eb9216401a58be00df5bfa0a0424f6f2fceb615ba65d1ed4776c104d0bdb,0.2109332681,if6_consensus_when_public_priors_concordant_with_d4
aayl49:0003430:dd0b53f9105b,dd0b53f9105bc491abddf291a1c7ed69f2e17f009dbbb4f4f57ce4890ff76b35,0.2420165539,if6_consensus_when_public_priors_concordant_with_d4
aayl49:0003431:a17f8c010878,a17f8c010878feb76cc8e2faeb59d5f9fca5ad61bd5de7859e925a6f47e99e1a,0.3518131971,if6_consensus_when_public_priors_concordant_with_d4
aayl49:0003432:6af7de33adcb,6af7de33adcb411a442a4d160d009ebe0c9bf63104f46d3ef682f8e27dafe61b,0.3138482869,if6_consensus_when_public_priors_concordant_with_d4
aayl49:0003433:d9db2a1aa093,d9db2a1aa093d7c91803d3e767f36941ed1d7bf5430ead3ebb9ea204ca351f5b,0.8704090118,if6_consensus_when_public_priors_concordant_with_d4
aayl49:0003434:f5d7fc7e2fb7,f5d7fc7e2fb762573accc0ca62508648deefd03eadc2cf60c882af484eb8f43d,0.9604887366,if6_consensus_when_public_priors_concordant_with_d4
aayl49:0003435:b57010350da7,b57010350da79bbacf6d9580f8a9c550cfb1d8c960d502d15cce0f8cdcc0ded5,0.8287326694,if6_consensus_when_public_priors_concordant_with_d4
aayl49:0003436:16ee25075e83,16ee25075e83ffb1aab8d20e0a8c0df4593c2b27d6920f1a08f84915668b6703,0.1997989565,if6_consensus_when_public_priors_concordant_with_d4
aayl49:0003437:273379b72c70,273379b72c70983cf8e97ea6381cff25d73dbd635509dfa06f003e1fc39a16d6,0.7803294063,if6_consensus_when_public_priors_concordant_with_d4
aayl49:0003438:bfee5f015880,bfee5f0158808857a985bd1a55571b87668c9fef5b307d1c39af29039be7fe29,0.8363875747,if6_consensus_when_public_priors_concordant_with_d4
aayl49:0003439:40f8b05c7da0,40f8b05c7da0f7d6f363cca097011eef3564aa51d9e819e3315b921e6649a99a,0.1727364063,if6_consensus_when_public_priors_concordant_with_d4
aayl49:0003440:54c25d82c2a2,54c25d82c2a22dedabaf5f31a1ebe132dbfd5a88fd2f4a62bcdd38bf3ad3ccb8,0.0494084917,if6_consensus_when_public_priors_concordant_with_d4
aayl49:0003441:a0a7af45c699,a0a7af45c69990c1369d71f0ad28c1ee480448873dd594c666a2810371b9c926,0.340369612,if6_consensus_when_public_priors_concordant_with_d4
aayl49:0003442:96eaed0e684d,96eaed0e684da9162765d5b4518e382e9e4200187d75f258c722b57906c2781a,0.519446373,if6_consensus_when_public_priors_concordant_with_d4
aayl49:0003443:4cdd218b377a,4cdd218b377a0fed2a48fde7d258f10a90f5abde738473a081fafb5144ece5b3,0.4051650763,if6_consensus_when_public_priors_concordant_with_d4
aayl49:0003444:876005fcce95,876005fcce957d9c2288f035e4f21998246ba137b50724e4bf024629e64be95c,0.9717002511,if6_consensus_when_public_priors_concordant_with_d4
aayl49:0003445:7d25c5390d44,7d25c5390d4401d85235a07e4afce47ed5167647e12d146625451382eddc61b8,0.2176602334,if6_consensus_when_public_priors_concordant_with_d4
aayl49:0003446:b61554de0547,b61554de0547d350f4ea683bdb96f9f249babafed8b3270b0bd15718eb49a127,0.2177375555,if6_consensus_when_public_priors_concordant_with_d4
aayl49:0003447:8c6171a63828,8c6171a63828fdf983d4d3f543b3675b8d8e8c9389a82141c4b0a04e0b1ea08f,0.5567926764,if6_consensus_when_public_priors_concordant_with_d4
aayl49:0003448:cb0fa57b90a7,cb0fa57b90a7a4be47dedda920331c02b905cc5c94b529b84146164543b26c71,0.06518208981,if6_consensus_when_public_priors_concordant_with_d4
aayl49:0003449:55bff810dcf9,55bff810dcf9e0804b0c13cf2755a932670461cf49d7fcb606e27d94a0bcbd8f,0.08296605945,if6_consensus_when_public_priors_concordant_with_d4
aayl49:0003450:d26d0ab312e2,d26d0ab312e25aac17e94cbeaf1255cae778615d67ff3ead2c5526c7b10add75,0.7242712379,if6_consensus_when_public_priors_concordant_with_d4
aayl49:0003451:b35567b4db39,b35567b4db39ab54908104363d2b823277c69d20faee5b8fc63928f74fe43ef5,0.5415603518,if6_consensus_when_public_priors_concordant_with_d4
aayl49:0003452:95abed9edded,95abed9edded3cb2d035ed16879b4ccb63ae987283de51f11c64e432081f4c66,0.4370988905,if6_consensus_when_public_priors_concordant_with_d4
aayl49:0003453:1c7030b53cab,1c7030b53cab32129ba6557d531b62ab33379846086dcf64f030e07e4ce19b11,0.3784117997,if6_consensus_when_public_priors_concordant_with_d4
aayl49:0003454:aa79f4eabb3d,aa79f4eabb3d7c623e466d75fd84d7cfd03420c9d23394482c1c73dad6d73f30,0.5772829056,if6_consensus_when_public_priors_concordant_with_d4
aayl49:0003455:4c46b8ad2ab2,4c46b8ad2ab2ef44265c9b92415841f295c58b183c0402da61cea6f8eb397627,0.06293976307,if6_consensus_when_public_priors_concordant_with_d4
aayl49:0003456:21e4dca219e3,21e4dca219e38dfd57933d912d4030606c5405bca29c4cfaae92c5f4eef1fc13,0.2151086479,if6_consensus_when_public_priors_concordant_with_d4
aayl49:0003457:763390d0f944,763390d0f9440d3ae7d94724029f0d923cf6ab29bbc727b591a796fec620e071,0.2263202667,if6_consensus_when_public_priors_concordant_with_d4
aayl49:0003458:00cc8564ba3b,00cc8564ba3bec282a9c7e735e2e363e0e2f549de720beb07e25445dccb9e162,0.3300085068,if6_consensus_when_public_priors_concordant_with_d4
aayl49:0003459:795ce31b211f,795ce31b211fdb574d7799f0a36c7664ada2fc9f37fe7fa3c915715253348a23,0.3698290884,if6_consensus_when_public_priors_concordant_with_d4
aayl49:0003460:4c5b5396e977,4c5b5396e97749c367c1b8129498a2113f692c87203e5d8929ef767b3e791bb0,0.3584628403,if6_consensus_when_public_priors_concordant_with_d4
aayl49:0003461:8215479987bd,8215479987bd104c660741dfe5a134ea0ebee2116033b89cf3731d6caf2957e8,0.5026676059,if6_consensus_when_public_priors_concordant_with_d4
aayl49:0003462:d2df6377ab8c,d2df6377ab8cbc2c0263932c378ff5fe7e7a900bd5b488a160849f89b7598489,0.6398360729,if6_consensus_when_public_priors_concordant_with_d4
aayl49:0003463:a7c870baf3a3,a7c870baf3a39d0ada7c1bc14129ff3e5bd08c4c9ef69f2fedfc471f69e54643,0.7838861942,if6_consensus_when_public_priors_concordant_with_d4
aayl49:0003464:fd787634531d,fd787634531dff84719b99e4846d46b45168edb20b94b35e738fb8d183cc2fbb,0.3341838419,if6_consensus_when_public_priors_concordant_with_d4
aayl49:0003465:635bc546b02a,635bc546b02aad0decd871c0ba0d927d6c03ede20289a0a29002e5dbed878587,0.8220057487,if6_consensus_when_public_priors_concordant_with_d4
aayl49:0003466:a600d7e51d84,a600d7e51d84d1aac4c8dcfa68face83b07134afe01be6155e75e7483a4d499c,0.6764864922,if6_consensus_when_public_priors_concordant_with_d4
aayl49:0003467:e63023cdbc02,e63023cdbc026b6b7da517fc7372eaea8368ea8ef430fe2021119784107ebcbf,0.1494626105,if6_consensus_when_public_priors_concordant_with_d4
aayl49:0003468:0b470c91917d,0b470c91917d877158dfceb2ae091250c8ac1596e4e0f9ecbe0848f8ab606934,0.7089615464,if6_consensus_when_public_priors_concordant_with_d4
aayl49:0003469:c87a32ef4c85,c87a32ef4c8520a334763e14a8f7ebe349a664d0280a973fc22ee9ba49844c27,0.2739503682,if6_consensus_when_public_priors_concordant_with_d4
aayl49:0003470:45db6a4d2e48,45db6a4d2e48af7bec555189f23752bcb50af58db8e214fb8762d7eac5401cb2,0.6339595914,if6_consensus_when_public_priors_concordant_with_d4
aayl49:0003471:bba3f391d7c5,bba3f391d7c58a3296854fdd4e609c1f13952e973fd2aed302a91bdef976a361,0.2741049826,if6_consensus_when_public_priors_concordant_with_d4
aayl49:0003472:784fbf8eed58,784fbf8eed58abc0dfc24ae64c4624c142c987c5a362ba6f283ae0d0cf366f3e,0.1401066929,if6_consensus_when_public_priors_concordant_with_d4
aayl49:0003473:c3519bc2b2ad,c3519bc2b2ad48137f42b31a53e0349ac1bf909144ddc7f912c56be7db56bf30,0.373849839,if6_consensus_when_public_priors_concordant_with_d4
aayl49:0003474:e08b0e64a24f,e08b0e64a24f39041168cb5a75816e40f3f8d0c1c25c704053ed8c2ca1677c56,0.6484960914,if6_consensus_when_public_priors_concordant_with_d4
aayl49:0003475:6554ac7c45ff,6554ac7c45ff5be89d47d6ff8734aa23922babf69fd25632bfdcf8cca46590c0,0.2700069249,if6_consensus_when_public_priors_concordant_with_d4
aayl49:0003476:427ab36fa7c6,427ab36fa7c6576680ead9cfdd57ff05d4817ed6400073adf043e395171cd1b3,0.2425578088,if6_consensus_when_public_priors_concordant_with_d4
aayl49:0003477:9c226a0a485b,9c226a0a485bd1271d8504d8626d05c3e0e5f9cca75a467cbd975193c4866a17,0.74306041,if6_consensus_when_public_priors_concordant_with_d4
aayl49:0003478:ff273cb70b82,ff273cb70b8228a3b0131545f83055d4fcbb15b1f10099aa2bea53d4c5b87da0,0.2066032439,if6_consensus_when_public_priors_concordant_with_d4
aayl49:0003479:7d55a8b514d4,7d55a8b514d48c34186aa011e1a56adaf869e7a6dd0cc23658a2f61f01977f93,0.1697981954,if6_consensus_when_public_priors_concordant_with_d4
aayl49:0003480:0dc313506b36,0dc313506b36de650cb0da35b7075cb9eeeea335d7b210852091d644efb4c156,0.3315549493,if6_consensus_when_public_priors_concordant_with_d4
aayl49:0003481:ece8904ca4b5,ece8904ca4b500489fb4071670bab51ac9dc9692e593e6fef6be99d5f94da349,0.6311760545,if6_consensus_when_public_priors_concordant_with_d4
aayl49:0003482:1b54fd4a7a88,1b54fd4a7a88340ac4c907fddddd6df917b3aa0c379d9daedcb4c3b8ac52dd56,0.3484110534,if6_consensus_when_public_priors_concordant_with_d4
aayl49:0003483:fbb9c1831426,fbb9c1831426fe4c41893b546db1b7640828eaa03f83b1a7af41697a647472c3,0.1031469926,if6_consensus_when_public_priors_concordant_with_d4
aayl49:0003484:b25f0b2e0a55,b25f0b2e0a559a57efd27f112e2653f2336d2c10529f97857666d5495231baad,0.4255006313,if6_consensus_when_public_priors_concordant_with_d4
aayl49:0003485:71d34b20c526,71d34b20c526c0e2d03765768605ae61154fec3f11b304b2c85da85f4b9860f5,0.3359622657,if6_consensus_when_public_priors_concordant_with_d4
aayl49:0003486:b0838b993808,b0838b9938089ca287ea62dfacb77709a313380715e8e22a9fe7a5d93eef0f40,0.4278202951,if6_consensus_when_public_priors_concordant_with_d4
aayl49:0003487:f45a98c4c8d6,f45a98c4c8d6dce85e6c1d4a58be474d8a8617ce43070959f807452df6fd6ef8,0.1290497184,if6_consensus_when_public_priors_concordant_with_d4
aayl49:0003488:5c3677375035,5c3677375035850825443e021ffdb3bcd70b72c1dac33abe93b6aca7110b1b59,0.8425733447,if6_consensus_when_public_priors_concordant_with_d4
aayl49:0003489:808b23873dac,808b23873dace31b9aa3b762c41be7a3691a7ed525d57ec16082f431d9610515,0.9666743875,if6_consensus_when_public_priors_concordant_with_d4
aayl49:0003490:907c388de2b6,907c388de2b6fd69441544b911cf6290b2348cfea206cff2dc83811cbfe80b43,0.2241552621,if6_consensus_when_public_priors_concordant_with_d4
aayl49:0003491:0f81f738cef1,0f81f738cef14260dcf006eb14dfb849da27e0bef29f2e8346c9f57a8dc13aa1,0.9235289693,if6_consensus_when_public_priors_concordant_with_d4
aayl49:0003492:6f534d03c9e4,6f534d03c9e4dea6e79a366153a11e8ce6eba267ef59b9a4947c58cf40b18874,0.4531817734,if6_consensus_when_public_priors_concordant_with_d4
aayl49:0003493:e25fb861977b,e25fb861977bf1a148d0e25d7433bc292f2c56cd8940823947a6d0c8ce005099,0.9109255672,if6_consensus_when_public_priors_concordant_with_d4
aayl49:0003494:0af5f26e68b0,0af5f26e68b0f83acc61b8d9097e1db91f91471da36818c61d6c881f86767b5e,0.07090388983,if6_consensus_when_public_priors_concordant_with_d4
aayl49:0003495:6d3e417f62f2,6d3e417f62f23b82dffafbf73124502930222916e54824346f165844fea25f4f,0.8167478442,if6_consensus_when_public_priors_concordant_with_d4
aayl49:0003496:c77d92843ace,c77d92843acea7aeb5a017dd95ceadc7ebbb53732d8bb3a5554e43554c7e38c3,0.1421943903,if6_consensus_when_public_priors_concordant_with_d4
aayl49:0003497:e36497ec630f,e36497ec630f1b0b59ac03740250492b0056949793a7fb10c23eaacdba2f0036,0.1858037561,if6_consensus_when_public_priors_concordant_with_d4
aayl49:0003498:8f2e79277212,8f2e792772120062d6cd9f34e02d27eadec4b91bb17bd1963bdf4f3704c87378,0.2487435341,if6_consensus_when_public_priors_concordant_with_d4
aayl49:0003499:9d1594371ea5,9d1594371ea52e3bace2e7247c0ccd08fdf229deb4161cf80f8829bc32bde879,0.8127271533,if6_consensus_when_public_priors_concordant_with_d4
aayl49:0003500:447030064d6e,447030064d6ea959fcc3f0100440446bb4450c482b6ec4488ff0c9366a95488a,0.8859506249,if6_consensus_when_public_priors_concordant_with_d4
aayl49:0003501:feea5b039383,feea5b039383c80ddce901989881a88c5def016eb0c6878fbd2b7b7ce29e56eb,0.814814806,if6_consensus_when_public_priors_concordant_with_d4
aayl49:0003502:0f2564a53425,0f2564a53425351f6f2d61f74e7f93e5aec72fac06b6e488822b115b9fc29d9b,0.2748008966,if6_consensus_when_public_priors_concordant_with_d4
aayl49:0003503:ceff64fbc024,ceff64fbc02469a36eb44bac6c1883de3d4a877c574e9337809a116a8f6db02d,0.1476842016,if6_consensus_when_public_priors_concordant_with_d4
aayl49:0003504:bb1141425d26,bb1141425d269140c04ed583a5a64d396e3e877a6a323c7a519672502c136b92,0.4495476484,if6_consensus_when_public_priors_concordant_with_d4
aayl49:0003505:3d6ef3b8bbde,3d6ef3b8bbde6bfdb9934e6f9c68500a0a0189a7f74bc0197dd479680e68cade,0.1300548911,if6_consensus_when_public_priors_concordant_with_d4
aayl49:0003506:ce529942d800,ce529942d8004bd144ccdc8cfc3d05135e843e671aea6d82fab12b0e16e7a5b2,0.3327920735,if6_consensus_when_public_priors_concordant_with_d4
aayl49:0003507:484252d0be97,484252d0be97b5458e8c76f95d0b65e1b48ce5e0943d9df00e181ff52ed48e75,0.7940152287,if6_consensus_when_public_priors_concordant_with_d4
aayl49:0003508:d115d10a92bf,d115d10a92bfbc84940febe888ccb4e968a9e8a115a9f593b2fdd5b8c45783f2,0.6042681336,if6_consensus_when_public_priors_concordant_with_d4
aayl49:0003509:8b489931e456,8b489931e4567c7841507e116b8abd5fc08c063948d3191e9c26cd8c60952c70,0.2430990487,if6_consensus_when_public_priors_concordant_with_d4
aayl49:0003510:e1d92ab88239,e1d92ab882396207c4a2e665896327bae5420e1b8cfee370c531d917cf2e0871,0.2801360786,if6_consensus_when_public_priors_concordant_with_d4
aayl49:0003511:20c7fdb5bcf2,20c7fdb5bcf2d8e8b3bccb21455764fdfc3c77cda95115363923be3c1ff3f302,0.3626382053,if6_consensus_when_public_priors_concordant_with_d4
aayl49:0003512:0a4be4142d77,0a4be4142d77cb69c021f2043bcb3d92b6bc8e24303a4bf4e022d3b8d42ec72e,0.2608056962,if6_consensus_when_public_priors_concordant_with_d4
aayl49:0003513:4013a7d87728,4013a7d87728326e0fb45cf29866a0db7247b5e16e3e0f183eca6de563c903ee,0.1344622374,if6_consensus_when_public_priors_concordant_with_d4
aayl49:0003514:e4e718eb600c,e4e718eb600c1a84f1e794e092156f4ebb159e635718e76e153addaace9e9226,0.1597463936,if6_consensus_when_public_priors_concordant_with_d4
aayl49:0003515:3ced53f8413c,3ced53f8413cbad520308b7431c577c398593a43a44d68e55ca17f222c85a481,0.2651357055,if6_consensus_when_public_priors_concordant_with_d4
aayl49:0003516:888ab138c746,888ab138c7462082481f675b68a51ed336dbfa6a8edb8a27c3e7ccc089d30acc,0.3739271462,if6_consensus_when_public_priors_concordant_with_d4
aayl49:0003517:c59002928525,c590029285257a3e1d67e6f569afe8fe9911aaac163a69c96126cb0e49bc560f,0.4376401603,if6_consensus_when_public_priors_concordant_with_d4
aayl49:0003518:101e6df755f3,101e6df755f3ee338556d30663dd0f5611f55ce727a5bd630628ce7130aa2351,0.3015541732,if6_consensus_when_public_priors_concordant_with_d4
aayl49:0003519:4eb83274af1b,4eb83274af1b03d214cee3ac4da692472ff03d39aa5a06531307c1ab7809cd50,0.113817364,if6_consensus_when_public_priors_concordant_with_d4
aayl49:0003520:f49863650baf,f49863650baf7da5938437015bd265aea1df197bb9cc8bf3aa2beb3a6826c0d0,0.2843887508,if6_consensus_when_public_priors_concordant_with_d4
aayl49:0003521:2a91df91bc8e,2a91df91bc8e314811bc6b7260c97177b389333dc3ec28ef3fe5e23815631390,0.7340911031,if6_consensus_when_public_priors_concordant_with_d4
aayl49:0003522:a5919e27e4b7,a5919e27e4b75702136187349661f617bbfebad34ee9957fdcd1551fd4c4d792,0.3548287451,if6_consensus_when_public_priors_concordant_with_d4
aayl49:0003523:5ffe738d8af2,5ffe738d8af229738d7164b83919c516c732b4ff8802e79ee722ee0602faef1a,0.8128044009,if6_consensus_when_public_priors_concordant_with_d4
aayl49:0003524:71db0e8d061e,71db0e8d061e90fd36cb06c7e678e0ba2d035a63adc97f92df629ce632c5db13,0.1687156707,if6_consensus_when_public_priors_concordant_with_d4
aayl49:0003525:a18ec266e582,a18ec266e582c3bd17bb649764c6a103c266c0f0737e3bdae196eeb77391fef4,0.2019639611,if6_consensus_when_public_priors_concordant_with_d4
aayl49:0003526:a1ba2e90cf78,a1ba2e90cf78f5a2f5b8e4e5778b587b4c58fe158d73f99f8302e3226a5b42b1,0.6870022416,if6_consensus_when_public_priors_concordant_with_d4
aayl49:0003527:ca6ca68dae05,ca6ca68dae052b1d986ce52233c1610aabe74cefd46f224a7ebb828298f93fd4,0.08188355714,if6_consensus_when_public_priors_concordant_with_d4
aayl49:0003528:397266c60406,397266c60406a416bd3c728c444069d66485303f03b71c87a7b8d6e7de7d4d42,0.1722724885,if6_consensus_when_public_priors_concordant_with_d4
aayl49:0003529:2c47f1421c01,2c47f1421c0141c6e1f801dc5992b0466c35932aa5c141fe26fcbfcd99a76a36,0.1761385649,if6_consensus_when_public_priors_concordant_with_d4
aayl49:0003530:4a35fe9eae01,4a35fe9eae019e751567df2eb3046dcd4d7e36bc7fddac6614ea5848218ae637,0.902652204,if6_consensus_when_public_priors_concordant_with_d4
aayl49:0003531:25dfa1d72bb2,25dfa1d72bb2465e90c2987e20b54e2944192e6d7940f7f300b9dc9697c446c1,0.2174282819,if6_consensus_when_public_priors_concordant_with_d4
aayl49:0003532:a0a92ff5db7f,a0a92ff5db7f76b10610fcbf514a7e321ee6f71cf7a4f9f80fe1eb53f61987e7,0.02621201612,if6_consensus_when_public_priors_concordant_with_d4
aayl49:0003533:63fa58ef1247,63fa58ef1247db2107d65227439a125f2b547cace848fe1a824b1eb38ea393e5,0.8991726041,if6_consensus_when_public_priors_concordant_with_d4
aayl49:0003534:c35c8388ab91,c35c8388ab917889f683cf0c1ac6ccc4b8c87904c86851d4a9b7fbe4df85664f,0.4509394467,if6_consensus_when_public_priors_concordant_with_d4
aayl49:0003535:264c55b4a3eb,264c55b4a3eb7c9d85fd2f70e1978e1966ca5a02031826a59d2f53cb539ce556,0.3149307966,if6_consensus_when_public_priors_concordant_with_d4
aayl49:0003536:db6aecd87d9b,db6aecd87d9bdfebaada1dd2f852a3b9e546386c741805862c12829a3e01922e,0.4719709456,if6_consensus_when_public_priors_concordant_with_d4
aayl49:0003537:b8bb83ee30f0,b8bb83ee30f02114f0f90e47b23b3ca850c20e37746cd71814a92885577549a9,0.6985232234,if6_consensus_when_public_priors_concordant_with_d4
aayl49:0003538:7ccd9622aa37,7ccd9622aa37641576db079b6fe4b9829d6ff86299c751ade04b68f52c77eb68,0.06170262024,if6_consensus_when_public_priors_concordant_with_d4
aayl49:0003539:97510b268a8c,97510b268a8c9cd0e2b11f8635cc61bd0f74c289085f83805e08581cd7db681a,0.1236371994,if6_consensus_when_public_priors_concordant_with_d4
aayl49:0003540:c261c3869912,c261c38699124c927a6e96adf55f507b77c80668c86fc757fedd79b629d5b916,0.03641846403,if6_consensus_when_public_priors_concordant_with_d4
aayl49:0003541:dc143f132543,dc143f13254380a9aab072f19a3b4d135727e9c2e63faa653f895977cc8c7b69,0.4047011435,if6_consensus_when_public_priors_concordant_with_d4
aayl49:0003542:398da08ac03d,398da08ac03d4c0867dc90f1158c88c651448a1d69537fc08d390371fa4cb795,0.1360859871,if6_consensus_when_public_priors_concordant_with_d4
aayl49:0003543:3b070391e494,3b070391e4947d7b28f5c5fc2383db75e391414be4c324e11bfee9d7d8a2c8bf,0.4692646563,if6_consensus_when_public_priors_concordant_with_d4
aayl49:0003544:d53777b1b6d8,d53777b1b6d8145d7c988d4a34a852dc5b9f8dbc767f2f37cdf011916bd46a52,0.3849067986,if6_consensus_when_public_priors_concordant_with_d4
aayl49:0003545:636ca34e8812,636ca34e8812f3e2b06adaf2581773abe67305988280024c875d7a2f8a63a8c9,0.08520837873,if6_consensus_when_public_priors_concordant_with_d4
aayl49:0003546:3124f7bea07c,3124f7bea07ca2ee961b11985c5ac573429e0bddccf18eb7bad243672e1ce51a,0.3668909073,if6_consensus_when_public_priors_concordant_with_d4
aayl49:0003547:ee49da9c9bf9,ee49da9c9bf93ebc78617c881be98b47821a3a9b8eceac950a4515a9303a58f6,0.1688703299,if6_consensus_when_public_priors_concordant_with_d4
aayl49:0003548:f1d769f93108,f1d769f93108409b01bbcb489a6428260e8907cc071214368969b58c0082efb5,0.123714529,if6_consensus_when_public_priors_concordant_with_d4
aayl49:0003549:0e871609b690,0e871609b690cdc2f7cc2cf7d76888daf32fe2a9bd8e8fbaab0e712e630978fd,0.7109718919,if6_consensus_when_public_priors_concordant_with_d4
aayl49:0003550:e80ce1cbd7d0,e80ce1cbd7d0c18c50f7c1d7caaf991e147206599e1878fc57a9ee46d6765c04,0.2547746003,if6_consensus_when_public_priors_concordant_with_d4
aayl49:0003551:77f7c33161df,77f7c33161df54b525425cb6880d69e600557ee5453f6fe31963c16923c7f481,0.2516044378,if6_consensus_when_public_priors_concordant_with_d4
aayl49:0003552:4d7f74cb6bd0,4d7f74cb6bd05fecf992bc15b31f5542b8eb7a7078af89bb062ec334328531ee,0.4861980975,if6_consensus_when_public_priors_concordant_with_d4
aayl49:0003553:5fe8d6f09589,5fe8d6f09589c17d5cae9151e89b2096b47d54fcd246ca50208fa2e5a1baada6,0.06456352025,if6_consensus_when_public_priors_concordant_with_d4
aayl49:0003554:ead23cbc76f8,ead23cbc76f80480316b24db7d725b4aa0dc14245571bbea878ff6f365e8b759,0.3416840732,if6_consensus_when_public_priors_concordant_with_d4
aayl49:0003555:a69578a573ab,a69578a573ab416ae2c2d0ffb2c561c28ff11e40a8c1269effbe459a83b4c9d8,0.5781334639,if6_consensus_when_public_priors_concordant_with_d4
aayl49:0003556:dd6fbad66b18,dd6fbad66b185cb952919b16fb8489fab46199718f5976e123e21a22e3af3b65,0.08977035433,if6_consensus_when_public_priors_concordant_with_d4
aayl49:0003557:bcb3d2366938,bcb3d2366938d27cd75030d487cdad5f5a85aacc2c4cd3cc86e7224c0b5f0a2e,0.08992499113,if6_consensus_when_public_priors_concordant_with_d4
aayl49:0003558:0c4e9e649b81,0c4e9e649b81c37176d9c0fdcccc9871f9b1dfc22073522776db8277fe65b7dd,0.7769272327,if6_consensus_when_public_priors_concordant_with_d4
aayl49:0003559:b9207e72355a,b9207e72355a14c01fe5e037cee91677d591b770f6a463d01537afd51cafbf7c,0.2066032737,if6_consensus_when_public_priors_concordant_with_d4
aayl49:0003560:0edff5c1303c,0edff5c1303c069830efb49a334b67e38a934e00c3d641d989ee822b412ac8c2,0.01569628157,if6_consensus_when_public_priors_concordant_with_d4
aayl49:0003561:f2b9c7882552,f2b9c788255243641ea751347eaab24a7d639f31b4ca5bdbc668c8042c58cf33,0.02180468477,if6_consensus_when_public_priors_concordant_with_d4
aayl49:0003562:be46bb322b4a,be46bb322b4a1a5e2068b87ee6423b963b7de4c7a4e44031b0ac46daf6ab3a6b,0.5295755267,if6_consensus_when_public_priors_concordant_with_d4
aayl49:0003563:a18304a382f6,a18304a382f68523bfda0198add6e8b47a337842c3e09e62ca36e542fce0ac17,0.5625144839,if6_consensus_when_public_priors_concordant_with_d4
aayl49:0003564:0f4ef4b356e0,0f4ef4b356e09f5c82dbb7195846502b9ad97846ab25df5b54dd7f8d28cc2f28,0.1548751146,if6_consensus_when_public_priors_concordant_with_d4
aayl49:0003565:183fc5046991,183fc5046991c0ee41f1dbcdce5f418dab2e85cf2f965ff7c5665ea594997d32,0.9960565567,if6_consensus_when_public_priors_concordant_with_d4
aayl49:0003566:3f0ce8faef57,3f0ce8faef57cf5a4b9c5c979e57c66bc438b07d2d5b16ed4d352626ee3c2b0d,0.1098739728,if6_consensus_when_public_priors_concordant_with_d4
aayl49:0003567:8f8264e57276,8f8264e57276549d7ddd1a3de1843c73d0cafd49f841e196491b4c828ec97d0c,0.9759529233,if6_consensus_when_public_priors_concordant_with_d4
aayl49:0003568:0b41e534fdf2,0b41e534fdf2fb3e87034f24451b7ec62917e4f468a63f64bbfa00f61277195c,0.2655223012,if6_consensus_when_public_priors_concordant_with_d4
aayl49:0003569:0f5b285c25ee,0f5b285c25eeba343c458f8ca7a8d5331beaceb99ad8052c259bbc4279f329af,0.07832676172,if6_consensus_when_public_priors_concordant_with_d4
aayl49:0003570:1c8c11c595e2,1c8c11c595e24cff02997d833cabd81ac6fb008ebb80aa6d03776cfde2ec73d1,0.5762777328,if6_consensus_when_public_priors_concordant_with_d4
aayl49:0003571:1c4df295ef3b,1c4df295ef3bf10d79b07f5976d509359578a8927325c530ef5ee1f601dfd067,0.4394185543,if6_consensus_when_public_priors_concordant_with_d4
aayl49:0003572:b31e83d1eab9,b31e83d1eab96d629a7724570c1a674be581fb85020bf431f88cfd669b6f9523,0.2328152657,if6_consensus_when_public_priors_concordant_with_d4
aayl49:0003573:c39cdcdd4b98,c39cdcdd4b9815c3f7ec59989e14955998a261b07c9598563f0772be2a6eac87,0.7039356828,if6_consensus_when_public_priors_concordant_with_d4
aayl49:0003574:0c0aea0122e3,0c0aea0122e317c8dc609380829fac6bec6801c1e27d03b1ae2ea7f0929214b4,0.396582365,if6_consensus_when_public_priors_concordant_with_d4
aayl49:0003575:3161064901f8,3161064901f82e3139aa39178b2c5241d0904fc4dbc76a8eab7499cda6cdcd02,0.2761926949,if6_consensus_when_public_priors_concordant_with_d4
aayl49:0003576:a1583616d26f,a1583616d26f57f7ed056ea65a8769b7b15c241e3d681e30ee3e6539bd7627c1,0.09123945981,if6_consensus_when_public_priors_concordant_with_d4
aayl49:0003577:2fe0cee714d7,2fe0cee714d71b0f324917eb9c056540c44bc7f0f2d3080ce4e6054cccc9427a,0.1573494226,if6_consensus_when_public_priors_concordant_with_d4
aayl49:0003578:3316cd980706,3316cd9807063fd5ba2e87794354e552896412e86d6c4e9a2a086f9a0e36622e,0.3076625466,if6_consensus_when_public_priors_concordant_with_d4
aayl49:0003579:9ec88cd8dd35,9ec88cd8dd353e318175a9d18c25aad0b849a0d0f4682f551f2a315bbcf01fa7,0.4522539079,if6_consensus_when_public_priors_concordant_with_d4
aayl49:0003580:c6793c64ccf8,c6793c64ccf858ae88fb0ee09926b823cdcc6e349ecb711d18626e3ed1e9bcda,0.3426892459,if6_consensus_when_public_priors_concordant_with_d4
aayl49:0003581:e9c8a706eefc,e9c8a706eefc6446f214e35b7c3920d8d9992b6f5b8c11fed859167d5569a6fb,0.0229645092,if6_consensus_when_public_priors_concordant_with_d4
aayl49:0003582:ac9337445891,ac933744589137804e24f0c012c800e123d622a2d70b26c30ef988b0215eb31d,0.05350653455,if6_consensus_when_public_priors_concordant_with_d4
aayl49:0003583:4e5765daeb67,4e5765daeb670e104cfaf6aea17dce90ac9d09c00b248c28cb213ac86622947a,0.1868089437,if6_consensus_when_public_priors_concordant_with_d4
aayl49:0003584:8fa75e42627b,8fa75e42627b07337f69a37004192f189227b0a8d4bbd955886eaf13942ae5e0,0.1410345584,if6_consensus_when_public_priors_concordant_with_d4
aayl49:0003585:acc944998f07,acc944998f07b44c57b7f9fa6dca2044bf45d3bfb7e1509d95e2b4a4a7e6c9b5,0.1050800309,if6_consensus_when_public_priors_concordant_with_d4
aayl49:0003586:92db885e5d87,92db885e5d8796e4eaec1d61b0812e054124f3ef3d176f84983ae6b03ad9ff67,0.1256475598,if6_consensus_when_public_priors_concordant_with_d4
aayl49:0003587:1b9cd1c6f424,1b9cd1c6f424f49b36aba50ad760876b6bca84580a6041a1b5c8295e69ffd0be,0.3030232489,if6_consensus_when_public_priors_concordant_with_d4
aayl49:0003588:ce9b681e2d8b,ce9b681e2d8bf6e78c98489787327bcaa59ae7ce9ef18313c326b9ba9fce8624,0.01677878201,if6_consensus_when_public_priors_concordant_with_d4
aayl49:0003589:a4d57f8fe693,a4d57f8fe6937ca5fb4fd0d5259e069ef331b0327a23fa780f7e9d3b694cdff9,0.006108404603,if6_consensus_when_public_priors_concordant_with_d4
aayl49:0003590:3ff74b7c1a03,3ff74b7c1a03f02da068641d7dc2623c342f20f1edf37bfb0f5e9106c30a391d,0.03440810367,if6_consensus_when_public_priors_concordant_with_d4
aayl49:0003591:613d40151e26,613d40151e262ccea46715ec6de0ef2488c0f9874526a01d8b274fe1219c18a5,0.07647103816,if6_consensus_when_public_priors_concordant_with_d4
aayl49:0003592:425d45c16aba,425d45c16aba75ef801e4da483f24054f845f0f479187b17f8afaaf7e5b68cd7,0.03958864883,if6_consensus_when_public_priors_concordant_with_d4
aayl49:0003593:65e22d56a3a9,65e22d56a3a95f678ad326ae9b37a063dae1881d4d18960f729aeba40f5a1964,0.03317095712,if6_consensus_when_public_priors_concordant_with_d4
aayl49:0003594:67f16b3f519a,67f16b3f519a64175a4395a5368bacacb2fabc551e00695adcbae6a15515511f,0.02768112533,if6_consensus_when_public_priors_concordant_with_d4
aayl49:0003595:7a7e76a43211,7a7e76a4321114d82286fb76846f93a4b6d8979dee9e373c5327dd635c1eee1b,0.2111652344,if6_consensus_when_public_priors_concordant_with_d4
aayl49:0003596:43b33b3e6010,43b33b3e601031d807745fda3b9a1b19cacae2393c2b4094599c323b66dd53ff,0.2461919188,if6_consensus_when_public_priors_concordant_with_d4
aayl49:0003597:b8252697ff6b,b8252697ff6bb4450b667c689fa826da597b025dcfc5f4012628fbfc63f21486,0.2844660878,if6_consensus_when_public_priors_concordant_with_d4
aayl49:0003598:c4154f40fcf0,c4154f40fcf025e8e87c542fa34ca048c122f2e75237b848166dce24114d2dd4,0.483569175,if6_consensus_when_public_priors_concordant_with_d4
aayl49:0003599:74f9739f4ec8,74f9739f4ec8d1711f1197b23f62a3d3c1cf8d7c79696d5438bf8f9368701941,0.408644557,if6_consensus_when_public_priors_concordant_with_d4
aayl49:0003600:6d97bd63a7b7,6d97bd63a7b7151771f97e2c92e365c8199b732dc94a16040ba5de30e46abc80,0.5843191743,if6_consensus_when_public_priors_concordant_with_d4
aayl49:0003601:89e5372cf37c,89e5372cf37cfabf6fa9e333018eae548c7c36e7ec35dca400c5fd76c5548ede,0.4292894304,if6_consensus_when_public_priors_concordant_with_d4
aayl49:0003602:ae91afb55dcd,ae91afb55dcd71cad4675868c02562bac35b9075541436d639bc7ecc55d98ea0,0.4360164106,if6_consensus_when_public_priors_concordant_with_d4
aayl49:0003603:d413aff7d1ce,d413aff7d1ce3a02a7311a3b49da187fa8e275999839abfd2281b6521f107fff,0.8206138611,if6_consensus_when_public_priors_concordant_with_d4
aayl49:0003604:823b9e09f68e,823b9e09f68e520905699fe918d47f798868bd62fc56146fb2a7904d2cd38954,0.4919972122,if6_consensus_when_public_priors_concordant_with_d4
aayl49:0003605:07418d59bbc2,07418d59bbc2d42dd5889a6dace93f77086da1322fb78f595acd19f433ea31cd,0.7761540413,if6_consensus_when_public_priors_concordant_with_d4
aayl49:0003606:3917687e50dd,3917687e50dd7c58b16a0f53e501af9b1499ffcf769190f011f4607123c1f12f,0.8853321075,if6_consensus_when_public_priors_concordant_with_d4
aayl49:0003607:cd49bc199093,cd49bc19909333b1a896ae087b25a0a9865c5bf2ce315041652f7bb12e56aec1,0.3131524026,if6_consensus_when_public_priors_concordant_with_d4
aayl49:0003608:7381d18c27a0,7381d18c27a0f5abf1da0dd58c244427e793c634f3f2f8251e2aba3b670a9e15,0.2998530865,if6_consensus_when_public_priors_concordant_with_d4
aayl49:0003609:0627b3fd6f6f,0627b3fd6f6fd17747e704141696b1df69d81133dce08bee04ebdb58a14281eb,0.8908219337,if6_consensus_when_public_priors_concordant_with_d4
aayl49:0003610:84c37655b877,84c37655b877510fac763e770e4c8b12aa3690a46275f80fccb07d11430da911,0.7088842392,if6_consensus_when_public_priors_concordant_with_d4
aayl49:0003611:5775cbfb4baa,5775cbfb4baa71fd50450d0a6e4b66075fd5c3f1527f78e8fa580f6fa24dfd6b,0.6327998042,if6_consensus_when_public_priors_concordant_with_d4
aayl49:0003612:9cab42f13540,9cab42f13540d7f61327e0276c7ff43600d79b4f8d02823e578d3a7e1e26f189,0.8469032645,if6_consensus_when_public_priors_concordant_with_d4
aayl49:0003613:bc5a9490b803,bc5a9490b8030a527eb1bbc6085404893e42a30fad1e72748fdd4d9e136710c8,0.3106007874,if6_consensus_when_public_priors_concordant_with_d4
aayl49:0003614:9fa385f182e7,9fa385f182e7db6abb95bb71198f971466a54011cf1a2f0dfb935cbea9787321,0.2997757494,if6_consensus_when_public_priors_concordant_with_d4
aayl49:0003615:bfb5792bdfaa,bfb5792bdfaacb675d8034794dfed2973350cafb3afece0bb07b599004143d50,0.3189515173,if6_consensus_when_public_priors_concordant_with_d4
aayl49:0003616:e8e8354602d6,e8e8354602d6b915b55845d730323251dd0d578e6c1072407ba037ac31d0f3e9,0.5629010797,if6_consensus_when_public_priors_concordant_with_d4
aayl49:0003617:a4324626c8ad,a4324626c8ad334355309201eb48ff9ab4481b8f46ab04a55fa76e904104f2b5,0.7732157707,if6_consensus_when_public_priors_concordant_with_d4
aayl49:0003618:5686d3a93cf5,5686d3a93cf55b852fba84a607f343588638a137337a1bdef9d39d241ea9fbdd,0.3440810442,if6_consensus_when_public_priors_concordant_with_d4
aayl49:0003619:34d32d68d63d,34d32d68d63d91646bdf450e033022d9a5e0ea1678379ae43ef0ad51368952e0,0.8942241073,if6_consensus_when_public_priors_concordant_with_d4
aayl49:0003620:a1b46af9f80e,a1b46af9f80e023b809b69f14f66c762907db74ebfc1a528676bdf0df61e8cf4,0.4104229212,if6_consensus_when_public_priors_concordant_with_d4
aayl49:0003621:0698e31e432c,0698e31e432c07a15fc11f0f9f622dd87f98751c5a306f102082d52f7aeec6dc,0.2488981634,if6_consensus_when_public_priors_concordant_with_d4
aayl49:0003622:69715bbfb255,69715bbfb255011eccaa50839bc0e1befcc9b75272d9f035984aaf24ea700852,0.419469595,if6_consensus_when_public_priors_concordant_with_d4
aayl49:0003623:f847e79887f3,f847e79887f330252069d8b1081816251a72ce5f37e4f6eac95da8e10c99f5c0,0.3114513159,if6_consensus_when_public_priors_concordant_with_d4
aayl49:0003624:79307bbb6dd3,79307bbb6dd3821cac1af992d23b0e92d76e08f14b85019f9b56c8a783be4132,0.9454882741,if6_consensus_when_public_priors_concordant_with_d4
aayl49:0003625:81c3c89f7d20,81c3c89f7d208506782cc1f15403081754b15ca7ea418dabc6706a018f8a4ac9,0.2627387345,if6_consensus_when_public_priors_concordant_with_d4
aayl49:0003626:05e8236b3fc0,05e8236b3fc040f81555cafbcaaf5a433b557f44c96fd3f171511c30ebff6f05,0.3617876768,if6_consensus_when_public_priors_concordant_with_d4
aayl49:0003627:1262df0d24c4,1262df0d24c4e205c98768d3ed54e7c0742e65b0119dfeedb8721c5542ae52b1,0.2012680769,if6_consensus_when_public_priors_concordant_with_d4
aayl49:0003628:e837ba6d7417,e837ba6d7417281a0452e42b1a77e9ddbd358b0c18f7be48d65bfb743833516f,0.3532049656,if6_consensus_when_public_priors_concordant_with_d4
aayl49:0003629:c5ea75597b40,c5ea75597b404bc4ac87027b44382f704a27d578693389d41311e07d446f0e76,0.5983144045,if6_consensus_when_public_priors_concordant_with_d4
aayl49:0003630:9da33d06258c,9da33d06258cb26ddaf10d3a002103ceedd23b6d2d4f762921defe0698c9819d,0.6299389005,if6_consensus_when_public_priors_concordant_with_d4
aayl49:0003631:a2b086c83aea,a2b086c83aea86cd965a66af83727774e70b580685250197c34275be279bd958,0.7302250266,if6_consensus_when_public_priors_concordant_with_d4
aayl49:0003632:1d6513ca9587,1d6513ca9587487ee08900c5183fcb05c3d5c665df17ee691d0313979a35a125,0.450088948,if6_consensus_when_public_priors_concordant_with_d4
aayl49:0003633:b04ebea6462f,b04ebea6462f47c9aea3047ad4e2ff32d42accd1aad3367f44e0ca2860a6ef51,0.4655531943,if6_consensus_when_public_priors_concordant_with_d4
aayl49:0003634:9b8787b92ece,9b8787b92ece777778a92920271285a0b62673ddd2692919bd71eb0bbc714d16,0.4432072639,if6_consensus_when_public_priors_concordant_with_d4
aayl49:0003635:1e9c32ab8d82,1e9c32ab8d824d554cac9f9d50e9772f233624af0e6bde3c21acc8b91fe1203b,0.6481094956,if6_consensus_when_public_priors_concordant_with_d4
aayl49:0003636:ae03fb98a6e7,ae03fb98a6e7188b19f0b2c482535f3226d15a78f9f7aab6c6afc6e6508b9e8f,0.7271321416,if6_consensus_when_public_priors_concordant_with_d4
aayl49:0003637:e74ff7b36e8a,e74ff7b36e8ae37fc989ca3fe6d9ceac05c23606a91b454321f7edceecf0bf41,0.3545967638,if6_consensus_when_public_priors_concordant_with_d4
aayl49:0003638:f804193505b1,f804193505b103fe65ae04d1f733eaba3a13a39111235d917660e45e76c4caef,0.9555401206,if6_consensus_when_public_priors_concordant_with_d4
aayl49:0003639:d29df8a31f6c,d29df8a31f6c20a6899dc0a91a82b94583e0e6f78b52fb8f13bd8e0363a3f05e,0.165313527,if6_consensus_when_public_priors_concordant_with_d4
aayl49:0003640:36a1574625ed,36a1574625ed06b63d44d10f44734ebfd7f2c0c9bdafcd32c61f18715c726738,0.8452022076,if6_consensus_when_public_priors_concordant_with_d4
aayl49:0003641:a5c3597220f6,a5c3597220f62a539a926f2907d5c69e0e1d207a80e71f932498f4b962b325c9,0.269697696,if6_consensus_when_public_priors_concordant_with_d4
aayl49:0003642:df816521137b,df816521137b3e95b621e5bc05f21fd05c11bab0dec4c753bdd2b5051b6fa434,0.4231037199,if6_consensus_when_public_priors_concordant_with_d4
aayl49:0003643:18875506212c,18875506212c37b933e7594be60bfab3dc8279ffaa70a1a28dfd90e42d2815b3,0.4180777967,if6_consensus_when_public_priors_concordant_with_d4
aayl49:0003644:35414b89bd8f,35414b89bd8f38497c00c40f80625db00e6b95243cb1e37e4974f4bab4760456,0.4349339008,if6_consensus_when_public_priors_concordant_with_d4
aayl49:0003645:33ce12830ada,33ce12830ada8b508145c55ecd1006666b5d2df0cf1f4f90422e75e73badccee,0.1489213705,if6_consensus_when_public_priors_concordant_with_d4
aayl49:0003646:16bb50c7e9b1,16bb50c7e9b16bd561154aae2f5a7c224415c2baf1945e048a648079b4c22b83,0.9219052196,if6_consensus_when_public_priors_concordant_with_d4
aayl49:0003647:032dcc3a277a,032dcc3a277a11dec71b46290f89f9d9cb2f728a5d4d19e127e91e6d29c6da93,0.08141962439,if6_consensus_when_public_priors_concordant_with_d4
aayl49:0003648:3ec656e891ac,3ec656e891ac2f29aeb685037d4bb86773010e9744b2177934e6baef7619ec90,0.03054202534,if6_consensus_when_public_priors_concordant_with_d4
aayl49:0003649:9d7b01183884,9d7b011838841560539568c48343f9f155cce0d9b053b78d298a192508133c02,0.9813655019,if6_consensus_when_public_priors_concordant_with_d4
aayl49:0003650:02dea3c8c873,02dea3c8c8739eb1b902ab62554e068a97e21b5c8a2201b24cf3b2ab3485086b,0.2713214457,if6_consensus_when_public_priors_concordant_with_d4
aayl49:0003651:461d4bb1cbd4,461d4bb1cbd49fda68ee1103b84e77129ad6adf7863e208f5480c1adde408714,0.7523389459,if6_consensus_when_public_priors_concordant_with_d4
aayl49:0003652:9b8d0488b439,9b8d0488b439c50bf6b274922e30b07fbc69c9236605de49f37f4bcbc8cc2c9a,0.910384357,if6_consensus_when_public_priors_concordant_with_d4
aayl49:0003653:4a476d8ef70f,4a476d8ef70f0359a561d527188cd910174c839db8476deb783cd2c948911154,0.02033557557,if6_consensus_when_public_priors_concordant_with_d4
aayl49:0003654:cd86f6cf5668,cd86f6cf56685fc24c193ef11465f951b96e0e640d3185f74a0dc7f3eed451a1,0.4353978336,if6_consensus_when_public_priors_concordant_with_d4
aayl49:0003655:b6215a8428b3,b6215a8428b39f4862e8c4d5a0337488a8961c5e2f765225ea440cccf88d6262,0.1046934202,if6_consensus_when_public_priors_concordant_with_d4
aayl49:0003656:0354ffec318b,0354ffec318bbe841fdcff0a2b6e7567f07d2e76fa7442df8e711262321a959f,0.2088455707,if6_consensus_when_public_priors_concordant_with_d4
aayl49:0003657:9417883c0ffd,9417883c0ffd7f513ddb025e032015a4ee2e25738782be4c03a240d0ed844ce4,0.1523235142,if6_consensus_when_public_priors_concordant_with_d4
aayl49:0003658:509a77078284,509a77078284cf3c79af42b469b89ae77096c29e032f3e7fa7f26a13b9951cb8,0.5124874115,if6_consensus_when_public_priors_concordant_with_d4
aayl49:0003659:68bc912f5b11,68bc912f5b1102eba38c16ee7abf77c2a431203c968b84914e7052ee97583de8,0.1303641796,if6_consensus_when_public_priors_concordant_with_d4
aayl49:0003660:96ce1b4ec4bd,96ce1b4ec4bd5fda2e325ee76f894faa706da11fb0c6788302d7fdd0ae65aa4b,0.3087450564,if6_consensus_when_public_priors_concordant_with_d4
aayl49:0003661:9602aa07fd81,9602aa07fd81b06967b6654cff9d13f3329a59515d654f0f5d051e909ee9544a,0.006031082943,if6_consensus_when_public_priors_concordant_with_d4
aayl49:0003662:d44be5c4d4d5,d44be5c4d4d5a24ab12949df3946588cf22f61b1f04071eb97129e0b60b522db,0.3273409307,if6_consensus_when_public_priors_concordant_with_d4
aayl49:0003663:b02d43c70ef0,b02d43c70ef045bf582ed395f5aa418ffa42892cfbf9c9b3c0fe7b9f55aceb8a,0.4411195815,if6_consensus_when_public_priors_concordant_with_d4
aayl49:0003664:b6839af77eac,b6839af77eac23095d3c3de2d3d7d098be19febdd7993f01e564ef79077b2fb1,0.5150390267,if6_consensus_when_public_priors_concordant_with_d4
aayl49:0003665:b74cc14bb6db,b74cc14bb6dbbf4e97db42da96489396d17fd84f0579b7dc5b01a0db60bd4b6e,0.3963504136,if6_consensus_when_public_priors_concordant_with_d4
aayl49:0003666:fabf4f3b7a4c,fabf4f3b7a4ca94c545943c8be43c5c380c2fa0b0568f246d475b7997918b5bd,0.1841026992,if6_consensus_when_public_priors_concordant_with_d4
aayl49:0003667:0dceeaeef02c,0dceeaeef02c52d5ce92da3bcf664f3cd33e7108ed867fd360e73b7ec50052c8,0.2857805789,if6_consensus_when_public_priors_concordant_with_d4
aayl49:0003668:516388aeb908,516388aeb908faa9744b84a96be13861cf1d188de790e55feb67db0852cd9e73,0.1766798049,if6_consensus_when_public_priors_concordant_with_d4
aayl49:0003669:f23fd7b739b4,f23fd7b739b4e7f56e4bf47169f7343257253dcf2507f917769660095eb56ae4,0.2353668958,if6_consensus_when_public_priors_concordant_with_d4
aayl49:0003670:efbe787c57a4,efbe787c57a4ae108e61f75187edd4ea04bd65ce0885ae0c8fc8eacbece73735,0.6747854352,if6_consensus_when_public_priors_concordant_with_d4
aayl49:0003671:b47af2921499,b47af292149951efaa67b6812c6eb45dda43b046edac0ad34912e7b74c7185eb,0.4985695779,if6_consensus_when_public_priors_concordant_with_d4
aayl49:0003672:7a586ea6cb10,7a586ea6cb10f49011b8386ed10b537b101199e9793ba72536719dfd255c608f,0.510477066,if6_consensus_when_public_priors_concordant_with_d4
aayl49:0003673:883732b16a77,883732b16a77da8d11e08b0409be242dd800327523400f077c593f1862ffde25,0.03850614652,if6_consensus_when_public_priors_concordant_with_d4
aayl49:0003674:cd138e99e23f,cd138e99e23f4f38de4eec717547599d3f82256aef70a12c733ae83f8869c793,0.3150081336,if6_consensus_when_public_priors_concordant_with_d4
aayl49:0003675:afd4554a0e53,afd4554a0e53794a114d4b24b6fd1f2793a40c0716a8b59b552aa869ed266915,0.3569937646,if6_consensus_when_public_priors_concordant_with_d4
aayl49:0003676:d827cfa415ac,d827cfa415acc65a463dc1205ba850caae9c65c517304ce73288e51119d1f945,0.4963272512,if6_consensus_when_public_priors_concordant_with_d4
aayl49:0003677:80b77a2660c3,80b77a2660c30449beb7f5b06ecf1d35ffe46f3138d7ab091b7d551af9681af6,0.369674474,if6_consensus_when_public_priors_concordant_with_d4
aayl49:0003678:669d158095bc,669d158095bc075700a6d93ef0dc53f3cbeddd9a17b512980d40310f83fd314e,0.3051109612,if6_consensus_when_public_priors_concordant_with_d4
aayl49:0003679:13986955c0c0,13986955c0c0a64df9ad4c8ef37ea52d37d7426def2c891cdbe71f21901f0599,0.3334879875,if6_consensus_when_public_priors_concordant_with_d4
aayl49:0003680:0bc478712109,0bc4787121095008b1a0f942f34ac3ac932c6ce12de466db470277aed9399b5d,0.6020258069,if6_consensus_when_public_priors_concordant_with_d4
aayl49:0003681:f60ad4852c81,f60ad4852c81f293a9cc864b92320fec6061697ebf71dc046335f05be587e6e0,0.378721118,if6_consensus_when_public_priors_concordant_with_d4
aayl49:0003682:4b41197d3839,4b41197d38399ccaa3da8561eb5d5976669cb3bdd9cb11be3ecae42ec84e7de9,0.1281218678,if6_consensus_when_public_priors_concordant_with_d4
aayl49:0003683:0c0bbdcdc37f,0c0bbdcdc37f12e40ee0125b6a5e1a135652332cb372b0ad300dd8554cb5f959,0.4402690828,if6_consensus_when_public_priors_concordant_with_d4
aayl49:0003684:fbbfc9071761,fbbfc90717618a3b10831424742ca9279a4e16ca520e4a3b20bfbd0a0512b810,0.4711203873,if6_consensus_when_public_priors_concordant_with_d4
aayl49:0003685:524d46c42122,524d46c421228269ef49775dd283251a6f3e93a78b00c2f8bed99b448d12337d,0.8321349025,if6_consensus_when_public_priors_concordant_with_d4
aayl49:0003686:d2ead0c6b01e,d2ead0c6b01e119f8414aac8b00c18c36d8efb9c06414e7b54d576b441b25f54,0.6223614216,if6_consensus_when_public_priors_concordant_with_d4
aayl49:0003687:496e11d56794,496e11d56794544b744a2247d9d34bbcd71d84ba87fbe9150002920427683e9a,0.3458594382,if6_consensus_when_public_priors_concordant_with_d4
aayl49:0003688:dd21f88aaeb4,dd21f88aaeb409aa0e82b3699f7a75b52f199e42866dfd2fbd5cf01a25235151,0.04600634053,if6_consensus_when_public_priors_concordant_with_d4
aayl49:0003689:69593c398124,69593c398124a980f18e39c1e37ec75e238ba92ab113da96df624e1283c87489,0.3322508335,if6_consensus_when_public_priors_concordant_with_d4
aayl49:0003690:e182e384aa06,e182e384aa066e80b289147a3e86b99d4de6b9805630699d1aab36ee444e4a7a,0.2430217266,if6_consensus_when_public_priors_concordant_with_d4
aayl49:0003691:681e2f460607,681e2f460607d8d55961d877c3432cb40a71d96d0cdf8b96deca5b540996bfc2,0.2380731553,if6_consensus_when_public_priors_concordant_with_d4
aayl49:0003692:b029f4265c3c,b029f4265c3c08c0547960d9e952f06e3f3239869e3010397728adfa19359603,0.1936519146,if6_consensus_when_public_priors_concordant_with_d4
aayl49:0003693:baae86f72bbd,baae86f72bbd3a71bf1e596027e2e1c233b3946e260acf2a5f9afde2d75924a7,0.243253693,if6_consensus_when_public_priors_concordant_with_d4
aayl49:0003694:1d4041feb6fc,1d4041feb6fc26ea54834a48ef2ab0fe9184e77be8f94e4702d9aa5c2d1646c3,0.5801438689,if6_consensus_when_public_priors_concordant_with_d4
aayl49:0003695:fc9efcc566ae,fc9efcc566ae49169c157942a5654ea0e35a6459e01658c11b4c7927faaf6e97,0.3031005859,if6_consensus_when_public_priors_concordant_with_d4
aayl49:0003696:cc56e6bc7d7e,cc56e6bc7d7e1df5c23de55eb97ed0fe5c2062a822f502fd52cb1aec2e28eda2,0.1171422005,if6_consensus_when_public_priors_concordant_with_d4
aayl49:0003697:fa7d7ffeaa7a,fa7d7ffeaa7a3489ed35faeaf881fbbbdf36fd352f7dcd89e414ec932070ddd7,0.8479084373,if6_consensus_when_public_priors_concordant_with_d4
aayl49:0003698:96093efbf4b7,96093efbf4b79d24a938f5ecfe67d0fed9c00c701bd33f9dd62b073dd62c4469,0.4110414982,if6_consensus_when_public_priors_concordant_with_d4
aayl49:0003699:d86ba1e5b2cd,d86ba1e5b2cd2b2e57843aee2e6d22446429a45d5c1e989eaffdb6d1d541658d,0.5770509839,if6_consensus_when_public_priors_concordant_with_d4
aayl49:0003700:bdaff4d34dce,bdaff4d34dce610dda245e80af7ef7e88bc72090bd95314b88a49e3f27fcb7a8,0.303177923,if6_consensus_when_public_priors_concordant_with_d4
aayl49:0003701:6ea4db714a47,6ea4db714a47b99f73bcbe749db9f31efa240e107cb3e1428e480c094b55cedc,0.4710430801,if6_consensus_when_public_priors_concordant_with_d4
aayl49:0003702:605c9df5680a,605c9df5680a2a94a400f7a8e44f73decc13afce712e35e199967c41a259391a,0.590736866,if6_consensus_when_public_priors_concordant_with_d4
aayl49:0003703:8f93d4c1c88e,8f93d4c1c88e3b54e4b50410ce7a302fdc96623cbf4f324ce8489a2e9d5f98ef,0.3559885323,if6_consensus_when_public_priors_concordant_with_d4
aayl49:0003704:a6682ff04cdb,a6682ff04cdb8e4a96ae9004c217b517b58934144dcd60d1d33acbd35c41e9cf,0.214490056,if6_consensus_when_public_priors_concordant_with_d4
aayl49:0003705:88be6b6a8f79,88be6b6a8f79c6395bdaba0a58ccb0c3932ccbd9d831a6014c7aefd7ae73d8de,0.3880770206,if6_consensus_when_public_priors_concordant_with_d4
aayl49:0003706:ebd2f6b4c739,ebd2f6b4c73967b8c761e65d85017998c3dd5babba4be1c73a2978aa280bdcca,0.5229258537,if6_consensus_when_public_priors_concordant_with_d4
aayl49:0003707:2f2bea90939e,2f2bea90939ee4cd05ccea068f0913f648419b2ff989156a3c56d24ff47bc564,0.4802443087,if6_consensus_when_public_priors_concordant_with_d4
aayl49:0003708:c883b84a2d5e,c883b84a2d5ef85c45cc841a66ccbc430f3acbf77f8c4ae1312fb32ce62b6fca,0.449934274,if6_consensus_when_public_priors_concordant_with_d4
aayl49:0003709:3881ff925867,3881ff925867ef7c773da666953ff985b074a1f0505cc3053f5afcf56f9d51ac,0.4142890871,if6_consensus_when_public_priors_concordant_with_d4
aayl49:0003710:87b8d30e6aac,87b8d30e6aac735ed1377aa4cce7d901d644d3dd063b33df3a94b3ffed788ad4,0.5218433738,if6_consensus_when_public_priors_concordant_with_d4
aayl49:0003711:532fa573956e,532fa573956e838040778c99ff658feba3d0b37881a082c5200f1b9d9c5a1e0a,0.1764478534,if6_consensus_when_public_priors_concordant_with_d4
aayl49:0003712:f0e647bcfedb,f0e647bcfedbaa07db8468186232f9905d968caca0e8edbe6c1bcf8d944c68a2,0.3970463276,if6_consensus_when_public_priors_concordant_with_d4
aayl49:0003713:98f3de14c287,98f3de14c287624bf70c574a425f5a91d9b4b768b9f540b49d3a8db974c4ccfa,0.371607542,if6_consensus_when_public_priors_concordant_with_d4
aayl49:0003714:65562ee5482f,65562ee5482f285cb79f9ecd9c32fdff2aad5d4e261af175d717e050d7895435,0.2627387345,if6_consensus_when_public_priors_concordant_with_d4
aayl49:0003715:3ed59932c753,3ed59932c75301c50c7c584696cfa17a5c73f234cede0c08532f86c82a421dce,0.5015077591,if6_consensus_when_public_priors_concordant_with_d4
aayl49:0003716:4e46b41a9648,4e46b41a96480cbaccd201a35ea9d4b469c7e29d5768b24b1088ed0cd5161891,0.1687930226,if6_consensus_when_public_priors_concordant_with_d4
aayl49:0003717:bf2d6f0055a8,bf2d6f0055a8e2c46c5a9025ba230f6d8c362dbbb20c496f35d192b06ff5a3b4,0.05412511155,if6_consensus_when_public_priors_concordant_with_d4
aayl49:0003718:3954a620f74c,3954a620f74c2b9f3ace3726ddd307bc75d671b1b426f3cf60b6fc5acb3efc8e,0.4408876598,if6_consensus_when_public_priors_concordant_with_d4
aayl49:0003719:6effb150bd44,6effb150bd4403d07822070ca1143a9e092cfef2e7c933ca00e0d4f8e90d79fa,0.480012387,if6_consensus_when_public_priors_concordant_with_d4
aayl49:0003720:232b4e8b41dc,232b4e8b41dc5211d9a3ee62202e9965d2b65bdbdd0b728a5417498365ad50e5,0.4395731688,if6_consensus_when_public_priors_concordant_with_d4
aayl49:0003721:3943a734f96e,3943a734f96ed99cd38aeba92d493550086afdfbd8b92bab0e134bd84c0299ac,0.5284929872,if6_consensus_when_public_priors_concordant_with_d4
aayl49:0003722:b920bd010479,b920bd0104795023ab61490c365c90accbd10eebd2b1aa5bda84d5ca77ee6d06,0.643702209,if6_consensus_when_public_priors_concordant_with_d4
aayl49:0003723:b0350e09159d,b0350e09159d3ea6d0ac95920f889766cd877118bc93c848fe05320f3bb0b6de,0.03247506544,if6_consensus_when_public_priors_concordant_with_d4
aayl49:0003724:f6ebef655fe6,f6ebef655fe6b62f1b50c1d49624ab6f3db7779a4a25d4e91eb84a296c05bc30,0.2123250514,if6_consensus_when_public_priors_concordant_with_d4
aayl49:0003725:4bc703ac4f36,4bc703ac4f36242e2531b22fb772558d297e0a43a875c9b5231e9b085844b290,0.4048558176,if6_consensus_when_public_priors_concordant_with_d4
aayl49:0003726:c2163a0de610,c2163a0de61093d613b8527a3c415a4605b6967c2c346345455bd67cbbefad71,0.2487435341,if6_consensus_when_public_priors_concordant_with_d4
aayl49:0003727:065b023353cf,065b023353cfee3c49f82bf1b18bd6e20c0f202d6a5845e966fef1a4c8f89ea8,0.5399366021,if6_consensus_when_public_priors_concordant_with_d4
aayl49:0003728:aa4eb4cc23dd,aa4eb4cc23dda467dfb88fb69ca370f515660df4fa59ee05e4929e9c88d21587,0.8419547081,if6_consensus_when_public_priors_concordant_with_d4
aayl49:0003729:dd0c8db5677c,dd0c8db5677c5f25c2b2ee8ee6d406719108269cfb390397904f0730db6046c0,0.3464779854,if6_consensus_when_public_priors_concordant_with_d4
aayl49:0003730:27ac8033da04,27ac8033da0425dbb7a790fa666fa9e3516ecf1873fa29edfa626e428001006b,0.6008660197,if6_consensus_when_public_priors_concordant_with_d4
aayl49:0003731:e8c8786c5680,e8c8786c568095e6c63b4846ea3a8f0f24c27b435a98bab4410c05c7d82818a1,0.7066419125,if6_consensus_when_public_priors_concordant_with_d4
aayl49:0003732:85840b7a31a8,85840b7a31a8dfb46da4b78fc81351263960fdd347db8a6a48bf7e6a01c57a1d,0.5382354856,if6_consensus_when_public_priors_concordant_with_d4
aayl49:0003733:5defd0f100a7,5defd0f100a7cfd803a7ab1df7c53ea4634dfea1d37979f1184e0b10eb890dbb,0.8868012428,if6_consensus_when_public_priors_concordant_with_d4
aayl49:0003734:417b9f132406,417b9f1324068d0502656458623874ce664dab145ea2e316d71c9d0a2e9a59e1,0.09069821239,if6_consensus_when_public_priors_concordant_with_d4
aayl49:0003735:939e31e96041,939e31e960412d74115cede3076ffa0d54031e40cee8e6831881c3e163638da8,0.7276733518,if6_consensus_when_public_priors_concordant_with_d4
aayl49:0003736:de882eb7fa43,de882eb7fa43a240e45913c829fa1cb20661067c1e83d1d07a67b88c0e52c21a,0.8784504533,if6_consensus_when_public_priors_concordant_with_d4
aayl49:0003737:f1e0c1e01ae0,f1e0c1e01ae08b45c1e6ed0b6ff4e7d647ac11bdbed27957ec54a27ee7d577cc,0.8625995517,if6_consensus_when_public_priors_concordant_with_d4
aayl49:0003738:3fd8908e608a,3fd8908e608a005015364c7932c2d94bb674f4bbedb14a1930c17a6d26fb05f8,0.2171963006,if6_consensus_when_public_priors_concordant_with_d4
aayl49:0003739:273649e154d9,273649e154d956a2948397d240324ce362275059fa53c3923d70fbf20f5946a0,0.5740354061,if6_consensus_when_public_priors_concordant_with_d4
aayl49:0003740:5b6c73235fdb,5b6c73235fdb31899c70f124f07f84502e5abdad62a1ffa7fd7ee52f60ce4681,0.4320729971,if6_consensus_when_public_priors_concordant_with_d4
aayl49:0003741:d8a03ababed4,d8a03ababed4ee87dd434ee73ac48d200fbaadb026bb28ee5ace215c760ecf1f,0.1679424644,if6_consensus_when_public_priors_concordant_with_d4
aayl49:0003742:d4d0fdeb761a,d4d0fdeb761a1768aeefdb83dd595cfaf7cb5d9c35c41ad120a0d47f1ba2ff29,0.1943864375,if6_consensus_when_public_priors_concordant_with_d4
aayl49:0003743:dfd686b92c4c,dfd686b92c4cfbf4cd0687a3b77984e472d082f35d6d77c7842998d40b6ebcc3,0.06812031567,if6_consensus_when_public_priors_concordant_with_d4
aayl49:0003744:7ec0cc4f15cf,7ec0cc4f15cfa4dcf423c441a444e8f1ccc21f8334c6eb1d3be05f78670cba2b,0.1331477612,if6_consensus_when_public_priors_concordant_with_d4
aayl49:0003745:42b2c85d5587,42b2c85d5587cc08ba7bad95ee21ac00227cf99df576de7c991da663e3c18944,0.1230186448,if6_consensus_when_public_priors_concordant_with_d4
aayl49:0003746:7e9f27e9a87d,7e9f27e9a87de38dcdab006217e1f7416cd5d8e0775f277363767b729a66fe40,0.199567005,if6_consensus_when_public_priors_concordant_with_d4
aayl49:0003747:639bc53d9240,639bc53d9240b192a2cdae8abebd1dcb6d66a0d2bf8afd21ef48dcb5e7bd0029,0.3671228886,if6_consensus_when_public_priors_concordant_with_d4
aayl49:0003748:e9961e768cb4,e9961e768cb4a08f22a6c9b9a74b4d51eb1bd9cb90367a854f0ad3d002179c81,0.7621588111,if6_consensus_when_public_priors_concordant_with_d4
aayl49:0003749:0129adc50edd,0129adc50edd177e4bc74751d3806f5629da1ad5937c06c29c4d7ee3b9265a28,0.07198638469,if6_consensus_when_public_priors_concordant_with_d4
aayl49:0003750:834d6172eef8,834d6172eef86d478f32fcd9c32b1f46041c54184e91d113f30b2ccda2155436,0.08520837873,if6_consensus_when_public_priors_concordant_with_d4
aayl49:0003751:d970dd9ca6c7,d970dd9ca6c762f761b690819414399e724401826b7c6e9f23951b5bb0194b22,0.06719245762,if6_consensus_when_public_priors_concordant_with_d4
aayl49:0003752:87862bb8a51c,87862bb8a51c6e7821e7b36b90c24ca288181f8d8e5d33b96744d1abbf6e8081,0.04631562904,if6_consensus_when_public_priors_concordant_with_d4
aayl49:0003753:ef0b3d113275,ef0b3d113275ecd9f109dec153592a8e2407f7cad7f60f16ec3aad3e3a810337,0.06023350731,if6_consensus_when_public_priors_concordant_with_d4
aayl49:0003754:5e42ea00c369,5e42ea00c36998a27228cbfbefa5a1edc5e3848e9ff96e37604d22e6db467c3d,0.6757906079,if6_consensus_when_public_priors_concordant_with_d4
aayl49:0003755:b242c7fd128b,b242c7fd128b439eed235c49b9142a36ab59a3fbdb36717dbc8af842efbf4b7b,0.1541019082,if6_consensus_when_public_priors_concordant_with_d4
aayl49:0003756:ad8e281c80da,ad8e281c80dab984a54b9482184f2ef1e8fd1e9e44cfb317f9173bad8b09bb6c,0.04090311751,if6_consensus_when_public_priors_concordant_with_d4
aayl49:0003757:c8489be5015a,c8489be5015a49234a9cab1996e8d0db745fb8a4ffaa46d4cbfb35c443ae32a9,0.07028532028,if6_consensus_when_public_priors_concordant_with_d4
aayl49:0003758:a0e70fad32ec,a0e70fad32ece379a873ad75858093771014f7edae661d200f4c834f8cba35f7,0.04314544424,if6_consensus_when_public_priors_concordant_with_d4
aayl49:0003759:2215739cd76a,2215739cd76a8b0a06279da4c4c4f226b6daae2f224362446abf088985185bf5,0.1098739728,if6_consensus_when_public_priors_concordant_with_d4
aayl49:0003760:a3fe88ec078c,a3fe88ec078c2e460eea78b38c97cab96c7b221fc6004a5624d877c0d57fba9a,0.002706255065,if6_consensus_when_public_priors_concordant_with_d4
aayl49:0003761:6bb82344771c,6bb82344771ca9e66954afd6bdf762b5ed8c14531b85e7151e38db15dd6933c1,0.2101600617,if6_consensus_when_public_priors_concordant_with_d4
aayl49:0003762:c09382c1a120,c09382c1a1208022c586685808865067c093d5e99245592da41b1248d52fb306,0.131755963,if6_consensus_when_public_priors_concordant_with_d4
aayl49:0003763:32e568dd9b45,32e568dd9b45c237af4030900c58424fa78a3a53ad6844a7750493285fa83222,0.2349802852,if6_consensus_when_public_priors_concordant_with_d4
aayl49:0003764:8d6b50e4c191,8d6b50e4c1912e0a08257f229b6c065f41a9b481aade58ba7dfde2debedb176b,0.406092912,if6_consensus_when_public_priors_concordant_with_d4
aayl49:0003765:9eb1f15b3a33,9eb1f15b3a339b73180e451ebe48c0ba64334a184c3e54856eb41feb4705bce2,0.07105853409,if6_consensus_when_public_priors_concordant_with_d4
aayl49:0003766:f02531e9128c,f02531e9128c7035568161063ca3a2390d46b2e9a93267f0c091dec090046263,0.04183097184,if6_consensus_when_public_priors_concordant_with_d4
aayl49:0003767:03d4f62300f4,03d4f62300f41d022c625ad1d006c25294b6359934f8bf6202d46a5d2fc47f0f,0.1117296889,if6_consensus_when_public_priors_concordant_with_d4
aayl49:0003768:622b20b02b4b,622b20b02b4bdde04aa69860bec4bcfdf20f5937b3f8925c2e341b908ed98047,0.3917111456,if6_consensus_when_public_priors_concordant_with_d4
aayl49:0003769:4791a608c975,4791a608c97527a2ce62cc9e246a3c23a51e6925a89f5ad37616f8ad62c70426,0.0340988189,if6_consensus_when_public_priors_concordant_with_d4
aayl49:0003770:faa1a3f443f1,faa1a3f443f1a9b6c83fa49e7f7c3b0110d9f8281ff3ebc36269c3d7c8c4e83a,0.3321734965,if6_consensus_when_public_priors_concordant_with_d4
aayl49:0003771:968fd0bb68ec,968fd0bb68ec3ee3fda40be1e50c3a9cb6255625229c0ae5a4311f10a33fe7cc,0.3916338384,if6_consensus_when_public_priors_concordant_with_d4
aayl49:0003772:36a8d0ae91a3,36a8d0ae91a3644c83a1ce0864fa922934d71ad1e2a58dc8e002ebbbfdc5a52f,0.2979200482,if6_consensus_when_public_priors_concordant_with_d4
aayl49:0003773:0431a533309d,0431a533309d15e6e570193b1de2b0ceb230967b74293f2d9954d1f6400b15f6,0.1067811027,if6_consensus_when_public_priors_concordant_with_d4
aayl49:0003774:c5f12fa296c7,c5f12fa296c769f1ce5101d3b744601e5d119c844e9f81a6749f5702152c4684,0.1836387515,if6_consensus_when_public_priors_concordant_with_d4
aayl49:0003775:98408f61ae9e,98408f61ae9e49a4bf9c5256aefdc8d084ee50d390c469d497893b08d9c7aad1,0.0793319419,if6_consensus_when_public_priors_concordant_with_d4
aayl49:0003776:58f64e31baeb,58f64e31baeba8fd72971486471a319654ab41e650bfa11fd1859bf86d7aa6ab,0.2468878031,if6_consensus_when_public_priors_concordant_with_d4
aayl49:0003777:fe51f9b7ed3b,fe51f9b7ed3b0c462cb7dcd64ed1327ef3d1f1c9f5fb22ea6835953e2d1576fc,0.4789298475,if6_consensus_when_public_priors_concordant_with_d4
aayl49:0003778:22b4d0f9f300,22b4d0f9f300f2c6e99f3d19e0a84d28facbd2715949790eb7fd4deb0d054967,0.1001314521,if6_consensus_when_public_priors_concordant_with_d4
aayl49:0003779:926eb803352b,926eb803352be8c74a165957022d14c704cc6dfcc16b815bb6c393c93d9e699a,0.2285625935,if6_consensus_when_public_priors_concordant_with_d4
aayl49:0003780:ccdd7d3540bb,ccdd7d3540bb9867b7905b9e100e6be75eab2507546cb50668fed726338c3720,0.484265089,if6_consensus_when_public_priors_concordant_with_d4
aayl49:0003781:6f37c13ca885,6f37c13ca885ab41b2f8c610cb3cfdc3ef5ca619bf1ff357d47e3ffe63456173,0.059769582,if6_consensus_when_public_priors_concordant_with_d4
aayl49:0003782:07c2a2ec2029,07c2a2ec20297d041b0b73d635c352d060225adc1d30b058989da7f7544ece6f,0.2608830035,if6_consensus_when_public_priors_concordant_with_d4
aayl49:0003783:ab6e111bcb24,ab6e111bcb24c9d561c26c23216cc2527faefe9644c6999cb30dbebbb056a1f1,0.0988169834,if6_consensus_when_public_priors_concordant_with_d4
aayl49:0003784:e2bc7c667422,e2bc7c6674221fd291924bf80d0d7b3ad18f2c510036ace0962a5eef23ba7ea1,0.0447691977,if6_consensus_when_public_priors_concordant_with_d4
aayl49:0003785:2444f3ade719,2444f3ade71995d905715312a951ade8ffb5a4282fd69956528c3d135b8add06,0.1108791456,if6_consensus_when_public_priors_concordant_with_d4
aayl49:0003786:58f31501028c,58f31501028c36ff7e152e174289cf0a4ae9baec3681f2fd4cf6e8e543739e30,0.03031005897,if6_consensus_when_public_priors_concordant_with_d4
aayl49:0003787:b090f4ab3134,b090f4ab3134b27dd5148f783718f022ad771c948beec8f1be500e6b24418669,0.2840021849,if6_consensus_when_public_priors_concordant_with_d4
aayl49:0003788:496ac61c9244,496ac61c924435e2cd1795a7c9620cb3770c50e87d53aa8c0ae40a4a305249f9,0.1892058998,if6_consensus_when_public_priors_concordant_with_d4
aayl49:0003789:6e551b0b1417,6e551b0b141729294ddda0f5307a698bc4204bdcbb02ab2783a556bb06b55a1f,0.03649578616,if6_consensus_when_public_priors_concordant_with_d4
aayl49:0003790:b421bf3ac662,b421bf3ac6629b23fdc294a7deb1c750893311cda5703746bab23c28e0dcc0c2,0.2011907548,if6_consensus_when_public_priors_concordant_with_d4
aayl49:0003791:e55013e070ad,e55013e070ada63c6bd78b70ec0e88285f9ed92744460b2b0e9d5509e8417ce8,0.1158277169,if6_consensus_when_public_priors_concordant_with_d4
aayl49:0003792:8f5b95840b0d,8f5b95840b0dfed62b5c51c4435438a4bac40f1359372443f0a8585de48d23ef,0.2053661197,if6_consensus_when_public_priors_concordant_with_d4
aayl49:0003793:1e1b6d05697c,1e1b6d05697c07c774e42a8e3e0027f943be95f505f3d9f7b1394208e28223d5,0.3073532879,if6_consensus_when_public_priors_concordant_with_d4
aayl49:0003794:73a37c6be7fc,73a37c6be7fc5b7a3a87cc75db9431993039e98f64fb4ac4c93a9ac86a2c8e5c,0.07971854508,if6_consensus_when_public_priors_concordant_with_d4
aayl49:0003795:5525d204d393,5525d204d393c625910a383b18b7afe0c0720a60ebf2823b7f5273a1960dc029,0.2683832049,if6_consensus_when_public_priors_concordant_with_d4
aayl49:0003796:7315b5cb16d3,7315b5cb16d3d9c38a7a804751aaff5704cd65ff3e8ec71e96ffb369d245054e,0.3037191629,if6_consensus_when_public_priors_concordant_with_d4
aayl49:0003797:a2244db30399,a2244db30399a30ec76ced956f2da0a0eb5481ba6576a1d02ea1da3575cbfcf7,0.3857573569,if6_consensus_when_public_priors_concordant_with_d4
aayl49:0003798:3e9950d3a985,3e9950d3a985109caa5e0f094435fa3ef4093469061077ff3fe80b8f41bba9be,0.1749787331,if6_consensus_when_public_priors_concordant_with_d4
aayl49:0003799:278ec3a946e5,278ec3a946e511afd745c42a02cfb13232e38937443a297da8acce04e54f66b1,0.551070869,if6_consensus_when_public_priors_concordant_with_d4
aayl49:0003800:1958aef0e63f,1958aef0e63f99262a1e08030d92986cc4c4d1bf36e3344d11d846698e44432f,0.3198793828,if6_consensus_when_public_priors_concordant_with_d4
aayl49:0003801:c658b9d2b147,c658b9d2b14772dc88490516e3335f9233cc362b9b53c65c3e5132bafcddcd24,0.379262358,if6_consensus_when_public_priors_concordant_with_d4
aayl49:0003802:d5a1c5c09e19,d5a1c5c09e1951896a0942a63f8f918d6bd78ee282791c4f555a191d39b15fd1,0.2529962063,if6_consensus_when_public_priors_concordant_with_d4
aayl49:0003803:640723503d3b,640723503d3b245051930d715b842dcad71cbcfdcb3cb042288097d904147a67,0.02659862489,if6_consensus_when_public_priors_concordant_with_d4
aayl49:0003804:3218e008beab,3218e008beab653a7d6920ad288c2106781496c9cf005dae7cd2c0cd1e6b83ac,0.4838784635,if6_consensus_when_public_priors_concordant_with_d4
aayl49:0003805:ee48ef194bbf,ee48ef194bbf467a9ca9a3b79fa905d051dafdaee6f220e308f87b80f6b0fc4b,0.0692801401,if6_consensus_when_public_priors_concordant_with_d4
aayl49:0003806:bac3afb795cb,bac3afb795cba16b0ec4aff53a0cb4d54d99c8fdc4a3bc6605d4152e08d17d70,0.05629010871,if6_consensus_when_public_priors_concordant_with_d4
aayl49:0003807:8206b6ea9133,8206b6ea91338b3d15a399379f4ff3c5d1301bddf4bce4d95433c149b1577d72,0.4645480216,if6_consensus_when_public_priors_concordant_with_d4
aayl49:0003808:8d00a185c291,8d00a185c2910631bd3a8cd401190ee53c4a9dc67852d0c69d17f7a5738dfd91,0.5085440278,if6_consensus_when_public_priors_concordant_with_d4
aayl49:0003809:fae1c5b4a77b,fae1c5b4a77bfa6f4300da5440f99d96bd084fe073a7a933b05f55e71671f30e,0.05296528339,if6_consensus_when_public_priors_concordant_with_d4
aayl49:0003810:95fe6e3b77dd,95fe6e3b77ddfa8db9821744bd3505e3133baf11f081e64ba3f41eeb4c73684c,0.09889429808,if6_consensus_when_public_priors_concordant_with_d4
aayl49:0003811:bbe155003d0a,bbe155003d0a6d9baaa5dcc63638049e69bef817733cfc868b260f6e15d4b3e2,0.05134152994,if6_consensus_when_public_priors_concordant_with_d4
aayl49:0003812:9e5a86e0018f,9e5a86e0018fc3c376be17d3fb2ee9abc9112f8d6b0c4d65fbf8dc4352130c92,0.6653521657,if6_consensus_when_public_priors_concordant_with_d4
aayl49:0003813:98f6a2597e5d,98f6a2597e5d478e5fb07c70d70abd0416385974036eb950deeceabfdbaeae91,0.02969148755,if6_consensus_when_public_priors_concordant_with_d4
aayl49:0003814:8583e6c53fbd,8583e6c53fbd56dc3b5af06e569a6fd3720e8328d4e0ee0a3f388b4726e341a7,0.2099280953,if6_consensus_when_public_priors_concordant_with_d4
aayl49:0003815:6425655b3b7d,6425655b3b7d0d924bea8a81fe779aea5f476011c72493f435e3ca9cc7b5e8c9,0.2129436284,if6_consensus_when_public_priors_concordant_with_d4
aayl49:0003816:d8c00d06b830,d8c00d06b8305456c1d090be3b801ff43b68e09a7feb7a58ae7a6fe8cb2c40b1,0.3532823026,if6_consensus_when_public_priors_concordant_with_d4
aayl49:0003817:06cccd525269,06cccd525269d6411919edfb662493b797e1fc918b33facbff55678d25411f9f,0.1696435362,if6_consensus_when_public_priors_concordant_with_d4
aayl49:0003818:f41c53a67645,f41c53a6764593777e41d829ff46a15b96a615b7db949d7150d09babdc495eff,0.04229490459,if6_consensus_when_public_priors_concordant_with_d4
aayl49:0003819:2467f6ee9af2,2467f6ee9af2dfbc8b70da545fa2716488a7eefc8869453f939ad47f86e9ee53,0.2542333305,if6_consensus_when_public_priors_concordant_with_d4
aayl49:0003820:a96d0e760526,a96d0e76052632ed97a4edacc95595219d6817b8a32fd9d4b9b3557244e581aa,0.2281759977,if6_consensus_when_public_priors_concordant_with_d4
aayl49:0003821:2a7923d0d79e,2a7923d0d79efcdab43ac0f016a16312ddb275225498ef9c46c4681d316243fd,0.3059614897,if6_consensus_when_public_priors_concordant_with_d4
aayl49:0003822:df5e2434f59b,df5e2434f59be7ec4c48c7fb4835fff0e2e415c202fcf14834e2f9b4c6fadccd,0.2562437057,if6_consensus_when_public_priors_concordant_with_d4
aayl49:0003823:8c61658ef012,8c61658ef012f8c48cf621447ba00a6ac7515f4dfdf4150c17ce3f67119136df,0.4267377853,if6_consensus_when_public_priors_concordant_with_d4
aayl49:0003824:26a97ba642ca,26a97ba642caf92db27bac00c696a2bf3385e4721292927c2e51debfe7d60a71,0.3302404583,if6_consensus_when_public_priors_concordant_with_d4
aayl49:0003825:0ee99c9ff97c,0ee99c9ff97ca32e80b435c947492680c856a7d6ab26270ac162bb295dd51368,0.4253846705,if6_consensus_when_public_priors_concordant_with_d4
aayl49:0003826:05695f2cf7d1,05695f2cf7d1fb6160188c84ebb52f73e4aa84fe24cdebaaa9468e2dc9878fb4,0.2216036767,if6_consensus_when_public_priors_concordant_with_d4
aayl49:0003827:c878ded3d512,c878ded3d5121e790cb0247246f4909a3acd21cece86b6e9bc7af83adb77e83a,0.4030773938,if6_consensus_when_public_priors_concordant_with_d4
aayl49:0003828:53ab632ca343,53ab632ca343260e4a3dee1ebe451972c6f83216465373bc4f57a830fe2cde3b,0.3035645187,if6_consensus_when_public_priors_concordant_with_d4
aayl49:0003829:e664597954f0,e664597954f02b0316766a330f94ea60fce4d5caa37b330190e298c9625f1bbc,0.3029459417,if6_consensus_when_public_priors_concordant_with_d4
aayl49:0003830:83282578c64e,83282578c64e1b1047348bf061526fc167fc57d82b5f0b0c658ee727e6ef600f,0.324750632,if6_consensus_when_public_priors_concordant_with_d4
aayl49:0003831:c5d10de90eeb,c5d10de90eeb65cfa95ee283554c6b4e4b135fe35fcb5b980f133b866a2743d7,0.4405783713,if6_consensus_when_public_priors_concordant_with_d4
aayl49:0003832:661aa02581e5,661aa02581e5dc3140817582063a83aedc6615398db4d69121aca078fb7a3daf,0.6036495566,if6_consensus_when_public_priors_concordant_with_d4
aayl49:0003833:a464a09f5ff3,a464a09f5ff3f9acc35762ef7ec3ec214d0dd3a865ad5a779397f8ef9e2364fa,0.6542952061,if6_consensus_when_public_priors_concordant_with_d4
aayl49:0003834:f50c997fe670,f50c997fe670440ee105f68aa24e4234539c1e0037690244dba6437f0abc0125,0.5635969639,if6_consensus_when_public_priors_concordant_with_d4
aayl49:0003835:06e1b192563f,06e1b192563f3d9e18cfc04a98d49bf02f28766e6e6a3d51aa9edd8b04b9198d,0.5051419139,if6_consensus_when_public_priors_concordant_with_d4
aayl49:0003836:9c003134f868,9c003134f8681947122cad01de4441e86404e9d51f9a40376bd0bc048b23523a,0.1548751146,if6_consensus_when_public_priors_concordant_with_d4
aayl49:0003837:728a2435a1ac,728a2435a1ac219a74b6ce3cc1676f3a11f4950b12f9fb6eee08eb9166901353,0.4759916365,if6_consensus_when_public_priors_concordant_with_d4
aayl49:0003838:57bd9f131a21,57bd9f131a212d23dadeb9abb9814ccee05f223fcd803ac0a5d5d31464b0afd5,0.2621201575,if6_consensus_when_public_priors_concordant_with_d4
aayl49:0003839:f8e94446587d,f8e94446587da5c2d1ff7f973b1e01aeec97d42882fa28838a3ac8778bafbca2,0.37624681,if6_consensus_when_public_priors_concordant_with_d4
aayl49:0003840:d315aa5bffc1,d315aa5bffc1c4f5aad47cc91312b62b94eddd550313d1ca15eaccd65fa0982a,0.107245028,if6_consensus_when_public_priors_concordant_with_d4
aayl49:0003841:eb0a7ba7b3e0,eb0a7ba7b3e0163a0735950d09db7f9c91ebecd74744f22815fa3bf5225f229d,0.2031624466,if6_consensus_when_public_priors_concordant_with_d4
aayl49:0003842:61909fedc11d,61909fedc11d3bb195155374a285205b9c3907c1fe77bb8885f1ad54c5bf8b7f,0.7562823892,if6_consensus_when_public_priors_concordant_with_d4
aayl49:0003843:bc29000c99f5,bc29000c99f5775c286ce528ce7a3562580875a1322e7df38246999c7b9af979,0.2016546875,if6_consensus_when_public_priors_concordant_with_d4
aayl49:0003844:29150246a710,29150246a710cd5242289ef8d7327efbc82b883b62e5f62a7101edd895722b02,0.5233124495,if6_consensus_when_public_priors_concordant_with_d4
aayl49:0003845:ad1ddf054a3e,ad1ddf054a3e62e56e6b8c14afac9222eed7a55466e8ff4d0fcf3829997f5e82,0.3572256863,if6_consensus_when_public_priors_concordant_with_d4
aayl49:0003846:7e0ccc2b217a,7e0ccc2b217a198e07b70e2e84d21dc8347ed104362156bc2ae516b2457d8390,0.3000850379,if6_consensus_when_public_priors_concordant_with_d4
aayl49:0003847:cd752fee5833,cd752fee5833c87ecc2fb58cffa7592d832aec4dc78c5330eb4a967fff408c12,0.3316322565,if6_consensus_when_public_priors_concordant_with_d4
aayl49:0003848:445a9bbc76b3,445a9bbc76b3bd9d236d5809409f25f19b3832161e804178c7a41968d9a61b87,0.1431222409,if6_consensus_when_public_priors_concordant_with_d4
aayl49:0003849:d48587487356,d48587487356d30c9451f0d94700e8a4a78a75cffb036bf2ef69f0f232c2d1ec,0.2830742896,if6_consensus_when_public_priors_concordant_with_d4
aayl49:0003850:9a3b1043982b,9a3b1043982b5ca7f35a8bd245edc16d4c3d14f279cc63679b1550e2355b5c0a,0.4162220955,if6_consensus_when_public_priors_concordant_with_d4
aayl49:0003851:837a0b6057b0,837a0b6057b061bab374bcdd43ed345f6c2de4c6433aafa6ba48d31f0c8b15a2,0.2983066738,if6_consensus_when_public_priors_concordant_with_d4
aayl49:0003852:c0a63d26ad15,c0a63d26ad15977f0494c061d5cf771cbe001a2e7413e42e68b9a484b67443bf,0.6600170135,if6_consensus_when_public_priors_concordant_with_d4
aayl49:0003853:44ffedc70541,44ffedc7054180b45aa9c74a9be9c492f5ed2286f5b28b6b54ed7ed8a6016c76,0.1572721004,if6_consensus_when_public_priors_concordant_with_d4
aayl49:0003854:0b8cb24b6b09,0b8cb24b6b09f22b9f99075b03aaf1bbc2133664fe7729ade9a1c009f9b749fd,0.1606742293,if6_consensus_when_public_priors_concordant_with_d4
aayl49:0003855:b75fab89b2c3,b75fab89b2c3c7dbd9849673d2454a0faa0c4e9696bff04c27500a73d59e314f,0.4019949138,if6_consensus_when_public_priors_concordant_with_d4
aayl49:0003856:5fcd458096c5,5fcd458096c51451ff4d531042f4df536051c5adf40eeaeca2644b595ccdc7cd,0.4712750614,if6_consensus_when_public_priors_concordant_with_d4
aayl49:0003857:f3c2f68d728c,f3c2f68d728ceaf3d4082880f3bfb62c8fdb92ed3f9ff6648594d1abeff1ef49,0.1524008363,if6_consensus_when_public_priors_concordant_with_d4
aayl49:0003858:c11523c47128,c11523c47128b40ab607bc4f2bc8c1645c4944e0ad9a5a49e3cc0c07d8790c06,0.202505216,if6_consensus_when_public_priors_concordant_with_d4
aayl49:0003859:d419b43f6445,d419b43f644507a95d67cf86da39e26c2f99815c060da8e2e96fe31a3d5b947a,0.5334416032,if6_consensus_when_public_priors_concordant_with_d4
aayl49:0003860:9e936c2121de,9e936c2121deb4c9bb671759665f586054efec32c355cdea4e13fe9a321ffc30,0.4578983784,if6_consensus_when_public_priors_concordant_with_d4
aayl49:0003861:7f33e1a7b5b1,7f33e1a7b5b1bfcdae5ee9e19b75817a137005128dfa17935a3a3cd4c9f5fffb,0.3273022473,if6_consensus_when_public_priors_concordant_with_d4
aayl49:0003862:1a438bbbb0f3,1a438bbbb0f3bc5e74d2675bb6671ead6fd84778532391271d2fbbeff897640d,0.3728446662,if6_consensus_when_public_priors_concordant_with_d4
aayl49:0003863:9befb0fe6c20,9befb0fe6c20d22d62a5f1c8c0fd89938f3c69b98432dd42b270bdaf7d79fabe,0.3760148585,if6_consensus_when_public_priors_concordant_with_d4
aayl49:0003864:4d6b26f10b68,4d6b26f10b68ce2381a0cbacd59122a9e9614d225714c66bad89abd2cd9cd008,0.33611691,if6_consensus_when_public_priors_concordant_with_d4
aayl49:0003865:438f927d81d4,438f927d81d49eacbfb2154e588e9dd9d2c6d92c60e1e6b8e0fcbdef0857260e,0.1114977226,if6_consensus_when_public_priors_concordant_with_d4
aayl49:0003866:13a97eaf956c,13a97eaf956c93a4c8c0578632fc35d3157fc4154c73fac01a7a947e235c680b,0.2495167404,if6_consensus_when_public_priors_concordant_with_d4
aayl49:0003867:3722cf9ed8f4,3722cf9ed8f40e82fcb0b039ee5d3d38bfb2e4ced1e1bcd6bfb4801e06869871,0.3324054778,if6_consensus_when_public_priors_concordant_with_d4
aayl49:0003868:60f363cfd22f,60f363cfd22fbbfee328db5221ca27a84a614ebb4377ca1730ffe21af975acd4,0.4245727956,if6_consensus_when_public_priors_concordant_with_d4
aayl49:0003869:316b773218d9,316b773218d98090cbd555b5544b57cefb09113bb9a2f0fc5680e86dd096529a,0.4371762276,if6_consensus_when_public_priors_concordant_with_d4
aayl49:0003870:1699bef489ce,1699bef489ce86235c47f8d71ce17c5a5a188204e08b2548aa6ca53de89918ef,0.162993893,if6_consensus_when_public_priors_concordant_with_d4
aayl49:0003871:9b4a4f223cd0,9b4a4f223cd0b118031a0a2fdb117936f449e244c53fa9bcdc2f647eab7d82d2,0.2063713074,if6_consensus_when_public_priors_concordant_with_d4
aayl49:0003872:5153d68c0607,5153d68c06072c620df744a7a9924750aebce41b5790f733ef23fed8cfd10c09,0.09479626268,if6_consensus_when_public_priors_concordant_with_d4
aayl49:0003873:7ff9b41d7a3d,7ff9b41d7a3dcd2e6becb20a27a0f17b6bd9c4519813d93ad49f56f87ae9644f,0.1633031815,if6_consensus_when_public_priors_concordant_with_d4
aayl49:0003874:2e80e674c287,2e80e674c287bdf2ebad263cbfce4f3f475bed0f495fd4a52dff73aeefc7d749,0.4619964659,if6_consensus_when_public_priors_concordant_with_d4
aayl49:0003875:05aac83822f9,05aac83822f9ee7f55f1f3b05f8063edb05d4a0c4b5784949e3b2a540175b653,0.3173277676,if6_consensus_when_public_priors_concordant_with_d4
aayl49:0003876:9405039a0d35,9405039a0d35ccf1fd155573b0266c5c59867edf6878663dc2590c5ebd5b3789,0.1220907792,if6_consensus_when_public_priors_concordant_with_d4
aayl49:0003877:31d44dcc224a,31d44dcc224aab9089f1f77977c48903ce22177ded01c47b9c7f8e40a38d85d7,0.1567308307,if6_consensus_when_public_priors_concordant_with_d4
aayl49:0003878:bb2c811b0a20,bb2c811b0a20f3d858ea4ea435ba2a475538e69d12ec0d8ffe07844bd9065320,0.4415448904,if6_consensus_when_public_priors_concordant_with_d4
aayl49:0003879:304399777213,304399777213c9cd84d18f075fed602555053a40207cf53ac49752c19a16fa7b,0.5009665489,if6_consensus_when_public_priors_concordant_with_d4
aayl49:0003880:f6df5ff52867,f6df5ff52867da49447e82ef383e5109100c390484f9a0f6bcefb4a9695d6d07,0.1244877502,if6_consensus_when_public_priors_concordant_with_d4
aayl49:0003881:ccf9d244ba6d,ccf9d244ba6d20d1c9165a91d3b81581e6d1f3cd502649b03a0b598421fcedb5,0.4941622317,if6_consensus_when_public_priors_concordant_with_d4
aayl49:0003882:67b8feb86c37,67b8feb86c3790fbd6675b7a6042a3e98636fddd6a027e57b0562e6812cf3227,0.7741436958,if6_consensus_when_public_priors_concordant_with_d4
aayl49:0003883:889255c1e2e3,889255c1e2e355a704ff345aecaa02dbf4b4c19f519900d22a7604031aa7ef87,0.8152787685,if6_consensus_when_public_priors_concordant_with_d4
aayl49:0003884:65b6b367cc36,65b6b367cc364476f9224a2fa036bfa9330f30647985a8b5b7956501bd96e78e,0.3627928495,if6_consensus_when_public_priors_concordant_with_d4
aayl49:0003885:9c5277a4519a,9c5277a4519ae32b02d084ea54de10889343c2b1ca0c54eede432b5ce3cc195e,0.4166859686,if6_consensus_when_public_priors_concordant_with_d4
aayl49:0003886:4f96dc8afc46,4f96dc8afc466574ac547b1ecb1c85ac61d97abe02160f9a7c697afbecf72a36,0.3999072015,if6_consensus_when_public_priors_concordant_with_d4
aayl49:0003887:0f5e520e4150,0f5e520e41503bc28288979a195999ab8427682cfa39e40e17eaba513ab58d55,0.3831284046,if6_consensus_when_public_priors_concordant_with_d4
aayl49:0003888:ea9bb92dec84,ea9bb92dec842b01594d4aa623b0adaeb43bfc91be386f87e57e008b0e9446ca,0.4294440746,if6_consensus_when_public_priors_concordant_with_d4
aayl49:0003889:ccaa775fc62b,ccaa775fc62b7eccf7f9a3e9c1bee5307b4dbae3e9205931ae24821ff8902b3c,0.4244181216,if6_consensus_when_public_priors_concordant_with_d4
aayl49:0003890:2d538be164b0,2d538be164b0d41ee8f4cf572e99e890d155c831eb204809dc94a46b5328e842,0.2368360162,if6_consensus_when_public_priors_concordant_with_d4
aayl49:0003891:df6b23432352,df6b2343235274ca183f7b15c9992b316eab20e806c803459f21d7b8c0cf6fed,0.3860666454,if6_consensus_when_public_priors_concordant_with_d4
aayl49:0003892:602183b2c653,602183b2c653e4cb3f1780bbd970be73ad71a2dadad0f9428e295349eec7db36,0.358230859,if6_consensus_when_public_priors_concordant_with_d4
aayl49:0003893:fdefd6a80212,fdefd6a802120e8d9cd9b982d56a3155e1b9e5cbfb702f471bd85f49a5a951b1,0.6352741122,if6_consensus_when_public_priors_concordant_with_d4
aayl49:0003894:977519bfce0d,977519bfce0d4712d456423a8a9bf2cdd306ddb4b8a8ddcd5020b1aead73afb9,0.4497022629,if6_consensus_when_public_priors_concordant_with_d4
aayl49:0003895:571d3ab961cb,571d3ab961cb82dbde876fbc0d155939a23ead55b11cf2358fe051367face3ec,0.739967525,if6_consensus_when_public_priors_concordant_with_d4
aayl49:0003896:df38bd7fb450,df38bd7fb450ac3e281520733e871ae50484d2197d3d27deeb12661151282dd6,0.2363720685,if6_consensus_when_public_priors_concordant_with_d4
aayl49:0003897:7ebcaa2bdb10,7ebcaa2bdb1099f5533ba1b718a77ad23a6e6468333f44113bdb5ec85aaf4319,0.3700610697,if6_consensus_when_public_priors_concordant_with_d4
aayl49:0003898:c7c58bbde5be,c7c58bbde5bec43b6268fb90872cfa79231c19aa94200f47146558aec64f0c43,0.2382277995,if6_consensus_when_public_priors_concordant_with_d4
aayl49:0003899:a5b5f4cc45b2,a5b5f4cc45b2ff765afe7db183416a6b4d911bf3d39200e8040bb3bdd32cc607,0.2171190232,if6_consensus_when_public_priors_concordant_with_d4
aayl49:0003900:1252fa9578a7,1252fa9578a77f334f1b014882752f38701f2e5e8cdcd2082842ccd723cd161b,0.3552926779,if6_consensus_when_public_priors_concordant_with_d4
aayl49:0003901:580baa5b9a1a,580baa5b9a1a2d0ecddc6ce1e5defd487f66a3eaf42b3c47c34ea75eb9224bbc,0.3527410328,if6_consensus_when_public_priors_concordant_with_d4
aayl49:0003902:c832f7f59d40,c832f7f59d40f18a7f5333592906d4053c172b7f721da32cb5ebd7a8a8b494ff,0.4087992013,if6_consensus_when_public_priors_concordant_with_d4
aayl49:0003903:a00a5f16502a,a00a5f16502a7ad445e7c0efdc1810f24192043b44b932fc58a8f23c0cf19d9a,0.4420474768,if6_consensus_when_public_priors_concordant_with_d4
aayl49:0003904:27c7d1a6fd5c,27c7d1a6fd5c130a64d55a7f0d0db483ae7168b093c591b89543f3178bf3edec,0.09982216358,if6_consensus_when_public_priors_concordant_with_d4
aayl49:0003905:4cc836c9b568,4cc836c9b5685a6f342efb9a3f2321def84c56c165fc5d09231a818d60b97c51,0.2736410797,if6_consensus_when_public_priors_concordant_with_d4
aayl49:0003906:fb2703b3db45,fb2703b3db45965a19301ad1e7360a5e55e054b8f01227e1d3d099361d9f6bfe,0.2768885791,if6_consensus_when_public_priors_concordant_with_d4
aayl49:0003907:070acf088cb5,070acf088cb5e1b0f7bf6957604fc58cbd45e536a45efb102d6bee3e53a2c65d,0.3751643002,if6_consensus_when_public_priors_concordant_with_d4
aayl49:0003908:30ea0b3009c4,30ea0b3009c4b877ca1e0c2921cd491ebb198af221c720fb470f748c94d1f11d,0.2328152806,if6_consensus_when_public_priors_concordant_with_d4
aayl49:0003909:4d2c558e705a,4d2c558e705a0f0a561451bd42ff8668036d3803e70e11b3f6f8d4d2e23dc669,0.1458285004,if6_consensus_when_public_priors_concordant_with_d4
aayl49:0003910:71e3e1c49793,71e3e1c49793e87ad43065d3af652d4c3f29af43cafcaf80f83e455dd5bacd51,0.4952447116,if6_consensus_when_public_priors_concordant_with_d4
aayl49:0003911:ca97aed8537b,ca97aed8537bfcbfdf1a95c3d3bd49162aca53c63f8fc22fb79f07d4ed3a6b44,0.7028531432,if6_consensus_when_public_priors_concordant_with_d4
aayl49:0003912:1c2969961b94,1c2969961b94e9c5dd201731129ee5b262fc664b2cbca57aecbc096e116241d9,0.4385680258,if6_consensus_when_public_priors_concordant_with_d4
aayl49:0003913:b03b2face623,b03b2face623065adbde6821ff7b0472cf95d4a3c630de3e2b77b9e62e60ac83,0.409263134,if6_consensus_when_public_priors_concordant_with_d4
aayl49:0003914:4be1703d537a,4be1703d537a90bd108f035fe4bb89f65240664b99f55a4a8f14c353efa2136a,0.1453645676,if6_consensus_when_public_priors_concordant_with_d4
aayl49:0003915:8326aafa1829,8326aafa182913e28428131ad3b019be99cd771899f05ba004de2f3c41252588,0.159978345,if6_consensus_when_public_priors_concordant_with_d4
aayl49:0003916:81eca3be24ce,81eca3be24ceb43eeecf4f424c5acb376647fe1e31effe50eee896e4b95b74c6,0.07515657693,if6_consensus_when_public_priors_concordant_with_d4
aayl49:0003917:36e1c5c4fea0,36e1c5c4fea098c25df2c682adf87c3a3da155dcf25ee3274ccb8846703836fa,0.1050027013,if6_consensus_when_public_priors_concordant_with_d4
aayl49:0003918:8d43d354c583,8d43d354c583165f6c0a64b212cb29561f7ecc7ac3a934a6c29fab2950ac1771,0.1721951514,if6_consensus_when_public_priors_concordant_with_d4
aayl49:0003919:30c5c6475728,30c5c6475728501c4ba039e322e2c72a62bcd9a56b8bd86be997c63ba856a327,0.5114822388,if6_consensus_when_public_priors_concordant_with_d4
aayl49:0003920:1bc998adb2fc,1bc998adb2fc6ef795258488b0b0b682171f01a0f8d75d79c96d514ca708cc30,0.2934353948,if6_consensus_when_public_priors_concordant_with_d4
aayl49:0003921:a53523e66d14,a53523e66d14152bb81e3bf136a752199e04f4a113ec1e8abbd82edd09548a72,0.2400835156,if6_consensus_when_public_priors_concordant_with_d4
aayl49:0003922:d4cfcb41ef70,d4cfcb41ef7067be1ae94200aaa378fca25e13c263159363b8ccdc5cc9fc6ebf,0.000463929493,if6_consensus_when_public_priors_concordant_with_d4
aayl49:0003923:fff4a4a494d4,fff4a4a494d44c5c6e96960c91a900a26ea342fda012ee5d6137d777be6af041,0.003634114051,if6_consensus_when_public_priors_concordant_with_d4
aayl49:0003924:d1e1a07ef207,d1e1a07ef2072136537df0ca0c8dfb4e89b3f86878a25011c3c8ed4810adfd76,0.04082579538,if6_consensus_when_public_priors_concordant_with_d4
aayl49:0003925:3f524acc0967,3f524acc0967a121cab42ba493b27f771a52819077b45edf2dc0307e0c354b68,0.0450784862,if6_consensus_when_public_priors_concordant_with_d4
aayl49:0003926:0ec013764954,0ec0137649543812428ebe85e7d0bc022e86c820b8ea17d120ad7a20a47659c1,0.03811953962,if6_consensus_when_public_priors_concordant_with_d4
aayl49:0003927:17d71bbb042f,17d71bbb042f75c8df9b18497c971a1c88ed7d46f5604af132e11e690adad035,0.4753730595,if6_consensus_when_public_priors_concordant_with_d4
aayl49:0003928:50aeb7ab3552,50aeb7ab35526287a358bc36cb8d4f385863ee597288f0df1f894f9597f2f4fd,0.07515657693,if6_consensus_when_public_priors_concordant_with_d4
aayl49:0003929:173663960fe5,173663960fe526df74dfb91d8e8bdf6e1020f422251b94177828cf1b54bdc646,0.06185726449,if6_consensus_when_public_priors_concordant_with_d4
aayl49:0003930:e45f88b94382,e45f88b94382edc5ca84eeb299bf944f364848e280410596f5dbf861732dc771,0.6934972405,if6_consensus_when_public_priors_concordant_with_d4
aayl49:0003931:83f2319f34f9,83f2319f34f98eabaebc7bb557c31c48dfa5b657a0040ee2210d300c5c10849b,0.5546277165,if6_consensus_when_public_priors_concordant_with_d4
aayl49:0003932:9299e1aed1f9,9299e1aed1f9a888b89d2ccd6c45343ffe0fb0158681e20d99158cd54f24bffe,0.5644475222,if6_consensus_when_public_priors_concordant_with_d4
aayl49:0003933:c3c9d6aad6e7,c3c9d6aad6e7dd54c86c856ec411fb7b9b4e942b9b96012acc8c9521db298565,0.5247042179,if6_consensus_when_public_priors_concordant_with_d4
aayl49:0003934:273c8e056536,273c8e056536fd61a4de0f0a2b3efa97301fac5df7b5398c40aa5db6a59ffe68,0.5223072767,if6_consensus_when_public_priors_concordant_with_d4
aayl49:0003935:bd74a9d31acf,bd74a9d31acf336993047f0bc9a9955cf28940160a1f087102030faa665b9f66,0.117142193,if6_consensus_when_public_priors_concordant_with_d4
aayl49:0003936:be41e6955ddb,be41e6955ddb4366de0790b531ead9b24781b73870c5818262fdcce26bcc7c9d,0.2532281578,if6_consensus_when_public_priors_concordant_with_d4
aayl49:0003937:e84361f9133f,e84361f9133fae401569991ac31ed9ae9185f49e422e4b57709fade5eb22e715,0.4682594836,if6_consensus_when_public_priors_concordant_with_d4
aayl49:0003938:98f57c65749b,98f57c65749bc495a5155ed37b95e9a16bcf4f7539db2560a205e331b3763ed4,0.367973417,if6_consensus_when_public_priors_concordant_with_d4
aayl49:0003939:93a780164912,93a780164912c3f110502fa12a48bff98313a76f057a028aadccbb8cf4629851,0.289414674,if6_consensus_when_public_priors_concordant_with_d4
aayl49:0003940:9f995061b4d2,9f995061b4d20a07cb5ec20821fcf5719e9fcfd5e6bee8603a78e77690fbb52d,0.6018711925,if6_consensus_when_public_priors_concordant_with_d4
aayl49:0003941:6147c89fcc0e,6147c89fcc0ed6af9cd43553dfcb2b9c7b36e05835cb54aff297c5fe37fc536b,0.1271166652,if6_consensus_when_public_priors_concordant_with_d4
aayl49:0003942:017839640cf2,017839640cf2220ef6cfcc48d7d5fbff935fffd2b4350f35e82fbccff22f1534,0.1179927364,if6_consensus_when_public_priors_concordant_with_d4
aayl49:0003943:6935bc074fc5,6935bc074fc53e50f9c0cae5c0f8d42409f59888f9a91d2aa0376a69a48ee0e3,0.4613778591,if6_consensus_when_public_priors_concordant_with_d4
aayl49:0003944:ccfa19f57cc3,ccfa19f57cc351366a8a9315d54fb3815423c3479c8b630ddbc1d980ad4ec566,0.3243640363,if6_consensus_when_public_priors_concordant_with_d4
aayl49:0003945:52de9fa1e03c,52de9fa1e03c3afc66f8777644e9059a3ab135ec0be2497d3177b3a50719d033,0.8349184394,if6_consensus_when_public_priors_concordant_with_d4
aayl49:0003946:536da6613f7a,536da6613f7af1311115e9587cfb82da5f55efcc972290b90b05b66d4d59c2ee,0.5804530978,if6_consensus_when_public_priors_concordant_with_d4
aayl49:0003947:38e62807c79d,38e62807c79d1d182e5ab31111e28a390fef3ffe6bc6c5cdb32262cc90384f28,0.7255856991,if6_consensus_when_public_priors_concordant_with_d4
aayl49:0003948:da55404d3b2f,da55404d3b2fe5fc4b3a4b68531a7294c1cb216dc5c48b64757f34ccbea61686,0.1169102266,if6_consensus_when_public_priors_concordant_with_d4
aayl49:0003949:51a44517265e,51a44517265ea8fcf037180c493d848310c8213abfccfa8da72284426ad0beb2,0.1958555579,if6_consensus_when_public_priors_concordant_with_d4
aayl49:0003950:42e0634a7c12,42e0634a7c12b8b6df811a165f548f99d245d209c67d73d3a6e2c5fbcd250273,0.1142039821,if6_consensus_when_public_priors_concordant_with_d4
aayl49:0003951:842255d450d0,842255d450d01c298ad930aab048b5320e19e7f07919d15b0b16dcb89fd1300c,0.1714992672,if6_consensus_when_public_priors_concordant_with_d4
aayl49:0003952:d5c290d51851,d5c290d51851e08fa5b0ca31a6a4d1a3baa87a55601155c9c51f80823434e7ac,0.1288950741,if6_consensus_when_public_priors_concordant_with_d4
aayl49:0003953:503ebdd7c9f4,503ebdd7c9f44b028faddce23885ab283b17b9791dbe13d32add9feb2467d5d0,0.29544577,if6_consensus_when_public_priors_concordant_with_d4
aayl49:0003954:1a11c71c5d0e,1a11c71c5d0ea8488f4b51138afa158d0e357302be0c035a6397e1c5c3463b6a,0.006726977881,if6_consensus_when_public_priors_concordant_with_d4
aayl49:0003955:81b273045700,81b273045700f89cfb2cb4e9b2ec80e0ed2390fce2cd98acdbca3049527d54f1,0.03626381978,if6_consensus_when_public_priors_concordant_with_d4
aayl49:0003956:29cdcbc87780,29cdcbc877805d709f7bae3398eb58edf91f3679e2746b3ea05a2dce87e36cef,0.02087682672,if6_consensus_when_public_priors_concordant_with_d4
aayl49:0003957:0ffa1d4b0e9d,0ffa1d4b0e9daee1a5f3eb10cc686e3495b71f386a2fe70dc369eeb6e89b6433,0.07036263496,if6_consensus_when_public_priors_concordant_with_d4
aayl49:0003958:bd68e6075183,bd68e6075183e1b01f75bf54e8250ffce13557ebd0ec8870c151938bad38ddf2,0.06448619813,if6_consensus_when_public_priors_concordant_with_d4
aayl49:0003959:760e76d314c9,760e76d314c93c43cdff4e9ebb842b437184e1944981f9a8511b895348494955,0.03556792811,if6_consensus_when_public_priors_concordant_with_d4
aayl49:0003960:ac93ea10efc8,ac93ea10efc8452586ba463b29bdba45d8b8ea02d186ae3f762a3e70e1061194,0.08969303221,if6_consensus_when_public_priors_concordant_with_d4
aayl49:0003961:4c634b59dae0,4c634b59dae00deb1bcfe5f9e423bb6080b49baec34dbef67f789bf2e75250ca,0.1231732741,if6_consensus_when_public_priors_concordant_with_d4
aayl49:0003962:a9546860e37b,a9546860e37bbb699e362ca247a549088ed971d5b77159fa0ff3429b4d360271,0.2523003221,if6_consensus_when_public_priors_concordant_with_d4
aayl49:0003963:0a118c20295f,0a118c20295fbad69c930e809ef89f2d452f89b5919178d7f3e73e43753d0fd2,0.162375316,if6_consensus_when_public_priors_concordant_with_d4
aayl49:0003964:3e17aab0fe5a,3e17aab0fe5a99268939a58d06baa4001a1ca86d83468b56cd8985d048a738f7,0.1439727694,if6_consensus_when_public_priors_concordant_with_d4
aayl49:0003965:bdda5b393ccf,bdda5b393ccfc5aa6fa5d7953bc388d244e78424f10964ba85b29c36a510c40a,0.3827418387,if6_consensus_when_public_priors_concordant_with_d4
aayl49:0003966:88602554a256,88602554a2561d0c96215adc58fa62cbab2acddf1e7c8784824eb8baa0fb90d1,0.6653521657,if6_consensus_when_public_priors_concordant_with_d4
aayl49:0003967:a35ff9aae037,a35ff9aae037ddae0f27240d8811a14ad0788ca402fa801fe0cc61543992527c,0.7420552373,if6_consensus_when_public_priors_concordant_with_d4
aayl49:0003968:16054d42eb99,16054d42eb9952aad6e78281aa6125a68ed9fa3b2067cfb9c05b57cc42059389,0.5332869887,if6_consensus_when_public_priors_concordant_with_d4
aayl49:0003969:f6db2a720c7a,f6db2a720c7a478e7e84f86d9acf3d9b912505afd76905bdae6724ca64923ed4,0.2243872285,if6_consensus_when_public_priors_concordant_with_d4
aayl49:0003970:7b2d60e575da,7b2d60e575da6910a35237cb3eee482bc415f203b491a3dbef1a6c49814892c0,0.3034871817,if6_consensus_when_public_priors_concordant_with_d4
aayl49:0003971:f9e1e54794e0,f9e1e54794e0a83db184b8be71ec73bf8849cb07f841c906314cd727e88fbd03,0.3327147663,if6_consensus_when_public_priors_concordant_with_d4
aayl49:0003972:4a1be2d90a37,4a1be2d90a37ea0a4214eb505a11866918772377000893729347907867154fe5,0.4930797517,if6_consensus_when_public_priors_concordant_with_d4
aayl49:0003973:739115fe600f,739115fe600fba80dd51359563e396493c94b06db5b4cd76f0b7a967c56178bc,0.6696822047,if6_consensus_when_public_priors_concordant_with_d4
aayl49:0003974:2b648697d340,2b648697d3401355685be15c72cada100dfb2fed26826a0e57ec4555ba077428,0.3924070299,if6_consensus_when_public_priors_concordant_with_d4
aayl49:0003975:72100d88c628,72100d88c628c81cd3dbb408137623d83321a63c18033747d8b849d27885d81f,0.3525863886,if6_consensus_when_public_priors_concordant_with_d4
aayl49:0003976:da57a30c9197,da57a30c9197e7ec812a7ed0f34413d57511f3323541a33c7e3d74c852283499,0.3525864184,if6_consensus_when_public_priors_concordant_with_d4
aayl49:0003977:85a931216a07,85a931216a07d9b0852d51f4b90d2a63decb612582ecf7234318a893a2d025fc,0.4497022927,if6_consensus_when_public_priors_concordant_with_d4
aayl49:0003978:40a9a9904eb1,40a9a9904eb1b1b8706de7d316d92ce991c944db980fc56d5c112b6b18a064d7,0.3843655586,if6_consensus_when_public_priors_concordant_with_d4
aayl49:0003979:1c4953689d7b,1c4953689d7b2e7de2220d989122c28c7cef8a26cb3f2a610e1d418b86cf1896,0.9018015862,if6_consensus_when_public_priors_concordant_with_d4
aayl49:0003980:a99363ed8dcf,a99363ed8dcfde8d0dbc18199ff78e2562d250f0d724f6863a0195011baa682c,0.5950668454,if6_consensus_when_public_priors_concordant_with_d4
aayl49:0003981:ab7105f9d16f,ab7105f9d16f16a387b95cb1d1799fc3359ff77e7b7d805ff7f42984af99f5c2,0.327070266,if6_consensus_when_public_priors_concordant_with_d4
aayl49:0003982:847f4afd3bbc,847f4afd3bbc6e2b10f972bfcc3f5d7158c294b4141ab308f68d4a73df17bb61,0.2959869802,if6_consensus_when_public_priors_concordant_with_d4
aayl49:0003983:f02fac18e356,f02fac18e356451eca433b1cd703414ecf38a329a380a670f2c2945e692ce4df,0.4233356416,if6_consensus_when_public_priors_concordant_with_d4
aayl49:0003984:7d911105e27f,7d911105e27f1a9fe01480b0f352a5cefb1e691227a85266effd2be1a5565090,0.4910693467,if6_consensus_when_public_priors_concordant_with_d4
aayl49:0003985:fe7aba527b58,fe7aba527b584fc2c9b8cfe20f8860ecfa4543027919c05adcb9139fe90fbec4,0.5915101171,if6_consensus_when_public_priors_concordant_with_d4
aayl49:0003986:b2800ad883f1,b2800ad883f1e7c2b18bcc7732fd2393bea0778c94b5a2585a869ac06b688c6a,0.5393953323,if6_consensus_when_public_priors_concordant_with_d4
aayl49:0003987:e1c125311e79,e1c125311e79397bd7e372ce2ce16a12219c5756d263a9190bcb26dcbe8f701a,0.6520528793,if6_consensus_when_public_priors_concordant_with_d4
aayl49:0003988:428bc5d461cd,428bc5d461cd2b043e2e9542fc5abd3304bb7e171db8c0b6070137130dde9adb,0.866542995,if6_consensus_when_public_priors_concordant_with_d4
aayl49:0003989:c1983dd9980c,c1983dd9980c28180a3b2dde730e371816b4bdb2f72288131564a53a3a2274b1,0.9846903682,if6_consensus_when_public_priors_concordant_with_d4
aayl49:0003990:3888e6f772b7,3888e6f772b7e12aafede51e65a8423553174bab178cb735d386b243b7bb8e00,0.4608366191,if6_consensus_when_public_priors_concordant_with_d4
aayl49:0003991:ceea709d98f2,ceea709d98f259c271a85b8985a5b0b290d3e054fe14f8c0e8cf574df785d8ae,0.7882161736,if6_consensus_when_public_priors_concordant_with_d4
aayl49:0003992:87d30e1aaa42,87d30e1aaa425098f15cc0aecc0dedaa63ef124c7082bd65f0d194d6b5f1ef11,0.9004097581,if6_consensus_when_public_priors_concordant_with_d4
aayl49:0003993:7e922169ec3d,7e922169ec3d61aff7f0f8050daed0b47fa5d9f80ad7f010c4c87fd8f7474dd7,0.8210778236,if6_consensus_when_public_priors_concordant_with_d4
aayl49:0003994:dda279993152,dda2799931522026581ccff518fcf87f8cc6041123f98c70a68e699282a9444e,0.582850039,if6_consensus_when_public_priors_concordant_with_d4
aayl49:0003995:cea1d2771898,cea1d27718982cb675f48a28db575ed0dc28f165574ca5667e3bd1737db390dc,0.6294749379,if6_consensus_when_public_priors_concordant_with_d4
aayl49:0003996:1adc53e5f2a4,1adc53e5f2a4a25c2d08c89c52fe80d11f22e341b363856f38775083469e1178,0.5833913684,if6_consensus_when_public_priors_concordant_with_d4
aayl49:0003997:83ede40ba407,83ede40ba40799117dba2cb7e53529d1001f1dc7860a3e2c06d349cdaec8d7f8,0.5785973668,if6_consensus_when_public_priors_concordant_with_d4
aayl49:0003998:3e972d4ff5fc,3e972d4ff5fc3f9ca619737a85e8e066bbfd3235392fe48134797d0a5b8e03e5,0.7902265191,if6_consensus_when_public_priors_concordant_with_d4
aayl49:0003999:33ed9234eedd,33ed9234eedd0137211afe9f2eb89c7c6bc94d3e60fa8cf465d5af26b2c71cb4,0.918387115,if6_consensus_when_public_priors_concordant_with_d4
aayl49:0004000:e998ffb2faaf,e998ffb2faaf0ae2e24bc58ada3219007edc79cb5bd2395c606c153cce2705e5,0.9017242789,if6_consensus_when_public_priors_concordant_with_d4
aayl49:0004001:64df86b64760,64df86b64760a84f0de94f5dc95ebdbb1c577946d1d8a50e4a908783eac01a2a,0.5891131759,if6_consensus_when_public_priors_concordant_with_d4
aayl49:0004002:222c12aff2f3,222c12aff2f3df77aad17bedb5465cead2391e834038864c74a36fdc246741a2,0.8162839413,if6_consensus_when_public_priors_concordant_with_d4
aayl49:0004003:7fdf06a65070,7fdf06a65070f1ccb215e3f4ce6d4f97a0701a6d827fe95c7bc4669428effa81,0.7147606015,if6_consensus_when_public_priors_concordant_with_d4
aayl49:0004004:8c0b6fcae184,8c0b6fcae18435cbe8a8a505fffb8484d206cee8bc5f9185d48a578fe5f25039,0.7064872384,if6_consensus_when_public_priors_concordant_with_d4
aayl49:0004005:94c1d57fe3d0,94c1d57fe3d0240ceab1e7fd9597dc495e935c377feddcc4760f070281918b98,0.6420010924,if6_consensus_when_public_priors_concordant_with_d4
aayl49:0004006:20c3f00e0720,20c3f00e07205cb5252fca4f8610a25cbaea1de897481681ada1567a38d857ba,0.5712518692,if6_consensus_when_public_priors_concordant_with_d4
aayl49:0004007:f4742030d3be,f4742030d3be3f0ca8b3fee1bfa0ec9a32aae5d26866d8b3cf4d474dc893b095,0.8109486699,if6_consensus_when_public_priors_concordant_with_d4
aayl49:0004008:b038cbd87f90,b038cbd87f907786490d7bdec5192f477e1b94d236e603448205cde2b2e744c3,0.5540863872,if6_consensus_when_public_priors_concordant_with_d4
aayl49:0004009:974251efd587,974251efd587a9053e22e347023a9b0b623cdac83fc74bf4ed24b24be83d1ebc,0.7991185188,if6_consensus_when_public_priors_concordant_with_d4
aayl49:0004010:e6ccb790a2ce,e6ccb790a2ce402a086431746f80224eb5f0e36da9ece3173377bd0255965c7a,0.6563828588,if6_consensus_when_public_priors_concordant_with_d4
aayl49:0004011:89fcfd1af53e,89fcfd1af53e2dae368f731de42bb7cc571bb0aa76b3348d25502df8e648e4e5,0.7733704448,if6_consensus_when_public_priors_concordant_with_d4
aayl49:0004012:b9c107d379e8,b9c107d379e85c27cfa7a801e945da690cf0b7a1e45ce02c633a00ae2700e2b5,0.8397896886,if6_consensus_when_public_priors_concordant_with_d4
aayl49:0004013:902a31edde9d,902a31edde9dc382d99b204e343a62d260d6b67496074e93402f3c041467d0e3,0.9942008853,if6_consensus_when_public_priors_concordant_with_d4
aayl49:0004014:b3f6159ca113,b3f6159ca1139938dc1537e1bf02498ca71f7400ae7c344dbe1ad1f105b9dc7d,0.8965050578,if6_consensus_when_public_priors_concordant_with_d4
aayl49:0004015:b9a4b5962d14,b9a4b5962d14d15e56ae64dc16fd32b9b964af6d45185d9fde485b18beea33c9,0.7963349819,if6_consensus_when_public_priors_concordant_with_d4
aayl49:0004016:bbbb1a42fab2,bbbb1a42fab2c3fb7ca99a298fc463dcb35202646bb477a4b78d8031e6d26173,0.7482409477,if6_consensus_when_public_priors_concordant_with_d4
aayl49:0004017:cafa4a8a8a5b,cafa4a8a8a5b132266cdd6144ba641c02ed995a002cc17e9481e8535cf671352,0.7921595573,if6_consensus_when_public_priors_concordant_with_d4
aayl49:0004018:dff933bf0c9b,dff933bf0c9be17612e5b592fb1ab8a47653f2f4fe7bee204f6169bcf8ca050b,0.630866766,if6_consensus_when_public_priors_concordant_with_d4
aayl49:0004019:3e8f98d89467,3e8f98d89467f08b56ec254872b3431118e265dc8f5e780066756e9d35b89fd7,0.7756127715,if6_consensus_when_public_priors_concordant_with_d4
aayl49:0004020:7cbb5dab81f9,7cbb5dab81f90fddcc5798acc7df1c8c15f2a661de3be2fa46780b0433e7e467,0.40748474,if6_consensus_when_public_priors_concordant_with_d4
aayl49:0004021:5fd562079c0a,5fd562079c0a6414b174d33f9eeb29d669bd34ee4b15b3943743997fe7440adc,0.6513569951,if6_consensus_when_public_priors_concordant_with_d4
aayl49:0004022:9da2f431e490,9da2f431e490cafb419ed97a92ea6be0ddc2eb82092cb9af34d8cfc3d56f8b05,0.6916415691,if6_consensus_when_public_priors_concordant_with_d4
aayl49:0004023:4026560fdabd,4026560fdabdce30904f1f73c2db702f6b9704c0d6e640cf9f2520183530d0ff,0.9105389118,if6_consensus_when_public_priors_concordant_with_d4
aayl49:0004024:90b9b0a99097,90b9b0a990972604e5d4e44a44ebdc85162b9d721f47ea54ba4c7f78ba727614,0.8085517883,if6_consensus_when_public_priors_concordant_with_d4
aayl49:0004025:001e1b6fb23b,001e1b6fb23b036cc6cc6a4561810c6c6b8391e53b1476af8e7c8c10d3d47df2,0.8386299014,if6_consensus_when_public_priors_concordant_with_d4
aayl49:0004026:31a058bb023c,31a058bb023c372cfd2c0c7b5006356f80cc51c911cc39f02c8cd0f697efd1be,0.4283615649,if6_consensus_when_public_priors_concordant_with_d4
aayl49:0004027:090eccbe5532,090eccbe5532662b0200b3d171799f8fd560f7f646c143ecca3c06daa54c566e,0.8786824346,if6_consensus_when_public_priors_concordant_with_d4
aayl49:0004028:6ee2d7bec765,6ee2d7bec76516029984fec939f93408cf83e3d4c9e3e03f4da8062b8d181227,0.8203046322,if6_consensus_when_public_priors_concordant_with_d4
aayl49:0004029:3cad56442886,3cad56442886752b12d26a8f9f2c673de1704456ec84363a47e324c60f4530d6,0.8624448776,if6_consensus_when_public_priors_concordant_with_d4
aayl49:0004030:e69b20a2af2f,e69b20a2af2f856222d20ef0f8b1a3b9bf9b8dd663afdd5483c76c14c4fee051,0.7807933688,if6_consensus_when_public_priors_concordant_with_d4
aayl49:0004031:415c0173ef30,415c0173ef304952656560d52a6ef2a2aa585825bb7ec4de856b992e3ee2a8b2,0.8490682244,if6_consensus_when_public_priors_concordant_with_d4
aayl49:0004032:efe95a847ae0,efe95a847ae021f05a35618d2540f83673ae20faab2bc08c46e9c91d0790f20d,0.7978040576,if6_consensus_when_public_priors_concordant_with_d4
aayl49:0004033:5949163c2a55,5949163c2a55d2c5866737f62af97601f25886e8bbc182bae1ebc272d4917a2a,0.3863759339,if6_consensus_when_public_priors_concordant_with_d4
aayl49:0004034:9b75b1220f83,9b75b1220f833fa561396f8da8db39d37be6f99172009f776b1d8442f15c1891,0.6590118408,if6_consensus_when_public_priors_concordant_with_d4
aayl49:0004035:ef0350cd71f9,ef0350cd71f955c9dfe24a776c692ce436e399972d93cf3388055c3370b02f52,0.8707956672,if6_consensus_when_public_priors_concordant_with_d4
aayl49:0004036:42e347999491,42e34799949108330f414163cb93f44e09cd385a21ca38124ccfc0c6b73d4835,0.4895229042,if6_consensus_when_public_priors_concordant_with_d4
aayl49:0004037:6dce891480ca,6dce891480ca10849d049b0598f30712e6aca82083ea134da51b4046f9c56e4a,0.9260805249,if6_consensus_when_public_priors_concordant_with_d4
aayl49:0004038:365f01553e01,365f01553e014cfd05e5fcc5936aa2ef15707b18018d6f36e0b1018d41a3a578,0.9455656409,if6_consensus_when_public_priors_concordant_with_d4
aayl49:0004039:67c25b11a9a6,67c25b11a9a60728eda5302ca17e9a4f4c5ee49848e0331b289948e93ed8e56a,0.7772365212,if6_consensus_when_public_priors_concordant_with_d4
aayl49:0004040:156ea95e1757,156ea95e17575b60b6b715fca9da41376fbe6e92368b569dee25159d85867d4c,0.6999149323,if6_consensus_when_public_priors_concordant_with_d4
aayl49:0004041:01f0354cd47e,01f0354cd47e26d475a86a231e1da9f9748ae61fed39b368475b20a8e69fb03a,0.33665815,if6_consensus_when_public_priors_concordant_with_d4
aayl49:0004042:5af05a14c0fc,5af05a14c0fc5c83ca4f51bd8c77d65cf27d046a553e3803add3b02932690514,0.6870796084,if6_consensus_when_public_priors_concordant_with_d4
aayl49:0004043:bf9b319e50d3,bf9b319e50d3132161b6a7e9edb2c61cc681e896877bf914ccc3eec562e474f5,0.7090389132,if6_consensus_when_public_priors_concordant_with_d4
aayl49:0004044:965ddce1e9b3,965ddce1e9b3d46be23bd269419f17254d0c5679bec9682822427880452a5e91,0.5444212556,if6_consensus_when_public_priors_concordant_with_d4
aayl49:0004045:d37e9e52f778,d37e9e52f778f47ea081390e59c68ca32394f9ca1e3959ed345cb6748b961c1e,0.8182169795,if6_consensus_when_public_priors_concordant_with_d4
aayl49:0004046:166617185f4d,166617185f4d3c23c4ffdf69abe02749fb90d6fc176d620d40d4f9c304cf0704,0.8990179896,if6_consensus_when_public_priors_concordant_with_d4
aayl49:0004047:3857f623b815,3857f623b815bb1a610d9d7ff043d7e43868c56fddf0642428344d131e7c2a96,0.8994819522,if6_consensus_when_public_priors_concordant_with_d4
aayl49:0004048:87097c4df711,87097c4df71192d0a5d431eef4038cac67da302de6b6884164d13ab4e117e4fc,0.7706642151,if6_consensus_when_public_priors_concordant_with_d4
aayl49:0004049:6ca53af96c7d,6ca53af96c7d4bf7cf8cd54b157297062aa759cf4ed1592c313b8d25a19e5356,0.9693033099,if6_consensus_when_public_priors_concordant_with_d4
aayl49:0004050:c137bb417567,c137bb417567d3233ca95058db1329dc2fab1d5e993f8c8adaa5ec1871c3400c,0.673625648,if6_consensus_when_public_priors_concordant_with_d4
aayl49:0004051:08490c0dc52b,08490c0dc52b54f93a18e145b6bec8289b952dd51666e1589cc519a8fbf73115,0.3496481478,if6_consensus_when_public_priors_concordant_with_d4
aayl49:0004052:f762ad9f1418,f762ad9f14186b5e43cfb5edaa3a69f7a715d8a42f027fd374e4b82a292e0a25,0.1907523423,if6_consensus_when_public_priors_concordant_with_d4
aayl49:0004053:994fd2ce8339,994fd2ce83396507d1d40c313f91081d8561df54ad37e68c42a895477c9d97e3,0.6582385898,if6_consensus_when_public_priors_concordant_with_d4
aayl49:0004054:5f8ab3e734c7,5f8ab3e734c7520a37193b15a31f20be4223b1d9cd62d049484040a8fc9f805c,0.5857883096,if6_consensus_when_public_priors_concordant_with_d4
aayl49:0004055:7edf84b978db,7edf84b978db375b83f38b0bd8e7fb1f179907d970b1c586c37a0ed16f5df464,0.410577625,if6_consensus_when_public_priors_concordant_with_d4
aayl49:0004056:12465e30f42a,12465e30f42a1fb042009659d0ae1d1332324e707d2247c4541b36c6cfefbb1d,0.4333101213,if6_consensus_when_public_priors_concordant_with_d4
aayl49:0004057:0c63d0bf0a37,0c63d0bf0a3754b8bff9ed038e1fb7f542a16d0471904522550bf195803f7419,0.3377406597,if6_consensus_when_public_priors_concordant_with_d4
aayl49:0004058:bbb90a77efe7,bbb90a77efe75ab186e4f1bc4cebd82ab640ed871ec2c07b9ebb422d9cd5476f,0.685301125,if6_consensus_when_public_priors_concordant_with_d4
aayl49:0004059:5624799dbb73,5624799dbb73c2e969a8f7e4800deda3acced65e5f3a86799a1804293376c6f1,0.9406943321,if6_consensus_when_public_priors_concordant_with_d4
aayl49:0004060:c2be80a9cd76,c2be80a9cd76f35fbb4d9add8dc7f0d3549e2e7e9f565a6eb088c6339374f37a,0.5837779045,if6_consensus_when_public_priors_concordant_with_d4
aayl49:0004061:4d7428f23e21,4d7428f23e216a27c021b6255cf7efeb53c50ab139c4e128f0d522a80545476a,0.3976648748,if6_consensus_when_public_priors_concordant_with_d4
aayl49:0004062:6f9a86e366ac,6f9a86e366ac4b90d1b35e35cf5a7f2f640d90d4c69d701ebf2403b729d62d45,0.105157353,if6_consensus_when_public_priors_concordant_with_d4
aayl49:0004063:fd5507195aff,fd5507195affc47cd8237489764f7aabc080c62e28654ad77c5c54ad7dea70f9,0.6658934951,if6_consensus_when_public_priors_concordant_with_d4
aayl49:0004064:d076d5fd5e73,d076d5fd5e732cfa14690f69c7e5cb735548b18d0abf6e9fb3c052b666806a31,0.4824866354,if6_consensus_when_public_priors_concordant_with_d4
aayl49:0004065:4fc627b3acf6,4fc627b3acf6be2863f6fe0514b74c2ce3b5f25c0e407ee1a96993d774e2a85f,0.706332624,if6_consensus_when_public_priors_concordant_with_d4
aayl49:0004066:0ce73dbdb4ab,0ce73dbdb4abcbb8fa3f2f6a48d61d1ef600b1fe0e89306db03a56cca2cb1d8b,0.7533441186,if6_consensus_when_public_priors_concordant_with_d4
aayl49:0004067:61f481a32bbd,61f481a32bbd4cb22c2cacf939dcda6b339256cef8027789b3a0bd951ca5a5e8,0.7453801036,if6_consensus_when_public_priors_concordant_with_d4
aayl49:0004068:516985dc4964,516985dc49645fc9415ea0ba70cbf81a92c98ef9bd3ea86398af209ce3294639,0.3556792736,if6_consensus_when_public_priors_concordant_with_d4
aayl49:0004069:634efc2c24ae,634efc2c24aefcd3304d14a5a5c8cc7f6a0080388b8b838033704fa3659ffc66,0.6112270951,if6_consensus_when_public_priors_concordant_with_d4
aayl49:0004070:a859d745ea2f,a859d745ea2f84f2341064bd7f9ce9bfc4ccd72b3005b1dc3c22c95703b8b1a8,0.305574894,if6_consensus_when_public_priors_concordant_with_d4
aayl49:0004071:f23c804cca9a,f23c804cca9adec8de9f1a15431eb9c1a8aeae327efa8b3e7033a9d1e440c529,0.3043377399,if6_consensus_when_public_priors_concordant_with_d4
aayl49:0004072:a5bcba777705,a5bcba7777057960ed52a572ca167b17fdfd9b8c145daefca0c95a10430a6750,0.7854326367,if6_consensus_when_public_priors_concordant_with_d4
aayl49:0004073:187686de8c41,187686de8c41e66177adf281ea18610df1b5a7ba5d3990a348d93d336bca3dc4,0.668677032,if6_consensus_when_public_priors_concordant_with_d4
aayl49:0004074:fe353d9b141a,fe353d9b141a0f981d4a8348b8624faf81f131128c654bf2fb1c5c3073b3bd38,0.7305343151,if6_consensus_when_public_priors_concordant_with_d4
aayl49:0004075:a30fa35735af,a30fa35735af6d6e451ee874e0b7c619d34dda7715906f90d44cf8b0b386258b,0.2950591445,if6_consensus_when_public_priors_concordant_with_d4
aayl49:0004076:784510fd5043,784510fd5043830df1836cabd6ec57af2d5c9c4e3e9667fbc13f9cf39d9e0bae,0.37570557,if6_consensus_when_public_priors_concordant_with_d4
aayl49:0004077:8cfd86b6e093,8cfd86b6e0935b1f98bcac27c77cdad396175a891a0fd2cec91f9ffedf20e05f,0.2916570008,if6_consensus_when_public_priors_concordant_with_d4
aayl49:0004078:42539a536e9e,42539a536e9e9b4d86b5e0c17353960479fe194650477de7811836802ce57f71,0.2826876938,if6_consensus_when_public_priors_concordant_with_d4
aayl49:0004079:84b029c63ace,84b029c63ace7c2292be7748048a638581158f0e2df3f49bab929744183a78d2,0.1438954622,if6_consensus_when_public_priors_concordant_with_d4
aayl49:0004080:de41de07d783,de41de07d783cbaa303eabab06cc98e42d9ad906148765569bbc50a0c2788082,0.2019639611,if6_consensus_when_public_priors_concordant_with_d4
aayl49:0004081:b2d000fa5918,b2d000fa5918e645035a5dcabd97d3a0d63d17efeba3cb98dbc6b711e63a5db0,0.1743601561,if6_consensus_when_public_priors_concordant_with_d4
aayl49:0004082:05f1a31d4587,05f1a31d4587c1627ebeb2131f45c8b71c2f2730e30f5dab39b10103a5eca4ba,0.2444908172,if6_consensus_when_public_priors_concordant_with_d4
aayl49:0004083:3d0a804085e4,3d0a804085e4547e6480cb8daacb98c48d793f6343ed56cbeecd8c003c273842,0.3267610073,if6_consensus_when_public_priors_concordant_with_d4
aayl49:0004084:23d7193d0643,23d7193d0643c62774343ea659ae83161f381bbaec195987d902114f4f77676b,0.03069666587,if6_consensus_when_public_priors_concordant_with_d4
aayl49:0004085:902a81d038e1,902a81d038e10a7ae7b6efd540c2eef1e6372019331e055b5a067100f9963abf,0.369055897,if6_consensus_when_public_priors_concordant_with_d4
aayl49:0004086:bcfa1453becc,bcfa1453becce1fb2c4884ca019b43fb505e8a8a048d43c66f8f1d68e24f056c,0.794015348,if6_consensus_when_public_priors_concordant_with_d4
aayl49:0004087:df858d5f5be8,df858d5f5be8b7aca6527724a7f72a2488a7ab974e550dfffb0510e63e3ee531,0.3275341988,if6_consensus_when_public_priors_concordant_with_d4
aayl49:0004088:a86af27a85ba,a86af27a85ba5ff5777d5ce8ece6e54a9d05d27291a8364e9c00b4c012dcd505,0.3604731858,if6_consensus_when_public_priors_concordant_with_d4
aayl49:0004089:b61f2af2e656,b61f2af2e656eca6dfeba5fbeb8035ed90a0f89a4bb4982951140344733207ed,0.2686151564,if6_consensus_when_public_priors_concordant_with_d4
aayl49:0004090:eecb4238b6fd,eecb4238b6fd16f9f732a28cbed8cedceaea975f867bd93a57c594413cdd7825,0.7474676967,if6_consensus_when_public_priors_concordant_with_d4
aayl49:0004091:766835b135c9,766835b135c9316579eab5383ab5e63659b2e9b94171cb1041be9f52bb07dd4a,0.603417635,if6_consensus_when_public_priors_concordant_with_d4
aayl49:0004092:2270155f14df,2270155f14dff7f6c1dbe8f2444f9ebb888370b3b31a470ca74647adcfadd2ca,0.5974638462,if6_consensus_when_public_priors_concordant_with_d4
aayl49:0004093:5f7abb815d92,5f7abb815d924b692e27aef9e7d40ed5fec55adde5f6c8b17b2659375e20df33,0.8169798255,if6_consensus_when_public_priors_concordant_with_d4
aayl49:0004094:5132ec069936,5132ec0699361fb3fabc7b8dcef928179555f4b8ac21e5f0f7cd9e737aaf72fe,0.3852933943,if6_consensus_when_public_priors_concordant_with_d4
aayl49:0004095:d4e39a2ab4fe,d4e39a2ab4fe5b7faea0beaf7627fe26a91a343fb53db47abcaeb5ce24baa9df,0.2686924934,if6_consensus_when_public_priors_concordant_with_d4
aayl49:0004096:293998ccf8ff,293998ccf8ff4dc3f110929764cc461d788d3d6cfc3cdd1c50ae24b2c2432564,0.9287868142,if6_consensus_when_public_priors_concordant_with_d4
aayl49:0004097:530be6771c75,530be6771c75849dbfdadc0d8ce732c28046273395e8e88cf467eaefdfc46b46,0.6511250138,if6_consensus_when_public_priors_concordant_with_d4
aayl49:0004098:878f36107552,878f361075529386e12043aaa50c7bde8b4b5d8648c064c301ce1a43207fa86d,0.9781953692,if6_consensus_when_public_priors_concordant_with_d4
aayl49:0004099:ce3ccae3f843,ce3ccae3f8430b30951dfd0bbe0c97ef16bada6bb47f3f091a1ad1a885f11478,0.4417382181,if6_consensus_when_public_priors_concordant_with_d4
aayl49:0004100:cc555c04c9d6,cc555c04c9d613f3f5729fcd4e713bba0e1f27a17ef189c135471db765e73918,0.5339055061,if6_consensus_when_public_priors_concordant_with_d4
aayl49:0004101:0834143efd99,0834143efd999216386414c4751d1077e65bf993fe749738d76a121f3ff9d5a6,0.7545039654,if6_consensus_when_public_priors_concordant_with_d4
aayl49:0004102:a0a0e8c4379e,a0a0e8c4379e42078cb8d535ad2d76fa6ccf6ca70d71a40fe1178accc4ee0cfd,0.6310987473,if6_consensus_when_public_priors_concordant_with_d4
aayl49:0004103:46f0b3332fb6,46f0b3332fb6d958a787e7e564bf3e4fa6f1d1d657fa19a2e4356b3ae1b955d3,0.6077476144,if6_consensus_when_public_priors_concordant_with_d4
aayl49:0004104:920e861ac1c2,920e861ac1c2c932b1bd6b676dcf974380504835a90a3f42e89eeb76cc021df6,0.2331245691,if6_consensus_when_public_priors_concordant_with_d4
aayl49:0004105:10270aa16c36,10270aa16c3608c0d33a58d8bbe40f5171d2d218de80b2a99b9f63e109bcef6b,0.8319802284,if6_consensus_when_public_priors_concordant_with_d4
aayl49:0004106:526a55c35eb0,526a55c35eb03ea37de27df3941a06760740de24f67e34bd143fc55d6cc42f8c,0.67115134,if6_consensus_when_public_priors_concordant_with_d4
aayl49:0004107:8af3bd2ddf12,8af3bd2ddf129508e0177d09f8f5c9fdfbbbcb05b384313baebcb4996156ec9e,0.5812262893,if6_consensus_when_public_priors_concordant_with_d4
aayl49:0004108:b25e08a18586,b25e08a1858651f48dc58630403c199ab004fdbde258d3ba8e3b5ab40e726e27,0.246810481,if6_consensus_when_public_priors_concordant_with_d4
aayl49:0004109:0f889272b5dd,0f889272b5dda504e93f25533d483803c8d997ed6eb96d80decb719690980fec,0.663728416,if6_consensus_when_public_priors_concordant_with_d4
aayl49:0004110:2758bbe0ab98,2758bbe0ab98be66ceb943f27e840b09b7284ae2a37123cc1109c00d343d2a18,0.40748474,if6_consensus_when_public_priors_concordant_with_d4
aayl49:0004111:9b2734fabbae,9b2734fabbaef7ef56f046fe467e7695897cdcafe38f877401b391248533e086,0.08211552352,if6_consensus_when_public_priors_concordant_with_d4
aayl49:0004112:7fbfe1ea7aea,7fbfe1ea7aeab1c7c01c29e46c7ddd0e28733f7806863551d39926b69b75dcfc,0.4946261644,if6_consensus_when_public_priors_concordant_with_d4
aayl49:0004113:790d433a112c,790d433a112c0301c9c11c8f4f01f7d6989917e03cfa18c27e471cafcbf5048f,0.7596845627,if6_consensus_when_public_priors_concordant_with_d4
aayl49:0004114:9f9048c3b22c,9f9048c3b22c3d75fa12b32b00eaf6b123edfd529cb8efad40f053bc97104eea,0.6080569029,if6_consensus_when_public_priors_concordant_with_d4
aayl49:0004115:a023fcffc129,a023fcffc12971c4960f25aada14042c3068701a47263f055484fe34b7cec937,0.804608345,if6_consensus_when_public_priors_concordant_with_d4
aayl49:0004116:aafd7cc11b3f,aafd7cc11b3fc1188437cd7d462999b0af4d6e52822f84cb573ba4f8a3212c96,0.6450939775,if6_consensus_when_public_priors_concordant_with_d4
aayl49:0004117:ce0c89a5a3ea,ce0c89a5a3ea1cdcdf0f6369071d9d210331280ef6780a001fe4bcfffe507189,0.2317327708,if6_consensus_when_public_priors_concordant_with_d4
aayl49:0004118:53a47f05f6fe,53a47f05f6fe986891163e56caec9d348bf866e8cc96c1af2e5a4ebd0808352f,0.3799582422,if6_consensus_when_public_priors_concordant_with_d4
aayl49:0004119:b6b25f487874,b6b25f487874430e971835714bb057a3eacdfe5c741e9de33c524b6c0409d170,0.7263588905,if6_consensus_when_public_priors_concordant_with_d4
aayl49:0004120:5b1356d98abb,5b1356d98abb71fbcba8386aae4cca48fce63b5addfab98b3e2a02c61c6e0ad4,0.8186809421,if6_consensus_when_public_priors_concordant_with_d4
aayl49:0004121:8574548e9e97,8574548e9e97d0f153c32b2aed2596087527d242817157285682213e228be7a6,0.4236449301,if6_consensus_when_public_priors_concordant_with_d4
aayl49:0004122:b933b1abf93f,b933b1abf93fa23878da26e0e179c781801c1aa656fefdffe51f6be6e18edfb0,0.9043532014,if6_consensus_when_public_priors_concordant_with_d4
aayl49:0004123:e2edbf9aae32,e2edbf9aae3250ec1ce59a53e7e6e0881c25277b856460c4264f7c3b5bc2c65c,0.897548914,if6_consensus_when_public_priors_concordant_with_d4
aayl49:0004124:ec0dae79c4ff,ec0dae79c4ff6936a00e0ecd6cb0beb8514115be4cca28aed2b067c1d59020f1,0.786128521,if6_consensus_when_public_priors_concordant_with_d4
aayl49:0004125:7a7b55425716,7a7b55425716d69b83bbf725a8e9fb8563cf29b877f9a7c0760688dce5245e86,0.450011611,if6_consensus_when_public_priors_concordant_with_d4
aayl49:0004126:dd661ef00b56,dd661ef00b56a06acddfc112dc693aaa3ad59964cc7496575c6ee7c05597bb1f,0.9362096786,if6_consensus_when_public_priors_concordant_with_d4
aayl49:0004127:284331b21f6a,284331b21f6acf472d6f94fc392a7454220f0deaeddeb1a62d9b630c44df5e6f,0.2864764631,if6_consensus_when_public_priors_concordant_with_d4
aayl49:0004128:805d4eae28dd,805d4eae28dd03619da34df5dca884212f58663f11bff0089ac0faad7ffb3d48,0.4277429581,if6_consensus_when_public_priors_concordant_with_d4
aayl49:0004129:059ec0e8ce9e,059ec0e8ce9ea1277c1c6efab6c6b26ff16335afd54d5c891517b8021d2202aa,0.5885718465,if6_consensus_when_public_priors_concordant_with_d4
aayl49:0004130:0943e74fca5b,0943e74fca5bbb164f34d3e323f586172a5a0883e19bd55a00174c3429bbabe6,0.6522848606,if6_consensus_when_public_priors_concordant_with_d4
aayl49:0004131:24b5f6a8d5a3,24b5f6a8d5a341dc389aaaa8d5e0bf282456ca5276a591e32745842e8250b175,0.6253769398,if6_consensus_when_public_priors_concordant_with_d4
aayl49:0004132:be03233d5647,be03233d564710169168bbaa0645d487acfd0c15c752ce7be65566cf7f15da56,0.5538544655,if6_consensus_when_public_priors_concordant_with_d4
aayl49:0004133:78e25f2f386d,78e25f2f386dd6ac452c580a0e3a251e1b7e9db7991826b9e56bffdf901f8d7f,0.5376169086,if6_consensus_when_public_priors_concordant_with_d4
aayl49:0004134:b95882a3ebf0,b95882a3ebf043e0a562e8732e12f4364d5b5560112694d8114105ddca4650cd,0.4791618288,if6_consensus_when_public_priors_concordant_with_d4
aayl49:0004135:249571e0e8e7,249571e0e8e70ea6ae7a005a4569a4e462fc573df2e9afd7a73dcb3969062718,0.4021495283,if6_consensus_when_public_priors_concordant_with_d4
aayl49:0004136:1248ccd3bfe5,1248ccd3bfe5cd1e57ae046f7a7caea202468b11088af1289e425d40abb7aea0,0.376942724,if6_consensus_when_public_priors_concordant_with_d4
aayl49:0004137:be2e4708ad0c,be2e4708ad0c1e3a2781bbd52cfd9515632f44d98e56b186e35567c568746354,0.7492461205,if6_consensus_when_public_priors_concordant_with_d4
aayl49:0004138:24c7e9878a22,24c7e9878a220ef31a0d61f3cae58ee31d0b2890a40b002f3766ecc2edee12fc,0.6008660197,if6_consensus_when_public_priors_concordant_with_d4
aayl49:0004139:e2f39bd39813,e2f39bd3981344cfd98c38dbe16d54b9721a069fdc5c044bc504a11d5f9ee3f7,0.1357766986,if6_consensus_when_public_priors_concordant_with_d4
aayl49:0004140:2f6d85f57a4c,2f6d85f57a4cabe4e7a8684504a22b4485ad751f1805adfd6fbf5e9ee830277b,0.1996443272,if6_consensus_when_public_priors_concordant_with_d4
aayl49:0004141:7b30d42ffc54,7b30d42ffc5449b3b1841f4162af569a06642239882c289248cb9858623d4759,0.375086993,if6_consensus_when_public_priors_concordant_with_d4
aayl49:0004142:f5ea60d46df0,f5ea60d46df0899b433183c4c283113a5150518e42991abad645de7362cc3de2,0.5486739278,if6_consensus_when_public_priors_concordant_with_d4
aayl49:0004143:aa004855c619,aa004855c6195e6a57d75571956c1a1403ba4ced59ead2aa7fad8589ce102951,0.1936132461,if6_consensus_when_public_priors_concordant_with_d4
aayl49:0004144:dc9debb046c9,dc9debb046c9ae909479180107d920c7144e0b4b9f5bd4c6cf9625eee137f6c8,0.7751488686,if6_consensus_when_public_priors_concordant_with_d4
aayl49:0004145:a6a9180dc314,a6a9180dc314a7d1aab11e0535246c41d7c444face54b702aa5cfd5262fc0d51,0.8281914592,if6_consensus_when_public_priors_concordant_with_d4
aayl49:0004146:a34a63d62904,a34a63d62904e4474c56908a9bf207a0358b848d4609e3ea2c72db375e21735c,0.7702002525,if6_consensus_when_public_priors_concordant_with_d4
aayl49:0004147:a8906326d1e4,a8906326d1e4e5c2009bf8ad9bba794675c97b6a9f0cec641e3cb09fb6e36882,0.9087605476,if6_consensus_when_public_priors_concordant_with_d4
aayl49:0004148:ec5c7ae57207,ec5c7ae5720728b91aebf9b80f2180921edf5ee6ebc6e41c1fa754b46f04ec04,0.2870177031,if6_consensus_when_public_priors_concordant_with_d4
aayl49:0004149:40cec524d18a,40cec524d18a7f574bcaf531455573300806eac54571ec7440f610eb9e9cbf1f,0.4257326126,if6_consensus_when_public_priors_concordant_with_d4
aayl49:0004150:ea3392fedc73,ea3392fedc7302bbcdd3228248871f9a8e9da2b8f81ce164fc23d162f9d582e7,0.7991958261,if6_consensus_when_public_priors_concordant_with_d4
aayl49:0004151:289c437ef544,289c437ef5447517f0f19d121c7369b84391d0702a3c76406c05bc243bff9b99,0.8699451089,if6_consensus_when_public_priors_concordant_with_d4
aayl49:0004152:dded524c8dc9,dded524c8dc90a70d14d5e658fd139d8ebb58f56b46c6e1e9ce307338755c1d9,0.8786051273,if6_consensus_when_public_priors_concordant_with_d4
aayl49:0004153:4a7b07241c5f,4a7b07241c5fb79f38e1667c0cb15c4c2638cdde17eaf6b651d108edf2f968a1,0.4599087536,if6_consensus_when_public_priors_concordant_with_d4
aayl49:0004154:7619365201f0,7619365201f0a6d6ea2d1745179bdb25d61a7bd91a79ec6b1530794f1af1e7b9,0.6835227609,if6_consensus_when_public_priors_concordant_with_d4
aayl49:0004155:84a35ea40234,84a35ea40234eff6553d6eb1e75390cde0f0b9165bd18ce5b0fe57a7848f2806,0.5823861957,if6_consensus_when_public_priors_concordant_with_d4
aayl49:0004156:fb8ffa26957f,fb8ffa26957fe0cd614991ba5d8e6b89b1e05f3893877c0f835b94bdeac48741,0.8116446137,if6_consensus_when_public_priors_concordant_with_d4
aayl49:0004157:971cb6484261,971cb64842618ffe0db0c58292be76a4c912e96cbc6cc2ae4813155f2858cc81,0.8695585132,if6_consensus_when_public_priors_concordant_with_d4
aayl49:0004158:5f9b9a6ff063,5f9b9a6ff063049d84faa1b6e765b8162f7b8b36ffcccca6e8597f22394710ef,0.9508234859,if6_consensus_when_public_priors_concordant_with_d4
aayl49:0004159:80a9ce3cfe42,80a9ce3cfe4223a052e3151374fac3c87193e1330d2c69fbd2a8ea5a3c18d7da,0.8755123019,if6_consensus_when_public_priors_concordant_with_d4
aayl49:0004160:b0b39d38705d,b0b39d38705d948b97b6ba63e99b6fd4cce267ed1187f8fd5f2352adbbf82170,0.5426428914,if6_consensus_when_public_priors_concordant_with_d4
aayl49:0004161:5e4bf5b2fa7e,5e4bf5b2fa7e7d60a9e6bafadfe69107c106ee321468d813ea18d75e3e4e586e,0.4643160999,if6_consensus_when_public_priors_concordant_with_d4
aayl49:0004162:e744ada950a2,e744ada950a27b80434ac2a1afbc026ac03fda3c99c285eb890544c6d8e128ad,0.6259955168,if6_consensus_when_public_priors_concordant_with_d4
aayl49:0004163:4c2af450d647,4c2af450d647edd920b92182bf4072d7b7f1fb5b198627fc381409966289080a,0.4852702618,if6_consensus_when_public_priors_concordant_with_d4
aayl49:0004164:147e4e301522,147e4e30152206aca97cbda53ebb3ae002cdec30d562288a40ae9a5cba7e8459,0.4841104448,if6_consensus_when_public_priors_concordant_with_d4
aayl49:0004165:7d409e326505,7d409e32650522b3ef117e4d6651e11a9232e273dee510ac64c20d81486ea010,0.8709502816,if6_consensus_when_public_priors_concordant_with_d4
aayl49:0004166:746287e9f923,746287e9f923270163625c6e4a3a7914a5e086989a19c1200b27ee68700453e2,0.9310291409,if6_consensus_when_public_priors_concordant_with_d4
aayl49:0004167:e866f8f7a443,e866f8f7a44368cf27960ccfa9db48a395d30d15257986b26b9ddbe4ce222ad0,0.9660558105,if6_consensus_when_public_priors_concordant_with_d4
aayl49:0004168:f28470472768,f2847047276823440f98974385c142da864f18a92bbdddc8c92beee85591e23c,0.9041212201,if6_consensus_when_public_priors_concordant_with_d4
aayl49:0004169:ca2186827857,ca2186827857c018faf1bbb63f49760a5c057f86ba331bbab7af00852ae6d261,0.7572102547,if6_consensus_when_public_priors_concordant_with_d4
aayl49:0004170:cc9b1b1d022f,cc9b1b1d022fa6d05915e8e2ee429da4bd9645e8783b74756815d8f378be4ae5,0.8772132993,if6_consensus_when_public_priors_concordant_with_d4
aayl49:0004171:36c9ec9a9e69,36c9ec9a9e69f9026155a9551b538d38798ddf6dcbcee71d72e5881aff8da347,0.5686228871,if6_consensus_when_public_priors_concordant_with_d4
aayl49:0004172:c0b7d26f42a9,c0b7d26f42a98a858d324cb3ddd58cb959aa32d654b539d9e7a31a3e05ff909d,0.4972550869,if6_consensus_when_public_priors_concordant_with_d4
aayl49:0004173:ca3b8f7a4401,ca3b8f7a4401e97855282e925f71271b88d2daeeb85213e833de110a78b052f6,0.6973633766,if6_consensus_when_public_priors_concordant_with_d4
aayl49:0004174:59998d0f8ce3,59998d0f8ce3a928349431ccca296e94a7612be608e18bab64fb93ad4dd8d009,0.2059073895,if6_consensus_when_public_priors_concordant_with_d4
aayl49:0004175:81f1772ccc68,81f1772ccc686bd5963c6aad85c5ccd0eb8484844452b212d211d4793a52d295,0.4107322395,if6_consensus_when_public_priors_concordant_with_d4
aayl49:0004176:d4faf64f5ab8,d4faf64f5ab84f3606ff868a40904c9245ea074851d6d15cadd57fb0cd54bccf,0.7613856196,if6_consensus_when_public_priors_concordant_with_d4
aayl49:0004177:86503ed11d84,86503ed11d8480034b463e8f7ba7ce35c9f95d0464f6539de6533343ec5b3006,0.4959405959,if6_consensus_when_public_priors_concordant_with_d4
aayl49:0004178:5d839dd5415b,5d839dd5415bed3997c04313792e28fda9aa797127eceaef6eb2507aa8cf9e8f,0.3487203121,if6_consensus_when_public_priors_concordant_with_d4
aayl49:0004179:d4ea94bcaff8,d4ea94bcaff849a78fda3078ea1808af8bd694eeb4ff3d5550b7838beca7a2dd,0.850769341,if6_consensus_when_public_priors_concordant_with_d4
aayl49:0004180:9448dd9d5739,9448dd9d57390f3c8879bfe98e3b64e0387e583c24691346d9540214029e6f94,0.9376015067,if6_consensus_when_public_priors_concordant_with_d4
aayl49:0004181:d7ca51c6767f,d7ca51c6767f752eeb1a8b22f44fcc7afe4f91190afa36d838d38818b380a3a9,0.7931647301,if6_consensus_when_public_priors_concordant_with_d4
aayl49:0004182:d440f0a7041e,d440f0a7041ee1b562b7f023c96d4100f96e719015c2725c2e90cf8d4a8aa383,0.8803061843,if6_consensus_when_public_priors_concordant_with_d4
aayl49:0004183:8815e9daeadc,8815e9daeadccd9b2caf3dd0b3b976ddb24221c2c9febca8c73be8de6ba6d7cc,0.6810485721,if6_consensus_when_public_priors_concordant_with_d4
aayl49:0004184:c7a44faa1133,c7a44faa11333d45f7875dd0aa299b08da6505fe70fdbebe5898ea588e99d450,0.962189734,if6_consensus_when_public_priors_concordant_with_d4
aayl49:0004185:ef498d289ac1,ef498d289ac16bae105e2641adad9bf43ab162e17e8b21d80d3b79510e178227,0.6244490743,if6_consensus_when_public_priors_concordant_with_d4
aayl49:0004186:987ff073b647,987ff073b64791a055fb81660b2711397250848758164b4ec8c47dd0ac537ec8,0.2816825211,if6_consensus_when_public_priors_concordant_with_d4
aayl49:0004187:3e37b5221cc0,3e37b5221cc0b5fdc5736698c034ed85a9700e96f26771c8a32334e20215e111,0.6130828261,if6_consensus_when_public_priors_concordant_with_d4
aayl49:0004188:30c628c150e2,30c628c150e2b80885ed918c50eec1ffaf0c8036429d3bfc289223646af12ef1,0.7026212215,if6_consensus_when_public_priors_concordant_with_d4
aayl49:0004189:440d19d39928,440d19d399284d6d167c8f87bf98644b4e01afa98658c266686ffaf51553346f,0.7378798127,if6_consensus_when_public_priors_concordant_with_d4
aayl49:0004190:afa132378f08,afa132378f0843d475c21dd4ed9bc081c5ed5d376b2593b97500b93a357b578d,0.9483492374,if6_consensus_when_public_priors_concordant_with_d4
aayl49:0004191:be7f06aa3e0c,be7f06aa3e0cce72d2bd79c808249068f562df7e7f5b648f38e3f1007b6f1e4f,0.6307894588,if6_consensus_when_public_priors_concordant_with_d4
aayl49:0004192:bac98cf0b553,bac98cf0b5535866ffd8f87c5cbb9c3d54ee8fcac5c2e5884734487bcab46877,0.5069202781,if6_consensus_when_public_priors_concordant_with_d4
aayl49:0004193:515b54e47bbb,515b54e47bbb1341666f1511349bd45b45ff847ee2369e9c0a16a2a38c5f70de,0.8959251046,if6_consensus_when_public_priors_concordant_with_d4
aayl49:0004194:9717d9fc12db,9717d9fc12dbcea00befe716e64639b498797c161ab52bc478e878e63b0ca08c,0.478079319,if6_consensus_when_public_priors_concordant_with_d4
aayl49:0004195:72290abddc8d,72290abddc8dc218cf747e57ed35594540dbe5daa756522e11571254e12b6c64,0.6018711925,if6_consensus_when_public_priors_concordant_with_d4
aayl49:0004196:c77530dde28a,c77530dde28a9c32c139628165ef0cfb7c75e9953c908245389d4900ebc52ad6,0.5808396935,if6_consensus_when_public_priors_concordant_with_d4
aayl49:0004197:2be890a94e0a,2be890a94e0a87c64f6802f01600153b65a29f1dbc40ed1d0ef8aa72bd0e9ef9,0.6487280726,if6_consensus_when_public_priors_concordant_with_d4
aayl49:0004198:3fa79ce3957b,3fa79ce3957be26e85b67204eb7fd9ca66e1ceedb699aa93815d31f802c531b3,0.8448929191,if6_consensus_when_public_priors_concordant_with_d4
aayl49:0004199:a4fd53fe5658,a4fd53fe56583ee0157e4d192ab963fe18be1cc5b943d3e2ecd785c30b420b89,0.8714914918,if6_consensus_when_public_priors_concordant_with_d4
aayl49:0004200:dade27184361,dade2718436148063c2c9fcddd0fc9817542c83876bde63585ac652d722ee15c,0.4446763992,if6_consensus_when_public_priors_concordant_with_d4
aayl49:0004201:1c2ac09b0f69,1c2ac09b0f69c1beb4d5490c7cc9b892dbd1856d06e56553d21139820cc77ce0,0.8362329006,if6_consensus_when_public_priors_concordant_with_d4
aayl49:0004202:1f820309cdad,1f820309cdad0bd5168e2061889fdb6856958b036f0ef63c5e6c51586ff1300e,0.2545426488,if6_consensus_when_public_priors_concordant_with_d4
aayl49:0004203:7c0361862dde,7c0361862dded28313bd4f8f1177d79995574c10a5d9d5dc3c592fa43e0c5aed,0.347019285,if6_consensus_when_public_priors_concordant_with_d4
aayl49:0004204:352961cf5406,352961cf54062ed89b1402692eca71737f95d0b6caf9553e5408293108eb3f5f,0.2805227041,if6_consensus_when_public_priors_concordant_with_d4
aayl49:0004205:fb8ae2ddb426,fb8ae2ddb4261eb236e125fd6339591e76853caa528766e0f65f687fa95dba2b,0.8124178052,if6_consensus_when_public_priors_concordant_with_d4
aayl49:0004206:370b28eb5b93,370b28eb5b93bb18a01419801c37a5e9bc5bb707f236859fd5f3140420781f14,0.7401221395,if6_consensus_when_public_priors_concordant_with_d4
aayl49:0004207:a7a21f060295,a7a21f060295fe326cb4deac95ff51444016b587be9e6996d107b0e76f3434d0,0.5696280599,if6_consensus_when_public_priors_concordant_with_d4
aayl49:0004208:dce3476021fc,dce3476021fc0f8ae1060a193ea103716535625c5c92aa31c8e3eb8b75474502,0.886259973,if6_consensus_when_public_priors_concordant_with_d4
aayl49:0004209:5aadb5460f42,5aadb5460f426cb28bfb0e3a65cd3c31f3c527e0167dce7bc571eebf711bc682,0.8397123814,if6_consensus_when_public_priors_concordant_with_d4
aayl49:0004210:4b653cd8723c,4b653cd8723cdda78ff06e37f09d88d2e8a8b35de104cd818b3b8df52beda188,0.8705636859,if6_consensus_when_public_priors_concordant_with_d4
aayl49:0004211:5ab0b47cb3b3,5ab0b47cb3b37b36fb0f7a186b3617b3435afbc43094dbd44ea090724d779091,0.6999149323,if6_consensus_when_public_priors_concordant_with_d4
aayl49:0004212:79094b35d855,79094b35d855f57f166c9c2ea2fa438837f97cc9ebb9403db331659c5f5f39c7,0.8705636859,if6_consensus_when_public_priors_concordant_with_d4
aayl49:0004213:81b1ee9de8b2,81b1ee9de8b2ece34423e3e1a189dbf7c25baf29d523e7b94beb8c41f2a5cbf8,0.7380344868,if6_consensus_when_public_priors_concordant_with_d4
aayl49:0004214:0b0934026983,0b0934026983f2214fd2f22d5dd6afcd6200bebc4e0fb9bb59a272d517fad08c,0.4631562531,if6_consensus_when_public_priors_concordant_with_d4
aayl49:0004215:96018d1f0b44,96018d1f0b44b570021abb9a443751f6f4c531475ffac539b3add0e8cb817a89,0.5819995403,if6_consensus_when_public_priors_concordant_with_d4
aayl49:0004216:a4e934d0ec6a,a4e934d0ec6a4f704c69a6d24ed745b3a57b9abfecab3a6536293b50995348a6,0.5151936412,if6_consensus_when_public_priors_concordant_with_d4
aayl49:0004217:e3562715466c,e3562715466ca6a8a29260618d12bc030c661587e864d7b417379dd791922648,0.9062089324,if6_consensus_when_public_priors_concordant_with_d4
aayl49:0004218:fe6332aaa2e2,fe6332aaa2e224d011b195851440a37af47245b94af8535f6f3b864f8355b6b9,0.7709735036,if6_consensus_when_public_priors_concordant_with_d4
aayl49:0004219:5e10911c33fb,5e10911c33fb74b8e83dd54afe2422affb89d218c004fd161f3e6620a05f876a,0.9253847003,if6_consensus_when_public_priors_concordant_with_d4
aayl49:0004220:eb0a2022f2a0,eb0a2022f2a02ffd84922db55f5aec3126e2e2601de7bd4ce0bbeed29ee5f8ff,0.682826817,if6_consensus_when_public_priors_concordant_with_d4
aayl49:0004221:b5016a648e62,b5016a648e62e7c9a14e4716a503ea8d783519b7d47cb4f7d157787e86a709e2,0.8322894573,if6_consensus_when_public_priors_concordant_with_d4
aayl49:0004222:68232450462a,68232450462aca5791683686f8743f0eb0ea529a1ae0a1c944bab24d3e2bb072,0.9125492573,if6_consensus_when_public_priors_concordant_with_d4
aayl49:0004223:175d7c0e1a22,175d7c0e1a22e695c8e3503e545a32dff79d25450321b123341c466db69a516a,0.6142426133,if6_consensus_when_public_priors_concordant_with_d4
aayl49:0004224:379731d4ad0c,379731d4ad0c96f43155670736784ed825b9e985541395ae4cbcf2c199bbfa1c,0.5823860765,if6_consensus_when_public_priors_concordant_with_d4
aayl49:0004225:410b4fe342a4,410b4fe342a4de4c8179bb303ded5e25c74ecebf934adaa0de70e733c2ba4103,0.2261656076,if6_consensus_when_public_priors_concordant_with_d4
aayl49:0004226:993a8236a709,993a8236a7092036e8874e8dfa62101c2ee6430c695be4f1fb5e729cc32c8bfb,0.3341839015,if6_consensus_when_public_priors_concordant_with_d4
aayl49:0004227:2db694a38b04,2db694a38b04272f20c68fcf9bac1e8aef2fb1ac0d254b68891b51c9a98ff585,0.4640068114,if6_consensus_when_public_priors_concordant_with_d4
aayl49:0004228:af3d163e9475,af3d163e94756b115216811fff792db52472d0c85940b6dc1ce6cc80b4d0476a,0.3798809052,if6_consensus_when_public_priors_concordant_with_d4
aayl49:0004229:c6b2feecbbd0,c6b2feecbbd06b1b2c7cfd919da8626ebd8963417a48e1e08d01cc4f30c63a46,0.3280754685,if6_consensus_when_public_priors_concordant_with_d4
aayl49:0004230:39d04cf12852,39d04cf12852a55da63ab95e4c20c6cb3d46008b21c429fc03348964e0f4d39b,0.7818758488,if6_consensus_when_public_priors_concordant_with_d4
aayl49:0004231:236693927ae3,236693927ae316e310b8b739f1c196592cb394c07b9ce0852eb50a9e0d0d58b7,0.4932343662,if6_consensus_when_public_priors_concordant_with_d4
aayl49:0004232:97b5c5a8a0bd,97b5c5a8a0bd40123229899409d9f582a82a4515fcae5d4963f6c53f8851e415,0.4009897411,if6_consensus_when_public_priors_concordant_with_d4
aayl49:0004233:c56a1de78542,c56a1de785429ecb7aebe39cd79cce35e860149fac7ebca8a9d2c2ae5b84268c,0.7452254295,if6_consensus_when_public_priors_concordant_with_d4
aayl49:0004234:0a859239e63f,0a859239e63fb06bfaa1ed2a2e5c09a22a80665f2796eec6d1068dfa45bc0143,0.2782803774,if6_consensus_when_public_priors_concordant_with_d4
aayl49:0004235:5334ab20a8bc,5334ab20a8bce4294da423d2f049ea94354c5aa83ec7eeec33db9ffd94993984,0.4412742555,if6_consensus_when_public_priors_concordant_with_d4
aayl49:0004236:7be2590c62ce,7be2590c62ce2a04daa5af54ef5849078dd35e3f6a849b16c2dec373a6327b59,0.4886724055,if6_consensus_when_public_priors_concordant_with_d4
aayl49:0004237:4b922de1b2ac,4b922de1b2ac7f344896c2cac54cecac95e0d078d271fbadce62103e8ba6acdd,0.7047088742,if6_consensus_when_public_priors_concordant_with_d4
aayl49:0004238:9b4e662c3eb3,9b4e662c3eb3e1833d8f2642f56db506b920ba80a83e7857ca1d330c17b6527f,0.5758138299,if6_consensus_when_public_priors_concordant_with_d4
aayl49:0004239:6266bd3613b9,6266bd3613b9c805b457bd2e9b7ce07c4244284e80647d15e73ed8780bee5fdd,0.4618417919,if6_consensus_when_public_priors_concordant_with_d4
aayl49:0004240:637a533df8c4,637a533df8c4e54058cc6c13ff01fc57f09da028e553954837686aae906595e8,0.6428515911,if6_consensus_when_public_priors_concordant_with_d4
aayl49:0004241:370409a84c1d,370409a84c1d4853204953240f118244e28fb0f4126da54f67dddf130616cfdd,0.2936673462,if6_consensus_when_public_priors_concordant_with_d4
aayl49:0004242:b646754c9a72,b646754c9a725a8c5433c7a67ecd2e123974caa758eac0e905bb6ae308011a0e,0.7759993672,if6_consensus_when_public_priors_concordant_with_d4
aayl49:0004243:987ac41b497f,987ac41b497f1cf1d5c3a51d90b0ee045baa865a43a9f5d39939bf2d7ad3345d,0.766798079,if6_consensus_when_public_priors_concordant_with_d4
aayl49:0004244:422b00c6a090,422b00c6a090baa46d9b12d3cfb3c42f01ed95bb8d1d6b7782b7437f72bf8b0a,0.7089615464,if6_consensus_when_public_priors_concordant_with_d4
aayl49:0004245:121fcf0330b7,121fcf0330b72b0b3fb4effd908238c21e7be9abac336eb03be5550b114fd1df,0.8230882287,if6_consensus_when_public_priors_concordant_with_d4
aayl49:0004246:4654ce9562ad,4654ce9562ad2d863c0fac59b40b8d36de1922c3e46c0d934537061f87e3b114,0.595685482,if6_consensus_when_public_priors_concordant_with_d4
aayl49:0004247:e61674bd2fb6,e61674bd2fb6e34970cfc063991d668a0881587da895063cbe68f66095ba139c,0.8277275562,if6_consensus_when_public_priors_concordant_with_d4
aayl49:0004248:a4cab200ff1a,a4cab200ff1a960e8dc34d4cf8c1470d24c31865ce3595dc41004b830e98bbf4,0.7479316592,if6_consensus_when_public_priors_concordant_with_d4
aayl49:0004249:4a4d3f27a9be,4a4d3f27a9be88c8d7e04fb7a64d6c340c608da43f680e7644bcf93da10b035a,0.5779015422,if6_consensus_when_public_priors_concordant_with_d4
aayl49:0004250:2be32201a1d9,2be32201a1d9c77a3252681da6fd378267012d2c6457bdc6a7f0350094de6e65,0.8247119784,if6_consensus_when_public_priors_concordant_with_d4
aayl49:0004251:38692cf3b130,38692cf3b1305ca68fd0f6a3ab4dd482ca27783fc6e676ad1ddf457a87600222,0.8997912407,if6_consensus_when_public_priors_concordant_with_d4
aayl49:0004252:9e9a657e9197,9e9a657e9197f0e4e19f26f693db468a0c2da3762ee1a3f1a510c6498caf01f0,0.9184257388,if6_consensus_when_public_priors_concordant_with_d4
aayl49:0004253:72114ada2f40,72114ada2f40c936ab4cffcb1ec66b7b81b3d484f59b8db0a3757d71abf74130,0.965901196,if6_consensus_when_public_priors_concordant_with_d4
aayl49:0004254:5243c1de716d,5243c1de716d615f14973ea0606fb6a0e0246902ed7856ffb9ff08a6cd85bd51,0.8292739391,if6_consensus_when_public_priors_concordant_with_d4
aayl49:0004255:490b4404576e,490b4404576e9aa03dc6a9ed5470e7d7fd79dd5a01b96e89f0eb30762fbb4854,0.9232196808,if6_consensus_when_public_priors_concordant_with_d4
aayl49:0004256:690801af6bc0,690801af6bc053694a440046f1c1b4ef547dfedb82d52a8d54593f30710db250,0.8441970348,if6_consensus_when_public_priors_concordant_with_d4
aayl49:0004257:b979a11cdc01,b979a11cdc01f90ad2b36ad3e0e39ac4facaf0482dfb1d0e87b4ef88aa4d9353,0.5380035639,if6_consensus_when_public_priors_concordant_with_d4
aayl49:0004258:110a547a1ed3,110a547a1ed3ce125c0c1810f2e5f69d583640db84514c0c28d2f1158d366744,0.2135622054,if6_consensus_when_public_priors_concordant_with_d4
aayl49:0004259:955ba8e34b76,955ba8e34b763e5cea81c7e26be3e070489f8f16895ac81444db8eb49caccc6c,0.564524889,if6_consensus_when_public_priors_concordant_with_d4
aayl49:0004260:c2fad1de2d49,c2fad1de2d496444504a1823042b692ea52ec80a758358886f527b5a1950ee3a,0.6911002994,if6_consensus_when_public_priors_concordant_with_d4
aayl49:0004261:3f0390123831,3f039012383112ccc4101a9984db6ca8f1b1e88d3877ca90eb4e11b47ddb23fc,0.6856877804,if6_consensus_when_public_priors_concordant_with_d4
aayl49:0004262:a8d1235240b8,a8d1235240b8cf827c62db19b13c63386a34ffd1e0fc7ec181bc24a508a1ad8f,0.7597618103,if6_consensus_when_public_priors_concordant_with_d4
aayl49:0004263:b61ad4e7bfc6,b61ad4e7bfc62fd24b95b421a381f115b73d86fd559565d8a52d8d82519c56e3,0.4090311527,if6_consensus_when_public_priors_concordant_with_d4
aayl49:0004264:ebdba04d81e2,ebdba04d81e2d1106e9da15eb9c1b732786ca0c74d2bbe168b36eaabaa607fd1,0.8963117599,if6_consensus_when_public_priors_concordant_with_d4
aayl49:0004265:395ebc435be8,395ebc435be8bb183e23de07e3e5d68f357933020c8e4e9249322d73710cde84,0.6665506959,if6_consensus_when_public_priors_concordant_with_d4
aayl49:0004266:2d494168ea5e,2d494168ea5e04516c56eefdfc2590f276ba80d511df12892d8054d381a989c1,0.4437485635,if6_consensus_when_public_priors_concordant_with_d4
aayl49:0004267:17a3ad83fdf9,17a3ad83fdf9a074c0af02e4ec255f8e0e0daa796b5cfce36341cd1699dee8de,0.5825408101,if6_consensus_when_public_priors_concordant_with_d4
aayl49:0004268:87e1c0ab8b58,87e1c0ab8b58b4c26ffb9d340b144e1582e89af204208a630180d4be2cf5bdc3,0.9439418316,if6_consensus_when_public_priors_concordant_with_d4
aayl49:0004269:8545e8ebf3c0,8545e8ebf3c01931306ba38ddcefe08201c232b2b96ea50edf1dc9d69c39c871,0.6179540753,if6_consensus_when_public_priors_concordant_with_d4
aayl49:0004270:d01dbc4f0d60,d01dbc4f0d609475fc5487e80adb57b12f98b61564572c4184dc981d289a825c,0.4974870682,if6_consensus_when_public_priors_concordant_with_d4
aayl49:0004271:69cd4aa90097,69cd4aa900975c04e506ae905db5ee627dada599450fc9a98900aed7041e3666,0.6558416486,if6_consensus_when_public_priors_concordant_with_d4
aayl49:0004272:0424cda81c6b,0424cda81c6b065b759af2f9bd446fc8fee616af79acfc836f6943b9514b611d,0.5600401759,if6_consensus_when_public_priors_concordant_with_d4
aayl49:0004273:bbd06fda83d3,bbd06fda83d397b74ca3c4d9cc5ccc0545083f6f6a1d8ce68bfbddab51bddd8a,0.7538080812,if6_consensus_when_public_priors_concordant_with_d4
aayl49:0004274:d01e375addb0,d01e375addb095a9808d2876485df5bd659675ecc77c086778e8b80c9efb1031,0.8796103001,if6_consensus_when_public_priors_concordant_with_d4
aayl49:0004275:a0e220aa0853,a0e220aa0853cbb7273633c553afbb10b64d9e8f5815e69476ff81260d4e0a54,0.2153405994,if6_consensus_when_public_priors_concordant_with_d4
aayl49:0004276:ac0b55e23c86,ac0b55e23c865ee8f14b8e05ccb0cb3736d5c03787e5ef86778bb8ba0f25f195,0.6579293609,if6_consensus_when_public_priors_concordant_with_d4
aayl49:0004277:2c49885facd8,2c49885facd8aab338216e599b9084bf468eadcd03565017286fba24c930789e,0.8199180961,if6_consensus_when_public_priors_concordant_with_d4
aayl49:0004278:692b5f9538ad,692b5f9538addef29e74232e239cab07c1386258c80614999ee32cccdc950943,0.7088842392,if6_consensus_when_public_priors_concordant_with_d4
aayl49:0004279:f5c6b9a46b6c,f5c6b9a46b6cc01bcacf62f300d1182a18e54738a54aa30d63405d4f046d7f27,0.6805071831,if6_consensus_when_public_priors_concordant_with_d4
aayl49:0004280:86235cfd1cf3,86235cfd1cf3e72714d00f888a15ebf90b20c63a0a34e12ccb56760607bf3b3e,0.4898321927,if6_consensus_when_public_priors_concordant_with_d4
aayl49:0004281:f45361aaa214,f45361aaa21483891f702f3a1ae681c82cfde7adf75991c18a4848e4f95923f8,0.1882780343,if6_consensus_when_public_priors_concordant_with_d4
aayl49:0004282:1ef659d5ec4e,1ef659d5ec4e70fae9d8cb17c11886a4f8a58b4f902431938294d70742b7601c,0.26420784,if6_consensus_when_public_priors_concordant_with_d4
aayl49:0004283:fd972a434805,fd972a43480554032bb90914631e383c671faa98627850425bb08334524f5531,0.3600092828,if6_consensus_when_public_priors_concordant_with_d4
aayl49:0004284:eaf939850dee,eaf939850dee07c33d565c73f70b484483b4d75bb12cbe78fb55d1abc5d72387,0.2757287621,if6_consensus_when_public_priors_concordant_with_d4
aayl49:0004285:26b071533c8a,26b071533c8a424e1075f23e73eebdde96a6b36a09625d617ec973adcfa270c1,0.7700455785,if6_consensus_when_public_priors_concordant_with_d4
aayl49:0004286:b85e99cde35e,b85e99cde35ef832f05129b859cc0de4f5ffaf85f669b1509ee797207c319c02,0.9246113896,if6_consensus_when_public_priors_concordant_with_d4
aayl49:0004287:7b4c4a9aa871,7b4c4a9aa871c691bf4d8475f9cb808e8bb0aa54b1df0aa109c685fa7b08c5ff,0.9515966773,if6_consensus_when_public_priors_concordant_with_d4
aayl49:0004288:9fb13b8edb7d,9fb13b8edb7d6e48d3ff7094fb927b07c6e69108051ab09c6bbff14f2c1d176d,0.6005566716,if6_consensus_when_public_priors_concordant_with_d4
aayl49:0004289:5fe41ad74016,5fe41ad74016fb5f616c12c8d7b347bb7172153de1117a9f0c36f1f8be6b8947,0.1895151883,if6_consensus_when_public_priors_concordant_with_d4
aayl49:0004290:071a01d7e8bc,071a01d7e8bc8e63bc159db6d442a4bbb359001556ac0e01ae80f7b09dde1727,0.5306580067,if6_consensus_when_public_priors_concordant_with_d4
aayl49:0004291:ce89780236b4,ce89780236b47d9cc208c812d63e67f330ca0243c7556af4054f5ba947a24629,0.7019252777,if6_consensus_when_public_priors_concordant_with_d4
aayl49:0004292:3e1461521ef6,3e1461521ef6890c4c8cb30205876e69c565d929b05ffac71bf869ac2ccfcdbf,0.620505631,if6_consensus_when_public_priors_concordant_with_d4
aayl49:0004293:e8d8edf37d94,e8d8edf37d940bf0471b0bcab20ed9f4fd69039b1f69d269c888f4a7fcdaad8c,0.8085517883,if6_consensus_when_public_priors_concordant_with_d4
aayl49:0004294:64fc8df0a0c0,64fc8df0a0c0a608db6d3500a87a32230c0da30887d92aa3722e6816069de735,0.906054318,if6_consensus_when_public_priors_concordant_with_d4
aayl49:0004295:3df953d26f67,3df953d26f6779ed6317b4979521e03c11010d67e00fa9fd63ae2c6255baa74c,0.5894997716,if6_consensus_when_public_priors_concordant_with_d4
aayl49:0004296:58972363bb96,58972363bb96da0a55a2ec83940e39f6a61a29789926f8f54d5785632f3aa4bf,0.2647490799,if6_consensus_when_public_priors_concordant_with_d4
aayl49:0004297:4a329cc0bdf9,4a329cc0bdf955f311bc42cf0314a1f96ed50d9294526eed9f532d38ad269f13,0.220521152,if6_consensus_when_public_priors_concordant_with_d4
aayl49:0004298:08a791078089,08a7910780896b9531e6dbf83a4c9a08e28b7b6acc2d3b172194bb72b609242d,0.2403927892,if6_consensus_when_public_priors_concordant_with_d4
aayl49:0004299:e0d66c4b69d1,e0d66c4b69d1b6df0330c7ea3020c894b490d7266f4b408cf1796696e31a6575,0.2610376477,if6_consensus_when_public_priors_concordant_with_d4
aayl49:0004300:803f4d005750,803f4d005750d5461842763a6a6d616cae06ef155819bbf791467d03c22ed67f,0.3854480982,if6_consensus_when_public_priors_concordant_with_d4
aayl49:0004301:675f725cbd99,675f725cbd99e35d9616d3ed3cdaa3b70cdd2ef493a0c5cc660b4bd5064805d6,0.6065878272,if6_consensus_when_public_priors_concordant_with_d4
aayl49:0004302:e8c0dc1c0021,e8c0dc1c00217c97af3a9a3a2087a97dd3b4e03e6c393e14e8d7821aeabbfc92,0.6766411662,if6_consensus_when_public_priors_concordant_with_d4
aayl49:0004303:3e8883cf57b3,3e8883cf57b33e8beb0f1bed4d05330b5e2cd2bbc8386fbdb9ebd1f49cb51b11,0.5355292559,if6_consensus_when_public_priors_concordant_with_d4
aayl49:0004304:63a5596f26d6,63a5596f26d6eb151b4f2015e52c6e916915e18085557e4dbfe38d03c9b4e97e,0.519446373,if6_consensus_when_public_priors_concordant_with_d4
aayl49:0004305:cdc98b175d8b,cdc98b175d8b576fb3e986096f1254519759c6afbb313e4bb3e68f95299b3411,0.4310677946,if6_consensus_when_public_priors_concordant_with_d4
aayl49:0004306:78fb792bc52e,78fb792bc52e66699e8c780ed4c59a86841fcd79034975aacd42021affe14002,0.792778194,if6_consensus_when_public_priors_concordant_with_d4
aayl49:0004307:9b2fa260d31c,9b2fa260d31c8b5edf7fefc62d77824c81ab73ac9360abfc96f785a0288a5364,0.4630789459,if6_consensus_when_public_priors_concordant_with_d4
aayl49:0004308:f405ca6c008c,f405ca6c008c94a572f50045869bc557822e52ab38f4f7f270a6bbbf19114f99,0.449393034,if6_consensus_when_public_priors_concordant_with_d4
aayl49:0004309:1bf45fae0c0c,1bf45fae0c0ce5e71574f628aa1867a448c3f832f0fea26efede2a17f57a5332,0.5366891026,if6_consensus_when_public_priors_concordant_with_d4
aayl49:0004310:4bc5477b0dc9,4bc5477b0dc932c7a2063d75057daf08959a1c01a1e50df8b0a1d92b68e187d8,0.2458826303,if6_consensus_when_public_priors_concordant_with_d4
aayl49:0004311:c016b72d8e6d,c016b72d8e6da21a03f03e740ef3b8cf57f2fc0f856cbac8041282a3b360d0bd,0.2710121572,if6_consensus_when_public_priors_concordant_with_d4
