row_id,sequence_sha256,log-likelihood,d4_par1_if10_policy
g6_LC:0000000:e8c0d9fec17b,e8c0d9fec17b1c720a9cbf688d4024a438dbfb8d2e7413d9c2137e8517592309,0.5080311298,if6_consensus_when_public_stable_and_legacy_neutral
g6_LC:0000001:3e128e0bed12,3e128e0bed12302f1e486165d7021fea94620ad714473d237fa47e535ea325fd,0.3381354511,if6_consensus_when_public_stable_and_legacy_neutral
g6_LC:0000002:5a61b74393c4,5a61b74393c48c717795f9d96db2c4c736076d62fcbe15584263b59a5028e8f0,0.3280344307,if6_consensus_when_public_stable_and_legacy_neutral
g6_LC:0000003:e08afc95261e,e08afc95261ebaff73ffc58275f72c320047cb21bf77d6eaaf40983e75562a7d,0.3445934951,if6_consensus_when_public_stable_and_legacy_neutral
g6_LC:0000004:b3966e6ad857,b3966e6ad857fa516b30c5c3f04afa14114883acc4b8def05b242b68b9de17e3,0.4833581448,if6_consensus_when_public_stable_and_legacy_neutral
g6_LC:0000005:56da7dcc6257,56da7dcc62579158827bff12548771d3075c06739538e1804052897732ecd952,0.4611690938,if6_consensus_when_public_stable_and_legacy_neutral
g6_LC:0000006:3c81407e4213,3c81407e42133b05de8b8ca9c8b05277c7d7a246ef27b348a959f93acc66131b,0.3727438152,if6_consensus_when_public_stable_and_legacy_neutral
g6_LC:0000007:74fd511fda94,74fd511fda94df5068c963f1c21f5e3f966a86a589640add4ca49f5bb402919b,0.4861731827,if6_consensus_when_public_stable_and_legacy_neutral
g6_LC:0000008:ee799fb9afac,ee799fb9afacf2f52993a68e399b6255f6dd7a94b16e1ba3a311f7aece5754b8,0.9080973268,if6_consensus_when_public_stable_and_legacy_neutral
g6_LC:0000009:630e77c7eaac,630e77c7eaacbd26484066f32a1f4cb6affcdab19d03f15cc5b332811a3c0784,0.8049345613,if6_consensus_when_public_stable_and_legacy_neutral
g6_LC:0000010:a1349cafc31d,a1349cafc31d6bba3ea5d08a78d67eaa1f30ce2b3544e76ddbae651387d0b1be,0.5454545617,if6_consensus_when_public_stable_and_legacy_neutral
g6_LC:0000011:fd7e9a9aad1d,fd7e9a9aad1d099d8d1029b04e3cbab2e90267ae6cf7a56120c671396745a6e5,0.7486338615,if6_consensus_when_public_stable_and_legacy_neutral
g6_LC:0000012:efda27049df6,efda27049df6521d7706228dbc4ae80535190bf66feb266ce79dfcc08254c6d5,0.4921344519,if6_consensus_when_public_stable_and_legacy_neutral
g6_LC:0000013:8643d5babbcc,8643d5babbcc897ead915ca46bb98c2c17702217edd8c22e832be4310e7613e2,0.5166417956,if6_consensus_when_public_stable_and_legacy_neutral
g6_LC:0000014:7f9c064e379a,7f9c064e379adc220d2807303b05e56902eacac9f6a364492bd86942ca01c1c3,0.4321908057,if6_consensus_when_public_stable_and_legacy_neutral
g6_LC:0000015:2c57a95166d5,2c57a95166d5d27521a3196428c8dae537a50bb0be0315e71fdf5768a759ba4d,0.6029143929,if6_consensus_when_public_stable_and_legacy_neutral
g6_LC:0000016:ae2cc2a63454,ae2cc2a63454231de1de2b653bcd6a4c2b267e51f0aa715aacb29e8f36ee95dd,0.8464977741,if6_consensus_when_public_stable_and_legacy_neutral
g6_LC:0000017:bd7e3652d5a8,bd7e3652d5a83be75bfef92e9c6065ce3a4f5659b30d5e17b975c83384c73c57,0.3199205101,if6_consensus_when_public_stable_and_legacy_neutral
g6_LC:0000018:783999108cca,783999108cca9458ba9a85ba6e1b4a702a34759d01a4b186893f6a1cb4128dba,0.4523927867,if6_consensus_when_public_stable_and_legacy_neutral
g6_LC:0000019:19a5a57f48bd,19a5a57f48bd1823260b3bc855ce2fd7bc25d59ab91ebe036ce8d4a161eabf79,0.8405365348,if6_consensus_when_public_stable_and_legacy_neutral
g6_LC:0000020:b9a7e496a8d7,b9a7e496a8d7c38d62771688b890b4eda4d9ad515fc5ba385e9d98702640ba8a,0.5610200167,if6_consensus_when_public_stable_and_legacy_neutral
g6_LC:0000021:a29a5cc077fa,a29a5cc077fabd373056cc79763be5cff8e79deefcb289f7aa3a6d611c8f4cfa,0.7345587611,if6_consensus_when_public_stable_and_legacy_neutral
g6_LC:0000022:2da26c06fc81,2da26c06fc81fc8951e2975aff8da7ad671b4f81d30e368e1186a37a36bcbc09,0.8453386426,if6_consensus_when_public_stable_and_legacy_neutral
g6_LC:0000023:356c894f609b,356c894f609b73167e92d4c252255117efc0d4179eabb63f8d796635a59c2470,0.5692995191,if6_consensus_when_public_stable_and_legacy_neutral
g6_LC:0000024:7928da397b81,7928da397b8147dfbf908c0d6a0c04ad71d8fe9b962ef7121c86dbbeded32d66,0.7555887103,if6_consensus_when_public_stable_and_legacy_neutral
g6_LC:0000025:c4928f9e4d75,c4928f9e4d752050619a0534931e194298c59efb7f003a63f486d9c613923806,0.8334161639,if6_consensus_when_public_stable_and_legacy_neutral
g6_LC:0000026:97dfc6f076de,97dfc6f076de81d7dc5cdfa7c19b51f34c2dfe0e14f5146119f2ea65f32d4de5,0.6757740974,if6_consensus_when_public_stable_and_legacy_neutral
g6_LC:0000027:84fe75be3c63,84fe75be3c639236246b109c44f15294bf0ae8a3d67fabffd50303d9518f8db8,0.8781254888,if6_consensus_when_public_stable_and_legacy_neutral
g6_LC:0000028:2a9925c6b054,2a9925c6b05412892ca86871a49e080be07b765c8713ce4c1169b64a936a3ff3,0.7908594608,if6_consensus_when_public_stable_and_legacy_neutral
g6_LC:0000029:f45442a16a10,f45442a16a1027349ddd14df10f2542544348bb26c4a50a6c5abb5ffd32a41be,0.7156813741,if6_consensus_when_public_stable_and_legacy_neutral
g6_LC:0000030:b46716cced31,b46716cced317cad035a2802eb3799c501b7f322a653b23a0625f53b9a449a65,0.7771154046,if6_consensus_when_public_stable_and_legacy_neutral
g6_LC:0000031:b4918229d811,b4918229d811eb302ffb05760fe65545de9e0ec6f1f85a1ec3ac2747c5cc0971,0.3831759989,if6_consensus_when_public_stable_and_legacy_neutral
g6_LC:0000032:337494a3214f,337494a3214fcd42fe9b08566d45793654bb6f87d78c8575233f65be3e829f04,0.9208478332,if6_consensus_when_public_stable_and_legacy_neutral
g6_LC:0000033:6d28f9fa5fbc,6d28f9fa5fbc6d09502a6d8d209ff5b862c1223f5414d95db0ffba8099a1dd37,0.7840702534,if6_consensus_when_public_stable_and_legacy_neutral
g6_LC:0000034:68948c185eb8,68948c185eb89088853c72451931654a727c14d91ecc2f2abaf9a6af69414af2,0.8604073524,if6_consensus_when_public_stable_and_legacy_neutral
g6_LC:0000035:7de55552b774,7de55552b77414b4a5dadefdc36dfa8f3364c5757eeb3987f560222a811686fb,0.8430203795,if6_consensus_when_public_stable_and_legacy_neutral
g6_LC:0000036:cf62316d1143,cf62316d114361460b786cdf2aa4ffe1c99ed59324fc413a2fa04f551498848a,0.6150024533,if6_consensus_when_public_stable_and_legacy_neutral
g6_LC:0000037:da2c62a48c92,da2c62a48c929d12bda04f36898eadb1570f7c5c4fcda7dffa68848310db3118,0.5921509862,if6_consensus_when_public_stable_and_legacy_neutral
g6_LC:0000038:882c7d4b8aab,882c7d4b8aaba4e371d49ec9e248eb1256235d3ab6e1510856cbf216366ddcae,0.7779433727,if6_consensus_when_public_stable_and_legacy_neutral
g6_LC:0000039:9f3e2eea0428,9f3e2eea042846311a00889096c9195f08636385eed881cde647f68b21265b38,0.728928566,if6_consensus_when_public_stable_and_legacy_neutral
g6_LC:0000040:27c6b6398905,27c6b63989052ee742eea9104c3e83258daab8d7405e43997b5eb5b1d60d89a8,0.4964398146,if6_consensus_when_public_stable_and_legacy_neutral
g6_LC:0000041:5c8dbec4b778,5c8dbec4b7789c90ab3ed8466cecfe370aa67075c7420b82e1851bb42aae0f5d,0.5782414079,if6_consensus_when_public_stable_and_legacy_neutral
g6_LC:0000042:d24dc5e873d9,d24dc5e873d923034e5ca1a2db36a62bc427212728615a1d412e976e11019cd1,0.7441629767,if6_consensus_when_public_stable_and_legacy_neutral
g6_LC:0000043:1767836f7e77,1767836f7e77a707f3b234df8f35561b65bfd46f2b06b2f0ce2d259533f0b7ab,0.5757575631,if6_consensus_when_public_stable_and_legacy_neutral
g6_LC:0000044:09d5d7a6a417,09d5d7a6a4179e77bbf5364798013842b3eb5b0bc5c707b4ec735cffba06af8a,0.4568637311,if6_consensus_when_public_stable_and_legacy_neutral
g6_LC:0000045:de4e0e9a3e84,de4e0e9a3e848fd7678d69a8aa6fe6b628213f4d57e1e783a463c8c444ef7973,0.9776453376,if6_consensus_when_public_stable_and_legacy_neutral
g6_LC:0000046:d79dc915302e,d79dc915302ece69de6492fe5fbf93f3a1284e3f052edc3e7ff1577c18a9b9a6,0.561185658,if6_consensus_when_public_stable_and_legacy_neutral
g6_LC:0000047:e6a872f8af48,e6a872f8af487d0b9f97a7eab7c0297963dd9e68f944cb52d49ecdcc3d58b3d0,0.9970193505,if6_consensus_when_public_stable_and_legacy_neutral
g6_LC:0000048:6aa635211711,6aa63521171112f665542f920cd1f194684884c131d0c30c9197b76497d59a75,0.6353700757,if6_consensus_when_public_stable_and_legacy_neutral
g6_LC:0000049:c926f736bd1d,c926f736bd1db01e2e0a2c2a87e105665550fdee970b7402b0e3c0c6ac34d89f,0.3926146328,if6_consensus_when_public_stable_and_legacy_neutral
g6_LC:0000050:0af81e903a4d,0af81e903a4dac64968970e77f6d3eb4dcf47c8a6f93fdc54962762a70b573d0,0.6368604302,if6_consensus_when_public_stable_and_legacy_neutral
g6_LC:0000051:03d63191b9da,03d63191b9da211201a38e0955124fb5365c7c773a2e02d6b3a6c804971284d5,0.5840370655,if6_consensus_when_public_stable_and_legacy_neutral
g6_LC:0000052:4043e3d54024,4043e3d540245173a954d060f1abcb33e41d0a8caf9116f972bd914ed2ae8797,0.6853783131,if6_consensus_when_public_stable_and_legacy_neutral
g6_LC:0000053:c4cbe6abe1b1,c4cbe6abe1b11b5ea4fcd9ec846487229038bd57f3c0e3a5dc3576f450953859,0.7131975293,if6_consensus_when_public_stable_and_legacy_neutral
g6_LC:0000054:3d1071c8bb70,3d1071c8bb708fe01b7ce636b831c4091ce786cfcf9536de191922e699ce0436,0.9607550502,if6_consensus_when_public_stable_and_legacy_neutral
g6_LC:0000055:04f9c26e2553,04f9c26e255318e946bfc77b8208c2ce0a108610ac8c0303e6ccaae7a20373d4,0.6098691821,if6_consensus_when_public_stable_and_legacy_neutral
g6_LC:0000056:aac7d78b3ab0,aac7d78b3ab009f58ac6ab10cb564a3dc80df224a8588253afdd46dc91e13b5d,0.5603576303,if6_consensus_when_public_stable_and_legacy_neutral
g6_LC:0000057:c30c23c4cba6,c30c23c4cba604c196f89fe67deb1b49fd8467f693d620374fd646696a5a4dab,0.7287630439,if6_consensus_when_public_stable_and_legacy_neutral
g6_LC:0000058:8184f68cee99,8184f68cee99107dcf856482847ffc4c8ec5d1a3d3540c7c81dc6bb956b0a180,0.3435999453,if6_consensus_when_public_stable_and_legacy_neutral
g6_LC:0000059:91aaba1517d2,91aaba1517d24ca5c9795c244a8f17d8e104874becd3455eca501d7b64db8d69,0.7597284317,if6_consensus_when_public_stable_and_legacy_neutral
g6_LC:0000060:0f8eabe1b47d,0f8eabe1b47d1d590de984eec65217c6d96baa929aa2ec3935d9757da7dbe564,0.7524425387,if6_consensus_when_public_stable_and_legacy_neutral
g6_LC:0000061:69c7ed1f2d3e,69c7ed1f2d3ea7052c7d4448824ec5902b7863397d7ed3d5e979bc197f2be7e8,0.5696306825,if6_consensus_when_public_stable_and_legacy_neutral
g6_LC:0000062:e7b8ed97d73c,e7b8ed97d73c56b6f6151914d72c08608aaddae8dd203a4b1175b833f793b542,0.4451068342,if6_consensus_when_public_stable_and_legacy_neutral
g6_LC:0000063:91fff226fe23,91fff226fe2352980806e7eb95dfd86f406868e4757a0b13aa83ced76a4d7ed1,0.6767676473,if6_consensus_when_public_stable_and_legacy_neutral
g6_LC:0000064:0040b292b8ab,0040b292b8ab5c243aab8429082f33a7f334519c25667f9c3c1ac8b9eb3fd27b,0.9337638021,if6_consensus_when_public_stable_and_legacy_neutral
g6_LC:0000065:75807e2654e8,75807e2654e8d317b6fa49c8ac81a24c0f9a50a70e98e3578c17e89ce2082b56,0.800132513,if6_consensus_when_public_stable_and_legacy_neutral
g6_LC:0000066:56d0324a4e1f,56d0324a4e1f1c02b3e844cbc34b9b365cc0e5f44e67de6642d3f127db88418e,0.7338963151,if6_consensus_when_public_stable_and_legacy_neutral
g6_LC:0000067:019d9613aadb,019d9613aadb2f9c5614c1d7fcc54ab9966fa1d87fdba260a36aa803491016e7,0.6770989299,if6_consensus_when_public_stable_and_legacy_neutral
g6_LC:0000068:b2fbc126760a,b2fbc126760aedc09a590db9b29aedbdce75a5b12ffe61444979ea33b87fb317,0.8128829002,if6_consensus_when_public_stable_and_legacy_neutral
g6_LC:0000069:919d6e0d21be,919d6e0d21bec6fa0bd073135a920bc11aac3df5e2ed8b5da5ac6f59c164ea90,0.1975492686,if6_consensus_when_public_stable_and_legacy_neutral
g6_LC:0000070:677e1503ba05,677e1503ba058a2d1f80210fb4a4a9f38b9180398f426c18df1ee7457b1d37ef,0.7661864161,if6_consensus_when_public_stable_and_legacy_neutral
g6_LC:0000071:896d69d9458d,896d69d9458d3e07928c76b5b3d56764c103cf3b430f82faf21af59912f7c6bd,0.7100513577,if6_consensus_when_public_stable_and_legacy_neutral
g6_LC:0000072:a54af7470ddb,a54af7470ddbfca13ab7d8fa42a43266282b53d00d87d1e5f5a746ee1b630be5,0.7726445198,if6_consensus_when_public_stable_and_legacy_neutral
g6_LC:0000073:2ec5a69d81d8,2ec5a69d81d8f6819c2cd9e1b4eb33a254ee9ca4d3afa7adac530779c6657b4a,0.9486669898,if6_consensus_when_public_stable_and_legacy_neutral
g6_LC:0000074:922a4d26c9bf,922a4d26c9bf9d7b5fc9dd68c9a3b5a001fd675ce7c0fd63dbd995b2a84f02d7,0.4656399786,if6_consensus_when_public_stable_and_legacy_neutral
g6_LC:0000075:d37a8cca5636,d37a8cca56363f826f6a51c7e95b7501fb57e489c68708cb6ee4c5bbc74c39bf,0.5370094776,if6_consensus_when_public_stable_and_legacy_neutral
g6_LC:0000076:fc9a62bc24c6,fc9a62bc24c688e95b0db83debe3db90053e6cc6f0f2786621aa13830700b976,0.6363636255,if6_consensus_when_public_stable_and_legacy_neutral
g6_LC:0000077:fdee9fc5dfe9,fdee9fc5dfe9ddfacfdb4c676cd801a7c66bfe588c27180eb96eaae4541a8506,0.3757244647,if6_consensus_when_public_stable_and_legacy_neutral
g6_LC:0000078:d8523be8a203,d8523be8a203ccf5928fa435216bdfb91e6417141c306d7f93827caf253deb54,0.4808743,if6_consensus_when_public_stable_and_legacy_neutral
g6_LC:0000079:6f66dbc3c693,6f66dbc3c6937e1e6ba24740fb22d79cb98b5238a71ba757d9fcf4b75d135904,0.7127007842,if6_consensus_when_public_stable_and_legacy_neutral
g6_LC:0000080:f64db1738020,f64db173802012f9fd0468ad7a2c55863ad489d4da90c78027e538f52db70d3f,0.2334823608,if6_consensus_when_public_stable_and_legacy_neutral
g6_LC:0000081:7caf9b19beb0,7caf9b19beb0af754706be12fec99c7e9f6e077d6b4179cb8d7c716968a8fdd9,0.4846828878,if6_consensus_when_public_stable_and_legacy_neutral
g6_LC:0000082:7dbf136c1a97,7dbf136c1a978cb80e1d56ea12a50a62fb410871a48330b5cd2e0ca739e15bde,0.4603411257,if6_consensus_when_public_stable_and_legacy_neutral
g6_LC:0000083:256e502c19df,256e502c19dfe2fa6f375d439df5765baf86ea64f599fd29787321d3e78c9d62,0.4952807128,if6_consensus_when_public_stable_and_legacy_neutral
g6_LC:0000084:893ec8fa874c,893ec8fa874c114f8e638c2bbf791e3ac877df490cb24e233047d4a8b5a0893e,0.3300215304,if6_consensus_when_public_stable_and_legacy_neutral
g6_LC:0000085:d6650581dd95,d6650581dd95bde96c8d8f53ba45a3339d9043a0ec52451b821e00cbdc96b343,0.4674614966,if6_consensus_when_public_stable_and_legacy_neutral
g6_LC:0000086:7beb49c62727,7beb49c62727d0ac41ec37fa7fb9cedd7835c88b90825b5ea85e37f9c4b3ebf9,0.5459513068,if6_consensus_when_public_stable_and_legacy_neutral
g6_LC:0000087:bf9e126c6d8d,bf9e126c6d8da2aaea8109b73a4db2497279a156dd3377d5740b0914ef837074,0.4913065135,if6_consensus_when_public_stable_and_legacy_neutral
g6_LC:0000088:1731ba1968d1,1731ba1968d1990e4fd0986cf3125a0d85ec732dbf35d7304b1fcd1cfea46028,0.5919854045,if6_consensus_when_public_stable_and_legacy_neutral
g6_LC:0000089:2aa7f6b984a7,2aa7f6b984a7d1dfd5f54e784872659f33332c61bea6e4771deaac71b6eba55c,0.3801953793,if6_consensus_when_public_stable_and_legacy_neutral
g6_LC:0000090:483296b65ca7,483296b65ca7cb9ed2c63f44af376c567226a45390b360b7fa2f9a53995d63eb,0.6353700757,if6_consensus_when_public_stable_and_legacy_neutral
g6_LC:0000091:b47fa2ce09be,b47fa2ce09be77e32f6857b725231924520620cd43476926b31c7cc5367a77e1,0.6467958093,if6_consensus_when_public_stable_and_legacy_neutral
g6_LC:0000092:067209cd41f3,067209cd41f3049d214083536cf4113fd376a5e608b0d6fb478e21be7cfd7376,0.631727159,if6_consensus_when_public_stable_and_legacy_neutral
g6_LC:0000093:2bc09a7f33c2,2bc09a7f33c2a8f1d595d6e23400196ddf0b1cc773b4989e73202c1a5dfda633,0.1877794266,if6_consensus_when_public_stable_and_legacy_neutral
g6_LC:0000094:7dc269df6b26,7dc269df6b26e7582637ea419cca5498537ed94485ba0ba6e2d15d64b56f13d0,0.2087265998,if6_consensus_when_public_stable_and_legacy_neutral
g6_LC:0000095:840b75d7a86d,840b75d7a86d76f065c5ef28342b56fc19a34576ab52f1d56795eddfc4c1592c,0.7630402446,if6_consensus_when_public_stable_and_legacy_neutral
g6_LC:0000096:e46355429c57,e46355429c57495b6d55c24aacd51add2a0d699e69f4dfb1f7c3cbc3ededa7ed,0.4376552105,if6_consensus_when_public_stable_and_legacy_neutral
g6_LC:0000097:9d3a547735af,9d3a547735af9325ca6d0926934925a494d3f572c2829b7041df059a5c27fa23,0.6660043597,if6_consensus_when_public_stable_and_legacy_neutral
g6_LC:0000098:85c76bd36e50,85c76bd36e50dba097cbe82dd0dafcdb461451b1a436783c9ae84162d0f6bd6d,0.6318926811,if6_consensus_when_public_stable_and_legacy_neutral
g6_LC:0000099:d98bae85fbe3,d98bae85fbe322b9e8551b733d07ed3fcb9528e6fe69de94a95fd7dfff68fc38,0.7170061469,if6_consensus_when_public_stable_and_legacy_neutral
g6_LC:0000100:46196930d368,46196930d368e1c410fd7d197eb50179deb66dc02eb2b22340eef3ee110edd89,0.5418115854,if6_consensus_when_public_stable_and_legacy_neutral
g6_LC:0000101:f2f1548c01ef,f2f1548c01efe4d293934d8253a7a79dad1c611157f8dd57d32246722207d935,0.7314124703,if6_consensus_when_public_stable_and_legacy_neutral
g6_LC:0000102:bb1f02ceb8d2,bb1f02ceb8d29ccba69eff488f4538ed7f58328d13841447725eb750dde4573c,0.5818844438,if6_consensus_when_public_stable_and_legacy_neutral
g6_LC:0000103:dbf2b7800932,dbf2b78009326a17b96f3d8e37c5a17d9dee87e7a5ede553315bddb4b03c4658,0.5919854641,if6_consensus_when_public_stable_and_legacy_neutral
g6_LC:0000104:d08c3e0afc28,d08c3e0afc280ea39b8519e1c5e6c5cda6b5544dc39861fdda584af5da2dae93,0.6443119645,if6_consensus_when_public_stable_and_legacy_neutral
g6_LC:0000105:d9d029627688,d9d02962768853405db79c440da8a17df4ba9242e63c9a943ab0decffe3aec9b,0.54528898,if6_consensus_when_public_stable_and_legacy_neutral
g6_LC:0000106:e0f123d4f613,e0f123d4f6133598b39bacaec1c8c40fbc8c5e38fa0be8ddcf8812d0a5f3c94c,0.7857260704,if6_consensus_when_public_stable_and_legacy_neutral
g6_LC:0000107:fc31337d107b,fc31337d107bfc32f0d6427da9d992ef5b0b38e9e86c9f0a2cdc13e238da5dd3,0.2887895405,if6_consensus_when_public_stable_and_legacy_neutral
g6_LC:0000108:e6c2fd4edd61,e6c2fd4edd61d277dd62037aa415832423523284ec761b1f062fed652b69344f,0.7019373775,if6_consensus_when_public_stable_and_legacy_neutral
g6_LC:0000109:af729c07a823,af729c07a823fc84f584c153f8eafab19a6c1e9109c3187076490bd233db37f7,0.6686537862,if6_consensus_when_public_stable_and_legacy_neutral
g6_LC:0000110:dc2751fa509e,dc2751fa509e51807e4a98274fecbf5c3d74f20222c60f7944188eb07f3fffa5,0.8842523694,if6_consensus_when_public_stable_and_legacy_neutral
g6_LC:0000111:08662f6937ce,08662f6937ce4eaca6900bdffea45883c568828f02a294b2da4d05a8e2639cad,0.6103659272,if6_consensus_when_public_stable_and_legacy_neutral
g6_LC:0000112:52c35ee1d62c,52c35ee1d62cb71d16fa93967027cd56b0500f160608d3fd4c51f902149ed3b3,0.5830435753,if6_consensus_when_public_stable_and_legacy_neutral
g6_LC:0000113:be3ff2a466d6,be3ff2a466d61a690a2c2b4387e61382b972afc1977cd82845a731306b0ad601,0.7340618968,if6_consensus_when_public_stable_and_legacy_neutral
g6_LC:0000114:feb83260567c,feb83260567ca04608d173ebf7948bbd4e02b200d1405521954617cf38d9e115,0.3402881622,if6_consensus_when_public_stable_and_legacy_neutral
g6_LC:0000115:2c3617ddb9e3,2c3617ddb9e3b9a1da8684ae58f71d278b50f0ed1893614b674a8b26bcddd27c,0.1122702435,if6_consensus_when_public_stable_and_legacy_neutral
g6_LC:0000116:34881797a08d,34881797a08da432a3b132200473f17448d985aae3dbff0861190251fd0a0e8e,0.1498592347,if6_consensus_when_public_stable_and_legacy_neutral
g6_LC:0000117:f236e2a1e5c0,f236e2a1e5c0dab5e8f7c359a489a865858f9707baef8491f983cdb338d52f0c,0.2180824727,if6_consensus_when_public_stable_and_legacy_neutral
g6_LC:0000118:90d38ae92e1e,90d38ae92e1e81e2ed596fa1f82c8de43f96f27b25c85fd174fe3e19c099db5e,0.1768504828,if6_consensus_when_public_stable_and_legacy_neutral
g6_LC:0000119:c11611dae5b4,c11611dae5b42867e9a62ae29e9c9ee7f8a60cff996917a055b3bb03c034edf4,0.220731914,if6_consensus_when_public_stable_and_legacy_neutral
g6_LC:0000120:3ef8ba892c83,3ef8ba892c83e9ab4b7828c11780dbfd2fe01a782700e6623d6cd3b09754d634,0.2573273778,if6_consensus_when_public_stable_and_legacy_neutral
g6_LC:0000121:49c4ca2db3b3,49c4ca2db3b39f8241520b3b1015784468b57ab704ab453432380047534699a2,0.1607882231,if6_consensus_when_public_stable_and_legacy_neutral
g6_LC:0000122:a5f10359cfcd,a5f10359cfcdb6b60611714cb3f803a7e361310bf4d9eab7f4b5e91e09ef6b96,0.1693989038,if6_consensus_when_public_stable_and_legacy_neutral
g6_LC:0000123:56846ac3687a,56846ac3687af19cadd7c8f8b63158c5ace3ea40890b6cd9ce16d26388601897,0.1803278476,if6_consensus_when_public_stable_and_legacy_neutral
g6_LC:0000124:46215c95b718,46215c95b7184f17f202f5582254ff7a2ac13fb5c0b8ba640c9785d3afc9ab07,0.1179003194,if6_consensus_when_public_stable_and_legacy_neutral
g6_LC:0000125:a04b95a5f77c,a04b95a5f77c3b9fb264235f1d1dc53251ae7f524436cd21d2aadb45cf232b8c,0.1886073798,if6_consensus_when_public_stable_and_legacy_neutral
g6_LC:0000126:b92b35ef35f8,b92b35ef35f8a81560186b7176b75352c816cf138ed7316f88df9ba3425b7391,0.2935916483,if6_consensus_when_public_stable_and_legacy_neutral
g6_LC:0000127:1b041e86412a,1b041e86412a10a724cb9736f637e701cc13aae091ae60cdd5a8f58509da59c2,0.2216426581,if6_consensus_when_public_stable_and_legacy_neutral
g6_LC:0000128:4baa44318cb3,4baa44318cb395e5abf193dbb7d479cedf4e03698f861b03a51fb45a9b511986,0.339625746,if6_consensus_when_public_stable_and_legacy_neutral
g6_LC:0000129:6350b3bc0ed6,6350b3bc0ed65b87d26c52d8f0a8fe4d2e8a592eb27952e816ae6d10108f3aa5,0.3139592707,if6_consensus_when_public_stable_and_legacy_neutral
g6_LC:0000130:289c5bf2dcb0,289c5bf2dcb06b0c46a937ea253b56a0ae514d032a85fd423e7085263a55c3fb,0.2664348185,if6_consensus_when_public_stable_and_legacy_neutral
g6_LC:0000131:6d59ff66feb2,6d59ff66feb2b2c539ba03486dee4019025609252c0b190b8f918f0d74b75247,0.1482033581,if6_consensus_when_public_stable_and_legacy_neutral
g6_LC:0000132:e6d0a4150371,e6d0a4150371e1a97255cc0e0a7c363158e446dfe20d8f172657b61388806fff,0.1581387669,if6_consensus_when_public_stable_and_legacy_neutral
g6_LC:0000133:422db7fe0267,422db7fe0267076309e173fd08ac6522f8e3d996b23f25ffa3356f99c3828eba,0.9393939376,if6_consensus_when_public_stable_and_legacy_neutral
g6_LC:0000134:5e1ec071c94f,5e1ec071c94f245bb9fdb1c594ce2845be5ca52641b4ffd39770c8174ab32685,0.5125020146,if6_consensus_when_public_stable_and_legacy_neutral
g6_LC:0000135:58a605bf18f5,58a605bf18f59ed6ec9d4610409420e7df7e024fab264ea3cacb1aff8ead1c83,0.7752940059,if6_consensus_when_public_stable_and_legacy_neutral
g6_LC:0000136:f312f2703f6a,f312f2703f6a549c1a9635506122c2a9a401a31dfad7c82dd7a083639a932468,0.6888558269,if6_consensus_when_public_stable_and_legacy_neutral
g6_LC:0000137:ff1231eb3b36,ff1231eb3b361f71022e67e98fa1b2108ab1d8352810fe1ffb40e646691e14c7,0.6871998906,if6_consensus_when_public_stable_and_legacy_neutral
g6_LC:0000138:6c1ba95e7433,6c1ba95e743338c7252067d66845da19879d8c04982b722417d5f7f2d8ff9060,0.7479715347,if6_consensus_when_public_stable_and_legacy_neutral
g6_LC:0000139:faf6b2b7b2b6,faf6b2b7b2b6c541401c86ccab42861103020496220c364921ab3de7190d3e9f,0.7133631706,if6_consensus_when_public_stable_and_legacy_neutral
g6_LC:0000140:5ee7deb7ffac,5ee7deb7ffacd32878e99efb776f9ad813c72177e993ed9e7142160e5c63de4f,0.7231329083,if6_consensus_when_public_stable_and_legacy_neutral
g6_LC:0000141:503f3da2928f,503f3da2928f5995c0afdd96c5b616d6b849b870c8e8cb2693b94caf764fe888,0.6973008513,if6_consensus_when_public_stable_and_legacy_neutral
g6_LC:0000142:c51e7a49f126,c51e7a49f126e380ea93cc11ef6ed138104304d3c7b85521a83a975aa629c7ad,0.8686868548,if6_consensus_when_public_stable_and_legacy_neutral
g6_LC:0000143:c37b670d3faf,c37b670d3faf332d9ea28871e25c6ea047946ce8b8241a607b42df22622eb10c,0.5194568634,if6_consensus_when_public_stable_and_legacy_neutral
g6_LC:0000144:751ae44ad946,751ae44ad94606a486f983ca46774497a8f9f84350e2e5515ddf827c3e5c1ab5,0.7179996371,if6_consensus_when_public_stable_and_legacy_neutral
g6_LC:0000145:27c8f67ac2d2,27c8f67ac2d2c4275dfa603caa2d2f44e7dfe1da9e3b11b44c8e34c15ed0cc9d,0.8281171918,if6_consensus_when_public_stable_and_legacy_neutral
g6_LC:0000146:97dfeb4b412c,97dfeb4b412cf95448dbb1925b525303013618709f0d95185d5b95f5c330e09e,0.7961583138,if6_consensus_when_public_stable_and_legacy_neutral
g6_LC:0000147:9e159ecb6455,9e159ecb64550b74a3a339ff1924873de7a26244ffcd9932d74faed6fde3dc4b,0.8388805985,if6_consensus_when_public_stable_and_legacy_neutral
g6_LC:0000148:fc57eb87cfe9,fc57eb87cfe9fb43a54192dc055d9146982a913a8c9dba4a0bffa26b493a5390,0.9021360874,if6_consensus_when_public_stable_and_legacy_neutral
g6_LC:0000149:f650f42ba8d8,f650f42ba8d836ebec02ab4e5714ed9336e4641406885f940e4831312153254f,0.8549428582,if6_consensus_when_public_stable_and_legacy_neutral
g6_LC:0000150:7d227efcb9e1,7d227efcb9e15a721dd248dee044d5500e128dc09a879b1727a6972ec7513543,0.5436330438,if6_consensus_when_public_stable_and_legacy_neutral
g6_LC:0000151:a0d81ddcda22,a0d81ddcda227ddf9777d846fd6960218f2464eb752946833c09dcc2df6cc686,0.6756084561,if6_consensus_when_public_stable_and_legacy_neutral
g6_LC:0000152:57f03c47799a,57f03c47799a5020ab6145c8d3ef76dcd1ce48747c5c0655976b663e716e65e4,0.7343931198,if6_consensus_when_public_stable_and_legacy_neutral
g6_LC:0000153:5c536ca5c8cb,5c536ca5c8cbbc5ba7b48bc4ad2e6e6287f40f58265efca662d6b5d2a889dcbb,0.4593475759,if6_consensus_when_public_stable_and_legacy_neutral
g6_LC:0000154:0b42ce522d87,0b42ce522d87415f38cfb06d7d3d03d131e3728626e22fad6f20f1bb0eea49f6,0.4616658688,if6_consensus_when_public_stable_and_legacy_neutral
g6_LC:0000155:65a57b2106f2,65a57b2106f243ad4f6c6cc8654088f85761e7e504bd97e836a0b6c5558b96ad,0.55936414,if6_consensus_when_public_stable_and_legacy_neutral
g6_LC:0000156:cf89af2378f1,cf89af2378f1b8f271d129e35b14c27dcfbe989c8114d1adda786e403c2c4df7,0.5901639462,if6_consensus_when_public_stable_and_legacy_neutral
g6_LC:0000157:2a1f4ae98180,2a1f4ae981806fdc3d2c93cad45dc7eee029971a337072778178517f4f6c6ef1,0.6674945951,if6_consensus_when_public_stable_and_legacy_neutral
g6_LC:0000158:9a130577c006,9a130577c006f9c1b6e1f9b84ff8814a0843835e367e5cedac5f5b7f7d64f698,0.5782414079,if6_consensus_when_public_stable_and_legacy_neutral
g6_LC:0000159:d590b7806dc8,d590b7806dc8863b975b97d69a0c23413bcd90a35778366bc0ce414867831b83,0.3099850714,if6_consensus_when_public_stable_and_legacy_neutral
g6_LC:0000160:3787c20a530c,3787c20a530cb4318fb469beb2ad4de3deb5175393b68a3154ab8b4fb7743a26,0.5038914084,if6_consensus_when_public_stable_and_legacy_neutral
g6_LC:0000161:6b8bbd9ac569,6b8bbd9ac569ad981966731e1911e8f8c7df12e1ce54626a5543252e8f7d0f31,0.4845173061,if6_consensus_when_public_stable_and_legacy_neutral
g6_LC:0000162:752d4d42bcb0,752d4d42bcb0bb5274423569c64c4c51c4fd8995df8acd3a261f7ae8ff438cd5,0.4303692579,if6_consensus_when_public_stable_and_legacy_neutral
g6_LC:0000163:c52325a3ebcf,c52325a3ebcfccaf5da421241e1d6df45556c7005727fb4477aa8456702ae987,0.6759397388,if6_consensus_when_public_stable_and_legacy_neutral
g6_LC:0000164:3f26992ebdef,3f26992ebdef2f0e744990a06c6d03abeff0ebeac492f080109df8bf1249431b,0.2831594646,if6_consensus_when_public_stable_and_legacy_neutral
g6_LC:0000165:9da579867d43,9da579867d435f6ca9268a443fe25c06730af9117cf0b8581ee2d5a6208a6448,0.6547441483,if6_consensus_when_public_stable_and_legacy_neutral
g6_LC:0000166:7ea38dc9ac71,7ea38dc9ac71b106f9ec220fa8741212a8b7b180843ea7db695631bb1ddcf83b,0.5842026472,if6_consensus_when_public_stable_and_legacy_neutral
g6_LC:0000167:145bc2cabe8c,145bc2cabe8c51c548dfa5d1b674b03fa5ffe8dbe97017d68554ac57650329f3,0.5792350173,if6_consensus_when_public_stable_and_legacy_neutral
g6_LC:0000168:bb35448c238c,bb35448c238c56e7750088cdcc89340aca1170109e171460209be07c270a9e66,0.3242258728,if6_consensus_when_public_stable_and_legacy_neutral
g6_LC:0000169:b7ec12d3e25c,b7ec12d3e25c3c36121336040571dd9822a44e3384b46dc1a433a6670023291c,0.5216095448,if6_consensus_when_public_stable_and_legacy_neutral
g6_LC:0000170:0155cdde6a14,0155cdde6a14cb84f793a0886cfbc1a25d75046700476389c11447eeb864748e,0.5249213576,if6_consensus_when_public_stable_and_legacy_neutral
g6_LC:0000171:64e9096039fb,64e9096039fbd7f3677d5ab45986afc83e081b30cb6c247396473c5eda6ab569,0.4909753501,if6_consensus_when_public_stable_and_legacy_neutral
g6_LC:0000172:83c42e5d4acb,83c42e5d4acb18b11ba0eeeff2ea829ad122aae0e9da4f1eff2ff8a25dde2ca0,0.4571948946,if6_consensus_when_public_stable_and_legacy_neutral
g6_LC:0000173:70d4165d6df1,70d4165d6df1c4256126a08518cec22f684c416b3159a7d28bfa10fb6011ac7e,0.3599933684,if6_consensus_when_public_stable_and_legacy_neutral
g6_LC:0000174:301b32f02e34,301b32f02e345f6a16aa120c3118ea3a496b2c3d501a041da857ee052ea5096a,0.4311972558,if6_consensus_when_public_stable_and_legacy_neutral
g6_LC:0000175:c60d3e872b87,c60d3e872b878fc758510f30a5849bda3870464e12f23b5e39c9cd92c2f9de49,0.5954627991,if6_consensus_when_public_stable_and_legacy_neutral
g6_LC:0000176:54c383af7273,54c383af727342d3b998673bb6596039cb24a3d31e3e5b85d7511f05613e2aa7,0.3113098145,if6_consensus_when_public_stable_and_legacy_neutral
g6_LC:0000177:6f76138e3995,6f76138e399536e2f51d352b5a9efcb00e544bdb347965bd12e0313e8f2cb936,0.4472595155,if6_consensus_when_public_stable_and_legacy_neutral
g6_LC:0000178:ab8037508f0f,ab8037508f0f0511e033bbf2e797ce5b0879a0123a34ad5a9185a9bfe43fb696,0.8796157837,if6_consensus_when_public_stable_and_legacy_neutral
g6_LC:0000179:b41df21c1296,b41df21c129641dae62540a802882fbbbdd6ecdb5b6462f2c7b262d4970fa879,0.409173727,if6_consensus_when_public_stable_and_legacy_neutral
g6_LC:0000180:049a525600a9,049a525600a95c8cb71e4d059bb1a065e6afa5c965f1cf1b83a9dfd47ffee416,0.7549263835,if6_consensus_when_public_stable_and_legacy_neutral
g6_LC:0000181:136918231383,136918231383c8da86d8c70d0654d3e29e0050954cdff43520da5af8c432b716,0.3346580565,if6_consensus_when_public_stable_and_legacy_neutral
g6_LC:0000182:5656102871bc,5656102871bc1e7e0ed3a7975905d7ca9eea481e7a99c39e0986f07a5ecf5b97,0.3308494985,if6_consensus_when_public_stable_and_legacy_neutral
g6_LC:0000183:e9df5b7d188c,e9df5b7d188c6d01c7c886557b6b253a3b00ad75eb9c022700f40a28585ec1fb,0.679913938,if6_consensus_when_public_stable_and_legacy_neutral
g6_LC:0000184:6b37cca3b3eb,6b37cca3b3eb3a7865c0ee71a18070b6644143f937a5406b21845c75df393592,0.5136612058,if6_consensus_when_public_stable_and_legacy_neutral
g6_LC:0000185:26595b7d5d7e,26595b7d5d7e02d8d5127b1d81e07c6e5276c3109c8e20993015c96a6eb6db15,0.4893194139,if6_consensus_when_public_stable_and_legacy_neutral
g6_LC:0000186:c236c4034669,c236c40346698ffcb17c86bee9962aa57fde672dded44f6128ccd27ea80d08e0,0.7416790128,if6_consensus_when_public_stable_and_legacy_neutral
g6_LC:0000187:fd9c9c5de90c,fd9c9c5de90c0dd29093a4a60f28f54824a455d828bab30dae3cb5e536161ce5,0.8974995613,if6_consensus_when_public_stable_and_legacy_neutral
g6_LC:0000188:510a46a4c52c,510a46a4c52c66bb0324959719abc3693044ef960aeb5d2a641f2d980a596ee7,0.3629740179,if6_consensus_when_public_stable_and_legacy_neutral
g6_LC:0000189:561a7d4d573f,561a7d4d573f99aec898b332fdf24d82e86934234d57e1873f1033688cc39fa9,0.4946182966,if6_consensus_when_public_stable_and_legacy_neutral
g6_LC:0000190:f2f7668c34de,f2f7668c34de64957c17e8a3ddedcb3593a9c1d27bfb52a459f2abd50d3f9eea,0.8590826392,if6_consensus_when_public_stable_and_legacy_neutral
g6_LC:0000191:da367d466989,da367d466989916301e8df4349a4462a26c636a3662fc439be24a66a416a78d2,0.5419771075,if6_consensus_when_public_stable_and_legacy_neutral
g6_LC:0000192:750608af2161,750608af2161f921e0af200021bded99c159d82d79457ecb99bddf192a2660f2,0.5827123523,if6_consensus_when_public_stable_and_legacy_neutral
g6_LC:0000193:dda68bf5c4c5,dda68bf5c4c5821f5e44ba1b16289ccf8e51eef66c7440a0f4947cbc5653e544,0.6465474367,if6_consensus_when_public_stable_and_legacy_neutral
g6_LC:0000194:6a049752145c,6a049752145c3d60f4ae6f9252135c2d1aeb862c658dbd377af8003bbaceadd9,0.6865375042,if6_consensus_when_public_stable_and_legacy_neutral
g6_LC:0000195:6e644abf311a,6e644abf311a918c4ff4858867c955ff44a1071ab7de1c60b733d02a08d29678,0.680741787,if6_consensus_when_public_stable_and_legacy_neutral
g6_LC:0000196:d1d7185dca22,d1d7185dca2263dfbde97e2ad63d4752af63eee7d2c4d5594ef4613531af11b8,0.6607053876,if6_consensus_when_public_stable_and_legacy_neutral
g6_LC:0000197:d5d3501870b8,d5d3501870b8016f3a900fca509f6dd20559892cc3300d2be15adb29c02452a1,0.5393276811,if6_consensus_when_public_stable_and_legacy_neutral
g6_LC:0000198:de2e8c48d5e4,de2e8c48d5e4677fa3833cba7bc21622da3e9fbf06a0180e2dd767bd97cf17a8,0.6929955482,if6_consensus_when_public_stable_and_legacy_neutral
g6_LC:0000199:d26e7eb12e7e,d26e7eb12e7e5abbceab8512e8709107be9af242788f17a60dc36c6764843025,0.6451399326,if6_consensus_when_public_stable_and_legacy_neutral
g6_LC:0000200:b5dff71e6782,b5dff71e67826d7cbc6a6476ea5c0b529b9a20754e37e73d9ece85a237f17ef6,0.5580394268,if6_consensus_when_public_stable_and_legacy_neutral
g6_LC:0000201:28af23e787db,28af23e787dbc1c03ca5df11bc64c93c367650153a28a74bef2612e80e37e3f8,0.7304189205,if6_consensus_when_public_stable_and_legacy_neutral
g6_LC:0000202:e11e50ef3976,e11e50ef3976cd91bf4d616e4afe79fc775a101e6532abcd37c17fdc6eaa762c,0.485014081,if6_consensus_when_public_stable_and_legacy_neutral
g6_LC:0000203:ae9a14f7c43f,ae9a14f7c43f2fa36b9ab5bd4fd7be6bbbd55cff5e0ba47e2dd7f3dfde82ecc0,0.6870343089,if6_consensus_when_public_stable_and_legacy_neutral
g6_LC:0000204:a5e687e54eff,a5e687e54eff2ac10cb2f7cbe47153e8a7e781d432fb8f342f339febf1edb638,0.7768670917,if6_consensus_when_public_stable_and_legacy_neutral
g6_LC:0000205:b939037048ed,b939037048ed82e8b26700ced750fec48f47c703d0b61fd2979c0231fe61fd56,0.821824789,if6_consensus_when_public_stable_and_legacy_neutral
g6_LC:0000206:fb5e95795f84,fb5e95795f8424e2456468379ee2a4fcdec528998e265c38a39758ed4e25e09f,0.6449742913,if6_consensus_when_public_stable_and_legacy_neutral
g6_LC:0000207:b39d861526de,b39d861526de6488cb7f6052acadb8e6240c60c48f2de5365a853aa7ba217e20,0.5595297217,if6_consensus_when_public_stable_and_legacy_neutral
g6_LC:0000208:c496a77c3e5a,c496a77c3e5a72fbcb52b815a25f9c646956c6d1e3a8b9034ff21b69488a5fb5,0.6921675801,if6_consensus_when_public_stable_and_legacy_neutral
g6_LC:0000209:94ab5ee32078,94ab5ee3207856751680a0b74756ef5c193e242abd06b8bb1b0609419bccc159,0.3960920572,if6_consensus_when_public_stable_and_legacy_neutral
g6_LC:0000210:86f36e64ea52,86f36e64ea528a4bb51e1617c9b1fec17eb3f0881ce9d3b2c73198e9231e03a9,0.1995363384,if6_consensus_when_public_stable_and_legacy_neutral
g6_LC:0000211:104378bcf7b9,104378bcf7b904b3d2c7520728cfa2cdbe4dd0e4dc8d448e44881b8d3996582d,0.264282167,if6_consensus_when_public_stable_and_legacy_neutral
g6_LC:0000212:8f52d730cf24,8f52d730cf244d863f6929b342775fe186dee82cab12d50270e0a13448d98943,0.2591488659,if6_consensus_when_public_stable_and_legacy_neutral
g6_LC:0000213:bd15b93510c8,bd15b93510c8d617c424125282c3ad90d89ac8c5047dfc60945642c2e5985bfd,0.5648286343,if6_consensus_when_public_stable_and_legacy_neutral
g6_LC:0000214:ef8e806c2d09,ef8e806c2d092508d6523f212ba10306c518c4386ecaac486b029b05909c0f9b,0.2233813554,if6_consensus_when_public_stable_and_legacy_neutral
g6_LC:0000215:7e2ba40f0a82,7e2ba40f0a8252f8abf90ce1654a8aa30d5de5027af291c1bb681614c3f6b8be,0.1044875011,if6_consensus_when_public_stable_and_legacy_neutral
g6_LC:0000216:c6518e48da39,c6518e48da39fafdc8d141ae5d0a7ad19abe86d2039707da65a8cb349e3a768d,0.418115586,if6_consensus_when_public_stable_and_legacy_neutral
g6_LC:0000217:b2420c3d2e3a,b2420c3d2e3a22d7b22f76a07d4dfa9a5b6314f72f10c970783b8b720e324e44,0.2000331134,if6_consensus_when_public_stable_and_legacy_neutral
g6_LC:0000218:1fa2f30bc0a6,1fa2f30bc0a696784d702bea1802ec302bdc42709790a94b7c77a117f2e97eb7,0.2305017263,if6_consensus_when_public_stable_and_legacy_neutral
g6_LC:0000219:d4f01c414421,d4f01c414421d15ce290379f851bfcbdac32ba3a854dd3e56ad241c6d9a2cf06,0.202020213,if6_consensus_when_public_stable_and_legacy_neutral
g6_LC:0000220:3b626c76badb,3b626c76badbf0ccb9006d26d806134b27174e67e4d4c8e35b0b1d30a61c46c1,0.2647789419,if6_consensus_when_public_stable_and_legacy_neutral
g6_LC:0000221:b944ebfa3dd8,b944ebfa3dd82d184748516150b5f6f69c88036b121a4edbb7f335913e01c7e7,0.2649445236,if6_consensus_when_public_stable_and_legacy_neutral
g6_LC:0000222:cd1d775668a3,cd1d775668a367fdb00151963f43e27bb54890c65f91bd03a9d53a3a4106712f,0.4182811677,if6_consensus_when_public_stable_and_legacy_neutral
g6_LC:0000223:298eecff45da,298eecff45dadcac8958388e16f393c0fd29c781c2e2c81438a08a89ab23c155,0.6656730771,if6_consensus_when_public_stable_and_legacy_neutral
g6_LC:0000224:8c9ac1cc1238,8c9ac1cc1238baf037c1ac75866439652ac80769f7949b439a061dd82e6d3c2b,0.2778605819,if6_consensus_when_public_stable_and_legacy_neutral
g6_LC:0000225:4ab4556cb944,4ab4556cb944f406596e281cb95285120989cf5e7d2e2a2e6099009ce19b8752,0.4749130309,if6_consensus_when_public_stable_and_legacy_neutral
g6_LC:0000226:9a79008e9b75,9a79008e9b75594abc48698e3080e450c1d5cf48ba52d3db730cc0f4830e82e2,0.1394270658,if6_consensus_when_public_stable_and_legacy_neutral
g6_LC:0000227:83e86fffadec,83e86fffadec0adf01770e8ac50ceba14c98fe2dab840ed3d89317de6209ac2c,0.2515317202,if6_consensus_when_public_stable_and_legacy_neutral
g6_LC:0000228:53c6651a05e8,53c6651a05e8ad42176c71c8e75d1c26bf81fdd5f18e6d43f4367f37a1793abe,0.9604239464,if6_consensus_when_public_stable_and_legacy_neutral
g6_LC:0000229:cddf979a65e8,cddf979a65e89080b604a262263d44bcb560f0654929736b7c17a1d4e52ce2bb,0.5890048146,if6_consensus_when_public_stable_and_legacy_neutral
g6_LC:0000230:77a3f32d211c,77a3f32d211c8773ee414a14f8ca2e95b73f99fa4e4cbec5df6ae2609b7e39ca,0.7824143767,if6_consensus_when_public_stable_and_legacy_neutral
g6_LC:0000231:ca1f905346d7,ca1f905346d79e73b988c1b88ba5a1331fd14324632836a2466c7187da2e8427,0.7012750506,if6_consensus_when_public_stable_and_legacy_neutral
g6_LC:0000232:38c815ab5352,38c815ab5352f8681d195e9cb0466225bd8359e788ab1033217d285921f3b9a2,0.6876966357,if6_consensus_when_public_stable_and_legacy_neutral
g6_LC:0000233:89f4b0522bc9,89f4b0522bc9c077afaf08284b395d4457c95522e2f5a862e3ea9ff80d54a385,0.8055968881,if6_consensus_when_public_stable_and_legacy_neutral
g6_LC:0000234:c66974de7dbb,c66974de7dbbae1951400e2af74ae0df892a813bd81bbebd912f16e33ea917d7,0.7029309273,if6_consensus_when_public_stable_and_legacy_neutral
g6_LC:0000235:8cd6b0ea813d,8cd6b0ea813d72d989c95addf6984002a092482eba4889861f8739b71e4fd765,0.5489318967,if6_consensus_when_public_stable_and_legacy_neutral
g6_LC:0000236:905b1864169a,905b1864169a6f07dc64a2e3f0572be12266d38d6c0cb8e678fbbad17da11f24,0.7550919056,if6_consensus_when_public_stable_and_legacy_neutral
g6_LC:0000237:99d6dca4d323,99d6dca4d32398078304c3c4cf64c104f4d9ee50664d32a9496a74ed92f7aeb6,0.6285808682,if6_consensus_when_public_stable_and_legacy_neutral
g6_LC:0000238:254bff6a94ef,254bff6a94ef0ec992dfee592e4c5766c573d070dbb6bb50053dc12cbf9bdd09,0.6017552614,if6_consensus_when_public_stable_and_legacy_neutral
g6_LC:0000239:1317ceae3278,1317ceae32788d31be899fa6bf99391110d41885b8ef73718c88e069a0991a74,0.8531213403,if6_consensus_when_public_stable_and_legacy_neutral
g6_LC:0000240:2bdde934a160,2bdde934a160e4528b33ebd2c545ac0302a916319f270d4f09c72e5e027994b8,0.5734393001,if6_consensus_when_public_stable_and_legacy_neutral
g6_LC:0000241:c4ff329d9ab0,c4ff329d9ab0ec01e273d4d25d763de3d9a43a979b91880fb8541fe8a784d894,0.6544129848,if6_consensus_when_public_stable_and_legacy_neutral
g6_LC:0000242:ddffe5199be4,ddffe5199be457c7e6108abd821ad28405f64de27b7158826f387cf46c7341ec,0.7676768303,if6_consensus_when_public_stable_and_legacy_neutral
g6_LC:0000243:b98befa4c106,b98befa4c106a574a961a286d391d88034391474b5901b365794ce4e21b6802a,0.7938399911,if6_consensus_when_public_stable_and_legacy_neutral
g6_LC:0000244:454b71352f40,454b71352f4017aa0372dda54ac118ba2dad223fbc33b39416456bf569113c41,0.5976154804,if6_consensus_when_public_stable_and_legacy_neutral
g6_LC:0000245:1b13b3bc7077,1b13b3bc7077baba1c38cb3726a1781f8a80d1e442ad32800643c14dfc83c50c,0.4855108261,if6_consensus_when_public_stable_and_legacy_neutral
g6_LC:0000246:ee86b1e2193a,ee86b1e2193ac3380ba38e555eeeef5854ab9516c82fdfcc0dd0eb4954bdbd7a,0.7035933137,if6_consensus_when_public_stable_and_legacy_neutral
g6_LC:0000247:f3db0c468e97,f3db0c468e97761e788bb9730b2f83aad5075874bb4a99ab680eec5a2906993f,0.5991057754,if6_consensus_when_public_stable_and_legacy_neutral
g6_LC:0000248:a92fea22fa8e,a92fea22fa8ec9990995defb3839f0199a0880fe57a9f4717bf647b6cdaf4545,0.2459016293,if6_consensus_when_public_stable_and_legacy_neutral
g6_LC:0000249:40fe6596dcd1,40fe6596dcd1ad8ce05f07328496f7149e2391dd310ad4a51ddaeee00dc57af9,0.2283490747,if6_consensus_when_public_stable_and_legacy_neutral
g6_LC:0000250:f5f1f19cecee,f5f1f19ceceed08407e4c5ef47f271dabcabf249615fd070fc6cfd7a395df0d8,0.515317142,if6_consensus_when_public_stable_and_legacy_neutral
g6_LC:0000251:0b07162e79d4,0b07162e79d43568588289f716d601a1e5a5a474610d175a709b9e829bdfef94,0.3238947093,if6_consensus_when_public_stable_and_legacy_neutral
g6_LC:0000252:859f51d02851,859f51d028513da3de120467a2a1679f07584292197a0184ae90066537a0e3a3,0.2872992456,if6_consensus_when_public_stable_and_legacy_neutral
g6_LC:0000253:db3629aec541,db3629aec54121a4644fc892d64e015bdb0a38a1a10a66fb5fcf11a05015fae9,0.2367941737,if6_consensus_when_public_stable_and_legacy_neutral
g6_LC:0000254:e4770aec8066,e4770aec8066bb9fa2e5bb1b66c50ba3958457061c5e3ef21939030d2868353a,0.8696804047,if6_consensus_when_public_stable_and_legacy_neutral
g6_LC:0000255:5069a884c99b,5069a884c99b5e6c7c9760349e13f6b110c7030c599e9fd01c64c0301789e425,0.3909587562,if6_consensus_when_public_stable_and_legacy_neutral
g6_LC:0000256:e1a10d379b02,e1a10d379b028f26f429afbe4164b7a824a979df2cc47fc08e553d8980b1b655,0.6058950424,if6_consensus_when_public_stable_and_legacy_neutral
g6_LC:0000257:780f608bd93b,780f608bd93b1154a164b35b63047d20d2ddc820d058aa6bc5be44b2b6631680,0.3359827995,if6_consensus_when_public_stable_and_legacy_neutral
g6_LC:0000258:7bf97b4e36ba,7bf97b4e36ba317e469a82e0f94030f5434fabf718e2d1bacb72b6b5eb4a83b7,0.2662692666,if6_consensus_when_public_stable_and_legacy_neutral
g6_LC:0000259:5ee4d34f49e0,5ee4d34f49e0d54bdb1f6ab7796b209b79b308dcaea31e9628ef45d27e216b43,0.5789037943,if6_consensus_when_public_stable_and_legacy_neutral
g6_LC:0000260:d9a2d27dd063,d9a2d27dd063379d2e806fd429a4ed6231613e3bb050e516e5ad328a386a4a68,0.4239112437,if6_consensus_when_public_stable_and_legacy_neutral
g6_LC:0000261:b11b9406a58b,b11b9406a58b9d7a452c3a11d1e1244b7f3f42d66d9926dc3348d819f96ff8ab,0.4267262518,if6_consensus_when_public_stable_and_legacy_neutral
g6_LC:0000262:28246d22d1a6,28246d22d1a6b7966ddc040c3ff492fcb0a36859e2e56e0b307dc5280de875be,0.3787051141,if6_consensus_when_public_stable_and_legacy_neutral
g6_LC:0000263:4b7832fe3efb,4b7832fe3efbc69ca9d93f2b7fc54cdf66b13a272a53cddbfdfc528716bbb720,0.6289120913,if6_consensus_when_public_stable_and_legacy_neutral
g6_LC:0000264:56bf2f5da090,56bf2f5da0906ee0b9ee50bf86719653d09b27465c3f55ed6fc0e26f6e07b6ba,0.221725449,if6_consensus_when_public_stable_and_legacy_neutral
g6_LC:0000265:394a561cd555,394a561cd555bb1d856fa762cb87c52a0bcbef2b52060c6b7d835d2fe9285db5,0.3048518002,if6_consensus_when_public_stable_and_legacy_neutral
g6_LC:0000266:028b4d7dd721,028b4d7dd7215ec26a5394381f911066913093bdadc0e5cc42a0b7edeb230789,0.2394436151,if6_consensus_when_public_stable_and_legacy_neutral
g6_LC:0000267:4a8b18d264b4,4a8b18d264b4b6d4ebe9c8ed498e2146e66b3833048e0f51cc58eeba5fc914e0,0.05911574885,if6_consensus_when_public_stable_and_legacy_neutral
g6_LC:0000268:623ea9eb8354,623ea9eb83541c7345cc1eea5219c275fcadc18c31e91d724825c3e7cbf78165,0.2730584443,if6_consensus_when_public_stable_and_legacy_neutral
g6_LC:0000269:bb106966d1bd,bb106966d1bd4c639c689008dcbd652dfcd4850f6947e2501a3ed6df1b24aee7,0.1917535812,if6_consensus_when_public_stable_and_legacy_neutral
g6_LC:0000270:e1b1d5533b48,e1b1d5533b485ee2659e09581e2c4193c2b16c4fe1cb005aed117e11a0cd21d0,0.09372413158,if6_consensus_when_public_stable_and_legacy_neutral
g6_LC:0000271:ac90ea86bf11,ac90ea86bf1122fb6f9a2b6e7c15f46aae5345de4471100e9a85fd1e28caafb2,0.1596290916,if6_consensus_when_public_stable_and_legacy_neutral
g6_LC:0000272:6b2f6a89e88b,6b2f6a89e88b96d176b128e5076caf1a63176353edfc23cc32ef049ba20c7177,0.06921675801,if6_consensus_when_public_stable_and_legacy_neutral
g6_LC:0000273:00e63423717f,00e63423717f389db32c3d97cd452284722345cecb8fd218f763305b043eef1c,0.1495280713,if6_consensus_when_public_stable_and_legacy_neutral
g6_LC:0000274:c85e26a32ecd,c85e26a32ecde8eaee2a867a7fe5cbc2b69ac894f29fa4d665c3dc22ed98c710,0.1238615736,if6_consensus_when_public_stable_and_legacy_neutral
g6_LC:0000275:60a6961b5839,60a6961b583943fd20e2f867152697e4ed2f3f5e40429fb7d72a1d2fcc5e7cd0,0.09951978922,if6_consensus_when_public_stable_and_legacy_neutral
g6_LC:0000276:fbf7c8245dfa,fbf7c8245dfae59772c00b75bf130e836369c7aa85e55d5086ab378bd656b352,0.2609703541,if6_consensus_when_public_stable_and_legacy_neutral
g6_LC:0000277:ae7fb8940b09,ae7fb8940b09deebcfa9e1d83a8c78cabb7f2a40fd1b214cf9805a10b6a0ad6c,0.06507699937,if6_consensus_when_public_stable_and_legacy_neutral
g6_LC:0000278:93ed8a97ad15,93ed8a97ad157bb80af29b3955c676c54444118178b7b1b33510b0ff79f49bec,0.1348733157,if6_consensus_when_public_stable_and_legacy_neutral
g6_LC:0000279:14631e1190d0,14631e1190d07840e69a93d3d7d4a576e5d3c5231f5a97d25dd9108cf412c5fd,0.2041728944,if6_consensus_when_public_stable_and_legacy_neutral
g6_LC:0000280:c55b08484dd1,c55b08484dd17eed30a0749526da115903949914b6ff6b5cc56cc6bbe3f00cd9,0.2858088911,if6_consensus_when_public_stable_and_legacy_neutral
g6_LC:0000281:f735c0995efe,f735c0995efef3b3a816128f8a4ba68f03a455f695b059c3bb4b22ca6a9fcdaa,0.1698956937,if6_consensus_when_public_stable_and_legacy_neutral
g6_LC:0000282:594acc2baffb,594acc2baffbe89f46b5b7ead428dd8ae914752b71b190541577689b15629e4a,0.09885742515,if6_consensus_when_public_stable_and_legacy_neutral
g6_LC:0000283:6d450fbef5c8,6d450fbef5c86b8f97cad777150597e4919625cc65a5bd7af980b960c4ed7add,0.1210465208,if6_consensus_when_public_stable_and_legacy_neutral
g6_LC:0000284:66f0dc81df3c,66f0dc81df3ccb50659e78afedd4c94d94404258d97ded1232d4f9a343c57471,0.09786388278,if6_consensus_when_public_stable_and_legacy_neutral
g6_LC:0000285:e9158a44ecdf,e9158a44ecdf10442a4be33b4e3dec9d5d627fd69c78b6eb7452fd16b6fbd36a,0.6847159863,if6_consensus_when_public_stable_and_legacy_neutral
g6_LC:0000286:53d48b54b4ae,53d48b54b4aee5ca2a1e9f70c9e0cbb072f83e3e7cf0df4bad6638ca74044547,0.2250372618,if6_consensus_when_public_stable_and_legacy_neutral
g6_LC:0000287:64dab3554516,64dab35545161f3d7ca8449150c00544c3463dc261008ebbc60d892997942058,0.6406689286,if6_consensus_when_public_stable_and_legacy_neutral
g6_LC:0000288:457bba8f3284,457bba8f32843df780babde03c4755275feb1860cd37f2117d60777edcafa1ba,0.2293426245,if6_consensus_when_public_stable_and_legacy_neutral
g6_LC:0000289:7741e44e3025,7741e44e3025225a8985e01233f93362f2a465bce4d5d7d9faa82264d428ef05,0.4204338491,if6_consensus_when_public_stable_and_legacy_neutral
g6_LC:0000290:c98ef557cee6,c98ef557cee6ac5c877afcf7efa39be1b98b46e2bbea93984638f79da4d8c6cd,0.3634707928,if6_consensus_when_public_stable_and_legacy_neutral
g6_LC:0000291:4ba4c9a51f83,4ba4c9a51f8368be2fc1b56bb3c7ce5bac6fd9a539b842d86a7d52ad81ea857b,0.1746978015,if6_consensus_when_public_stable_and_legacy_neutral
g6_LC:0000292:1b1ad34a7ee8,1b1ad34a7ee8e10620920523cd42e9ea95c3eadda443ca03c93608fe641b7cc7,0.3048518002,if6_consensus_when_public_stable_and_legacy_neutral
g6_LC:0000293:9472912bc587,9472912bc5870e491d5ca58b58c67e31eb0b3af9179d044579d39f98637a81dc,0.1937406808,if6_consensus_when_public_stable_and_legacy_neutral
g6_LC:0000294:134fe55e4fdd,134fe55e4fddab7851e334bdcca9615135851d76603d074d951269a260452f65,0.2820003331,if6_consensus_when_public_stable_and_legacy_neutral
g6_LC:0000295:36e7134576f4,36e7134576f4d993f02db793ac412d061935188bde4a6ef2997692f583ded019,0.5471104383,if6_consensus_when_public_stable_and_legacy_neutral
g6_LC:0000296:be895d7516e4,be895d7516e48c8daf6f3275e12c25f5b28638ed0548a86cf60419fce8e5315e,0.1978804469,if6_consensus_when_public_stable_and_legacy_neutral
g6_LC:0000297:15066783dcd9,15066783dcd9527f8505126b5ef84875b75cdbb03a15efd293467a15ec1c261c,0.5317105651,if6_consensus_when_public_stable_and_legacy_neutral
g6_LC:0000298:ef7fceeeac88,ef7fceeeac88320cd1db67eb3583c1034d0e0aee567a330759b913348e718aba,0.2617982924,if6_consensus_when_public_stable_and_legacy_neutral
g6_LC:0000299:e46a821153fd,e46a821153fd3b02224c6d10db52de1f6c7237a5d8e34756c39f9e467c86a996,0.6939890385,if6_consensus_when_public_stable_and_legacy_neutral
g6_LC:0000300:bd1978bde00d,bd1978bde00dc02dd6dc601ccccd81a144ba2acc7d0fdfeff0f21b6621c33adc,0.4611690938,if6_consensus_when_public_stable_and_legacy_neutral
g6_LC:0000301:3a1cd6f196ed,3a1cd6f196ed44d8a60157026c2e50a8f0765f0fafb512464dd1ec1da2b4ba7b,0.22636199,if6_consensus_when_public_stable_and_legacy_neutral
g6_LC:0000302:3b5a451b5b8a,3b5a451b5b8ad7c512b495ece69cc903fa670832e3ea3a6e227f5fe44d4151bc,0.1953965873,if6_consensus_when_public_stable_and_legacy_neutral
g6_LC:0000303:2f5d20cb9326,2f5d20cb932606207b46451c35921fefb09004aa3b6080d2b214ba02e30bdc74,0.2462328225,if6_consensus_when_public_stable_and_legacy_neutral
g6_LC:0000304:7a445eb0a5d8,7a445eb0a5d88ac59a30d5c4a66503e2b3201dfe2de843140357b55e9071f8fb,0.70723629,if6_consensus_when_public_stable_and_legacy_neutral
g6_LC:0000305:105f9a295e0e,105f9a295e0e5d30d50ca9a5239397a1c79241c68c9a77737b99d7af1a661218,0.4812054634,if6_consensus_when_public_stable_and_legacy_neutral
g6_LC:0000306:5e1bd5237520,5e1bd5237520f1d3e07addd42e7ba72760b5f88b7f22f42595723b3d365c6073,0.5017387271,if6_consensus_when_public_stable_and_legacy_neutral
g6_LC:0000307:ffafa7b29344,ffafa7b2934468faddc29ecb289f10e775b4e23d52254fd8c97908bc07ccc1bb,0.6963073611,if6_consensus_when_public_stable_and_legacy_neutral
g6_LC:0000308:f1ff59e9df67,f1ff59e9df6720e63f2a76b188c28b03edb547ae6ea4726531fe3e57c67ad066,0.5073687434,if6_consensus_when_public_stable_and_legacy_neutral
g6_LC:0000309:cfdb562d4cac,cfdb562d4cacb6d0c52c72d84ddbc082590a5b00baada44c97c7814445494e6a,0.5500910878,if6_consensus_when_public_stable_and_legacy_neutral
g6_LC:0000310:bb5743fae258,bb5743fae258d8a4b141c3b4b18cd10459549bd7da3d244a9e7acf70a2208fc6,0.8049345613,if6_consensus_when_public_stable_and_legacy_neutral
g6_LC:0000311:a0ff7a7355bc,a0ff7a7355bc7050bc72a4a837aba7e395a55c5a2592b11b4e363c726e7262d8,0.6232819557,if6_consensus_when_public_stable_and_legacy_neutral
g6_LC:0000312:fbbcc177fbe5,fbbcc177fbe5af89417799a4b9ede17ce95f06f796a3317b731f2adcac3dcbde,0.7842357755,if6_consensus_when_public_stable_and_legacy_neutral
g6_LC:0000313:3f1cd4c4db67,3f1cd4c4db671261d8a052ce79a17cecc07fe8374ca5aec6171c49b54eb8053f,0.8103990555,if6_consensus_when_public_stable_and_legacy_neutral
g6_LC:0000314:062f1a3c8700,062f1a3c8700bd993a4e5a60b10a8dfe070af198ddd1f2af32e9d53fb1de4a29,0.571783483,if6_consensus_when_public_stable_and_legacy_neutral
g6_LC:0000315:9cb455890c28,9cb455890c286c90dba8e6a5e9ad11e013b911816a21e49260a487ec3dddd669,0.6564000845,if6_consensus_when_public_stable_and_legacy_neutral
g6_LC:0000316:09f15bbade5e,09f15bbade5e9f7766287a864eda16555d02e3102298e8721840154c093fc2da,0.6992878914,if6_consensus_when_public_stable_and_legacy_neutral
g6_LC:0000317:0bf47738e445,0bf47738e445d191c11f85e290b2e94965e4b4d767f5390dfab0ef2a4dd3eaee,0.7863884568,if6_consensus_when_public_stable_and_legacy_neutral
g6_LC:0000318:65d8f9135ff5,65d8f9135ff55e30a90d2222355227252ef44a4a42a8f4fb78af873f0256e10b,0.7897002697,if6_consensus_when_public_stable_and_legacy_neutral
g6_LC:0000319:d9b4b7f210bf,d9b4b7f210bf0e69c81bb605da70efb4ea613d402cf189112b15507a21776438,0.8200033307,if6_consensus_when_public_stable_and_legacy_neutral
g6_LC:0000320:a910d29eb3a0,a910d29eb3a009de1bcfb2d5d752d59cae310df8b98bc36a3f321b5bdc9753cd,0.6731247306,if6_consensus_when_public_stable_and_legacy_neutral
g6_LC:0000321:2ec43c7d4ce5,2ec43c7d4ce574313c8c7456590f65ec6b28b1a96539aef1eed285a1c7f78c4d,0.5272396207,if6_consensus_when_public_stable_and_legacy_neutral
g6_LC:0000322:4610129a3873,4610129a3873603331c8c3e3bbf29367eab2f9e133bdad955bf667032e32e808,0.5383341908,if6_consensus_when_public_stable_and_legacy_neutral
g6_LC:0000323:40877fe01525,40877fe015259e9db2f65181c294abc9daa7719457c0bd98476fd675d8db7dda,0.1508527994,if6_consensus_when_public_stable_and_legacy_neutral
g6_LC:0000324:969bd1b7c99d,969bd1b7c99d6a8fbb14fa58dacd2dad3eff8734d8a2810659e0ca87ed4cb99d,0.165590331,if6_consensus_when_public_stable_and_legacy_neutral
g6_LC:0000325:5bec6c43501c,5bec6c43501cdee5f1c57195ab6d15e74008afe8b5bda7531cff1db001b8d9cb,0.01142573263,if6_consensus_when_public_stable_and_legacy_neutral
g6_LC:0000326:ca3abdaa048b,ca3abdaa048b851c540fcaa6f842a948dcb748083af87b1b7c9ad4a37bd091fb,0.08047690243,if6_consensus_when_public_stable_and_legacy_neutral
g6_LC:0000327:e79337b45757,e79337b457575d9f71a7e6f801f11b1817e4c2aedd2f63102602dcddb8e88a18,0.09057790786,if6_consensus_when_public_stable_and_legacy_neutral
g6_LC:0000328:b449e4d94f3f,b449e4d94f3f7a7f438c72d7a65d0ec9ff5f77d999210c581f9c142507edb744,0.04769001529,if6_consensus_when_public_stable_and_legacy_neutral
g6_LC:0000329:3ba1987ce120,3ba1987ce120ae991ee8e615dc0e241b20084bd8af99bbb1d28b578ac55fdd55,0.04984268919,if6_consensus_when_public_stable_and_legacy_neutral
g6_LC:0000330:7c27460f3f25,7c27460f3f254801a2273461d134e5ef5273888b5becfaff07c785a2bb3dff70,0.6583871245,if6_consensus_when_public_stable_and_legacy_neutral
g6_LC:0000331:054a0b926c4f,054a0b926c4ff24d451493d34ffdfe0d2a19e7a9ce1a822bf70abaf8bd6fa05d,0.1039907336,if6_consensus_when_public_stable_and_legacy_neutral
g6_LC:0000332:29076f2ba79f,29076f2ba79fc8fbf54f7657c906a269b2372d932a855eccc0581450a2ac525a,0.514654696,if6_consensus_when_public_stable_and_legacy_neutral
g6_LC:0000333:ef79f20df639,ef79f20df6393cdd797ba9b6abf0461177ce0a6a5c7a324ea39d9a40f0b4c6c2,0.2617982924,if6_consensus_when_public_stable_and_legacy_neutral
g6_LC:0000334:1869e0441ce2,1869e0441ce277d3e314f3f133de0d10c306947b2fd00cc44307dd410acd7382,0.06408345699,if6_consensus_when_public_stable_and_legacy_neutral
g6_LC:0000335:372a8de4978e,372a8de4978e8a70bd4f014b62af98cfc284fe4fbfd4485745e411ce281aa380,0.01556549128,if6_consensus_when_public_stable_and_legacy_neutral
g6_LC:0000336:4ea50b34582a,4ea50b34582ae2de5f8f821bea065e307a3aea56c75dc9c47821c4ba793e1bb8,0.136115253,if6_consensus_when_public_stable_and_legacy_neutral
g6_LC:0000337:6a645c606594,6a645c6065945b72f99273d9ad7cd005febddc062c0aff848a332c7451359518,0.1237787679,if6_consensus_when_public_stable_and_legacy_neutral
g6_LC:0000338:362f85f4302c,362f85f4302cb2edd36bdba4db59b52f101b0b47af3d71ace9ad24b66dfb43c9,0.06871999055,if6_consensus_when_public_stable_and_legacy_neutral
g6_LC:0000339:8e4e5ec3a7cc,8e4e5ec3a7cc6a4125d75188aaedd7eba2788555d99fa9880c1b5e56d3e7c201,0.2482199073,if6_consensus_when_public_stable_and_legacy_neutral
g6_LC:0000340:d2285b57b136,d2285b57b136639d375ccdc2df70211a424ff8c294deb2b17c73420a6548094b,0.02781917714,if6_consensus_when_public_stable_and_legacy_neutral
g6_LC:0000341:27128df88db1,27128df88db184dfa58a099785e2256f4d74e62d1d695571d9b6962960dae245,0.06557376683,if6_consensus_when_public_stable_and_legacy_neutral
g6_LC:0000342:3383197b0718,3383197b071843dffeaef27964af3247643dd4f52f9e3368892f478e9f0ef762,0.7478058934,if6_consensus_when_public_stable_and_legacy_neutral
g6_LC:0000343:f1aa892b10f0,f1aa892b10f0ca3cef93c13132f9d81814f8a39e92822fedc44a8c0a3e1d6dcf,0.4921344519,if6_consensus_when_public_stable_and_legacy_neutral
g6_LC:0000344:33f281b8be79,33f281b8be79dc9d450d078325602ea1f226dec55f2b59550412dca21a0b61ab,0.7011094689,if6_consensus_when_public_stable_and_legacy_neutral
g6_LC:0000345:06fbe5fa0986,06fbe5fa09865e54a094876dda8c65ef9e7d83d573abaa1faa93633704ecca5a,0.7928465009,if6_consensus_when_public_stable_and_legacy_neutral
g6_LC:0000346:6df12d6b00de,6df12d6b00de4731746ea9a7a51a5ead4bfdd61176e7c2c8e82532f324d445c5,0.4926312268,if6_consensus_when_public_stable_and_legacy_neutral
g6_LC:0000347:c883c6415363,c883c641536327b77b63e6cb8e964864c5fa758340a37f65e7ca0caca6c20619,0.4293757379,if6_consensus_when_public_stable_and_legacy_neutral
g6_LC:0000348:c3f267c4a85c,c3f267c4a85c6907f8acbb3e8c98ab8e3312bb0bbd437d913ffb8fdb09d9405e,0.507368803,if6_consensus_when_public_stable_and_legacy_neutral
g6_LC:0000349:7ed970f8ab30,7ed970f8ab30ae0c26144335bf7d485453d79e5722cb15cffea0de6cfdb0da54,0.9090909362,if6_consensus_when_public_stable_and_legacy_neutral
g6_LC:0000350:020aa90b73c6,020aa90b73c60a85137a32cdf005df310adae920ae236a9a07f7ce2472cbe3e3,0.6640172601,if6_consensus_when_public_stable_and_legacy_neutral
g6_LC:0000351:6d4eb7c77ed8,6d4eb7c77ed851b8f0b002949e97e7d1842f30abf14aee5982a024bdbabeeb25,0.7062427402,if6_consensus_when_public_stable_and_legacy_neutral
g6_LC:0000352:35ab630a6950,35ab630a6950f28445701d30b2d81b067ccaf5606e09ad648d40701783e9370f,0.6747806072,if6_consensus_when_public_stable_and_legacy_neutral
g6_LC:0000353:5d274f7314bc,5d274f7314bcb4719d61b5253c61e6a7a6ea2a3a666cc788d055d0c90d7acd2b,0.7630402446,if6_consensus_when_public_stable_and_legacy_neutral
g6_LC:0000354:cdaad0887c26,cdaad0887c2602751cc9c694072432b55652f25c78d6712f64299bafd1a1d317,0.3780427277,if6_consensus_when_public_stable_and_legacy_neutral
g6_LC:0000355:bcd00f7afecd,bcd00f7afecdee41295a5b61d5efb049f1c0595bf399c7fd946425408d9cef82,0.7590661049,if6_consensus_when_public_stable_and_legacy_neutral
g6_LC:0000356:7826bc676531,7826bc67653156ad338c0a03bd207550520b8ed70b94b2a241906b1141305aee,0.7640337944,if6_consensus_when_public_stable_and_legacy_neutral
g6_LC:0000357:729aba37bafb,729aba37bafb35fc45192ef20125cc283f6f29902c2e97aa4ebaf5f36623b529,0.8072528839,if6_consensus_when_public_stable_and_legacy_neutral
g6_LC:0000358:a78a0c0bd69a,a78a0c0bd69ac36f82715e3d081f9960475288613b25c423f7ce48bb511037d2,0.9044544101,if6_consensus_when_public_stable_and_legacy_neutral
g6_LC:0000359:1b1172c53d8c,1b1172c53d8ca56f3a3b85189486cfd4dfce5a4552f13d83ce9bc4231ec59fc6,0.3433515728,if6_consensus_when_public_stable_and_legacy_neutral
g6_LC:0000360:a6357a7402cb,a6357a7402cbfd02c74dde54742873d94d8da626106e436a417aa18cd3dcfe7e,0.4309488237,if6_consensus_when_public_stable_and_legacy_neutral
g6_LC:0000361:aa7a1c50bf5b,aa7a1c50bf5bf23acdc8f24de5a5e0bb6483271ba10ce273431b8172833c1fd4,0.2939228415,if6_consensus_when_public_stable_and_legacy_neutral
g6_LC:0000362:dd10b1f83386,dd10b1f833864863db8c1595a222e6bee758c4751eaf5d1190678e88449908ad,0.2929292917,if6_consensus_when_public_stable_and_legacy_neutral
g6_LC:0000363:4b56bf0fe590,4b56bf0fe59082e6b714def11789f33897fa16ab3945ec3ed2683d2a99a4d40c,0.0793177709,if6_consensus_when_public_stable_and_legacy_neutral
g6_LC:0000364:0c9bc22d6ee5,0c9bc22d6ee553aceae0ce9184efbf2861bd8cda1696ef0ccf00306e46f2facb,0.1334658116,if6_consensus_when_public_stable_and_legacy_neutral
g6_LC:0000365:fc1a94df62a0,fc1a94df62a05653ee80dd35e268b70e1c55e3c21a12108fac6e1d6af309e9d9,0.4770657122,if6_consensus_when_public_stable_and_legacy_neutral
g6_LC:0000366:d944ee5a771a,d944ee5a771ae8f59ecc25201c45dda102c8e9340ee26bd199ae27d1e6514a0f,0.1665838808,if6_consensus_when_public_stable_and_legacy_neutral
g6_LC:0000367:3a4f4abf988c,3a4f4abf988c1b40dd95c40b62239a0d7550682c35d3fa4eb96692a3abde544c,0.1561516821,if6_consensus_when_public_stable_and_legacy_neutral
g6_LC:0000368:049daad616bc,049daad616bca8293fa33bd8ce18c4c31daf671580d15495857f642562b2611f,0.192250371,if6_consensus_when_public_stable_and_legacy_neutral
g6_LC:0000369:e12b144bc638,e12b144bc638792b37b7bd1284437508998b484660db555e2ce8fc56ffff8cb5,0.7271071076,if6_consensus_when_public_stable_and_legacy_neutral
g6_LC:0000370:080dcd07f285,080dcd07f285850b4ee920b0df6eccd5ce3bae3deb004475effc8206ce7e701e,0.5226030946,if6_consensus_when_public_stable_and_legacy_neutral
g6_LC:0000371:25b1517f5615,25b1517f56156922dea99ad8dd5d4fc371e7f7b1553bd2767e6822cd97b2bc1c,0.1574764103,if6_consensus_when_public_stable_and_legacy_neutral
g6_LC:0000372:4f5a122e5d2e,4f5a122e5d2e8f575025a7c7f2c080fade954ffccee24f4c2a4ed2ee2cc3e805,0.1164099872,if6_consensus_when_public_stable_and_legacy_neutral
g6_LC:0000373:c8511f658775,c8511f6587759184cefb09b023caa7b1d38c0faa7e351be5702143f847c10456,0.2066567391,if6_consensus_when_public_stable_and_legacy_neutral
g6_LC:0000374:8f649d9eb904,8f649d9eb904235538086323a6f5ce3b7d1cd0b04a7e8df1713296a6ac237ef1,0.1821493655,if6_consensus_when_public_stable_and_legacy_neutral
g6_LC:0000375:79ff22c74c75,79ff22c74c75a2e3cba6ae6a95bf45f197dd6ffc2082998ee2a04791bfc30ac3,0.1700612754,if6_consensus_when_public_stable_and_legacy_neutral
g6_LC:0000376:4346923849fe,4346923849fee3f82473dd3ff84fff8b4e546764f4b7d1b8842a95191d5d85c9,0.291438967,if6_consensus_when_public_stable_and_legacy_neutral
g6_LC:0000377:c552b07395a9,c552b07395a9e47020ec81f6f5710639e044de07b611bdfe84989524e10ef71e,0.8405365348,if6_consensus_when_public_stable_and_legacy_neutral
g6_LC:0000378:46bc4aebb459,46bc4aebb4598a60e0961f28e04f017cf5a49df11cda489dad2ce76035ab262e,0.09968537837,if6_consensus_when_public_stable_and_legacy_neutral
g6_LC:0000379:dda5a709ab34,dda5a709ab34d15bdeb15e79f684edb810a5c22036613550c945ce2208f9d81a,0.1862891167,if6_consensus_when_public_stable_and_legacy_neutral
g6_LC:0000380:ab09fc49023a,ab09fc49023acd1d0c737cd79da3ea12f311a845c4428b345fc149aee87d858d,0.5467792153,if6_consensus_when_public_stable_and_legacy_neutral
g6_LC:0000381:c1f5f264b1c0,c1f5f264b1c0c0f798620661e97350927786604537c6fd5671b2d41263d6c572,0.2218910456,if6_consensus_when_public_stable_and_legacy_neutral
g6_LC:0000382:1e502555b98f,1e502555b98f60c607c821c9e0189ba09bbf373ef00f320d6ccbd12ada5b1793,0.4553734064,if6_consensus_when_public_stable_and_legacy_neutral
g6_LC:0000383:ac44e00ba13d,ac44e00ba13dfdc45dd17d7711c30dea79d18fac23e7c1d59970e3b9ca96aaec,0.4586851895,if6_consensus_when_public_stable_and_legacy_neutral
g6_LC:0000384:c3a2231c4688,c3a2231c468867a07f26671a8feb6cd33a954bff05e0b7938da72c6e062a6d84,0.1231992021,if6_consensus_when_public_stable_and_legacy_neutral
g6_LC:0000385:eacd6bd45c5c,eacd6bd45c5cab98f514008b5da3c3036e6850f876bf696179bf11c873d8b949,0.4813710749,if6_consensus_when_public_stable_and_legacy_neutral
g6_LC:0000386:4260e2980588,4260e298058882a7ece78b61b511ae912aa4d6b41a750e81183d63cd36e766b1,0.4451067746,if6_consensus_when_public_stable_and_legacy_neutral
g6_LC:0000387:13453b8969dd,13453b8969dd401e62ec90ff3dd31b14b76e4bef39c86205767e20d78ed9c4fe,0.4470938742,if6_consensus_when_public_stable_and_legacy_neutral
g6_LC:0000388:2700d34e5082,2700d34e50827556f9c60fc36f00104191165709591c8cfd294795a7d7d71617,0.4773969352,if6_consensus_when_public_stable_and_legacy_neutral
g6_LC:0000389:ba344c5e546c,ba344c5e546c2d189018a8842d3db3bfc3850950ebc4874cc5afa964eec0bf17,0.3119721711,if6_consensus_when_public_stable_and_legacy_neutral
g6_LC:0000390:deb0a52ea4c8,deb0a52ea4c82ca7c1bcbc4be5ffa43113d77a373ae40fcf782cbc3dadcb761a,0.3136280775,if6_consensus_when_public_stable_and_legacy_neutral
g6_LC:0000391:ccc2620f44f1,ccc2620f44f1216cdfee0f792b01b7a78f76edb61fb2ac89e167a5a976b312a5,0.5712866187,if6_consensus_when_public_stable_and_legacy_neutral
g6_LC:0000392:280a91abad34,280a91abad34061cbc8869bdcefa43e70fc802ac27284b2ef49b0f54d75be2a9,0.248882249,if6_consensus_when_public_stable_and_legacy_neutral
g6_LC:0000393:bed1ed0382ec,bed1ed0382ec15a46ef4bb50018c93c80da4e523a9f9e96e643c6d8c426eb678,0.5759231448,if6_consensus_when_public_stable_and_legacy_neutral
g6_LC:0000394:ef0ac23d1e60,ef0ac23d1e600f9860f0b0dcf318df5f350068f86879c0cdbc6582710ced1f0e,0.6270905733,if6_consensus_when_public_stable_and_legacy_neutral
g6_LC:0000395:eddf063d33ac,eddf063d33acb40a1d62500422f6f964cb4c8a2b34e3246cf7c49c027bf874e4,0.8958436847,if6_consensus_when_public_stable_and_legacy_neutral
g6_LC:0000396:fcccd89d7701,fcccd89d7701f006b7499d9c4f28eb7088121780a5edd248891d008e6d7c2d4a,0.4045371711,if6_consensus_when_public_stable_and_legacy_neutral
g6_LC:0000397:4208dd32ab13,4208dd32ab138c4b43b857a79ab516a9f4db03754d03ccf83a9032373b890c63,0.1808246374,if6_consensus_when_public_stable_and_legacy_neutral
g6_LC:0000398:0b38b22d695b,0b38b22d695b77949dfb61e497778b538209a372304cfd0e14d127fcd24877dc,0.2152674347,if6_consensus_when_public_stable_and_legacy_neutral
g6_LC:0000399:08c4a587ae2c,08c4a587ae2cb6e2378d1eccd5d0b8c2523acf372f8c2236c63680160101d25a,0.4775625169,if6_consensus_when_public_stable_and_legacy_neutral
g6_LC:0000400:a82685f42b06,a82685f42b06f2a454ba223c15fe8cf6f0300da53fcc71be94bbc13869bb45b0,0.204007268,if6_consensus_when_public_stable_and_legacy_neutral
g6_LC:0000401:50cd07580f24,50cd07580f24fb18acc4dab4d24c27105dbb15ae61a60ce8823c69003698ff26,0.1453883052,if6_consensus_when_public_stable_and_legacy_neutral
g6_LC:0000402:a587e5dbdc93,a587e5dbdc9392f9843bfc2d01eb86b255ee97e591d38783a510cdfcde78e9f8,0.3055141866,if6_consensus_when_public_stable_and_legacy_neutral
g6_LC:0000403:3a61810c1257,3a61810c125747a7ea848f4af28a0312460e50d78d3da4f874d3335311dc1d23,0.3093227446,if6_consensus_when_public_stable_and_legacy_neutral
g6_LC:0000404:8eb6ebddaf41,8eb6ebddaf41861f84a46fc546d453c084a106c9f12be954e3509b42d8f42e7a,0.2053320259,if6_consensus_when_public_stable_and_legacy_neutral
g6_LC:0000405:3b958e3f0de1,3b958e3f0de1dc7f15f5b414966bef60cc4c37e2e07bc97d2e8289749d7c9da9,0.2414306998,if6_consensus_when_public_stable_and_legacy_neutral
g6_LC:0000406:cc30f41f9b53,cc30f41f9b53c4dfe4f6ab1147d5524c218148d3af30aaa3a198104b1b1008f8,0.05911574885,if6_consensus_when_public_stable_and_legacy_neutral
g6_LC:0000407:908b09443ad3,908b09443ad326575737d5e52f849cfd496001bf30a2036dc14eb29e752f2e86,0.2111276835,if6_consensus_when_public_stable_and_legacy_neutral
g6_LC:0000408:b20816931e2a,b20816931e2a8064c1a9e9015e3b9dbebc8601b944fa044575c32c4b9b6f3923,0.2846497893,if6_consensus_when_public_stable_and_legacy_neutral
g6_LC:0000409:9d59ef639473,9d59ef6394732e2028a72ac5a0e539eafd2eebae1b9a4f55ac7d1da178938740,0.29375723,if6_consensus_when_public_stable_and_legacy_neutral
g6_LC:0000410:8df062402182,8df062402182f318089df2b8ef79de821bd7ed3c80534c832353ef99854872fb,0.05745984241,if6_consensus_when_public_stable_and_legacy_neutral
g6_LC:0000411:e1b17329a534,e1b17329a534fb206129f29efde6aa50734d1e1409d5c9a0c0ed88dbb71cd380,0.1500248462,if6_consensus_when_public_stable_and_legacy_neutral
g6_LC:0000412:4291208990c5,4291208990c5456155a0a1a807f216e3e1979f2d8ea64201e453e3bff7cb0b5f,0.09090909362,if6_consensus_when_public_stable_and_legacy_neutral
g6_LC:0000413:e6ff4244c900,e6ff4244c900fd4615d0f55ede09fa18ef9df46d3184f8afa6028fcd602763b7,0.4179500043,if6_consensus_when_public_stable_and_legacy_neutral
g6_LC:0000414:aaafc0778344,aaafc077834483eed1c9eb574428a9a314ca55441e17cc0317f42d6f3c647aea,0.2945851982,if6_consensus_when_public_stable_and_legacy_neutral
g6_LC:0000415:d014803277b5,d014803277b52a4b212d1817e22059e4dbe7f34a2efe516c192b2eaf8af27ad8,0.3123033643,if6_consensus_when_public_stable_and_legacy_neutral
g6_LC:0000416:47b5f12001ea,47b5f12001eadd24a380009cdf43c19ce1b09f2569f21dae326605f2ce48e10f,0.1819837689,if6_consensus_when_public_stable_and_legacy_neutral
g6_LC:0000417:56fb190e8acb,56fb190e8acb6b3c194b85b0f67474bb618bb851e052b54dbd253b63c9d2a794,0.2263619751,if6_consensus_when_public_stable_and_legacy_neutral
g6_LC:0000418:0a408fa1e575,0a408fa1e575613ffd3da56dd4a14eb872bd7fd48646a3257d1c950ea6e61945,0.8024507165,if6_consensus_when_public_stable_and_legacy_neutral
g6_LC:0000419:fc80f5c5d88f,fc80f5c5d88f9bde22bc8d2b8c3a74ec6a173824a85b0091c6e2aed7fc887ea3,0.5447921753,if6_consensus_when_public_stable_and_legacy_neutral
g6_LC:0000420:74bd6d3b98ae,74bd6d3b98aef308289512dd4492465a492c9ba369fbd2a3ce3c340f9a9e0708,0.7065739036,if6_consensus_when_public_stable_and_legacy_neutral
g6_LC:0000421:cdf2ce4a83a4,cdf2ce4a83a4f3b89b72d8e478961879a439d1f3a40eabdec21ecf26267cd455,0.7580725551,if6_consensus_when_public_stable_and_legacy_neutral
g6_LC:0000422:d4a03c1c3a63,d4a03c1c3a635929ffb62434440eb651b3cf92f5b11a634b42b95657abf3e040,0.5736048818,if6_consensus_when_public_stable_and_legacy_neutral
g6_LC:0000423:9bb6382aaca2,9bb6382aaca2b9ee48ec5f45caff5c56bcb41c7eb188c54ca0725123f51e795c,0.6206325889,if6_consensus_when_public_stable_and_legacy_neutral
g6_LC:0000424:5ecfb50866bd,5ecfb50866bdf98136309470b2fa4e5ced417ff64174bb9e934daf0a7088cd18,0.9637357593,if6_consensus_when_public_stable_and_legacy_neutral
g6_LC:0000425:ff1f2a85ba5c,ff1f2a85ba5c93da05cdfd7597b0d87ae60c931f6eb31ff6537d72b5369dd38a,0.7579069138,if6_consensus_when_public_stable_and_legacy_neutral
g6_LC:0000426:d12620729e0a,d12620729e0a6a88ea071598517d4334f8077ede6b3f73fb949e359c5e937ee0,0.9559529424,if6_consensus_when_public_stable_and_legacy_neutral
g6_LC:0000427:853c24392a36,853c24392a361ac4c63cd8c5a71e5351709015c80c08c94763f9d35c9dca784a,0.741679132,if6_consensus_when_public_stable_and_legacy_neutral
g6_LC:0000428:7c18427b2e66,7c18427b2e66d172ecb36305f9129c512593b8e49f5c03baaeebebe238a841fa,0.5734393001,if6_consensus_when_public_stable_and_legacy_neutral
g6_LC:0000429:1c3cfcdf725e,1c3cfcdf725e85ed49f263e93f05504d7014feb72b4704ef985127a3f0741a26,0.7930120826,if6_consensus_when_public_stable_and_legacy_neutral
g6_LC:0000430:b703774020d5,b703774020d5fde5e7127caf9408bac415d4aa064a57a69c0964566e2507ca4f,0.3132140934,if6_consensus_when_public_stable_and_legacy_neutral
g6_LC:0000431:69a20ec338f2,69a20ec338f2c57684059282ada051e3329a9c36f56692ea8ce84bf922afe102,0.9225037098,if6_consensus_when_public_stable_and_legacy_neutral
g6_LC:0000432:949a0656218e,949a0656218efc8feb6ab1f5b6aa1a74a44718fd00ec0990073946954ea13318,0.9125683308,if6_consensus_when_public_stable_and_legacy_neutral
g6_LC:0000433:740180b62240,740180b62240838bd7cdf0c78f7f024a1cd8d0298642eae07d2236b1d8683b18,0.9365789294,if6_consensus_when_public_stable_and_legacy_neutral
g6_LC:0000434:19edd7f0c20c,19edd7f0c20cfc640df414db4e34dcc63e7a02b99a1b5155d1034969d390f756,0.7913562655,if6_consensus_when_public_stable_and_legacy_neutral
g6_LC:0000435:0266f87fa791,0266f87fa7913a6bc222ba7aa049d1b67c2c191482d4337143971a217eee8eb1,0.6173207164,if6_consensus_when_public_stable_and_legacy_neutral
g6_LC:0000436:6244996a8306,6244996a830634a6fbf76ecd2b68ad8e42220dffb0305cdc0da3366d095aa839,0.6623613238,if6_consensus_when_public_stable_and_legacy_neutral
g6_LC:0000437:50f6de11db4a,50f6de11db4a27c425572ce63a741e453b4f92695182138615bb190d442f0d60,0.6775956154,if6_consensus_when_public_stable_and_legacy_neutral
g6_LC:0000438:ecf675463e0f,ecf675463e0f56a4fd88d77321dc0c520374a6b1c8af0a75bf5f688d1dd5f62e,0.3232323229,if6_consensus_when_public_stable_and_legacy_neutral
g6_LC:0000439:a4ab570aa077,a4ab570aa0778a8ef2cf85bd9a25bfcddd6e090a77d1717067121176753c37b0,0.3192581236,if6_consensus_when_public_stable_and_legacy_neutral
g6_LC:0000440:06d49692fa4c,06d49692fa4c7f57e6257e59a1c53da5bc0300b41489a677e187aefe31952f71,0.6284152865,if6_consensus_when_public_stable_and_legacy_neutral
g6_LC:0000441:091e666eb5db,091e666eb5dbd0720ba2986e39f8179bf862974b42f5f077aab09f4aa29d34d8,0.6653419137,if6_consensus_when_public_stable_and_legacy_neutral
g6_LC:0000442:1498bbf10dcc,1498bbf10dcc1099e3fcb9773fe0c24b03110ab8d058a3c7690d70a6b255cc11,0.4807087183,if6_consensus_when_public_stable_and_legacy_neutral
g6_LC:0000443:de2a16cc64f0,de2a16cc64f00ee21613e065b23b8a9f937f50b45ff08ccdb819e04654e6a7ba,0.7519456744,if6_consensus_when_public_stable_and_legacy_neutral
g6_LC:0000444:ace9cbb773da,ace9cbb773dafaf3f89728cc7c4fba2ff2cfeed13ee268eeb6503988f46d033c,0.4737539291,if6_consensus_when_public_stable_and_legacy_neutral
g6_LC:0000445:2116559a7485,2116559a7485e9e2ce8706914e857293b9c12a871f490e14a69bbaa280d8b08e,0.7807583809,if6_consensus_when_public_stable_and_legacy_neutral
g6_LC:0000446:557656e305a0,557656e305a0e6c32e8c59767b7cb55178737c703f8ee1887ce6905ddde532ec,0.6691505313,if6_consensus_when_public_stable_and_legacy_neutral
g6_LC:0000447:123a04fa6b60,123a04fa6b609e69e25d2a347d96d7e8a01666cea1049e54e4e0bcd0501d6aea,0.5494287014,if6_consensus_when_public_stable_and_legacy_neutral
g6_LC:0000448:3bf1b89ffb3e,3bf1b89ffb3eb965917b699526f3f58907d894eeb2f52092bde1e77bff61e7a3,0.4723464251,if6_consensus_when_public_stable_and_legacy_neutral
g6_LC:0000449:364ccf702b81,364ccf702b81ac11d2f7b51b8dd9e1c68374cfb02a7c71bc675ad558d9e22aab,0.4550422132,if6_consensus_when_public_stable_and_legacy_neutral
g6_LC:0000450:38f07b5f22aa,38f07b5f22aa5c4151222b06752f05d707425fedb8cd9f4d8cfd9fd0530eadf4,0.5340287685,if6_consensus_when_public_stable_and_legacy_neutral
g6_LC:0000451:25fde287140d,25fde287140d58998a0e0e78af70a86cec87a4bf95fbf75227c3e90b99e2d88f,0.901804924,if6_consensus_when_public_stable_and_legacy_neutral
g6_LC:0000452:005e929ea1de,005e929ea1def2c89ca42f0a37e89ea62741b952284347e7cd3d410f28b2119c,0.8446763158,if6_consensus_when_public_stable_and_legacy_neutral
g6_LC:0000453:70682ace02bf,70682ace02bf7e4c6874244a8f81d51ff3990a753e022351edb2d27525a722be,0.887398541,if6_consensus_when_public_stable_and_legacy_neutral
g6_LC:0000454:1dad5291ca29,1dad5291ca29ca2252fb4e539609d5f5b2fd8b8ccca958bb36f09bac4d8e9464,0.2972346246,if6_consensus_when_public_stable_and_legacy_neutral
g6_LC:0000455:0d45f0197b28,0d45f0197b28949290b66ba11e09a501b9127880785bc4882e3f41e67eec9260,0.4422917366,if6_consensus_when_public_stable_and_legacy_neutral
g6_LC:0000456:7df87cc254bc,7df87cc254bc90438d4c93ea03a70984489682375c84034063f3be263c62e7fd,0.4846828878,if6_consensus_when_public_stable_and_legacy_neutral
g6_LC:0000457:68250f21c054,68250f21c054db3a4cf126ca38ab9dd9a13d960cac14e2bb6bde998946beaf91,0.3225699663,if6_consensus_when_public_stable_and_legacy_neutral
g6_LC:0000458:291e89289599,291e89289599bf05043eb9ff090e0676a5c63a3247db482f5c08f5419888bda9,0.6509355903,if6_consensus_when_public_stable_and_legacy_neutral
g6_LC:0000459:9493475756b7,9493475756b7282069c5b1b84730acc1bfedd85dbf066ff9e9e8a36fac096aaa,0.3262129724,if6_consensus_when_public_stable_and_legacy_neutral
g6_LC:0000460:d1657184afa9,d1657184afa95152a604e2004b2bce5b2c77431f8c8f6f7b5e7d7d9e241987f6,0.3575095236,if6_consensus_when_public_stable_and_legacy_neutral
g6_LC:0000461:bcc9788e19cc,bcc9788e19cc8fd302fbbd7d69a331cfde54391df0e711932445e79ce8c478a2,0.5173041821,if6_consensus_when_public_stable_and_legacy_neutral
g6_LC:0000462:4c61f5d3f40b,4c61f5d3f40bf2d866b0ff037c717aad8f92f61518993a4cb79f90c87ea67369,0.4706077278,if6_consensus_when_public_stable_and_legacy_neutral
g6_LC:0000463:9732c721dd66,9732c721dd661a7831a655e11da3c9085105fb43aceb831c1c3521b5ab99b0b9,0.4230833054,if6_consensus_when_public_stable_and_legacy_neutral
g6_LC:0000464:987367196ed8,987367196ed80a8782275dc9ba73bf666c555b66539efd589bbdca45fdca2b24,0.385825485,if6_consensus_when_public_stable_and_legacy_neutral
g6_LC:0000465:44c7ebac0d3a,44c7ebac0d3ae2d790061cc58a547cf2cbebdb9c06c2f3602a9af994a95284c5,0.4258983135,if6_consensus_when_public_stable_and_legacy_neutral
g6_LC:0000466:60243e3e5168,60243e3e5168297e5acbd3f06d3362442b85dfd5ae2ff40e35a54443e11aee05,0.3093227446,if6_consensus_when_public_stable_and_legacy_neutral
g6_LC:0000467:60db525751f9,60db525751f9e241ac1ff190c5574959c4b24e670929001388f3fe51cb4a3f05,0.7516145706,if6_consensus_when_public_stable_and_legacy_neutral
g6_LC:0000468:b74713148f12,b74713148f126ddb4699aa82681324a2baed3977df90407d08aad2ff972083b0,0.1379367411,if6_consensus_when_public_stable_and_legacy_neutral
g6_LC:0000469:fd33a523f169,fd33a523f169c222f2e6320029ee14171039bc276c5d3bba3f1aa541078bd27f,0.4507368803,if6_consensus_when_public_stable_and_legacy_neutral
g6_LC:0000470:d89b018cd165,d89b018cd165c7d22fedfd85ba52d876bfc01290cfc3ce986854148a632721f1,0.4643152952,if6_consensus_when_public_stable_and_legacy_neutral
g6_LC:0000471:d3760d0b81ca,d3760d0b81ca5d686b3dbb7d716a3730358fc5e157027589a32f5f3372d59007,0.8537009358,if6_consensus_when_public_stable_and_legacy_neutral
g6_LC:0000472:8a3e1c787e74,8a3e1c787e7482a31b87a2925319d45e8440f4dc422d03ba6344eada96a664a5,0.3995694816,if6_consensus_when_public_stable_and_legacy_neutral
g6_LC:0000473:5124d90eb236,5124d90eb23637bc14dd877310494c5a56967d76bc96d42f8f29df84f9e1af36,0.3421095908,if6_consensus_when_public_stable_and_legacy_neutral
g6_LC:0000474:13ed013d8bfb,13ed013d8bfb967cc0f13e5063495ec437694a1b93a70760741928bac09113e6,0.3681073189,if6_consensus_when_public_stable_and_legacy_neutral
g6_LC:0000475:ce670340522d,ce670340522dda795434e078949a576ff529dbf82595293184d04fbb2eac5cd8,0.8147044182,if6_consensus_when_public_stable_and_legacy_neutral
g6_LC:0000476:c0eed7227284,c0eed722728497203dc553dc50f0eb6e7c51605491667bbd54c10f783554c1b9,0.5161450505,if6_consensus_when_public_stable_and_legacy_neutral
g6_LC:0000477:98d890c1e93f,98d890c1e93f55fc88def7156b20a19f6b076fa75272f146bee7deac44377737,0.6769332886,if6_consensus_when_public_stable_and_legacy_neutral
g6_LC:0000478:0becfb4db9a1,0becfb4db9a17d18b8d676ce68f430e90b25ff84d0ccbb6319775bebf1f8034a,0.8310979009,if6_consensus_when_public_stable_and_legacy_neutral
g6_LC:0000479:0e267030f740,0e267030f740e1fb10c46f451a85075ce680fa245950955f3de1935ceef6bef7,0.5638350844,if6_consensus_when_public_stable_and_legacy_neutral
g6_LC:0000480:c0d8d1e93d5f,c0d8d1e93d5fb3ddc5356a412bec5aa7adc2f77a22c3d99887328e9d1d04edcd,0.7618811131,if6_consensus_when_public_stable_and_legacy_neutral
g6_LC:0000481:bd9786f44012,bd9786f440125d63cd7d8975c78a0a3b3fdc7b07b6dd037e69f3e44e4d180c9f,0.7739691734,if6_consensus_when_public_stable_and_legacy_neutral
g6_LC:0000482:1c6cd134af41,1c6cd134af411cd9d1f79c92fbdf46f613086f3b5c631ffbce735ff45223380d,0.7762874961,if6_consensus_when_public_stable_and_legacy_neutral
g6_LC:0000483:0fb9aa1b62a7,0fb9aa1b62a7ae20f8e906cf4e6dccabded03e9511579d6bbb3d19d99847cb95,0.8150356412,if6_consensus_when_public_stable_and_legacy_neutral
g6_LC:0000484:19684d7716c9,19684d7716c9a8721b4e6c78d343bd2c2f2f39b4d57967847d43173eb97ed92f,0.7496274114,if6_consensus_when_public_stable_and_legacy_neutral
g6_LC:0000485:b0576b1ee8e6,b0576b1ee8e65e2c1501be6793b701307085a5893cdff1df8268c988da5904cf,0.7206490636,if6_consensus_when_public_stable_and_legacy_neutral
g6_LC:0000486:f1e878fcf635,f1e878fcf6351cd039faa1b9402b0b0afdb14a6847cb38d209af94c83968f283,0.7749627233,if6_consensus_when_public_stable_and_legacy_neutral
g6_LC:0000487:ed090957b8a8,ed090957b8a80be1479e6ac8797c2b5bbdf2a195d50776240854292789aa84e0,0.4307004511,if6_consensus_when_public_stable_and_legacy_neutral
g6_LC:0000488:c7b857aae712,c7b857aae712897c7fe326672b86b9d5673dd64bfc0c4ea5085e6ab06af03ba6,0.9132306576,if6_consensus_when_public_stable_and_legacy_neutral
g6_LC:0000489:8cf3434465ca,8cf3434465ca764fe2648dd7e461adc40dbe376fd307bdebd321788ae2c00a5d,0.8968372345,if6_consensus_when_public_stable_and_legacy_neutral
g6_LC:0000490:81c7becc8eba,81c7becc8eba7b0f55250ef38236c36c9312ce8cd6b674f46ffa3886be32a39a,0.8370591998,if6_consensus_when_public_stable_and_legacy_neutral
g6_LC:0000491:773e2b1387a0,773e2b1387a0d85db6faf9f9fb3936ca651ac04f405be0b1e43775901dc24386,0.8032786846,if6_consensus_when_public_stable_and_legacy_neutral
g6_LC:0000492:abd487e5cc47,abd487e5cc47cd84418691a2bed974ad805f80705b8c871ab8840cd97b601675,0.4310316145,if6_consensus_when_public_stable_and_legacy_neutral
g6_LC:0000493:25c9e3ef7c96,25c9e3ef7c967bcb7b13c54a503db6b00857430a052dbb108c80f72424431919,0.5630071163,if6_consensus_when_public_stable_and_legacy_neutral
g6_LC:0000494:c1787f3026a7,c1787f3026a70c5411d866a85413282ac51641537e8f47f2abb6b715ddd22587,0.9153833389,if6_consensus_when_public_stable_and_legacy_neutral
g6_LC:0000495:3c63e333222a,3c63e333222a30d34848113eef7b8a3ae4ec7d37defa287a735a7f351db9b5e0,0.5563834906,if6_consensus_when_public_stable_and_legacy_neutral
g6_LC:0000496:ba781978c36a,ba781978c36ae145c8b5eff876674da322c10419f9a741fe6ec547e2d5b67deb,0.9278025627,if6_consensus_when_public_stable_and_legacy_neutral
g6_LC:0000497:1e2519a639a1,1e2519a639a148067aeb05708aaffe13998eb11895d8a007851fcb431ada99ac,0.8059280515,if6_consensus_when_public_stable_and_legacy_neutral
g6_LC:0000498:94bd9c1d2d9f,94bd9c1d2d9fe9faf9bdbf2139be9a13a99d16b8e576f3f5cbbac673130edfcd,0.879781425,if6_consensus_when_public_stable_and_legacy_neutral
g6_LC:0000499:857f375f5b44,857f375f5b44b0eed4470bd1484bdfbf38d08f0058a2979c0fae60b1b2cde90a,0.7988076806,if6_consensus_when_public_stable_and_legacy_neutral
g6_LC:0000500:6a7e1469626c,6a7e1469626cc92eedb405e63df82105f3a39b40c7cb272d0ff174711dfe8ce2,0.765689671,if6_consensus_when_public_stable_and_legacy_neutral
g6_LC:0000501:87c8f91dda26,87c8f91dda26546a5411711c1b6be265ab3b7fbc4e53d0f239a4cc41ec9a1cb0,0.7329028249,if6_consensus_when_public_stable_and_legacy_neutral
g6_LC:0000502:5638c530fefe,5638c530fefe0c85c819cf12c3f4687424ef4421f51f33f84e4ad250ebfd49fd,0.74747473,if6_consensus_when_public_stable_and_legacy_neutral
g6_LC:0000503:71b62a0ffe17,71b62a0ffe1737bf49a368b01356e7f82893225375c2df51142430bd6dd4c12b,0.671634376,if6_consensus_when_public_stable_and_legacy_neutral
g6_LC:0000504:7d88bc5a6be6,7d88bc5a6be689e4d43a1ab8ac9a5019b75e3282cbace64ea50c886203dceb3a,0.9465143681,if6_consensus_when_public_stable_and_legacy_neutral
g6_LC:0000505:b178bde9c673,b178bde9c673d7d0ff8b3434b0c20f88a42ed8c8409e7a3be3c0a44f8a244a8c,0.8549428582,if6_consensus_when_public_stable_and_legacy_neutral
g6_LC:0000506:b2e69e650909,b2e69e6509097afc8bbca04d04f072f93dffbcf0ca266233aa54fc52eeb8fb69,0.8461665511,if6_consensus_when_public_stable_and_legacy_neutral
g6_LC:0000507:76ec7f31d3b0,76ec7f31d3b0d01fbdd1f22986371f2c743a4760b4e2ca0a720d86190122c19f,0.7916873097,if6_consensus_when_public_stable_and_legacy_neutral
g6_LC:0000508:e3ef64d23b19,e3ef64d23b1930d69beb0470116f51ee39d5f4d26b5e47703fd9b68492d2c7d8,0.9483358264,if6_consensus_when_public_stable_and_legacy_neutral
g6_LC:0000509:49a0e8766171,49a0e8766171945e937901c6269bc330591c6f43e1beee4c7aa5962798e814db,0.8935254216,if6_consensus_when_public_stable_and_legacy_neutral
g6_LC:0000510:f281b197bbfb,f281b197bbfbc3b62c9661209679a6995171253e986322e11a53b5915657adcf,0.8259645104,if6_consensus_when_public_stable_and_legacy_neutral
g6_LC:0000511:0721939f0a62,0721939f0a627d0841fe8bce3d7203e4b1f5b3dcf01784993fe120923d30e3d1,0.7271071076,if6_consensus_when_public_stable_and_legacy_neutral
g6_LC:0000512:ac1726aad05c,ac1726aad05cd6672cd2d29854d63f797909d28ffc8fa4ddfbb59695c30c88ac,0.8488159776,if6_consensus_when_public_stable_and_legacy_neutral
g6_LC:0000513:cc9e8bcd0dfa,cc9e8bcd0dfa8e67827377a7acb5797b8220accc91e75a7688803535d507c844,0.6264281869,if6_consensus_when_public_stable_and_legacy_neutral
g6_LC:0000514:29c4d6f2eaea,29c4d6f2eaea09afe35f407ea0e76d41d421c36c61959ab065ab5d43c33deceb,0.5943036675,if6_consensus_when_public_stable_and_legacy_neutral
g6_LC:0000515:ad0613dd0df2,ad0613dd0df210482b4294e104e7c0a18f9b39bd01948467b88b5e0093e14000,0.2525252402,if6_consensus_when_public_stable_and_legacy_neutral
g6_LC:0000516:ed2f3b912a1f,ed2f3b912a1f1efe3d15a6e617ce262fce1601245085a97a9bea500f9e895666,0.3610697091,if6_consensus_when_public_stable_and_legacy_neutral
g6_LC:0000517:b67aa7f58fb0,b67aa7f58fb09665b9e2420730952ac553fcbfe7178aa095425a46fab8e2046c,0.5313794017,if6_consensus_when_public_stable_and_legacy_neutral
g6_LC:0000518:38516ef1638c,38516ef1638c87a9eb3a81aaeb2abe045a1d690a91df2392e2cf6f3c4089e6a8,0.3338301182,if6_consensus_when_public_stable_and_legacy_neutral
g6_LC:0000519:6bc91ea8878d,6bc91ea8878d98aaaf7103afe94c8a23da38e95268772d26ba44437f26f3e2d7,0.4575260878,if6_consensus_when_public_stable_and_legacy_neutral
g6_LC:0000520:ace40c6f2df4,ace40c6f2df44da5c2e46088dff6a6e2dd0b7ae3488afef1a9bb9bfc1c846382,0.9740023613,if6_consensus_when_public_stable_and_legacy_neutral
g6_LC:0000521:f2c496df7ac0,f2c496df7ac0090cc36c35d3e18ed4d0641db642def494e8d1670e1b9002fc46,0.4287133515,if6_consensus_when_public_stable_and_legacy_neutral
g6_LC:0000522:fe14428f09d2,fe14428f09d2e828812f71c4b3be2ef796ff501652ca7e50af850640056d3adb,0.7532703876,if6_consensus_when_public_stable_and_legacy_neutral
g6_LC:0000523:4e5a243fbce3,4e5a243fbce34bc73c49d8fecc9f59889a96909f20ee73fff2a160036c8f2101,0.6918363571,if6_consensus_when_public_stable_and_legacy_neutral
g6_LC:0000524:729164736afd,729164736afd9322d76f55eb796860989e4928eec9cca7e130495c28acad7b52,0.4807087183,if6_consensus_when_public_stable_and_legacy_neutral
g6_LC:0000525:307a15e6ef4f,307a15e6ef4f8d03f15498283b11e254d23775c5a85a73ea856dd9b96133cc79,0.2079814672,if6_consensus_when_public_stable_and_legacy_neutral
g6_LC:0000526:df9fbb11a89d,df9fbb11a89d65930940afe6899941a767369406f14c79ef72fa032bf0d08b5a,0.4845173061,if6_consensus_when_public_stable_and_legacy_neutral
g6_LC:0000527:9053c58e44dc,9053c58e44dc0a6ea1126df1a565931897ad0474ce21d37febd08c41dad8b001,0.6022520065,if6_consensus_when_public_stable_and_legacy_neutral
g6_LC:0000528:b69a4c4206f8,b69a4c4206f82b57a5ac253182ae6b81d19dcc511722ae13d7668310f0cf6999,0.5755919814,if6_consensus_when_public_stable_and_legacy_neutral
g6_LC:0000529:a23a5d034343,a23a5d03434390b448712d78f3117e4b3e0e8ec4f6ac7159fa8fa19c498a7ded,0.8060936928,if6_consensus_when_public_stable_and_legacy_neutral
g6_LC:0000530:19decab61115,19decab61115b10a0b14684a0f930a47ec2fd75f1a2e3a66a60c940cb9904bd1,0.2573274076,if6_consensus_when_public_stable_and_legacy_neutral
g6_LC:0000531:19aa189d83af,19aa189d83affa29f31a114405c2ac00309d8ca2b16cf93e39c055d6f861f8c1,0.4267262518,if6_consensus_when_public_stable_and_legacy_neutral
g6_LC:0000532:bcfd7f28c0d4,bcfd7f28c0d49b5a6487918d9c888e34edae909b8947fc6a2ca36e8153f3265d,0.9294585586,if6_consensus_when_public_stable_and_legacy_neutral
g6_LC:0000533:4cee0262f4bc,4cee0262f4bcf66c100b99e17e29fa1514c3a1c2d54f527236fc80cecf50f578,0.5481039882,if6_consensus_when_public_stable_and_legacy_neutral
g6_LC:0000534:8b79dcbe36b3,8b79dcbe36b3aa1735fa8ae058ababeb11ff5e17bf79101e9801559659eaa40e,0.9077661633,if6_consensus_when_public_stable_and_legacy_neutral
g6_LC:0000535:9c238e0e214f,9c238e0e214f84d4f581a0cdef1e7147bd889aff4014c149dbdbe06ad0a1fe59,0.8738201261,if6_consensus_when_public_stable_and_legacy_neutral
g6_LC:0000536:6a4de79c2cdb,6a4de79c2cdb8a4fe7496325263dd775b8cb51648676de23b71167c6cb120b5f,0.711044848,if6_consensus_when_public_stable_and_legacy_neutral
g6_LC:0000537:bc9ecb86113e,bc9ecb86113ec8a1e064df783416fdf1f85e77e24470427c1037b82b635234cd,0.976154983,if6_consensus_when_public_stable_and_legacy_neutral
g6_LC:0000538:076281311b25,076281311b251029841a83d5aaa3509b7a166a21efe64c93201a1e2f8d4278fd,0.7804272175,if6_consensus_when_public_stable_and_legacy_neutral
g6_LC:0000539:38e9f3279a28,38e9f3279a285744dd0fd63594c9380fbe19baa63ca75ee6c7959205d277d28e,0.6242755055,if6_consensus_when_public_stable_and_legacy_neutral
g6_LC:0000540:93550bab3888,93550bab3888c2bbe9ab821399c3dbbffceb4f16c5c0b3026dc2cd76efab03ad,0.8537837863,if6_consensus_when_public_stable_and_legacy_neutral
g6_LC:0000541:06a22390ae4c,06a22390ae4c33d51dff4d33bad2027470ebc84e73c918821f145dd3b61cd59c,0.7669315934,if6_consensus_when_public_stable_and_legacy_neutral
g6_LC:0000542:4980e5358f11,4980e5358f11c7210badda8c1cd8c8608a0a1acbbc8d8d6cef670438f69faf16,0.6653419137,if6_consensus_when_public_stable_and_legacy_neutral
g6_LC:0000543:39b257ebdcf8,39b257ebdcf8c1c87a092ce17a662a58487f0b2c35e029dabfb94d38dbbe0901,0.8769664168,if6_consensus_when_public_stable_and_legacy_neutral
g6_LC:0000544:a78b0307a9ae,a78b0307a9ae60ecb0de98c23c10a65f5c842d0c869764afa0027ddfbcf07366,0.5644974709,if6_consensus_when_public_stable_and_legacy_neutral
g6_LC:0000545:350b495afd98,350b495afd989bf0c6750f102be7954749fc5577dbb661f4f8b80b3e517ee4fa,0.8494784236,if6_consensus_when_public_stable_and_legacy_neutral
g6_LC:0000546:e7c123ff852c,e7c123ff852c44970894badb771ddfce1f680b6aa8b26064996893ce4703823b,0.8812717795,if6_consensus_when_public_stable_and_legacy_neutral
g6_LC:0000547:bc1752aba2bb,bc1752aba2bbf21fa0dd664a80ab94ec45c711a9cbc336e9880fef60f56463e0,0.8557708263,if6_consensus_when_public_stable_and_legacy_neutral
g6_LC:0000548:726e1ea853f3,726e1ea853f3c73066552ae4e582d840f17d710a7be8b3b51559410192028f3d,0.6900148988,if6_consensus_when_public_stable_and_legacy_neutral
g6_LC:0000549:f7c410477947,f7c410477947766d77d6495b2897376bb2753bf04e201d7a9dc10261bac7ac5f,0.6005961299,if6_consensus_when_public_stable_and_legacy_neutral
g6_LC:0000550:7ae5761e3a7f,7ae5761e3a7f9cbc19caf22ca9d35de04f5265570d91f8eee0304d6fb984788b,0.7761219144,if6_consensus_when_public_stable_and_legacy_neutral
g6_LC:0000551:ce21d4ff10e2,ce21d4ff10e20fe9f5d379e04abb76b958ddcd94a587084db2f17aeaabbb3168,0.7883755565,if6_consensus_when_public_stable_and_legacy_neutral
g6_LC:0000552:c72ead841c0c,c72ead841c0c077b77df6d61202ba512520da7ca8e4e6ef01047d0fdbf869932,0.4723464251,if6_consensus_when_public_stable_and_legacy_neutral
g6_LC:0000553:33d4bb7bd713,33d4bb7bd71399cca517dc609819d216551db1ba6df8ebeb7ff02089d256382c,0.7453220487,if6_consensus_when_public_stable_and_legacy_neutral
g6_LC:0000554:6026443e8666,6026443e866618373239d6f7f0a04d9e6d272efb136bb505fdc7cdb27eb7853d,0.7413478494,if6_consensus_when_public_stable_and_legacy_neutral
g6_LC:0000555:2d4d355024ce,2d4d355024ced081fee6748e1b3641b2292f32c97a078fc1c2093c379a762c74,0.679251492,if6_consensus_when_public_stable_and_legacy_neutral
g6_LC:0000556:7783c1a08561,7783c1a085619e6f2b5007cec2cefe914767bc2691ab94faa3a793a8203c7fd7,0.597284317,if6_consensus_when_public_stable_and_legacy_neutral
g6_LC:0000557:f4f2968254fd,f4f2968254fdcecd175ce3146f6d294a7015bb200d2650f2f037e47ea3b4ce1f,0.6757740974,if6_consensus_when_public_stable_and_legacy_neutral
g6_LC:0000558:e085cf1af018,e085cf1af018f46a3266405213c7b215097b3586cb2e9741861efe80925ad42c,0.7176684737,if6_consensus_when_public_stable_and_legacy_neutral
g6_LC:0000559:3b46b306a615,3b46b306a615b3856ebbfbf2fa5bdc8a62cddbd5e7d2f6b9c979ce6aff006ca3,0.7491306663,if6_consensus_when_public_stable_and_legacy_neutral
g6_LC:0000560:d00921704be3,d00921704be3d94e8567c9c171c9827c77ba65a7a97741470f00cb5598a3466e,0.6762709022,if6_consensus_when_public_stable_and_legacy_neutral
g6_LC:0000561:f24bebeae6cb,f24bebeae6cbc630a6529251d1e719944ecea60f4596e2d1e9503e6b6c9ba3c6,0.6749462485,if6_consensus_when_public_stable_and_legacy_neutral
g6_LC:0000562:6e460d032a1b,6e460d032a1b87c71db0b5cdd585722a9a616af95c962f69b1def23844d26272,0.8021195531,if6_consensus_when_public_stable_and_legacy_neutral
g6_LC:0000563:962f199ae71c,962f199ae71cd3febc223308ea202b554d1a251b40aad3bb549561fe8643d425,0.4300380945,if6_consensus_when_public_stable_and_legacy_neutral
g6_LC:0000564:5f2541483e7d,5f2541483e7d0b5496cb9462c93e826eb08321d85a3ac415ba1a6561c08345cf,0.7165093422,if6_consensus_when_public_stable_and_legacy_neutral
g6_LC:0000565:28047049ce4a,28047049ce4a4a63428141e7fcd99b9d472b46ae5e3ecc6edd5b2d56a70a17f5,0.803609848,if6_consensus_when_public_stable_and_legacy_neutral
g6_LC:0000566:0ee81de137cb,0ee81de137cba4d8f983ed63e61612a4d8a3158a4ee8364c161296921a73af51,0.8758072257,if6_consensus_when_public_stable_and_legacy_neutral
g6_LC:0000567:54661f619a0e,54661f619a0e61e1e58c06ae26817cc1efd3a66c009e9eceffba8eaffe905359,0.7673456073,if6_consensus_when_public_stable_and_legacy_neutral
g6_LC:0000568:bed0ad0061e3,bed0ad0061e3d62db496253ea34410554bb1355ae975b6ede2a2cba0f2888095,0.538830936,if6_consensus_when_public_stable_and_legacy_neutral
g6_LC:0000569:56a32035c1be,56a32035c1bee303c6b6ee0150eb2945b73eb4e42a2a4884a5e75b52dbfd89c9,0.7264447808,if6_consensus_when_public_stable_and_legacy_neutral
g6_LC:0000570:ca73ce526b57,ca73ce526b572500fa83f777d49145f35ed365622bd93eec0d61fc4bc9dda7ac,0.6062262058,if6_consensus_when_public_stable_and_legacy_neutral
g6_LC:0000571:72da83e61061,72da83e61061cd94ed7f6ca73bfecce43220827aa3b6aece0546b96069f3605c,0.6842191815,if6_consensus_when_public_stable_and_legacy_neutral
g6_LC:0000572:784fa118248f,784fa118248f8ab785b8448119f05decc5827a3499639bb4b0bff8f1957cd6c7,0.532869637,if6_consensus_when_public_stable_and_legacy_neutral
g6_LC:0000573:034eee292a14,034eee292a145d8b1e8ce4061c4c6f3a3235c885f4e64bc6c2f9af863a120582,0.7446596622,if6_consensus_when_public_stable_and_legacy_neutral
g6_LC:0000574:e38596cb69cc,e38596cb69cc49d47cd32d3e2cd55d0d0504923e0ab62921039ec7d9ecd58f2e,0.9082629681,if6_consensus_when_public_stable_and_legacy_neutral
g6_LC:0000575:aadb6b04a3e5,aadb6b04a3e53659edf9fdf8ef0aae6ac5977de68ec519d6943087d6d6e5b610,0.7953303456,if6_consensus_when_public_stable_and_legacy_neutral
g6_LC:0000576:4ba9fd5d79cf,4ba9fd5d79cfd063a592005bc5f4a4e6e4b7ecb85bd6b3131e9095bd787cb5b4,0.3830104172,if6_consensus_when_public_stable_and_legacy_neutral
g6_LC:0000577:63912d25cf94,63912d25cf942ee39acac93ad11fc2ceae5c3648b9b7a720ebf26a469feb7b3a,0.5838714838,if6_consensus_when_public_stable_and_legacy_neutral
g6_LC:0000578:c53538eaadfa,c53538eaadfad8e47b550391edf4bf40d2104af9ea52a6ea32db616a5140da74,0.5923165679,if6_consensus_when_public_stable_and_legacy_neutral
g6_LC:0000579:150d8868f66c,150d8868f66c66fca550644a900cf4132a356c7a9ba3840dabfc29523ef8ef09,0.5830435157,if6_consensus_when_public_stable_and_legacy_neutral
g6_LC:0000580:89beddedeabc,89beddedeabc87b07fbf49ac3b398b783a35de8e633bd880f986340689fc0b8d,0.8004636765,if6_consensus_when_public_stable_and_legacy_neutral
g6_LC:0000581:719806a8abcd,719806a8abcdf0a515d9cbf989e3e88da154d20d8a58782b610c31215d8051f5,0.4552078247,if6_consensus_when_public_stable_and_legacy_neutral
g6_LC:0000582:243a797a1d9a,243a797a1d9a8ccd0a929cd6177bfb0f7165b31b6e0ce653238954ac3f45c1c3,0.6515979767,if6_consensus_when_public_stable_and_legacy_neutral
g6_LC:0000583:e1370ec54d55,e1370ec54d5553b0861ac8740323c6809bb8ce9a6bdcbe422d794c03d2950c03,0.679913938,if6_consensus_when_public_stable_and_legacy_neutral
g6_LC:0000584:1fec97661440,1fec9766144090a15f9d3062049bda4824f57993c1bf370570f8b47568deaebc,0.9072694778,if6_consensus_when_public_stable_and_legacy_neutral
g6_LC:0000585:d8985cc0105b,d8985cc0105bcf7a5a92a0538a6d05a93bace32afd140d68b3d9c9d63693b707,0.5674780607,if6_consensus_when_public_stable_and_legacy_neutral
g6_LC:0000586:60322b993a49,60322b993a49c0246b6cb98622e0dffa6698f53041fc5d51dce3e897fb68dceb,0.5181321502,if6_consensus_when_public_stable_and_legacy_neutral
g6_LC:0000587:b09d4a3edacb,b09d4a3edacbd4cd3045f08b12653295c383fd56610db6c65fb3e00f1ba4c458,0.4932936132,if6_consensus_when_public_stable_and_legacy_neutral
g6_LC:0000588:7604887baf44,7604887baf44f5cd284d886b42c6e7b1e5fc54ea55225e8ed1f891d9f7ac42b9,0.7996357083,if6_consensus_when_public_stable_and_legacy_neutral
g6_LC:0000589:4df6ba66b703,4df6ba66b703d2c13d4d0cd0015e0b49f1d5c6fe0ddfec43fea5ca0f7485038f,0.4681238234,if6_consensus_when_public_stable_and_legacy_neutral
g6_LC:0000590:9d3fa67027b8,9d3fa67027b8c1db0234a93e10f808997181467eba7d72f6b811b21b664f5db3,0.3424408436,if6_consensus_when_public_stable_and_legacy_neutral
g6_LC:0000591:2d9f7af48b47,2d9f7af48b4703593b23d902da62b7f1b63c8797d7d543cc3a24c3e6ef5bb9cc,0.2399404049,if6_consensus_when_public_stable_and_legacy_neutral
g6_LC:0000592:5efec0383198,5efec03831989c9d1a8fe3ba7b782179ba8bbdada902fd657b77518e3afddd75,0.2016890049,if6_consensus_when_public_stable_and_legacy_neutral
g6_LC:0000593:fffee4aafd7c,fffee4aafd7c645bc9936b29c6af7672838b6503cdd5fc91c9601857aaf39a86,0.6212949157,if6_consensus_when_public_stable_and_legacy_neutral
g6_LC:0000594:cf6a184e7062,cf6a184e70621c1326b86cf16aaf7615d081c7ee0d538eeaf455aaaa1ff9caa7,0.1697300822,if6_consensus_when_public_stable_and_legacy_neutral
g6_LC:0000595:dca7ba682668,dca7ba682668276888205019577797eb4888184b0196daeae5b3ffdb7b59cf9d,0.3283655941,if6_consensus_when_public_stable_and_legacy_neutral
g6_LC:0000596:323e553aac9e,323e553aac9ea9ece7027746d1ab55e24922f947e8d5ff7458619da6b5ad6070,0.8875641823,if6_consensus_when_public_stable_and_legacy_neutral
g6_LC:0000597:0fa22e7d4d3c,0fa22e7d4d3c65f6616e0b09deea74aac0633ec324cdc59f781d8e63744f2303,0.2271899134,if6_consensus_when_public_stable_and_legacy_neutral
g6_LC:0000598:a56678d6b61a,a56678d6b61acf24ff06701eb296c6233111d11299b728672b22056c526d8264,0.7612187862,if6_consensus_when_public_stable_and_legacy_neutral
g6_LC:0000599:43e154e1c70f,43e154e1c70fea8f1898abc140ff214437be1196c0fef2274f175f8d61cf4052,0.6578903794,if6_consensus_when_public_stable_and_legacy_neutral
g6_LC:0000600:82119fdff1b7,82119fdff1b72dcf7d968622bdc467fb93119bbc611352b4009058f100ddf5c8,0.3368107378,if6_consensus_when_public_stable_and_legacy_neutral
g6_LC:0000601:a378d8b89012,a378d8b890127209180b40a006761044696c6ca047150e0a86190da0a3690741,0.108296074,if6_consensus_when_public_stable_and_legacy_neutral
g6_LC:0000602:3f5797e079e5,3f5797e079e57ef0d0d11b432f0a8fa1c1f4c410751d509b36e113392714e908,0.2758734822,if6_consensus_when_public_stable_and_legacy_neutral
g6_LC:0000603:f3858920a06c,f3858920a06c80b995a349a3da8987f23e55ae841fb995e21590fc92df991889,0.2714025676,if6_consensus_when_public_stable_and_legacy_neutral
g6_LC:0000604:b43e4197e55c,b43e4197e55c293da72864fc4ba0a7c2b06e6737a2784d6dcc25053ca81647fb,0.2930948734,if6_consensus_when_public_stable_and_legacy_neutral
g6_LC:0000605:68c8f910f5e4,68c8f910f5e48ebbe2e39776a4f8ff4b59fd3284ab0d0cc88156508e5972a098,0.5671469569,if6_consensus_when_public_stable_and_legacy_neutral
g6_LC:0000606:b5c3bab6131e,b5c3bab6131eae60ef6f7b33e46d7308dde143a6e09e9010107a9886ad6b3aa8,0.264282167,if6_consensus_when_public_stable_and_legacy_neutral
g6_LC:0000607:72c6b07cf693,72c6b07cf693ea4acd787631284a9f62caf4dfcadb957f2bbc1856b244103f09,0.4513992369,if6_consensus_when_public_stable_and_legacy_neutral
g6_LC:0000608:340dff55aee5,340dff55aee59b2daeee51a36172cd396e3c591b8749c65eec5a2f958fdfe3c3,0.78572613,if6_consensus_when_public_stable_and_legacy_neutral
g6_LC:0000609:21192afe92b2,21192afe92b26172daea4e2c314feb6a7620ee0b43c78ceac15138757e105d1c,0.5982778668,if6_consensus_when_public_stable_and_legacy_neutral
g6_LC:0000610:9568b3ed2e27,9568b3ed2e27f3272d06407ca1b80a11aeb695baa56c86f97579c869c6f6f07d,0.4717668295,if6_consensus_when_public_stable_and_legacy_neutral
g6_LC:0000611:34def11d71c2,34def11d71c27742a3b25ee74f2ffa0400f5514347fc4b698963991a4e926fb5,0.5596953034,if6_consensus_when_public_stable_and_legacy_neutral
g6_LC:0000612:fda9e9cd3fdb,fda9e9cd3fdb6da61667aaf98847dd684d30e38a98fba03c9d5e6ad5ae872210,0.8811061382,if6_consensus_when_public_stable_and_legacy_neutral
g6_LC:0000613:5b7e5195d841,5b7e5195d8418b41a7c5fa14f510f8e8b2510757a1bc4be700f8d1f352ee688d,0.6322238445,if6_consensus_when_public_stable_and_legacy_neutral
g6_LC:0000614:408e2bd479c2,408e2bd479c287621564031092a604a766fc00355945db632346e535dc88a317,0.4611690938,if6_consensus_when_public_stable_and_legacy_neutral
g6_LC:0000615:37150be9c669,37150be9c669d4d66505789471995483245ee7f24e088f56ac49da1976f62269,0.3838383853,if6_consensus_when_public_stable_and_legacy_neutral
g6_LC:0000616:7d63982499ec,7d63982499ecedd6118e3c3fe5b7e14bffda9a78b4f29d1a8054e130309f5765,0.4171220362,if6_consensus_when_public_stable_and_legacy_neutral
g6_LC:0000617:05efed45d6a4,05efed45d6a48229dd27c2bc9190d4c19e0da5190083c7141dcdf4b3189eae33,0.575260818,if6_consensus_when_public_stable_and_legacy_neutral
g6_LC:0000618:01bf285277fc,01bf285277fc106ba9876d9b723302bd773040fb2eae95b4d2f89ebf539f1a00,0.8195064664,if6_consensus_when_public_stable_and_legacy_neutral
g6_LC:0000619:f908427f4ec1,f908427f4ec1b7c46f893d8e7e3e57548fa7d2ec0b572f5328d5bd27b198707c,0.3538665473,if6_consensus_when_public_stable_and_legacy_neutral
g6_LC:0000620:f06952692b38,f06952692b383da2a7250680516e27e38f9aacd45180eae9bc8fba12ebebb115,0.7473091483,if6_consensus_when_public_stable_and_legacy_neutral
g6_LC:0000621:a71c6fb562fd,a71c6fb562fd4db0f11358686a4e2c1ceddd3ebb9c990b2e87be6cb98a0c96f9,0.58354038,if6_consensus_when_public_stable_and_legacy_neutral
g6_LC:0000622:81464052c470,81464052c47028d020a3bd0c1893e58130feacbf1c41607fa32f13b6d5305f2a,0.9880774617,if6_consensus_when_public_stable_and_legacy_neutral
g6_LC:0000623:b7b41a6b756d,b7b41a6b756dfae82cecd189b199c75e3a7ea0743b2f9e53717a6cda415ad5b2,0.8332505226,if6_consensus_when_public_stable_and_legacy_neutral
g6_LC:0000624:687de0aa2fe6,687de0aa2fe6360bbe44352f73a1ad7fdbfc9a28341cb8713176a1db533cfab9,0.631395936,if6_consensus_when_public_stable_and_legacy_neutral
g6_LC:0000625:1a9e1480d6dc,1a9e1480d6dc9ea80bfc3eada33939660aa4853c45d7fe8716087de2f7ce1a30,0.3964232504,if6_consensus_when_public_stable_and_legacy_neutral
g6_LC:0000626:fdf01fa3a5ef,fdf01fa3a5ef23250eb48c1c9103f2a6e949a35ebfdfc12dc2e2cd29df958fdb,0.4513992369,if6_consensus_when_public_stable_and_legacy_neutral
g6_LC:0000627:4da281ed7f9d,4da281ed7f9d4cedbb09a8a85274b6abdbbfb428902fba4630800bf0499530bc,0.3735717833,if6_consensus_when_public_stable_and_legacy_neutral
g6_LC:0000628:a900f361a996,a900f361a996d0c3f6a88fe93d513892c6a9d816273a90035cde1ccfd15031ea,0.488160342,if6_consensus_when_public_stable_and_legacy_neutral
g6_LC:0000629:ac11fd6d4b1e,ac11fd6d4b1e501c60b251095eff41af94f52c7607311c7f1c7c7e2b8a2f95c8,0.1775128245,if6_consensus_when_public_stable_and_legacy_neutral
g6_LC:0000630:f419129fac78,f419129fac78baf9866fc97c7d57299a9b93c2d1bac6421c25453280c7bcaab3,0.2179168612,if6_consensus_when_public_stable_and_legacy_neutral
g6_LC:0000631:c17bb0a37a3c,c17bb0a37a3c77722e3056a506a6bb526ef6dc6a29582822ee9eebf63d5df0dc,0.69514817,if6_consensus_when_public_stable_and_legacy_neutral
g6_LC:0000632:c520b613157c,c520b613157c1114fb64483dce3923e61b6db3529ec93fb57ad772e9aab7ed43,0.162775293,if6_consensus_when_public_stable_and_legacy_neutral
g6_LC:0000633:643c1e5287b8,643c1e5287b86c5628fb68d2f0bebb902090a6fc1b5f9e634d4c8a7d03077027,0.3942705691,if6_consensus_when_public_stable_and_legacy_neutral
g6_LC:0000634:a09d47f7d8b5,a09d47f7d8b572c9c9e0b73997dc6fdd24d542056e62862fa87d894b934583f1,0.3917867243,if6_consensus_when_public_stable_and_legacy_neutral
g6_LC:0000635:600c75a56130,600c75a5613090d8dc9f509f5e15059a25a8c3545ee15cf4a73a549e4eedb777,0.2146050781,if6_consensus_when_public_stable_and_legacy_neutral
g6_LC:0000636:22605666760e,22605666760e162f088ebd3ef6b922e0915b45843a3f2e128e804932af28cb55,0.3666169941,if6_consensus_when_public_stable_and_legacy_neutral
g6_LC:0000637:52e1d76bce86,52e1d76bce86536a530be1ef41e5b53bca9df7833176d7ef2418a8ee590f0cd9,0.3679417074,if6_consensus_when_public_stable_and_legacy_neutral
g6_LC:0000638:4c1982d83919,4c1982d839195989c160cc783bb87c0418359622320f9c323b929c84ce5a2d2e,0.2834906578,if6_consensus_when_public_stable_and_legacy_neutral
g6_LC:0000639:043bb54e5ff3,043bb54e5ff3cc47514ab60b8e5907ab69229a75e8d1313ea2c256c3294422f3,0.07385329157,if6_consensus_when_public_stable_and_legacy_neutral
g6_LC:0000640:be3aa7d99997,be3aa7d999970260f7f73f49239c3e6ae02a8db3b9ac08ba71c5a69a9cac79ca,0.2738864124,if6_consensus_when_public_stable_and_legacy_neutral
g6_LC:0000641:bb1c7c176cb5,bb1c7c176cb5c7c770ee971618a8140a68591c4c9600d1ee5008527d10d722dc,0.2952475548,if6_consensus_when_public_stable_and_legacy_neutral
g6_LC:0000642:78bcf75e3648,78bcf75e3648bed2f3d606ff9728676509f9a92dfd363f7f9f10a849a671c2c6,0.3455870152,if6_consensus_when_public_stable_and_legacy_neutral
g6_LC:0000643:b8bb6c529e10,b8bb6c529e10f545890a10c9e2214c90ea4b7980c4540c3e0b78cee0c903840b,0.309653908,if6_consensus_when_public_stable_and_legacy_neutral
g6_LC:0000644:df32d7de88f8,df32d7de88f8a085a242a017678c096e4d182773861337d0538c86ca1afd2e14,0.4884914458,if6_consensus_when_public_stable_and_legacy_neutral
g6_LC:0000645:62cd28611cce,62cd28611ccee5c436bc0038df4f360c0fa5d433653fb8953df30624de67a16b,0.5959596038,if6_consensus_when_public_stable_and_legacy_neutral
g6_LC:0000646:5d018b343c00,5d018b343c00e926bfabd3cccfc0a4c748cf61cb03e15d51e74b44c27e1c2ce4,0.1930783242,if6_consensus_when_public_stable_and_legacy_neutral
g6_LC:0000647:d187c25af4c6,d187c25af4c659e8855dfbd90c6ddecc59ecf6cd128d5d2eb2d2980ba62b4bd8,0.2733896375,if6_consensus_when_public_stable_and_legacy_neutral
g6_LC:0000648:33bd78aeae11,33bd78aeae114c218bc24996710f7a364133df09b8f03c8be1f1b783819993d4,0.1644311994,if6_consensus_when_public_stable_and_legacy_neutral
g6_LC:0000649:54b6f705d064,54b6f705d0642b762bae895014c6d53f7ff7df65180606964eacb4fa14cba031,0.2119556218,if6_consensus_when_public_stable_and_legacy_neutral
g6_LC:0000650:5597599112e9,5597599112e921d4d70970402b1a8b5dd7a6e4c9408324d1323f18f8f67516b6,0.7325716019,if6_consensus_when_public_stable_and_legacy_neutral
g6_LC:0000651:fbe48bc5ec45,fbe48bc5ec45bd3b036fc08e4b04331d4e3244a414d88c16cc980dc16cceb559,0.1372743845,if6_consensus_when_public_stable_and_legacy_neutral
g6_LC:0000652:8d293859d9ea,8d293859d9ea61b9937eba7dc852868983e00c31023a1bc1f955fef5e5edb17b,0.587017715,if6_consensus_when_public_stable_and_legacy_neutral
g6_LC:0000653:ba125683570c,ba125683570c5ddc60e2fbbd09bf32658a6c7532f15e769656eab37f5e8c3e08,0.2983937562,if6_consensus_when_public_stable_and_legacy_neutral
g6_LC:0000654:5ac13b323337,5ac13b3233373a88ead4bd45c400b260e0057a912d47c63bac11cfb168c62b25,0.2775293887,if6_consensus_when_public_stable_and_legacy_neutral
g6_LC:0000655:fc5bab4e4f69,fc5bab4e4f69811cb284d822521005a6e48ed0cc9cb7ab768971f320e6ed835f,0.6209637523,if6_consensus_when_public_stable_and_legacy_neutral
g6_LC:0000656:c3cc86a037fb,c3cc86a037fbac924cb893b731ffb0cca68fccf199183e0e86bbbd006c2ecebf,0.4238284528,if6_consensus_when_public_stable_and_legacy_neutral
g6_LC:0000657:ff0d9f040364,ff0d9f0403640fc350885b9a1773ec775928fd801d8921cde2e2ef0cee453108,0.3023679256,if6_consensus_when_public_stable_and_legacy_neutral
g6_LC:0000658:e9d7d05e4f59,e9d7d05e4f5970e3d2963211249eaafc3b10e201c2cde4daf4c6403ce9cae576,0.03477396816,if6_consensus_when_public_stable_and_legacy_neutral
g6_LC:0000659:d89360a89463,d89360a89463f7f7876020ec3f3afb282a24f86df97b996a0eec60f837435303,0.3356516063,if6_consensus_when_public_stable_and_legacy_neutral
g6_LC:0000660:2ebd2f1f7e48,2ebd2f1f7e486ac0a6ec1949f326ae7b2cfa15d50655249cfa97934b12ad8d98,0.2859745026,if6_consensus_when_public_stable_and_legacy_neutral
g6_LC:0000661:9888b54d26f2,9888b54d26f23eef316b27abe05990b56f303bf2d5e53a4d95f1244ab13e42a5,0.2606391907,if6_consensus_when_public_stable_and_legacy_neutral
g6_LC:0000662:81d8899c8d5c,81d8899c8d5c5b5a3186f1ea7e1753667834e468913edd8e26c2e65c6ea0fe8c,0.2058287859,if6_consensus_when_public_stable_and_legacy_neutral
g6_LC:0000663:bce233de43ae,bce233de43ae4bb9184eb490701ba52bb6368367a590cec5b63ac693e383d983,0.2868024409,if6_consensus_when_public_stable_and_legacy_neutral
g6_LC:0000664:bccfc250e093,bccfc250e093c36f2fc7c9a30affa0585fe5b033fa60e1248f352d2579dccc48,0.3785394728,if6_consensus_when_public_stable_and_legacy_neutral
g6_LC:0000665:8cb2bd651661,8cb2bd651661fe00cbffae7b29b57fdf89304dde2e9b369622f4441c4c1b56eb,0.783407867,if6_consensus_when_public_stable_and_legacy_neutral
g6_LC:0000666:83f418d2a5c4,83f418d2a5c40a95a57b5ce6dec5a992e3b5204e86dcc5f6060c5c2bbf095e25,0.4580228627,if6_consensus_when_public_stable_and_legacy_neutral
g6_LC:0000667:29690b420dcd,29690b420dcd559f6fef9fb5bc74ec683c8db8778312c52385cbf6e9f184c74d,0.5636695027,if6_consensus_when_public_stable_and_legacy_neutral
g6_LC:0000668:d0bfb26bbb2f,d0bfb26bbb2f76bb3e1e4745353303364bf2fd0903aed7af7ef53414cb13e16b,0.8768008351,if6_consensus_when_public_stable_and_legacy_neutral
g6_LC:0000669:9146fc4b9c9e,9146fc4b9c9e84a41d815ced064c8c41ea1e21f871dd5dcebf5f411ffbe14c1a,0.3692664206,if6_consensus_when_public_stable_and_legacy_neutral
g6_LC:0000670:69a123d27384,69a123d27384e7e5db2dbfeb4a849e2c4d4c5e36e03c3bbfeaa6cabc63af6c57,0.6058949828,if6_consensus_when_public_stable_and_legacy_neutral
g6_LC:0000671:eb949bb3f1a6,eb949bb3f1a662a8150f0b393485a3da1e69288f93ef7d82a44a75f079b9f30d,0.6123530269,if6_consensus_when_public_stable_and_legacy_neutral
g6_LC:0000672:271bcb724a21,271bcb724a218e0220d37c9b9f104a6297c16d1f08819d1ef77eae8ee9733d41,0.7320747972,if6_consensus_when_public_stable_and_legacy_neutral
g6_LC:0000673:4471c06bb743,4471c06bb743dc4d7d283d024adae05db15f0ec0e491bc9b4eca8ebe6847f295,0.8219904304,if6_consensus_when_public_stable_and_legacy_neutral
g6_LC:0000674:be4586187df5,be4586187df5a48fa151b1c18c8f209551d497b317e3c63453054f23b2432ffb,0.6881933808,if6_consensus_when_public_stable_and_legacy_neutral
g6_LC:0000675:7edbfd900eed,7edbfd900eed2b96f19b76d4d78b29c55676a97de40ec640b85bfd3c15cc47e9,0.7425069809,if6_consensus_when_public_stable_and_legacy_neutral
g6_LC:0000676:eb8752783214,eb8752783214356aea560d26b9b7ac32e1ff98183ca9693670bfd44a718e964f,0.5125020742,if6_consensus_when_public_stable_and_legacy_neutral
g6_LC:0000677:82065c233340,82065c2333406183f35efd9e87232eb327f4f8e5b9e54c1c26a569c69e371922,0.3639675379,if6_consensus_when_public_stable_and_legacy_neutral
g6_LC:0000678:42e6f9326838,42e6f9326838fdf6d45c7edb87233b51c98bc43f66ae78d2a4169c5f8a324f41,0.9193574786,if6_consensus_when_public_stable_and_legacy_neutral
g6_LC:0000679:4e08fe5f0ef3,4e08fe5f0ef3f6c89188d3c46f56ffe2bb850024d13e623aeb0f336464e3146b,0.7623779178,if6_consensus_when_public_stable_and_legacy_neutral
g6_LC:0000680:649ecd770033,649ecd77003348ec8310926f55e531f12e1734a40b6cff4406328825d825216f,0.5936413407,if6_consensus_when_public_stable_and_legacy_neutral
g6_LC:0000681:5c63aa438961,5c63aa438961189420fcf78d42a11875c55d1b34d3aead28648c12e9b852573e,0.7400231361,if6_consensus_when_public_stable_and_legacy_neutral
g6_LC:0000682:cc3f53a479ea,cc3f53a479eaeb050bd059582c226c610478a6ad2dfcfc033e2243e234d09951,0.3934426308,if6_consensus_when_public_stable_and_legacy_neutral
g6_LC:0000683:dc6353d46b0d,dc6353d46b0d3fd656b20820b8e101584a88897f398c52647e6f017734365e7b,0.388640523,if6_consensus_when_public_stable_and_legacy_neutral
g6_LC:0000684:0df93fe97d14,0df93fe97d147173101aed135224fe314127635beaca71e5fc7604452043be62,0.3914555311,if6_consensus_when_public_stable_and_legacy_neutral
g6_LC:0000685:2f4407cdd9be,2f4407cdd9be74ac32d904591e3326f2d8eab17a9998bec2ad6330954fd2af66,0.2417618781,if6_consensus_when_public_stable_and_legacy_neutral
g6_LC:0000686:3735e7052772,3735e7052772ea639e75b1c21e03dd9170890b340773e46c566c62f5fb9aa26a,0.2338135689,if6_consensus_when_public_stable_and_legacy_neutral
g6_LC:0000687:e363bbc6f96c,e363bbc6f96c6bdf497ff2d689801f1b65b1a8033591c28f03466cd637e10568,0.525252521,if6_consensus_when_public_stable_and_legacy_neutral
g6_LC:0000688:a347d856a249,a347d856a2495a9c4ce49286962a2579302b482d2b5250c1fcce85266c83cf4b,0.1596290767,if6_consensus_when_public_stable_and_legacy_neutral
g6_LC:0000689:319b3bf82aa9,319b3bf82aa912e11049b3082da82f8738c619e65c49c70e51538a08a760a744,0.2816691399,if6_consensus_when_public_stable_and_legacy_neutral
g6_LC:0000690:fb7cc01d383b,fb7cc01d383b591b6b9258ab9f1f05f59e023609070999b6e866b9512be783f0,0.3684384823,if6_consensus_when_public_stable_and_legacy_neutral
g6_LC:0000691:e23384d7d848,e23384d7d848203c2bf01c5b190b4c4bbb141d4add0d227c2a914df44581fe97,0.2959099114,if6_consensus_when_public_stable_and_legacy_neutral
g6_LC:0000692:fbfe1de7d0dc,fbfe1de7d0dcccce65d0210963568a2901af4469917c96f535da0c2f3eeaae81,0.6103659272,if6_consensus_when_public_stable_and_legacy_neutral
g6_LC:0000693:2243349e770e,2243349e770ef3bce228826ca1d63d64f9c83a409fa43f004be262458eedf6b6,0.392283529,if6_consensus_when_public_stable_and_legacy_neutral
g6_LC:0000694:3284b34766ce,3284b34766ce82538d1db173bed2743fb85531adeee5e27194f2466992fd1240,0.5389965177,if6_consensus_when_public_stable_and_legacy_neutral
g6_LC:0000695:0594d7822c4a,0594d7822c4ab3cc43c0c58e34b5dc04313bd656f8ea67619d1b9c5245fa2846,0.277363807,if6_consensus_when_public_stable_and_legacy_neutral
g6_LC:0000696:c48a8fa58204,c48a8fa58204ed6c9cd1f6988756ed2ef1f7c671ef4ad28f7344ee9bd85ccce2,0.1652591377,if6_consensus_when_public_stable_and_legacy_neutral
g6_LC:0000697:444b8f0291af,444b8f0291af1386ff32bff4f68ff02f075fe5ca5f07248c4952119768ea165c,0.6103659272,if6_consensus_when_public_stable_and_legacy_neutral
g6_LC:0000698:4292beecc2ae,4292beecc2ae4aed18fadca1d9360d5ff5d8bde1c75d8c29d62dd4d1c7728054,0.3508858979,if6_consensus_when_public_stable_and_legacy_neutral
g6_LC:0000699:3fd543368854,3fd543368854a4687a1b5ec7e7c29b36ba6321eb2567588a6b070d71f84a85b3,0.3874813616,if6_consensus_when_public_stable_and_legacy_neutral
g6_LC:0000700:dc9cd1a9d613,dc9cd1a9d613953883a291e7981a6d6edd6468283af6ac17ca0c428e47dc3322,0.3912899494,if6_consensus_when_public_stable_and_legacy_neutral
g6_LC:0000701:f299fd7b9df9,f299fd7b9df9db445184659f2abd8f2d86df298ec099a1cf2a3435f03811366b,0.1872826666,if6_consensus_when_public_stable_and_legacy_neutral
g6_LC:0000702:47504fdf501c,47504fdf501cd51dd6756eae2686177d86c8a5d8450198bda7ac31d65add88b1,0.1601258665,if6_consensus_when_public_stable_and_legacy_neutral
g6_LC:0000703:cd8961041859,cd89610418598734d855cc1794386121c836963f6911bf271c86d1a7449252a0,0.8314290047,if6_consensus_when_public_stable_and_legacy_neutral
g6_LC:0000704:f05091dc858a,f05091dc858a94b29df1cecf565fe36990effaeb4284cf43e5292e255838b101,0.5128332973,if6_consensus_when_public_stable_and_legacy_neutral
g6_LC:0000705:f02af524dd71,f02af524dd7179b7a2198d23e6570954d6211ae9b4a0c4a0999275bab0b748d6,0.7585693002,if6_consensus_when_public_stable_and_legacy_neutral
g6_LC:0000706:cf402cc7a5de,cf402cc7a5de09b5cfa5fba5fafa935d9743d2a66e5c4180ddf229190b3a88f7,0.8872330189,if6_consensus_when_public_stable_and_legacy_neutral
g6_LC:0000707:e8a667c7ea9b,e8a667c7ea9baba6a520dac2bd8fe3b4371cedb418964bd2188e24e3c1ed4ca2,0.7597284317,if6_consensus_when_public_stable_and_legacy_neutral
g6_LC:0000708:9f01c2a0e55d,9f01c2a0e55dd8c062de4485443ef9c259d72b345a2e1ad753852faf977ee699,0.6039079428,if6_consensus_when_public_stable_and_legacy_neutral
g6_LC:0000709:f9fb06eced0d,f9fb06eced0dffdeae2f6afd90767d6c91f152487d5845d287cf3b24f9dba106,0.8206656575,if6_consensus_when_public_stable_and_legacy_neutral
g6_LC:0000710:6c37920fd0a8,6c37920fd0a88d5a3a4455f22d7806e1a1b993229e50a37b50a5d0a0269822ca,0.8178506494,if6_consensus_when_public_stable_and_legacy_neutral
g6_LC:0000711:92d2ee389614,92d2ee3896140ea1cd7f3281f7c0353c4458a2c2dc7bad28d4aa27a22a86e1bb,0.8416956067,if6_consensus_when_public_stable_and_legacy_neutral
g6_LC:0000712:049250b85852,049250b85852f3e0c8523d489a4ccd02f8787a2a000d63aeca685bc5ee89489b,0.7691671252,if6_consensus_when_public_stable_and_legacy_neutral
g6_LC:0000713:8246246ed846,8246246ed8461bf7282123d3dee0aaa07b2cfe9a895485b08137ee193341f83c,0.7756250501,if6_consensus_when_public_stable_and_legacy_neutral
g6_LC:0000714:e13113790220,e131137902205f5f39d50bf4b90e3893ef8ab4180d82d656b2439b64a559a6dd,0.582877934,if6_consensus_when_public_stable_and_legacy_neutral
g6_LC:0000715:becad8e2a9a5,becad8e2a9a5456b57063ef341ae22750418e8fa728c89b5354380a187073f89,0.9069382548,if6_consensus_when_public_stable_and_legacy_neutral
g6_LC:0000716:db3a76e38d0b,db3a76e38d0b84f69fb43bffd83f07b89dcf51e33478ea72bed04977fcbb9d40,0.9071038365,if6_consensus_when_public_stable_and_legacy_neutral
g6_LC:0000717:56e03fd52c94,56e03fd52c948cb109c1ece89eaede2a6f2ced1feb750a3e9233cb56390cd47a,0.8231495023,if6_consensus_when_public_stable_and_legacy_neutral
g6_LC:0000718:bc1ff01f16c3,bc1ff01f16c36f0ca64e6ab650e5feabcf643315cd96cb84704bd72b4d4dfb17,0.8849146962,if6_consensus_when_public_stable_and_legacy_neutral
g6_LC:0000719:6e1b66c69d6c,6e1b66c69d6cee08c1ed1ecab8bd4a97472ea6196964129d0f7354aad6eeb674,0.8428547978,if6_consensus_when_public_stable_and_legacy_neutral
g6_LC:0000720:d01f6597e95a,d01f6597e95afe3ec1759214207e83d2b381b4f0ac5023fc877b96e8e2f2e0bd,0.6648451686,if6_consensus_when_public_stable_and_legacy_neutral
g6_LC:0000721:48912ade1cd6,48912ade1cd6186e66b81c857e82b2d2e923aa513b06433bb0cc6dd76f21ae43,0.7597284317,if6_consensus_when_public_stable_and_legacy_neutral
g6_LC:0000722:518f9d32daaf,518f9d32daafd73b66974c3b56332eb623dc2632e64b7d92fbc3fe0144ed4818,0.6612021923,if6_consensus_when_public_stable_and_legacy_neutral
g6_LC:0000723:5c2d457d31b9,5c2d457d31b900d7ae312702bb06f50cd7411f314db5ab70c2d85e86332149a5,0.2594800293,if6_consensus_when_public_stable_and_legacy_neutral
g6_LC:0000724:c1953d24c72a,c1953d24c72a67aa561ad916bac22bab81990e1e6be61b86d7fb04072b3940fc,0.4373240769,if6_consensus_when_public_stable_and_legacy_neutral
g6_LC:0000725:c92854d082ea,c92854d082ea4591608904159a08a354b841aef1954c2b142531509560e8a38a,0.5396588445,if6_consensus_when_public_stable_and_legacy_neutral
g6_LC:0000726:28a58196d83f,28a58196d83f7c969339645443716058a17956323e1c462409ff8e7ab8ada62d,0.4093393087,if6_consensus_when_public_stable_and_legacy_neutral
g6_LC:0000727:5f488371d3c9,5f488371d3c997d5e0a06915d5c07d1f7b471b3fe576e5e67cc8f9d7a7362d45,0.4608379304,if6_consensus_when_public_stable_and_legacy_neutral
g6_LC:0000728:2ceac5b008bd,2ceac5b008bde2fff51aabc59179b8d18d6b223b97d8a4cc8be684629113e2d1,0.4754098356,if6_consensus_when_public_stable_and_legacy_neutral
g6_LC:0000729:5ca1085e8f72,5ca1085e8f72e804edff7310288904dfb8e78688b718b536b0ac771fe2b6b5d2,0.4356681406,if6_consensus_when_public_stable_and_legacy_neutral
g6_LC:0000730:b23885ff3bce,b23885ff3bce8e5851d93fafdea33b2b1c4ddde58c016c889ceded703b8ec5c3,0.5053816438,if6_consensus_when_public_stable_and_legacy_neutral
g6_LC:0000731:d9fd75026efe,d9fd75026efe26646875cf681cc33d0c8204d058518a9e017bc0df8ab9d6b0bc,0.5588673949,if6_consensus_when_public_stable_and_legacy_neutral
g6_LC:0000732:f2293d01c52e,f2293d01c52e4cbb2f4a104d873e92074b5d8de372909aa380a06512cd469e8d,0.3528729975,if6_consensus_when_public_stable_and_legacy_neutral
g6_LC:0000733:f78f7184a636,f78f7184a6361c17e074a1e4aeacd6dd4520fdbe741853626283c7d8dff5a5e9,0.3392945826,if6_consensus_when_public_stable_and_legacy_neutral
g6_LC:0000734:97cbc94de2e3,97cbc94de2e36d5efde134c4a15959e5fdd828c88826e355620a2ec70b2d63da,0.5585362315,if6_consensus_when_public_stable_and_legacy_neutral
g6_LC:0000735:ca25634202f6,ca25634202f62ec1942b5a61f7a9252216c299231cba13e900b7902c6c66b987,0.5926477909,if6_consensus_when_public_stable_and_legacy_neutral
g6_LC:0000736:675169485c41,675169485c418da95606bcff3e6f4d87ebb3a158b88debc5103f0e845c790011,0.6249379516,if6_consensus_when_public_stable_and_legacy_neutral
g6_LC:0000737:5c80a39b69bc,5c80a39b69bc0b4d7c9cda84d4e5c21bc2241b939451bd25961145dc8ea77cb3,0.6053982377,if6_consensus_when_public_stable_and_legacy_neutral
g6_LC:0000738:7bc2cbdb2c77,7bc2cbdb2c778e3cba8e1cf6425c41c8d36a6dc19349f336ee067da637c87307,0.5626759529,if6_consensus_when_public_stable_and_legacy_neutral
g6_LC:0000739:9aa89b1cd4f5,9aa89b1cd4f5bdb41647692ac419508e7303168206b0f358ee4420526f99d2da,0.3704255819,if6_consensus_when_public_stable_and_legacy_neutral
g6_LC:0000740:f78ae622eead,f78ae622eeadc09b4fd117a3558a20c45cab6482814ba34d3afe0418167b1823,0.3459181786,if6_consensus_when_public_stable_and_legacy_neutral
g6_LC:0000741:8eb7856b9a0f,8eb7856b9a0f44e34f7fe6ebfc9081364bff521bba70d51f0f8f24230bf167f5,0.3687696457,if6_consensus_when_public_stable_and_legacy_neutral
g6_LC:0000742:87af03bdffea,87af03bdffea6b5a4713532e5a7a45b6fd185de0e364a31a9951bd3d46c095cb,0.1424076706,if6_consensus_when_public_stable_and_legacy_neutral
g6_LC:0000743:d203ba2c37ea,d203ba2c37ea32a195e5860adf401ba44a62eed51d48097cffcfcce9ca442286,0.4282166064,if6_consensus_when_public_stable_and_legacy_neutral
g6_LC:0000744:d64a4378b3b2,d64a4378b3b2c88489d8b515efd0da1e68b304023ccc2d11cd7e00a312723ac4,0.3904620111,if6_consensus_when_public_stable_and_legacy_neutral
g6_LC:0000745:8c17d7bd0104,8c17d7bd01048510c663438fac4e9b0f928a50d258f77dadb92fd65d034a532b,0.2415962964,if6_consensus_when_public_stable_and_legacy_neutral
g6_LC:0000746:a5b9c73739b0,a5b9c73739b01697db0c344c9910d04b0a907c18a1bd2c1aaa7d563fb2b5135d,0.339956969,if6_consensus_when_public_stable_and_legacy_neutral
g6_LC:0000747:6f6134ceaeca,6f6134ceaecaaba56a4dad673d480403a5fd6eff0e329799cc5e56bdd6e0985c,0.173041895,if6_consensus_when_public_stable_and_legacy_neutral
g6_LC:0000748:d15069c9eff3,d15069c9eff3a4a0912ebd1b37b19204cbe519b5e62f9780b61c071af27b03ef,0.3445934355,if6_consensus_when_public_stable_and_legacy_neutral
g6_LC:0000749:4aa43506b1da,4aa43506b1daa18898fdc87da20517347a8f1d75fef4452a147b720f8d667590,0.3212452233,if6_consensus_when_public_stable_and_legacy_neutral
g6_LC:0000750:65a60cc7e032,65a60cc7e0328689571335845fef7d5be4b2e7fa7477af918731999bec6bbbfc,0.1932439208,if6_consensus_when_public_stable_and_legacy_neutral
g6_LC:0000751:25c92de94fed,25c92de94fed8bb4ed6e85767483337ecdba2b19178f4df770d1a01bdf1b8546,0.3331677616,if6_consensus_when_public_stable_and_legacy_neutral
g6_LC:0000752:84f9e07c44e3,84f9e07c44e35f5a35420ba2f2322fbd7bcbcf9f38e94dae3a4c5f885d3c6059,0.1993707418,if6_consensus_when_public_stable_and_legacy_neutral
g6_LC:0000753:eb8758c01547,eb8758c0154782578ff07a5e1186582ba3b06877814ec6f6a8f67050a3cc904a,0.2898658812,if6_consensus_when_public_stable_and_legacy_neutral
g6_LC:0000754:102642445029,1026424450296796e6a75f59bec313faa26b3f39198be5f71dca27c3797cf2c5,0.4242424071,if6_consensus_when_public_stable_and_legacy_neutral
g6_LC:0000755:18d42b95897d,18d42b95897d71d72f673bcb54eabb0976af1b0d6dd23cbe144e8a87b66907fd,0.3272064924,if6_consensus_when_public_stable_and_legacy_neutral
g6_LC:0000756:9ee1b0c37a7b,9ee1b0c37a7bd6da87d3b3a1b77147ef80e270527e668a4776fc3516450afbf6,0.3081636131,if6_consensus_when_public_stable_and_legacy_neutral
g6_LC:0000757:af570cec063e,af570cec063eb5e41eb6d2035a789998d7392adbf99b8b96baf93de895b07820,0.2770326138,if6_consensus_when_public_stable_and_legacy_neutral
g6_LC:0000758:18183693d9b4,18183693d9b45d0393559b8ce83a2d2f8e22954035e0350ad1544ef64db55d23,0.2882927656,if6_consensus_when_public_stable_and_legacy_neutral
g6_LC:0000759:2af56211b1f2,2af56211b1f243ab9e004682c6656b317dfffe43e12efcfdd7076ac5f24627f6,0.2172545195,if6_consensus_when_public_stable_and_legacy_neutral
g6_LC:0000760:8cc4bafe3f0c,8cc4bafe3f0c2e544cf8b60b44217247b2e941c7dee60b324131dbdbe66357bd,0.7721477151,if6_consensus_when_public_stable_and_legacy_neutral
g6_LC:0000761:7dcc43cd67a2,7dcc43cd67a289a72b45154476b27a0dacf83540896e0871739f5b802cde4d11,0.3641331196,if6_consensus_when_public_stable_and_legacy_neutral
g6_LC:0000762:b2bc3df50fe7,b2bc3df50fe795ede85a364ae73451a7c65c405295ef49e822efdb340b92e489,0.6125186086,if6_consensus_when_public_stable_and_legacy_neutral
g6_LC:0000763:a870964b5648,a870964b56480b2df4e4aa81f26bed0f78c19daff3066a0a0a8a93c93ea5bedd,0.8676933646,if6_consensus_when_public_stable_and_legacy_neutral
g6_LC:0000764:5d190d1a5718,5d190d1a5718e57b3fce59b88ca5e1c6b47bab844679e656635101fdd15da104,0.5250869393,if6_consensus_when_public_stable_and_legacy_neutral
g6_LC:0000765:98b676140c14,98b676140c144c933d729e703ad8c87451c2c3d61a3a18539c6ba4bbca3fd311,0.6915052533,if6_consensus_when_public_stable_and_legacy_neutral
g6_LC:0000766:befce5ba2004,befce5ba2004ab0cd58893bef9be1f97c8a27d1a0340f5489d4aad1898be54ca,0.6737870574,if6_consensus_when_public_stable_and_legacy_neutral
g6_LC:0000767:6d836f4e5c6b,6d836f4e5c6b93cdc174b53f79bc6709f15e5770c1e97b77ef228987a95d36f6,0.3667825758,if6_consensus_when_public_stable_and_legacy_neutral
g6_LC:0000768:946ae1e85978,946ae1e85978eb221dc359019fd55a2e182400dee58a595b7ca303fb88776692,0.7680079341,if6_consensus_when_public_stable_and_legacy_neutral
g6_LC:0000769:046519138438,0465191384385eee640c959eaa167b3c7e0cf57f35f0a936a451af30531fde27,0.5798973441,if6_consensus_when_public_stable_and_legacy_neutral
g6_LC:0000770:220ecb86191d,220ecb86191da9c5ccf1c7dd48e688251e2af83ce1bd57a1b359f6b3e6351e8c,0.6514323354,if6_consensus_when_public_stable_and_legacy_neutral
g6_LC:0000771:c60d25d79ef8,c60d25d79ef8af8bba0e2b36ab439396132a61d03155d86852a344e8731b812a,0.3702599704,if6_consensus_when_public_stable_and_legacy_neutral
g6_LC:0000772:c46581780f42,c46581780f426e17075384938c4e8194e529ef16c8f1f4d5c8d0fe48a44dd773,0.8393774033,if6_consensus_when_public_stable_and_legacy_neutral
g6_LC:0000773:bc72c209da60,bc72c209da60aa115171e405121cb9845285cbeebef5e8943b7ce88dcde2d459,0.7875475883,if6_consensus_when_public_stable_and_legacy_neutral
g6_LC:0000774:4b6f0594cbd4,4b6f0594cbd4223bf93acdc657e5010001ecedd5a72634859fd9a894ffe41f99,0.718993187,if6_consensus_when_public_stable_and_legacy_neutral
g6_LC:0000775:74e483c65ea4,74e483c65ea405b25a2b91bb25915f49ea436305eb0860dce7e0a5b90a3372a8,0.6862063408,if6_consensus_when_public_stable_and_legacy_neutral
g6_LC:0000776:de7235443b79,de7235443b7915359c314d0aac6e303c30cff611d6403a3a2f081a41ecc56167,0.512998879,if6_consensus_when_public_stable_and_legacy_neutral
g6_LC:0000777:88a9743794f7,88a9743794f79c9c7bf3529a6739eae272c158b5da36890f2feb911b62b8b852,0.4111607969,if6_consensus_when_public_stable_and_legacy_neutral
g6_LC:0000778:02d18a70b18c,02d18a70b18c5f18709aa54fd00166c2af7d83fea5effcde92ed94360adb89ac,0.4987580776,if6_consensus_when_public_stable_and_legacy_neutral
g6_LC:0000779:b1d54009c98d,b1d54009c98db22012506202478d724f9cae8b37f687f85e50ea0a7dc054847b,0.3126345575,if6_consensus_when_public_stable_and_legacy_neutral
g6_LC:0000780:52a8d24344c9,52a8d24344c981765faff7c05edcd9994c03f82eae3f2d829a930f6ce4df5e73,0.3007120192,if6_consensus_when_public_stable_and_legacy_neutral
g6_LC:0000781:172b18979064,172b189790640120535d49eb25f7cd9b487b34dbe030938c4d376dba578631b4,0.4608379304,if6_consensus_when_public_stable_and_legacy_neutral
g6_LC:0000782:0bfa4b4b11df,0bfa4b4b11dfea17772674ec7ea0061bca3feedf15a17c63520eb9672684eb57,0.3830104768,if6_consensus_when_public_stable_and_legacy_neutral
g6_LC:0000783:010adf249e86,010adf249e869b26f6391cbd6940086c3f73274365ef76b0f3492e6431bfed2e,0.5144891739,if6_consensus_when_public_stable_and_legacy_neutral
g6_LC:0000784:c589d848d38a,c589d848d38a5741505ff90510199966bd146e82d0a0cd1fa39e00dd472981fb,0.4451068342,if6_consensus_when_public_stable_and_legacy_neutral
g6_LC:0000785:daa830f1e8a1,daa830f1e8a12452ce6d92c5ea93b8795be2620c6a350263478b35c5e0a1c3bc,0.2212286741,if6_consensus_when_public_stable_and_legacy_neutral
g6_LC:0000786:104fb0e3dc86,104fb0e3dc862525535248e71203008d15dc04d292e76592fd04e8aef799b7e6,0.4773969352,if6_consensus_when_public_stable_and_legacy_neutral
g6_LC:0000787:d37c1fcaa23a,d37c1fcaa23a657844180f101da93c31deae63f43eff999df02ada61cc7ad50b,0.3871501982,if6_consensus_when_public_stable_and_legacy_neutral
g6_LC:0000788:76dcf13e8222,76dcf13e82225c79fd6ddfb7899d837eb598eba0bb3b698d7056644985aaea24,0.3513827026,if6_consensus_when_public_stable_and_legacy_neutral
g6_LC:0000789:c509329f98ff,c509329f98ffe0639710331b418a415e65cce91c5a194f5481bf8aa058a38e10,0.3869845867,if6_consensus_when_public_stable_and_legacy_neutral
g6_LC:0000790:b861a83980ec,b861a83980ec7e0552aa2b1081b6bbe5a11ecd79beccd1c4edbf74e02eddc774,0.8450074196,if6_consensus_when_public_stable_and_legacy_neutral
g6_LC:0000791:19d163bac5f9,19d163bac5f9bf6beb122714281b54c86c6ab1daf53880ae5ffe570bc4431953,0.4929623902,if6_consensus_when_public_stable_and_legacy_neutral
g6_LC:0000792:dc240eec1826,dc240eec18260d042f58a6ff590e296418c4003858cc14b756f2a2534f63e5cb,0.5151515007,if6_consensus_when_public_stable_and_legacy_neutral
g6_LC:0000793:83d28b86ad6c,83d28b86ad6cb44bf612579bbf904589749afee299eee491b1285415568bea22,0.7845670581,if6_consensus_when_public_stable_and_legacy_neutral
g6_LC:0000794:7a0af862bf13,7a0af862bf134dd84fa8834793931d43fb5a22ded044d0925affb5470607c3db,0.5366782546,if6_consensus_when_public_stable_and_legacy_neutral
g6_LC:0000795:61e26819d7e2,61e26819d7e23a29927811e9ecc4ee518a3993b154c2db2cbf7822d89d91b2f2,0.3889716566,if6_consensus_when_public_stable_and_legacy_neutral
g6_LC:0000796:27909c74f0d4,27909c74f0d4e623e69e4adad69e5d7c562793f05508d8991c0f68515188254a,0.248882249,if6_consensus_when_public_stable_and_legacy_neutral
g6_LC:0000797:38618f7a8b08,38618f7a8b08cc222cb53b20db98cf96bf0c5d43529b2631c87293a93e673713,0.2944195867,if6_consensus_when_public_stable_and_legacy_neutral
g6_LC:0000798:94cf60b76961,94cf60b769619fb7c00da1e32b7145ae99550f9bd49cb33323498e5768a801cc,0.4030468762,if6_consensus_when_public_stable_and_legacy_neutral
g6_LC:0000799:4ccbe3e89b84,4ccbe3e89b84a5e422d1d632f34d45ac308ac5345c00cdd72ac22634ea18c9b1,0.1069713533,if6_consensus_when_public_stable_and_legacy_neutral
g6_LC:0000800:56eafb05723a,56eafb05723ab6c0611a8621fd86095fdaf1eb55ccf6ebb30de09ca3dd721679,0.05530716851,if6_consensus_when_public_stable_and_legacy_neutral
g6_LC:0000801:7a56603800a0,7a56603800a05eba1b2930783f11d44e877f832e4ba72e6eebd0dc78fd14d000,0.05729425326,if6_consensus_when_public_stable_and_legacy_neutral
g6_LC:0000802:ef9aa9d9f1f3,ef9aa9d9f1f36bad4f41f6e1fc85aafecf3cb371c569036c313db027d7001a03,0.2810067832,if6_consensus_when_public_stable_and_legacy_neutral
g6_LC:0000803:a16252b2a115,a16252b2a115a88ae558faf73d2d36af01992905945e99ab8b24051a39f747d0,0.1356184781,if6_consensus_when_public_stable_and_legacy_neutral
g6_LC:0000804:a72ca655e063,a72ca655e06391195229119423451905c7af28882b08b6bce11b7dbaa4fad7bc,0.1208809391,if6_consensus_when_public_stable_and_legacy_neutral
g6_LC:0000805:6fdbf5bdc161,6fdbf5bdc161e1caebf2a0ae2f3e45fb60e163cdaa9eb6aa41218540dc34cff4,0.07882099599,if6_consensus_when_public_stable_and_legacy_neutral
g6_LC:0000806:c405aa53a170,c405aa53a1705a415a6953d693f046291561c5e583859d0912c2549d80697821,0.1049842611,if6_consensus_when_public_stable_and_legacy_neutral
g6_LC:0000807:91a60339ccb0,91a60339ccb0c4b493f9394e90afcde2db8ffb7e0b665ed32f8342a2f022256b,0.261467129,if6_consensus_when_public_stable_and_legacy_neutral
g6_LC:0000808:57900af5cb6b,57900af5cb6bb0423b64bddea0a458cd3af0bbe799bf12320d2d8586b6a1cd97,0.2417618781,if6_consensus_when_public_stable_and_legacy_neutral
g6_LC:0000809:87f27323d1e6,87f27323d1e61efb9330b2aef724eb04034733c55184540157bd1ded05b5bc05,0.1496936679,if6_consensus_when_public_stable_and_legacy_neutral
g6_LC:0000810:be146f8b7cd6,be146f8b7cd6ac2206e513f48b21cab9894df351bfd9166eee01ab3b0d8abf4b,0.1265110224,if6_consensus_when_public_stable_and_legacy_neutral
g6_LC:0000811:64188eb65258,64188eb652588de66d72fc8ddfdffb7207dd225a51429375d1b00307182917eb,0.1321410835,if6_consensus_when_public_stable_and_legacy_neutral
g6_LC:0000812:d01f17d013b0,d01f17d013b0e52d9f196f82094cdbdcf2559b071c304dcfb3ab5c77d035c798,0.2225533873,if6_consensus_when_public_stable_and_legacy_neutral
g6_LC:0000813:e88b0ca802a4,e88b0ca802a4a5f2995bf6c2a33163672e5cf8a25a882408d60037304cabba1e,0.1425732821,if6_consensus_when_public_stable_and_legacy_neutral
g6_LC:0000814:b4444775a2c0,b4444775a2c030be344bd4b668deb29194dc7252221c37f577880d84502f2a69,0.128166914,if6_consensus_when_public_stable_and_legacy_neutral
g6_LC:0000815:ed16ed662786,ed16ed6627863365475605e618ab196df219fb3432bee8573fd8f9c0e7ae33dc,0.09885742515,if6_consensus_when_public_stable_and_legacy_neutral
g6_LC:0000816:f22c51b6e3bb,f22c51b6e3bb4788641d3da79fcf7e8b5d52498de590865cf762a3e5c7811dce,0.1149196848,if6_consensus_when_public_stable_and_legacy_neutral
g6_LC:0000817:38150484579e,38150484579ef17bbaa4b4bcda39ee11abd6dc53cc9a1bca3ef7ac551625fa14,0.7668488622,if6_consensus_when_public_stable_and_legacy_neutral
g6_LC:0000818:80e9ffe81c30,80e9ffe81c3004ffbd25982ae69fef25900f8e54644193011468a892b12c1a74,0.52111274,if6_consensus_when_public_stable_and_legacy_neutral
g6_LC:0000819:fe6cf9feeb8d,fe6cf9feeb8d5bdd981baf034b82a8e53ecea14f362c02b5da9c499880b5b6c2,0.7729756236,if6_consensus_when_public_stable_and_legacy_neutral
g6_LC:0000820:c042e20b74e5,c042e20b74e5013a48b2d90660c13dac3a5cfad561a29f0416ce8b10b82524e7,0.9602583051,if6_consensus_when_public_stable_and_legacy_neutral
g6_LC:0000821:bab27e4f4e0e,bab27e4f4e0e6b3ec91cf3f420c9217d657b7148eaac9b1bc9d8e084815c9cbb,0.6724624038,if6_consensus_when_public_stable_and_legacy_neutral
g6_LC:0000822:7dae1816a178,7dae1816a1786e8b10ae6d72cdd7a3a5ee46221f74a5819fc4c2f605b350287d,0.6419937015,if6_consensus_when_public_stable_and_legacy_neutral
g6_LC:0000823:e7c3498850b0,e7c3498850b033b860e824568ec5e53202cd1d5645a7a2accedd478ee1ae585d,0.7810896039,if6_consensus_when_public_stable_and_legacy_neutral
g6_LC:0000824:e307ca74e911,e307ca74e9113c92a60edccf18debc8713ed2a03f8ef6f5972324851c7586dde,0.860076189,if6_consensus_when_public_stable_and_legacy_neutral
g6_LC:0000825:350853b8b937,350853b8b9374d47a68d565bc68ccb790d7161ddf571d5cb9a6215825c477b6f,0.7537671924,if6_consensus_when_public_stable_and_legacy_neutral
g6_LC:0000826:6ef27599134a,6ef27599134a8aab2f05aa1123a80ba0a53ffc874d0216d2760ed097075c0a5b,0.7997185588,if6_consensus_when_public_stable_and_legacy_neutral
g6_LC:0000827:f8cb77966ac8,f8cb77966ac8e263c86035c143b0fe389d2b428032cc6b5f67b64be4c5bb92d9,0.831594646,if6_consensus_when_public_stable_and_legacy_neutral
g6_LC:0000828:637102aef3ce,637102aef3ceceb3d026c6ca543d1295ee295753a586a203b77baf451bbf988f,0.3856598437,if6_consensus_when_public_stable_and_legacy_neutral
g6_LC:0000829:35e66b1dab21,35e66b1dab21e0179d77588ba2a6419763aa31e6ec28fa2554465a53c7086b45,0.9615829587,if6_consensus_when_public_stable_and_legacy_neutral
g6_LC:0000830:587b32b2ef41,587b32b2ef410a526fe9d61108d0e923b6f1b4f8b827b9d1960a1dc7b8e5eb51,0.9296240807,if6_consensus_when_public_stable_and_legacy_neutral
g6_LC:0000831:8415edf25f1e,8415edf25f1e5b5bd3147c2df0df1fa46041cca6e1ec29a13aabc47aba02f30a,0.887398541,if6_consensus_when_public_stable_and_legacy_neutral
g6_LC:0000832:a298918d4035,a298918d403556dc7ef7c5493eb235fb08e15bc05a5df4810656ad4016919416,0.9095876813,if6_consensus_when_public_stable_and_legacy_neutral
g6_LC:0000833:d210a1190b49,d210a1190b4907003c755385784c8f80a47ed33a6b2a8f99eae13adcccce711f,0.8965060711,if6_consensus_when_public_stable_and_legacy_neutral
g6_LC:0000834:159f5bddc1e7,159f5bddc1e7b4422e4ba531843966d869bd3a0b9781dfb448c20eaa906d65fc,0.5537340641,if6_consensus_when_public_stable_and_legacy_neutral
g6_LC:0000835:208340f85318,208340f85318309357eb5421ab3cf5f358bdf3965c44f77692121b87d71ac28e,0.6969697475,if6_consensus_when_public_stable_and_legacy_neutral
g6_LC:0000836:87d1e7ea51a5,87d1e7ea51a5ae4b8937e12572446c9bf344ffb9f83a8552ba08933ae872223e,0.4480874538,if6_consensus_when_public_stable_and_legacy_neutral
g6_LC:0000837:d390e16c85a9,d390e16c85a985fc7aa8a89e3d809a22ec7a114441def7c847395ad46b88d3a4,0.3212452531,if6_consensus_when_public_stable_and_legacy_neutral
g6_LC:0000838:b847811347f5,b847811347f5bb231d8d0729eae0e6da425edd30109f2414c79ebea6bde89b22,0.2513661087,if6_consensus_when_public_stable_and_legacy_neutral
g6_LC:0000839:6f3dc6624e03,6f3dc6624e0312138d236c906df4cc63aa66ec52c16dda899b9afd8d3b69dc39,0.3040238321,if6_consensus_when_public_stable_and_legacy_neutral
g6_LC:0000840:1a59aa010a5a,1a59aa010a5ab180706248c953f43ba9b7f9ee6a19d37ab7618aa10326021440,0.3326709569,if6_consensus_when_public_stable_and_legacy_neutral
g6_LC:0000841:97ecfa4238c5,97ecfa4238c5e1e06077152756f244d13bad3baf1379cd044362f4b9b1a0c354,0.3260473311,if6_consensus_when_public_stable_and_legacy_neutral
g6_LC:0000842:c3de0fd627a2,c3de0fd627a214d9b326836a68ba66f465bf84822bd8b0f7a813fc2322856fb8,0.320417285,if6_consensus_when_public_stable_and_legacy_neutral
g6_LC:0000843:fbf5ded2f984,fbf5ded2f984e3d15de3baf8e37c9e37147a4a372ca093b42ed4f4603ae26eb0,0.4023016989,if6_consensus_when_public_stable_and_legacy_neutral
g6_LC:0000844:6ff0ee4ed7c6,6ff0ee4ed7c637587bcaa9b3c90e80aa6e84a2f9350c75db58ad45919e6f179a,0.3033614755,if6_consensus_when_public_stable_and_legacy_neutral
g6_LC:0000845:87d856b89f49,87d856b89f49678bab351473129b8a2b21a164020da2ca3bfc1f1497f015845b,0.4528895319,if6_consensus_when_public_stable_and_legacy_neutral
g6_LC:0000846:95a67462d59d,95a67462d59dfa9911cd7d84ef60709c8e4c9e7ea1cf77a5830a8d2fc634c4f3,0.3593310118,if6_consensus_when_public_stable_and_legacy_neutral
g6_LC:0000847:bd026b3f2f03,bd026b3f2f032c9f57d777db9dd464d2f1f72ab2e59b0ae8701aa97ca1d83315,0.3788706362,if6_consensus_when_public_stable_and_legacy_neutral
g6_LC:0000848:d2a49fa29a62,d2a49fa29a620c96d65053cb66ee3c5140e1939cc8c317488e35c4d0593d4da5,0.4237456322,if6_consensus_when_public_stable_and_legacy_neutral
g6_LC:0000849:1470164d6652,1470164d6652512bd3872cc57b9b8d55e0c0962f89cadeff908a20b42cd00743,0.4149693549,if6_consensus_when_public_stable_and_legacy_neutral
g6_LC:0000850:2ba0e53896ae,2ba0e53896ae468c19e3e06067b3e8b2c535b389efc32e16291511355c60154d,0.3831759989,if6_consensus_when_public_stable_and_legacy_neutral
g6_LC:0000851:0a8b00a3ed95,0a8b00a3ed9573cdb744fb132e54b9f83b1fc494a9128cc91d8b1a76da20158c,0.3853286803,if6_consensus_when_public_stable_and_legacy_neutral
g6_LC:0000852:2ef9a6435b94,2ef9a6435b94dc27dde07d23fcb2ce3d5e8fad0c41e2cccd70653b586e5718d9,0.4164596796,if6_consensus_when_public_stable_and_legacy_neutral
g6_LC:0000853:6dad5c9f7610,6dad5c9f7610f22655247388cbc1c23b95a4026ce58686b08dbc9bb4c6e92c80,0.2295082062,if6_consensus_when_public_stable_and_legacy_neutral
g6_LC:0000854:d16b6fae82d9,d16b6fae82d91efea62f956b04b36dc854a22bf8487bc3f2deb619d8310b6721,0.307335645,if6_consensus_when_public_stable_and_legacy_neutral
g6_LC:0000855:d628c0f55e4c,d628c0f55e4ce7b27abfb03f8568e1f3ce9c5268088051d682b1e9a2a377c895,0.3172710836,if6_consensus_when_public_stable_and_legacy_neutral
g6_LC:0000856:1154b2f3bc93,1154b2f3bc9335d2cfa9113583b0b4506e4c009f49d17a57dada23353f3a44e2,0.2790197134,if6_consensus_when_public_stable_and_legacy_neutral
g6_LC:0000857:53d837d48e27,53d837d48e2794a43ddabb4026b536d0a0c36c486a5151173d83220c54eb7f9c,0.2437489778,if6_consensus_when_public_stable_and_legacy_neutral
g6_LC:0000858:2de4f9217938,2de4f921793824c8cee5663d5d760069565215162990dfc4553034ab9e259911,0.2704090178,if6_consensus_when_public_stable_and_legacy_neutral
g6_LC:0000859:d47901eea31b,d47901eea31b4b354ee2bb8999ee93cfd82603e8b3a9cf2d26143f8300ea8faf,0.3028647006,if6_consensus_when_public_stable_and_legacy_neutral
g6_LC:0000860:6e782e6e4a02,6e782e6e4a02654afa001d5dbb1b56236e0aaefa4dfb7c815bc3f465f19113e4,0.1988739818,if6_consensus_when_public_stable_and_legacy_neutral
g6_LC:0000861:59d7db0b15c9,59d7db0b15c98fc2be7c3485d5e99394bd6e751f96def08ba67e5409324ef459,0.2124523968,if6_consensus_when_public_stable_and_legacy_neutral
g6_LC:0000862:2fdff3af38f8,2fdff3af38f81dbbbb022e702c91922b3da39182f513b75b699bc9e06832a063,0.7295909524,if6_consensus_when_public_stable_and_legacy_neutral
g6_LC:0000863:138f2898d4c4,138f2898d4c456bea87f37b72a7cbc9240ddde4bdd15f5f9c800db41c726094c,0.2425898314,if6_consensus_when_public_stable_and_legacy_neutral
g6_LC:0000864:5bc984848a68,5bc984848a68ada76d8953be1275690c2c9385a7a2ab5e55e01e9a59664f0e6d,0.5692995191,if6_consensus_when_public_stable_and_legacy_neutral
g6_LC:0000865:1e65dd938b82,1e65dd938b821b1ff5722c4be3266a7fbfa24219bcfb723141433a823b5df599,0.2611359656,if6_consensus_when_public_stable_and_legacy_neutral
g6_LC:0000866:85b389f20bde,85b389f20bde7b54a3a79b455262251acb1e0d9343b99b396d767e6a795fd924,0.1291604638,if6_consensus_when_public_stable_and_legacy_neutral
g6_LC:0000867:5d30fdb120d6,5d30fdb120d61a6570d0fcb14b2f3f438585cdf433af8584ada1c34b407c6c93,0.3225699663,if6_consensus_when_public_stable_and_legacy_neutral
g6_LC:0000868:818536701ded,818536701dedf53834d32cd84c6084c2c4dd882301435ad23a43aadd590e763d,0.2515316904,if6_consensus_when_public_stable_and_legacy_neutral
g6_LC:0000869:a492eefba951,a492eefba9512fda285a8a30d110d8c7facc01768fcf2571d9c4c7823c19bc72,0.2655240893,if6_consensus_when_public_stable_and_legacy_neutral
g6_LC:0000870:85d810cd078e,85d810cd078e8d0ba3a129a68748cffe081e4a8cf1eef165e8d9fd87497c3be4,0.3010432124,if6_consensus_when_public_stable_and_legacy_neutral
g6_LC:0000871:1b78d403e8a8,1b78d403e8a879aba8ca34e284d58ac0bdc4717f53b9cac774b62928ed562545,0.6699784398,if6_consensus_when_public_stable_and_legacy_neutral
g6_LC:0000872:a8697802e13e,a8697802e13ef3c2cfca532b33e49e15234ac829fca1789e67323c2c6af9e7b7,0.2564994097,if6_consensus_when_public_stable_and_legacy_neutral
g6_LC:0000873:42728c8e8c2f,42728c8e8c2fe24c75a24c5fb4467e6aad5df1653d42684741b4750159a16fbd,0.2932604849,if6_consensus_when_public_stable_and_legacy_neutral
g6_LC:0000874:ecaa4febe9cb,ecaa4febe9cbdafcd0610f723f61087fe6645395038ed7411913d99516795248,0.1790031642,if6_consensus_when_public_stable_and_legacy_neutral
g6_LC:0000875:9ed7832655c4,9ed7832655c4718c49c30570ca3cf17be06ded260e4834bf64f2ad728141e7ec,0.2624606788,if6_consensus_when_public_stable_and_legacy_neutral
g6_LC:0000876:55a1b77807c7,55a1b77807c7bcc9cb3463434f1d0db6d3bad05a00734f94a9ee3ad05969edd4,0.1304851919,if6_consensus_when_public_stable_and_legacy_neutral
g6_LC:0000877:afedd945402b,afedd945402b227ed97abcd010f38ba8e072b4689eee9e5e596187a87e42d4ee,0.1515979618,if6_consensus_when_public_stable_and_legacy_neutral
g6_LC:0000878:7d7e9f60b742,7d7e9f60b7425c072a88af594d3404a7903f079a3ae5e856ab3eff91eaa6684f,0.384003967,if6_consensus_when_public_stable_and_legacy_neutral
g6_LC:0000879:5041b201fe84,5041b201fe8485e4456fc91010b9a5259204d92a6d6e8b971cc7f81529ea24f4,0.1530054659,if6_consensus_when_public_stable_and_legacy_neutral
g6_LC:0000880:05a1d133f9cf,05a1d133f9cfe80d07ec018bf605ccb1c184d20da52f7cd9b71a6606f88e16e6,0.2382844687,if6_consensus_when_public_stable_and_legacy_neutral
g6_LC:0000881:01e752862164,01e7528621644ab530da546e2764afa2aedd1218157c0a4301b283d5df12eaaf,0.2051664144,if6_consensus_when_public_stable_and_legacy_neutral
g6_LC:0000882:3c1da5280e7e,3c1da5280e7e4ab9754ed4edc38813d1e95df7e9741bc5800639f89d2c7fe0a2,0.6958105564,if6_consensus_when_public_stable_and_legacy_neutral
g6_LC:0000883:7874dbc07424,7874dbc0742446a7727c95092c0c6746a8cab3f4a241545e82f9a32ef9575f7f,0.5259149075,if6_consensus_when_public_stable_and_legacy_neutral
g6_LC:0000884:40d102cfff6c,40d102cfff6cd3dac8f0eb02b620f4af95f35fe68d2bd1058a1cad4b7ea8d666,0.3296903372,if6_consensus_when_public_stable_and_legacy_neutral
g6_LC:0000885:8b6b966ab52b,8b6b966ab52b2f5ae192be1c7e264a04671c979f90218c80a857a4318e0e0f7b,0.05630071461,if6_consensus_when_public_stable_and_legacy_neutral
g6_LC:0000886:deebe0f3c7cd,deebe0f3c7cdff0f8f3df68e96e3e5b63de29da8293f0ce6e067e081d5908b02,0.2467295974,if6_consensus_when_public_stable_and_legacy_neutral
g6_LC:0000887:66f646e22084,66f646e220846761b02c7be6749386a774a203956d6fadf26c72b24a155274dd,0.2477231473,if6_consensus_when_public_stable_and_legacy_neutral
g6_LC:0000888:4bd015231942,4bd015231942d344aa0b9bb86dadcd801a070cb22a13217639d030e7458963b3,0.3010432124,if6_consensus_when_public_stable_and_legacy_neutral
g6_LC:0000889:618a8055163d,618a8055163dd1aa87bde962d1ccdd652e23692ab8b4edca779a66ee37a44f8d,0.4699453413,if6_consensus_when_public_stable_and_legacy_neutral
g6_LC:0000890:94b8b8b560e9,94b8b8b560e96e9fa9918a20837eb33096d515f4088dd32a54d049232f64af41,0.8253021836,if6_consensus_when_public_stable_and_legacy_neutral
g6_LC:0000891:823f3203969c,823f3203969c3f7cd447be938e65891987e448281d4a0cc2d552ed8d5543a685,0.2058287859,if6_consensus_when_public_stable_and_legacy_neutral
g6_LC:0000892:3739a552c0b6,3739a552c0b649c766318433eda1496cf501d331f3307fd45cf176b190fde6c8,0.2766186297,if6_consensus_when_public_stable_and_legacy_neutral
g6_LC:0000893:68f49b3d8f51,68f49b3d8f51e7faecbe2c8c75293c9b22b372063096643f84c1fc547f5d79d3,0.4240768254,if6_consensus_when_public_stable_and_legacy_neutral
g6_LC:0000894:0c3191117ce1,0c3191117ce1b292f827587e266403d21481e632d0aa64a605d55691f01c9f8d,0.2180824727,if6_consensus_when_public_stable_and_legacy_neutral
g6_LC:0000895:8a56207a108f,8a56207a108f55eb5c75d01b313b514a841d3abcb94efb1307be4dbf372f5634,0.3392945826,if6_consensus_when_public_stable_and_legacy_neutral
g6_LC:0000896:36f9546ac77b,36f9546ac77b485fb8bb379c1d2b920e04d24ad4854a0810ae2c894a51f754a7,0.277363807,if6_consensus_when_public_stable_and_legacy_neutral
g6_LC:0000897:f428733ead1e,f428733ead1e3b6228922684f082b8a358d72c61f5c2dd62ae304552a1b449cd,0.7734723687,if6_consensus_when_public_stable_and_legacy_neutral
g6_LC:0000898:e24f178ed328,e24f178ed32840805112193c6a704a3e910f91c5b03f2a68a6ff25acd9ba0d18,0.2859745026,if6_consensus_when_public_stable_and_legacy_neutral
g6_LC:0000899:41b6de0293ec,41b6de0293ec103b456a2c8ca881401a9961d5b4a647e22853da2fcf9f8500f8,0.7542639375,if6_consensus_when_public_stable_and_legacy_neutral
g6_LC:0000900:b9f3c8a483d1,b9f3c8a483d15ceded36fb852a9023c6fe21971742b71fa3f5bcc412bf417307,0.1511839628,if6_consensus_when_public_stable_and_legacy_neutral
g6_LC:0000901:86d299d1f8ed,86d299d1f8ede4f8dd54f3d7a5f1c6e4b56da25a1defc4a3bcb89a5b42539191,0.1260142326,if6_consensus_when_public_stable_and_legacy_neutral
g6_LC:0000902:30e88b89d53c,30e88b89d53c7f68a645a0cbed346910592ca10e2ba6c9a055fdee83f5e01408,0.2306673378,if6_consensus_when_public_stable_and_legacy_neutral
g6_LC:0000903:c6b0aac9017f,c6b0aac9017f3eb1e195c8b417123ae52c2a097db03db0a8691a41d60d1f096b,0.1385990977,if6_consensus_when_public_stable_and_legacy_neutral
g6_LC:0000904:7cf9e89dff8f,7cf9e89dff8f116783ab9718470a5ed8697587dd4e98a3df4abd4ff2ce057ee9,0.4475906789,if6_consensus_when_public_stable_and_legacy_neutral
g6_LC:0000905:a46fa51c598a,a46fa51c598a14e8fe4f9b477355b5a20b466d669364a5f05af3a7420ff2ffa0,0.09918860346,if6_consensus_when_public_stable_and_legacy_neutral
g6_LC:0000906:4771105cd7b5,4771105cd7b51b25eea1b684c1ad058571e983093b77d17ad0b8e250886a7d05,0.2838218212,if6_consensus_when_public_stable_and_legacy_neutral
g6_LC:0000907:6d8d3f51ae14,6d8d3f51ae144ff163848362025d1794b7a19996de9d400dd04dfaafa6ab271e,0.2555058897,if6_consensus_when_public_stable_and_legacy_neutral
g6_LC:0000908:a404a8b830f6,a404a8b830f606b8f931c3f1e72636402ad08aacfb9231fd1de7116fb1186414,0.5381685495,if6_consensus_when_public_stable_and_legacy_neutral
g6_LC:0000909:c463c3d873e7,c463c3d873e7fd1bf0766bda9a08f51bc362aab595a0202cbc3cb06f6a52825a,0.3374730647,if6_consensus_when_public_stable_and_legacy_neutral
g6_LC:0000910:8278bec2d164,8278bec2d164cf3d2987d9292a13d7efcbafe3d8272f4d814dd516fdb753d993,0.1900976896,if6_consensus_when_public_stable_and_legacy_neutral
g6_LC:0000911:31464bfda1f7,31464bfda1f78d1c977cdb775e088650f0689bf9a31e45b7d105b7b4833cbe2f,0.5661533475,if6_consensus_when_public_stable_and_legacy_neutral
g6_LC:0000912:f02a1dd897ff,f02a1dd897ff60f7a7eb784fccd3fba1546aabb46852c25baeae60ca798d25a1,0.9436993003,if6_consensus_when_public_stable_and_legacy_neutral
g6_LC:0000913:c98244de201f,c98244de201f0d9daa381cc1acedb18e39b27cf7d28e948b0928b74e32d4ed78,0.5717833638,if6_consensus_when_public_stable_and_legacy_neutral
g6_LC:0000914:af0f9cf8c740,af0f9cf8c740a1f22e090228841d537aca64a72b05c5bf8ce858fb0ec2f183cf,0.8988242745,if6_consensus_when_public_stable_and_legacy_neutral
g6_LC:0000915:80b268e62c6c,80b268e62c6c826cc8223c9bddf2bbb443355914df045b92bd7ce1d439a63a23,0.8723298907,if6_consensus_when_public_stable_and_legacy_neutral
g6_LC:0000916:9058da3ea8b2,9058da3ea8b2a03895bf02b3fc32c3fd99a8f54794e2bea8e6ee5c7b3b9422b2,0.7579069138,if6_consensus_when_public_stable_and_legacy_neutral
g6_LC:0000917:41c04fe0a8c6,41c04fe0a8c67fdab5b37ca7ceaeebf6d572f09f1339b2dc1bc4ebee587496e4,0.7963238358,if6_consensus_when_public_stable_and_legacy_neutral
g6_LC:0000918:1ba7a840c07b,1ba7a840c07bd6bb68cc5f2d6aa3bd62c0ecbba6cd8a9b186b4ebee1c4022791,0.8075839877,if6_consensus_when_public_stable_and_legacy_neutral
g6_LC:0000919:76882c2f59de,76882c2f59de6e3a5990c6ef27ed8706cf2974cd2976d8e112260d6c5719b294,0.4548766315,if6_consensus_when_public_stable_and_legacy_neutral
g6_LC:0000920:c765799e47fc,c765799e47fcdde4cf0bb24e3104b7bc4f774da27acffffdfba7149aea9fece9,0.6744494438,if6_consensus_when_public_stable_and_legacy_neutral
g6_LC:0000921:2b59ccbe7b6d,2b59ccbe7b6d57a1e65e9bd98a22aacada133c951ffcdf770e76cb9861c816e5,0.6774299741,if6_consensus_when_public_stable_and_legacy_neutral
g6_LC:0000922:0fae7defcc7b,0fae7defcc7bb5e19239cd086ace15ee33679ba5b023d19d7e59beb048e33255,0.5782414079,if6_consensus_when_public_stable_and_legacy_neutral
g6_LC:0000923:52b1759a5e57,52b1759a5e5757ad9a94dff1a205423e2fe4066017ff8b821f562bce63c27241,0.8887233138,if6_consensus_when_public_stable_and_legacy_neutral
g6_LC:0000924:9524c7543634,9524c7543634348c5525974e3050d85a5e1e2ed39208ebb895d7022572055b71,0.3808577359,if6_consensus_when_public_stable_and_legacy_neutral
g6_LC:0000925:d894adcf160e,d894adcf160ec673c1ea475fdfb719d76981b598a5fb60ae5def55dae605963d,0.8282828331,if6_consensus_when_public_stable_and_legacy_neutral
g6_LC:0000926:f7a9b1c3f7be,f7a9b1c3f7be354f0d0327747eb153986672bfac43dd09e088fc74d1800ea4b7,0.753436029,if6_consensus_when_public_stable_and_legacy_neutral
g6_LC:0000927:aabe61510d65,aabe61510d656f680317d363ed0dcf5de05e61ad4144bc2b1b2cad36c36c956a,0.6976320148,if6_consensus_when_public_stable_and_legacy_neutral
g6_LC:0000928:6a35bb93c363,6a35bb93c36300c09a3f58bbc3fd31bea15be51c583720b0c28873a68e87c758,0.5120052695,if6_consensus_when_public_stable_and_legacy_neutral
g6_LC:0000929:3d0006c9f1ba,3d0006c9f1ba208db703277ce68337eb039f2642310fd23ee497357b5f3061f1,0.7974829674,if6_consensus_when_public_stable_and_legacy_neutral
g6_LC:0000930:846ac880ff65,846ac880ff653042868f9c221aa333dea906ea1cd5c2522a1497763df9eb8397,0.8304355145,if6_consensus_when_public_stable_and_legacy_neutral
g6_LC:0000931:94e6f3bde824,94e6f3bde82436e00484e08177878e269b6cc51892e483abecc9196372d5af1f,0.2884583771,if6_consensus_when_public_stable_and_legacy_neutral
g6_LC:0000932:dc957d65d509,dc957d65d509a850b70e57f0690c9044ea2f81be407bd1cc0f886b664f9fe369,0.2868852317,if6_consensus_when_public_stable_and_legacy_neutral
g6_LC:0000933:5d5113c3401e,5d5113c3401efd4e710e0c95e0bd8969e2a560e05cb6527614b2a701d2e9f1f2,0.2043384761,if6_consensus_when_public_stable_and_legacy_neutral
g6_LC:0000934:5be3023f7854,5be3023f78544d67984ea24b3784c606eb9844c18c7e580305ef5cf12b91ecae,0.1674118191,if6_consensus_when_public_stable_and_legacy_neutral
g6_LC:0000935:c025fa1f07f4,c025fa1f07f4d33e3bfbd330f3fc7f7e1e7a78ea4b8241ac9768a6fb800cbb48,0.6845504642,if6_consensus_when_public_stable_and_legacy_neutral
g6_LC:0000936:2243acab78a1,2243acab78a151956116dfe075bc3c223283cf45196d5a504f66320eaefe99a6,0.2452392727,if6_consensus_when_public_stable_and_legacy_neutral
g6_LC:0000937:2495580d4120,2495580d41202021aa3a41c3da17f29a49b967c16b16553e9a655649bd079420,0.108296074,if6_consensus_when_public_stable_and_legacy_neutral
g6_LC:0000938:3304256b1cb2,3304256b1cb2a6e96e4ada5e7e96c62a2ea27cc041bac13a9fb73bc4cdb18904,0.1801622659,if6_consensus_when_public_stable_and_legacy_neutral
g6_LC:0000939:f65ba0f0b47e,f65ba0f0b47e189a0433c23d49f9165e47242368463180ea7d2f01bc03db5836,0.1490312964,if6_consensus_when_public_stable_and_legacy_neutral
g6_LC:0000940:45176c915720,45176c915720edc299e1fbfbf63b009c4033b98d6385d429da11dbfe0109e11d,0.184302032,if6_consensus_when_public_stable_and_legacy_neutral
g6_LC:0000941:b3a9434bb618,b3a9434bb618d6e2587e7d6c95652b05198ca67f2ecd7f289320255c686cf076,0.3566815555,if6_consensus_when_public_stable_and_legacy_neutral
g6_LC:0000942:34bc3516ac6b,34bc3516ac6b917b0aa22ab8cf087473afc8082da2b3dd4997751aaa15ed644b,0.1942374706,if6_consensus_when_public_stable_and_legacy_neutral
g6_LC:0000943:92976c561b0d,92976c561b0d32c2b662cbdfff63e798a97865a84c2ed0a6e06ff64a7266f106,0.2288458347,if6_consensus_when_public_stable_and_legacy_neutral
g6_LC:0000944:aa7048510505,aa70485105057eea9835f0f784ae1cff84edd2f7f628ea6b4336800850c0ac45,0.2275211066,if6_consensus_when_public_stable_and_legacy_neutral
g6_LC:0000945:08ace4a4f1f2,08ace4a4f1f29a510638e6b79d564a4e5326a15a954c99e5a4ce95a9fc27560e,0.9122371674,if6_consensus_when_public_stable_and_legacy_neutral
g6_LC:0000946:b47e81644cf7,b47e81644cf7ddd2ee77ac037adeca5397d2636874609ae888b25cd0b359ecb8,0.4613346756,if6_consensus_when_public_stable_and_legacy_neutral
g6_LC:0000947:85943d2a1f10,85943d2a1f10ba69da88747f0de0a236265d40644580d1e4bad93393599b3f90,0.2124523968,if6_consensus_when_public_stable_and_legacy_neutral
g6_LC:0000948:7924557737b3,7924557737b368b2582cee04f2ef638ae52f89d737f5cc5ee3e511af74a1522b,0.1487001181,if6_consensus_when_public_stable_and_legacy_neutral
g6_LC:0000949:c4126d43db64,c4126d43db64eaf56f0dee4fbf5f07b710cf749e5d03dd51144867de56c5d2f7,0.1790031344,if6_consensus_when_public_stable_and_legacy_neutral
g6_LC:0000950:afdf328bede0,afdf328bede0be20f85ee80158ab1301d1e588c80fa131f9788ebdc27e2dfa29,0.7658553123,if6_consensus_when_public_stable_and_legacy_neutral
g6_LC:0000951:8c5f44ff9853,8c5f44ff98537851d1b0c1eeba076a4a676e9d0683309ed9de25a28615677d1c,0.3336645067,if6_consensus_when_public_stable_and_legacy_neutral
g6_LC:0000952:53b4522b0410,53b4522b0410d70d0c7f439630c898294e7769e2f664606e8673722fac34aefc,0.7521112561,if6_consensus_when_public_stable_and_legacy_neutral
g6_LC:0000953:a13ab33f5d9a,a13ab33f5d9a36f98fd3a3a6097dfb36048f079571299960bb4c44a14ff28679,0.5394932628,if6_consensus_when_public_stable_and_legacy_neutral
g6_LC:0000954:720c58408ee9,720c58408ee9980e1a1447fb25f44fd0ad7542f4f029cc37b8bb9aa5538f7090,0.4792183936,if6_consensus_when_public_stable_and_legacy_neutral
g6_LC:0000955:e475d4dceb32,e475d4dceb32854ca74b594452a65447e621122769ca7213dcdd4a0997492a2c,0.7949991226,if6_consensus_when_public_stable_and_legacy_neutral
g6_LC:0000956:8361a4310b7d,8361a4310b7d1b7ff95c3143fd718901e07adc4a981598bda597a6094060446b,0.6065573692,if6_consensus_when_public_stable_and_legacy_neutral
g6_LC:0000957:38a1b36b1389,38a1b36b13890712b5fbba4def2776821c83676473190e884aa565871cd4a0b2,0.4379864037,if6_consensus_when_public_stable_and_legacy_neutral
g6_LC:0000958:63e0bd523857,63e0bd5238570ebd54aca9f5a5cb88bd0392b5c14d2f1a9197474b9e56103838,0.5668156743,if6_consensus_when_public_stable_and_legacy_neutral
g6_LC:0000959:81f7c4565993,81f7c456599305140425de1166f4bb938ac81f39bcb22b3d3026b33b44ccd377,0.3980791569,if6_consensus_when_public_stable_and_legacy_neutral
g6_LC:0000960:3c241f593f4b,3c241f593f4bf4bd7fd82f15e8c61cb44d0402435f1f48bd650930cba8a64bd0,0.3361483812,if6_consensus_when_public_stable_and_legacy_neutral
g6_LC:0000961:a1803b516706,a1803b5167065b81130099db7cf5df60355aa637ef3f5eccac2c0b454d37a5b5,0.8201689124,if6_consensus_when_public_stable_and_legacy_neutral
g6_LC:0000962:41be1c7e8f95,41be1c7e8f95ed719519ed2cda25b463ca7ef46f13ad184efde8b1d00fd1e586,0.4894850254,if6_consensus_when_public_stable_and_legacy_neutral
g6_LC:0000963:2bf6de6172d1,2bf6de6172d16ca79f8a5e28abd68e700ca37d095c3099209b437c8caa5a97b4,0.5697963238,if6_consensus_when_public_stable_and_legacy_neutral
g6_LC:0000964:36101ea401d5,36101ea401d58d6adc38b68b846465e53d7b18b99d5d76795a5249c18a01e09e,0.5732737184,if6_consensus_when_public_stable_and_legacy_neutral
g6_LC:0000965:2dac88bc6d5e,2dac88bc6d5e0c684e12b49e7c1e3343a09b59215d5e13425cf7f3c792adfb7f,0.7991389632,if6_consensus_when_public_stable_and_legacy_neutral
g6_LC:0000966:d4d7723fd0b4,d4d7723fd0b4b3d3ab9e0ed5f3b18d7d59ca4ca84a6b1e19c9142e8fdf9d1bb3,0.4341778457,if6_consensus_when_public_stable_and_legacy_neutral
g6_LC:0000967:39eb78aa32b5,39eb78aa32b592e930df1ab3eb6986805bca49713626e73eeb64e4ee2bb05aa0,0.3715846837,if6_consensus_when_public_stable_and_legacy_neutral
g6_LC:0000968:c159bbf68a5c,c159bbf68a5c872148ddaffb6de19717157542634daa531767961b7b3ac4c4db,0.5039741993,if6_consensus_when_public_stable_and_legacy_neutral
g6_LC:0000969:88b14edbbed6,88b14edbbed6441f02d7530e7001ba6cbccfd18c6f6dfea95abc9e45663c014f,0.9494948983,if6_consensus_when_public_stable_and_legacy_neutral
g6_LC:0000970:80024e7e8dd2,80024e7e8dd24999a93e26919fd6e71eaca7d5d117bd9b8bfd2713b07aa67043,0.8138764501,if6_consensus_when_public_stable_and_legacy_neutral
g6_LC:0000971:bea48254f6b5,bea48254f6b56a7b425fe13758df2ccbfac185dd9260865abd88b851f7b8ad8c,0.9632389545,if6_consensus_when_public_stable_and_legacy_neutral
g6_LC:0000972:e2d9c029ab50,e2d9c029ab5034fd78b2a9b64d634674569873ee72cfda306490babaffb02a1a,0.9304520488,if6_consensus_when_public_stable_and_legacy_neutral
g6_LC:0000973:f04cafcae81a,f04cafcae81adec6e947476068fb0917c667518d3227a5275ae2e04e67613379,0.8628911972,if6_consensus_when_public_stable_and_legacy_neutral
g6_LC:0000974:6815e907a11c,6815e907a11c8b61a4c916886cc5fdd36d38a44ac3d31f60f3cfa404f16c5d71,0.9653916359,if6_consensus_when_public_stable_and_legacy_neutral
g6_LC:0000975:fd422339bb0c,fd422339bb0cb4e8e513792967c859d4f378d07f21292362fe40e201bc41fae5,0.9095876813,if6_consensus_when_public_stable_and_legacy_neutral
g6_LC:0000976:ec6ceee15bbe,ec6ceee15bbe90751390a87bb173898cedcc8265b7783a39abbf05b184bed78a,0.9294585586,if6_consensus_when_public_stable_and_legacy_neutral
g6_LC:0000977:7d671140bf3b,7d671140bf3bcc16b4401d601f51eaa441c2a5e84392746c27d03807fbcece1f,0.9392283559,if6_consensus_when_public_stable_and_legacy_neutral
g6_LC:0000978:5e2b9dd5544b,5e2b9dd5544be98530f57e4878de3c1eb05351fc82f67dcb0f3112611c971a29,0.8642159104,if6_consensus_when_public_stable_and_legacy_neutral
g6_LC:0000979:77ed16f6675d,77ed16f6675dbccf33ed2fd66448dde4ee856358a320e81f03152290c305c9dc,0.9892366529,if6_consensus_when_public_stable_and_legacy_neutral
g6_LC:0000980:643e7662f4e0,643e7662f4e0d9f98951f97ffd95b1af8b66c6089b8b7f33609ee67b47dfc725,0.6704752445,if6_consensus_when_public_stable_and_legacy_neutral
g6_LC:0000981:f63187ffcae9,f63187ffcae906d9dd78e0e8d3ba3cdf9c89833eb82be24b0dedec5f2d9eb3d6,0.9337639213,if6_consensus_when_public_stable_and_legacy_neutral
g6_LC:0000982:34c93c5177e3,34c93c5177e30facba09403c1cf6e0e091945ebceeea104a6710383737937fb6,0.9594303966,if6_consensus_when_public_stable_and_legacy_neutral
g6_LC:0000983:edb20b79d1e0,edb20b79d1e028a1cc8384a5f7b04ad2f65cfe46b3815db9e16991fc0115f3c4,0.9903957248,if6_consensus_when_public_stable_and_legacy_neutral
g6_LC:0000984:43e2ec5d80a8,43e2ec5d80a8a71d20b06519d72272d8707641de2afadeb6878b251e7a83d8e4,0.9706904888,if6_consensus_when_public_stable_and_legacy_neutral
g6_LC:0000985:300ff0e3efdf,300ff0e3efdfc6883afc81dc22f62a20e4e64ed6891d47428bc928707bedcff2,0.8816029429,if6_consensus_when_public_stable_and_legacy_neutral
g6_LC:0000986:eb4baa61e33b,eb4baa61e33b70d5cffda8ae4ff0e7bd00033f7f570a5330ab5bb41ac4801bb8,0.8870673776,if6_consensus_when_public_stable_and_legacy_neutral
g6_LC:0000987:85402eeca1d2,85402eeca1d2386d69ca40da6b5f123b980d5b3eaf012f86bac2c5727d6df887,0.9804603457,if6_consensus_when_public_stable_and_legacy_neutral
g6_LC:0000988:39b4635e205b,39b4635e205be8d323793d87c5ffc779d30a8a45592cad07f6c7f5e22abe2584,0.3762212098,if6_consensus_when_public_stable_and_legacy_neutral
g6_LC:0000989:c15af177f2c3,c15af177f2c31a20c8a83aa95d63823e84e963b636fc5b1d352985009064e111,0.2505381703,if6_consensus_when_public_stable_and_legacy_neutral
g6_LC:0000990:aaa4b6bf3c3e,aaa4b6bf3c3eb5ee3f2c8b03ef5d9d15985d8ed335e0f62f79155b85ffb4bbf9,0.2709057629,if6_consensus_when_public_stable_and_legacy_neutral
g6_LC:0000991:b35c0720e117,b35c0720e117b4ac6e6dc000a6ad6e902eb484e0330954b91c792b6bb8083ada,0.3098194897,if6_consensus_when_public_stable_and_legacy_neutral
g6_LC:0000992:da29a8bc3c02,da29a8bc3c026ad7f104a94bf5cd2893f08bcda5aeebd11d739cea1126037e4e,0.3459182084,if6_consensus_when_public_stable_and_legacy_neutral
g6_LC:0000993:54b051211d40,54b051211d405e4cf622825e315b5dbb1aaf079a1b7d83b6b38fc3ddd99fbba5,0.3482364714,if6_consensus_when_public_stable_and_legacy_neutral
g6_LC:0000994:28bf9d98321b,28bf9d98321b1c0af434d0504358dadaf9973dea52b3faea18cf55d40f201ed3,0.3917867243,if6_consensus_when_public_stable_and_legacy_neutral
g6_LC:0000995:8f741cf2b19f,8f741cf2b19f6771f68ec352022058c982c7b64f78ffcc2f45b2ff62a74cf532,0.5262460709,if6_consensus_when_public_stable_and_legacy_neutral
g6_LC:0000996:9f7e8c1e71a5,9f7e8c1e71a56abe21b6641555ecafb16216f985554331054fe726dccdc926cd,0.5394932628,if6_consensus_when_public_stable_and_legacy_neutral
g6_LC:0000997:a1de2c1fc8dd,a1de2c1fc8dd187f6cbfea02910536a50eabbb51c320c7124a7c4b87f1a9e943,0.4305348396,if6_consensus_when_public_stable_and_legacy_neutral
g6_LC:0000998:e5acc41c1721,e5acc41c1721e09a426909b3e4e4a2069748642fa95e977578be39f35b34c216,0.4462659359,if6_consensus_when_public_stable_and_legacy_neutral
g6_LC:0000999:9dd185a536ff,9dd185a536ffc615e801bc1133e998498d96a2eeaca3cf6b71a7b2fe58847ea8,0.3065904677,if6_consensus_when_public_stable_and_legacy_neutral
g6_LC:0001000:f0205b6521af,f0205b6521afb2dd58eca1ce26fd13535b6932bdd7e80b08bc19a965efd9fa87,0.5812220573,if6_consensus_when_public_stable_and_legacy_neutral
g6_LC:0001001:444f07f92f83,444f07f92f8380a2cbec149b3daf52b0a8f486f1fa0f1b734cce83c001923b8b,0.778109014,if6_consensus_when_public_stable_and_legacy_neutral
g6_LC:0001002:0b1121d3997d,0b1121d3997d28de6abc5336f142d7b884f32fe1752645efcb6d12803a7a9af6,0.3906275928,if6_consensus_when_public_stable_and_legacy_neutral
g6_LC:0001003:96be0a394044,96be0a394044604fca6a5481c6bb67955f5ff4eaa6b9571ff32de31346609262,0.4523927867,if6_consensus_when_public_stable_and_legacy_neutral
g6_LC:0001004:c9b142757275,c9b1427572758bd535db3d24ec89cf6378f5e505c2d0a8a7214bc9532b481e26,0.5204504132,if6_consensus_when_public_stable_and_legacy_neutral
g6_LC:0001005:b8315d360806,b8315d360806a680ebdb7e83f6289870deb35fe330f5f102a6628bcca2e1b3bb,0.2924325168,if6_consensus_when_public_stable_and_legacy_neutral
g6_LC:0001006:ce05c0965f46,ce05c0965f4681296a5699605a9a78f54b8f27f4a508e5f533404ea33221fc15,0.2594800591,if6_consensus_when_public_stable_and_legacy_neutral
g6_LC:0001007:e1cab6667a91,e1cab6667a91dd498129b95be695612712ad47f7956d4c42a782addf423e153e,0.9412154555,if6_consensus_when_public_stable_and_legacy_neutral
g6_LC:0001008:6e7383e7155d,6e7383e7155d787e3eda8debf3efd0f47bad950413d99d0f192612f3f9371ebf,0.5760887265,if6_consensus_when_public_stable_and_legacy_neutral
g6_LC:0001009:56d0a88cd251,56d0a88cd251422b0f380df061cbebe8e1d9f9dca5a75843b58efb4e03ee5a8b,0.6955621839,if6_consensus_when_public_stable_and_legacy_neutral
g6_LC:0001010:a10be87b2fd9,a10be87b2fd9688a7437b2a2fb0a2606b924c9ed93b2721140cb8a131c23f5f1,0.8407021165,if6_consensus_when_public_stable_and_legacy_neutral
g6_LC:0001011:36c7d232e3d2,36c7d232e3d290649d13c394ced27a6529e26e5b83e2c46c1db7b49131c97ff8,0.9014737606,if6_consensus_when_public_stable_and_legacy_neutral
g6_LC:0001012:4f17600945bd,4f17600945bd10b0405316dc988fa82c91cdd6c50ae17e2099aca551146ba544,0.5792349577,if6_consensus_when_public_stable_and_legacy_neutral
g6_LC:0001013:ac453f30d948,ac453f30d9489e65314d6093d98ff7febd999dab846281c70579ca5e2d59f0bc,0.9322735667,if6_consensus_when_public_stable_and_legacy_neutral
g6_LC:0001014:06bdd9fca34f,06bdd9fca34fa0c6bb23a15776994034a1face4edf56d0fd532e812595fd7271,0.4749130905,if6_consensus_when_public_stable_and_legacy_neutral
g6_LC:0001015:bb14e29dc921,bb14e29dc921fe9089410371af901921f89a52279fda1dadc9732317b71c5c09,0.7882099748,if6_consensus_when_public_stable_and_legacy_neutral
g6_LC:0001016:a8fc1a462349,a8fc1a462349d0d9f1adb5a43a84db71faad35943137d89802b0338ea1d3af66,0.5777446628,if6_consensus_when_public_stable_and_legacy_neutral
g6_LC:0001017:c6d76c43389b,c6d76c43389b809691b3d79fe04ea38939772830f4c74ee96cc8d0b0bf53ebab,0.7223049998,if6_consensus_when_public_stable_and_legacy_neutral
g6_LC:0001018:e55a1761950a,e55a1761950a4ee449eeb320215db50dd8dce3968d5d362a529485ab5b1e520e,0.8542804718,if6_consensus_when_public_stable_and_legacy_neutral
g6_LC:0001019:79821e37ab15,79821e37ab15584585e5eca878ed9763f187dc46e02a3de42699562209a5e05c,0.4008941948,if6_consensus_when_public_stable_and_legacy_neutral
g6_LC:0001020:50b5f641ba77,50b5f641ba77ac281337884a332f6e090350317b3ccc40e9bc371bc649d27675,0.8902136683,if6_consensus_when_public_stable_and_legacy_neutral
g6_LC:0001021:af2ca9e5bbe2,af2ca9e5bbe2fda0c2bc7baad8ff3d23d63e08dc5ec715bdf2417f086abf81ee,0.7850637436,if6_consensus_when_public_stable_and_legacy_neutral
g6_LC:0001022:dc57652f7d84,dc57652f7d84c215b8d3025c39d82df786c154f410549bfaeca28ddc3d275656,0.819837749,if6_consensus_when_public_stable_and_legacy_neutral
g6_LC:0001023:f29780f08adc,f29780f08adcf8b4848a7201508c9d8eb462fb36401711463db75dbac43aea7a,0.7242920995,if6_consensus_when_public_stable_and_legacy_neutral
g6_LC:0001024:a369f92ad9c3,a369f92ad9c3794f0dddc59db5bc936cb0c1c35bd8b58c7326b6e55ce1d9c92f,0.6077165008,if6_consensus_when_public_stable_and_legacy_neutral
g6_LC:0001025:fd1ef92542d2,fd1ef92542d2431c0dad31733c5c69fee7e5fcdae50a58dceb34f4e969f83152,0.7466468215,if6_consensus_when_public_stable_and_legacy_neutral
g6_LC:0001026:860329382b21,860329382b2151bb2b7d35a848e75e8c248db229beed9c5a7f00ff6595e5ed6f,0.883589983,if6_consensus_when_public_stable_and_legacy_neutral
g6_LC:0001027:3afd91cc8b7e,3afd91cc8b7e17ee05ad3a67b16c3cbd30d1a47268531d40e6e0aa7412e61381,0.6105315685,if6_consensus_when_public_stable_and_legacy_neutral
g6_LC:0001028:1bbe60d67110,1bbe60d6711018ee10cd41f30ba9d35467c676509994ecf62e33f16fd80d0504,0.8994867206,if6_consensus_when_public_stable_and_legacy_neutral
g6_LC:0001029:3059617281f0,3059617281f027ee9fe17c8c45da87805d4d10cb9ac2479af7a6a0ff7b9c6fb9,0.873654604,if6_consensus_when_public_stable_and_legacy_neutral
g6_LC:0001030:6b7100a57b75,6b7100a57b7535fd370aa8c518ba6cf5286077afad0ba3aad16663fd317db23d,0.7779433727,if6_consensus_when_public_stable_and_legacy_neutral
g6_LC:0001031:2e9829585872,2e98295858728fdc92d6e974d1d32a0f8082ec756857a57de33c48e3163d16bd,0.8249710202,if6_consensus_when_public_stable_and_legacy_neutral
g6_LC:0001032:d2b510156a38,d2b510156a38d9804432417eeb7a5b236bd860b3dda49b41aec678a3659fa368,0.8748137355,if6_consensus_when_public_stable_and_legacy_neutral
g6_LC:0001033:3046e4f7c9f2,3046e4f7c9f2fae4d6baa8dd4e49d04cfa2c994c847852fdd6dde76d9133ba12,0.7359662056,if6_consensus_when_public_stable_and_legacy_neutral
g6_LC:0001034:58977924b145,58977924b145dd47cff1b7143bf5862d4336e18528bbdd7ad6e42235ba1e4650,0.8620632291,if6_consensus_when_public_stable_and_legacy_neutral
g6_LC:0001035:ae6607e6c9e7,ae6607e6c9e7ed4923a53cecb6c2df2f15667755150738fbfe84417f34cd09f4,0.7569133639,if6_consensus_when_public_stable_and_legacy_neutral
g6_LC:0001036:1e43a179f831,1e43a179f831576a2938a13927e6a7fda5643192ea0959207560011e202aaf16,0.6838880181,if6_consensus_when_public_stable_and_legacy_neutral
g6_LC:0001037:269ec2546d69,269ec2546d6999838113148332fec02272b89dd53934688ebaaa4a59bb925990,0.8948501945,if6_consensus_when_public_stable_and_legacy_neutral
g6_LC:0001038:4ae7bf92b8f2,4ae7bf92b8f24555268fa8eb3c813c22e2eb16929724a063c16d33f504e2dcb2,0.9266435504,if6_consensus_when_public_stable_and_legacy_neutral
g6_LC:0001039:4c32471dbe03,4c32471dbe03d69b4cc24a960a0bc468a0c4a9fabca2f493526c62a368b1122a,0.8824308515,if6_consensus_when_public_stable_and_legacy_neutral
g6_LC:0001040:96a5dea4db1e,96a5dea4db1e812538d8b52e7b7cce54547f6b9696562f01dd2b59f23d3b7343,0.9142242074,if6_consensus_when_public_stable_and_legacy_neutral
g6_LC:0001041:f7897a6ed0de,f7897a6ed0de93c786c37bd92f28ad034c8213d6fad82cb263d2c3db37ec1399,0.9167080522,if6_consensus_when_public_stable_and_legacy_neutral
g6_LC:0001042:666494067f86,666494067f8699bc9a9336867c2eb54efa65cd55fbf8a853618f260a3dcde242,0.7469779849,if6_consensus_when_public_stable_and_legacy_neutral
g6_LC:0001043:77e97c1ead56,77e97c1ead566f9fc671e6404b292a85ca3e37c124b578fdc329f9512681138f,0.7396920323,if6_consensus_when_public_stable_and_legacy_neutral
g6_LC:0001044:1c9e59635659,1c9e596356596a9eab1bffb70a4c0bc5dbec8bfa081d217a0f55039aee81729a,0.8205000758,if6_consensus_when_public_stable_and_legacy_neutral
g6_LC:0001045:a0aab9eab35f,a0aab9eab35f1e4a068cf77b987a6b1dd20e0eeba36d75ce6dd4e685ddf4e662,0.274548769,if6_consensus_when_public_stable_and_legacy_neutral
g6_LC:0001046:068154322550,0681543225502bebdd76a75d1236786352c2aabac4d7e1772f045690202dceb8,0.1385990977,if6_consensus_when_public_stable_and_legacy_neutral
g6_LC:0001047:b8477ce41428,b8477ce414282e656a1286d7a48e6013dfe2f5e793702998ffe51bb05b589f42,0.357840687,if6_consensus_when_public_stable_and_legacy_neutral
g6_LC:0001048:6b8b59bac03b,6b8b59bac03b9443edca886d7396aefbace44444cd6961a90f7ee7d9601ecf46,0.3169398904,if6_consensus_when_public_stable_and_legacy_neutral
g6_LC:0001049:ed6ff5af6031,ed6ff5af6031369b5c108b35b47075389d0ce7af6baf89d71748b94fec20fbb4,0.1660871059,if6_consensus_when_public_stable_and_legacy_neutral
g6_LC:0001050:4778afdabca3,4778afdabca31125582e2b7c85b452de834ff0b0056fc1bacaa4ceed7fee84d5,0.2134459466,if6_consensus_when_public_stable_and_legacy_neutral
g6_LC:0001051:3bfd1899b71e,3bfd1899b71ed48fa8d058246f9840acad7bccea4703082821835a6f9e52abe3,0.1634376496,if6_consensus_when_public_stable_and_legacy_neutral
g6_LC:0001052:9ba6042b165d,9ba6042b165db3e258b9f7fee08e9c18ae4c9bb7bada17f6a0b59218717d4f2e,0.256333828,if6_consensus_when_public_stable_and_legacy_neutral
g6_LC:0001053:91e09fab9bd6,91e09fab9bd6db1e5202806035e6e062bede244657092fa53bde5279f5bcb37e,0.1662526876,if6_consensus_when_public_stable_and_legacy_neutral
g6_LC:0001054:defebf0e90ae,defebf0e90aefddc12325d10da90c898c5cfc193a4a561921db33e29573bf380,0.1437324136,if6_consensus_when_public_stable_and_legacy_neutral
g6_LC:0001055:45a9121ca4c1,45a9121ca4c174ae5e8a84b9813b0ca016e08ae45ff39165eff484baeec45d4b,0.3027819097,if6_consensus_when_public_stable_and_legacy_neutral
g6_LC:0001056:29267b21ae9f,29267b21ae9f1b98289ef68ed134dcb3125fae26c3d7bad659ba5188cb9ecb88,0.2094717622,if6_consensus_when_public_stable_and_legacy_neutral
g6_LC:0001057:879ee1c8d51f,879ee1c8d51fdb84802e861c01e3c0cbb6f9c8c032b6f17b87e2b913ae35e496,0.2518628836,if6_consensus_when_public_stable_and_legacy_neutral
g6_LC:0001058:7618349883fd,7618349883fd12245c24abbac6e5c712fec6c8bc637ca78b46dcecce0f46158a,0.3333333433,if6_consensus_when_public_stable_and_legacy_neutral
g6_LC:0001059:7f965430bab7,7f965430bab7da2af833d502baf978f829af40d2332e03584c7a91bb4bdd2c0a,0.3842523396,if6_consensus_when_public_stable_and_legacy_neutral
g6_LC:0001060:08d352bf3669,08d352bf3669e45fe60f5415fe32eec5284a08f3b10e30a2128ac3471eda50e2,0.2636198103,if6_consensus_when_public_stable_and_legacy_neutral
g6_LC:0001061:d8a4cc0ce5d7,d8a4cc0ce5d733c0354d04a43bbd2a5eba204eeae33ac143681eca17644c6132,0.2054976076,if6_consensus_when_public_stable_and_legacy_neutral
g6_LC:0001062:7e5d431bc55a,7e5d431bc55af8267f88907ea90fc808e97311a1da4bd2bd34e057d69961b9c4,0.1871170849,if6_consensus_when_public_stable_and_legacy_neutral
g6_LC:0001063:d89d26e3b3f0,d89d26e3b3f00a20d20501b17ad3d8c2b3b85faff21d03ebf54bb4bcf943f865,0.1467130333,if6_consensus_when_public_stable_and_legacy_neutral
g6_LC:0001064:46db61ece801,46db61ece801c2ebd81740e5175d24deec357f50163fc5cc5e45c71b9234c722,0.6365292072,if6_consensus_when_public_stable_and_legacy_neutral
g6_LC:0001065:71e7c744ebc7,71e7c744ebc7f2d76f13a309fb6e7b20dbb410a4c126bdb964c36ee2a9f2c694,0.4056963027,if6_consensus_when_public_stable_and_legacy_neutral
g6_LC:0001066:ca94639d5b39,ca94639d5b392ad19b0c9f35d2ee3422eebd854aa870e4fae238b3154f659258,0.3642987311,if6_consensus_when_public_stable_and_legacy_neutral
g6_LC:0001067:b77c026430b2,b77c026430b24ac0e9f3027c8aa21b0f2639e0e662355351bff6fceb628d049e,0.6715515256,if6_consensus_when_public_stable_and_legacy_neutral
g6_LC:0001068:9a7e34f0a49d,9a7e34f0a49df30f10e3e831b8e1e9da3d6f81ac8a535d33ca15867a057654f7,0.3070044816,if6_consensus_when_public_stable_and_legacy_neutral
g6_LC:0001069:94d776bcfdf0,94d776bcfdf0f9806b2660da667126beb9d732ccb8599d498f2a9b83a9dbe89a,0.3530385792,if6_consensus_when_public_stable_and_legacy_neutral
g6_LC:0001070:22e1c240807f,22e1c240807fa380ac3fa05bb9cb436c6d95c84b1f9db7944b50bfb8e6978602,0.2922669351,if6_consensus_when_public_stable_and_legacy_neutral
g6_LC:0001071:8459531cdc40,8459531cdc403a66e9fd6ecbbb2f616281fc484be85a7c98311da4eaab5c469a,0.8665341735,if6_consensus_when_public_stable_and_legacy_neutral
g6_LC:0001072:d00a7e371985,d00a7e3719856003695734037e1ea8a4ca73e9d3e8599291e6415a338b50ed7d,0.4855108261,if6_consensus_when_public_stable_and_legacy_neutral
g6_LC:0001073:50d7fba64c9e,50d7fba64c9e787be6d897820d753e805a4e361ac569ddf34fbfae61086657e0,0.435005784,if6_consensus_when_public_stable_and_legacy_neutral
g6_LC:0001074:6ec721e8b4af,6ec721e8b4af71a2d866cee89d0e6f0fb9840d6d93345ee898fe42fcc143ff21,0.7165093422,if6_consensus_when_public_stable_and_legacy_neutral
g6_LC:0001075:38c04a770a38,38c04a770a3831ca2b4fc048a86ca767c524658ddf4f3c0e9b911077de04fd37,0.4803775549,if6_consensus_when_public_stable_and_legacy_neutral
g6_LC:0001076:d37db56d502f,d37db56d502fe84370dfffa2369598515787c84d5460b3d4a699d737a250d430,0.2121212035,if6_consensus_when_public_stable_and_legacy_neutral
g6_LC:0001077:ed2db1319c12,ed2db1319c12793481b223a0a35d3f53788436f8533d63e37e01dcb5244a0eff,0.6535850167,if6_consensus_when_public_stable_and_legacy_neutral
g6_LC:0001078:5a8207acc1c8,5a8207acc1c854812ca1b587faf8f4970160f36940a37fffeb421cc8aa5fd58a,0.5439642072,if6_consensus_when_public_stable_and_legacy_neutral
g6_LC:0001079:7adf38aa3d3f,7adf38aa3d3fd299c630c76d502c3f92151452d6e9746f8dcbbd5e0f3f59cb02,0.4754098654,if6_consensus_when_public_stable_and_legacy_neutral
g6_LC:0001080:56ecbfe4dc68,56ecbfe4dc68c6582d8391c2900f595711edd95dc24db626f759ffd127df6c25,0.7839046121,if6_consensus_when_public_stable_and_legacy_neutral
g6_LC:0001081:e4fdbcd76191,e4fdbcd76191d0f0146978011bc7757fe3ea98911be3c38b991e36c25d930a34,0.2329856008,if6_consensus_when_public_stable_and_legacy_neutral
g6_LC:0001082:f0386f9e43d0,f0386f9e43d0b5df72021b849ac390669798d00fcb4bbfe8d36588fad8ccde93,0.2626262605,if6_consensus_when_public_stable_and_legacy_neutral
g6_LC:0001083:7129c4667840,7129c46678407cb64d07546bd7386daf0c5004bfa4612c7ca976ac781541dcaa,0.7141082883,if6_consensus_when_public_stable_and_legacy_neutral
g6_LC:0001084:456a2c802e75,456a2c802e75449426de1806dabb5edcb321b267cd81b8924f5ff49afad4c92b,0.3490644395,if6_consensus_when_public_stable_and_legacy_neutral
g6_LC:0001085:9a8c85931d53,9a8c85931d53320a4c92c3a5341121cbb4ed376af714266e02c49462c6472f08,0.7276039124,if6_consensus_when_public_stable_and_legacy_neutral
g6_LC:0001086:21eb757c446f,21eb757c446fe6f4e53d46ac4923b90d63ff0b2eb9be81e91bdfdd0e9e8ab1c6,0.6757740974,if6_consensus_when_public_stable_and_legacy_neutral
g6_LC:0001087:1fbea9bb1a70,1fbea9bb1a70c868a1219f9966e769b2566341f5b1dedeb02f5ceb76142cee28,0.3772147596,if6_consensus_when_public_stable_and_legacy_neutral
g6_LC:0001088:e948012b88fd,e948012b88fdae585ce6f607a327129e792dfd31ff955600000b367eb71104f0,0.537009418,if6_consensus_when_public_stable_and_legacy_neutral
g6_LC:0001089:c0920ead8684,c0920ead8684be7df6fe4438fe2470eabf95df8e573d2aaac3845826e96f30d3,0.5795661807,if6_consensus_when_public_stable_and_legacy_neutral
g6_LC:0001090:5397c8e791fb,5397c8e791fb852a0216207d23b951697f08a5dc5cfdbc50c127d354462aff6e,0.4545454681,if6_consensus_when_public_stable_and_legacy_neutral
g6_LC:0001091:cd7189ee9576,cd7189ee9576a2bab992b4cf1c37edef7a980ed3dfb0a61a7e296aea95f38166,0.5418115854,if6_consensus_when_public_stable_and_legacy_neutral
g6_LC:0001092:b1763dadf66b,b1763dadf66b0af03c93510f80270faba5f0fc4230605d884b69871488b30db1,0.5216095448,if6_consensus_when_public_stable_and_legacy_neutral
g6_LC:0001093:4c8b2e92b484,4c8b2e92b484a427753a08f0678c3e6817d2f8b93dd95d8bc043ef08bfa2ef80,0.3907932043,if6_consensus_when_public_stable_and_legacy_neutral
g6_LC:0001094:6362f1f75eee,6362f1f75eee994adc09bf40c6a1872110f6fa8c9653810b80be7eb03519be6b,0.6095380187,if6_consensus_when_public_stable_and_legacy_neutral
g6_LC:0001095:a75243d05269,a75243d05269789a77656e98c3727175935026520c04fef959fe06e620a29c3c,0.5840370655,if6_consensus_when_public_stable_and_legacy_neutral
g6_LC:0001096:f750e22804bf,f750e22804bf24547ed849d6d738440d7b91f9e3a3558383b8c4ec93550c0de8,0.735717833,if6_consensus_when_public_stable_and_legacy_neutral
g6_LC:0001097:f4ae01a36b82,f4ae01a36b82ced632493d0546fb3bd647c41deedd09d2083facd3eb922a09c7,0.8617320657,if6_consensus_when_public_stable_and_legacy_neutral
g6_LC:0001098:38538bf4f827,38538bf4f8272094ac0788c51f39440d14d82d234d868b34e917a25a7f9afc9a,0.5964563489,if6_consensus_when_public_stable_and_legacy_neutral
g6_LC:0001099:ae216685ddbb,ae216685ddbbb94db89700ea309c59e03590b3a3480eeb0f9c56f8ee781544c4,0.528729856,if6_consensus_when_public_stable_and_legacy_neutral
g6_LC:0001100:e6940568c711,e6940568c711beef8914923d2cf529cbfce337dd9ecf92b170d9fd0db7ac78c9,0.3326709867,if6_consensus_when_public_stable_and_legacy_neutral
g6_LC:0001101:3aa529be4311,3aa529be4311cacc209ee65418009053f5550153e749446ce7fdbc94bcc5986a,0.3947673142,if6_consensus_when_public_stable_and_legacy_neutral
g6_LC:0001102:eeb5ece04602,eeb5ece04602d14109235d4017e28d89f7269664fcb67020ad7ba4ad13b2521b,0.8620632291,if6_consensus_when_public_stable_and_legacy_neutral
g6_LC:0001103:4a15726611a9,4a15726611a915bb172905b65aeb4503272065dd8fcb2a783b468f9992e380d6,0.4841861427,if6_consensus_when_public_stable_and_legacy_neutral
g6_LC:0001104:530ea9fd0c6f,530ea9fd0c6ff87238c312960082ad2d8b56cee383b3bc15f9518b18bf488912,0.7509521842,if6_consensus_when_public_stable_and_legacy_neutral
g6_LC:0001105:778f63f45f1e,778f63f45f1e45851083e4efdd5092830d874070b80b3a4b0c15f7eac399fe9f,0.6820666194,if6_consensus_when_public_stable_and_legacy_neutral
g6_LC:0001106:bb4e27262d79,bb4e27262d79ca0c1659080b75d8fb1e7a1a57a57ccbd5ed278b7ea80f974442,0.6315615177,if6_consensus_when_public_stable_and_legacy_neutral
g6_LC:0001107:86a8f7a63be1,86a8f7a63be19b05f684c3d3e3aba0f35661585c8ccfbd788515fed1ee2a4434,0.7103824615,if6_consensus_when_public_stable_and_legacy_neutral
g6_LC:0001108:cd3cd3ed6945,cd3cd3ed694511885bfcd27b9158085f65288f6d22f218f385ebcbd6693267dc,0.6577247977,if6_consensus_when_public_stable_and_legacy_neutral
g6_LC:0001109:6f32a0313267,6f32a0313267593d7d7f8c9750b359aba051a0ad4bcc563cb6c704d99a58f316,0.6034111381,if6_consensus_when_public_stable_and_legacy_neutral
g6_LC:0001110:429580499a2f,429580499a2fe670cfbc37e1ae0383de56bbd84fcc4736cb17926daeb3669502,0.6467958093,if6_consensus_when_public_stable_and_legacy_neutral
g6_LC:0001111:675a79135fd8,675a79135fd8b642bab74d8052016cb618f924212edfd39e6e9421c4b10fc967,0.6497764587,if6_consensus_when_public_stable_and_legacy_neutral
g6_LC:0001112:848c28dd1e9b,848c28dd1e9bd22e1f1bccb24cc2a7b820a78086f959764080455d1d1293c174,0.4989236891,if6_consensus_when_public_stable_and_legacy_neutral
g6_LC:0001113:09ba6c5d6c0e,09ba6c5d6c0eb2d2d1e09a99926cbbdf42200f36aed544b8be1071176ec45d6d,0.7236297727,if6_consensus_when_public_stable_and_legacy_neutral
g6_LC:0001114:6902c6e4cb7d,6902c6e4cb7d7e880cc90320e5bccc4b5d2950d264f305f02ad3cdbaf2466ce5,0.7343931198,if6_consensus_when_public_stable_and_legacy_neutral
g6_LC:0001115:b5af5132b6fc,b5af5132b6fc12fd6c84232872faf4df36d47526e1c018c161d8a7410a1472d7,0.7344759107,if6_consensus_when_public_stable_and_legacy_neutral
g6_LC:0001116:54b23e775bea,54b23e775beab0d5b11d07bb11ec866bedfdf733228e3e4b34a6ebb25edf7cfe,0.7396919727,if6_consensus_when_public_stable_and_legacy_neutral
g6_LC:0001117:61dcf3e5a825,61dcf3e5a82500b9b125c241c818a9d3bc3fd35487ba58b0e1efd9b4885f5924,0.7844014168,if6_consensus_when_public_stable_and_legacy_neutral
g6_LC:0001118:06e157737d25,06e157737d25abbd6831a4b4c3148e3152ee50aca1f8ad0ca7b20880cac2b7f6,0.6698128581,if6_consensus_when_public_stable_and_legacy_neutral
g6_LC:0001119:18b525c4277d,18b525c4277d893167175bbd774180e9a90aeb238f0c20c4c5584d0407aea2fe,0.5098525882,if6_consensus_when_public_stable_and_legacy_neutral
g6_LC:0001120:930dfacd5afc,930dfacd5afce782bc606d1f3818562a873ae1962606065db9f773eaf0ea7483,0.5615168214,if6_consensus_when_public_stable_and_legacy_neutral
g6_LC:0001121:aada7f4a87f9,aada7f4a87f9b5529eb62682d82b94348b108936444411c5960c4bccb45ef548,0.4249048233,if6_consensus_when_public_stable_and_legacy_neutral
g6_LC:0001122:18e92b2b74a2,18e92b2b74a22526fe89f8f8774aacd5c0e7c3c1fb5d8d98c173c38bcae34891,0.389634043,if6_consensus_when_public_stable_and_legacy_neutral
g6_LC:0001123:eaaffe370c5f,eaaffe370c5fe24c81c9c149b7c5246d4fd1532f404081604da29c606eac0bdf,0.4470938742,if6_consensus_when_public_stable_and_legacy_neutral
g6_LC:0001124:07964864ffa9,07964864ffa9106412a2321acaf88f2ca1caedbd0cd4adb4b72ee854634d4f99,0.4959430695,if6_consensus_when_public_stable_and_legacy_neutral
g6_LC:0001125:ff6322d8dc4e,ff6322d8dc4eb710c92eb4e3a16a84ffbcca21de009eece9ba57d828f823f711,0.5297234654,if6_consensus_when_public_stable_and_legacy_neutral
g6_LC:0001126:8dd52734560a,8dd52734560aae90a775f5b8f05a228481e15ba25b1ea84b8e41b14b1256f0de,0.4740851223,if6_consensus_when_public_stable_and_legacy_neutral
g6_LC:0001127:7a448119e7be,7a448119e7be6c27aa3680246829579a52cdb1c75497e916deb505d56dc05261,0.809239924,if6_consensus_when_public_stable_and_legacy_neutral
g6_LC:0001128:f307d0f96290,f307d0f9629095b109b1f17af92cb0d67f1319489f5146febfc6a87873c165ae,0.5509190559,if6_consensus_when_public_stable_and_legacy_neutral
g6_LC:0001129:4697958a87ed,4697958a87ed7a388600e77069645ba315eb7699833c2ab5be3be7e44700d99e,0.7310813069,if6_consensus_when_public_stable_and_legacy_neutral
g6_LC:0001130:dd01fa0a1a1b,dd01fa0a1a1b808eb7463584aec12d4e595a4385b8fac332225bf2254796d7c3,0.4533863068,if6_consensus_when_public_stable_and_legacy_neutral
g6_LC:0001131:2cf7fa42fb69,2cf7fa42fb693d4de6f638412e534d7025c90a0f594a565d453608b325e789b7,0.3803609908,if6_consensus_when_public_stable_and_legacy_neutral
g6_LC:0001132:b6922987c971,b6922987c971fac534442818ce117e83662d4567462a8570a2914820f71ebf63,0.687199831,if6_consensus_when_public_stable_and_legacy_neutral
g6_LC:0001133:aa4d3cc13666,aa4d3cc13666bebca9bf2a21b2c836115e28796f33c7b69a6aaaf9505246e69f,0.3330021501,if6_consensus_when_public_stable_and_legacy_neutral
g6_LC:0001134:d72f455b55a5,d72f455b55a50a4c9265151b4219297116e01afa3aeeb9fdd9004992843dfc6e,0.6358668804,if6_consensus_when_public_stable_and_legacy_neutral
g6_LC:0001135:772e728a9c45,772e728a9c4519f2bcc9fee6f574c2154c8bb12819396913cb82e665c6a49f33,0.5178009868,if6_consensus_when_public_stable_and_legacy_neutral
g6_LC:0001136:9b162661108c,9b162661108c0805a500df98b1dacf69d748fa4540bcc8f9db42c6a0a3a114ca,0.5323728919,if6_consensus_when_public_stable_and_legacy_neutral
g6_LC:0001137:1a2a306ed13a,1a2a306ed13aedbc4b8ae51ba016e7a991c17ebc8b0ec0168cd88eddfbfa5e9a,0.4722636044,if6_consensus_when_public_stable_and_legacy_neutral
g6_LC:0001138:9503088b31a4,9503088b31a42fbe03c2f43e6f464d0fbb18f24d45eb2a354aa4ace78911833e,0.5389965177,if6_consensus_when_public_stable_and_legacy_neutral
g6_LC:0001139:3ec1af2d82ff,3ec1af2d82fffc63b70a5bff11625b044166d1a597bca26035bdcd998ddc1db8,0.5141579509,if6_consensus_when_public_stable_and_legacy_neutral
g6_LC:0001140:6dbb2e523048,6dbb2e523048c7fad6a1a7d289eae8cb25579b429254910536f9b1d514b8d8c1,0.2680079639,if6_consensus_when_public_stable_and_legacy_neutral
g6_LC:0001141:6166e1474d04,6166e1474d04598bc0c2842dcd053d79266055c2cc80634bf52178e2774e77dd,0.2645305693,if6_consensus_when_public_stable_and_legacy_neutral
g6_LC:0001142:5663a91ae4d6,5663a91ae4d6785cc0d17a83822601c0ef38ff93bf6d385271fd159eaa54cbf3,0.141248554,if6_consensus_when_public_stable_and_legacy_neutral
g6_LC:0001143:0a9d9ce15392,0a9d9ce1539227b03439db13927a4fd16b94ad6ae19c365954910f6d6f7af3af,0.1400894225,if6_consensus_when_public_stable_and_legacy_neutral
g6_LC:0001144:29987713d8eb,29987713d8eb240272111504bf23e5fe500df0c117b29647e909767b52f59fce,0.1501904279,if6_consensus_when_public_stable_and_legacy_neutral
g6_LC:0001145:6483c767134e,6483c767134e2a315db64853905021446aa8bf52d147858a58128b08abda06d6,0.2518628836,if6_consensus_when_public_stable_and_legacy_neutral
g6_LC:0001146:fa08c43d3188,fa08c43d31886674012ebb4953f242197743eb1d1d22ae1e5cb883524dd89a50,0.5492630601,if6_consensus_when_public_stable_and_legacy_neutral
g6_LC:0001147:6289c5b279d0,6289c5b279d087083f3616666cc653668d2dd8a5f7c72d4b896a2dba98cd4c02,0.1793343276,if6_consensus_when_public_stable_and_legacy_neutral
g6_LC:0001148:72bb02d2e5e9,72bb02d2e5e935b4fca733975af317fd298fd70d6d6985b672985b3c5d27ffcd,0.5005795956,if6_consensus_when_public_stable_and_legacy_neutral
g6_LC:0001149:e05bc4264e79,e05bc4264e798d3afbeaa0dde6f9b92d8d940db6ed3f1f31187754dbc69ad52a,0.3311806619,if6_consensus_when_public_stable_and_legacy_neutral
g6_LC:0001150:eede30d69c66,eede30d69c66bc286f725bdee71068f05633309077e9f4a55daeaa83e6f1f018,0.2167577296,if6_consensus_when_public_stable_and_legacy_neutral
g6_LC:0001151:6b18aff1c037,6b18aff1c03769908ea69fc7f93e851856b14fa19d100677fb5732eb4bed0125,0.1126014218,if6_consensus_when_public_stable_and_legacy_neutral
g6_LC:0001152:9d96a99acdb7,9d96a99acdb7215f2183fd1530d4f30ff182c8987dd4d583bbd8fe93fdfe6d84,0.1722139269,if6_consensus_when_public_stable_and_legacy_neutral
g6_LC:0001153:a23b5ec73fbf,a23b5ec73fbfd22a2bdbede53b485393a390115626f89139ba2e66ccb1d91fe9,0.1657559127,if6_consensus_when_public_stable_and_legacy_neutral
g6_LC:0001154:5cfbf6b300c3,5cfbf6b300c3c79b751dc5c4f21572578ebaf220acb85596dd9c51dc55da08d8,0.1624440998,if6_consensus_when_public_stable_and_legacy_neutral
g6_LC:0001155:da08b14ab29c,da08b14ab29c42e25c92e5f0bff385803a319821d3f095efac3bd82a85ba8b2c,0.2036761045,if6_consensus_when_public_stable_and_legacy_neutral
g6_LC:0001156:bb0460058cb7,bb0460058cb7bd56703e9c7f9d07ea6c98b6ee26a2d5ccfbc0ba6cb995b11b48,0.483689338,if6_consensus_when_public_stable_and_legacy_neutral
g6_LC:0001157:38a3f6ee74ba,38a3f6ee74ba1e12c811bccb7eabff9d3520ba62783367167962ab2920840de0,0.4644808769,if6_consensus_when_public_stable_and_legacy_neutral
g6_LC:0001158:bc60f1e1ee7c,bc60f1e1ee7ced526748ababe32cab99232f8adc79d032f17ca860e0332ae7ca,0.8166914582,if6_consensus_when_public_stable_and_legacy_neutral
g6_LC:0001159:f5d89d3435aa,f5d89d3435aa9f5cf13d5ba053cfcb07105846ecc21d11d7ef400556fc742735,0.646961391,if6_consensus_when_public_stable_and_legacy_neutral
g6_LC:0001160:f3edf42801b5,f3edf42801b5c9197729ed179892eb6db5a9a43acc3fa49ce94f3b0388cb9929,0.2556714714,if6_consensus_when_public_stable_and_legacy_neutral
g6_LC:0001161:9edc1f724411,9edc1f7244118465a8cc7b5db5a77da587738bc2766e8fcd27b410c981edfa37,0.326875329,if6_consensus_when_public_stable_and_legacy_neutral
g6_LC:0001162:862aed0f0079,862aed0f0079d1f348aac0968e2adc491ceb594eaad1480ea6770a379d10694f,0.3030302823,if6_consensus_when_public_stable_and_legacy_neutral
g6_LC:0001163:b0e5bfcab8c1,b0e5bfcab8c1bdde7b83a138c4a12f0ff5c9f7dec313117b116133f853c98747,0.2813379765,if6_consensus_when_public_stable_and_legacy_neutral
g6_LC:0001164:e60698d8cee0,e60698d8cee06088aec435c2279b65c64c28931d9c4321ef5e928eacd9fe662a,0.5350223184,if6_consensus_when_public_stable_and_legacy_neutral
g6_LC:0001165:009496f8919e,009496f8919e8e4e21ba99843ae8b9ad6530c4a57edf385767541a0623754a58,0.3219076097,if6_consensus_when_public_stable_and_legacy_neutral
g6_LC:0001166:e5e229500e5f,e5e229500e5fe955987af7b35f1c48bf29005545c0638ec2678596be1552c5ff,0.3270409107,if6_consensus_when_public_stable_and_legacy_neutral
g6_LC:0001167:040e268c82c1,040e268c82c181aaf25b1be9300e538d5152317b6ea6c7e7d5fef0e5109de3cc,0.3886404932,if6_consensus_when_public_stable_and_legacy_neutral
g6_LC:0001168:8f28e182a0a5,8f28e182a0a59d1b8e88af5a4e9d6cba6ba2588148cac35fb9a5295603a334f9,0.2776949704,if6_consensus_when_public_stable_and_legacy_neutral
g6_LC:0001169:9cb862583f16,9cb862583f161de799d5e9b83ff789fe30cda0c8f5a07c72dfd5d39bbc3338f1,0.3149528205,if6_consensus_when_public_stable_and_legacy_neutral
g6_LC:0001170:134e65907c19,134e65907c19ee36d90083e7528fe6bdfdb0cb6a5eb1d9fb1bb5ed4695935dfa,0.4603411257,if6_consensus_when_public_stable_and_legacy_neutral
g6_LC:0001171:aacec9d191fa,aacec9d191fa6b00f73103272054c7ccf4c2c88df11b8bce82828bba25621f4d,0.103162773,if6_consensus_when_public_stable_and_legacy_neutral
g6_LC:0001172:522317bdcd7a,522317bdcd7ad6e71c30292c0393ab6153a4b2e59f9d9aed27e5dd8a2e29501e,0.511177361,if6_consensus_when_public_stable_and_legacy_neutral
g6_LC:0001173:05975c7b9cab,05975c7b9caba946c3152bcfd753b80be9944955ff0469931742d7f107fc98a6,0.4747475088,if6_consensus_when_public_stable_and_legacy_neutral
g6_LC:0001174:e41df5110f07,e41df5110f07306016a778d6e0020fe5f413282e3ccf025fbb6fbf808e429de1,0.7633714676,if6_consensus_when_public_stable_and_legacy_neutral
g6_LC:0001175:a0e3bd38be91,a0e3bd38be91fc8666ea51485e5310c7af48627817b011077df287b11ee7bd14,0.2765358388,if6_consensus_when_public_stable_and_legacy_neutral
g6_LC:0001176:5db55b758f0b,5db55b758f0b41caf4c37d03db27db3cb02bfade2dea9614dd68fb33a36e0ce9,0.2010266632,if6_consensus_when_public_stable_and_legacy_neutral
g6_LC:0001177:cc30d178d3ab,cc30d178d3abe05bc74559c6c5dd94443b08232c1fb4e57d3ea5e852f6342008,0.2419274598,if6_consensus_when_public_stable_and_legacy_neutral
g6_LC:0001178:a2af37de371c,a2af37de371cce187521cd2a6dd837041b73d94dd75e2f9874dfce24e24ee3f3,0.1698956639,if6_consensus_when_public_stable_and_legacy_neutral
g6_LC:0001179:b47fdf188aa8,b47fdf188aa80bd026dbe625d742fd15ee4d7131c729a5b3f1d8b0c05fb5fa78,0.02069879137,if6_consensus_when_public_stable_and_legacy_neutral
g6_LC:0001180:6b731790f5c9,6b731790f5c9b37ee322f8222ae0d4e36c83c2871e65d3e23711f3ae096e501c,0.04653088376,if6_consensus_when_public_stable_and_legacy_neutral
g6_LC:0001181:31451af0a09a,31451af0a09ad4026629425ebf9e7d035d816471972dac89cd5eabf76ed3e238,0.04421262071,if6_consensus_when_public_stable_and_legacy_neutral
g6_LC:0001182:c2d3ed0dffc1,c2d3ed0dffc13506c5fc694ffa4590dbb4ae9a3b16c03a56e2cd1dd50989c6d8,0.07799304277,if6_consensus_when_public_stable_and_legacy_neutral
g6_LC:0001183:31637efa2136,31637efa213641224b4b029b1128e4721edf0c6111a515f06b5d5f1ed9095805,0.06193078682,if6_consensus_when_public_stable_and_legacy_neutral
g6_LC:0001184:95deeb456583,95deeb456583d55c072b80d1bf14b66f70856a362dbdfbdc38558a090ea99e17,0.03527073935,if6_consensus_when_public_stable_and_legacy_neutral
g6_LC:0001185:d72494721c5d,d72494721c5d466890db7bf04e80c94f5690c78680090bfe45c074259c50ea64,0.05745984241,if6_consensus_when_public_stable_and_legacy_neutral
g6_LC:0001186:528a3e1daccc,528a3e1daccc78acd265ad33bfdf1d3a05cb5ce1ae064b9fe9e4986389fa9023,0.08113925904,if6_consensus_when_public_stable_and_legacy_neutral
g6_LC:0001187:47dbf06d7d89,47dbf06d7d89007909b9a30e1bc7c1b76093676bfb84491d2d5a081e286b5ba3,0.05563835427,if6_consensus_when_public_stable_and_legacy_neutral
g6_LC:0001188:07951da80926,07951da809261906ee2ee2147c2b5c02a83a765d6d9a007e867ad3a296e4b755,0.06060605869,if6_consensus_when_public_stable_and_legacy_neutral
g6_LC:0001189:ba4aa3152c3d,ba4aa3152c3d23256ad5408be426e8dcffd0c2de7fbfc725e3530a5c6c97eb6e,0.05464480817,if6_consensus_when_public_stable_and_legacy_neutral
g6_LC:0001190:1f53ea94b4bf,1f53ea94b4bfd3b54b0153fa6a93cfee85bee1eed6f7f77c5fa5ffd7a78bbb56,0.05845339224,if6_consensus_when_public_stable_and_legacy_neutral
g6_LC:0001191:bca3273aefe4,bca3273aefe4cc69eb4a4148fc549e85c0d0d3df8ea155e305a588bc7760b652,0.08859082311,if6_consensus_when_public_stable_and_legacy_neutral
g6_LC:0001192:fa57c06c78e3,fa57c06c78e3b5f1b83190d308f0f3e06430c6945f74028259bbece37f5767e0,0.103162773,if6_consensus_when_public_stable_and_legacy_neutral
g6_LC:0001193:b37694a33233,b37694a332335c162fae72651382b430ce7dc0be7b98244f7ea3a2a8b3d6d4aa,0.02318264544,if6_consensus_when_public_stable_and_legacy_neutral
g6_LC:0001194:50d104a39d55,50d104a39d5559392395da14613925be11eb5671702b410a54827fc2c75c465f,0.04239112511,if6_consensus_when_public_stable_and_legacy_neutral
g6_LC:0001195:7836cbe377a8,7836cbe377a898d7b1100e9707bd760de3d9d7b4f54988416acbe606d4b3b906,0.02748799324,if6_consensus_when_public_stable_and_legacy_neutral
g6_LC:0001196:c37aab846a54,c37aab846a54999ae8730c79791f4043c21f043b7bbda27059d601083fb0b665,0.0514985919,if6_consensus_when_public_stable_and_legacy_neutral
g6_LC:0001197:8ebe465e36bc,8ebe465e36bc715008c4036567416930afa320c4dfd3cd1fb21ecb2e8c4a4ab4,0.7297565937,if6_consensus_when_public_stable_and_legacy_neutral
g6_LC:0001198:b637d27e631d,b637d27e631d410e1a70b6adf1b9daa7ae03ac1c700c693e9b962cac2d149749,0.2987249494,if6_consensus_when_public_stable_and_legacy_neutral
g6_LC:0001199:04b389a19ebe,04b389a19ebe887bec92db0944524c6b1ba9ece1f2f10c1d886747d607baf9ca,0.533532083,if6_consensus_when_public_stable_and_legacy_neutral
g6_LC:0001200:f5bd847dd6bb,f5bd847dd6bb46ae365ee2d5e5213180881a9d5928f7710d433f8291920b229c,0.5323728919,if6_consensus_when_public_stable_and_legacy_neutral
g6_LC:0001201:6ba994d3bfac,6ba994d3bfac523026ec90ba3869671f0137d93fd1e820d953d7e1d7672cab89,0.354032129,if6_consensus_when_public_stable_and_legacy_neutral
g6_LC:0001202:c49fcc25092c,c49fcc25092c03b72c62bf7f0c2c9ae53b5cbc1ef2f4ca82d0337d6bccfab907,0.6050670743,if6_consensus_when_public_stable_and_legacy_neutral
g6_LC:0001203:546cb9a96351,546cb9a96351a872efbce0108b77ab29740ab6bf933c5d3023befacdf0e963c9,0.3747309148,if6_consensus_when_public_stable_and_legacy_neutral
g6_LC:0001204:c2c721ce1b42,c2c721ce1b42ac68507e5ab4aa16ea30102d0c7d23dd8054cf6d668dc5fbdfd4,0.3325053751,if6_consensus_when_public_stable_and_legacy_neutral
g6_LC:0001205:8ddad3ba443d,8ddad3ba443d050d8d31ff07604211a0fece8ed2b3c6e7c5ac43b0eb38493a7b,0.4449411929,if6_consensus_when_public_stable_and_legacy_neutral
g6_LC:0001206:dae8f1815985,dae8f181598505111377cf32ddf3215d99f0b6224b04162305371e09107e2998,0.3495611846,if6_consensus_when_public_stable_and_legacy_neutral
g6_LC:0001207:75d072ac2c3d,75d072ac2c3dffb3a558d0cf19a4678da9e1d18e8adcd4607c942da4565fc9b7,0.3656234443,if6_consensus_when_public_stable_and_legacy_neutral
g6_LC:0001208:008f35943b04,008f35943b046a87a07dab0ba995951ab4f9143b2271b8955c662a65185d57f8,0.54528898,if6_consensus_when_public_stable_and_legacy_neutral
g6_LC:0001209:1e30ba2ef888,1e30ba2ef888bded93b783e1c00c29a7ea8bdf1926fdb594510b5e19c80e7417,0.1937406808,if6_consensus_when_public_stable_and_legacy_neutral
g6_LC:0001210:c5d9a29ab1b5,c5d9a29ab1b54ed2ad26f927515278fa66ac9d20f89193c1d61b4a5b45144162,0.5742672682,if6_consensus_when_public_stable_and_legacy_neutral
g6_LC:0001211:4f8e64a32be8,4f8e64a32be8fefc40485267f0e09705ed2c667d73d65c92ba05e50d15379fa0,0.5178009868,if6_consensus_when_public_stable_and_legacy_neutral
g6_LC:0001212:e2b941123bc9,e2b941123bc91ddf3ab0aa2b0dd715a5f71abbd475688e3cb43b57b683cd4f86,0.7549262643,if6_consensus_when_public_stable_and_legacy_neutral
g6_LC:0001213:f02713c2f95d,f02713c2f95d6162b48d4b8c0d31ba7c5f80cf348cbfdeb4439d299859cdb9ec,0.3402881324,if6_consensus_when_public_stable_and_legacy_neutral
g6_LC:0001214:21edb790ba17,21edb790ba17c16706dc0b34234e20030620aad20e7a3307bffe333f697cf8f1,0.3051829636,if6_consensus_when_public_stable_and_legacy_neutral
g6_LC:0001215:f21eb81e9dc3,f21eb81e9dc3cec012cce58b2ef9e8f87896d026c88b8a1f008d9d22af6c17d3,0.3492300212,if6_consensus_when_public_stable_and_legacy_neutral
g6_LC:0001216:285beee0720b,285beee0720bd45b6cf8472126a6fa673fb6a329597651fc50b1b86d3f9f6c5e,0.2000331134,if6_consensus_when_public_stable_and_legacy_neutral
g6_LC:0001217:d57701e8d525,d57701e8d52505aee7f30a8286e805ababfb5429d2eab43e4dbb417341f5729f,0.05895015597,if6_consensus_when_public_stable_and_legacy_neutral
g6_LC:0001218:bd4776aaf37a,bd4776aaf37a729ec78d437db4929147d97700ca8c03c60ebe985c477dc9b3a0,0.1263454258,if6_consensus_when_public_stable_and_legacy_neutral
g6_LC:0001219:331a383b2875,331a383b287556095ec326760dfb726da54d53991371530ec0a71735602c23ff,0.1241927445,if6_consensus_when_public_stable_and_legacy_neutral
g6_LC:0001220:7aaa17471b11,7aaa17471b1133e4f7c396055ab4f39298b8193ba26760b1689f8665dc9c1400,0.08411988616,if6_consensus_when_public_stable_and_legacy_neutral
g6_LC:0001221:0091d9a2065a,0091d9a2065ac26e219a418c463d80b16bf0cf37dbda435820368c3417efa54b,0.1092896238,if6_consensus_when_public_stable_and_legacy_neutral
g6_LC:0001222:e12ffa7bb589,e12ffa7bb589d357ff75cdc19581fe0382381b5931bedd0655ade87ea44d6aa4,0.05116740987,if6_consensus_when_public_stable_and_legacy_neutral
g6_LC:0001223:940209bc3176,940209bc3176853d4ccc13f07e57e58b0d49422ee32d0376e16a51a735e99aa2,0.1271733791,if6_consensus_when_public_stable_and_legacy_neutral
g6_LC:0001224:811d1cc567bf,811d1cc567bf7f1a57ed3217ca9c6c9b02d092da6e4fb28ddae4304e2e535b81,0.1160788238,if6_consensus_when_public_stable_and_legacy_neutral
g6_LC:0001225:a3eff88eb54f,a3eff88eb54f095f501c0d37f0b2d2fff9f07aaba4d56fb5f0b15b53510d1554,0.04851796851,if6_consensus_when_public_stable_and_legacy_neutral
g6_LC:0001226:2438fd54b552,2438fd54b552addc72b3259dadd2e79d78d232680b7ddd61f3a3a88150ea693a,0.1213777065,if6_consensus_when_public_stable_and_legacy_neutral
g6_LC:0001227:9c280df3de53,9c280df3de533d4c47ff107921b048bf5b12c126826e92029eb1c6483c8bdf3f,0.0963735655,if6_consensus_when_public_stable_and_legacy_neutral
g6_LC:0001228:a49cde31a77c,a49cde31a77c08c0167dc1d4ac62439d0335323f1d20376d39faa78b83143fc8,0.09140586108,if6_consensus_when_public_stable_and_legacy_neutral
g6_LC:0001229:96309fb16d75,96309fb16d75332e939787e8509c3fffcca8fc476bf67fb70c36521ac451b979,0.274548769,if6_consensus_when_public_stable_and_legacy_neutral
g6_LC:0001230:48eedfe46e38,48eedfe46e38b95cac060ded1ccaca437764c9bdb71897e38b22d4c4dd9e05e2,0.1357840747,if6_consensus_when_public_stable_and_legacy_neutral
g6_LC:0001231:5637875bbdef,5637875bbdefbcb64217ba0451bd2f2cb37a16b3fd51f008859cadf1477903f6,0.05977811292,if6_consensus_when_public_stable_and_legacy_neutral
g6_LC:0001232:74267eb537d5,74267eb537d519508a7934bbd56d29cabdf622c7f8bcfdbbfd0d2afaa42d3fb8,0.06888557971,if6_consensus_when_public_stable_and_legacy_neutral
g6_LC:0001233:c9f134b66435,c9f134b6643570f232182d56a6581553fb861fcce89f9fe6f640258a11c2a9cd,0.06954794377,if6_consensus_when_public_stable_and_legacy_neutral
g6_LC:0001234:8c7492093205,8c7492093205de2aae80ecf9fefec074aa10eb061072070c676a27d8c31c1654,0.1121046543,if6_consensus_when_public_stable_and_legacy_neutral
g6_LC:0001235:0d43b38357ad,0d43b38357ad922e3dc2db6e65461448752fdbecf7628aaca6c7a065607d4b7d,0.7342274785,if6_consensus_when_public_stable_and_legacy_neutral
g6_LC:0001236:5a2692b4dd02,5a2692b4dd021a9e0cef0e00aa390dbbd1e38ab68519bc61a35460e455cd9c70,0.3538665473,if6_consensus_when_public_stable_and_legacy_neutral
g6_LC:0001237:6c37ec736e42,6c37ec736e42d75a38704bcc5380bdc8a294a5c7cc64918bc841c2228e126eca,0.5502566695,if6_consensus_when_public_stable_and_legacy_neutral
g6_LC:0001238:009efea318f5,009efea318f5418532589af7d185a2f699099c03cae4994ea4b3e9bba8ad3c41,0.5800629258,if6_consensus_when_public_stable_and_legacy_neutral
g6_LC:0001239:b6d893286cca,b6d893286ccac0ec8b64f95c0f89cd214695a791a8f2544cc7228354be8744a1,0.643152833,if6_consensus_when_public_stable_and_legacy_neutral
g6_LC:0001240:70c9a511857a,70c9a511857a8dd8fe525dfb5e0033f9363b69171e09f9ba63f8fd34b8290e7a,0.5327041149,if6_consensus_when_public_stable_and_legacy_neutral
g6_LC:0001241:4887a918f81a,4887a918f81ae1060423e1f1e2558e8482dfcf670ed4cb4006230e2044d83770,0.6085444689,if6_consensus_when_public_stable_and_legacy_neutral
g6_LC:0001242:d531591d3cb1,d531591d3cb18c8d1f7616e12cdae05a628a0e86b664fb12b091ee485585eb09,0.3666169643,if6_consensus_when_public_stable_and_legacy_neutral
g6_LC:0001243:89473b28c9e4,89473b28c9e4c85643b455831911e6cd186c831d578e0111e69881fb0bbd660e,0.5482695699,if6_consensus_when_public_stable_and_legacy_neutral
g6_LC:0001244:393fb6f2bd8f,393fb6f2bd8f59d60444849a685ef832b2f6aae3b90b50d6dc24051e037bf4ca,0.4456035793,if6_consensus_when_public_stable_and_legacy_neutral
g6_LC:0001245:40e59c35e52b,40e59c35e52b1776f74e344df84a2db49d94eeec93eace0d3458ad643b75a9e6,0.4139758348,if6_consensus_when_public_stable_and_legacy_neutral
g6_LC:0001246:1da4d4971684,1da4d4971684bea655a3aa6dac2ecc98528721c94b7916a61f461f0a0e0b1ff6,0.6900148988,if6_consensus_when_public_stable_and_legacy_neutral
g6_LC:0001247:9600d4a9d46b,9600d4a9d46b9966e0e16e6cd178d6a03653c6d012c4249e1e4668c73acd6c3a,0.1839708537,if6_consensus_when_public_stable_and_legacy_neutral
g6_LC:0001248:137298abb7c9,137298abb7c9f82249b1b2cb5ec9c0efc91a6c8dc3faec1621ee81981515d0d0,0.6557376981,if6_consensus_when_public_stable_and_legacy_neutral
g6_LC:0001249:a1298293cb0c,a1298293cb0ce342260683cde1cd9c9b1f49f04a8a1264d0f6dd042bfe2dcd35,0.6426560879,if6_consensus_when_public_stable_and_legacy_neutral
g6_LC:0001250:476a6bc2e964,476a6bc2e964c9f59b5253d9c8dfa38173cb4c70d7b97e7bdc8a2891b74151c8,0.7266103625,if6_consensus_when_public_stable_and_legacy_neutral
g6_LC:0001251:a2becc0bb56b,a2becc0bb56b4573bb04003611742fce3a0cc7cbe8111b021865f12516396b22,0.3873157799,if6_consensus_when_public_stable_and_legacy_neutral
g6_LC:0001252:bf119c6a36bf,bf119c6a36bf2a3aa3777e5842b9bd8ddf7bf820bacfbfb3f464629be741892a,0.5583705902,if6_consensus_when_public_stable_and_legacy_neutral
g6_LC:0001253:69fb1296f7ef,69fb1296f7ef2f51582cfd051c7a07e226eb9d7d6cc11fd0794bdf0004784094,0.6921675801,if6_consensus_when_public_stable_and_legacy_neutral
g6_LC:0001254:55b7831c6e09,55b7831c6e09bd4694c07886821508eff25dc9e9f4b2f5a7fa1a07bb6acc63a5,0.4908097088,if6_consensus_when_public_stable_and_legacy_neutral
g6_LC:0001255:54312931ec1b,54312931ec1b075970151357ab98504779473a4bcf45367d31be9ac0eab173da,0.1013412774,if6_consensus_when_public_stable_and_legacy_neutral
g6_LC:0001256:1d9cb5f2b6bc,1d9cb5f2b6bc168ccb38fa6080100cc95951db0df66e91c73dec3d5a13f8b507,0.4381519854,if6_consensus_when_public_stable_and_legacy_neutral
g6_LC:0001257:e4bab72e580b,e4bab72e580bab703d5727b6bd4bebfe8a4a229d0fa0f7d928ca4a5d9b46100a,0.4093393087,if6_consensus_when_public_stable_and_legacy_neutral
g6_LC:0001258:4ba951c929db,4ba951c929db954f2c81f255ba72110845c5fb86c683757e7358f0b503ff221c,0.2318264693,if6_consensus_when_public_stable_and_legacy_neutral
g6_LC:0001259:52e977b36ce5,52e977b36ce52d8721c1178fc99bdb2c8fbdb74b2cfc97bcd6661f3db2a2b908,0.309653908,if6_consensus_when_public_stable_and_legacy_neutral
g6_LC:0001260:cf8e9a6b2122,cf8e9a6b21223c6737fda0e9851ce0b96eaf0848052314a2971b84c6b57aec12,0.1495280713,if6_consensus_when_public_stable_and_legacy_neutral
g6_LC:0001261:b9eb0c50f5cb,b9eb0c50f5cb35fd7d17a3c856b4b03a66f539c142b12ffee5258aba3b27bd33,0.4080146253,if6_consensus_when_public_stable_and_legacy_neutral
g6_LC:0001262:413e4276e140,413e4276e1403c2e0fc80697a3c5b63a4a1d2d14435655b5d6ce148ac0b2903b,0.2706573904,if6_consensus_when_public_stable_and_legacy_neutral
g6_LC:0001263:c399558e195e,c399558e195e1bd57ff5c960e9b5b2acecbe1097ccce58e11e86e7432d0dd69f,0.1725451201,if6_consensus_when_public_stable_and_legacy_neutral
g6_LC:0001264:1064a196b713,1064a196b713e93a5973a6c9a82da4db923b5d65111081d9259292be6a0f9360,0.3907931745,if6_consensus_when_public_stable_and_legacy_neutral
g6_LC:0001265:48a80437b2fa,48a80437b2fa398028bbed161a6f90a1c5dfabd5dab8445ebba217143be7bfd5,0.1452227235,if6_consensus_when_public_stable_and_legacy_neutral
g6_LC:0001266:6ba48f1ac833,6ba48f1ac83329bc600b442827b8a56fcaed249e3e5ee4671b8e99c72827f566,0.3344924748,if6_consensus_when_public_stable_and_legacy_neutral
g6_LC:0001267:b546f0e925ad,b546f0e925ad2c8d5d7814f1169aada0e25ee765bb676d40cc8c3ae62db27a27,0.4593475759,if6_consensus_when_public_stable_and_legacy_neutral
g6_LC:0001268:9865d89f7e89,9865d89f7e89fc7e801263022e485553cbeb74945c3c46da71019166315144b6,0.5037257671,if6_consensus_when_public_stable_and_legacy_neutral
g6_LC:0001269:b250ae77003a,b250ae77003ae7b680e0b6e4278abf5e0393b0328e47bfca1d92467d019e1563,0.3411160707,if6_consensus_when_public_stable_and_legacy_neutral
g6_LC:0001270:84619073b894,84619073b894f869321ee9f70c8d108a71ba24a3945fa5d484a295b591116146,0.2309985161,if6_consensus_when_public_stable_and_legacy_neutral
g6_LC:0001271:1cfdab8254f3,1cfdab8254f3037ad59b38e0a81bdaa4dabf91a82a4cda9398855c5be2aa2afa,0.2210630924,if6_consensus_when_public_stable_and_legacy_neutral
g6_LC:0001272:e5973589b31e,e5973589b31effd73c9fa3ba29de413ab783a57e75639f2c73542b1ce66a73e2,0.3079980314,if6_consensus_when_public_stable_and_legacy_neutral
g6_LC:0001273:c98e6e38b913,c98e6e38b9137eb32421455cb700a42fdecad019ee21befc1297a720d3b1117a,0.6684882045,if6_consensus_when_public_stable_and_legacy_neutral
g6_LC:0001274:30a7bc0b84b2,30a7bc0b84b207076fb34ab8758327905b6a4908a1d096828ce95b37f8a46c0b,0.4333498776,if6_consensus_when_public_stable_and_legacy_neutral
g6_LC:0001275:7a7c474a6392,7a7c474a6392046216678ccacf605e1d38b908a578fa2e2b1de5804d620b5ddb,0.4961086512,if6_consensus_when_public_stable_and_legacy_neutral
g6_LC:0001276:2b4bc03f6e67,2b4bc03f6e676def54630f4863b171d51345d9a66ff6ec219557027a168b5970,0.669316113,if6_consensus_when_public_stable_and_legacy_neutral
g6_LC:0001277:e355ad9d1ea1,e355ad9d1ea12d226401254f17668ea224261d8a37e287260adf1ff8eb24b8f2,0.6722967029,if6_consensus_when_public_stable_and_legacy_neutral
g6_LC:0001278:05eb312253cb,05eb312253cb3678a7a497f739af099250ded0f7311934ec90ff21132b1956c8,0.613512218,if6_consensus_when_public_stable_and_legacy_neutral
g6_LC:0001279:bdd2b8ac8814,bdd2b8ac88149e0e9e7dff65e5c211071fa63a87e355965623f27a6242f52506,0.7272727489,if6_consensus_when_public_stable_and_legacy_neutral
g6_LC:0001280:9baf092660a2,9baf092660a289ddf71e69e1549b91d297a4c334346f522d907eaacd0a606472,0.6767676473,if6_consensus_when_public_stable_and_legacy_neutral
g6_LC:0001281:4ece3184065d,4ece3184065d81158625119a76b0be22aad745f4c88dce395319aa2cfd02e273,0.8786222935,if6_consensus_when_public_stable_and_legacy_neutral
g6_LC:0001282:b179b9cd9e19,b179b9cd9e190e35f00234adf5858e3b759f4a4b3b27f518dfc4826738be3692,0.6905117035,if6_consensus_when_public_stable_and_legacy_neutral
g6_LC:0001283:3ecf0484b13d,3ecf0484b13d86d1a60b568c50475c195aff498c84471333ec1ea9a87df4220b,0.7052492499,if6_consensus_when_public_stable_and_legacy_neutral
g6_LC:0001284:5ce854bd701a,5ce854bd701a273b690ede22bfc4d6ef5b07b5079c7f8ebd6c3d9c12f65b0a7f,0.8223215938,if6_consensus_when_public_stable_and_legacy_neutral
g6_LC:0001285:b3333a92db81,b3333a92db818fbf8d8e4deacfc00406bfb73543de097603fc6f5e82b7bd9d86,0.5022354722,if6_consensus_when_public_stable_and_legacy_neutral
g6_LC:0001286:8001778d8156,8001778d815647c61b50bc92e2728286ecc6b93bd11da18568928b08aa0cf128,0.8950157166,if6_consensus_when_public_stable_and_legacy_neutral
g6_LC:0001287:2cbb6d57e539,2cbb6d57e539cb80de08d11f7a14af35cb3b54d516ffb1e03e22dc395dc30139,0.913561821,if6_consensus_when_public_stable_and_legacy_neutral
g6_LC:0001288:3f955c879979,3f955c8799790f678c81bd407395f47c972d1da5a57615a81792387a175183d4,0.8431859612,if6_consensus_when_public_stable_and_legacy_neutral
g6_LC:0001289:bbc4bba50bcd,bbc4bba50bcd30e9643a9acb1fc975bd3edc2ace2e5f0150dd0f65bcd8acf3fa,0.599105835,if6_consensus_when_public_stable_and_legacy_neutral
g6_LC:0001290:ef652c7521ee,ef652c7521ee171f920006d7c45c421f67c183b2d109971177916fa32fdf863c,0.4558701813,if6_consensus_when_public_stable_and_legacy_neutral
g6_LC:0001291:285e35fbbd06,285e35fbbd06a870d50b5f007e8fabe26d12eb15337d6712d27be3418234afee,0.7032621503,if6_consensus_when_public_stable_and_legacy_neutral
g6_LC:0001292:76cc8ca1eca8,76cc8ca1eca84a137fd3aaeece524002c57cda68e63cfdb4b19dd5717d06ca53,0.7855604291,if6_consensus_when_public_stable_and_legacy_neutral
g6_LC:0001293:98b13052d63d,98b13052d63dfacab73d5bbea42b61162779d5231a781072248d73e8e136aa3b,0.3129657209,if6_consensus_when_public_stable_and_legacy_neutral
g6_LC:0001294:79ade6e65802,79ade6e658023f2f1d6a5c82a2a9767d6a88930b04d9d5c8c4b4db0c8f836460,0.9167909026,if6_consensus_when_public_stable_and_legacy_neutral
g6_LC:0001295:b3b84c4ac0e7,b3b84c4ac0e7f807c150bb4a4f2d041d23c2cc1c6c82225381a062b1e267b2a1,0.6409173608,if6_consensus_when_public_stable_and_legacy_neutral
g6_LC:0001296:1344a0029da3,1344a0029da3424045cd10c44fbb6a0c78174a61a833983ef1d6f5cb56fa1115,0.6612021923,if6_consensus_when_public_stable_and_legacy_neutral
g6_LC:0001297:480adf83a478,480adf83a47878baf59d81b98ac97df9f77dade49b5e8575f73c0bb660def7ff,0.7931776643,if6_consensus_when_public_stable_and_legacy_neutral
g6_LC:0001298:4d2c7dcb33e8,4d2c7dcb33e87243d47f727e05f97472b43f12ca1233b98e927a78cdb2de0763,0.5741016865,if6_consensus_when_public_stable_and_legacy_neutral
g6_LC:0001299:e6e2f5e21534,e6e2f5e2153456db7ed32278b858fbdb1ddec94b17ced3b73f80f10cde94ebf5,0.5923165679,if6_consensus_when_public_stable_and_legacy_neutral
g6_LC:0001300:670ac15bc437,670ac15bc43723517387306fec53c6d88860733944a4f0bc830db7b86b65b975,0.795661509,if6_consensus_when_public_stable_and_legacy_neutral
g6_LC:0001301:ef59cca529ee,ef59cca529eed34d081a8779ce23c828a107a6d50c39a9fa7ba19a9867480687,0.6164928079,if6_consensus_when_public_stable_and_legacy_neutral
g6_LC:0001302:90f10fd28c67,90f10fd28c673e1bb2cf75b3a954bd422d305ecdd1233c23ffcf73416b37820b,0.8648783565,if6_consensus_when_public_stable_and_legacy_neutral
g6_LC:0001303:a93a644131ac,a93a644131ac5456f297c782589d7ebb36d4bb018026635baed0d7ecfa7db6dd,0.2763702571,if6_consensus_when_public_stable_and_legacy_neutral
g6_LC:0001304:81acb14ed019,81acb14ed019b1a19f53616039be79ef2f6933f2b0f24a723155a1df694b8228,0.7900314331,if6_consensus_when_public_stable_and_legacy_neutral
g6_LC:0001305:eabc7b89a7f8,eabc7b89a7f8f00294b76c723707955e8f579459ba982f4f20b819a675a7be4e,0.5903294683,if6_consensus_when_public_stable_and_legacy_neutral
g6_LC:0001306:ebfceaeb1c5c,ebfceaeb1c5c93aed5616b5a0013785fc29995b561a656ecc4d89ea8a043332a,0.7885411382,if6_consensus_when_public_stable_and_legacy_neutral
g6_LC:0001307:208d2a0cfbd5,208d2a0cfbd51599473b969ae39b300a663d1930f322fd4ed57d953169638e9e,0.7567477822,if6_consensus_when_public_stable_and_legacy_neutral
g6_LC:0001308:ec3cda02ef09,ec3cda02ef099aad7605fe96517d0fb83ed6f73a3bc75dcfc34de2ad3353b931,0.7221394181,if6_consensus_when_public_stable_and_legacy_neutral
g6_LC:0001309:4423e9a99067,4423e9a99067550ac59d4e22f2aecf6c0fb737c34a9081d051753adbb62d31fc,0.4747475088,if6_consensus_when_public_stable_and_legacy_neutral
g6_LC:0001310:bccbee631588,bccbee631588b00898424d017993d7a353aff7a19e7f8b7eb9234205dec11134,0.7441629767,if6_consensus_when_public_stable_and_legacy_neutral
g6_LC:0001311:0064d6b00a73,0064d6b00a730f07d4b6a4afdeb525165d823afd70c1167534c5acbeee11b188,0.09571120888,if6_consensus_when_public_stable_and_legacy_neutral
g6_LC:0001312:4d7fe4955a03,4d7fe4955a03fc65fbffa09ec6ef6b3839d56715e140a295ceb4d458b3deee6b,0.04437820986,if6_consensus_when_public_stable_and_legacy_neutral
g6_LC:0001313:1688306b3295,1688306b32959bbd83c20a007afe8a5b52637fb93aefd98db19ff61ad9f54270,0.08163603395,if6_consensus_when_public_stable_and_legacy_neutral
g6_LC:0001314:1e204b879012,1e204b87901228d59bbd52ec041edd664481f2b17478f247d651a9dbed72ee18,0.04504056647,if6_consensus_when_public_stable_and_legacy_neutral
g6_LC:0001315:1dfbe2b305c0,1dfbe2b305c0ab4a7c1dc3d1373c0b2c219945233948630a7848dc3cf8e64b46,0.03113097884,if6_consensus_when_public_stable_and_legacy_neutral
g6_LC:0001316:578f87ed5651,578f87ed5651b0734e15607a77c933197c83c763a495adbe457aeec601db864c,0.2955787182,if6_consensus_when_public_stable_and_legacy_neutral
g6_LC:0001317:66b09decdb9f,66b09decdb9f9321e5db6703b519ae956f98834f8c8e24d03e8b856c92591027,0.2050008327,if6_consensus_when_public_stable_and_legacy_neutral
g6_LC:0001318:e0bea1579d2c,e0bea1579d2c2573317dd2995ccd74cb2926a52b1e755beabb982bf3898d2a1a,0.1033283696,if6_consensus_when_public_stable_and_legacy_neutral
g6_LC:0001319:8f7ea9426b89,8f7ea9426b89c17036fdb9dc0e26a0e1c6a0737e1ef15a8baa77da644aa10d8e,0.3482364714,if6_consensus_when_public_stable_and_legacy_neutral
g6_LC:0001320:e4230b68c828,e4230b68c828962fc46ac2d8c9bbfb9918e9270461e1094ee270515055523442,0.309653908,if6_consensus_when_public_stable_and_legacy_neutral
g6_LC:0001321:3335c996f068,3335c996f068ef758c52e8be520903d30862d3b83b5ecb8af60b114807e6a6a5,0.1111111119,if6_consensus_when_public_stable_and_legacy_neutral
g6_LC:0001322:06e56cd7bec3,06e56cd7bec34766e68d4d19aa416903a02dbb9123cf2156d98aacaa5f9f4f9a,0.03626428172,if6_consensus_when_public_stable_and_legacy_neutral
g6_LC:0001323:3473bda7991b,3473bda7991b4434940f1d681bbbe5440df9385141a9fe103553491711f33abd,0.08246398717,if6_consensus_when_public_stable_and_legacy_neutral
g6_LC:0001324:fa77aff95782,fa77aff9578276252643c986805e7cdfe102cd170da55a90dfe5787d373a4e59,0.09918860346,if6_consensus_when_public_stable_and_legacy_neutral
g6_LC:0001325:51dff03d540b,51dff03d540ba9ea239fa0cd92825ef07db6a5be106a60a1b85fe74f9a9de89b,0.08163603395,if6_consensus_when_public_stable_and_legacy_neutral
g6_LC:0001326:3d19b2a8d11c,3d19b2a8d11cc38462a9e7ada9d5ea2225ae4bd2f5eab49861098f850b400539,0.108296074,if6_consensus_when_public_stable_and_legacy_neutral
g6_LC:0001327:89db5c97b5c2,89db5c97b5c247b5a0f3185a13af91d82038f37c880820854df47fc8d311fd3b,0.1748633832,if6_consensus_when_public_stable_and_legacy_neutral
g6_LC:0001328:69a2bcec5667,69a2bcec56674a1ab98453c1a37dae64826fb5546080a765485b2dc73335804c,0.3270409107,if6_consensus_when_public_stable_and_legacy_neutral
g6_LC:0001329:2c81c94f5c82,2c81c94f5c829b4b2b83d032bd9b25f7c6b0b8f33542498ed6556fdc668b3287,0.8529558182,if6_consensus_when_public_stable_and_legacy_neutral
g6_LC:0001330:53330d83e6e6,53330d83e6e68822bde72c455c94bcca0a9c856ee248b624c2b525093160f56a,0.831594646,if6_consensus_when_public_stable_and_legacy_neutral
g6_LC:0001331:697aed466ac7,697aed466ac7949eb347a4c8cbffebd89822e862161ec59fbf8a0b240f023fd9,0.3056797683,if6_consensus_when_public_stable_and_legacy_neutral
g6_LC:0001332:8e7e80750265,8e7e807502659d23967c9409495c1e134f7b39f9e12e3836088fb036c2ec4359,0.2977314293,if6_consensus_when_public_stable_and_legacy_neutral
g6_LC:0001333:1497036b7843,1497036b7843a7dd70541872707aeff5ca2fce1c359824d5f5848b1f82a50004,0.6308991313,if6_consensus_when_public_stable_and_legacy_neutral
g6_LC:0001334:cf236235162f,cf236235162fcec2cb30abe31f8d46b64675ce682622061614dc88e5b1adf3de,0.3664513826,if6_consensus_when_public_stable_and_legacy_neutral
g6_LC:0001335:625680b11800,625680b118004830b34ba4771daf970b79d2fd9ae6091cba4a96157b771811cc,0.3432687521,if6_consensus_when_public_stable_and_legacy_neutral
g6_LC:0001336:70839c5f61a5,70839c5f61a543b29d51d3765b65ec81395f5b814fb2db2918599c5f919a61fa,0.4790528119,if6_consensus_when_public_stable_and_legacy_neutral
g6_LC:0001337:ef7082194112,ef7082194112272b0f133e0dfc85efdad1a93ec47657c7aaf057f65a78545286,0.6625269055,if6_consensus_when_public_stable_and_legacy_neutral
g6_LC:0001338:c13ba82367d5,c13ba82367d5bed726780e8525cad7e1a0f5d5924f6017768f57fbaef99a6cb1,0.597284317,if6_consensus_when_public_stable_and_legacy_neutral
g6_LC:0001339:f45845709b1c,f45845709b1cdc48619c5c7830cebbb42dc70b3a5933185c2fd9e972ef624977,0.3864878118,if6_consensus_when_public_stable_and_legacy_neutral
g6_LC:0001340:a20d593d69b0,a20d593d69b098b9aca056112a74f5eae70dfd0ac690906d9af5d73b42385c80,0.5010763407,if6_consensus_when_public_stable_and_legacy_neutral
g6_LC:0001341:8acb043f7e23,8acb043f7e233e92d97a8fa5b8ea9cd6f720d4ea13f1a2f5d9eeca6faa2edd09,0.5020698905,if6_consensus_when_public_stable_and_legacy_neutral
g6_LC:0001342:68ca0cadb9a0,68ca0cadb9a056262880558b4e646bf4d1a989d51fea0a43e26dc576c273224f,0.1652591527,if6_consensus_when_public_stable_and_legacy_neutral
g6_LC:0001343:3fbc23a4749f,3fbc23a4749f7b36bcd647811b3621b61c179910854eed4fc9d144c2657de797,0.691670835,if6_consensus_when_public_stable_and_legacy_neutral
g6_LC:0001344:9261dfb6e860,9261dfb6e860a28f08a2cb2fcd67feb1667b4df3316447c5cc3a8501a2a695ee,0.6292433143,if6_consensus_when_public_stable_and_legacy_neutral
g6_LC:0001345:592e13ea6fd2,592e13ea6fd2bf9a2807a7558c62a6ca6a49059cf7660e708858d82d40276799,0.7994701266,if6_consensus_when_public_stable_and_legacy_neutral
g6_LC:0001346:bfa2c08dd9a1,bfa2c08dd9a11afb3c080baeb77d95fdc0535bca5d6e9eb21fb42f1897e8e182,0.7408511639,if6_consensus_when_public_stable_and_legacy_neutral
g6_LC:0001347:dc45381cb5f2,dc45381cb5f28c917d61624b88aff3d41c882ad8cc7923c360e00abde28b84d3,0.2613015473,if6_consensus_when_public_stable_and_legacy_neutral
g6_LC:0001348:9a88ec17c94a,9a88ec17c94a0fbf157d6042c05b5a1929d4889a9ac5ad94cf96092cff7a5434,0.373737365,if6_consensus_when_public_stable_and_legacy_neutral
g6_LC:0001349:c33d2d1c5750,c33d2d1c5750df6d7a9ea638aa925124b2e1c5f9c36dbc821cf4eb980016053c,0.2021857947,if6_consensus_when_public_stable_and_legacy_neutral
g6_LC:0001350:5c7472c23fb5,5c7472c23fb5c6f3c853fa161290898ab3d44ada49dfdb7d54eb695787789c2b,0.1563172787,if6_consensus_when_public_stable_and_legacy_neutral
g6_LC:0001351:2bdb22b66afb,2bdb22b66afb8a8932f11ce85dddfc867b6758b336cb8f9e62cf51a289466b7f,0.0793177709,if6_consensus_when_public_stable_and_legacy_neutral
g6_LC:0001352:aa8f398a88cf,aa8f398a88cfcbe08822a445ebfa103b291c48abfbcdabe8a86734b79f1ca734,0.130485177,if6_consensus_when_public_stable_and_legacy_neutral
g6_LC:0001353:1a03e13c46f1,1a03e13c46f18c729cc25488cc47a286dedc0785b9b185c85b3dce52b4111f9b,0.502897799,if6_consensus_when_public_stable_and_legacy_neutral
g6_LC:0001354:014ea35906f0,014ea35906f0e8766ff69f2359a7b8acfcc81dd9307ae334559355b91cf80e6c,0.1528398842,if6_consensus_when_public_stable_and_legacy_neutral
g6_LC:0001355:b6bf5c0b9fc4,b6bf5c0b9fc459192de0e7e6a2e006b2a7c54303cb8082ee3152598f4a50ab32,0.1983772069,if6_consensus_when_public_stable_and_legacy_neutral
g6_LC:0001356:cc5379a4fd08,cc5379a4fd08878eb44a9f3bfabf06b92a7cd251e6c7dbaf47f2c6c09443d00b,0.3164431155,if6_consensus_when_public_stable_and_legacy_neutral
g6_LC:0001357:9a13308a859d,9a13308a859d1019a81e4567c72e863bc25fa550f38f90478fe87f3131b3365d,0.1778440028,if6_consensus_when_public_stable_and_legacy_neutral
g6_LC:0001358:6f87388836aa,6f87388836aaa76eb176c5527deefe084e3b7defb441bf382e67c03cb402536a,0.374068588,if6_consensus_when_public_stable_and_legacy_neutral
g6_LC:0001359:9f5a2507837e,9f5a2507837e284a567c0acbe44470cba146acbe902ff285317df1c575c5079f,0.159960255,if6_consensus_when_public_stable_and_legacy_neutral
g6_LC:0001360:fe0bc8578750,fe0bc857875041e06da4c631a9ee5c33da07372e944e388f61c330713ddbd476,0.1039907262,if6_consensus_when_public_stable_and_legacy_neutral
g6_LC:0001361:1f26eab78347,1f26eab78347e98f72a2506c7605c23576ad4037b1e09b923e89acf7c3c2c2bf,0.2253684253,if6_consensus_when_public_stable_and_legacy_neutral
g6_LC:0001362:931933050fed,931933050fedee80b07b9f03ec780543f67e895c0be3d11c1e80820134d8f37d,0.1654247493,if6_consensus_when_public_stable_and_legacy_neutral
g6_LC:0001363:f28f63c83452,f28f63c83452f8aa33f0812f910de4c0c6ffd1fea44a216f09b2f9272440e021,0.1571452171,if6_consensus_when_public_stable_and_legacy_neutral
g6_LC:0001364:568cfb65a500,568cfb65a500573506cb0c4f5a21c541bd0f0407b5660b92fd3375e93a3ca059,0.1659215242,if6_consensus_when_public_stable_and_legacy_neutral
g6_LC:0001365:765df8226896,765df8226896330bee13945ead722387d8c1824b90325b2312690417da748604,0.2990561426,if6_consensus_when_public_stable_and_legacy_neutral
g6_LC:0001366:d733fd2a122c,d733fd2a122cea383b9720365c30b4a5ce9bb78cf36a07eafed6dfd9833b28f4,0.1872826666,if6_consensus_when_public_stable_and_legacy_neutral
g6_LC:0001367:6de5651257b8,6de5651257b87cdba7cd2b1a2f6ce8ab549c0ada196ed6b1e15f0679bfdf69ee,0.2084782124,if6_consensus_when_public_stable_and_legacy_neutral
g6_LC:0001368:55f1179c85ea,55f1179c85eaf4342ca06d55b8853fda6a76368a0453188ac5026f48a9ca1939,0.5020698905,if6_consensus_when_public_stable_and_legacy_neutral
g6_LC:0001369:137cc3a4119a,137cc3a4119a6ac8d518d8db1baec293c9621ffb42caff28edb19924884ce466,0.2305017263,if6_consensus_when_public_stable_and_legacy_neutral
g6_LC:0001370:bc8b35badb51,bc8b35badb5124200f8752c6e71e48649ee7342c355d48e1c0ceaed60347517c,0.3171055019,if6_consensus_when_public_stable_and_legacy_neutral
g6_LC:0001371:30c1c55ea0d7,30c1c55ea0d736f694b1032f848a1331094fe9d0302e51e20f6a9e9c488c4a49,0.5201192498,if6_consensus_when_public_stable_and_legacy_neutral
g6_LC:0001372:cced312dd3b9,cced312dd3b9998dfb6c3fcc31631d4d12b987fd47f874608b9a24953b9e267e,0.2391124219,if6_consensus_when_public_stable_and_legacy_neutral
g6_LC:0001373:a62a4eab44e8,a62a4eab44e8b6de7efa445c2ebda8711d1f4d287f687d310b6e60f03ea8a48f,0.2561682463,if6_consensus_when_public_stable_and_legacy_neutral
g6_LC:0001374:572ce820d9f0,572ce820d9f041701151ec1f59a2837448cd1a6202d6f71a54db3dea4f8b0222,0.3323397934,if6_consensus_when_public_stable_and_legacy_neutral
g6_LC:0001375:ce066a8f1e1c,ce066a8f1e1c60eae2b8f6257ba43e1aa73e4127322743f9f61e529df18193ff,0.721642673,if6_consensus_when_public_stable_and_legacy_neutral
g6_LC:0001376:7b8c232dc27f,7b8c232dc27fd71011d30c6761826b6591f959ab17ab5aa7a3c3aa936eda19b8,0.4123199284,if6_consensus_when_public_stable_and_legacy_neutral
g6_LC:0001377:ab49ee5fd5ff,ab49ee5fd5ff8395b67d3c29342ce4b43a434f055bc2c4f5fc8c544c594671e1,0.4605066776,if6_consensus_when_public_stable_and_legacy_neutral
g6_LC:0001378:5ed78bab4ced,5ed78bab4ced4116802029d4c41e6dde4f0fa513b92c2fe6bb7637a1f0b78b17,0.445769161,if6_consensus_when_public_stable_and_legacy_neutral
g6_LC:0001379:8d77bc97d1c3,8d77bc97d1c343c5d9e4dadcd6c602f1740ea7cbed6f7c6a3cd1e04405cb886c,0.5770822763,if6_consensus_when_public_stable_and_legacy_neutral
g6_LC:0001380:a9a0e23e3a83,a9a0e23e3a83a9204f847603f4cee7d7c430cb4a6570b78d57c989318127510e,0.0963735655,if6_consensus_when_public_stable_and_legacy_neutral
g6_LC:0001381:84bed919e5dd,84bed919e5ddbcfb940825e47a5084d359cb1d9b5cf51cb114122293a4b4faa2,0.4813710749,if6_consensus_when_public_stable_and_legacy_neutral
g6_LC:0001382:835bfd40b77d,835bfd40b77d7050f7cc4288e970073ff0d72acafbd1a646271a62368283ee00,0.4318595827,if6_consensus_when_public_stable_and_legacy_neutral
g6_LC:0001383:ea6bf3ebb356,ea6bf3ebb356b87b60ef459ed562a397722233ade488f413b0abd8f441d332fa,0.6342109442,if6_consensus_when_public_stable_and_legacy_neutral
g6_LC:0001384:5dbe9b3ca20b,5dbe9b3ca20b4c9767d6fa4731e2d03899f1ee8f47c38ded40b2770df8074a7b,0.7093889713,if6_consensus_when_public_stable_and_legacy_neutral
g6_LC:0001385:7b436d97142a,7b436d97142a6d2f867b8264e4b0b280731f6057416d1030898fd9fdd29eb9c3,0.09041231871,if6_consensus_when_public_stable_and_legacy_neutral
g6_LC:0001386:285f3e3e973d,285f3e3e973decddcfc89880fb147bedfa6641b78839e8685188a73c224870a7,0.2098029405,if6_consensus_when_public_stable_and_legacy_neutral
g6_LC:0001387:c51eaa97a625,c51eaa97a625df16da5d85e052a12827157a053f911419d6ce1188133ee46eb8,0.176353693,if6_consensus_when_public_stable_and_legacy_neutral
g6_LC:0001388:92f619e6741b,92f619e6741bd4bd3ac3b6a249e180fd4eb504ed50a0f274aaf1cd2a17167c4a,0.1909256577,if6_consensus_when_public_stable_and_legacy_neutral
g6_LC:0001389:fe5871d84736,fe5871d8473670d7bf57720549e8ddc7e5b12ca13a27b6cdc40f6ec9003e9760,0.09918860346,if6_consensus_when_public_stable_and_legacy_neutral
g6_LC:0001390:490ac8410678,490ac841067887980df884acb0a7c7496dc5f0e309592a45166a58a98960e033,0.09538003057,if6_consensus_when_public_stable_and_legacy_neutral
g6_LC:0001391:d0cc204294f4,d0cc204294f4b25e54ec1b75840c699ddae10d1f331c1a663f266a4a66c1559f,0.2026825547,if6_consensus_when_public_stable_and_legacy_neutral
g6_LC:0001392:d777183e47ba,d777183e47bad6aea5c8941c31cd8b64da6c94bc7b3aabc6fd513523ac3d94ca,0.07194899768,if6_consensus_when_public_stable_and_legacy_neutral
g6_LC:0001393:df5b653191ff,df5b653191ffea1cc9c978fb38820639f37d7cfb9fc1353fb4b59abbf78b5364,0.1558205038,if6_consensus_when_public_stable_and_legacy_neutral
g6_LC:0001394:45c45c4c2438,45c45c4c243822595bc3d016e6ef0714d6b6a73d218ed60c26fa7b3548e068a6,0.1241927519,if6_consensus_when_public_stable_and_legacy_neutral
g6_LC:0001395:6ca0d2c12afa,6ca0d2c12afaf2500c653e672dba6808fda6162720e639b7e25d07729662ffda,0.5012419224,if6_consensus_when_public_stable_and_legacy_neutral
g6_LC:0001396:44988d7efb87,44988d7efb8784eeb649ddbd1fa8ff3e0039d18cd382b9bf14f3fe238d152831,0.3999006748,if6_consensus_when_public_stable_and_legacy_neutral
g6_LC:0001397:83ef4b13d5c6,83ef4b13d5c67657ac9dbd74ba178272ea0e78d4ccb2fb9f5b9bf5b9878b6ed0,0.1896009296,if6_consensus_when_public_stable_and_legacy_neutral
g6_LC:0001398:a00600b6490e,a00600b6490e283436e1bcbda670b244530b3396f91f767e25901bf236b29340,0.08097366244,if6_consensus_when_public_stable_and_legacy_neutral
g6_LC:0001399:e051900707cb,e051900707cbcaca6679ba599f4a942c1be0afc247418dddbd73abe31a0dec4e,0.1341281682,if6_consensus_when_public_stable_and_legacy_neutral
g6_LC:0001400:724a6ecd166c,724a6ecd166c3b1c3f6f7f0ba33b6c926ba32201bc83943bf273fd794134be6c,0.1020036414,if6_consensus_when_public_stable_and_legacy_neutral
g6_LC:0001401:cf83ccfd364d,cf83ccfd364d88af6a336e43d6e526e51fd2cfbb52d2e25636bd27622c3dd34e,0.1637688279,if6_consensus_when_public_stable_and_legacy_neutral
g6_LC:0001402:86b7a1df2f36,86b7a1df2f361f9ac07994fe327a05d3f77f293c38c179c577b5113b288d7acd,0.2753767073,if6_consensus_when_public_stable_and_legacy_neutral
g6_LC:0001403:646249962126,6462499621260e6b7eaa8b5235441e0e16d3ab84f88431d296909b32dcd75b93,0.6770989299,if6_consensus_when_public_stable_and_legacy_neutral
g6_LC:0001404:eeed21605ae4,eeed21605ae4c0cd2e22bda669177b15dc9aaa79cb3faa96ef6382e02ac959d2,0.1369432062,if6_consensus_when_public_stable_and_legacy_neutral
g6_LC:0001405:fb4f4b24b3eb,fb4f4b24b3eb4169a613eea64d6dcc18e1316a6569a90663caf3283fc2a071c0,0.2004470825,if6_consensus_when_public_stable_and_legacy_neutral
g6_LC:0001406:c73d1728a582,c73d1728a58299bbe2b230efba44aee9e2c690470e2629910ff76e4beb5f10a9,0.7835734487,if6_consensus_when_public_stable_and_legacy_neutral
g6_LC:0001407:919014ccc942,919014ccc942ab5205247ee55a09b4de5e4b24e907b7f48607c8393b75f4c579,0.4106639922,if6_consensus_when_public_stable_and_legacy_neutral
g6_LC:0001408:7644c2ae6d8a,7644c2ae6d8aaa8dd1311a0cf6cb8b7fa3017c7ccaa315176229c812f1b4ac90,0.8125517964,if6_consensus_when_public_stable_and_legacy_neutral
g6_LC:0001409:0f4530928ef1,0f4530928ef1182e70b108bdbd36a36ed8079618ea7247904cfb88080ee38f34,0.7365458012,if6_consensus_when_public_stable_and_legacy_neutral
g6_LC:0001410:b9ef7e94a57b,b9ef7e94a57b252176eeb864aa4b05dc18c4af16c41ff21d189564aed3e38a50,0.5404868126,if6_consensus_when_public_stable_and_legacy_neutral
g6_LC:0001411:cbdeea3a867b,cbdeea3a867b987fdd7a67f8cce4dcfbc16ec5dc015a06c341e42b5097ed4005,0.6674945951,if6_consensus_when_public_stable_and_legacy_neutral
g6_LC:0001412:31c19c70e846,31c19c70e846c51c5aa9adb85ed3d0ff9f11ecc375574961fcd09d59cd03c796,0.657559216,if6_consensus_when_public_stable_and_legacy_neutral
g6_LC:0001413:5632fa32c4b0,5632fa32c4b09a6d63bfff80846b4ddef77be99cb7205081befec34ba084d2c8,0.5767511725,if6_consensus_when_public_stable_and_legacy_neutral
g6_LC:0001414:0e599b4c28e5,0e599b4c28e59a19628af2f1d15919df105d678dd6ca4d45dfda9659b59509a1,0.6342109442,if6_consensus_when_public_stable_and_legacy_neutral
g6_LC:0001415:824cc5797ef2,824cc5797ef24a2e6584da3e0cc2e3df230ea5a9e019410822926bf8e364d432,0.6512667537,if6_consensus_when_public_stable_and_legacy_neutral
g6_LC:0001416:598358ee16ee,598358ee16ee5e326a2e19b6d34c71415cb8f812acd4498c755df0d927f9be58,0.4929623902,if6_consensus_when_public_stable_and_legacy_neutral
g6_LC:0001417:cc96ddd5f5fb,cc96ddd5f5fbf03b23a9f83f29a25086d19fd348a7e01329cd9144093eb27b58,0.7514489293,if6_consensus_when_public_stable_and_legacy_neutral
g6_LC:0001418:a2c3986b2e97,a2c3986b2e9778ab4f0dc10b8d0db8d937b408631b22fbcd24c71f209c3006b3,0.4109952152,if6_consensus_when_public_stable_and_legacy_neutral
g6_LC:0001419:ba2c869c9238,ba2c869c9238ea16b6a2c72e20b22cdb9e83a2985aca2e23f70abf419b5164e4,0.6504387856,if6_consensus_when_public_stable_and_legacy_neutral
g6_LC:0001420:80970d782afa,80970d782afa1d64e704803c3fcc774ef22bc4a06ce6fd8c96cc92a63e543f29,0.683722496,if6_consensus_when_public_stable_and_legacy_neutral
g6_LC:0001421:e63013489c5f,e63013489c5fb0e732862f5909e43ca825b144521d3d64c5526d6119563d0987,0.8983275294,if6_consensus_when_public_stable_and_legacy_neutral
g6_LC:0001422:ffe578af9c90,ffe578af9c90a1f2a87d9d71f7e1e28fa1b32bc188dee37f7e9d18baf6fca587,0.5769166946,if6_consensus_when_public_stable_and_legacy_neutral
g6_LC:0001423:76ce920cef68,76ce920cef688a0defdb6cac14546ed24a8b61ded5c32d449e64b44321880f7a,0.4129822552,if6_consensus_when_public_stable_and_legacy_neutral
g6_LC:0001424:c49e25e4ccca,c49e25e4ccca0a53d8e5bc059b9b651edf87d350aa447732f2a6ed8c8e77a5d8,0.4949494898,if6_consensus_when_public_stable_and_legacy_neutral
g6_LC:0001425:178241ecd53a,178241ecd53ab88c72f7a61aa405f0952428fda81654bfcb90f7e2b107c66375,0.829773128,if6_consensus_when_public_stable_and_legacy_neutral
g6_LC:0001426:5aa4d7674e82,5aa4d7674e82453dc66ae2c238aa5064670ec3d63df201a24ae488864b7eb86b,0.538830936,if6_consensus_when_public_stable_and_legacy_neutral
g6_LC:0001427:b2bd6b6090a7,b2bd6b6090a7c6fe07060a18ce92b7b0df86f506df26d09bb7f193c9e9bf2d9a,0.5977810621,if6_consensus_when_public_stable_and_legacy_neutral
g6_LC:0001428:60f75c305412,60f75c305412e1e1ea81bb41d964f0cdac7fd4b0d349ff98c73234fc5da8ff26,0.6095380187,if6_consensus_when_public_stable_and_legacy_neutral
g6_LC:0001429:fa65922881d6,fa65922881d68e6eda6d96111c2393d7108bc07dafa4323c9632e787335c33b2,0.5169730186,if6_consensus_when_public_stable_and_legacy_neutral
g6_LC:0001430:1c995d9ef268,1c995d9ef26828b083d2af36bce3af4364149699bfd70e01e2b816435f67091f,0.659049511,if6_consensus_when_public_stable_and_legacy_neutral
g6_LC:0001431:0689823d2dcc,0689823d2dcc5e9eabb68d7fcacdd5651b28a6ff0a39b3adc131639af944d099,0.6183142662,if6_consensus_when_public_stable_and_legacy_neutral
g6_LC:0001432:b461da3dddd0,b461da3dddd0f3fbd483d21b2427b0e6d98805b9be850da5b3b6164376f4daad,0.4896506071,if6_consensus_when_public_stable_and_legacy_neutral
g6_LC:0001433:09c59ea8d152,09c59ea8d15212e700073821e1b33da862f8f68ae417c1444874c9c00db68256,0.6106971502,if6_consensus_when_public_stable_and_legacy_neutral
g6_LC:0001434:5a17f8b5b98c,5a17f8b5b98c8eec70cd20fb8634fab684cda19165cc4bf9dacde6e2b8cc64d4,0.4676270783,if6_consensus_when_public_stable_and_legacy_neutral
g6_LC:0001435:697468e2fee5,697468e2fee57388439f42d1963474ac50b2c273593a14599efccca34030d8e3,0.4744162858,if6_consensus_when_public_stable_and_legacy_neutral
g6_LC:0001436:de6274493291,de6274493291c15f3026c44d0734b18c279172087081dbd004f2ec00a37f7fbf,0.7494618297,if6_consensus_when_public_stable_and_legacy_neutral
g6_LC:0001437:bb7e8e65ed5e,bb7e8e65ed5e886888ba710a6228fed7769aaa78ce2241ff7e722182b70d0af4,0.2768670321,if6_consensus_when_public_stable_and_legacy_neutral
g6_LC:0001438:38f578ed7725,38f578ed7725b467184d07af4d8fc44ccbdc98259a5836b53d3e7700b42f316c,0.6895181537,if6_consensus_when_public_stable_and_legacy_neutral
g6_LC:0001439:841fe3199ba4,841fe3199ba45a45835c3f7160177198c172feb48e259e0150c15c8638766823,0.733730793,if6_consensus_when_public_stable_and_legacy_neutral
g6_LC:0001440:78262a4aec1f,78262a4aec1fc62c14bf63bcff84d0461d43f729d57e2e86335d5431e91c6bc3,0.7239608765,if6_consensus_when_public_stable_and_legacy_neutral
g6_LC:0001441:e131efb459b7,e131efb459b7b9915a73eeada83b98a510d5383c1cf0bc4ceef37daf83d1f51f,0.483689338,if6_consensus_when_public_stable_and_legacy_neutral
g6_LC:0001442:1ec59a282364,1ec59a282364415886be0b149239015038ab863713659816efc28ccd62955ffb,0.4138102233,if6_consensus_when_public_stable_and_legacy_neutral
g6_LC:0001443:3b09f64a6e20,3b09f64a6e20ab639099a0fdea69d94835244f87215bc6cfe336d0ef0a4fcb0f,0.4663023651,if6_consensus_when_public_stable_and_legacy_neutral
g6_LC:0001444:e673ab8a3c17,e673ab8a3c17f28f3a9333afd086508c20314071219af16daf378d68d708b2b6,0.5199536681,if6_consensus_when_public_stable_and_legacy_neutral
g6_LC:0001445:b3e92bcb9459,b3e92bcb945941b90dbfea854f5bb6491ad94ad5a908423529952385a3c48abb,0.3361483812,if6_consensus_when_public_stable_and_legacy_neutral
g6_LC:0001446:f61c8d10502b,f61c8d10502b33d083541ebe782239e33b5e5053f7e186ee2c2b8a1b79051ba9,0.1876138449,if6_consensus_when_public_stable_and_legacy_neutral
g6_LC:0001447:4b08cb601d7c,4b08cb601d7c18a2b3f9a3b7a7506d03679526bb9c84a0e39e4d538c4d134812,0.2154330164,if6_consensus_when_public_stable_and_legacy_neutral
g6_LC:0001448:1c345ef86c32,1c345ef86c32b37185d98be6aaa8ce31457a698e0fa32671baf14c20a59be154,0.514985919,if6_consensus_when_public_stable_and_legacy_neutral
g6_LC:0001449:f2a44fadaf82,f2a44fadaf82f9202c6c10ccfc95af45b7a53d5710b60002ad5bf1ba9ae14b06,0.2483855039,if6_consensus_when_public_stable_and_legacy_neutral
g6_LC:0001450:dea073a28890,dea073a28890efab8e958b47389afd20fc3a9892ccbba375636ed5e4f96cae90,0.2463984042,if6_consensus_when_public_stable_and_legacy_neutral
g6_LC:0001451:c2ca00848301,c2ca008483011b8e02605dd102c82a94aea80ed7626edc89c770ed6a21b49998,0.7830765843,if6_consensus_when_public_stable_and_legacy_neutral
g6_LC:0001452:b1c4af8be7ab,b1c4af8be7ab5495e55b93e24cd36a4b9964d7794d60ed5172e3eda0c1483bd7,0.30683887,if6_consensus_when_public_stable_and_legacy_neutral
g6_LC:0001453:2d7af89dd397,2d7af89dd39779fcfacdad658c21288abd9a43833d86584fb77d4c054d112656,0.7336480021,if6_consensus_when_public_stable_and_legacy_neutral
g6_LC:0001454:08492725e0c9,08492725e0c9ff20f6b11e75ebaeccec9520a29daf93e4bc8c2565555b316466,0.2348070741,if6_consensus_when_public_stable_and_legacy_neutral
g6_LC:0001455:8420cd68ce5e,8420cd68ce5e0677b6197469490f4ab9f2dbe39c8ef3d35028cd2f06923e5180,0.3404537141,if6_consensus_when_public_stable_and_legacy_neutral
g6_LC:0001456:d03885fae969,d03885fae9697985130bee77ce63fe3ac453b343ac433144461a92005f89b137,0.3050173819,if6_consensus_when_public_stable_and_legacy_neutral
g6_LC:0001457:2a0ef8b616e3,2a0ef8b616e3c12bb3e1302c840ab8ae6d23e7b8e5d106b0421d19a2e8c1d2c2,0.3339956999,if6_consensus_when_public_stable_and_legacy_neutral
g6_LC:0001458:b90238b66694,b90238b66694d019a79397a6ca08078d8c1c71e4f88a2c0817b63e2c6801c9cf,0.3550256491,if6_consensus_when_public_stable_and_legacy_neutral
g6_LC:0001459:3c7d81c028d6,3c7d81c028d61c9d7aac5ff47db333c81b1b4d0ef7ef0db94cf8fabae9735f2a,0.5143235326,if6_consensus_when_public_stable_and_legacy_neutral
g6_LC:0001460:87fec6d7c5b5,87fec6d7c5b565c0bc44ff77cfb8789d78f582895da5a85f15da054cf92a5f99,0.8122205734,if6_consensus_when_public_stable_and_legacy_neutral
g6_LC:0001461:ba919d7ee501,ba919d7ee5017ab418c86ded354b7a6c508c71d1ab1e252affb04a27c7ca171c,0.2091405839,if6_consensus_when_public_stable_and_legacy_neutral
g6_LC:0001462:fb6fedc49092,fb6fedc49092b540285de4c8330b727b89bc8b6af575c0c0f50d1692f52d2473,0.2737208307,if6_consensus_when_public_stable_and_legacy_neutral
g6_LC:0001463:cb1741ef7980,cb1741ef79802b8e52d1a4d3f3f89ecf860655a3b271cb0f0788848dd3459f1d,0.7494618297,if6_consensus_when_public_stable_and_legacy_neutral
g6_LC:0001464:90634070ca9c,90634070ca9c733e210c6e96d191e007c5841172f8ae89481171a197bb08f4e4,0.4033780098,if6_consensus_when_public_stable_and_legacy_neutral
g6_LC:0001465:37f7b791f43d,37f7b791f43de00e140cc7a04e93cec5b324adcfc3cb395482aec1a309350245,0.5903294683,if6_consensus_when_public_stable_and_legacy_neutral
g6_LC:0001466:a7d02879c6ca,a7d02879c6cacb5e683cc6cefbe9e958aaa0bdf9fa85892480a90b6b12ab7dc2,0.8458353877,if6_consensus_when_public_stable_and_legacy_neutral
g6_LC:0001467:9f5958f2bd47,9f5958f2bd472555f532f35ca0eacf9566a94d6188c7240c2f2ea3c22697da26,0.5257492661,if6_consensus_when_public_stable_and_legacy_neutral
g6_LC:0001468:206439567f4a,206439567f4a00bfce7b5e20c0a5014979d0160bd87d91f7df8913571fc7c71f,0.651101172,if6_consensus_when_public_stable_and_legacy_neutral
g6_LC:0001469:8a15520376cd,8a15520376cd5b49226cbf160a315331ab225c55d31cf383a9f47762a73785e2,0.6746149659,if6_consensus_when_public_stable_and_legacy_neutral
g6_LC:0001470:d249bd2a1d79,d249bd2a1d79d8d822515479df9d2239707f582f88b1ce569d991d6470011cc7,0.4825302362,if6_consensus_when_public_stable_and_legacy_neutral
g6_LC:0001471:e129cb1804cb,e129cb1804cb3e7b797c35f3f8039e3cfe476bab0a82725a7fbd8043f3ad3a48,0.8777943254,if6_consensus_when_public_stable_and_legacy_neutral
g6_LC:0001472:ca2923a6e9ce,ca2923a6e9ce093cccd2ed5e7dedaa3fac19bbb0f6fa4d043e798f9a2f7f65ea,0.8671965599,if6_consensus_when_public_stable_and_legacy_neutral
g6_LC:0001473:e0ea9bc6c863,e0ea9bc6c8634d8d543f62ba08a297a0169249c94790e1e8b104a8ba7c8dea02,0.717502892,if6_consensus_when_public_stable_and_legacy_neutral
g6_LC:0001474:5d9653829b72,5d9653829b72f29e7ea0476e384792abe0d7965526ac97490adf15e343824572,0.7030965686,if6_consensus_when_public_stable_and_legacy_neutral
g6_LC:0001475:06822a3cca4f,06822a3cca4fbbb78e45ae88e7f156e484ddaca95ab8ff7542b21c50100f6af3,0.4747475088,if6_consensus_when_public_stable_and_legacy_neutral
g6_LC:0001476:a7a877abb966,a7a877abb966e7d76f2cf0e511f2c987d534ebe1f595558f8668c264a1f2f09a,0.8355687261,if6_consensus_when_public_stable_and_legacy_neutral
g6_LC:0001477:75389dfa3863,75389dfa3863d8a4d1dd7babc0dea6368dd16b0f83c7b1e964fbcb5f09768313,0.6577247977,if6_consensus_when_public_stable_and_legacy_neutral
g6_LC:0001478:7e045b0f6628,7e045b0f6628ffe80ae77d1ad5977844781adca435adf96fd86d1b22a15eb6fc,0.5959596038,if6_consensus_when_public_stable_and_legacy_neutral
g6_LC:0001479:dc1db421a99e,dc1db421a99e94a64a51626b4c31751ef5e6599ae2b64d5da92de03329ea76b2,0.4942871332,if6_consensus_when_public_stable_and_legacy_neutral
g6_LC:0001480:77de2b93cd6b,77de2b93cd6b6909d9ba8554ceb985006b9c532b8a42e8b52fb152e62ef19dd0,0.4242424071,if6_consensus_when_public_stable_and_legacy_neutral
g6_LC:0001481:88ea6fa27ce5,88ea6fa27ce5616e01b3409261dfed7955e3aba2ce655d030276574e78bd2044,0.5191256404,if6_consensus_when_public_stable_and_legacy_neutral
g6_LC:0001482:a6a8fff72638,a6a8fff726387cd9c49791eeb5aef0f711ec714bd6ae3649d781fd832f01fd9d,0.8748137355,if6_consensus_when_public_stable_and_legacy_neutral
g6_LC:0001483:f91acb83447e,f91acb83447e42972ff68f1c78b9d96c204a9534ff3756c9f77fd16eeabf2559,0.3493956029,if6_consensus_when_public_stable_and_legacy_neutral
g6_LC:0001484:4a5f01cc5f07,4a5f01cc5f07ffa10f6207622a06a75baa6cf0bbb3ff317e1e9585a2fc0a4174,0.5280675888,if6_consensus_when_public_stable_and_legacy_neutral
g6_LC:0001485:122fd205f8d0,122fd205f8d0cb5f8b0800d349c4706f43fd9cac495f71c38149bb6e35eb9e19,0.6938235164,if6_consensus_when_public_stable_and_legacy_neutral
g6_LC:0001486:2fb465d46503,2fb465d465034e5e262b24cfe182a34bd3cb8b9954f0f6091b004f7e5a5d158f,0.4803775549,if6_consensus_when_public_stable_and_legacy_neutral
g6_LC:0001487:a7e10667449c,a7e10667449c226263a217dbee23edf625c3dbd6c86a4c0a9ab689605b8ba610,0.4482530355,if6_consensus_when_public_stable_and_legacy_neutral
g6_LC:0001488:5a4ffe4c8dbc,5a4ffe4c8dbcacd1592f1a9bd04068b9af401d6333a2bb51f071c669646d6093,0.5744328499,if6_consensus_when_public_stable_and_legacy_neutral
g6_LC:0001489:a0421f8c9d6f,a0421f8c9d6fc51fb1e73ebd88bd5d8c60b38ea474841711ba0a811c1b3784a0,0.6274217963,if6_consensus_when_public_stable_and_legacy_neutral
g6_LC:0001490:ec0fbd396e30,ec0fbd396e30df1c24454d699befeb46d26a589839d06bae439173c30349a6d6,0.7083954811,if6_consensus_when_public_stable_and_legacy_neutral
g6_LC:0001491:55f5fbfc30a1,55f5fbfc30a1f43228d0f778ccb55eee48137254b894e5ad78ba3f8fda44e69b,0.5747640729,if6_consensus_when_public_stable_and_legacy_neutral
g6_LC:0001492:a2945fe400af,a2945fe400afd3853b0565ccc1aadf2d8029fdb024b46af8e11ac365e309f23d,0.4558701813,if6_consensus_when_public_stable_and_legacy_neutral
g6_LC:0001493:cb601509ff94,cb601509ff94b47e02abc936c569de4d836e6cf328d6b7afb41511fc9889cc46,0.5283987522,if6_consensus_when_public_stable_and_legacy_neutral
g6_LC:0001494:fc4a2c946cfa,fc4a2c946cfad268752a26252cb91c9140233521fb75ec7ddd6e38d2c3be9753,0.7184965014,if6_consensus_when_public_stable_and_legacy_neutral
g6_LC:0001495:b1ff2ae3e121,b1ff2ae3e121ca592eccd6b9db730fc3a3962583ab18eaf61592c5582303e39e,0.7577413917,if6_consensus_when_public_stable_and_legacy_neutral
g6_LC:0001496:d6da6686769d,d6da6686769d002ad2d6e5202c364f6892f3b85f1df4273e77cd90a6e279fc37,0.8474913239,if6_consensus_when_public_stable_and_legacy_neutral
g6_LC:0001497:e94aba8e2011,e94aba8e2011970b1515bfe27d4b26af8bfd9ae0dafe6325c446568b44802c66,0.7718165517,if6_consensus_when_public_stable_and_legacy_neutral
g6_LC:0001498:9b1f136385bb,9b1f136385bb7e0de262fd4b410a6898bb4a8c3b6dc36705d28c7b9908070e77,0.7282662392,if6_consensus_when_public_stable_and_legacy_neutral
g6_LC:0001499:053d595ce88f,053d595ce88f46b85b36ff5dc29c4fc486535cbee1515f1b2312c2addb55fd6b,0.3704255819,if6_consensus_when_public_stable_and_legacy_neutral
g6_LC:0001500:48b077bced3c,48b077bced3c3b7ab01e47ba345029a04fbac1d13c6757ca30b8390b1da377ff,0.4868355691,if6_consensus_when_public_stable_and_legacy_neutral
g6_LC:0001501:3ea66be836cf,3ea66be836cf67c2e251dd9674852216d23f097dc2a4c5989fae598b063a309a,0.7219738364,if6_consensus_when_public_stable_and_legacy_neutral
g6_LC:0001502:ce0db7508dd2,ce0db7508dd24b95c51042a8d600fc2f9fd064e1a8d322283d3bbab0eb035af2,0.30584535,if6_consensus_when_public_stable_and_legacy_neutral
g6_LC:0001503:cda2c09190f1,cda2c09190f12bda2366c76b3c4dd4e9375e41d3d8a7b79980dbc18523b60173,0.8993210793,if6_consensus_when_public_stable_and_legacy_neutral
g6_LC:0001504:9bbb8a993339,9bbb8a993339fcc1606d87d38d59072712608200947828b77877e2f99da53ba9,0.4096704721,if6_consensus_when_public_stable_and_legacy_neutral
g6_LC:0001505:5b8e8b403407,5b8e8b403407de8800fdfaa61fb031de10ee0dbe5798a5480083467821111885,0.6588839293,if6_consensus_when_public_stable_and_legacy_neutral
g6_LC:0001506:bb332baa5391,bb332baa5391419a0d87d285429f2ac9417c0cd5b2962bbc415630524a7acacc,0.5626759529,if6_consensus_when_public_stable_and_legacy_neutral
g6_LC:0001507:62078819edad,62078819edad03ee04007024ba2572a94b5bd36a364308c32b7eb53463d30de0,0.5151515603,if6_consensus_when_public_stable_and_legacy_neutral
g6_LC:0001508:6b34ca01820f,6b34ca01820fd5c6e0e93c72a5e59737b33a62086d67019d2a17ebea0ad3cc0b,0.542970717,if6_consensus_when_public_stable_and_legacy_neutral
g6_LC:0001509:0f9b69224740,0f9b692247406e53fbb4f6894d3b4fa611594591ef5bf02011954e158927f363,0.4783904552,if6_consensus_when_public_stable_and_legacy_neutral
g6_LC:0001510:f46eb6f3e06e,f46eb6f3e06ebd96c670230181cfe2fb24bd039389c1f0f5ebfabb582f4a7cba,0.4366617203,if6_consensus_when_public_stable_and_legacy_neutral
g6_LC:0001511:c05500633138,c05500633138b27510ae92ac64695b1d594413d914c226e316a1c0af851522d0,0.6027488112,if6_consensus_when_public_stable_and_legacy_neutral
g6_LC:0001512:71e4836e1101,71e4836e11017e8ec8d28e07575e882a601d935870435ab8cee8b9143bb43035,0.2280178815,if6_consensus_when_public_stable_and_legacy_neutral
g6_LC:0001513:e7e9bd79b353,e7e9bd79b353aa1956bc3f04292bd381028f3df6a1dc61f04cbbb55f369f33a3,0.7430038452,if6_consensus_when_public_stable_and_legacy_neutral
g6_LC:0001514:5fa00fb91e15,5fa00fb91e15269ffcf6e6373c506bf868462a63b278bfff5c3b2cd00ff3d907,0.4921344519,if6_consensus_when_public_stable_and_legacy_neutral
g6_LC:0001515:b2fb4b2645a2,b2fb4b2645a21c50760e193a76954eb695ab084ec5b4fbd5669dd03b25b0a765,0.7115416527,if6_consensus_when_public_stable_and_legacy_neutral
g6_LC:0001516:86894640e90e,86894640e90e0242f73f58c465f575286a6d0debebc8a19f0fd1ccecd09b5e27,0.6484517455,if6_consensus_when_public_stable_and_legacy_neutral
g6_LC:0001517:7081ff9cee0c,7081ff9cee0c4764d35dde8a1aa304a147ba7d8261121a7a9d8b7ddf1731f654,0.6102003455,if6_consensus_when_public_stable_and_legacy_neutral
g6_LC:0001518:002f2379a5f9,002f2379a5f98c1dec4ad4614f274bd13c7039a32ffcb21d0c0cb92fdf0c5001,0.419605881,if6_consensus_when_public_stable_and_legacy_neutral
g6_LC:0001519:8e29bbd27d83,8e29bbd27d8392bed70efbe1cf11ec956971cc7f6a4ca52cea3003057aacc6db,0.4482530355,if6_consensus_when_public_stable_and_legacy_neutral
g6_LC:0001520:037d3f79f400,037d3f79f4004d779e755c085ee2856c6fa87c6a2b83217770a493080e074ef2,0.1150852814,if6_consensus_when_public_stable_and_legacy_neutral
g6_LC:0001521:255bc1490838,255bc149083888f0cface8b7671fd06a7c18ff323e957f3762dba244708b0aea,0.06275873631,if6_consensus_when_public_stable_and_legacy_neutral
g6_LC:0001522:1c667b8133cb,1c667b8133cb33ea5ebb46e14004b62526345eb0db4d6c1c0a7cf784675522f4,0.3007120192,if6_consensus_when_public_stable_and_legacy_neutral
g6_LC:0001523:82534538ee05,82534538ee055dc9b759bd7030e999e8730118e42838f5667c772a08d1935635,0.2142738849,if6_consensus_when_public_stable_and_legacy_neutral
g6_LC:0001524:620ef6c982bc,620ef6c982bc3269e5a0a25414a5d583f714b2173af6fd55e651b13252f7c370,0.06159960106,if6_consensus_when_public_stable_and_legacy_neutral
g6_LC:0001525:c731e2fd6ace,c731e2fd6ace7a3ede581e58e35d92c8d08cfa80700dfcd0cd957b72913b49d4,0.3185957968,if6_consensus_when_public_stable_and_legacy_neutral
g6_LC:0001526:a83e1466922b,a83e1466922b660de4f281d39bc80d330c8faa93b7ccc489465e035a2aa0bfe3,0.06325550377,if6_consensus_when_public_stable_and_legacy_neutral
g6_LC:0001527:97e47608bf55,97e47608bf556cfa1a0ff03432126b441d1e0520671933ed8ddbc2701c27b2d3,0.02102997154,if6_consensus_when_public_stable_and_legacy_neutral
g6_LC:0001528:6c2dbb616d67,6c2dbb616d676b7590eb5c54fcca8d84b8dfa20007c159b1d2dccc2978f8be3e,0.130485177,if6_consensus_when_public_stable_and_legacy_neutral
g6_LC:0001529:d114fa8bceed,d114fa8bceed9b8cd3b77caf3ee37f697639dae062fea62a375ad161dbe5a811,0.1390958875,if6_consensus_when_public_stable_and_legacy_neutral
g6_LC:0001530:8668a7a0a295,8668a7a0a2950835195dbdc107c7bc0f03e70e9545f4d690ad5d1bcb44f3e4ec,0.354032129,if6_consensus_when_public_stable_and_legacy_neutral
g6_LC:0001531:7ebb31752803,7ebb317528037555696116943c2f354bc0ff0a733d6e9cd6ab0195dc04df11b0,0.0175525751,if6_consensus_when_public_stable_and_legacy_neutral
g6_LC:0001532:8f2e49396168,8f2e493961682574ac6ed855545d84ca1cfa3b41ab938ca27b3796889f9d6279,0.07882100344,if6_consensus_when_public_stable_and_legacy_neutral
g6_LC:0001533:fac1ca9e1dd3,fac1ca9e1dd3862f93d6544dc70221e1858564d0e162e242c01671063144af0a,0.01655903459,if6_consensus_when_public_stable_and_legacy_neutral
g6_LC:0001534:e27a08eec79d,e27a08eec79ded61904185bf28f7b92ffb9039397941de728c9c055d8f1e6b2f,0.1260142326,if6_consensus_when_public_stable_and_legacy_neutral
g6_LC:0001535:9965c5920e7e,9965c5920e7e46c7bd28b8720c1a8602e0a7b35ecdf3b3f0f64ea8ff7ff9c6bb,0.1228680238,if6_consensus_when_public_stable_and_legacy_neutral
g6_LC:0001536:660dd2e63836,660dd2e63836fe754b69e5d9791158434b774967e597d637917f94aff08629fa,0.06408345699,if6_consensus_when_public_stable_and_legacy_neutral
g6_LC:0001537:55a8ebfa8faf,55a8ebfa8faf3d399bd2f5ca4701914c3f58e4a7a3093b8a51d1b69a0ffcc39e,0.1097863913,if6_consensus_when_public_stable_and_legacy_neutral
g6_LC:0001538:f819ec78163e,f819ec78163e803a7c23a8dcd50c3b0d34949e3371459fa760b8df467520034f,0.1586355269,if6_consensus_when_public_stable_and_legacy_neutral
g6_LC:0001539:39204fcea11b,39204fcea11b2f4602c12aa0deb7a3ac3b5e036cf887f342debf5cfb2ce7f1be,0.9880774617,if6_consensus_when_public_stable_and_legacy_neutral
g6_LC:0001540:d610c81e7548,d610c81e754874745a4168058e803c974ada8db4813a6d1842df29a98f64b5a4,0.8448418975,if6_consensus_when_public_stable_and_legacy_neutral
g6_LC:0001541:e02ee39238d6,e02ee39238d62eece388205f44a78483ee80ea0e9820a5366eb4cec3d3c38e6d,0.8618976474,if6_consensus_when_public_stable_and_legacy_neutral
g6_LC:0001542:377683eb68cf,377683eb68cfbb1c000e64dca58c0f02b27b68d6eed444659c33115bdbff868e,0.9302864671,if6_consensus_when_public_stable_and_legacy_neutral
g6_LC:0001543:42aea03b92df,42aea03b92df3bc6f13a6cca7112ce6c824c3ee53cd67dcc34d0d87c4f9fd756,0.9357509613,if6_consensus_when_public_stable_and_legacy_neutral
g6_LC:0001544:786a7c527629,786a7c52762905ff5d72269e5e0f38854c0d2a0bb77eba8576b6c5dfc1196c77,0.9104156494,if6_consensus_when_public_stable_and_legacy_neutral
g6_LC:0001545:84bdba2c5f02,84bdba2c5f021698865b9946ba098c65dd04c60eb58456424ad7d83001be97c4,0.8945189118,if6_consensus_when_public_stable_and_legacy_neutral
g6_LC:0001546:e7b9208da6c7,e7b9208da6c7f793a36df2593025f3110a10f58d7a2c9065feea5ca0d277c39d,0.783407867,if6_consensus_when_public_stable_and_legacy_neutral
g6_LC:0001547:e59bda8e2e4b,e59bda8e2e4b8ea5144e5ca73659929bdd553ee24a10e8dc13d2c4c856bd41d1,0.9210133553,if6_consensus_when_public_stable_and_legacy_neutral
g6_LC:0001548:9552a72559d8,9552a72559d848379029b3f970862ae76cefc02c550cc6fe3153150855a28780,0.8484848142,if6_consensus_when_public_stable_and_legacy_neutral
g6_LC:0001549:ce9a7f8b9120,ce9a7f8b9120d17ccd0963390dd9010d06e26bbc9c2b127a93951cd9d517a0bd,0.8160291314,if6_consensus_when_public_stable_and_legacy_neutral
g6_LC:0001550:01e965dc16f6,01e965dc16f6596b44281cafce7ed2624728ee1bc9eac768ee482579df1eb973,0.8678588867,if6_consensus_when_public_stable_and_legacy_neutral
g6_LC:0001551:f8d0f52d339a,f8d0f52d339add2c4cd010a5f9d101f2766ced77228c390556b334ccdb9b0b47,0.8951813579,if6_consensus_when_public_stable_and_legacy_neutral
g6_LC:0001552:2ec5832e77b6,2ec5832e77b63f1140e75b01787f2d832dad506663bacc765833860c41fe198b,0.905613482,if6_consensus_when_public_stable_and_legacy_neutral
g6_LC:0001553:4d72fb6a2e83,4d72fb6a2e83ff0e8b183b562ff6e8295aa3cdb06df0bbf3745776e2a0e40413,0.9773141742,if6_consensus_when_public_stable_and_legacy_neutral
g6_LC:0001554:064c8dede44e,064c8dede44e5de88ede9e56caf6e6d5f854856a53d53d0f249f63f5bfd4e746,0.9432024956,if6_consensus_when_public_stable_and_legacy_neutral
g6_LC:0001555:ab106906a937,ab106906a93789f56529be61969f15ddfa170be507843c173295f4299d92a1d9,0.9084284902,if6_consensus_when_public_stable_and_legacy_neutral
g6_LC:0001556:62cce26d179e,62cce26d179eb2ddd911345848bccfb144b5f71d3e4f15529614bcc7c0068dc4,0.8276205063,if6_consensus_when_public_stable_and_legacy_neutral
g6_LC:0001557:1d1180325477,1d118032547769d4966498959fee190102c0cba42af3fe2cdf44535595c15677,0.8713362813,if6_consensus_when_public_stable_and_legacy_neutral
g6_LC:0001558:19fa2bf3373b,19fa2bf3373bdc9e622b781ecf48e62ae2b3e715c96653b3ac917729a45f4c7e,0.367610544,if6_consensus_when_public_stable_and_legacy_neutral
g6_LC:0001559:ea8f21c76e51,ea8f21c76e517ff89f77fb48ad577f4fbbb6646a6074e098a527cc8fd61cfbce,0.3520450592,if6_consensus_when_public_stable_and_legacy_neutral
g6_LC:0001560:3120cdc25322,3120cdc253227190df72439c954a617fb6542dbdf42315ed48a68f739fe1c084,0.2116244584,if6_consensus_when_public_stable_and_legacy_neutral
g6_LC:0001561:e40e30769327,e40e30769327b04e50cc281801a7439bf4f7397649cd409bbf059312ed1dc2a4,0.1687365323,if6_consensus_when_public_stable_and_legacy_neutral
g6_LC:0001562:91747930aea4,91747930aea49ea6251dfb5c7fa114a83813b0bd49773b567f55077c72b49923,0.4817022979,if6_consensus_when_public_stable_and_legacy_neutral
g6_LC:0001563:c32a9fdb6d31,c32a9fdb6d31cdfa734246ebfec33dcc56d6d3be4d461485b41ee2aa5622e8c5,0.2000331134,if6_consensus_when_public_stable_and_legacy_neutral
g6_LC:0001564:77de6511c042,77de6511c0421c77d9addd2dd51b65d0982f23e86ce6306c345edd014768eb34,0.1737042665,if6_consensus_when_public_stable_and_legacy_neutral
g6_LC:0001565:471c83cae9a9,471c83cae9a9ba8ec69346c616f604a2ef17838a1770719c0d59c582441e123a,0.124192737,if6_consensus_when_public_stable_and_legacy_neutral
g6_LC:0001566:2d32d62d579f,2d32d62d579f3e657acac727916f4f1130347688d17f20eed2ed217040aff46d,0.1659215093,if6_consensus_when_public_stable_and_legacy_neutral
g6_LC:0001567:07f3b6e0bf57,07f3b6e0bf57d8f7e89209db38064de9c0ff389273e32478f92d9ef458d16023,0.2182480544,if6_consensus_when_public_stable_and_legacy_neutral
g6_LC:0001568:ce9a6330b463,ce9a6330b46391ca22ecf535c20b049698887b33c4a6e04074d54c85c1e259ff,0.2276867032,if6_consensus_when_public_stable_and_legacy_neutral
g6_LC:0001569:fcb3e7530307,fcb3e7530307ceab97fb87777d365580eb881dbb527b5418075675505ea21394,0.1611193866,if6_consensus_when_public_stable_and_legacy_neutral
g6_LC:0001570:f309a39e50e1,f309a39e50e1c6a6fe0bc193b3641d3668c588c7832a15ca221a08d8eabbdfeb,0.1495280713,if6_consensus_when_public_stable_and_legacy_neutral
g6_LC:0001571:5216a9d4b385,5216a9d4b3854d6be5e2eaf612f36ac411cb9cbbdd91e51429e5278238455542,0.1692333221,if6_consensus_when_public_stable_and_legacy_neutral
g6_LC:0001572:0afda9169d26,0afda9169d26adb6d2b639eeee0ce4df2a84ca2e6b96ec7a84d1f362e1e6fcaf,0.5794005394,if6_consensus_when_public_stable_and_legacy_neutral
g6_LC:0001573:0909ecc4c642,0909ecc4c642176065099129e73acd5d2387af7a00ac69c4b235439648a32c15,0.4381519854,if6_consensus_when_public_stable_and_legacy_neutral
g6_LC:0001574:b335a066438d,b335a066438dd24fdf046b219c7eb5799712805ef272a839e3ac318cd708ccf2,0.4002318382,if6_consensus_when_public_stable_and_legacy_neutral
g6_LC:0001575:1602cfbc3e65,1602cfbc3e65dceba99705e008e8412b0fedb5cf11b8561aa59c8a16efe9fb38,0.06193078682,if6_consensus_when_public_stable_and_legacy_neutral
g6_LC:0001576:4091cb7644eb,4091cb7644eb177bb99ae4b37b9a2aeb52ae931a23ca81279249ee7ef4ee31b4,0.09471767396,if6_consensus_when_public_stable_and_legacy_neutral
g6_LC:0001577:17a86411f171,17a86411f171dfe820745c22322c5975476504054455153fe1e4cb1db3ab7b59,0.4764033854,if6_consensus_when_public_stable_and_legacy_neutral
g6_LC:0001578:4a0719caa5e4,4a0719caa5e4275b7f7d0a322071af624e418bf6efeb3093ce6fa6688acc0ae2,0.2995529175,if6_consensus_when_public_stable_and_legacy_neutral
g6_LC:0001579:ac2558bb21bd,ac2558bb21bd164112e271760d9cfe422131794e1fda7e4102e0e5a4fb7d3e51,0.5595297217,if6_consensus_when_public_stable_and_legacy_neutral
g6_LC:0001580:ff09662d3cb1,ff09662d3cb177f256cd6b7e541a7f6a58346b55442c1f09814bd0372f25a199,0.5072031617,if6_consensus_when_public_stable_and_legacy_neutral
g6_LC:0001581:e460495bac79,e460495bac79afc0283dbd764cd9caa541c1b8abb4ad5030955bcb53f4eadff1,0.3333333433,if6_consensus_when_public_stable_and_legacy_neutral
g6_LC:0001582:86898c23e295,86898c23e295670ea256851da23737e3b3b4e71fc339ffce0e23d51ad1ed2afd,0.2768670321,if6_consensus_when_public_stable_and_legacy_neutral
g6_LC:0001583:853e144e97c6,853e144e97c6a3b335c7b77d03385150911c9ef08918aa0c0f3526ed75305434,0.271733731,if6_consensus_when_public_stable_and_legacy_neutral
g6_LC:0001584:3181768fbda9,3181768fbda9fef937bb5c129fdafe946efef8dc20267bfeed2fa2f04216a3d8,0.7863884568,if6_consensus_when_public_stable_and_legacy_neutral
g6_LC:0001585:edd7749d7439,edd7749d74391fb2aeec6fba0f19bc831f4f9c124a5623a575669a33ed20cf80,0.3424408138,if6_consensus_when_public_stable_and_legacy_neutral
g6_LC:0001586:0ef84e7446e4,0ef84e7446e4be75b2f0e411da9e6e33707b6288b0232a86dc5c385c03d3b057,0.4434508979,if6_consensus_when_public_stable_and_legacy_neutral
g6_LC:0001587:f4286171fce1,f4286171fce1d3818e20bd03bf2f71423c122d9b8583d3ac480748ffc57d1986,0.4989236593,if6_consensus_when_public_stable_and_legacy_neutral
g6_LC:0001588:a3f09241664d,a3f09241664db7c4c1e764d5712d558d53386c86925d0ed05ee72fc39c2a10bc,0.485014081,if6_consensus_when_public_stable_and_legacy_neutral
g6_LC:0001589:3179a151327a,3179a151327a1c0b4bbb4baa208cd4db3ff21a7e47f5ebfa7ed464d96ded7f28,0.1846332103,if6_consensus_when_public_stable_and_legacy_neutral
g6_LC:0001590:7b7c898373d9,7b7c898373d920622abddec554d86246ff8f13f4f1ea850b864910f980af22cd,0.3758900464,if6_consensus_when_public_stable_and_legacy_neutral
g6_LC:0001591:b7fc8c4d49d3,b7fc8c4d49d35add7042a29ab2ef27bdfd4da122666d173c6286776a16c1255e,0.4684550464,if6_consensus_when_public_stable_and_legacy_neutral
g6_LC:0001592:d7e2acd9f142,d7e2acd9f1424ef31785d9b7f44c8c67fa61c8b75856dcdd1574ed627b15a88b,0.5524093509,if6_consensus_when_public_stable_and_legacy_neutral
g6_LC:0001593:fa7043393a61,fa7043393a615a259a5a211dc8114e6f6b3f18e7cba2312c44830ba2da298e4c,0.8716674447,if6_consensus_when_public_stable_and_legacy_neutral
g6_LC:0001594:de4f021a214b,de4f021a214b12aee4607c75af01b51992839daa9b37663959f6a77521e5eabc,0.2305017263,if6_consensus_when_public_stable_and_legacy_neutral
g6_LC:0001595:085e67856870,085e6785687012d881ea5ce25e8ec3af62722466b786a10770dc8163c9e1ff87,0.2311640978,if6_consensus_when_public_stable_and_legacy_neutral
g6_LC:0001596:2b8823e4525d,2b8823e4525daa3a80b0bac3a0630d3602ade2a4c97002937747b98dfa170536,0.2301705629,if6_consensus_when_public_stable_and_legacy_neutral
g6_LC:0001597:cd66c4adcea9,cd66c4adcea982c2c7c0daaf4088a66759989e3e9ab840efdab4680ce1400374,0.2452392727,if6_consensus_when_public_stable_and_legacy_neutral
g6_LC:0001598:11e946bbfa5a,11e946bbfa5a2ce0c86f792548660e2a843627980aaab94e61597613eb481769,0.2311640978,if6_consensus_when_public_stable_and_legacy_neutral
g6_LC:0001599:1d170ec60986,1d170ec6098675bfdd055cf4ff0da498303a1f1e4352a0ae51d02b355219133d,0.1597946733,if6_consensus_when_public_stable_and_legacy_neutral
g6_LC:0001600:d49fb599d829,d49fb599d829e5e79d9aabf9dcb0e2e590f3344aa77956088f2f65b70ee81cce,0.7146878839,if6_consensus_when_public_stable_and_legacy_neutral
g6_LC:0001601:4dbc31e78654,4dbc31e78654fda56ec214dba48cb2a9d0768961f451ebcdfa3cea7f468be9e0,0.1536678225,if6_consensus_when_public_stable_and_legacy_neutral
g6_LC:0001602:7ab94c1146f5,7ab94c1146f5081865e053107993d088bf7e6b882dfcd951864db83c07522c47,0.3980791569,if6_consensus_when_public_stable_and_legacy_neutral
g6_LC:0001603:304f0a49817b,304f0a49817b82e1b15e392d18dfdcda3467200cb5bb455f1576cc2249a437f7,0.2939228117,if6_consensus_when_public_stable_and_legacy_neutral
g6_LC:0001604:76aea4023c58,76aea4023c5861e85c5df49c57f70dffe1c0fdca44594fb6db81b3813f67703a,0.1677430123,if6_consensus_when_public_stable_and_legacy_neutral
g6_LC:0001605:373ed2706f94,373ed2706f94fe2b084cc74bb5cdc65c907129be226f7a692f8f530d0021afb3,0.3755588531,if6_consensus_when_public_stable_and_legacy_neutral
g6_LC:0001606:9baa5a6dc5f6,9baa5a6dc5f6aeff967204a21abab33c4316d0766993de2d60b4947a46d08266,0.2114588618,if6_consensus_when_public_stable_and_legacy_neutral
g6_LC:0001607:ba23ad35768f,ba23ad35768f72278453cf7abbf08af5b585ba5a3ce6bfe978c6351b127e189a,0.273224026,if6_consensus_when_public_stable_and_legacy_neutral
g6_LC:0001608:3393bd15c98e,3393bd15c98e6a2b36aa000e5cc8488e9cf695eb478455d861b2e70a7e8f1315,0.1154164672,if6_consensus_when_public_stable_and_legacy_neutral
g6_LC:0001609:ba70a86ad5a9,ba70a86ad5a99d8aa432a46c656baf0fa9dcecb2751d4fa7701f75f3431a4e4d,0.1715515852,if6_consensus_when_public_stable_and_legacy_neutral
g6_LC:0001610:b7c4190a6ea8,b7c4190a6ea8ae06da606abe11087a8861f70dcf63cca4137a2ec26bf6132c79,0.1760225296,if6_consensus_when_public_stable_and_legacy_neutral
g6_LC:0001611:620e62c7b24a,620e62c7b24a7483472e18c796d0db168d438a2fef6587289ab3f1288ca734ca,0.247888729,if6_consensus_when_public_stable_and_legacy_neutral
g6_LC:0001612:09c97e112488,09c97e112488c496a7a6907f549f7c0cb019fa78b7f960dd89522ac5c1e546eb,0.1953965873,if6_consensus_when_public_stable_and_legacy_neutral
g6_LC:0001613:b381e8204d61,b381e8204d61e51da7334b93e165c012bc4ffab7ed9eaa1bf378d910791cdad6,0.2545123398,if6_consensus_when_public_stable_and_legacy_neutral
g6_LC:0001614:deb4be4609e1,deb4be4609e1bf30db6d45f93d2ff360165204e126804c0ba5b6a7095843e254,0.2285146564,if6_consensus_when_public_stable_and_legacy_neutral
g6_LC:0001615:fb6f96ba728a,fb6f96ba728a186d1f148b3b653b8571a32123870684f62925a54d120c5ebddf,0.1766848713,if6_consensus_when_public_stable_and_legacy_neutral
g6_LC:0001616:2bc764b21dc2,2bc764b21dc2b807bb208a3df3ddc654b24bf1bb246a2a9837b000c0afad3ecc,0.2286802381,if6_consensus_when_public_stable_and_legacy_neutral
g6_LC:0001617:7be74f15f26b,7be74f15f26b5b1d1f8e0cd57645d55f9fa8843d7b142848856885d513fd37df,0.2213942558,if6_consensus_when_public_stable_and_legacy_neutral
g6_LC:0001618:40d422a293c3,40d422a293c3b25962c7423227ce1de927ace060730d6cbb20ba1963a076de2d,0.1768504828,if6_consensus_when_public_stable_and_legacy_neutral
g6_LC:0001619:12adfd419fcb,12adfd419fcbab7b41552914a69af368c497ff483cbd30f725c897bc457c58e1,0.7627090812,if6_consensus_when_public_stable_and_legacy_neutral
g6_LC:0001620:6f260289f0c0,6f260289f0c021aedd48268f01b1059f152740e0662c8ae04b4c81ffde702703,0.1061434075,if6_consensus_when_public_stable_and_legacy_neutral
g6_LC:0001621:bd0b51330900,bd0b513309009e5d5c777605b52b2036a01c2231418cd41770b67791389ad4ca,0.5590329766,if6_consensus_when_public_stable_and_legacy_neutral
g6_LC:0001622:89c5a04aa908,89c5a04aa9087c234cb7fe3652e9312169f43a09b2704675de6470c161c799c4,0.3114753962,if6_consensus_when_public_stable_and_legacy_neutral
g6_LC:0001623:bfcabdbc3759,bfcabdbc37595bde5bdbcb625541b90fe0c4a824c1c75c0f04397ed49f8762ad,0.1821493655,if6_consensus_when_public_stable_and_legacy_neutral
g6_LC:0001624:cbc4dc72ed1a,cbc4dc72ed1a7413a609b700a13f6d83ccf14b2f9b25c45da83cec96667dc3f3,0.398575902,if6_consensus_when_public_stable_and_legacy_neutral
g6_LC:0001625:090285c478fe,090285c478fe2d6f344512f079e6db5453178fd21c857b6e239e99fb2fab197f,0.2281834632,if6_consensus_when_public_stable_and_legacy_neutral
g6_LC:0001626:fc6a04b009dd,fc6a04b009dd0c70896c4c31b27d0bcf9720389292db634fad4d5d8fcdaa243a,0.283490628,if6_consensus_when_public_stable_and_legacy_neutral
g6_LC:0001627:2d07867c04aa,2d07867c04aa1e8961fa796e7a926045dacb88bad597c109f487b2a21ecf87e1,0.0611028336,if6_consensus_when_public_stable_and_legacy_neutral
g6_LC:0001628:4f4287493c2d,4f4287493c2d2f29d35c7a666b5bb48fb80506e9cf354f7deb4e88570d80fb2b,0.2712369561,if6_consensus_when_public_stable_and_legacy_neutral
g6_LC:0001629:8ac856e11647,8ac856e116478ef8c8e9dd651f2d13259bdcb98f66dfe14e3de585f6407c4e68,0.258652091,if6_consensus_when_public_stable_and_legacy_neutral
g6_LC:0001630:988fc9fb3f97,988fc9fb3f97cb42970c1b793ce29d5a3be1cf54fe429b767d36bc32b38c8331,0.3078324497,if6_consensus_when_public_stable_and_legacy_neutral
g6_LC:0001631:e551a944cd12,e551a944cd12c6a56d25f82d5110d8b2dd8bfc4262d40e8b450983916b4ae7aa,0.3091571629,if6_consensus_when_public_stable_and_legacy_neutral
g6_LC:0001632:6624f0691d72,6624f0691d72ce38faa8281ec74f8425a81d4de77a5739581b6d9106f6d57925,0.2896175086,if6_consensus_when_public_stable_and_legacy_neutral
g6_LC:0001633:27f42831d60a,27f42831d60abff840ad0e3983673dd2d851a1a78896f1ae76636751566058b4,0.450902462,if6_consensus_when_public_stable_and_legacy_neutral
g6_LC:0001634:c5c67a1adda7,c5c67a1adda70c3e4b8f6fae9d072404371fd63a186763c5ed8db37ee2b84052,0.5230998397,if6_consensus_when_public_stable_and_legacy_neutral
g6_LC:0001635:7148d0d2c8cf,7148d0d2c8cf64aedfdd01fa42b2fdfd03dc1e756de4c55e885f82c4b5668fda,0.1816525906,if6_consensus_when_public_stable_and_legacy_neutral
g6_LC:0001636:6ae30879e626,6ae30879e626b0955bc8763c6e3da9e5d7a6ee57784e75f083680cfa1265d5c5,0.1500248462,if6_consensus_when_public_stable_and_legacy_neutral
g6_LC:0001637:29aa1c6e0968,29aa1c6e0968071fa9092eef1e84a1320404875a7eb22973eb2f44cfb7ac0509,0.3735717833,if6_consensus_when_public_stable_and_legacy_neutral
g6_LC:0001638:41c4908ed25d,41c4908ed25db903e55d89fe6c72c236afef93ac401bcffd87994e1026750aa6,0.3280344605,if6_consensus_when_public_stable_and_legacy_neutral
g6_LC:0001639:81e468aa92eb,81e468aa92ebe3d818243fc8d520874663aa48abe0a464f7912bf5894478859c,0.2710713446,if6_consensus_when_public_stable_and_legacy_neutral
g6_LC:0001640:2a528d857088,2a528d857088f09958300c22669415e85b85ade3feef0d42a16e64f08fac2a55,0.2091405839,if6_consensus_when_public_stable_and_legacy_neutral
g6_LC:0001641:fb54ae2bef5f,fb54ae2bef5fbce66056b99c9349613bdb40d0cb34dd2af79f2f26ea1c9ef663,0.1225368381,if6_consensus_when_public_stable_and_legacy_neutral
g6_LC:0001642:d8f76defbed5,d8f76defbed595082a1d499f9603685ad43bd925e012a96281430ee971176d68,0.2454048544,if6_consensus_when_public_stable_and_legacy_neutral
g6_LC:0001643:3a6540c2914b,3a6540c2914b08686bd6103c6ab213bb4d1718644b6820d96bbe936c421b7a24,0.287630409,if6_consensus_when_public_stable_and_legacy_neutral
g6_LC:0001644:432847a4a9bb,432847a4a9bbe3ef26ec1091ed00715d9ea71a403e4f76cef97a1d1b1e864a2e,0.2740519941,if6_consensus_when_public_stable_and_legacy_neutral
g6_LC:0001645:d2026b2a64f4,d2026b2a64f4d2f8b6f5ebdf817c73da1b515301f61a4c57c25b9b772511edf7,0.1394270509,if6_consensus_when_public_stable_and_legacy_neutral
g6_LC:0001646:dd7dc7c773c6,dd7dc7c773c61643d7a9f9612042dcc569cf002f5524ccba51987bf13fe351a0,0.2160953879,if6_consensus_when_public_stable_and_legacy_neutral
g6_LC:0001647:4466640b8b80,4466640b8b80a277bc981d2b711fab7c37427ce3aff29e8da9e21771ace7e905,0.1260142326,if6_consensus_when_public_stable_and_legacy_neutral
g6_LC:0001648:7d1945e15272,7d1945e15272ad2b492fca28b4b64f26a6f31568d837e29e1fa4ec9266060594,0.4782248735,if6_consensus_when_public_stable_and_legacy_neutral
g6_LC:0001649:eaecf98c2242,eaecf98c22428a82e6f5b931e16e2a02b4f6dd0c6cd1b13752a3116ae97ca6b5,0.3780427277,if6_consensus_when_public_stable_and_legacy_neutral
g6_LC:0001650:1d17260404b9,1d17260404b9a9f2242fa2c07966dc673858ab32bf68e25e53d844572b0bce36,0.3299387395,if6_consensus_when_public_stable_and_legacy_neutral
g6_LC:0001651:00a596ff9cd6,00a596ff9cd68d68ed46c88a67b10e37b7834ba6877c42b5e5beaaab36309010,0.2099685222,if6_consensus_when_public_stable_and_legacy_neutral
g6_LC:0001652:cd371e0d5e67,cd371e0d5e6729a23c06259ee31e6b70e05879e367efbbb4d659f0b68f62596f,0.2266931534,if6_consensus_when_public_stable_and_legacy_neutral
g6_LC:0001653:a01d71cfc00b,a01d71cfc00b82e7cce9514fb50f8ed79387a5acc2952c187bedff1ea7061539,0.8322570324,if6_consensus_when_public_stable_and_legacy_neutral
g6_LC:0001654:6bf62fe6424d,6bf62fe6424d281d7fce30979cf5b5566b44ae729c3ad0ecc8ac89e26115da98,0.591157496,if6_consensus_when_public_stable_and_legacy_neutral
g6_LC:0001655:61ca833e4a39,61ca833e4a39e0fc4dccae9b7d9e80735ec9d0f8197c63293da38d234d8d57fc,0.5305514336,if6_consensus_when_public_stable_and_legacy_neutral
g6_LC:0001656:4b47e7158eee,4b47e7158eee83452e3e38491f2f424232fc79bd4a764ea70ee541f0c942c173,0.7491306663,if6_consensus_when_public_stable_and_legacy_neutral
g6_LC:0001657:c5fc3ca35460,c5fc3ca354606f88cb8f035a03348e912c886b6917ba27231381245b60a42a26,0.8719987273,if6_consensus_when_public_stable_and_legacy_neutral
g6_LC:0001658:b080e9cdf82e,b080e9cdf82e7a2b6625e66f5f0edac33bcbaf5319787016849132ea989c7052,0.7135286927,if6_consensus_when_public_stable_and_legacy_neutral
g6_LC:0001659:d93018b98fc1,d93018b98fc1ec8a52766c2ee312b2087058d6588b101566796f6b3b9fc9e526,0.9508196712,if6_consensus_when_public_stable_and_legacy_neutral
g6_LC:0001660:ecc7dc38288e,ecc7dc38288e6ffc7cf3f52b9f2d985eac1cc145fc34e06e6df10f9c1caf0ef6,0.7246232629,if6_consensus_when_public_stable_and_legacy_neutral
g6_LC:0001661:5dfedd57f073,5dfedd57f0731a80c8a2e06d5ccab1614206ab247fba8aa08527c9e0bd13035d,0.7941711545,if6_consensus_when_public_stable_and_legacy_neutral
g6_LC:0001662:698b41ce63fa,698b41ce63fabfaabac5078da793bead92a4209b50db55142a9b34b04a42d9a3,0.8719987273,if6_consensus_when_public_stable_and_legacy_neutral
g6_LC:0001663:58ff92c73480,58ff92c7348086292251d7b49a4feec9caf5803b9488113aff9e6ae53117d309,0.8557708263,if6_consensus_when_public_stable_and_legacy_neutral
g6_LC:0001664:caeec91782cb,caeec91782cb15de7e946ec4a4570c2c3616d819b3f7399ce06c40a06755f49b,0.7632058263,if6_consensus_when_public_stable_and_legacy_neutral
g6_LC:0001665:ca1e8490683c,ca1e8490683c707d1fef343c0a2e1c09edd4bcef31f52aa22bfafcb32da8b4a0,0.3366451263,if6_consensus_when_public_stable_and_legacy_neutral
g6_LC:0001666:f9ad0cc4e617,f9ad0cc4e6172c5974570c1693fdd1441eee7e422d18c2e95b33418759f83ca1,0.8768007755,if6_consensus_when_public_stable_and_legacy_neutral
g6_LC:0001667:c9d9977e424a,c9d9977e424ae863482646704f524ed093dfeee297b0d9d9ba67cbb9ab75c08f,0.8397085667,if6_consensus_when_public_stable_and_legacy_neutral
g6_LC:0001668:d7470b923850,d7470b9238503cad516a5c4bfebfee7b2ce4a513bf3841a6eff2d9518d3f4884,0.7772810459,if6_consensus_when_public_stable_and_legacy_neutral
g6_LC:0001669:191636c566bc,191636c566bcb028da647120cb0278a5cbc1f68aada86814f439beaf299b93ad,0.8087431788,if6_consensus_when_public_stable_and_legacy_neutral
g6_LC:0001670:1c97508fe1d9,1c97508fe1d93704380f173fa95ccca20c24e8e66b1e8a5ef9b83c372f1a68fa,0.6544129848,if6_consensus_when_public_stable_and_legacy_neutral
g6_LC:0001671:b34f3b183c46,b34f3b183c4687b9f4d369f2ee9de6012af708445a1c598c56991eb90a529a32,0.8191754222,if6_consensus_when_public_stable_and_legacy_neutral
g6_LC:0001672:4ed7e5b8b0c5,4ed7e5b8b0c5b209b5eb045816be98c75205f67b8391340d72806f314a6c11f2,0.5431362987,if6_consensus_when_public_stable_and_legacy_neutral
g6_LC:0001673:53c5b2c0ef8f,53c5b2c0ef8f4564a94d40679839b49524f1d06fe6a44a856bfcb3e32c85c888,0.3691836298,if6_consensus_when_public_stable_and_legacy_neutral
g6_LC:0001674:d1d8bafc6a45,d1d8bafc6a4550438815e89d6986afe76d5008265fa2ff2d36f87cfd33587a6c,0.2578241527,if6_consensus_when_public_stable_and_legacy_neutral
g6_LC:0001675:205cae8e9ea0,205cae8e9ea0364bff085b17e9256b822829cbed59fce008e3cf6e37b75d74ef,0.7464811802,if6_consensus_when_public_stable_and_legacy_neutral
g6_LC:0001676:72a1a00a47d7,72a1a00a47d759db8ae58129064888a9fe22beb8d93d547ab1687d0ea494664a,0.4282165766,if6_consensus_when_public_stable_and_legacy_neutral
g6_LC:0001677:4589806ced93,4589806ced93af6e2f1b55ab802f6e0a03847e0b66561e4699ac570efd931335,0.4282165766,if6_consensus_when_public_stable_and_legacy_neutral
g6_LC:0001678:ca30b443d6f0,ca30b443d6f07bfb2c9b1ab09d5b6019bb7ead850e9bac003a7f7fdfc63d3d3c,0.6660043001,if6_consensus_when_public_stable_and_legacy_neutral
g6_LC:0001679:18e105553db0,18e105553db0b32fb1c1a6890ab35b371aa71021b09ab7bf4bd16e785f7301d0,0.7789369226,if6_consensus_when_public_stable_and_legacy_neutral
g6_LC:0001680:3c5a9c542cac,3c5a9c542cac875a68f0d0505c1a76bd917c611a14e8c60f31eba54c8518a364,0.5820500255,if6_consensus_when_public_stable_and_legacy_neutral
g6_LC:0001681:acd366704e0a,acd366704e0a744c3457d06666868ae6057ce3139e563bd4799360a489342b05,0.723464191,if6_consensus_when_public_stable_and_legacy_neutral
g6_LC:0001682:1cfa6f3cf4ca,1cfa6f3cf4ca4847b15987632ad4b2b083c2f7e6b0eb1ec442420154c12bafdd,0.6717999578,if6_consensus_when_public_stable_and_legacy_neutral
g6_LC:0001683:95145def7a6e,95145def7a6ef67ff79cca5f6cc2b36c3b87b81770545893c70a45f3760f8e51,0.4807087183,if6_consensus_when_public_stable_and_legacy_neutral
g6_LC:0001684:2fd9046ac417,2fd9046ac417d7e09abf99eaa0d177a629f7e314754b5f514301e0a15f6f859e,0.1737042665,if6_consensus_when_public_stable_and_legacy_neutral
g6_LC:0001685:365e14c05973,365e14c05973c2341aeac95ffe7a93666d28f591d9d3d8d0e6b446415c78b7c8,0.6077165008,if6_consensus_when_public_stable_and_legacy_neutral
g6_LC:0001686:76b7316f5637,76b7316f563714f217902c6405919ac1450929d212d3f3c891243aa75dda3b95,0.5774134994,if6_consensus_when_public_stable_and_legacy_neutral
g6_LC:0001687:3753fb782639,3753fb7826399269f4ddd06171375f93b3cfc3d38ba5895fc0f4ce79df8f8228,0.7617154717,if6_consensus_when_public_stable_and_legacy_neutral
g6_LC:0001688:19b9169f0575,19b9169f0575beedeada84eb7055e10e60cd5bd3667fce1d869f7fe36e8f36a9,0.8248054385,if6_consensus_when_public_stable_and_legacy_neutral
g6_LC:0001689:4b77ace2c827,4b77ace2c82742eec8edd3d893f009ca84cddadb55a180d765d907ce424259b4,0.3305183053,if6_consensus_when_public_stable_and_legacy_neutral
g6_LC:0001690:0eb6d1e81ff1,0eb6d1e81ff12fba5392eff12804af204cf8850234cc73de2e96077a00d4332c,0.4035436213,if6_consensus_when_public_stable_and_legacy_neutral
g6_LC:0001691:0b8ceaa4e3be,0b8ceaa4e3be9a386bfd6b213e24969e89d30686a1b138b85a7ec8e1c3db2bbc,0.9321079254,if6_consensus_when_public_stable_and_legacy_neutral
g6_LC:0001692:8c93b82e261d,8c93b82e261d3607732d19cc9df09ca73b1d020cbf83e8c25803c1e9cb4d2ca9,0.6287465096,if6_consensus_when_public_stable_and_legacy_neutral
g6_LC:0001693:2383a7dae92f,2383a7dae92f16476b87e05d6b686a6225baf11dd07b5cdcd73e7acd063a5403,0.7694982886,if6_consensus_when_public_stable_and_legacy_neutral
g6_LC:0001694:5eb0b7ecca42,5eb0b7ecca428d680f8ce1397d886fd1384bbdbfcf317c45883304bb442fc786,0.5837059021,if6_consensus_when_public_stable_and_legacy_neutral
g6_LC:0001695:bff00357b648,bff00357b6489606b461b048539a49803d7798fcf92831acd423432e94ee29e4,0.8060936928,if6_consensus_when_public_stable_and_legacy_neutral
g6_LC:0001696:5f53dec2325e,5f53dec2325ec2d5621b99b6f6f1cf79508a9cc3926a2f67c8893f24d6b84881,0.685212791,if6_consensus_when_public_stable_and_legacy_neutral
g6_LC:0001697:b4789e992520,b4789e992520cc51000c7b26b1d25476cf10ca0387a54f0704ad8ae02b14e49f,0.7618811131,if6_consensus_when_public_stable_and_legacy_neutral
g6_LC:0001698:a18eaa35d4c0,a18eaa35d4c031c8262a6d7bddffd49e16b602f976492d2a769637a0522cac6b,0.5762543678,if6_consensus_when_public_stable_and_legacy_neutral
g6_LC:0001699:43c9b64bcd61,43c9b64bcd619650b1986ba811a73f7e976f6149ab7d207a305aa2cef0b27de2,0.5141579509,if6_consensus_when_public_stable_and_legacy_neutral
g6_LC:0001700:84e6ffbd5885,84e6ffbd5885f59d88fb74efa53b507034bddf2a0b2d017bd9db8c9aebc30e29,0.7940056324,if6_consensus_when_public_stable_and_legacy_neutral
g6_LC:0001701:6071cd79fe22,6071cd79fe22b2e75271900d5d139267c018e5fb46b003a539f9a1f1242b2a15,0.7943367958,if6_consensus_when_public_stable_and_legacy_neutral
g6_LC:0001702:f54d640e8089,f54d640e8089ae467a55fe6155fc9ee26f459f5918860ce1460592fcac718f9f,0.9120715261,if6_consensus_when_public_stable_and_legacy_neutral
g6_LC:0001703:6998f923e2a5,6998f923e2a5aa5d40d12766e3117b9c4ae4aebe9cb5cf974a66cc2232915c64,0.4101672471,if6_consensus_when_public_stable_and_legacy_neutral
g6_LC:0001704:4aee177ec706,4aee177ec706ae133c80daee149d07977ecd85ac61ba63a0f0964a60d6fc1a4f,0.7585693002,if6_consensus_when_public_stable_and_legacy_neutral
g6_LC:0001705:d0e80e3a88d9,d0e80e3a88d996bc7adafdfedd41944a2accc9c427213d582d5d9bf4e06c74df,0.6982944012,if6_consensus_when_public_stable_and_legacy_neutral
g6_LC:0001706:d192925f8764,d192925f8764964605b075022da8443f11f57914078d938aa4ce873df5114db0,0.8450074792,if6_consensus_when_public_stable_and_legacy_neutral
g6_LC:0001707:6eff7edaad01,6eff7edaad012fa64ffb1466b5c8dc51f1400866bd468ade7bf98f9879367276,0.6365292072,if6_consensus_when_public_stable_and_legacy_neutral
g6_LC:0001708:ec27ab52546b,ec27ab52546b27440ef02ce1200db1d710a0321e14e244f9c8068676a25e5662,0.6224540472,if6_consensus_when_public_stable_and_legacy_neutral
g6_LC:0001709:5f48b89242a2,5f48b89242a2ee6f7e540e8f9abf5e9a816aa2e8f2b40666a6f7d2f7c407e673,0.6966385245,if6_consensus_when_public_stable_and_legacy_neutral
g6_LC:0001710:9dcf646fb691,9dcf646fb6913a80819c4b8a228b433aafc9d211fd74e187db34c8db83625250,0.879781425,if6_consensus_when_public_stable_and_legacy_neutral
g6_LC:0001711:17a01a8e8c71,17a01a8e8c7136983adf3be0879d314f124037f7a2b0f20a29eba81ee61cbefd,0.6416625381,if6_consensus_when_public_stable_and_legacy_neutral
g6_LC:0001712:af28629dfd41,af28629dfd41f8b885f7ec7746c80364140e0465bc6d293391da370f9229bbbc,0.7660208344,if6_consensus_when_public_stable_and_legacy_neutral
g6_LC:0001713:a492057cf2dd,a492057cf2dd1ac01abdb3fd1ad35b398a0d98e678fe64078919ea92546229a0,0.7383672595,if6_consensus_when_public_stable_and_legacy_neutral
g6_LC:0001714:90218c892f39,90218c892f39151c7475768920e1e97cbedfaefc48ca947d578cb9fd15120f5b,0.9425401688,if6_consensus_when_public_stable_and_legacy_neutral
g6_LC:0001715:50aef2ba9ec9,50aef2ba9ec9bbd873a6c32136b09b7346ddfe3d785832904b91269492cd96be,0.6501076221,if6_consensus_when_public_stable_and_legacy_neutral
g6_LC:0001716:4841dbe9741c,4841dbe9741ca02248ace0d9abcfc1b35cc6c2686f4792f4973e571cb2890aa6,0.9014737606,if6_consensus_when_public_stable_and_legacy_neutral
g6_LC:0001717:f2633bd8e86a,f2633bd8e86a3a0603d3150b06462ac8692b3e7a5b46a75d637ecb05881ef3d2,0.639013052,if6_consensus_when_public_stable_and_legacy_neutral
g6_LC:0001718:891e5922b6a8,891e5922b6a8b04de5783be0f173fcd62e8e29d68b59f64915c4923c2afcf210,0.7635369897,if6_consensus_when_public_stable_and_legacy_neutral
g6_LC:0001719:2566a6528d7d,2566a6528d7d197eedaa965adcc49df5122323b2455b5c0154b94d4b263f2916,0.7517800927,if6_consensus_when_public_stable_and_legacy_neutral
g6_LC:0001720:d987129d02ca,d987129d02ca38477ec94123407548dd13bdb5c2358364d6f3781c7124337ec6,0.7191588283,if6_consensus_when_public_stable_and_legacy_neutral
g6_LC:0001721:5fe29dd512f1,5fe29dd512f104613c5eacf035fe9712e826d30abe3c3c04896187fa9c1c7cca,0.8463321328,if6_consensus_when_public_stable_and_legacy_neutral
g6_LC:0001722:1495a8ec4a70,1495a8ec4a7014e123eb726342bb9d78a95a57f15e4675fd881d465f856a467f,0.4757410288,if6_consensus_when_public_stable_and_legacy_neutral
g6_LC:0001723:e9ff131d7949,e9ff131d7949bbe12748c72beea94e81102926769d3656d822e0bdb90366a40a,0.781586349,if6_consensus_when_public_stable_and_legacy_neutral
g6_LC:0001724:b187436633e6,b187436633e63c41a3dde1215efb1fe68d3e7d39c9ca997b74a77322cc5ac6c8,0.7940056324,if6_consensus_when_public_stable_and_legacy_neutral
g6_LC:0001725:368a1b65e9d6,368a1b65e9d64177cc277f0cf476707100861283754d337201369ec447518ca5,0.9099188447,if6_consensus_when_public_stable_and_legacy_neutral
g6_LC:0001726:dc0e0dccb9c9,dc0e0dccb9c9be6aa2621388b00e5d34309750a2a9637eadddf4d4a3b4e415b8,0.7976486087,if6_consensus_when_public_stable_and_legacy_neutral
g6_LC:0001727:8b081f27bd9a,8b081f27bd9aeea94818d8367df1d4fa55ee9922b6c0a57baebd3548daf09ff4,0.7021029592,if6_consensus_when_public_stable_and_legacy_neutral
g6_LC:0001728:fcb4a18f6b44,fcb4a18f6b44d09a12a34624867bd8acc4e4f09688df396ea257392f3a81bfbe,0.8991554379,if6_consensus_when_public_stable_and_legacy_neutral
g6_LC:0001729:3f93ba3d458e,3f93ba3d458ee072da2ebacf0e8231e871afd468af93ed80b4199668407e475a,0.893856585,if6_consensus_when_public_stable_and_legacy_neutral
g6_LC:0001730:99a78af11352,99a78af113521367a971d069a44569dbc10bee22c3d240b93523c81825df8f4c,0.6780924201,if6_consensus_when_public_stable_and_legacy_neutral
g6_LC:0001731:0b3d15000480,0b3d150004803ea78b4aa514fdde1f3e2d741b71077d88407bd8308184c00c07,0.7906938195,if6_consensus_when_public_stable_and_legacy_neutral
g6_LC:0001732:c8c775aca852,c8c775aca85248602e7fb1b3299e583c3cdd013011a1f6874fd52b97eca37e95,0.8324225545,if6_consensus_when_public_stable_and_legacy_neutral
g6_LC:0001733:45b60d3d4f9f,45b60d3d4f9f53c6fb7b17809b3e450e77de12660fd2a8250ff4b41ea2a958b4,0.8908759952,if6_consensus_when_public_stable_and_legacy_neutral
g6_LC:0001734:da461c8c1d56,da461c8c1d562c9fa12e373738ad9cd3763cb5bb388fb2fa9b7b6af1910225d8,0.7673456073,if6_consensus_when_public_stable_and_legacy_neutral
g6_LC:0001735:2fa55aa6fea6,2fa55aa6fea6c2f948a38783431cfe588b4a153c9f06715b35c9eb212c8cb1d3,0.9105812907,if6_consensus_when_public_stable_and_legacy_neutral
g6_LC:0001736:ff23ebdaec2b,ff23ebdaec2b683379b3c274b666f6c4ad62d53db8b556f447d0db045d0ee8ad,0.9857591987,if6_consensus_when_public_stable_and_legacy_neutral
g6_LC:0001737:f1db3657c732,f1db3657c73225feff15e4520c1d25f7c8b18be37ac297378ce9f6ad1b4c6b05,0.9678754807,if6_consensus_when_public_stable_and_legacy_neutral
g6_LC:0001738:75d4d343b219,75d4d343b219b445010a8c4e756671bf03bcee1eb48a7c22c7766f16dae1b3f7,0.950322926,if6_consensus_when_public_stable_and_legacy_neutral
g6_LC:0001739:1bbf9f68d723,1bbf9f68d7233725d2bd8a751c4a883972ae774c276f31d6c1630db1458588ae,0.8426892161,if6_consensus_when_public_stable_and_legacy_neutral
g6_LC:0001740:e166ce2c0373,e166ce2c03734289395feaed769d5aaf722d5f7d7dbdb247c521195bcf48b662,0.918032825,if6_consensus_when_public_stable_and_legacy_neutral
g6_LC:0001741:af379a822568,af379a822568e92560f230d20d107f924e5e833313a54f3fd39e5387eb0d51f4,0.8135452867,if6_consensus_when_public_stable_and_legacy_neutral
g6_LC:0001742:83ba0ea327ac,83ba0ea327ac9862eb269c20d2abf2afa1252f0559a23e1fb00a2f9d64c87102,0.9119059443,if6_consensus_when_public_stable_and_legacy_neutral
g6_LC:0001743:2f7cb08110c2,2f7cb08110c2fa568f05bbe85c60ea924ab5a05eb6cfb64cf823ed270a102d77,0.9715185165,if6_consensus_when_public_stable_and_legacy_neutral
g6_LC:0001744:096abb6daaf0,096abb6daaf0e84e91ff479f60ca0101c751d3230a7deebf7c2b3656cd6250bb,0.9143897891,if6_consensus_when_public_stable_and_legacy_neutral
g6_LC:0001745:b32ffadfe53d,b32ffadfe53db62afda4eae5dce7c2d1bbddba8a4b1fe5a83bcf89d3648ac964,0.9839377403,if6_consensus_when_public_stable_and_legacy_neutral
g6_LC:0001746:2130ad6f9403,2130ad6f940399b0276c5017bb0d10241750564634eb269cd5ce7e3cc68d4965,0.8324225545,if6_consensus_when_public_stable_and_legacy_neutral
g6_LC:0001747:c13fe8373c35,c13fe8373c35bd85da937f4ae546a6c2fe6b99ff78af8731376e264a3bdf2661,0.9066069722,if6_consensus_when_public_stable_and_legacy_neutral
g6_LC:0001748:602d40a3c1b9,602d40a3c1b9647ddfce97a32537ad30dc6b1ac9e8ce50ee25f461935e18252b,0.9567809105,if6_consensus_when_public_stable_and_legacy_neutral
g6_LC:0001749:15787d3c69a0,15787d3c69a02f8873745f018206d120c324a86707e5dbe07a79ddb2c76a5a26,0.5757575631,if6_consensus_when_public_stable_and_legacy_neutral
g6_LC:0001750:7ac212d2b3f7,7ac212d2b3f70af552f13dd937221e26a0a1447a4a475076f34c3afbbc6e9a72,0.7800960541,if6_consensus_when_public_stable_and_legacy_neutral
g6_LC:0001751:c1381a8cffa0,c1381a8cffa0a9b6fb8e1a3921950ea81530b6a30a6a970cea9b51da1e69b0a5,0.823646307,if6_consensus_when_public_stable_and_legacy_neutral
g6_LC:0001752:00e513c32e96,00e513c32e96244ff36f768cf13b74bd4b75729c75575f5bced803f9776d8a72,0.749958694,if6_consensus_when_public_stable_and_legacy_neutral
g6_LC:0001753:6abe6fdb22c8,6abe6fdb22c83ce1cdd4d26db4f77774a10654478b715385ae3ace4d1fc00bac,0.7065739632,if6_consensus_when_public_stable_and_legacy_neutral
g6_LC:0001754:01b5b135b7a4,01b5b135b7a49ec578dc1e589c04ac5ab09618935a516989e82aa2f9e00eb999,0.6804106236,if6_consensus_when_public_stable_and_legacy_neutral
g6_LC:0001755:709aceca45c8,709aceca45c87caa14af412bf3f9dcff1fbbe3452a47cca6f71a7223a3698172,0.931776762,if6_consensus_when_public_stable_and_legacy_neutral
g6_LC:0001756:9cd2c05e6baf,9cd2c05e6baf2fe6a3870c5c7035cca88ebaab1ff7f44a9d3edef4de617a6d54,0.8219904304,if6_consensus_when_public_stable_and_legacy_neutral
g6_LC:0001757:e8aeb049d15b,e8aeb049d15bdf513b73a2de2a3419ee886c71dc4ed61d439f42786ec9485080,0.9269747138,if6_consensus_when_public_stable_and_legacy_neutral
g6_LC:0001758:eefe9c1d3a88,eefe9c1d3a8829037b46c5566756aba2ed3e987810e025ffa2254dd3695bb6f3,0.8181818128,if6_consensus_when_public_stable_and_legacy_neutral
g6_LC:0001759:2496a786106d,2496a786106d70d7b18af4deb5187728d439ed43bd85cd08f2474b4cba68a36d,0.8807749748,if6_consensus_when_public_stable_and_legacy_neutral
g6_LC:0001760:f17978d7e708,f17978d7e708208a69945db24629dc78e70171e3969a75ab9437a7f439ce7a3f,0.9705249667,if6_consensus_when_public_stable_and_legacy_neutral
g6_LC:0001761:c70e4fe6d1ee,c70e4fe6d1ee10ffe6050967ef92187c18c1c8e7326bf873b60632cdac6a04e1,0.8643815517,if6_consensus_when_public_stable_and_legacy_neutral
g6_LC:0001762:6c7d12658f76,6c7d12658f7649d97c6544a49eeefbfd55c622627c9a9c4ec91d9b7fb9ff23ce,0.8796158433,if6_consensus_when_public_stable_and_legacy_neutral
g6_LC:0001763:a0fd06ab33d2,a0fd06ab33d2eee948154bb5266b4ea9c2bc8f098f0d420add26aef317cfef33,0.9354197979,if6_consensus_when_public_stable_and_legacy_neutral
g6_LC:0001764:ac9316e961ab,ac9316e961ab96afd48c482bea9c736938e1ecad05501d4015a75c2275df629f,0.9395595193,if6_consensus_when_public_stable_and_legacy_neutral
g6_LC:0001765:f9a7da5456f7,f9a7da5456f73a5ed8122d74c872fd138f3e26cb744a153a6caa7520fca9521e,0.6522603035,if6_consensus_when_public_stable_and_legacy_neutral
g6_LC:0001766:29747956cf9c,29747956cf9c994d44c4e25ab798d587897efaa4763362cd28b806000bf82d91,0.7915217876,if6_consensus_when_public_stable_and_legacy_neutral
g6_LC:0001767:973d8b8abfd3,973d8b8abfd3e09c625d0b7916437a57f37ab6f2f03c3bb3422ee048a645b62a,0.5206159949,if6_consensus_when_public_stable_and_legacy_neutral
g6_LC:0001768:d732c93d3adb,d732c93d3adb143261346b87a3418c7b427daf9eb067f8913c1839e7b0606f24,0.2720648944,if6_consensus_when_public_stable_and_legacy_neutral
g6_LC:0001769:cce13aaca14a,cce13aaca14a7256665cd247ebe8bdea846e802fe7e40cd906dc206f23e7c68c,0.3422752321,if6_consensus_when_public_stable_and_legacy_neutral
g6_LC:0001770:5ca4c5efba62,5ca4c5efba62347c6ac137c66cb5ff89c2c19571556f14c9e22ffcf6bdb549fe,0.3626428545,if6_consensus_when_public_stable_and_legacy_neutral
g6_LC:0001771:a9894fbe2b9f,a9894fbe2b9f008959f0a7ec349701e18f5444932f27d5c02eff9c56421ddb27,0.4831925929,if6_consensus_when_public_stable_and_legacy_neutral
g6_LC:0001772:03a2b980b34e,03a2b980b34e6f23d35fa21dfd45691c015a957eb8aec143e114a21c22bc25c8,0.355853647,if6_consensus_when_public_stable_and_legacy_neutral
g6_LC:0001773:0c93114d66cb,0c93114d66cb5f6f43f319a90e52e1d6882ec8d7f66e4f510c7fbdfd626c3a30,0.3947673738,if6_consensus_when_public_stable_and_legacy_neutral
g6_LC:0001774:f81a1ab5fef0,f81a1ab5fef09a814f433778317a1f641630596c93b21aec38f878d83dd96e71,0.4759066105,if6_consensus_when_public_stable_and_legacy_neutral
g6_LC:0001775:5bffa29e088d,5bffa29e088d28c4d716f9ab351cfee01a9abb440e9ea7a9b980f91bf495c315,0.3233979046,if6_consensus_when_public_stable_and_legacy_neutral
g6_LC:0001776:1c405d81e851,1c405d81e8516ffb0b66a4f54541a2fcc4b21a1c1f6e437f8c4f835524c2e709,0.5843682885,if6_consensus_when_public_stable_and_legacy_neutral
g6_LC:0001777:1e575518f31f,1e575518f31faa23eded1a2f25a9aeaf353b66fb26d96fa4fd8b81e363fcd075,0.3990726769,if6_consensus_when_public_stable_and_legacy_neutral
g6_LC:0001778:a41f6b9227fa,a41f6b9227fa15d6cc2c1693f4cf7c703e5b115bfdf238f21ad32df70fafb6eb,0.385825485,if6_consensus_when_public_stable_and_legacy_neutral
g6_LC:0001779:65408b08fce1,65408b08fce15619145a01d034a7ea3d6813734d540066a1aaa36eb98ea2e0b4,0.4285477698,if6_consensus_when_public_stable_and_legacy_neutral
g6_LC:0001780:f3bd6ae04ea8,f3bd6ae04ea8424c593f0c19265a8bd63c3b7f107269cf88273a2c3ed659f651,0.4803775549,if6_consensus_when_public_stable_and_legacy_neutral
g6_LC:0001781:94e521e808f4,94e521e808f4c1877598fa35790ff5d6a016c096a3ec098162a0a37a22d5227b,0.4967710078,if6_consensus_when_public_stable_and_legacy_neutral
g6_LC:0001782:fd34fd2ff8c3,fd34fd2ff8c38efe76ac549e841ff5dae1c740bcc19bb46b7555201c4c6d52d7,0.5138267875,if6_consensus_when_public_stable_and_legacy_neutral
g6_LC:0001783:d3d5cdff9c31,d3d5cdff9c3101e03ccd0f5a4d114d15460b863da5389d983e3209ed0523ca79,0.4972677529,if6_consensus_when_public_stable_and_legacy_neutral
g6_LC:0001784:d32775ab1380,d32775ab1380303718d9ea288eee7ebaf73025af5143754009b153f75efcb6c2,0.4194402993,if6_consensus_when_public_stable_and_legacy_neutral
g6_LC:0001785:1326f809e0b8,1326f809e0b8a1265d3314f5b2634cfbfe8f834a87fa1bedf64623a0c6eecdb1,0.4603411257,if6_consensus_when_public_stable_and_legacy_neutral
g6_LC:0001786:4f77a1b4fd86,4f77a1b4fd8602f5e5e1815efc4c6e12d13087b95329e464cbb5bfa7bc983836,0.9243252277,if6_consensus_when_public_stable_and_legacy_neutral
g6_LC:0001787:980d54d093c5,980d54d093c572e12ed25c9278232fc1fa0d821d4eea4e94c06368c73afe8674,0.6665010452,if6_consensus_when_public_stable_and_legacy_neutral
g6_LC:0001788:dd19feb45d34,dd19feb45d34825f166fae79c46525e9fb734545900342ecb48b3e36cd095812,0.643152833,if6_consensus_when_public_stable_and_legacy_neutral
g6_LC:0001789:5d449adc777c,5d449adc777cfce45bf6841366f5d3dbbcc134e660310eeb1040c75a35dc3b9e,0.6063918471,if6_consensus_when_public_stable_and_legacy_neutral
g6_LC:0001790:4a4b216f215c,4a4b216f215ca72a89242a0c6252ebfc15738f953a1ce16ddecd4df8276b200f,0.8349063993,if6_consensus_when_public_stable_and_legacy_neutral
g6_LC:0001791:be101c90abaa,be101c90abaa27df49dfee9d5bb3b22bc3821514bfc0cd0ecac0af7dc5f6d539,0.749296248,if6_consensus_when_public_stable_and_legacy_neutral
g6_LC:0001792:b8c68848ab9d,b8c68848ab9da7864860adf7100d9f7358c897dcc2d46c2b4df516d35b10adf2,0.6956450343,if6_consensus_when_public_stable_and_legacy_neutral
g6_LC:0001793:5216a46ff2f9,5216a46ff2f92f8d9fa939e0316221ca604c3d1d9f894750ec593f1e5f0ffee0,0.6906773448,if6_consensus_when_public_stable_and_legacy_neutral
g6_LC:0001794:3c0b020642e5,3c0b020642e5192387fc72f7fd351f46b36b3aa95e484e812d84b9f328af1e83,0.5341944098,if6_consensus_when_public_stable_and_legacy_neutral
g6_LC:0001795:a0a8a4556365,a0a8a4556365f8a22faecf4be26f161f298491c2c81b26416c4ef78e3f919f6d,0.7032620907,if6_consensus_when_public_stable_and_legacy_neutral
g6_LC:0001796:71da9a0f4436,71da9a0f4436f0ff2f77564ea3596dedb542cdd18883cda130f91fd326c498fd,0.6840536594,if6_consensus_when_public_stable_and_legacy_neutral
g6_LC:0001797:e570a93a9325,e570a93a9325e5cdd38632b04dc25ef9f2b35e07e31f1237fc9a553d3b45e15c,0.7526080608,if6_consensus_when_public_stable_and_legacy_neutral
g6_LC:0001798:e2e9ffb7a732,e2e9ffb7a73239f36bba6a965f2ac5e4103335eeae39735358764888bf600d18,0.6640172005,if6_consensus_when_public_stable_and_legacy_neutral
g6_LC:0001799:7e6177a81184,7e6177a81184ee2923e979bb9e179acb6ee4fc8f1ccefda6a8f10f7da907a818,0.6928299069,if6_consensus_when_public_stable_and_legacy_neutral
g6_LC:0001800:6f34def6bec8,6f34def6bec835ef16f61f1c35cb5f4e980bf6bd8ffa1163f16d13931bb3259d,0.9076005816,if6_consensus_when_public_stable_and_legacy_neutral
g6_LC:0001801:a7b782616c8c,a7b782616c8cbb207fd74f1c1319d20214242279864835e965be003c0299292b,0.845669806,if6_consensus_when_public_stable_and_legacy_neutral
g6_LC:0001802:541948eb5fdf,541948eb5fdfbd65dbf9e2f98d202790b43ac16270a25744a5db16000217de13,0.7208147049,if6_consensus_when_public_stable_and_legacy_neutral
g6_LC:0001803:d3b761ed6aad,d3b761ed6aadf3c3b74070c497784d29da731c521492e924fe458c0e19178b30,0.815366745,if6_consensus_when_public_stable_and_legacy_neutral
g6_LC:0001804:c3eb7da82302,c3eb7da8230263539fd2e2803d27118409c93c0e6fea08501c27f0d6a561184a,0.8102334142,if6_consensus_when_public_stable_and_legacy_neutral
g6_LC:0001805:621859084826,6218590848268eebe8acae17a098ab96e3ab1a1530076349488ae4797f05bc0a,0.8572611809,if6_consensus_when_public_stable_and_legacy_neutral
g6_LC:0001806:0f4ee51b4e64,0f4ee51b4e649c55e5e930494d33d6f444cfd8a040f13e578b447dd00195fabe,0.753436029,if6_consensus_when_public_stable_and_legacy_neutral
g6_LC:0001807:94836f6e6e62,94836f6e6e625202ea6934c158ba174064f62472306c1b5d833d365cebe3cfeb,0.7484683394,if6_consensus_when_public_stable_and_legacy_neutral
g6_LC:0001808:bb2ef55d3540,bb2ef55d3540ab78e505f6a94d6e695e763eb4e40138bd4436ac49614876a198,0.8021195531,if6_consensus_when_public_stable_and_legacy_neutral
g6_LC:0001809:5e120f0fda4a,5e120f0fda4ad7d3a8f630664cf2a785d0242ca9ccd19d292ef9ffc919dcf0ae,0.8022851944,if6_consensus_when_public_stable_and_legacy_neutral
g6_LC:0001810:bdd732751df0,bdd732751df0ee854b6926c1f8ada3595d433d29c7418bbb4da09e634de20489,0.7464812398,if6_consensus_when_public_stable_and_legacy_neutral
g6_LC:0001811:fee79bac87ec,fee79bac87ec84ecbd8ac3551d4a7c99bee35dbdf27a5a1ee383e48e9adaebe6,0.7711541653,if6_consensus_when_public_stable_and_legacy_neutral
g6_LC:0001812:136fcd014549,136fcd014549270c3d44cc9214a2cc385c940d728b9abc1dfdee68b6fd792c5a,0.9744990468,if6_consensus_when_public_stable_and_legacy_neutral
g6_LC:0001813:c810e83b7f19,c810e83b7f190ee5cf2f92d177a8e1aa20f81c2a73333ad94f2a87e8a0fe1ded,0.8872330189,if6_consensus_when_public_stable_and_legacy_neutral
g6_LC:0001814:cd6af1f5de18,cd6af1f5de18aaef415feac7dd9e3565823cb439a2302b7b12220a5c5126d5c2,0.8570955396,if6_consensus_when_public_stable_and_legacy_neutral
g6_LC:0001815:8589cb17d890,8589cb17d890a97cf80cf3efd2a4804696ffd7489032811ecaa32943fd7f5344,0.8385494351,if6_consensus_when_public_stable_and_legacy_neutral
g6_LC:0001816:2f312ef0ca97,2f312ef0ca97794d67debdc82219008596598c3107c6122f0b3e41292cafc36a,0.8556880355,if6_consensus_when_public_stable_and_legacy_neutral
g6_LC:0001817:b11fd66772b5,b11fd66772b5d481679c5a517b99fd7e163e747ad40f4ca0809cb05a56b52cfd,0.6020864248,if6_consensus_when_public_stable_and_legacy_neutral
g6_LC:0001818:f413ca66c409,f413ca66c409a8cf4be3f01709ccf248af26f8abafd8e2e19a47696e661bd660,0.8514654636,if6_consensus_when_public_stable_and_legacy_neutral
g6_LC:0001819:ae588b00b1dd,ae588b00b1dded30f5ce1ea32a43f0289fda36c4c656401a8d1e9895b253aa80,0.9296240807,if6_consensus_when_public_stable_and_legacy_neutral
g6_LC:0001820:900021c296a9,900021c296a96522755f1bae67574551a2c8b405079b09ac04f751bea6b39866,0.8248054385,if6_consensus_when_public_stable_and_legacy_neutral
g6_LC:0001821:d34285083d1d,d34285083d1d6de0a5675fd70cb60cb7ae5d723929aa9d2840d595627a526275,0.9927139878,if6_consensus_when_public_stable_and_legacy_neutral
g6_LC:0001822:e1a232b92561,e1a232b925615c5e8ca2234b0b004dd8f06f2e38c1eb81d06982645add84a02f,0.6880278587,if6_consensus_when_public_stable_and_legacy_neutral
g6_LC:0001823:7485e165255d,7485e165255dd8d8732e01cb32e0a4be97ad7f60ecdba258725b5770695c834c,0.803609848,if6_consensus_when_public_stable_and_legacy_neutral
g6_LC:0001824:73ee9faad104,73ee9faad1045ba41df46e9f65144cc1374f932bcf3f6325bdc3b184eaff2966,0.2831594646,if6_consensus_when_public_stable_and_legacy_neutral
g6_LC:0001825:713ccb0038c3,713ccb0038c31242fd4692d0bf917eb2d10d0f11eaab6a3869d9cccd90a671e0,0.2788541019,if6_consensus_when_public_stable_and_legacy_neutral
g6_LC:0001826:0de05bfdaca1,0de05bfdaca16c144328086044d307e7051965d9862d6a485d6e1a97be6aaece,0.2199039459,if6_consensus_when_public_stable_and_legacy_neutral
g6_LC:0001827:8268cd80ff5f,8268cd80ff5f336da0fc9980498243b1ed367c04c84538e205f520e2a9f33fb9,0.1554893255,if6_consensus_when_public_stable_and_legacy_neutral
g6_LC:0001828:6fc1d1c657db,6fc1d1c657db9e619ba9660d0b8f0eafb24c8ff4e71fcc815dff19228d7f5818,0.1909256428,if6_consensus_when_public_stable_and_legacy_neutral
g6_LC:0001829:e47759973352,e477599733525c40133742c5230ccd0186625a32df9e5f0a9d7aec98b26ca00b,0.3811889589,if6_consensus_when_public_stable_and_legacy_neutral
g6_LC:0001830:e15640252cc6,e15640252cc60e6d6473427ad96bc60e416b7ac38bcd37da022009d6aaa9ec4b,0.2427554131,if6_consensus_when_public_stable_and_legacy_neutral
g6_LC:0001831:f7b041a61b9c,f7b041a61b9cfd747f4034aa1fd5c1072cb7c08d3b1aec17e86aedcac7dfec69,0.2000331134,if6_consensus_when_public_stable_and_legacy_neutral
g6_LC:0001832:7bc388fb5e39,7bc388fb5e392163e99b49a4ed9d6f2e66401ccfbb9a5b0e957347a5d9f08f1a,0.391952306,if6_consensus_when_public_stable_and_legacy_neutral
g6_LC:0001833:294ab1d07f0c,294ab1d07f0ca20b0f51fbd3962d40d81a98bbce40d773188c8026252c6251ed,0.330683887,if6_consensus_when_public_stable_and_legacy_neutral
g6_LC:0001834:d7ed06f25a22,d7ed06f25a22a7846db23c05cd4214a78d7e66e158abc228e741da3e8ea9fb68,0.4321907759,if6_consensus_when_public_stable_and_legacy_neutral
g6_LC:0001835:1533731c306e,1533731c306e19983d5eb977ff308560be577991ac319fda5164ee9043583014,0.1443947703,if6_consensus_when_public_stable_and_legacy_neutral
g6_LC:0001836:b1411cfc4a10,b1411cfc4a108ae39d2d290515796881b2aa4b95e6f77fd4ebd45f5165e046f1,0.2370425463,if6_consensus_when_public_stable_and_legacy_neutral
g6_LC:0001837:2a128b1e7c78,2a128b1e7c789094872822f5f5dc1aa03a0984f9bdef504093ae132d9a569e93,0.2568306029,if6_consensus_when_public_stable_and_legacy_neutral
g6_LC:0001838:8bcf4ed1216f,8bcf4ed1216f40dd8a416e2dac9bafd06a5c8bff82dc3918a608ad37f399bfaa,0.4075177908,if6_consensus_when_public_stable_and_legacy_neutral
g6_LC:0001839:c4ab26ad2f8c,c4ab26ad2f8c87086489906eff0864d3e39253e5422fa854f6d94279fea897da,0.3492300212,if6_consensus_when_public_stable_and_legacy_neutral
g6_LC:0001840:eb6e3cc74297,eb6e3cc742979c275c6ce320161fb0684583fe78938508208477fef456f245f3,0.2886239588,if6_consensus_when_public_stable_and_legacy_neutral
g6_LC:0001841:1bb8ed0af209,1bb8ed0af2096435a2df93ab3ba1bd579c8e8abd98cbae4df3cfcc7da6bec9b4,0.7431693673,if6_consensus_when_public_stable_and_legacy_neutral
g6_LC:0001842:ed4e710171ea,ed4e710171ea8b18815ec46ad628959f4616db8eee511b4518c097f90e2bdcfd,0.7244576812,if6_consensus_when_public_stable_and_legacy_neutral
g6_LC:0001843:d734bdbc0a22,d734bdbc0a227496acb4189229a4d6d7ccd6244b019e2b9e93be3186b8017aa1,0.5335320234,if6_consensus_when_public_stable_and_legacy_neutral
g6_LC:0001844:dc1a4e716d90,dc1a4e716d9064f4e1b8344dc91b7aa97f7a53bba12ee77ed69df328cb60bf24,0.5179665089,if6_consensus_when_public_stable_and_legacy_neutral
g6_LC:0001845:15e95156b291,15e95156b29156f402c1d0821e6bbc18c7b8ac02300a99179cce3bee632fb1a2,0.483689338,if6_consensus_when_public_stable_and_legacy_neutral
g6_LC:0001846:9260c48541c4,9260c48541c430867401611e5ec7c458607b999ae8cbbe64c1537c7a9d49a599,0.2530220449,if6_consensus_when_public_stable_and_legacy_neutral
g6_LC:0001847:e56d4c3bca8a,e56d4c3bca8af9e894b1d0a126d81ae42f7f712651fb87c41bd7840f26f04488,0.2813379765,if6_consensus_when_public_stable_and_legacy_neutral
g6_LC:0001848:5607f55f5f56,5607f55f5f5686391944a47d718a3c1cfea8d0c1a1df99800e6bc40e804f7425,0.2805100381,if6_consensus_when_public_stable_and_legacy_neutral
g6_LC:0001849:2cad54a4f2e8,2cad54a4f2e8b2fa4b3403c1eafe320d6a47c279dd11164c231f4af095531ff4,0.1687365621,if6_consensus_when_public_stable_and_legacy_neutral
g6_LC:0001850:d693629924bb,d693629924bb30407c32cfd2fb01c6e25747729163e3485b285baef8585ed995,0.1392614692,if6_consensus_when_public_stable_and_legacy_neutral
g6_LC:0001851:062c056f6917,062c056f69171160a1b56f4dea8a5f3d2439fb51384b524e9d21e7b582aa0a83,0.2119556218,if6_consensus_when_public_stable_and_legacy_neutral
g6_LC:0001852:4b8cd65da434,4b8cd65da434249d76ebfa4ae624aba1b52fc2ad9c53175e5622b5a1759432f0,0.2136115283,if6_consensus_when_public_stable_and_legacy_neutral
g6_LC:0001853:3e254a9c8fea,3e254a9c8feab4c007c419a88570919631606e2f3fe9950692ded9a08d2e9d9e,0.2831594646,if6_consensus_when_public_stable_and_legacy_neutral
g6_LC:0001854:896a93c26354,896a93c2635458b3ddce9a89f63efb52b606d75ae8fab0d678a37558a9748303,0.1518463343,if6_consensus_when_public_stable_and_legacy_neutral
g6_LC:0001855:ee2d6fcc2853,ee2d6fcc28537e0c3ed4baaeb7ae1aad396a580c9a1666b8807fbbedfa15039a,0.2434177846,if6_consensus_when_public_stable_and_legacy_neutral
g6_LC:0001856:f3ecdf63ba79,f3ecdf63ba7975b8ad0d33ad3fdc2f9ac779b812b58b8205cb013ae999c9ed71,0.1766849011,if6_consensus_when_public_stable_and_legacy_neutral
g6_LC:0001857:2f40f04685ea,2f40f04685ea893e2484fe6f71bed9398869cd460b8316bc8734bbe9ef99a630,0.7888723016,if6_consensus_when_public_stable_and_legacy_neutral
g6_LC:0001858:703e6d477e67,703e6d477e676b48288e0bfbd86fe4a1100fb48a5af16b4ca02340a96d609771,0.4904785454,if6_consensus_when_public_stable_and_legacy_neutral
g6_LC:0001859:c8249c7e09e4,c8249c7e09e4dea1f90bd554fe0418da1992f8c4add5cb90850c6b2a648d690f,0.2457360476,if6_consensus_when_public_stable_and_legacy_neutral
g6_LC:0001860:90f39f5c2312,90f39f5c2312439c42daabba38d1a889f91969f99a137c2574b0f1ff3d41e5e7,0.180493474,if6_consensus_when_public_stable_and_legacy_neutral
g6_LC:0001861:10634ca878a3,10634ca878a3d12a8192593495f21cb5b5253daa065a828bbee6213b1911be76,0.2338135391,if6_consensus_when_public_stable_and_legacy_neutral
g6_LC:0001862:43f70aa20f26,43f70aa20f26d6e45579dafb44afa58c9bb7d2e1e27b2e8b2044dc99157d1c77,0.7181652188,if6_consensus_when_public_stable_and_legacy_neutral
g6_LC:0001863:0a71ded5e276,0a71ded5e276f3515c7c529777467c3de816589e08405b066cfbb587c2603265,0.323729068,if6_consensus_when_public_stable_and_legacy_neutral
g6_LC:0001864:9c541cebcf8e,9c541cebcf8ee8230c72e1c9bc88d9e22019641ced639f18f8e265b1cc236e8e,0.6153336167,if6_consensus_when_public_stable_and_legacy_neutral
g6_LC:0001865:dc9e78ec07ec,dc9e78ec07ec1f8752a44eb91b3b1b61e5d9043a7177b8c3059e81f15d6cbec0,0.7827454209,if6_consensus_when_public_stable_and_legacy_neutral
g6_LC:0001866:0f4a3e740ab9,0f4a3e740ab9ceddb0931bac023723bb5276f4d86b5d755b1036f97a97d2a421,0.415797323,if6_consensus_when_public_stable_and_legacy_neutral
g6_LC:0001867:43d8df76488c,43d8df76488cef72b2059d65b29ccac519c6c44b6ab91f505e25827702167159,0.7784401774,if6_consensus_when_public_stable_and_legacy_neutral
g6_LC:0001868:52bdcd3c800b,52bdcd3c800baa465236a01e51d17baeb5ba870493af7a1ef5f3c522d902f307,0.5987746119,if6_consensus_when_public_stable_and_legacy_neutral
g6_LC:0001869:fbb815d41d0e,fbb815d41d0e172ac9cea80dbd769cada1fde7ffe478951d04e7c5330afc5940,0.4316939414,if6_consensus_when_public_stable_and_legacy_neutral
g6_LC:0001870:7a23deb5d1c3,7a23deb5d1c37634055dfc9cbfd0fa86737b3da80703d1b148d265408a18e4e8,0.5911574364,if6_consensus_when_public_stable_and_legacy_neutral
g6_LC:0001871:1979037153b3,1979037153b36f0e7c9f0f940562be65bae02c41c4a220d2fc210c742ead0e84,0.6150024533,if6_consensus_when_public_stable_and_legacy_neutral
g6_LC:0001872:0253f320046d,0253f320046d07cb26a4dbed9245477ceeaf8524b634ca287c7745a767813630,0.4676270783,if6_consensus_when_public_stable_and_legacy_neutral
g6_LC:0001873:bf2a88a450c0,bf2a88a450c0ca5a903c2a1fffac2fb7a4837ece3286dc5fc3b25a2edcb1b9bd,0.6560688615,if6_consensus_when_public_stable_and_legacy_neutral
g6_LC:0001874:95fff04a7ecc,95fff04a7ecc0c94752d65899c93e0e17cbb68e17171f480a115cced4d60c0f9,0.5903295279,if6_consensus_when_public_stable_and_legacy_neutral
g6_LC:0001875:0fdef4f13177,0fdef4f1317759634e5c4472976c81bd6bbdb4c3dbb5627f10760de5e0c9afe3,0.6009272933,if6_consensus_when_public_stable_and_legacy_neutral
g6_LC:0001876:394141d1f75c,394141d1f75cf6ebc0bd3f64469dba5abdd6c03a4971bf413027b77fc90775ee,0.7002814412,if6_consensus_when_public_stable_and_legacy_neutral
g6_LC:0001877:a10893d3d175,a10893d3d175c65387b742d70e0651dec42744e74c5f1456c9a010af865528ef,0.5744328499,if6_consensus_when_public_stable_and_legacy_neutral
g6_LC:0001878:192fcdcc7945,192fcdcc794502af20dff7aab35896dacadc2ba518a873a3b5a9b4cc2035bf09,0.482199043,if6_consensus_when_public_stable_and_legacy_neutral
g6_LC:0001879:0ed9549d4e60,0ed9549d4e601946a5c376ea439a8eba27f8e17a18a3c683078eeae7ddcd124c,0.3313462436,if6_consensus_when_public_stable_and_legacy_neutral
g6_LC:0001880:6065a1b9f373,6065a1b9f373658223888e80e6b36001d5caf8649914af8ca7003ba2c4b4e868,0.3634707928,if6_consensus_when_public_stable_and_legacy_neutral
g6_LC:0001881:8e6d8b2cd41b,8e6d8b2cd41b6d436e44149f75a08893eca8052a684a55f03331601f14155e43,0.21377711,if6_consensus_when_public_stable_and_legacy_neutral
g6_LC:0001882:c165177026ba,c165177026bac7dc3706b72df7331f495aeb2078d316f3b9033263c071bf1932,0.0514985919,if6_consensus_when_public_stable_and_legacy_neutral
g6_LC:0001883:c83d3142bc1e,c83d3142bc1e02141e5e93260ad31f6de9a9cee1af7119fe214b05d1ba9b7c62,0.1304023862,if6_consensus_when_public_stable_and_legacy_neutral
g6_LC:0001884:5519bd66ef0e,5519bd66ef0e1c3cf01f305a0dd94d39a54503537c6a9f62c8d50e526f70dc23,0.1135949716,if6_consensus_when_public_stable_and_legacy_neutral
g6_LC:0001885:a7a64e4143c7,a7a64e4143c732fe0ee2565d5ba01b6b97f4a8144c30f58522a2b95038969602,0.07285974175,if6_consensus_when_public_stable_and_legacy_neutral
g6_LC:0001886:a35b195cc902,a35b195cc9029186e9286db75128b8068820f51552a36b96596a72dd4e7661f1,0.08693492413,if6_consensus_when_public_stable_and_legacy_neutral
g6_LC:0001887:2f798c068603,2f798c068603ec4f38be5eb7915819c6e08057d9ade188fd6ab1707312ba4d98,0.02616327256,if6_consensus_when_public_stable_and_legacy_neutral
g6_LC:0001888:816994469f0c,816994469f0c49d38a6dbf31e2607bbb20539ada1851d0aae363515e6c0cf175,0.06706408411,if6_consensus_when_public_stable_and_legacy_neutral
g6_LC:0001889:b032f489878f,b032f489878fb303c8bee38f48063e43721b53ddbc3a9c1f8dd798ec53c3ef00,0.08163603395,if6_consensus_when_public_stable_and_legacy_neutral
g6_LC:0001890:cb20b95ff616,cb20b95ff61695ed66c3199621001783f4367943ff804d60e341997ce834b48c,0.04139758274,if6_consensus_when_public_stable_and_legacy_neutral
g6_LC:0001891:1ed772965f08,1ed772965f08d9cb819445c938b378d73f84573d47c3bd50cac5e4b0cfa6ceb6,0.1064745784,if6_consensus_when_public_stable_and_legacy_neutral
g6_LC:0001892:c706efc51e55,c706efc51e55c2e96d9a58f6570b5d0b9b7b969e36894732a23a4b18ddc87ab9,0.0707070753,if6_consensus_when_public_stable_and_legacy_neutral
g6_LC:0001893:a526df23d72c,a526df23d72c5b0c7b24a514047c50633786cd6a97e61f37c9250e46b7ad9123,0.08163603395,if6_consensus_when_public_stable_and_legacy_neutral
g6_LC:0001894:a0fa38da3721,a0fa38da37219ba46ff67ab73748c16773fad982a3676b6c1291dfd4e1de4aaf,0.1119390652,if6_consensus_when_public_stable_and_legacy_neutral
g6_LC:0001895:7ff99b3b5a71,7ff99b3b5a71674c0dc70735855bcae5e0b9ee7c8493d4a19638b7b0c804e16a,0.1636032462,if6_consensus_when_public_stable_and_legacy_neutral
g6_LC:0001896:8831ec50bc27,8831ec50bc27b61b4763d07a9cdb7913fc7cc42d09ea94fd11bf26b76d7814b7,0.07120383531,if6_consensus_when_public_stable_and_legacy_neutral
g6_LC:0001897:5bb6da1b16cf,5bb6da1b16cf00c2e97f5a2b57c8b16736bdcbd8de60cd60fbe8ff9e14e1353f,0.05762543157,if6_consensus_when_public_stable_and_legacy_neutral
g6_LC:0001898:74f4311aa023,74f4311aa023143b0cd43bd2455c9dd71e7ff9645c0a0d4a544e71210f64b1d9,0.07468124479,if6_consensus_when_public_stable_and_legacy_neutral
g6_LC:0001899:1159f6b66410,1159f6b66410a7e381839c35f63799167a99255c6faa25b79fa0975927e29639,0.08825963736,if6_consensus_when_public_stable_and_legacy_neutral
g6_LC:0001900:c6ad5a88bb03,c6ad5a88bb03f212415e23c7a5526f048027a61606b6a8e3fedda5b7f83e1f36,0.7009438872,if6_consensus_when_public_stable_and_legacy_neutral
g6_LC:0001901:e4f608dbb80a,e4f608dbb80afeba1fa5ea0bd52b73325523885c86219248c4a99b9c8692e03a,0.6573936343,if6_consensus_when_public_stable_and_legacy_neutral
g6_LC:0001902:899b6b16b158,899b6b16b15813a89d9a62248964c3f44307b56c9a6a0a5699f7c8d6560c85f7,0.1314787269,if6_consensus_when_public_stable_and_legacy_neutral
g6_LC:0001903:e77365ddda36,e77365ddda36a6e99a9de4ec143bb1f15b11d7171af47c92c2ff249cba14e1f7,0.09670475125,if6_consensus_when_public_stable_and_legacy_neutral
g6_LC:0001904:5921cce3a550,5921cce3a5507b4c05412758ed1187762e2e9ee553a95995b0b9dadc96b5a403,0.1852955818,if6_consensus_when_public_stable_and_legacy_neutral
g6_LC:0001905:c0aa5e44693a,c0aa5e44693afb3aaa5b94079ede7411a5932a2ea607eaea733f9a139b89770a,0.2208975106,if6_consensus_when_public_stable_and_legacy_neutral
g6_LC:0001906:91ce9407e925,91ce9407e925135072292bc578694cec1fc93191bfce012378400a4629d3d471,0.1414141506,if6_consensus_when_public_stable_and_legacy_neutral
g6_LC:0001907:a01c36f098c5,a01c36f098c56fcdb092aa817a6d0743e03eae79286ec66f3e91b81ba62fb92a,0.327868849,if6_consensus_when_public_stable_and_legacy_neutral
g6_LC:0001908:80cf1479cc8b,80cf1479cc8be90222411cda91ddb19883862baa367b687b163f32aebdd217a2,0.09090909362,if6_consensus_when_public_stable_and_legacy_neutral
g6_LC:0001909:c3fac10711ed,c3fac10711edc03b1abbf1b90b7ead2b8d51ee00b04180adcc8e64523866465f,0.1616161615,if6_consensus_when_public_stable_and_legacy_neutral
g6_LC:0001910:73e49abe2f82,73e49abe2f8281944df1d309be8257489da0d039720c21b7ae363d78e5b6ccfe,0.2786885202,if6_consensus_when_public_stable_and_legacy_neutral
g6_LC:0001911:5a460634e8e1,5a460634e8e1bef52b163cfb89b18e40fa11c133e4e7d79ad713b530702a8013,0.4952806532,if6_consensus_when_public_stable_and_legacy_neutral
g6_LC:0001912:273a43066702,273a43066702fd574da1d3412a283ba16dd12fcd2501368b6a4b0d2720116d0c,0.1794999242,if6_consensus_when_public_stable_and_legacy_neutral
g6_LC:0001913:b9c179f08639,b9c179f08639ed5c8c168b13edc01ac50daacd03721394ce24c93d4aaf70c712,0.1313131303,if6_consensus_when_public_stable_and_legacy_neutral
g6_LC:0001914:50015cb900bf,50015cb900bf399ef0afc88bb69ea41ebe94de649fcbc8ad2cf654d6e18a03e0,0.09620797634,if6_consensus_when_public_stable_and_legacy_neutral
g6_LC:0001915:86cc8a2d8844,86cc8a2d8844431518cc20648923662407bb66bc90e78340d3acdecc7510874f,0.8070872426,if6_consensus_when_public_stable_and_legacy_neutral
g6_LC:0001916:8f5cd13350d1,8f5cd13350d19b025460763e62214a4bbeb45e058a72bb037baa3bcb9bc34946,0.5880112648,if6_consensus_when_public_stable_and_legacy_neutral
g6_LC:0001917:c1d88668e1ea,c1d88668e1eabfde7e992ed99161075e3ce3e20cea87a087db2a28f92123ed7c,0.06226196513,if6_consensus_when_public_stable_and_legacy_neutral
g6_LC:0001918:15a3bf6fc41c,15a3bf6fc41c4d298768f61175920aba921a92b58bee2a093585453b1c1228be,0.06358668953,if6_consensus_when_public_stable_and_legacy_neutral
g6_LC:0001919:de896152cea1,de896152cea18bf0e5fbe82d1e377db9befc6a863fbfc3bc3dc5ac8395092512,0.7867196202,if6_consensus_when_public_stable_and_legacy_neutral
g6_LC:0001920:4561b8141f1d,4561b8141f1dca5a7a291ac0849d4136df881a76061a9ab02625b2d76236fa46,0.3937737942,if6_consensus_when_public_stable_and_legacy_neutral
g6_LC:0001921:1574b164c4cd,1574b164c4cd315f06c3f5001848068d8f57a4e322519cb2ed988a15706c7883,0.7623779178,if6_consensus_when_public_stable_and_legacy_neutral
g6_LC:0001922:9f7454596eef,9f7454596eefb07cedf9ade0d633c762f8f4694f055d2774cebb6e421f8ff6bc,0.7981453538,if6_consensus_when_public_stable_and_legacy_neutral
g6_LC:0001923:da3930137a5c,da3930137a5c6654524d0c40e37e7c38aa3c5fab871a52cb49795aa6db486c72,0.6870343089,if6_consensus_when_public_stable_and_legacy_neutral
g6_LC:0001924:02925f26da99,02925f26da99d1f448f09a81136ea4777d46f15830a7163075c5b49e1189141f,0.5532372594,if6_consensus_when_public_stable_and_legacy_neutral
g6_LC:0001925:ddf9cbb80ccc,ddf9cbb80cccf34002dacc5de26df2d7138992e4e5f65d194746eba6d29965ef,0.8201689124,if6_consensus_when_public_stable_and_legacy_neutral
g6_LC:0001926:b4715af745be,b4715af745be259ea093635f15911cf06f379c9f62e100a5571ef2257576539e,0.7842357755,if6_consensus_when_public_stable_and_legacy_neutral
g6_LC:0001927:96d0f4454327,96d0f4454327ef3818ace4e0f9a110cf1cc5b636e355b981bca4b85453dc92ef,0.8668653369,if6_consensus_when_public_stable_and_legacy_neutral
g6_LC:0001928:6f7d237a4580,6f7d237a458065a8a825d94e4852c085549d552fabe0d161e6446366cf632a94,0.6953137517,if6_consensus_when_public_stable_and_legacy_neutral
g6_LC:0001929:4f91ba460845,4f91ba460845831bb83906bc19636dd4d5e3321549917974b6276201ebf3a4ce,0.7752938867,if6_consensus_when_public_stable_and_legacy_neutral
g6_LC:0001930:aa385e0c8e5a,aa385e0c8e5ae577f5cb46f2c9dd520b6531ece99cd9374902b1205b80179fac,0.5929789543,if6_consensus_when_public_stable_and_legacy_neutral
g6_LC:0001931:b0433ba267de,b0433ba267dea6137aec70d76267c43563fd92b33863376df3aa0784bd2f2038,0.8504719734,if6_consensus_when_public_stable_and_legacy_neutral
g6_LC:0001932:4a878bd7056b,4a878bd7056b639bb3b5c4835ca395eb1de240e6a87141c88a5a6b85d20b1fbd,0.9132306576,if6_consensus_when_public_stable_and_legacy_neutral
g6_LC:0001933:3ed651aa38df,3ed651aa38df22496916e5f801ab349ae16295a30452499221f89ba19a336e99,0.743997395,if6_consensus_when_public_stable_and_legacy_neutral
g6_LC:0001934:c8adc362abdc,c8adc362abdc86508c33de5703aba77ee0cb47578de44223890fe298089d5fe2,0.9061102867,if6_consensus_when_public_stable_and_legacy_neutral
g6_LC:0001935:2903bda98f43,2903bda98f430abc6029770a590308da2fdcbb3f378ea425c248326759a0f3ff,0.8562676311,if6_consensus_when_public_stable_and_legacy_neutral
g6_LC:0001936:0bb3391e9e46,0bb3391e9e4675a8260b1917bd9ae161739ad89cd994f5ea6b5a664fc2aa2e32,0.5613512397,if6_consensus_when_public_stable_and_legacy_neutral
g6_LC:0001937:5c2348c2c98d,5c2348c2c98d451f9f26250aaac6d34d835f1dd7174e2053db603fc2a9bc9d82,0.6501076221,if6_consensus_when_public_stable_and_legacy_neutral
g6_LC:0001938:9e86a5919669,9e86a5919669cd65e272e63f1e7967267f99ef821fb8bc5277aa898a7bc45bac,0.3677761555,if6_consensus_when_public_stable_and_legacy_neutral
g6_LC:0001939:40875a321a2f,40875a321a2fde868cd53fc31962dcac53092bdce1c95bc4a0e920eb54b836a8,0.2974002361,if6_consensus_when_public_stable_and_legacy_neutral
g6_LC:0001940:ddca0254a1b8,ddca0254a1b883956b895ded9c678c1608e80809f80b9f6ba57a0a70f8edc198,0.07468123734,if6_consensus_when_public_stable_and_legacy_neutral
g6_LC:0001941:e5c02d1dead4,e5c02d1dead4c154f6c376457505e2659cbe862ee81935bf4998a36b6927f42a,0.2341447324,if6_consensus_when_public_stable_and_legacy_neutral
g6_LC:0001942:7ddfbe87fae9,7ddfbe87fae971e333013a3a3e1949e9978e9856bb3f0dab303a91ee1b64a6e9,0.2258652002,if6_consensus_when_public_stable_and_legacy_neutral
g6_LC:0001943:6afd330e1fd3,6afd330e1fd3ab2e96a70ace00a253378d2f5495edb2451b2b0de1c449f74df0,0.1982116252,if6_consensus_when_public_stable_and_legacy_neutral
g6_LC:0001944:3bd92ca372a4,3bd92ca372a42a589f62afb4c6e6be32268cc7aefc3d31e544280aa59e3c75b1,0.09753269702,if6_consensus_when_public_stable_and_legacy_neutral
g6_LC:0001945:95b2993e9601,95b2993e9601a9356a6f8192079ffe6cf555b0a133bffa825e8ab0fee84ce1e6,0.8865706325,if6_consensus_when_public_stable_and_legacy_neutral
g6_LC:0001946:138fb5bbbefa,138fb5bbbefa09b87457e0ba21110b86a8eea8b2dbad164659f4a659aaaf74ef,0.3028647006,if6_consensus_when_public_stable_and_legacy_neutral
g6_LC:0001947:9369f910a777,9369f910a7772e090e270ceb970b63e158b9f3b0c6fc9eb818d97c19e2b5b714,0.9489981532,if6_consensus_when_public_stable_and_legacy_neutral
g6_LC:0001948:ca4f99587d82,ca4f99587d82cb8dfb829c5c69e8daf0a5fed8a4eaa12b39187a18473688ff2a,0.3739029467,if6_consensus_when_public_stable_and_legacy_neutral
g6_LC:0001949:6184844b5ee4,6184844b5ee48fae918e0ee046c2ce1a99045f8e65db2287b11516ae9c73c601,0.1742010117,if6_consensus_when_public_stable_and_legacy_neutral
g6_LC:0001950:f3bcd153915a,f3bcd153915aa2762314aff2bea3084ab32f6e1bd4dbcd867a79c924265827c1,0.1856267452,if6_consensus_when_public_stable_and_legacy_neutral
g6_LC:0001951:ff61c15eba51,ff61c15eba51ab94658e03db3fa8104688fc17c086c740f9964f62b8d429a3f2,0.2930948734,if6_consensus_when_public_stable_and_legacy_neutral
g6_LC:0001952:ed980dea3c2b,ed980dea3c2be88c449432e32983831aaaad58a0d9ea98aeef947cb848d30b7f,0.2589832842,if6_consensus_when_public_stable_and_legacy_neutral
g6_LC:0001953:5df22e5a3ef9,5df22e5a3ef90abca09cb71cf7542353839f4c3344c12e23a4c909a3d91d1c0d,0.1559860855,if6_consensus_when_public_stable_and_legacy_neutral
g6_LC:0001954:56320e7f33ae,56320e7f33aefff52145015aca7a1b14a12067c39e2aa2b0c8eac32914346dee,0.4348402023,if6_consensus_when_public_stable_and_legacy_neutral
g6_LC:0001955:57b5af1d5a4c,57b5af1d5a4cfe0d3ba0b6efa499e79ee8bc4a81ba2225ab0d6d9f77c747af69,0.07766186446,if6_consensus_when_public_stable_and_legacy_neutral
g6_LC:0001956:4bcdb14987d0,4bcdb14987d08d6eb9d1dd6a311561ced5cc45544e98a74a08b7d9dadf4707e7,0.09322735667,if6_consensus_when_public_stable_and_legacy_neutral
g6_LC:0001957:f9454c6f74d8,f9454c6f74d86235289065e954c110957a41eca5a1bda218084244f906d1e753,0.8719987273,if6_consensus_when_public_stable_and_legacy_neutral
g6_LC:0001958:8fb6da0a2de3,8fb6da0a2de3b29ec2e423453f7b47e6b8e4a08c397ca7f1121b89fcb8c7dcf2,0.6865375042,if6_consensus_when_public_stable_and_legacy_neutral
g6_LC:0001959:18f4618007fb,18f4618007fbcf3cc852f89fff2dd28385a9510a432509810b348cd08eb650eb,0.9468455315,if6_consensus_when_public_stable_and_legacy_neutral
g6_LC:0001960:d1578195cc19,d1578195cc19ce248a9fd0d913e1186557868b25f92d570202daacc7bd6074f1,0.7789369226,if6_consensus_when_public_stable_and_legacy_neutral
g6_LC:0001961:3c3ee46adb38,3c3ee46adb3865798592d3014882a404429e7956e424de875f344f24df10c567,0.8082464337,if6_consensus_when_public_stable_and_legacy_neutral
g6_LC:0001962:26974a3952ea,26974a3952ea11fcbf5342fc3e5ec7d073b9dbf023f6002f314d7d8203affe85,0.7661864161,if6_consensus_when_public_stable_and_legacy_neutral
g6_LC:0001963:446a415bd3ea,446a415bd3eafd40b8f95ecb34e2ff79bca6c13d1fcc52f4a316e82a3f6a3c1f,0.835403204,if6_consensus_when_public_stable_and_legacy_neutral
g6_LC:0001964:a22c3c93d7e4,a22c3c93d7e4b34e961f5b58221da79132e9026e4bbbceb7d9bb12129e2adb6f,0.7908594012,if6_consensus_when_public_stable_and_legacy_neutral
g6_LC:0001965:153d372b2ce4,153d372b2ce4e5881815dcd2e5256e785d402e02f6d459a02e7b3df39186e45a,0.8587514758,if6_consensus_when_public_stable_and_legacy_neutral
g6_LC:0001966:7e5a8f17a59f,7e5a8f17a59f40367a290df2b2b987ee507ebe288ebd0e1ab2d1fe787403e04a,0.7943367958,if6_consensus_when_public_stable_and_legacy_neutral
g6_LC:0001967:ddb6733ee205,ddb6733ee20554e6d957fdb456f36884c5ca9f1f6903ef3cdf8883c14b27ff82,0.9137274623,if6_consensus_when_public_stable_and_legacy_neutral
g6_LC:0001968:e70e9ff87f20,e70e9ff87f207457782727f2cd73f26b7f10faf0fd0ca592e70552c5da0117dc,0.4565325677,if6_consensus_when_public_stable_and_legacy_neutral
g6_LC:0001969:711bb6827b91,711bb6827b91b48f8586ae754c92e5453afe8aa63edfa539fd152a0f171077f1,0.9042887688,if6_consensus_when_public_stable_and_legacy_neutral
g6_LC:0001970:b4256b5d12ef,b4256b5d12ef24a5b759511fb8b96c14f72451071c815635485840c5f8082973,0.8349063993,if6_consensus_when_public_stable_and_legacy_neutral
g6_LC:0001971:b43d926db772,b43d926db77249cc352787edaed9834568887844f35f83deaf30c78f9bf9374a,0.9557873607,if6_consensus_when_public_stable_and_legacy_neutral
g6_LC:0001972:94491037fbaa,94491037fbaa8c4505d737572bcf831bf2d13b5831ebcaba5adc73adf7f9543f,0.957940042,if6_consensus_when_public_stable_and_legacy_neutral
g6_LC:0001973:33b5b09f40a2,33b5b09f40a217cebbf0c775d3ad685d0cae384b41e88ac0d14cb1acd2a677d6,0.9046199918,if6_consensus_when_public_stable_and_legacy_neutral
g6_LC:0001974:454f3418fbee,454f3418fbee42398ca02770184bde89fb0e387bf0e177474f40b75af02dc153,0.6794171333,if6_consensus_when_public_stable_and_legacy_neutral
g6_LC:0001975:42dfe3f747f6,42dfe3f747f62db70484c01310cc0ac94b5ca17dfb277b08f6a49422cb7faa0c,0.7319092751,if6_consensus_when_public_stable_and_legacy_neutral
g6_LC:0001976:b9534c04d07d,b9534c04d07d9eb637bd83d350e444fb09cda5bc3b9b7320b304e6182e7bb205,0.5081967115,if6_consensus_when_public_stable_and_legacy_neutral
g6_LC:0001977:4c1c5f7760a7,4c1c5f7760a75205539583cfde995b916dd2cd331ab330d5f7853cbd116ab2a9,0.486338824,if6_consensus_when_public_stable_and_legacy_neutral
g6_LC:0001978:71ea1c195bab,71ea1c195bab73517ac026a87642f72d453aea61c90a7fa14c8ef89b8ddb4973,0.2854777277,if6_consensus_when_public_stable_and_legacy_neutral
g6_LC:0001979:9d00fb49264d,9d00fb49264d932c24ac7fd826fd78a3539dcebc631dd5872f4288474121fa2c,0.4085113108,if6_consensus_when_public_stable_and_legacy_neutral
g6_LC:0001980:48dd330f0088,48dd330f0088935f0b6cc4014a9a1088024f493e7c1265fde76c6465b251f790,0.4411326349,if6_consensus_when_public_stable_and_legacy_neutral
g6_LC:0001981:c4910629c52a,c4910629c52ab0190265ebc8cd434d098b726d89b29af113ac474fffde09feba,0.3407849073,if6_consensus_when_public_stable_and_legacy_neutral
g6_LC:0001982:353c9417c1fc,353c9417c1fc05c2e2fcb50ce178b24e8ef7d1a56db7d568b40a8370927e32c5,0.3055141568,if6_consensus_when_public_stable_and_legacy_neutral
g6_LC:0001983:3ceb4a77a213,3ceb4a77a21370da37caefce24449dfa296cc4d99e6159d247960ac24c44da30,0.4870011806,if6_consensus_when_public_stable_and_legacy_neutral
g6_LC:0001984:8696a64cd1f6,8696a64cd1f6052fb27a7bb869b2e03bcd7e24dd496244dbe6bd4c19c73f1cb7,0.6665011048,if6_consensus_when_public_stable_and_legacy_neutral
g6_LC:0001985:db9219e2e1f5,db9219e2e1f5dfc1d51e816be26f6f41684caf097bc786860330396473861c3b,0.5080311298,if6_consensus_when_public_stable_and_legacy_neutral
g6_LC:0001986:7626405dfed3,7626405dfed333c2de6b0efc06b14e88d12f34a09d1ec2a139684dfcf0c08cc5,0.508859098,if6_consensus_when_public_stable_and_legacy_neutral
g6_LC:0001987:709f08beced7,709f08beced7b223ad5fc0f2da4eacbc2252143e001c26683e11f3e170a2bf92,0.3532041609,if6_consensus_when_public_stable_and_legacy_neutral
g6_LC:0001988:7d868d1df722,7d868d1df722ffe6406bcba5790c9c4eceff5c5b73f477e539249453b0b1c21a,0.4611690938,if6_consensus_when_public_stable_and_legacy_neutral
g6_LC:0001989:40d404dfb942,40d404dfb9429ef5de6a2d75c39df4607688cc818e99831f2d256e10de573007,0.55936414,if6_consensus_when_public_stable_and_legacy_neutral
g6_LC:0001990:ddbe1e57bc72,ddbe1e57bc723401babb286dc9c1b5c840ce2d4b2571762a16febe3f4e327b08,0.4744162858,if6_consensus_when_public_stable_and_legacy_neutral
g6_LC:0001991:4fb89eda91ff,4fb89eda91ff5794e4bd45d2f0f450e0e91cb4cea44a87f5cc3d8e313ba5346d,0.6620301604,if6_consensus_when_public_stable_and_legacy_neutral
g6_LC:0001992:f0f0519085ae,f0f0519085ae10ee136c5a35ecaf46ab93210082b0d1b9555f683ca284429f2e,0.9554561973,if6_consensus_when_public_stable_and_legacy_neutral
g6_LC:0001993:ee37d10fffa1,ee37d10fffa17a4204c775a6f8f0ec50c2d521ad21e341fcd4c131c0bd86ad84,0.2841530144,if6_consensus_when_public_stable_and_legacy_neutral
g6_LC:0001994:9909a06d2e8a,9909a06d2e8af7a5ea2e41ab2faf127049375f5a567a70e306ff73cbacb1dfc6,0.2680907547,if6_consensus_when_public_stable_and_legacy_neutral
g6_LC:0001995:3116bc427215,3116bc42721531ac443c9db670660230737f16a62020599fbae4957f80100387,0.9450240135,if6_consensus_when_public_stable_and_legacy_neutral
g6_LC:0001996:095ab8255589,095ab825558956ddf1e8c4c7ca385c2ce5921886e0eb12aabdff042edde1e9e3,0.5560523272,if6_consensus_when_public_stable_and_legacy_neutral
g6_LC:0001997:d5e9f7715141,d5e9f77151418e852f23a7f17483319e5a6360e87275dfa74016c525d94ca9d7,0.8411988616,if6_consensus_when_public_stable_and_legacy_neutral
g6_LC:0001998:a77b9df07478,a77b9df07478c56bc6c8390005dc1185f3878911217c2e19c73af7351e653c67,0.8791190982,if6_consensus_when_public_stable_and_legacy_neutral
g6_LC:0001999:f5327ade28a5,f5327ade28a5fa1f1e839eb8a57919f7f2c038d5f7c4069cf83dd931d749a353,0.6843848228,if6_consensus_when_public_stable_and_legacy_neutral
g6_LC:0002000:4ee7ce952c2b,4ee7ce952c2b2fc530ab6613ed23bd264deb45cfd2a54336e7e87fc738b1a957,0.7910249829,if6_consensus_when_public_stable_and_legacy_neutral
g6_LC:0002001:941caacf3e95,941caacf3e95a1c53c86e90af3e2885a2482d268926064222521b13e9f4d7883,0.7011094689,if6_consensus_when_public_stable_and_legacy_neutral
g6_LC:0002002:f4c25598ab51,f4c25598ab5157dabaf8b7717fc4222cff29798ce87eed2dfe5bc92e11af67b5,0.653419435,if6_consensus_when_public_stable_and_legacy_neutral
g6_LC:0002003:dfa144b24373,dfa144b2437316c6e7f0b83f8b2b6c01af1cee5e2c1dd59ee9c82f06fb57b499,0.8643815517,if6_consensus_when_public_stable_and_legacy_neutral
g6_LC:0002004:8d0febec603e,8d0febec603e53313ddcc77bd9bb316f271f361f0e17e9eb4ed8bb6cc9886657,0.6628580689,if6_consensus_when_public_stable_and_legacy_neutral
g6_LC:0002005:e9ee9598231a,e9ee9598231a825c2ceec84a3d7ef7180dbd23eb06d567af163a8f3f956433c9,0.7963239551,if6_consensus_when_public_stable_and_legacy_neutral
g6_LC:0002006:7c2e459af7b0,7c2e459af7b019295f210c9f1e573bc7862bbc32011043db83a68d1a789eced9,0.4020533562,if6_consensus_when_public_stable_and_legacy_neutral
g6_LC:0002007:dc2349992d04,dc2349992d04d0083a994adb574b3d9a360cc00a146bb9e7da3c30d4d5920355,0.8562676311,if6_consensus_when_public_stable_and_legacy_neutral
g6_LC:0002008:d1a35e72c64c,d1a35e72c64c8b3c80e211b486639451661b941b28dec616ebfb06d9233b0cc5,0.8700116277,if6_consensus_when_public_stable_and_legacy_neutral
g6_LC:0002009:87ce9519f8a1,87ce9519f8a17ede24d49e8208f0f57f46c08b24f0aff892c0a47b93e0bde689,0.861897707,if6_consensus_when_public_stable_and_legacy_neutral
g6_LC:0002010:19c5352a2f24,19c5352a2f244dda088bb2af856fcc9598c6f22e7e533b99fe3795df6313268d,0.7004470825,if6_consensus_when_public_stable_and_legacy_neutral
g6_LC:0002011:491c269bde97,491c269bde974b283ea83ffba96f4f85a214c2f0dad8662eab4266b790e0a4d9,0.655572176,if6_consensus_when_public_stable_and_legacy_neutral
g6_LC:0002012:479db4ddec09,479db4ddec0931ad8e84ff70fcb64b82acb4ed90f39eecf86a2842ad4938cec7,0.6032455564,if6_consensus_when_public_stable_and_legacy_neutral
g6_LC:0002013:5fc361413a9d,5fc361413a9db05763f965c11aaa7e28410a73cfbecc557d4fa748cad067f027,0.6247723103,if6_consensus_when_public_stable_and_legacy_neutral
